fusion,dataset,test_set,dev_set,arch,use_pretrained,augmentation,speech_encoder_arch,lr,wd,batch_size,epoch,train_loss,dev_loss_patient,dev_loss_cough,dev_acc,dev_auc,test_loss_patient,test_loss_cough,test_acc,test_auc,is_best
early,cage,0,1,resnet,True,none,lr,0.0001,0.0001,32,1,0.7185,0.6590,0.6937,0.6279,0.6706,nan,nan,nan,nan,0
early,cage,0,1,resnet,True,none,lr,0.0001,0.0001,32,2,0.6167,0.7042,0.8304,0.4651,0.5437,nan,nan,nan,nan,0
early,cage,0,1,resnet,True,none,lr,0.0001,0.0001,32,3,0.5273,0.6932,0.6815,0.7209,0.6389,nan,nan,nan,nan,0
early,cage,0,1,resnet,True,none,lr,0.0001,0.0001,32,4,0.4090,0.7963,0.8577,0.7209,0.6111,nan,nan,nan,nan,0
early,cage,0,1,resnet,True,none,lr,0.0001,0.0001,32,5,0.3251,0.6725,0.8894,0.6977,0.7183,nan,nan,nan,nan,1
early,cage,0,1,resnet,True,none,lr,0.0001,0.0001,32,6,0.2387,0.9467,0.8331,0.8605,0.7421,nan,nan,nan,nan,1
early,cage,0,1,resnet,True,none,lr,0.0001,0.0001,32,7,0.1853,1.1182,1.1165,0.7907,0.6230,nan,nan,nan,nan,1
early,cage,0,1,resnet,True,none,lr,0.0001,0.0001,32,8,0.1241,1.4523,1.1764,0.7907,0.6667,nan,nan,nan,nan,1
early,cage,0,1,resnet,True,none,lr,0.0001,0.0001,32,9,0.1192,1.3392,1.0847,0.8140,0.6190,nan,nan,nan,nan,0
early,cage,0,1,resnet,True,none,lr,0.0001,0.0001,32,10,0.0775,1.4649,1.2015,0.8140,0.7579,1.6341,1.5880,0.7907,0.6349,1
early,cage,0,1,resnet,True,none,lr,0.0001,0.0001,32,11,0.0789,1.3239,1.2897,0.7674,0.6786,nan,nan,nan,nan,0
early,cage,0,1,resnet,True,none,lr,0.0001,0.0001,32,12,0.0592,1.9322,1.3736,0.8372,0.6905,nan,nan,nan,nan,0
early,cage,0,1,resnet,True,none,lr,0.0001,0.0001,32,13,0.0429,2.2755,1.5017,0.8140,0.6389,nan,nan,nan,nan,0
early,cage,0,1,resnet,True,none,lr,0.0001,0.0001,32,14,0.0574,1.8867,1.7044,0.7907,0.6429,nan,nan,nan,nan,0
early,cage,0,1,resnet,True,none,lr,0.0001,0.0001,32,15,0.0704,1.6737,1.3924,0.8140,0.6746,nan,nan,nan,nan,0
early,cage,0,1,resnet,True,none,lr,0.0001,0.0001,32,16,0.0631,2.3953,1.6873,0.8372,0.6667,nan,nan,nan,nan,0
early,cage,0,2,resnet,True,none,lr,0.0001,0.0001,32,1,0.7199,0.6497,0.6657,0.6905,0.7022,nan,nan,nan,nan,0
early,cage,0,2,resnet,True,none,lr,0.0001,0.0001,32,2,0.6299,0.7587,0.7093,0.7619,0.5368,nan,nan,nan,nan,0
early,cage,0,2,resnet,True,none,lr,0.0001,0.0001,32,3,0.5332,0.6722,0.7345,0.7143,0.6875,nan,nan,nan,nan,0
early,cage,0,2,resnet,True,none,lr,0.0001,0.0001,32,4,0.4130,0.6788,0.8163,0.8095,0.7463,nan,nan,nan,nan,0
early,cage,0,2,resnet,True,none,lr,0.0001,0.0001,32,5,0.3145,0.8020,0.9536,0.7143,0.7206,nan,nan,nan,nan,1
early,cage,0,2,resnet,True,none,lr,0.0001,0.0001,32,6,0.2377,0.9559,1.0002,0.8333,0.7941,nan,nan,nan,nan,1
early,cage,0,2,resnet,True,none,lr,0.0001,0.0001,32,7,0.1862,1.1328,1.1512,0.8333,0.6912,1.3211,1.2243,0.7907,0.5992,1
early,cage,0,2,resnet,True,none,lr,0.0001,0.0001,32,8,0.1326,1.6760,1.4108,0.7619,0.5846,nan,nan,nan,nan,0
early,cage,0,2,resnet,True,none,lr,0.0001,0.0001,32,9,0.1297,0.9795,1.5929,0.5952,0.6140,nan,nan,nan,nan,0
early,cage,0,2,resnet,True,none,lr,0.0001,0.0001,32,10,0.1084,1.4556,1.4059,0.7857,0.6360,nan,nan,nan,nan,0
early,cage,0,2,resnet,True,none,lr,0.0001,0.0001,32,11,0.0835,1.9440,1.5110,0.7857,0.6801,nan,nan,nan,nan,0
early,cage,0,2,resnet,True,none,lr,0.0001,0.0001,32,12,0.0519,1.6287,1.3851,0.7619,0.6838,nan,nan,nan,nan,0
early,cage,0,2,resnet,True,none,lr,0.0001,0.0001,32,13,0.0482,2.3046,1.6776,0.8095,0.6654,nan,nan,nan,nan,0
early,cage,0,2,resnet,True,none,lr,0.0001,0.0001,32,14,0.0383,2.1471,1.7486,0.8095,0.5699,nan,nan,nan,nan,0
early,cage,0,2,resnet,True,none,lr,0.0001,0.0001,32,15,0.1116,1.7302,1.4443,0.7857,0.7574,nan,nan,nan,nan,0
early,cage,0,2,resnet,True,none,lr,0.0001,0.0001,32,16,0.0572,2.1306,1.6389,0.8095,0.6434,nan,nan,nan,nan,0
early,cage,0,3,resnet,True,none,lr,0.0001,0.0001,32,1,0.7133,0.7047,0.7347,0.5238,0.5510,nan,nan,nan,nan,0
early,cage,0,3,resnet,True,none,lr,0.0001,0.0001,32,2,0.6166,0.6871,0.6966,0.5952,0.5796,nan,nan,nan,nan,0
early,cage,0,3,resnet,True,none,lr,0.0001,0.0001,32,3,0.5279,0.7060,0.7302,0.7857,0.5714,nan,nan,nan,nan,0
early,cage,0,3,resnet,True,none,lr,0.0001,0.0001,32,4,0.3926,0.6199,0.8450,0.7857,0.7592,nan,nan,nan,nan,0
early,cage,0,3,resnet,True,none,lr,0.0001,0.0001,32,5,0.3133,0.8547,0.9938,0.7381,0.5959,nan,nan,nan,nan,1
early,cage,0,3,resnet,True,none,lr,0.0001,0.0001,32,6,0.2230,1.0741,1.1420,0.7857,0.6082,nan,nan,nan,nan,1
early,cage,0,3,resnet,True,none,lr,0.0001,0.0001,32,7,0.1745,1.4671,1.2553,0.8333,0.5878,nan,nan,nan,nan,0
early,cage,0,3,resnet,True,none,lr,0.0001,0.0001,32,8,0.1175,1.2635,1.1863,0.8333,0.6571,nan,nan,nan,nan,1
early,cage,0,3,resnet,True,none,lr,0.0001,0.0001,32,9,0.1363,1.2041,1.2489,0.7619,0.6694,nan,nan,nan,nan,0
early,cage,0,3,resnet,True,none,lr,0.0001,0.0001,32,10,0.0930,2.0022,1.4058,0.8333,0.6653,nan,nan,nan,nan,0
early,cage,0,3,resnet,True,none,lr,0.0001,0.0001,32,11,0.1019,1.2323,1.6185,0.8095,0.6531,nan,nan,nan,nan,0
early,cage,0,3,resnet,True,none,lr,0.0001,0.0001,32,12,0.0863,2.0584,1.6395,0.8333,0.5959,nan,nan,nan,nan,1
early,cage,0,3,resnet,True,none,lr,0.0001,0.0001,32,13,0.0586,2.3243,1.6827,0.8333,0.6531,nan,nan,nan,nan,0
early,cage,0,3,resnet,True,none,lr,0.0001,0.0001,32,14,0.0715,2.1485,1.6243,0.8333,0.6653,nan,nan,nan,nan,0
early,cage,0,3,resnet,True,none,lr,0.0001,0.0001,32,15,0.0422,1.5782,1.6153,0.7857,0.6612,nan,nan,nan,nan,0
early,cage,0,3,resnet,True,none,lr,0.0001,0.0001,32,16,0.0615,2.0184,1.6865,0.8333,0.6857,nan,nan,nan,nan,0
early,cage,0,3,resnet,True,none,lr,0.0001,0.0001,32,17,0.0342,2.1229,1.6183,0.8333,0.6367,1.7987,1.5974,0.7907,0.7976,1
early,cage,0,3,resnet,True,none,lr,0.0001,0.0001,32,18,0.0329,2.6099,1.8499,0.8333,0.5673,nan,nan,nan,nan,0
early,cage,0,3,resnet,True,none,lr,0.0001,0.0001,32,19,0.0309,2.9092,2.0274,0.8333,0.6531,nan,nan,nan,nan,0
early,cage,0,3,resnet,True,none,lr,0.0001,0.0001,32,20,0.0581,1.3041,1.4906,0.8095,0.6327,nan,nan,nan,nan,0
early,cage,0,3,resnet,True,none,lr,0.0001,0.0001,32,21,0.0457,3.4184,2.2783,0.8333,0.6000,nan,nan,nan,nan,0
early,cage,0,3,resnet,True,none,lr,0.0001,0.0001,32,22,0.0504,2.2767,1.8009,0.8333,0.6245,nan,nan,nan,nan,0
early,cage,0,4,resnet,True,none,lr,0.0001,0.0001,32,1,0.7159,0.6725,0.7002,0.3488,0.6214,nan,nan,nan,nan,0
early,cage,0,4,resnet,True,none,lr,0.0001,0.0001,32,2,0.6346,0.6444,0.7495,0.4884,0.6357,nan,nan,nan,nan,0
early,cage,0,4,resnet,True,none,lr,0.0001,0.0001,32,3,0.5454,0.6045,0.6243,0.6279,0.7536,nan,nan,nan,nan,0
early,cage,0,4,resnet,True,none,lr,0.0001,0.0001,32,4,0.4157,0.6748,0.8479,0.6512,0.6821,nan,nan,nan,nan,0
early,cage,0,4,resnet,True,none,lr,0.0001,0.0001,32,5,0.3444,0.6972,0.8250,0.6744,0.6607,nan,nan,nan,nan,1
early,cage,0,4,resnet,True,none,lr,0.0001,0.0001,32,6,0.2420,1.1022,1.0266,0.8372,0.6679,nan,nan,nan,nan,1
early,cage,0,4,resnet,True,none,lr,0.0001,0.0001,32,7,0.1970,1.0030,1.1504,0.8372,0.7929,nan,nan,nan,nan,1
early,cage,0,4,resnet,True,none,lr,0.0001,0.0001,32,8,0.1420,1.0062,1.2090,0.8837,0.7214,nan,nan,nan,nan,0
early,cage,0,4,resnet,True,none,lr,0.0001,0.0001,32,9,0.1093,2.0619,1.6103,0.7907,0.6500,nan,nan,nan,nan,0
early,cage,0,4,resnet,True,none,lr,0.0001,0.0001,32,10,0.0972,1.7757,1.5640,0.8372,0.7214,nan,nan,nan,nan,0
early,cage,0,4,resnet,True,none,lr,0.0001,0.0001,32,11,0.1018,1.3996,1.5197,0.8140,0.6857,nan,nan,nan,nan,0
early,cage,0,4,resnet,True,none,lr,0.0001,0.0001,32,12,0.0636,1.5791,1.4981,0.8140,0.7286,nan,nan,nan,nan,0
early,cage,0,4,resnet,True,none,lr,0.0001,0.0001,32,13,0.0465,1.1999,1.6056,0.8372,0.7393,nan,nan,nan,nan,0
early,cage,0,4,resnet,True,none,lr,0.0001,0.0001,32,14,0.0495,2.2333,1.8672,0.8372,0.6786,nan,nan,nan,nan,0
early,cage,0,4,resnet,True,none,lr,0.0001,0.0001,32,15,0.0602,2.4720,2.0088,0.8140,0.7929,nan,nan,nan,nan,1
early,cage,0,4,resnet,True,none,lr,0.0001,0.0001,32,16,0.0516,1.3280,1.5398,0.8140,0.8000,nan,nan,nan,nan,1
early,cage,0,4,resnet,True,none,lr,0.0001,0.0001,32,17,0.0493,0.9150,1.5108,0.9070,0.7786,1.9091,1.9526,0.8140,0.4921,1
early,cage,0,4,resnet,True,none,lr,0.0001,0.0001,32,18,0.0725,2.1789,2.1469,0.8372,0.6750,nan,nan,nan,nan,0
early,cage,0,4,resnet,True,none,lr,0.0001,0.0001,32,19,0.0606,2.1540,1.9624,0.8372,0.7179,nan,nan,nan,nan,0
early,cage,0,4,resnet,True,none,lr,0.0001,0.0001,32,20,0.0238,2.1684,1.9924,0.8140,0.8071,nan,nan,nan,nan,0
early,cage,0,4,resnet,True,none,lr,0.0001,0.0001,32,21,0.0231,2.3397,2.1341,0.8140,0.7964,nan,nan,nan,nan,0
early,cage,0,4,resnet,True,none,lr,0.0001,0.0001,32,22,0.0328,2.7470,2.3389,0.8140,0.7143,nan,nan,nan,nan,0
early,cage,0,5,resnet,True,none,lr,0.0001,0.0001,32,1,0.7157,0.7154,0.8287,0.3000,0.4695,nan,nan,nan,nan,0
early,cage,0,5,resnet,True,none,lr,0.0001,0.0001,32,2,0.6092,0.8452,0.7734,0.6500,0.4588,nan,nan,nan,nan,0
early,cage,0,5,resnet,True,none,lr,0.0001,0.0001,32,3,0.4976,0.9994,0.8559,0.6250,0.4982,nan,nan,nan,nan,0
early,cage,0,5,resnet,True,none,lr,0.0001,0.0001,32,4,0.4051,1.5118,1.1494,0.7750,0.3799,nan,nan,nan,nan,0
early,cage,0,5,resnet,True,none,lr,0.0001,0.0001,32,5,0.2901,1.9163,1.4636,0.7000,0.4337,nan,nan,nan,nan,1
early,cage,0,5,resnet,True,none,lr,0.0001,0.0001,32,6,0.2280,1.8485,1.4695,0.7000,0.4946,1.2491,1.1139,0.8140,0.6190,1
early,cage,0,5,resnet,True,none,lr,0.0001,0.0001,32,7,0.1785,2.4047,1.7602,0.7750,0.4480,nan,nan,nan,nan,0
early,cage,0,5,resnet,True,none,lr,0.0001,0.0001,32,8,0.1433,3.1390,2.2157,0.7750,0.3835,nan,nan,nan,nan,0
early,cage,0,5,resnet,True,none,lr,0.0001,0.0001,32,9,0.0924,2.7682,1.9622,0.7500,0.4373,nan,nan,nan,nan,0
early,cage,0,5,resnet,True,none,lr,0.0001,0.0001,32,10,0.0733,3.3058,2.2176,0.7750,0.4659,nan,nan,nan,nan,0
early,cage,0,5,resnet,True,none,lr,0.0001,0.0001,32,11,0.1123,3.4707,2.3074,0.7750,0.3907,nan,nan,nan,nan,0
early,cage,0,5,resnet,True,none,lr,0.0001,0.0001,32,12,0.0612,3.1502,2.2555,0.7000,0.4767,nan,nan,nan,nan,0
early,cage,0,5,resnet,True,none,lr,0.0001,0.0001,32,13,0.0573,3.7108,2.6077,0.7500,0.4086,nan,nan,nan,nan,0
early,cage,0,5,resnet,True,none,lr,0.0001,0.0001,32,14,0.0422,3.0711,2.1983,0.7250,0.4480,nan,nan,nan,nan,0
early,cage,0,5,resnet,True,none,lr,0.0001,0.0001,32,15,0.0484,4.0544,2.6706,0.8000,0.4337,nan,nan,nan,nan,0
early,cage,0,5,resnet,True,none,lr,0.0001,0.0001,32,16,0.0458,4.6069,2.9400,0.7750,0.4301,nan,nan,nan,nan,0
early,cage,0,6,resnet,True,none,lr,0.0001,0.0001,32,1,0.7149,0.6966,0.6547,0.7317,0.5619,nan,nan,nan,nan,0
early,cage,0,6,resnet,True,none,lr,0.0001,0.0001,32,2,0.6222,0.7492,0.6838,0.7805,0.5286,nan,nan,nan,nan,0
early,cage,0,6,resnet,True,none,lr,0.0001,0.0001,32,3,0.5290,0.6110,0.6815,0.6829,0.7095,nan,nan,nan,nan,0
early,cage,0,6,resnet,True,none,lr,0.0001,0.0001,32,4,0.4199,1.0308,1.1374,0.6829,0.4714,nan,nan,nan,nan,0
early,cage,0,6,resnet,True,none,lr,0.0001,0.0001,32,5,0.3164,0.9315,1.1195,0.6585,0.4714,nan,nan,nan,nan,1
early,cage,0,6,resnet,True,none,lr,0.0001,0.0001,32,6,0.2321,1.3263,1.1239,0.8293,0.5381,nan,nan,nan,nan,0
early,cage,0,6,resnet,True,none,lr,0.0001,0.0001,32,7,0.1820,1.1247,1.0925,0.7805,0.5905,0.8256,1.0543,0.8140,0.6905,1
early,cage,0,6,resnet,True,none,lr,0.0001,0.0001,32,8,0.1559,1.5577,1.2821,0.8293,0.5667,nan,nan,nan,nan,0
early,cage,0,6,resnet,True,none,lr,0.0001,0.0001,32,9,0.1057,1.7461,1.3822,0.8537,0.5524,nan,nan,nan,nan,0
early,cage,0,6,resnet,True,none,lr,0.0001,0.0001,32,10,0.0903,2.3605,1.7976,0.8293,0.3952,nan,nan,nan,nan,0
early,cage,0,6,resnet,True,none,lr,0.0001,0.0001,32,11,0.1013,2.5215,1.7322,0.8537,0.5429,nan,nan,nan,nan,0
early,cage,0,6,resnet,True,none,lr,0.0001,0.0001,32,12,0.0672,3.1106,2.1639,0.8537,0.3857,nan,nan,nan,nan,0
early,cage,0,6,resnet,True,none,lr,0.0001,0.0001,32,13,0.0598,2.2281,1.7815,0.8293,0.5571,nan,nan,nan,nan,0
early,cage,0,6,resnet,True,none,lr,0.0001,0.0001,32,14,0.0409,2.2289,1.8260,0.8537,0.5238,nan,nan,nan,nan,0
early,cage,0,6,resnet,True,none,lr,0.0001,0.0001,32,15,0.0399,3.1488,2.2733,0.8537,0.5143,nan,nan,nan,nan,0
early,cage,0,6,resnet,True,none,lr,0.0001,0.0001,32,16,0.0708,2.3839,1.8938,0.8537,0.5810,nan,nan,nan,nan,0
early,cage,0,7,resnet,True,none,lr,0.0001,0.0001,32,1,0.7186,0.6819,0.6883,0.6364,0.5972,nan,nan,nan,nan,0
early,cage,0,7,resnet,True,none,lr,0.0001,0.0001,32,2,0.6214,0.7496,0.6739,0.7273,0.5694,nan,nan,nan,nan,0
early,cage,0,7,resnet,True,none,lr,0.0001,0.0001,32,3,0.5191,0.7259,0.8438,0.6364,0.5208,nan,nan,nan,nan,0
early,cage,0,7,resnet,True,none,lr,0.0001,0.0001,32,4,0.4038,0.9416,0.7657,0.7955,0.6250,nan,nan,nan,nan,0
early,cage,0,7,resnet,True,none,lr,0.0001,0.0001,32,5,0.3288,1.2467,0.9491,0.7955,0.5799,nan,nan,nan,nan,1
early,cage,0,7,resnet,True,none,lr,0.0001,0.0001,32,6,0.2442,1.4589,1.0407,0.8409,0.5556,nan,nan,nan,nan,0
early,cage,0,7,resnet,True,none,lr,0.0001,0.0001,32,7,0.1554,1.4963,1.1154,0.7955,0.5868,nan,nan,nan,nan,0
early,cage,0,7,resnet,True,none,lr,0.0001,0.0001,32,8,0.1324,1.6706,1.2135,0.7955,0.6181,1.4712,1.2895,0.8140,0.6865,1
early,cage,0,7,resnet,True,none,lr,0.0001,0.0001,32,9,0.1198,2.1439,1.4393,0.8182,0.6389,nan,nan,nan,nan,0
early,cage,0,7,resnet,True,none,lr,0.0001,0.0001,32,10,0.0990,1.6673,1.2138,0.8182,0.5590,nan,nan,nan,nan,0
early,cage,0,7,resnet,True,none,lr,0.0001,0.0001,32,11,0.0813,2.3916,1.5356,0.8409,0.5174,nan,nan,nan,nan,0
early,cage,0,7,resnet,True,none,lr,0.0001,0.0001,32,12,0.0438,1.9199,1.3527,0.8409,0.6146,nan,nan,nan,nan,0
early,cage,0,7,resnet,True,none,lr,0.0001,0.0001,32,13,0.0589,2.2876,1.4807,0.8182,0.5590,nan,nan,nan,nan,0
early,cage,0,7,resnet,True,none,lr,0.0001,0.0001,32,14,0.0563,1.4708,1.3446,0.8182,0.6771,nan,nan,nan,nan,0
early,cage,0,7,resnet,True,none,lr,0.0001,0.0001,32,15,0.0678,2.5356,1.6777,0.7955,0.6076,nan,nan,nan,nan,0
early,cage,0,7,resnet,True,none,lr,0.0001,0.0001,32,16,0.0811,3.7405,2.2723,0.8182,0.5278,nan,nan,nan,nan,0
early,cage,0,8,resnet,True,none,lr,0.0001,0.0001,32,1,0.7022,0.7217,0.6393,0.7660,0.5641,nan,nan,nan,nan,0
early,cage,0,8,resnet,True,none,lr,0.0001,0.0001,32,2,0.6286,0.7550,0.6403,0.7021,0.5897,nan,nan,nan,nan,0
early,cage,0,8,resnet,True,none,lr,0.0001,0.0001,32,3,0.5491,0.6797,0.7404,0.7021,0.6603,nan,nan,nan,nan,0
early,cage,0,8,resnet,True,none,lr,0.0001,0.0001,32,4,0.4210,1.1111,0.9476,0.7660,0.4679,nan,nan,nan,nan,0
early,cage,0,8,resnet,True,none,lr,0.0001,0.0001,32,5,0.3031,0.9233,0.8615,0.7872,0.6987,nan,nan,nan,nan,1
early,cage,0,8,resnet,True,none,lr,0.0001,0.0001,32,6,0.2352,1.6341,1.0945,0.8085,0.5769,nan,nan,nan,nan,0
early,cage,0,8,resnet,True,none,lr,0.0001,0.0001,32,7,0.1910,1.4392,1.1152,0.8085,0.6186,nan,nan,nan,nan,1
early,cage,0,8,resnet,True,none,lr,0.0001,0.0001,32,8,0.1334,1.8214,1.1928,0.8085,0.6410,nan,nan,nan,nan,0
early,cage,0,8,resnet,True,none,lr,0.0001,0.0001,32,9,0.0930,2.0897,1.4310,0.8085,0.6763,nan,nan,nan,nan,1
early,cage,0,8,resnet,True,none,lr,0.0001,0.0001,32,10,0.0982,1.5823,1.3555,0.7660,0.6058,nan,nan,nan,nan,0
early,cage,0,8,resnet,True,none,lr,0.0001,0.0001,32,11,0.1109,1.6691,1.2591,0.7872,0.7083,nan,nan,nan,nan,1
early,cage,0,8,resnet,True,none,lr,0.0001,0.0001,32,12,0.0739,2.0600,1.5576,0.7660,0.5994,nan,nan,nan,nan,0
early,cage,0,8,resnet,True,none,lr,0.0001,0.0001,32,13,0.0454,2.1948,1.4574,0.8085,0.6827,nan,nan,nan,nan,0
early,cage,0,8,resnet,True,none,lr,0.0001,0.0001,32,14,0.0538,2.6858,1.7254,0.8298,0.6923,2.1591,1.6996,0.8372,0.7262,1
early,cage,0,8,resnet,True,none,lr,0.0001,0.0001,32,15,0.0854,1.8136,1.5607,0.6809,0.5545,nan,nan,nan,nan,0
early,cage,0,8,resnet,True,none,lr,0.0001,0.0001,32,16,0.0696,2.7198,1.9094,0.7872,0.6378,nan,nan,nan,nan,0
early,cage,0,8,resnet,True,none,lr,0.0001,0.0001,32,17,0.0587,2.6953,1.7514,0.7872,0.5609,nan,nan,nan,nan,0
early,cage,0,8,resnet,True,none,lr,0.0001,0.0001,32,18,0.0425,2.7529,1.7560,0.8298,0.5449,nan,nan,nan,nan,0
early,cage,0,8,resnet,True,none,lr,0.0001,0.0001,32,19,0.0267,2.3207,1.6905,0.7872,0.5481,nan,nan,nan,nan,0
early,cage,0,9,resnet,True,none,lr,0.0001,0.0001,32,1,0.7135,0.7080,0.6866,0.6667,0.6128,nan,nan,nan,nan,0
early,cage,0,9,resnet,True,none,lr,0.0001,0.0001,32,2,0.6187,0.7818,0.9024,0.5000,0.4613,nan,nan,nan,nan,0
early,cage,0,9,resnet,True,none,lr,0.0001,0.0001,32,3,0.5230,0.7993,1.1124,0.5000,0.5556,nan,nan,nan,nan,0
early,cage,0,9,resnet,True,none,lr,0.0001,0.0001,32,4,0.4031,0.7907,1.0099,0.5238,0.5084,nan,nan,nan,nan,0
early,cage,0,9,resnet,True,none,lr,0.0001,0.0001,32,5,0.3101,1.1008,1.1764,0.6429,0.4444,0.7711,0.9056,0.7907,0.6667,1
early,cage,0,9,resnet,True,none,lr,0.0001,0.0001,32,6,0.2181,1.4795,1.3224,0.6667,0.5017,nan,nan,nan,nan,0
early,cage,0,9,resnet,True,none,lr,0.0001,0.0001,32,7,0.1784,1.9398,1.4494,0.7619,0.4781,nan,nan,nan,nan,0
early,cage,0,9,resnet,True,none,lr,0.0001,0.0001,32,8,0.1372,2.0906,1.5368,0.7143,0.4848,nan,nan,nan,nan,0
early,cage,0,9,resnet,True,none,lr,0.0001,0.0001,32,9,0.1231,2.2420,1.8309,0.6667,0.5253,nan,nan,nan,nan,0
early,cage,0,9,resnet,True,none,lr,0.0001,0.0001,32,10,0.0968,2.3290,1.7459,0.6905,0.4848,nan,nan,nan,nan,0
early,cage,0,9,resnet,True,none,lr,0.0001,0.0001,32,11,0.0665,2.5948,1.8801,0.7381,0.5017,nan,nan,nan,nan,0
early,cage,0,9,resnet,True,none,lr,0.0001,0.0001,32,12,0.0605,2.4057,2.0244,0.6905,0.5556,nan,nan,nan,nan,0
early,cage,0,9,resnet,True,none,lr,0.0001,0.0001,32,13,0.0626,2.9173,1.9727,0.7143,0.5084,nan,nan,nan,nan,0
early,cage,0,9,resnet,True,none,lr,0.0001,0.0001,32,14,0.0804,2.6513,1.9205,0.6667,0.4714,nan,nan,nan,nan,0
early,cage,0,9,resnet,True,none,lr,0.0001,0.0001,32,15,0.0422,2.6534,2.4781,0.6905,0.4444,nan,nan,nan,nan,0
early,cage,0,9,resnet,True,none,lr,0.0001,0.0001,32,16,0.0289,2.8175,2.1328,0.7143,0.5185,nan,nan,nan,nan,0
early,cage,1,0,resnet,True,none,lr,0.0001,0.0001,32,1,0.7213,0.6431,0.6460,0.6744,0.6706,nan,nan,nan,nan,0
early,cage,1,0,resnet,True,none,lr,0.0001,0.0001,32,2,0.6283,0.7060,0.7118,0.7674,0.5833,nan,nan,nan,nan,0
early,cage,1,0,resnet,True,none,lr,0.0001,0.0001,32,3,0.5277,0.6754,0.8161,0.5581,0.6548,nan,nan,nan,nan,0
early,cage,1,0,resnet,True,none,lr,0.0001,0.0001,32,4,0.4248,0.8154,0.8492,0.7674,0.6270,nan,nan,nan,nan,0
early,cage,1,0,resnet,True,none,lr,0.0001,0.0001,32,5,0.3105,1.0754,0.9410,0.7907,0.6786,nan,nan,nan,nan,1
early,cage,1,0,resnet,True,none,lr,0.0001,0.0001,32,6,0.2372,1.2979,1.0880,0.8140,0.6111,nan,nan,nan,nan,0
early,cage,1,0,resnet,True,none,lr,0.0001,0.0001,32,7,0.1733,1.8106,1.5083,0.7907,0.5556,nan,nan,nan,nan,0
early,cage,1,0,resnet,True,none,lr,0.0001,0.0001,32,8,0.1429,1.3704,1.2500,0.7674,0.7063,nan,nan,nan,nan,0
early,cage,1,0,resnet,True,none,lr,0.0001,0.0001,32,9,0.1062,2.1578,1.6192,0.7907,0.6786,nan,nan,nan,nan,0
early,cage,1,0,resnet,True,none,lr,0.0001,0.0001,32,10,0.1140,1.6752,1.3503,0.8140,0.6389,nan,nan,nan,nan,0
early,cage,1,0,resnet,True,none,lr,0.0001,0.0001,32,11,0.0671,1.1434,1.3124,0.8140,0.6349,nan,nan,nan,nan,0
early,cage,1,0,resnet,True,none,lr,0.0001,0.0001,32,12,0.0859,1.7467,1.9435,0.7907,0.5714,nan,nan,nan,nan,0
early,cage,1,0,resnet,True,none,lr,0.0001,0.0001,32,13,0.0554,1.9566,1.7333,0.7674,0.6032,nan,nan,nan,nan,0
early,cage,1,0,resnet,True,none,lr,0.0001,0.0001,32,14,0.0680,2.7461,2.0176,0.7907,0.6825,nan,nan,nan,nan,0
early,cage,1,0,resnet,True,none,lr,0.0001,0.0001,32,15,0.0371,1.7905,1.7057,0.7907,0.7103,nan,nan,nan,nan,0
early,cage,1,0,resnet,True,none,lr,0.0001,0.0001,32,16,0.0408,2.2621,1.8376,0.7907,0.6905,nan,nan,nan,nan,1
early,cage,1,0,resnet,True,none,lr,0.0001,0.0001,32,17,0.0251,2.3912,1.9453,0.7907,0.6865,nan,nan,nan,nan,1
early,cage,1,0,resnet,True,none,lr,0.0001,0.0001,32,18,0.0408,2.6690,2.0690,0.8372,0.6389,2.6104,1.6926,0.8140,0.6667,1
early,cage,1,0,resnet,True,none,lr,0.0001,0.0001,32,19,0.0517,2.4685,1.9228,0.7907,0.6667,nan,nan,nan,nan,0
early,cage,1,0,resnet,True,none,lr,0.0001,0.0001,32,20,0.0463,2.5727,2.4678,0.8140,0.4921,nan,nan,nan,nan,0
early,cage,1,0,resnet,True,none,lr,0.0001,0.0001,32,21,0.0689,1.5507,1.7750,0.7674,0.6468,nan,nan,nan,nan,0
early,cage,1,0,resnet,True,none,lr,0.0001,0.0001,32,22,0.0629,2.2479,1.8629,0.8140,0.6230,nan,nan,nan,nan,0
early,cage,1,0,resnet,True,none,lr,0.0001,0.0001,32,23,0.0332,2.8775,2.1245,0.7907,0.6627,nan,nan,nan,nan,0
early,cage,1,2,resnet,True,none,lr,0.0001,0.0001,32,1,0.7237,0.7096,0.7345,0.5952,0.5074,nan,nan,nan,nan,0
early,cage,1,2,resnet,True,none,lr,0.0001,0.0001,32,2,0.6116,0.7018,0.6444,0.8095,0.6875,nan,nan,nan,nan,0
early,cage,1,2,resnet,True,none,lr,0.0001,0.0001,32,3,0.5115,0.7557,0.7572,0.7619,0.6581,nan,nan,nan,nan,0
early,cage,1,2,resnet,True,none,lr,0.0001,0.0001,32,4,0.4202,0.8483,0.9771,0.5476,0.5184,nan,nan,nan,nan,0
early,cage,1,2,resnet,True,none,lr,0.0001,0.0001,32,5,0.3184,1.1111,0.9669,0.8095,0.6213,nan,nan,nan,nan,1
early,cage,1,2,resnet,True,none,lr,0.0001,0.0001,32,6,0.2296,0.9953,1.1331,0.8095,0.7463,nan,nan,nan,nan,1
early,cage,1,2,resnet,True,none,lr,0.0001,0.0001,32,7,0.1955,1.2599,1.1058,0.7857,0.7059,nan,nan,nan,nan,0
early,cage,1,2,resnet,True,none,lr,0.0001,0.0001,32,8,0.1381,1.4781,1.3047,0.7857,0.5956,nan,nan,nan,nan,0
early,cage,1,2,resnet,True,none,lr,0.0001,0.0001,32,9,0.1146,1.2557,1.2564,0.7619,0.7243,nan,nan,nan,nan,1
early,cage,1,2,resnet,True,none,lr,0.0001,0.0001,32,10,0.0832,1.2142,1.4255,0.7381,0.6360,nan,nan,nan,nan,0
early,cage,1,2,resnet,True,none,lr,0.0001,0.0001,32,11,0.0787,1.7765,1.5422,0.8095,0.6765,nan,nan,nan,nan,0
early,cage,1,2,resnet,True,none,lr,0.0001,0.0001,32,12,0.0671,1.3162,1.4650,0.7857,0.6397,nan,nan,nan,nan,0
early,cage,1,2,resnet,True,none,lr,0.0001,0.0001,32,13,0.0414,2.3314,1.6941,0.8095,0.6912,nan,nan,nan,nan,0
early,cage,1,2,resnet,True,none,lr,0.0001,0.0001,32,14,0.0692,1.6084,1.5222,0.7857,0.7390,nan,nan,nan,nan,0
early,cage,1,2,resnet,True,none,lr,0.0001,0.0001,32,15,0.0531,1.7301,1.5572,0.8095,0.6838,nan,nan,nan,nan,1
early,cage,1,2,resnet,True,none,lr,0.0001,0.0001,32,16,0.0298,2.1555,1.6317,0.7857,0.7206,nan,nan,nan,nan,1
early,cage,1,2,resnet,True,none,lr,0.0001,0.0001,32,17,0.0422,2.3483,1.7788,0.8095,0.7647,nan,nan,nan,nan,1
early,cage,1,2,resnet,True,none,lr,0.0001,0.0001,32,18,0.1089,2.2053,1.8596,0.7857,0.7279,1.7994,1.4094,0.8605,0.6984,1
early,cage,1,2,resnet,True,none,lr,0.0001,0.0001,32,19,0.0365,1.8339,1.6877,0.7857,0.7132,nan,nan,nan,nan,0
early,cage,1,2,resnet,True,none,lr,0.0001,0.0001,32,20,0.0300,2.0728,1.6786,0.8095,0.7132,nan,nan,nan,nan,0
early,cage,1,2,resnet,True,none,lr,0.0001,0.0001,32,21,0.0213,2.0798,1.6590,0.7857,0.7169,nan,nan,nan,nan,0
early,cage,1,2,resnet,True,none,lr,0.0001,0.0001,32,22,0.0107,2.6638,1.8743,0.8095,0.7132,nan,nan,nan,nan,0
early,cage,1,2,resnet,True,none,lr,0.0001,0.0001,32,23,0.0358,2.8566,1.9480,0.7857,0.6728,nan,nan,nan,nan,0
early,cage,1,3,resnet,True,none,lr,0.0001,0.0001,32,1,0.7118,0.7007,0.6531,0.7143,0.5592,nan,nan,nan,nan,0
early,cage,1,3,resnet,True,none,lr,0.0001,0.0001,32,2,0.6160,0.6680,0.6792,0.6667,0.6286,nan,nan,nan,nan,0
early,cage,1,3,resnet,True,none,lr,0.0001,0.0001,32,3,0.5088,0.7543,0.7716,0.6190,0.5837,nan,nan,nan,nan,0
early,cage,1,3,resnet,True,none,lr,0.0001,0.0001,32,4,0.4065,0.9722,0.8849,0.8095,0.5551,nan,nan,nan,nan,0
early,cage,1,3,resnet,True,none,lr,0.0001,0.0001,32,5,0.3119,0.7510,0.9480,0.7381,0.6735,nan,nan,nan,nan,1
early,cage,1,3,resnet,True,none,lr,0.0001,0.0001,32,6,0.2245,1.2332,1.1029,0.8571,0.6000,nan,nan,nan,nan,1
early,cage,1,3,resnet,True,none,lr,0.0001,0.0001,32,7,0.1886,1.5357,1.1202,0.8333,0.6571,nan,nan,nan,nan,1
early,cage,1,3,resnet,True,none,lr,0.0001,0.0001,32,8,0.1370,1.4391,1.1869,0.8333,0.6531,nan,nan,nan,nan,1
early,cage,1,3,resnet,True,none,lr,0.0001,0.0001,32,9,0.0976,1.1958,1.1732,0.8333,0.6939,1.4885,1.1645,0.8140,0.6468,1
early,cage,1,3,resnet,True,none,lr,0.0001,0.0001,32,10,0.0716,1.5928,1.3627,0.7619,0.6000,nan,nan,nan,nan,0
early,cage,1,3,resnet,True,none,lr,0.0001,0.0001,32,11,0.0676,1.6999,1.3428,0.8333,0.6816,nan,nan,nan,nan,0
early,cage,1,3,resnet,True,none,lr,0.0001,0.0001,32,12,0.0705,1.9630,1.5076,0.8333,0.6082,nan,nan,nan,nan,0
early,cage,1,3,resnet,True,none,lr,0.0001,0.0001,32,13,0.0636,1.4321,1.3514,0.7619,0.7102,nan,nan,nan,nan,0
early,cage,1,3,resnet,True,none,lr,0.0001,0.0001,32,14,0.0552,2.3829,1.8217,0.8333,0.4857,nan,nan,nan,nan,0
early,cage,1,3,resnet,True,none,lr,0.0001,0.0001,32,15,0.0440,2.4305,1.7886,0.8095,0.6490,nan,nan,nan,nan,0
early,cage,1,3,resnet,True,none,lr,0.0001,0.0001,32,16,0.0350,2.7466,1.8705,0.8333,0.6939,nan,nan,nan,nan,0
early,cage,1,4,resnet,True,none,lr,0.0001,0.0001,32,1,0.7208,0.6558,0.6270,0.7674,0.7893,nan,nan,nan,nan,0
early,cage,1,4,resnet,True,none,lr,0.0001,0.0001,32,2,0.6222,0.6232,0.6885,0.5581,0.7143,nan,nan,nan,nan,0
early,cage,1,4,resnet,True,none,lr,0.0001,0.0001,32,3,0.5473,0.6833,0.6595,0.8605,0.7179,nan,nan,nan,nan,0
early,cage,1,4,resnet,True,none,lr,0.0001,0.0001,32,4,0.4314,0.5215,0.6903,0.7209,0.8393,nan,nan,nan,nan,0
early,cage,1,4,resnet,True,none,lr,0.0001,0.0001,32,5,0.3412,0.6152,0.7875,0.8140,0.8571,0.8378,0.7921,0.7907,0.6548,1
early,cage,1,4,resnet,True,none,lr,0.0001,0.0001,32,6,0.2603,1.0268,1.0398,0.6744,0.6000,nan,nan,nan,nan,0
early,cage,1,4,resnet,True,none,lr,0.0001,0.0001,32,7,0.1908,0.9949,1.0423,0.7674,0.8036,nan,nan,nan,nan,0
early,cage,1,4,resnet,True,none,lr,0.0001,0.0001,32,8,0.1438,0.6480,1.0052,0.8140,0.8071,nan,nan,nan,nan,0
early,cage,1,4,resnet,True,none,lr,0.0001,0.0001,32,9,0.1263,1.3428,1.3370,0.8140,0.7393,nan,nan,nan,nan,0
early,cage,1,4,resnet,True,none,lr,0.0001,0.0001,32,10,0.0944,1.3290,1.3199,0.8140,0.7393,nan,nan,nan,nan,0
early,cage,1,4,resnet,True,none,lr,0.0001,0.0001,32,11,0.0644,1.8463,1.6164,0.8140,0.7036,nan,nan,nan,nan,0
early,cage,1,4,resnet,True,none,lr,0.0001,0.0001,32,12,0.0477,1.3503,1.5559,0.7209,0.7107,nan,nan,nan,nan,0
early,cage,1,4,resnet,True,none,lr,0.0001,0.0001,32,13,0.0489,1.5432,1.7263,0.8140,0.6786,nan,nan,nan,nan,0
early,cage,1,4,resnet,True,none,lr,0.0001,0.0001,32,14,0.1059,1.1993,1.6246,0.7442,0.7643,nan,nan,nan,nan,0
early,cage,1,4,resnet,True,none,lr,0.0001,0.0001,32,15,0.0588,1.8651,1.6954,0.7907,0.7714,nan,nan,nan,nan,0
early,cage,1,4,resnet,True,none,lr,0.0001,0.0001,32,16,0.0361,2.0577,1.9319,0.8140,0.8000,nan,nan,nan,nan,0
early,cage,1,5,resnet,True,none,lr,0.0001,0.0001,32,1,0.6839,0.8286,0.6978,0.7250,0.4875,nan,nan,nan,nan,0
early,cage,1,5,resnet,True,none,lr,0.0001,0.0001,32,2,0.5923,0.9518,0.8494,0.6000,0.4122,nan,nan,nan,nan,0
early,cage,1,5,resnet,True,none,lr,0.0001,0.0001,32,3,0.4918,1.0227,0.8989,0.6500,0.4444,nan,nan,nan,nan,0
early,cage,1,5,resnet,True,none,lr,0.0001,0.0001,32,4,0.3712,1.4201,1.1117,0.7250,0.4050,nan,nan,nan,nan,0
early,cage,1,5,resnet,True,none,lr,0.0001,0.0001,32,5,0.2816,1.9918,1.5399,0.6500,0.3297,1.1043,0.9938,0.7209,0.5952,1
early,cage,1,5,resnet,True,none,lr,0.0001,0.0001,32,6,0.2408,1.6955,1.6183,0.6000,0.4229,nan,nan,nan,nan,0
early,cage,1,5,resnet,True,none,lr,0.0001,0.0001,32,7,0.1696,2.1752,1.6015,0.8250,0.4050,nan,nan,nan,nan,0
early,cage,1,5,resnet,True,none,lr,0.0001,0.0001,32,8,0.1200,2.5655,1.8442,0.8250,0.4229,nan,nan,nan,nan,0
early,cage,1,5,resnet,True,none,lr,0.0001,0.0001,32,9,0.1056,2.9125,2.1029,0.7500,0.4409,nan,nan,nan,nan,0
early,cage,1,5,resnet,True,none,lr,0.0001,0.0001,32,10,0.0934,3.2820,2.3350,0.7000,0.3548,nan,nan,nan,nan,0
early,cage,1,5,resnet,True,none,lr,0.0001,0.0001,32,11,0.1006,3.1140,2.2324,0.7000,0.3728,nan,nan,nan,nan,0
early,cage,1,5,resnet,True,none,lr,0.0001,0.0001,32,12,0.0680,3.6584,2.5268,0.7250,0.4014,nan,nan,nan,nan,0
early,cage,1,5,resnet,True,none,lr,0.0001,0.0001,32,13,0.0647,4.4026,2.8970,0.7750,0.3082,nan,nan,nan,nan,0
early,cage,1,5,resnet,True,none,lr,0.0001,0.0001,32,14,0.0545,3.9512,2.7168,0.7750,0.3548,nan,nan,nan,nan,0
early,cage,1,5,resnet,True,none,lr,0.0001,0.0001,32,15,0.0318,3.4794,2.4738,0.7250,0.4373,nan,nan,nan,nan,0
early,cage,1,5,resnet,True,none,lr,0.0001,0.0001,32,16,0.0352,3.9091,2.7213,0.7500,0.4480,nan,nan,nan,nan,0
early,cage,1,6,resnet,True,none,lr,0.0001,0.0001,32,1,0.7108,0.6904,0.6469,0.7317,0.5095,nan,nan,nan,nan,0
early,cage,1,6,resnet,True,none,lr,0.0001,0.0001,32,2,0.6135,0.7083,0.7769,0.4634,0.5619,nan,nan,nan,nan,0
early,cage,1,6,resnet,True,none,lr,0.0001,0.0001,32,3,0.5269,0.7286,0.7281,0.7317,0.5571,nan,nan,nan,nan,0
early,cage,1,6,resnet,True,none,lr,0.0001,0.0001,32,4,0.4124,0.9679,0.8997,0.7561,0.5048,nan,nan,nan,nan,0
early,cage,1,6,resnet,True,none,lr,0.0001,0.0001,32,5,0.3126,1.1168,1.0851,0.8049,0.4952,nan,nan,nan,nan,1
early,cage,1,6,resnet,True,none,lr,0.0001,0.0001,32,6,0.2154,1.7476,1.3953,0.8293,0.5571,1.4967,1.0556,0.8605,0.6310,1
early,cage,1,6,resnet,True,none,lr,0.0001,0.0001,32,7,0.1732,2.2134,1.5810,0.8537,0.5286,nan,nan,nan,nan,0
early,cage,1,6,resnet,True,none,lr,0.0001,0.0001,32,8,0.1218,1.6862,1.4485,0.7805,0.4857,nan,nan,nan,nan,0
early,cage,1,6,resnet,True,none,lr,0.0001,0.0001,32,9,0.1090,1.8516,1.4765,0.8537,0.4333,nan,nan,nan,nan,0
early,cage,1,6,resnet,True,none,lr,0.0001,0.0001,32,10,0.0893,2.6873,1.9021,0.8537,0.4048,nan,nan,nan,nan,0
early,cage,1,6,resnet,True,none,lr,0.0001,0.0001,32,11,0.0946,2.4590,1.7306,0.8537,0.5714,nan,nan,nan,nan,0
early,cage,1,6,resnet,True,none,lr,0.0001,0.0001,32,12,0.0469,2.3921,1.7546,0.8537,0.4905,nan,nan,nan,nan,0
early,cage,1,6,resnet,True,none,lr,0.0001,0.0001,32,13,0.0601,1.9122,1.7858,0.7805,0.4905,nan,nan,nan,nan,0
early,cage,1,6,resnet,True,none,lr,0.0001,0.0001,32,14,0.0600,2.0199,2.1092,0.7317,0.4333,nan,nan,nan,nan,0
early,cage,1,6,resnet,True,none,lr,0.0001,0.0001,32,15,0.0703,2.8158,2.1849,0.7805,0.4429,nan,nan,nan,nan,0
early,cage,1,6,resnet,True,none,lr,0.0001,0.0001,32,16,0.0514,2.0286,1.9725,0.8537,0.4857,nan,nan,nan,nan,0
early,cage,1,7,resnet,True,none,lr,0.0001,0.0001,32,1,0.7223,0.7170,0.6707,0.7273,0.4896,nan,nan,nan,nan,0
early,cage,1,7,resnet,True,none,lr,0.0001,0.0001,32,2,0.6036,0.8560,0.7352,0.7273,0.5069,nan,nan,nan,nan,0
early,cage,1,7,resnet,True,none,lr,0.0001,0.0001,32,3,0.5109,0.7505,0.7577,0.7273,0.5938,nan,nan,nan,nan,0
early,cage,1,7,resnet,True,none,lr,0.0001,0.0001,32,4,0.4206,0.7527,0.7484,0.7500,0.6389,nan,nan,nan,nan,0
early,cage,1,7,resnet,True,none,lr,0.0001,0.0001,32,5,0.2933,1.3568,1.0250,0.7727,0.5417,nan,nan,nan,nan,1
early,cage,1,7,resnet,True,none,lr,0.0001,0.0001,32,6,0.2308,1.3907,0.9753,0.8182,0.6389,nan,nan,nan,nan,1
early,cage,1,7,resnet,True,none,lr,0.0001,0.0001,32,7,0.1620,1.6793,1.1483,0.7955,0.6215,nan,nan,nan,nan,1
early,cage,1,7,resnet,True,none,lr,0.0001,0.0001,32,8,0.1067,2.1315,1.3696,0.7955,0.6597,2.0378,1.3484,0.8372,0.6230,1
early,cage,1,7,resnet,True,none,lr,0.0001,0.0001,32,9,0.1248,2.0301,1.3898,0.8409,0.5104,nan,nan,nan,nan,0
early,cage,1,7,resnet,True,none,lr,0.0001,0.0001,32,10,0.0929,1.7548,1.3322,0.7955,0.5764,nan,nan,nan,nan,0
early,cage,1,7,resnet,True,none,lr,0.0001,0.0001,32,11,0.0679,2.0115,1.4380,0.8182,0.5243,nan,nan,nan,nan,0
early,cage,1,7,resnet,True,none,lr,0.0001,0.0001,32,12,0.0792,2.6522,1.6383,0.8182,0.5694,nan,nan,nan,nan,0
early,cage,1,7,resnet,True,none,lr,0.0001,0.0001,32,13,0.0763,1.9097,1.3373,0.8182,0.5729,nan,nan,nan,nan,0
early,cage,1,7,resnet,True,none,lr,0.0001,0.0001,32,14,0.0346,2.2574,1.7747,0.8409,0.5035,nan,nan,nan,nan,0
early,cage,1,7,resnet,True,none,lr,0.0001,0.0001,32,15,0.0516,3.1129,1.9220,0.8182,0.5590,nan,nan,nan,nan,0
early,cage,1,7,resnet,True,none,lr,0.0001,0.0001,32,16,0.0479,2.1016,1.5452,0.7955,0.6389,nan,nan,nan,nan,0
early,cage,1,8,resnet,True,none,lr,0.0001,0.0001,32,1,0.7010,0.6876,0.7466,0.4681,0.6218,nan,nan,nan,nan,0
early,cage,1,8,resnet,True,none,lr,0.0001,0.0001,32,2,0.6049,0.7431,0.7158,0.7234,0.6090,nan,nan,nan,nan,0
early,cage,1,8,resnet,True,none,lr,0.0001,0.0001,32,3,0.5063,0.9770,0.7555,0.7660,0.5321,nan,nan,nan,nan,0
early,cage,1,8,resnet,True,none,lr,0.0001,0.0001,32,4,0.3938,1.3531,0.9568,0.7660,0.6218,nan,nan,nan,nan,0
early,cage,1,8,resnet,True,none,lr,0.0001,0.0001,32,5,0.3120,1.2472,1.0833,0.7234,0.4776,0.8785,1.0394,0.6744,0.6071,1
early,cage,1,8,resnet,True,none,lr,0.0001,0.0001,32,6,0.2322,1.6076,1.2091,0.7872,0.5000,nan,nan,nan,nan,0
early,cage,1,8,resnet,True,none,lr,0.0001,0.0001,32,7,0.1961,1.9115,1.1933,0.8298,0.5962,nan,nan,nan,nan,0
early,cage,1,8,resnet,True,none,lr,0.0001,0.0001,32,8,0.1336,1.9596,1.3018,0.7872,0.5128,nan,nan,nan,nan,0
early,cage,1,8,resnet,True,none,lr,0.0001,0.0001,32,9,0.1042,3.2152,1.7672,0.8298,0.5224,nan,nan,nan,nan,0
early,cage,1,8,resnet,True,none,lr,0.0001,0.0001,32,10,0.0942,2.0209,1.4992,0.7872,0.4840,nan,nan,nan,nan,0
early,cage,1,8,resnet,True,none,lr,0.0001,0.0001,32,11,0.0748,2.4822,1.5223,0.8085,0.5833,nan,nan,nan,nan,0
early,cage,1,8,resnet,True,none,lr,0.0001,0.0001,32,12,0.0610,2.1583,1.6033,0.7234,0.5385,nan,nan,nan,nan,0
early,cage,1,8,resnet,True,none,lr,0.0001,0.0001,32,13,0.0685,3.9128,2.1388,0.8298,0.5609,nan,nan,nan,nan,0
early,cage,1,8,resnet,True,none,lr,0.0001,0.0001,32,14,0.0584,2.1862,1.7928,0.7872,0.5897,nan,nan,nan,nan,0
early,cage,1,8,resnet,True,none,lr,0.0001,0.0001,32,15,0.0484,2.8042,1.7193,0.8298,0.6058,nan,nan,nan,nan,0
early,cage,1,8,resnet,True,none,lr,0.0001,0.0001,32,16,0.0385,3.5659,2.1001,0.8298,0.5128,nan,nan,nan,nan,0
early,cage,1,9,resnet,True,none,lr,0.0001,0.0001,32,1,0.7062,0.7107,0.7481,0.6429,0.5623,nan,nan,nan,nan,0
early,cage,1,9,resnet,True,none,lr,0.0001,0.0001,32,2,0.6095,0.7973,0.8143,0.6667,0.5690,nan,nan,nan,nan,0
early,cage,1,9,resnet,True,none,lr,0.0001,0.0001,32,3,0.4939,0.8654,0.8614,0.6190,0.5455,nan,nan,nan,nan,0
early,cage,1,9,resnet,True,none,lr,0.0001,0.0001,32,4,0.3752,0.8868,1.1307,0.5952,0.5421,nan,nan,nan,nan,0
early,cage,1,9,resnet,True,none,lr,0.0001,0.0001,32,5,0.2741,1.2943,1.2882,0.6905,0.4815,0.8900,0.8923,0.7442,0.6905,1
early,cage,1,9,resnet,True,none,lr,0.0001,0.0001,32,6,0.2083,1.9210,1.3575,0.7381,0.4916,nan,nan,nan,nan,0
early,cage,1,9,resnet,True,none,lr,0.0001,0.0001,32,7,0.1366,1.6361,1.4119,0.6905,0.5657,nan,nan,nan,nan,0
early,cage,1,9,resnet,True,none,lr,0.0001,0.0001,32,8,0.1057,1.9718,1.8898,0.6905,0.4444,nan,nan,nan,nan,0
early,cage,1,9,resnet,True,none,lr,0.0001,0.0001,32,9,0.1029,2.5798,1.7632,0.7381,0.5185,nan,nan,nan,nan,0
early,cage,1,9,resnet,True,none,lr,0.0001,0.0001,32,10,0.0732,2.7492,2.1606,0.7381,0.4579,nan,nan,nan,nan,0
early,cage,1,9,resnet,True,none,lr,0.0001,0.0001,32,11,0.0715,1.5818,2.0648,0.6190,0.5253,nan,nan,nan,nan,0
early,cage,1,9,resnet,True,none,lr,0.0001,0.0001,32,12,0.0543,2.5280,2.2360,0.6905,0.5455,nan,nan,nan,nan,0
early,cage,1,9,resnet,True,none,lr,0.0001,0.0001,32,13,0.1036,2.3810,2.2261,0.7381,0.4949,nan,nan,nan,nan,0
early,cage,1,9,resnet,True,none,lr,0.0001,0.0001,32,14,0.0520,2.1710,1.9049,0.7381,0.5253,nan,nan,nan,nan,0
early,cage,1,9,resnet,True,none,lr,0.0001,0.0001,32,15,0.0540,2.4609,2.2635,0.7619,0.4545,nan,nan,nan,nan,0
early,cage,1,9,resnet,True,none,lr,0.0001,0.0001,32,16,0.0320,2.8141,2.1729,0.7381,0.5455,nan,nan,nan,nan,0
early,cage,2,0,resnet,True,none,lr,0.0001,0.0001,32,1,0.7173,0.6689,0.6880,0.5581,0.7143,nan,nan,nan,nan,0
early,cage,2,0,resnet,True,none,lr,0.0001,0.0001,32,2,0.6324,0.6953,0.6824,0.7674,0.5635,nan,nan,nan,nan,0
early,cage,2,0,resnet,True,none,lr,0.0001,0.0001,32,3,0.5297,0.7511,0.7549,0.8372,0.6071,nan,nan,nan,nan,0
early,cage,2,0,resnet,True,none,lr,0.0001,0.0001,32,4,0.4329,0.6843,0.7519,0.7674,0.7262,nan,nan,nan,nan,0
early,cage,2,0,resnet,True,none,lr,0.0001,0.0001,32,5,0.3185,0.6427,0.9323,0.7209,0.7103,nan,nan,nan,nan,1
early,cage,2,0,resnet,True,none,lr,0.0001,0.0001,32,6,0.2470,1.2002,1.0243,0.7907,0.7024,nan,nan,nan,nan,0
early,cage,2,0,resnet,True,none,lr,0.0001,0.0001,32,7,0.1713,0.9320,1.1645,0.7907,0.6429,nan,nan,nan,nan,1
early,cage,2,0,resnet,True,none,lr,0.0001,0.0001,32,8,0.1351,1.6878,1.4474,0.8140,0.7024,nan,nan,nan,nan,1
early,cage,2,0,resnet,True,none,lr,0.0001,0.0001,32,9,0.1185,1.0774,1.3186,0.8140,0.6627,nan,nan,nan,nan,0
early,cage,2,0,resnet,True,none,lr,0.0001,0.0001,32,10,0.0841,1.4398,1.3142,0.8140,0.7421,nan,nan,nan,nan,0
early,cage,2,0,resnet,True,none,lr,0.0001,0.0001,32,11,0.0804,1.3641,1.2041,0.8140,0.8254,nan,nan,nan,nan,1
early,cage,2,0,resnet,True,none,lr,0.0001,0.0001,32,12,0.0693,1.2792,1.2208,0.7907,0.7937,nan,nan,nan,nan,1
early,cage,2,0,resnet,True,none,lr,0.0001,0.0001,32,13,0.0420,1.5747,1.4983,0.8140,0.6944,nan,nan,nan,nan,0
early,cage,2,0,resnet,True,none,lr,0.0001,0.0001,32,14,0.0368,1.1297,1.2989,0.8140,0.8532,1.2965,1.3765,0.8095,0.7279,1
early,cage,2,0,resnet,True,none,lr,0.0001,0.0001,32,15,0.0351,2.2044,1.7753,0.8372,0.7183,nan,nan,nan,nan,0
early,cage,2,0,resnet,True,none,lr,0.0001,0.0001,32,16,0.0491,1.8938,1.7575,0.8372,0.7460,nan,nan,nan,nan,0
early,cage,2,0,resnet,True,none,lr,0.0001,0.0001,32,17,0.0330,1.9115,1.8800,0.8140,0.6310,nan,nan,nan,nan,0
early,cage,2,0,resnet,True,none,lr,0.0001,0.0001,32,18,0.0769,1.6113,1.7481,0.7907,0.7063,nan,nan,nan,nan,0
early,cage,2,0,resnet,True,none,lr,0.0001,0.0001,32,19,0.0484,2.0376,1.8729,0.8140,0.6389,nan,nan,nan,nan,0
early,cage,2,1,resnet,True,none,lr,0.0001,0.0001,32,1,0.7099,0.7076,0.6025,0.8140,0.6111,nan,nan,nan,nan,0
early,cage,2,1,resnet,True,none,lr,0.0001,0.0001,32,2,0.6127,0.6484,0.7054,0.6512,0.6865,nan,nan,nan,nan,0
early,cage,2,1,resnet,True,none,lr,0.0001,0.0001,32,3,0.5191,0.6428,0.7457,0.6047,0.6468,nan,nan,nan,nan,0
early,cage,2,1,resnet,True,none,lr,0.0001,0.0001,32,4,0.4217,0.6399,0.7163,0.6512,0.7063,nan,nan,nan,nan,0
early,cage,2,1,resnet,True,none,lr,0.0001,0.0001,32,5,0.3027,0.7579,0.8432,0.6977,0.6587,nan,nan,nan,nan,1
early,cage,2,1,resnet,True,none,lr,0.0001,0.0001,32,6,0.2160,0.7839,1.1535,0.6744,0.6429,nan,nan,nan,nan,1
early,cage,2,1,resnet,True,none,lr,0.0001,0.0001,32,7,0.1866,1.2865,0.9675,0.8372,0.6706,nan,nan,nan,nan,0
early,cage,2,1,resnet,True,none,lr,0.0001,0.0001,32,8,0.1272,1.1598,1.1416,0.7674,0.7024,nan,nan,nan,nan,1
early,cage,2,1,resnet,True,none,lr,0.0001,0.0001,32,9,0.1061,2.1336,1.3617,0.8372,0.6865,nan,nan,nan,nan,0
early,cage,2,1,resnet,True,none,lr,0.0001,0.0001,32,10,0.0737,1.7160,1.2923,0.8372,0.7024,nan,nan,nan,nan,0
early,cage,2,1,resnet,True,none,lr,0.0001,0.0001,32,11,0.0760,1.3040,1.1397,0.8372,0.7500,nan,nan,nan,nan,1
early,cage,2,1,resnet,True,none,lr,0.0001,0.0001,32,12,0.0908,1.2023,1.1918,0.7674,0.6944,nan,nan,nan,nan,0
early,cage,2,1,resnet,True,none,lr,0.0001,0.0001,32,13,0.0610,2.1639,1.4446,0.8372,0.6508,nan,nan,nan,nan,0
early,cage,2,1,resnet,True,none,lr,0.0001,0.0001,32,14,0.0399,1.6324,1.3308,0.7907,0.7143,nan,nan,nan,nan,0
early,cage,2,1,resnet,True,none,lr,0.0001,0.0001,32,15,0.0422,2.1577,1.4445,0.8372,0.7341,2.0475,1.5751,0.8095,0.7316,1
early,cage,2,1,resnet,True,none,lr,0.0001,0.0001,32,16,0.0260,2.6979,1.6573,0.8372,0.6944,nan,nan,nan,nan,0
early,cage,2,1,resnet,True,none,lr,0.0001,0.0001,32,17,0.0357,2.1213,1.6626,0.7907,0.6349,nan,nan,nan,nan,0
early,cage,2,1,resnet,True,none,lr,0.0001,0.0001,32,18,0.0785,2.1614,1.5773,0.7907,0.5516,nan,nan,nan,nan,0
early,cage,2,1,resnet,True,none,lr,0.0001,0.0001,32,19,0.0500,2.7663,1.7307,0.8372,0.6667,nan,nan,nan,nan,0
early,cage,2,1,resnet,True,none,lr,0.0001,0.0001,32,20,0.0348,2.1528,1.6716,0.8140,0.6190,nan,nan,nan,nan,0
early,cage,2,3,resnet,True,none,lr,0.0001,0.0001,32,1,0.7255,0.7039,0.7575,0.4524,0.5306,nan,nan,nan,nan,0
early,cage,2,3,resnet,True,none,lr,0.0001,0.0001,32,2,0.5987,0.6871,0.7106,0.6190,0.5918,nan,nan,nan,nan,0
early,cage,2,3,resnet,True,none,lr,0.0001,0.0001,32,3,0.5185,0.6827,0.8242,0.6429,0.6082,nan,nan,nan,nan,0
early,cage,2,3,resnet,True,none,lr,0.0001,0.0001,32,4,0.4146,0.7005,0.8613,0.7381,0.6449,nan,nan,nan,nan,0
early,cage,2,3,resnet,True,none,lr,0.0001,0.0001,32,5,0.2966,0.8153,0.9165,0.7143,0.7224,nan,nan,nan,nan,1
early,cage,2,3,resnet,True,none,lr,0.0001,0.0001,32,6,0.2246,0.8647,0.9644,0.8333,0.7020,nan,nan,nan,nan,1
early,cage,2,3,resnet,True,none,lr,0.0001,0.0001,32,7,0.1802,0.9008,1.0925,0.7857,0.6980,1.1547,1.1964,0.8571,0.6654,1
early,cage,2,3,resnet,True,none,lr,0.0001,0.0001,32,8,0.1566,1.1027,1.4462,0.6667,0.6000,nan,nan,nan,nan,0
early,cage,2,3,resnet,True,none,lr,0.0001,0.0001,32,9,0.1364,1.1649,1.2619,0.7619,0.5959,nan,nan,nan,nan,0
early,cage,2,3,resnet,True,none,lr,0.0001,0.0001,32,10,0.0776,1.0542,1.5148,0.7143,0.6204,nan,nan,nan,nan,0
early,cage,2,3,resnet,True,none,lr,0.0001,0.0001,32,11,0.0666,1.8087,1.5319,0.8333,0.5184,nan,nan,nan,nan,0
early,cage,2,3,resnet,True,none,lr,0.0001,0.0001,32,12,0.0503,1.6614,1.4812,0.8333,0.5347,nan,nan,nan,nan,0
early,cage,2,3,resnet,True,none,lr,0.0001,0.0001,32,13,0.0485,1.9693,1.5414,0.8333,0.7306,nan,nan,nan,nan,0
early,cage,2,3,resnet,True,none,lr,0.0001,0.0001,32,14,0.0732,1.4907,1.5542,0.7857,0.6571,nan,nan,nan,nan,0
early,cage,2,3,resnet,True,none,lr,0.0001,0.0001,32,15,0.0406,1.5857,1.5823,0.7857,0.6653,nan,nan,nan,nan,0
early,cage,2,3,resnet,True,none,lr,0.0001,0.0001,32,16,0.0679,2.4118,1.7465,0.8333,0.5755,nan,nan,nan,nan,0
early,cage,2,4,resnet,True,none,lr,0.0001,0.0001,32,1,0.7169,0.6959,0.7669,0.2326,0.6250,nan,nan,nan,nan,0
early,cage,2,4,resnet,True,none,lr,0.0001,0.0001,32,2,0.6376,0.6625,0.6409,0.7209,0.7036,nan,nan,nan,nan,0
early,cage,2,4,resnet,True,none,lr,0.0001,0.0001,32,3,0.5351,0.5693,0.6722,0.6977,0.8214,nan,nan,nan,nan,0
early,cage,2,4,resnet,True,none,lr,0.0001,0.0001,32,4,0.4377,0.7042,0.7837,0.6512,0.6321,nan,nan,nan,nan,0
early,cage,2,4,resnet,True,none,lr,0.0001,0.0001,32,5,0.3246,0.6110,0.8623,0.7674,0.7750,nan,nan,nan,nan,1
early,cage,2,4,resnet,True,none,lr,0.0001,0.0001,32,6,0.2433,0.6120,0.9167,0.7674,0.7964,nan,nan,nan,nan,1
early,cage,2,4,resnet,True,none,lr,0.0001,0.0001,32,7,0.1908,1.2284,1.2166,0.8140,0.7679,nan,nan,nan,nan,1
early,cage,2,4,resnet,True,none,lr,0.0001,0.0001,32,8,0.1515,0.9566,1.1228,0.7907,0.8214,nan,nan,nan,nan,0
early,cage,2,4,resnet,True,none,lr,0.0001,0.0001,32,9,0.1186,1.0462,1.2807,0.7907,0.8429,nan,nan,nan,nan,1
early,cage,2,4,resnet,True,none,lr,0.0001,0.0001,32,10,0.0922,0.8780,1.2319,0.7674,0.7464,nan,nan,nan,nan,0
early,cage,2,4,resnet,True,none,lr,0.0001,0.0001,32,11,0.0706,1.6874,1.5713,0.8372,0.7500,nan,nan,nan,nan,0
early,cage,2,4,resnet,True,none,lr,0.0001,0.0001,32,12,0.0776,1.8810,1.6442,0.8372,0.7786,nan,nan,nan,nan,0
early,cage,2,4,resnet,True,none,lr,0.0001,0.0001,32,13,0.0495,1.6221,1.5273,0.8140,0.8536,nan,nan,nan,nan,0
early,cage,2,4,resnet,True,none,lr,0.0001,0.0001,32,14,0.0523,1.8046,1.6718,0.7907,0.7857,nan,nan,nan,nan,0
early,cage,2,4,resnet,True,none,lr,0.0001,0.0001,32,15,0.0566,0.7392,1.3962,0.8372,0.8607,nan,nan,nan,nan,0
early,cage,2,4,resnet,True,none,lr,0.0001,0.0001,32,16,0.0404,1.7605,1.7409,0.8140,0.7750,nan,nan,nan,nan,1
early,cage,2,4,resnet,True,none,lr,0.0001,0.0001,32,17,0.0532,1.2929,1.7359,0.8372,0.8214,2.5605,2.0675,0.7619,0.5441,1
early,cage,2,4,resnet,True,none,lr,0.0001,0.0001,32,18,0.0389,1.6291,1.7652,0.8140,0.7143,nan,nan,nan,nan,0
early,cage,2,4,resnet,True,none,lr,0.0001,0.0001,32,19,0.0510,1.9286,1.8765,0.8140,0.7500,nan,nan,nan,nan,0
early,cage,2,4,resnet,True,none,lr,0.0001,0.0001,32,20,0.0415,1.5445,1.6546,0.7907,0.8500,nan,nan,nan,nan,0
early,cage,2,4,resnet,True,none,lr,0.0001,0.0001,32,21,0.0552,1.3053,1.5544,0.7907,0.8786,nan,nan,nan,nan,0
early,cage,2,4,resnet,True,none,lr,0.0001,0.0001,32,22,0.0291,1.6125,1.7357,0.8372,0.7964,nan,nan,nan,nan,0
early,cage,2,5,resnet,True,none,lr,0.0001,0.0001,32,1,0.7006,0.7299,0.7343,0.4500,0.5197,nan,nan,nan,nan,0
early,cage,2,5,resnet,True,none,lr,0.0001,0.0001,32,2,0.5973,0.9013,0.7671,0.6500,0.5090,nan,nan,nan,nan,0
early,cage,2,5,resnet,True,none,lr,0.0001,0.0001,32,3,0.4876,1.0741,0.9180,0.7250,0.4659,nan,nan,nan,nan,0
early,cage,2,5,resnet,True,none,lr,0.0001,0.0001,32,4,0.3628,1.2553,1.1043,0.7000,0.4767,nan,nan,nan,nan,0
early,cage,2,5,resnet,True,none,lr,0.0001,0.0001,32,5,0.2657,1.7945,1.4066,0.7250,0.4229,0.8132,0.9033,0.7857,0.7206,1
early,cage,2,5,resnet,True,none,lr,0.0001,0.0001,32,6,0.2081,1.7006,1.5673,0.6250,0.4444,nan,nan,nan,nan,0
early,cage,2,5,resnet,True,none,lr,0.0001,0.0001,32,7,0.1490,2.1780,1.6378,0.7000,0.4731,nan,nan,nan,nan,0
early,cage,2,5,resnet,True,none,lr,0.0001,0.0001,32,8,0.1089,2.7217,2.0446,0.7250,0.4050,nan,nan,nan,nan,0
early,cage,2,5,resnet,True,none,lr,0.0001,0.0001,32,9,0.0788,2.8008,2.1328,0.6500,0.4229,nan,nan,nan,nan,0
early,cage,2,5,resnet,True,none,lr,0.0001,0.0001,32,10,0.0905,2.4600,1.9435,0.7250,0.4373,nan,nan,nan,nan,0
early,cage,2,5,resnet,True,none,lr,0.0001,0.0001,32,11,0.0954,3.1878,2.2154,0.7500,0.4373,nan,nan,nan,nan,0
early,cage,2,5,resnet,True,none,lr,0.0001,0.0001,32,12,0.0571,3.2625,2.3087,0.7250,0.4946,nan,nan,nan,nan,0
early,cage,2,5,resnet,True,none,lr,0.0001,0.0001,32,13,0.0404,3.3466,2.3834,0.7750,0.4194,nan,nan,nan,nan,0
early,cage,2,5,resnet,True,none,lr,0.0001,0.0001,32,14,0.0346,2.6196,2.0845,0.7750,0.4910,nan,nan,nan,nan,0
early,cage,2,5,resnet,True,none,lr,0.0001,0.0001,32,15,0.0602,3.4579,2.3767,0.7500,0.5233,nan,nan,nan,nan,0
early,cage,2,5,resnet,True,none,lr,0.0001,0.0001,32,16,0.0435,4.7541,3.2508,0.7500,0.4014,nan,nan,nan,nan,0
early,cage,2,6,resnet,True,none,lr,0.0001,0.0001,32,1,0.7280,0.6889,0.6745,0.7317,0.5238,nan,nan,nan,nan,0
early,cage,2,6,resnet,True,none,lr,0.0001,0.0001,32,2,0.6204,0.7119,0.6749,0.8049,0.5905,nan,nan,nan,nan,0
early,cage,2,6,resnet,True,none,lr,0.0001,0.0001,32,3,0.5231,0.7077,0.7577,0.7317,0.5762,nan,nan,nan,nan,0
early,cage,2,6,resnet,True,none,lr,0.0001,0.0001,32,4,0.4144,0.8433,0.7814,0.8780,0.6619,nan,nan,nan,nan,0
early,cage,2,6,resnet,True,none,lr,0.0001,0.0001,32,5,0.3216,0.8223,0.7922,0.8780,0.7619,nan,nan,nan,nan,1
early,cage,2,6,resnet,True,none,lr,0.0001,0.0001,32,6,0.1996,1.1308,1.1111,0.8049,0.6048,nan,nan,nan,nan,1
early,cage,2,6,resnet,True,none,lr,0.0001,0.0001,32,7,0.1681,1.3064,1.2904,0.8293,0.6238,1.0854,1.1665,0.7857,0.7096,1
early,cage,2,6,resnet,True,none,lr,0.0001,0.0001,32,8,0.1237,2.0276,1.5526,0.8537,0.5857,nan,nan,nan,nan,0
early,cage,2,6,resnet,True,none,lr,0.0001,0.0001,32,9,0.1093,1.6364,1.3790,0.8537,0.6429,nan,nan,nan,nan,0
early,cage,2,6,resnet,True,none,lr,0.0001,0.0001,32,10,0.0764,1.8147,1.4628,0.8537,0.5952,nan,nan,nan,nan,0
early,cage,2,6,resnet,True,none,lr,0.0001,0.0001,32,11,0.0906,2.0697,1.6839,0.8537,0.6190,nan,nan,nan,nan,0
early,cage,2,6,resnet,True,none,lr,0.0001,0.0001,32,12,0.0687,1.8723,1.6679,0.8049,0.5143,nan,nan,nan,nan,0
early,cage,2,6,resnet,True,none,lr,0.0001,0.0001,32,13,0.0421,2.6574,1.9899,0.8537,0.5905,nan,nan,nan,nan,0
early,cage,2,6,resnet,True,none,lr,0.0001,0.0001,32,14,0.0446,2.6442,2.0650,0.8537,0.5905,nan,nan,nan,nan,0
early,cage,2,6,resnet,True,none,lr,0.0001,0.0001,32,15,0.0428,2.6088,1.9498,0.8537,0.6190,nan,nan,nan,nan,0
early,cage,2,6,resnet,True,none,lr,0.0001,0.0001,32,16,0.0734,2.8447,2.1132,0.8537,0.5238,nan,nan,nan,nan,0
early,cage,2,7,resnet,True,none,lr,0.0001,0.0001,32,1,0.7118,0.7836,0.6477,0.7045,0.4722,nan,nan,nan,nan,0
early,cage,2,7,resnet,True,none,lr,0.0001,0.0001,32,2,0.6095,0.7420,0.7265,0.6364,0.5243,nan,nan,nan,nan,0
early,cage,2,7,resnet,True,none,lr,0.0001,0.0001,32,3,0.5145,0.7660,0.8332,0.7273,0.4896,nan,nan,nan,nan,0
early,cage,2,7,resnet,True,none,lr,0.0001,0.0001,32,4,0.3784,0.9186,1.0290,0.6591,0.4028,nan,nan,nan,nan,0
early,cage,2,7,resnet,True,none,lr,0.0001,0.0001,32,5,0.2894,1.3616,1.0702,0.7955,0.4826,nan,nan,nan,nan,1
early,cage,2,7,resnet,True,none,lr,0.0001,0.0001,32,6,0.2233,1.3855,1.2377,0.7955,0.4583,nan,nan,nan,nan,0
early,cage,2,7,resnet,True,none,lr,0.0001,0.0001,32,7,0.1703,1.8441,1.1856,0.8182,0.5938,nan,nan,nan,nan,1
early,cage,2,7,resnet,True,none,lr,0.0001,0.0001,32,8,0.1123,1.8961,1.2971,0.8182,0.4965,nan,nan,nan,nan,0
early,cage,2,7,resnet,True,none,lr,0.0001,0.0001,32,9,0.1095,1.6455,1.2410,0.8182,0.6007,nan,nan,nan,nan,1
early,cage,2,7,resnet,True,none,lr,0.0001,0.0001,32,10,0.0987,2.5528,1.6143,0.8182,0.5694,nan,nan,nan,nan,1
early,cage,2,7,resnet,True,none,lr,0.0001,0.0001,32,11,0.0581,2.6110,1.6473,0.8182,0.6042,nan,nan,nan,nan,1
early,cage,2,7,resnet,True,none,lr,0.0001,0.0001,32,12,0.0599,2.4770,1.5843,0.8182,0.6111,nan,nan,nan,nan,0
early,cage,2,7,resnet,True,none,lr,0.0001,0.0001,32,13,0.0759,2.1999,1.3665,0.8182,0.5972,nan,nan,nan,nan,1
early,cage,2,7,resnet,True,none,lr,0.0001,0.0001,32,14,0.0590,3.2032,1.8714,0.8182,0.5729,nan,nan,nan,nan,0
early,cage,2,7,resnet,True,none,lr,0.0001,0.0001,32,15,0.0353,2.3089,1.6735,0.8182,0.6111,nan,nan,nan,nan,0
early,cage,2,7,resnet,True,none,lr,0.0001,0.0001,32,16,0.0409,3.0074,1.7951,0.8182,0.6250,1.9737,1.6807,0.8095,0.7426,1
early,cage,2,7,resnet,True,none,lr,0.0001,0.0001,32,17,0.0433,2.0729,1.5856,0.8636,0.6250,nan,nan,nan,nan,0
early,cage,2,7,resnet,True,none,lr,0.0001,0.0001,32,18,0.0711,2.9203,1.9652,0.8182,0.4722,nan,nan,nan,nan,0
early,cage,2,7,resnet,True,none,lr,0.0001,0.0001,32,19,0.0784,3.0680,1.8888,0.8182,0.4861,nan,nan,nan,nan,0
early,cage,2,7,resnet,True,none,lr,0.0001,0.0001,32,20,0.0268,3.2826,2.0375,0.8182,0.5000,nan,nan,nan,nan,0
early,cage,2,7,resnet,True,none,lr,0.0001,0.0001,32,21,0.0198,2.8942,2.0305,0.8182,0.3958,nan,nan,nan,nan,0
early,cage,2,8,resnet,True,none,lr,0.0001,0.0001,32,1,0.7124,0.6599,0.7182,0.6170,0.7147,nan,nan,nan,nan,0
early,cage,2,8,resnet,True,none,lr,0.0001,0.0001,32,2,0.6000,0.8161,0.8311,0.6596,0.5256,nan,nan,nan,nan,0
early,cage,2,8,resnet,True,none,lr,0.0001,0.0001,32,3,0.5195,0.9012,0.8210,0.7447,0.5385,nan,nan,nan,nan,0
early,cage,2,8,resnet,True,none,lr,0.0001,0.0001,32,4,0.4061,1.0783,0.9478,0.7447,0.5353,nan,nan,nan,nan,0
early,cage,2,8,resnet,True,none,lr,0.0001,0.0001,32,5,0.3057,0.8612,1.0716,0.7021,0.5929,nan,nan,nan,nan,1
early,cage,2,8,resnet,True,none,lr,0.0001,0.0001,32,6,0.2428,1.5690,1.0012,0.7872,0.6506,nan,nan,nan,nan,0
early,cage,2,8,resnet,True,none,lr,0.0001,0.0001,32,7,0.1685,1.6857,1.1998,0.7660,0.6378,nan,nan,nan,nan,1
early,cage,2,8,resnet,True,none,lr,0.0001,0.0001,32,8,0.1279,1.3583,1.1414,0.7872,0.6218,nan,nan,nan,nan,1
early,cage,2,8,resnet,True,none,lr,0.0001,0.0001,32,9,0.1170,1.4204,1.2351,0.7660,0.6378,nan,nan,nan,nan,1
early,cage,2,8,resnet,True,none,lr,0.0001,0.0001,32,10,0.0870,2.1875,1.4975,0.8085,0.6699,1.8455,1.3855,0.8095,0.6544,1
early,cage,2,8,resnet,True,none,lr,0.0001,0.0001,32,11,0.0839,1.7250,1.3940,0.8085,0.5962,nan,nan,nan,nan,0
early,cage,2,8,resnet,True,none,lr,0.0001,0.0001,32,12,0.0646,2.0742,1.5226,0.8298,0.5769,nan,nan,nan,nan,0
early,cage,2,8,resnet,True,none,lr,0.0001,0.0001,32,13,0.0738,2.8900,1.7656,0.8085,0.6186,nan,nan,nan,nan,0
early,cage,2,8,resnet,True,none,lr,0.0001,0.0001,32,14,0.0693,2.7880,1.7898,0.8085,0.5994,nan,nan,nan,nan,0
early,cage,2,8,resnet,True,none,lr,0.0001,0.0001,32,15,0.0448,2.4791,1.7184,0.8298,0.6314,nan,nan,nan,nan,0
early,cage,2,8,resnet,True,none,lr,0.0001,0.0001,32,16,0.0325,2.9135,1.7971,0.8085,0.6923,nan,nan,nan,nan,0
early,cage,2,9,resnet,True,none,lr,0.0001,0.0001,32,1,0.7100,0.6873,0.7496,0.6190,0.6027,nan,nan,nan,nan,0
early,cage,2,9,resnet,True,none,lr,0.0001,0.0001,32,2,0.6167,0.7352,0.7586,0.6190,0.6195,nan,nan,nan,nan,0
early,cage,2,9,resnet,True,none,lr,0.0001,0.0001,32,3,0.4983,0.7958,0.8063,0.6190,0.5859,nan,nan,nan,nan,0
early,cage,2,9,resnet,True,none,lr,0.0001,0.0001,32,4,0.3788,1.1277,1.1017,0.5952,0.5421,nan,nan,nan,nan,0
early,cage,2,9,resnet,True,none,lr,0.0001,0.0001,32,5,0.3011,1.3694,1.3356,0.5238,0.4310,0.9511,1.1002,0.6429,0.5809,1
early,cage,2,9,resnet,True,none,lr,0.0001,0.0001,32,6,0.2305,1.7808,1.2387,0.7143,0.4714,nan,nan,nan,nan,0
early,cage,2,9,resnet,True,none,lr,0.0001,0.0001,32,7,0.1537,2.1238,1.6771,0.6905,0.4646,nan,nan,nan,nan,0
early,cage,2,9,resnet,True,none,lr,0.0001,0.0001,32,8,0.1363,2.4200,2.1108,0.6905,0.4714,nan,nan,nan,nan,0
early,cage,2,9,resnet,True,none,lr,0.0001,0.0001,32,9,0.0870,2.4047,1.9615,0.7143,0.5690,nan,nan,nan,nan,0
early,cage,2,9,resnet,True,none,lr,0.0001,0.0001,32,10,0.0861,2.3577,1.8545,0.7143,0.5118,nan,nan,nan,nan,0
early,cage,2,9,resnet,True,none,lr,0.0001,0.0001,32,11,0.0765,2.4092,2.0708,0.7381,0.5185,nan,nan,nan,nan,0
early,cage,2,9,resnet,True,none,lr,0.0001,0.0001,32,12,0.0656,2.3334,2.0744,0.7143,0.5657,nan,nan,nan,nan,0
early,cage,2,9,resnet,True,none,lr,0.0001,0.0001,32,13,0.0482,2.2346,2.0305,0.6429,0.5690,nan,nan,nan,nan,0
early,cage,2,9,resnet,True,none,lr,0.0001,0.0001,32,14,0.0493,2.6201,2.1140,0.6905,0.5051,nan,nan,nan,nan,0
early,cage,2,9,resnet,True,none,lr,0.0001,0.0001,32,15,0.0435,2.6905,2.1901,0.6905,0.5118,nan,nan,nan,nan,0
early,cage,2,9,resnet,True,none,lr,0.0001,0.0001,32,16,0.0575,2.9879,2.2090,0.6905,0.4579,nan,nan,nan,nan,0
early,cage,3,0,resnet,True,none,lr,0.0001,0.0001,32,1,0.7100,0.6424,0.5989,0.7674,0.7500,nan,nan,nan,nan,0
early,cage,3,0,resnet,True,none,lr,0.0001,0.0001,32,2,0.6004,0.7270,0.6896,0.7907,0.6071,nan,nan,nan,nan,0
early,cage,3,0,resnet,True,none,lr,0.0001,0.0001,32,3,0.5136,0.6198,0.7632,0.6512,0.7738,nan,nan,nan,nan,0
early,cage,3,0,resnet,True,none,lr,0.0001,0.0001,32,4,0.4021,0.8801,0.8733,0.8140,0.6508,nan,nan,nan,nan,0
early,cage,3,0,resnet,True,none,lr,0.0001,0.0001,32,5,0.3020,0.7891,0.9528,0.7209,0.7063,nan,nan,nan,nan,1
early,cage,3,0,resnet,True,none,lr,0.0001,0.0001,32,6,0.2070,1.3764,1.1701,0.7674,0.6905,nan,nan,nan,nan,0
early,cage,3,0,resnet,True,none,lr,0.0001,0.0001,32,7,0.1758,1.1968,1.0656,0.7907,0.7976,1.5664,1.2438,0.8333,0.5184,1
early,cage,3,0,resnet,True,none,lr,0.0001,0.0001,32,8,0.1409,1.5339,1.3352,0.7674,0.6310,nan,nan,nan,nan,0
early,cage,3,0,resnet,True,none,lr,0.0001,0.0001,32,9,0.1190,1.6489,1.3344,0.7907,0.6627,nan,nan,nan,nan,0
early,cage,3,0,resnet,True,none,lr,0.0001,0.0001,32,10,0.0919,1.5153,1.3437,0.7907,0.7540,nan,nan,nan,nan,0
early,cage,3,0,resnet,True,none,lr,0.0001,0.0001,32,11,0.0701,2.2794,1.7068,0.8140,0.7222,nan,nan,nan,nan,0
early,cage,3,0,resnet,True,none,lr,0.0001,0.0001,32,12,0.0520,2.1803,1.7134,0.8140,0.6746,nan,nan,nan,nan,0
early,cage,3,0,resnet,True,none,lr,0.0001,0.0001,32,13,0.0802,1.9188,1.7442,0.7907,0.7103,nan,nan,nan,nan,0
early,cage,3,0,resnet,True,none,lr,0.0001,0.0001,32,14,0.0545,3.3704,2.2392,0.8140,0.5794,nan,nan,nan,nan,0
early,cage,3,0,resnet,True,none,lr,0.0001,0.0001,32,15,0.0570,1.2805,1.6693,0.7674,0.6190,nan,nan,nan,nan,0
early,cage,3,0,resnet,True,none,lr,0.0001,0.0001,32,16,0.0436,2.1698,1.9547,0.7907,0.5873,nan,nan,nan,nan,0
early,cage,3,1,resnet,True,none,lr,0.0001,0.0001,32,1,0.7073,0.6592,0.6292,0.7674,0.6706,nan,nan,nan,nan,0
early,cage,3,1,resnet,True,none,lr,0.0001,0.0001,32,2,0.6033,0.6362,0.6801,0.6279,0.6508,nan,nan,nan,nan,0
early,cage,3,1,resnet,True,none,lr,0.0001,0.0001,32,3,0.5031,0.6851,0.8605,0.6512,0.6587,nan,nan,nan,nan,0
early,cage,3,1,resnet,True,none,lr,0.0001,0.0001,32,4,0.4023,0.7274,0.7770,0.7442,0.6627,nan,nan,nan,nan,0
early,cage,3,1,resnet,True,none,lr,0.0001,0.0001,32,5,0.2914,1.0855,0.8206,0.8372,0.6706,nan,nan,nan,nan,1
early,cage,3,1,resnet,True,none,lr,0.0001,0.0001,32,6,0.2330,1.0135,0.8713,0.8605,0.7262,nan,nan,nan,nan,1
early,cage,3,1,resnet,True,none,lr,0.0001,0.0001,32,7,0.1720,0.8130,0.9619,0.7209,0.7262,nan,nan,nan,nan,1
early,cage,3,1,resnet,True,none,lr,0.0001,0.0001,32,8,0.1330,1.5033,1.1153,0.8140,0.7063,nan,nan,nan,nan,1
early,cage,3,1,resnet,True,none,lr,0.0001,0.0001,32,9,0.1249,1.0731,1.0992,0.7907,0.7381,1.1334,1.2849,0.7857,0.6041,1
early,cage,3,1,resnet,True,none,lr,0.0001,0.0001,32,10,0.0675,1.5779,1.1604,0.8372,0.6865,nan,nan,nan,nan,0
early,cage,3,1,resnet,True,none,lr,0.0001,0.0001,32,11,0.0724,1.2983,1.4097,0.7209,0.6667,nan,nan,nan,nan,0
early,cage,3,1,resnet,True,none,lr,0.0001,0.0001,32,12,0.0590,2.0204,1.4265,0.8140,0.6786,nan,nan,nan,nan,0
early,cage,3,1,resnet,True,none,lr,0.0001,0.0001,32,13,0.0600,1.6679,1.2690,0.8372,0.7579,nan,nan,nan,nan,0
early,cage,3,1,resnet,True,none,lr,0.0001,0.0001,32,14,0.0802,2.2436,1.5340,0.8372,0.6627,nan,nan,nan,nan,0
early,cage,3,1,resnet,True,none,lr,0.0001,0.0001,32,15,0.0383,2.1524,1.4923,0.8372,0.7500,nan,nan,nan,nan,0
early,cage,3,1,resnet,True,none,lr,0.0001,0.0001,32,16,0.0629,2.2765,1.6054,0.8140,0.6270,nan,nan,nan,nan,0
early,cage,3,2,resnet,True,none,lr,0.0001,0.0001,32,1,0.7242,0.6484,0.6938,0.5238,0.6287,nan,nan,nan,nan,0
early,cage,3,2,resnet,True,none,lr,0.0001,0.0001,32,2,0.6124,0.7202,0.6703,0.8095,0.6287,nan,nan,nan,nan,0
early,cage,3,2,resnet,True,none,lr,0.0001,0.0001,32,3,0.5051,0.6578,0.7366,0.7619,0.7537,nan,nan,nan,nan,0
early,cage,3,2,resnet,True,none,lr,0.0001,0.0001,32,4,0.4200,0.8245,0.8496,0.7381,0.6691,nan,nan,nan,nan,0
early,cage,3,2,resnet,True,none,lr,0.0001,0.0001,32,5,0.3061,1.6011,1.2099,0.8095,0.5037,nan,nan,nan,nan,1
early,cage,3,2,resnet,True,none,lr,0.0001,0.0001,32,6,0.2392,0.8854,1.0858,0.7381,0.6213,nan,nan,nan,nan,0
early,cage,3,2,resnet,True,none,lr,0.0001,0.0001,32,7,0.1849,1.3434,1.1031,0.8095,0.6434,nan,nan,nan,nan,0
early,cage,3,2,resnet,True,none,lr,0.0001,0.0001,32,8,0.1167,1.4743,1.3070,0.7857,0.6250,nan,nan,nan,nan,0
early,cage,3,2,resnet,True,none,lr,0.0001,0.0001,32,9,0.1037,1.6157,1.2275,0.8095,0.6985,nan,nan,nan,nan,0
early,cage,3,2,resnet,True,none,lr,0.0001,0.0001,32,10,0.0979,1.6331,1.4151,0.7143,0.6471,nan,nan,nan,nan,1
early,cage,3,2,resnet,True,none,lr,0.0001,0.0001,32,11,0.0781,2.0587,1.4642,0.8095,0.5846,nan,nan,nan,nan,0
early,cage,3,2,resnet,True,none,lr,0.0001,0.0001,32,12,0.0790,1.9093,1.4201,0.7857,0.7206,nan,nan,nan,nan,1
early,cage,3,2,resnet,True,none,lr,0.0001,0.0001,32,13,0.0793,1.6593,1.3586,0.8333,0.6471,nan,nan,nan,nan,0
early,cage,3,2,resnet,True,none,lr,0.0001,0.0001,32,14,0.0451,2.2613,1.5906,0.8095,0.6581,nan,nan,nan,nan,0
early,cage,3,2,resnet,True,none,lr,0.0001,0.0001,32,15,0.0353,1.5854,1.4213,0.8333,0.6875,nan,nan,nan,nan,0
early,cage,3,2,resnet,True,none,lr,0.0001,0.0001,32,16,0.0262,2.1289,1.5831,0.8095,0.7463,2.6395,1.7963,0.8333,0.5673,1
early,cage,3,2,resnet,True,none,lr,0.0001,0.0001,32,17,0.0113,1.9836,1.6095,0.8095,0.6544,nan,nan,nan,nan,0
early,cage,3,2,resnet,True,none,lr,0.0001,0.0001,32,18,0.0132,2.9380,2.0206,0.8095,0.5294,nan,nan,nan,nan,0
early,cage,3,2,resnet,True,none,lr,0.0001,0.0001,32,19,0.0595,1.7947,1.8176,0.6905,0.5662,nan,nan,nan,nan,0
early,cage,3,2,resnet,True,none,lr,0.0001,0.0001,32,20,0.0886,1.6242,1.4835,0.7857,0.7096,nan,nan,nan,nan,0
early,cage,3,2,resnet,True,none,lr,0.0001,0.0001,32,21,0.0476,3.0835,2.1023,0.8095,0.5919,nan,nan,nan,nan,0
early,cage,3,4,resnet,True,none,lr,0.0001,0.0001,32,1,0.7229,0.6664,0.6194,0.7907,0.7250,nan,nan,nan,nan,0
early,cage,3,4,resnet,True,none,lr,0.0001,0.0001,32,2,0.6094,0.7242,0.6555,0.8140,0.6536,nan,nan,nan,nan,0
early,cage,3,4,resnet,True,none,lr,0.0001,0.0001,32,3,0.5129,0.6785,0.8505,0.6744,0.6036,nan,nan,nan,nan,0
early,cage,3,4,resnet,True,none,lr,0.0001,0.0001,32,4,0.4054,0.8783,0.9142,0.8605,0.5643,nan,nan,nan,nan,0
early,cage,3,4,resnet,True,none,lr,0.0001,0.0001,32,5,0.3081,0.8742,1.0388,0.8372,0.6250,nan,nan,nan,nan,1
early,cage,3,4,resnet,True,none,lr,0.0001,0.0001,32,6,0.2543,1.3256,1.1051,0.7907,0.6500,nan,nan,nan,nan,0
early,cage,3,4,resnet,True,none,lr,0.0001,0.0001,32,7,0.1711,1.1516,1.2545,0.8837,0.6357,nan,nan,nan,nan,0
early,cage,3,4,resnet,True,none,lr,0.0001,0.0001,32,8,0.1329,1.8588,1.5260,0.8372,0.6429,nan,nan,nan,nan,0
early,cage,3,4,resnet,True,none,lr,0.0001,0.0001,32,9,0.0964,0.8100,1.2227,0.8837,0.7750,nan,nan,nan,nan,1
early,cage,3,4,resnet,True,none,lr,0.0001,0.0001,32,10,0.0971,1.3301,1.4164,0.8372,0.6929,nan,nan,nan,nan,1
early,cage,3,4,resnet,True,none,lr,0.0001,0.0001,32,11,0.1016,1.6446,1.6430,0.7907,0.6429,nan,nan,nan,nan,0
early,cage,3,4,resnet,True,none,lr,0.0001,0.0001,32,12,0.1117,1.5368,1.4426,0.7907,0.7143,1.7901,1.4310,0.8095,0.5714,1
early,cage,3,4,resnet,True,none,lr,0.0001,0.0001,32,13,0.0569,2.3177,1.8783,0.8372,0.6107,nan,nan,nan,nan,0
early,cage,3,4,resnet,True,none,lr,0.0001,0.0001,32,14,0.0417,0.9139,1.6953,0.6977,0.7071,nan,nan,nan,nan,0
early,cage,3,4,resnet,True,none,lr,0.0001,0.0001,32,15,0.0602,2.0499,1.8725,0.8372,0.6679,nan,nan,nan,nan,0
early,cage,3,4,resnet,True,none,lr,0.0001,0.0001,32,16,0.0311,2.1218,1.9630,0.8140,0.6786,nan,nan,nan,nan,0
early,cage,3,4,resnet,True,none,lr,0.0001,0.0001,32,17,0.0592,1.3196,1.5489,0.7907,0.8107,nan,nan,nan,nan,0
early,cage,3,5,resnet,True,none,lr,0.0001,0.0001,32,1,0.7081,0.6753,0.7468,0.4500,0.5376,nan,nan,nan,nan,0
early,cage,3,5,resnet,True,none,lr,0.0001,0.0001,32,2,0.5953,0.9178,0.7862,0.6750,0.4444,nan,nan,nan,nan,0
early,cage,3,5,resnet,True,none,lr,0.0001,0.0001,32,3,0.4921,1.2397,1.0023,0.6250,0.3943,nan,nan,nan,nan,0
early,cage,3,5,resnet,True,none,lr,0.0001,0.0001,32,4,0.3862,1.3770,1.1504,0.6750,0.4875,nan,nan,nan,nan,0
early,cage,3,5,resnet,True,none,lr,0.0001,0.0001,32,5,0.2877,1.4091,1.1924,0.6000,0.4516,0.8847,1.0104,0.7381,0.5469,1
early,cage,3,5,resnet,True,none,lr,0.0001,0.0001,32,6,0.2093,1.7185,1.4584,0.6500,0.4158,nan,nan,nan,nan,0
early,cage,3,5,resnet,True,none,lr,0.0001,0.0001,32,7,0.1632,2.4089,1.7953,0.6500,0.4158,nan,nan,nan,nan,0
early,cage,3,5,resnet,True,none,lr,0.0001,0.0001,32,8,0.1224,3.0583,2.1655,0.7250,0.3333,nan,nan,nan,nan,0
early,cage,3,5,resnet,True,none,lr,0.0001,0.0001,32,9,0.1207,2.4590,1.9226,0.7000,0.4158,nan,nan,nan,nan,0
early,cage,3,5,resnet,True,none,lr,0.0001,0.0001,32,10,0.0870,3.1896,2.2060,0.8000,0.4373,nan,nan,nan,nan,0
early,cage,3,5,resnet,True,none,lr,0.0001,0.0001,32,11,0.0842,3.8973,2.3848,0.7750,0.4588,nan,nan,nan,nan,0
early,cage,3,5,resnet,True,none,lr,0.0001,0.0001,32,12,0.0541,3.0608,2.2562,0.6750,0.4086,nan,nan,nan,nan,0
early,cage,3,5,resnet,True,none,lr,0.0001,0.0001,32,13,0.0575,3.4069,2.3419,0.7750,0.4229,nan,nan,nan,nan,0
early,cage,3,5,resnet,True,none,lr,0.0001,0.0001,32,14,0.0284,4.0570,2.7219,0.7750,0.3763,nan,nan,nan,nan,0
early,cage,3,5,resnet,True,none,lr,0.0001,0.0001,32,15,0.0375,4.2473,2.8563,0.7250,0.3835,nan,nan,nan,nan,0
early,cage,3,5,resnet,True,none,lr,0.0001,0.0001,32,16,0.0614,4.1358,2.8390,0.7500,0.4086,nan,nan,nan,nan,0
early,cage,3,6,resnet,True,none,lr,0.0001,0.0001,32,1,0.6967,0.7086,0.7187,0.5854,0.5095,nan,nan,nan,nan,0
early,cage,3,6,resnet,True,none,lr,0.0001,0.0001,32,2,0.6031,0.7674,0.7762,0.6098,0.4381,nan,nan,nan,nan,0
early,cage,3,6,resnet,True,none,lr,0.0001,0.0001,32,3,0.5145,0.8375,0.7428,0.8049,0.4952,nan,nan,nan,nan,0
early,cage,3,6,resnet,True,none,lr,0.0001,0.0001,32,4,0.3923,1.0084,1.0020,0.7561,0.4524,nan,nan,nan,nan,0
early,cage,3,6,resnet,True,none,lr,0.0001,0.0001,32,5,0.2980,0.9778,1.1665,0.6829,0.4381,nan,nan,nan,nan,1
early,cage,3,6,resnet,True,none,lr,0.0001,0.0001,32,6,0.2544,1.5004,1.4339,0.7561,0.4952,nan,nan,nan,nan,0
early,cage,3,6,resnet,True,none,lr,0.0001,0.0001,32,7,0.1818,1.4868,1.3410,0.8049,0.5143,1.0238,1.0672,0.8571,0.6816,1
early,cage,3,6,resnet,True,none,lr,0.0001,0.0001,32,8,0.1336,1.9821,1.6393,0.8537,0.3762,nan,nan,nan,nan,0
early,cage,3,6,resnet,True,none,lr,0.0001,0.0001,32,9,0.1187,2.2785,1.7482,0.8537,0.4095,nan,nan,nan,nan,0
early,cage,3,6,resnet,True,none,lr,0.0001,0.0001,32,10,0.0926,2.5921,1.9073,0.8537,0.4524,nan,nan,nan,nan,0
early,cage,3,6,resnet,True,none,lr,0.0001,0.0001,32,11,0.0681,2.6585,1.9623,0.8537,0.5095,nan,nan,nan,nan,0
early,cage,3,6,resnet,True,none,lr,0.0001,0.0001,32,12,0.0771,2.5403,1.8700,0.8537,0.4429,nan,nan,nan,nan,0
early,cage,3,6,resnet,True,none,lr,0.0001,0.0001,32,13,0.0691,2.6094,1.9086,0.8537,0.4333,nan,nan,nan,nan,0
early,cage,3,6,resnet,True,none,lr,0.0001,0.0001,32,14,0.0543,2.7582,2.0255,0.8537,0.4905,nan,nan,nan,nan,0
early,cage,3,6,resnet,True,none,lr,0.0001,0.0001,32,15,0.0473,2.2533,1.8969,0.8537,0.4048,nan,nan,nan,nan,0
early,cage,3,6,resnet,True,none,lr,0.0001,0.0001,32,16,0.0218,3.4147,2.3778,0.8537,0.4048,nan,nan,nan,nan,0
early,cage,3,7,resnet,True,none,lr,0.0001,0.0001,32,1,0.7050,0.7779,0.7564,0.5455,0.4236,nan,nan,nan,nan,0
early,cage,3,7,resnet,True,none,lr,0.0001,0.0001,32,2,0.6164,0.7627,0.8011,0.4545,0.4792,nan,nan,nan,nan,0
early,cage,3,7,resnet,True,none,lr,0.0001,0.0001,32,3,0.5112,0.9228,0.8006,0.7727,0.4514,nan,nan,nan,nan,0
early,cage,3,7,resnet,True,none,lr,0.0001,0.0001,32,4,0.4146,0.9278,0.8928,0.7955,0.5903,nan,nan,nan,nan,0
early,cage,3,7,resnet,True,none,lr,0.0001,0.0001,32,5,0.3148,1.2152,1.0362,0.7955,0.5660,nan,nan,nan,nan,1
early,cage,3,7,resnet,True,none,lr,0.0001,0.0001,32,6,0.2493,1.2520,1.0067,0.8182,0.5694,nan,nan,nan,nan,1
early,cage,3,7,resnet,True,none,lr,0.0001,0.0001,32,7,0.1836,1.8175,1.1955,0.7955,0.5729,nan,nan,nan,nan,1
early,cage,3,7,resnet,True,none,lr,0.0001,0.0001,32,8,0.1265,1.7584,1.3913,0.7955,0.4618,nan,nan,nan,nan,0
early,cage,3,7,resnet,True,none,lr,0.0001,0.0001,32,9,0.1104,1.6268,1.4412,0.7727,0.5417,nan,nan,nan,nan,0
early,cage,3,7,resnet,True,none,lr,0.0001,0.0001,32,10,0.1074,2.6785,1.6621,0.8182,0.5451,nan,nan,nan,nan,0
early,cage,3,7,resnet,True,none,lr,0.0001,0.0001,32,11,0.0701,2.5299,1.8839,0.7727,0.4757,nan,nan,nan,nan,0
early,cage,3,7,resnet,True,none,lr,0.0001,0.0001,32,12,0.0601,2.3086,1.5013,0.8182,0.6146,nan,nan,nan,nan,0
early,cage,3,7,resnet,True,none,lr,0.0001,0.0001,32,13,0.0424,2.6825,1.7588,0.7955,0.5486,nan,nan,nan,nan,0
early,cage,3,7,resnet,True,none,lr,0.0001,0.0001,32,14,0.0488,1.8382,1.6523,0.7955,0.5347,nan,nan,nan,nan,0
early,cage,3,7,resnet,True,none,lr,0.0001,0.0001,32,15,0.0713,2.4964,1.5706,0.8182,0.6632,nan,nan,nan,nan,1
early,cage,3,7,resnet,True,none,lr,0.0001,0.0001,32,16,0.1059,2.4773,1.8473,0.8409,0.5243,1.8079,1.6397,0.8095,0.6327,1
early,cage,3,7,resnet,True,none,lr,0.0001,0.0001,32,17,0.0447,3.4798,2.1596,0.8182,0.4792,nan,nan,nan,nan,0
early,cage,3,7,resnet,True,none,lr,0.0001,0.0001,32,18,0.0463,2.5473,1.6730,0.8409,0.6250,nan,nan,nan,nan,0
early,cage,3,7,resnet,True,none,lr,0.0001,0.0001,32,19,0.0489,2.6557,1.9096,0.7500,0.5833,nan,nan,nan,nan,0
early,cage,3,7,resnet,True,none,lr,0.0001,0.0001,32,20,0.0185,3.0313,2.1121,0.7955,0.5417,nan,nan,nan,nan,0
early,cage,3,7,resnet,True,none,lr,0.0001,0.0001,32,21,0.0063,3.2723,2.1632,0.7955,0.5347,nan,nan,nan,nan,0
early,cage,3,8,resnet,True,none,lr,0.0001,0.0001,32,1,0.7181,0.6995,0.7501,0.5745,0.6346,nan,nan,nan,nan,0
early,cage,3,8,resnet,True,none,lr,0.0001,0.0001,32,2,0.6052,0.6857,0.6389,0.8298,0.6474,nan,nan,nan,nan,0
early,cage,3,8,resnet,True,none,lr,0.0001,0.0001,32,3,0.4963,0.8373,0.8149,0.7872,0.5897,nan,nan,nan,nan,0
early,cage,3,8,resnet,True,none,lr,0.0001,0.0001,32,4,0.4080,0.6990,0.7889,0.7447,0.6218,nan,nan,nan,nan,0
early,cage,3,8,resnet,True,none,lr,0.0001,0.0001,32,5,0.2980,0.9708,0.8905,0.7872,0.6154,0.7436,0.8974,0.7381,0.7469,1
early,cage,3,8,resnet,True,none,lr,0.0001,0.0001,32,6,0.2533,1.1835,0.9948,0.7447,0.5481,nan,nan,nan,nan,0
early,cage,3,8,resnet,True,none,lr,0.0001,0.0001,32,7,0.1645,1.7609,1.2538,0.7872,0.4936,nan,nan,nan,nan,0
early,cage,3,8,resnet,True,none,lr,0.0001,0.0001,32,8,0.1551,1.5374,1.3318,0.7021,0.5481,nan,nan,nan,nan,0
early,cage,3,8,resnet,True,none,lr,0.0001,0.0001,32,9,0.1227,1.4048,1.2819,0.7447,0.5641,nan,nan,nan,nan,0
early,cage,3,8,resnet,True,none,lr,0.0001,0.0001,32,10,0.0874,2.4638,1.5058,0.8298,0.5929,nan,nan,nan,nan,0
early,cage,3,8,resnet,True,none,lr,0.0001,0.0001,32,11,0.0654,2.5356,1.5468,0.8298,0.6122,nan,nan,nan,nan,0
early,cage,3,8,resnet,True,none,lr,0.0001,0.0001,32,12,0.0433,2.4487,1.5488,0.8298,0.5288,nan,nan,nan,nan,0
early,cage,3,8,resnet,True,none,lr,0.0001,0.0001,32,13,0.0599,2.3558,1.5081,0.8298,0.6827,nan,nan,nan,nan,0
early,cage,3,8,resnet,True,none,lr,0.0001,0.0001,32,14,0.0969,2.4257,1.6517,0.7872,0.4872,nan,nan,nan,nan,0
early,cage,3,8,resnet,True,none,lr,0.0001,0.0001,32,15,0.0451,2.2076,1.5328,0.7660,0.5417,nan,nan,nan,nan,0
early,cage,3,8,resnet,True,none,lr,0.0001,0.0001,32,16,0.0483,2.9858,1.8302,0.8085,0.6250,nan,nan,nan,nan,0
early,cage,3,9,resnet,True,none,lr,0.0001,0.0001,32,1,0.7136,0.6974,0.6770,0.7381,0.6532,nan,nan,nan,nan,0
early,cage,3,9,resnet,True,none,lr,0.0001,0.0001,32,2,0.5901,0.7964,0.7538,0.7143,0.6229,nan,nan,nan,nan,0
early,cage,3,9,resnet,True,none,lr,0.0001,0.0001,32,3,0.4895,0.6829,0.8786,0.6667,0.6801,nan,nan,nan,nan,0
early,cage,3,9,resnet,True,none,lr,0.0001,0.0001,32,4,0.3927,0.8518,1.0970,0.5714,0.5859,nan,nan,nan,nan,0
early,cage,3,9,resnet,True,none,lr,0.0001,0.0001,32,5,0.2945,1.4255,1.1806,0.6905,0.5387,0.9306,0.9185,0.8095,0.7224,1
early,cage,3,9,resnet,True,none,lr,0.0001,0.0001,32,6,0.2120,1.4577,1.3644,0.6905,0.5253,nan,nan,nan,nan,0
early,cage,3,9,resnet,True,none,lr,0.0001,0.0001,32,7,0.1707,2.1285,1.7389,0.6905,0.4916,nan,nan,nan,nan,0
early,cage,3,9,resnet,True,none,lr,0.0001,0.0001,32,8,0.1367,1.6790,1.4933,0.6905,0.5690,nan,nan,nan,nan,0
early,cage,3,9,resnet,True,none,lr,0.0001,0.0001,32,9,0.1051,2.0488,1.5092,0.7619,0.5185,nan,nan,nan,nan,0
early,cage,3,9,resnet,True,none,lr,0.0001,0.0001,32,10,0.0801,2.0381,1.7296,0.7143,0.6027,nan,nan,nan,nan,0
early,cage,3,9,resnet,True,none,lr,0.0001,0.0001,32,11,0.0868,2.1365,1.9261,0.7143,0.5791,nan,nan,nan,nan,0
early,cage,3,9,resnet,True,none,lr,0.0001,0.0001,32,12,0.0482,2.7118,1.8907,0.7143,0.5488,nan,nan,nan,nan,0
early,cage,3,9,resnet,True,none,lr,0.0001,0.0001,32,13,0.0360,2.6232,2.0668,0.6667,0.6263,nan,nan,nan,nan,0
early,cage,3,9,resnet,True,none,lr,0.0001,0.0001,32,14,0.0571,3.1193,2.1286,0.7381,0.5724,nan,nan,nan,nan,0
early,cage,3,9,resnet,True,none,lr,0.0001,0.0001,32,15,0.0852,2.5571,2.0726,0.6667,0.4276,nan,nan,nan,nan,0
early,cage,3,9,resnet,True,none,lr,0.0001,0.0001,32,16,0.0794,2.3004,1.8785,0.6905,0.5724,nan,nan,nan,nan,0
early,cage,4,0,resnet,True,none,lr,0.0001,0.0001,32,1,0.7160,0.6896,0.7408,0.4186,0.5437,nan,nan,nan,nan,0
early,cage,4,0,resnet,True,none,lr,0.0001,0.0001,32,2,0.6307,0.6232,0.6449,0.7442,0.7302,nan,nan,nan,nan,0
early,cage,4,0,resnet,True,none,lr,0.0001,0.0001,32,3,0.5287,0.7247,0.7746,0.7674,0.6151,nan,nan,nan,nan,0
early,cage,4,0,resnet,True,none,lr,0.0001,0.0001,32,4,0.4434,0.6576,0.8456,0.5581,0.6786,nan,nan,nan,nan,0
early,cage,4,0,resnet,True,none,lr,0.0001,0.0001,32,5,0.3066,0.7976,0.8878,0.7674,0.7698,nan,nan,nan,nan,1
early,cage,4,0,resnet,True,none,lr,0.0001,0.0001,32,6,0.2574,1.3995,1.0958,0.8140,0.7341,nan,nan,nan,nan,1
early,cage,4,0,resnet,True,none,lr,0.0001,0.0001,32,7,0.1739,0.7328,1.1022,0.7209,0.7698,nan,nan,nan,nan,1
early,cage,4,0,resnet,True,none,lr,0.0001,0.0001,32,8,0.1487,1.6796,1.3389,0.8140,0.7817,nan,nan,nan,nan,1
early,cage,4,0,resnet,True,none,lr,0.0001,0.0001,32,9,0.1212,1.0679,1.1376,0.7907,0.7183,0.9154,1.0873,0.8140,0.7571,1
early,cage,4,0,resnet,True,none,lr,0.0001,0.0001,32,10,0.0993,1.5204,1.3458,0.7907,0.6905,nan,nan,nan,nan,0
early,cage,4,0,resnet,True,none,lr,0.0001,0.0001,32,11,0.0658,1.8618,1.4395,0.8140,0.7540,nan,nan,nan,nan,0
early,cage,4,0,resnet,True,none,lr,0.0001,0.0001,32,12,0.0514,1.9835,1.5683,0.8140,0.7302,nan,nan,nan,nan,0
early,cage,4,0,resnet,True,none,lr,0.0001,0.0001,32,13,0.0672,2.1873,1.7025,0.8372,0.6587,nan,nan,nan,nan,0
early,cage,4,0,resnet,True,none,lr,0.0001,0.0001,32,14,0.0669,0.8249,1.3802,0.8605,0.7897,nan,nan,nan,nan,0
early,cage,4,0,resnet,True,none,lr,0.0001,0.0001,32,15,0.0609,2.1520,1.7014,0.8372,0.6786,nan,nan,nan,nan,0
early,cage,4,0,resnet,True,none,lr,0.0001,0.0001,32,16,0.0318,2.2146,1.6815,0.8140,0.7976,nan,nan,nan,nan,0
early,cage,4,1,resnet,True,none,lr,0.0001,0.0001,32,1,0.7280,0.7015,0.6067,0.8140,0.5675,nan,nan,nan,nan,0
early,cage,4,1,resnet,True,none,lr,0.0001,0.0001,32,2,0.6374,0.6374,0.6241,0.6744,0.6984,nan,nan,nan,nan,0
early,cage,4,1,resnet,True,none,lr,0.0001,0.0001,32,3,0.5302,0.6626,0.7067,0.7674,0.6508,nan,nan,nan,nan,0
early,cage,4,1,resnet,True,none,lr,0.0001,0.0001,32,4,0.4102,0.6693,0.6994,0.7674,0.7063,nan,nan,nan,nan,0
early,cage,4,1,resnet,True,none,lr,0.0001,0.0001,32,5,0.3390,0.8364,0.9117,0.7209,0.5714,nan,nan,nan,nan,1
early,cage,4,1,resnet,True,none,lr,0.0001,0.0001,32,6,0.2303,1.1984,0.9565,0.8372,0.5952,nan,nan,nan,nan,1
early,cage,4,1,resnet,True,none,lr,0.0001,0.0001,32,7,0.1710,0.9740,1.1108,0.7442,0.6389,nan,nan,nan,nan,0
early,cage,4,1,resnet,True,none,lr,0.0001,0.0001,32,8,0.1329,1.4072,1.0794,0.8372,0.6310,nan,nan,nan,nan,0
early,cage,4,1,resnet,True,none,lr,0.0001,0.0001,32,9,0.1235,1.2937,1.3424,0.8140,0.6587,nan,nan,nan,nan,0
early,cage,4,1,resnet,True,none,lr,0.0001,0.0001,32,10,0.0817,1.3877,1.1110,0.8605,0.7222,nan,nan,nan,nan,0
early,cage,4,1,resnet,True,none,lr,0.0001,0.0001,32,11,0.0957,1.3256,1.2463,0.7674,0.6548,0.9260,1.2266,0.8605,0.8107,1
early,cage,4,1,resnet,True,none,lr,0.0001,0.0001,32,12,0.0788,1.9531,1.2988,0.8140,0.6310,nan,nan,nan,nan,0
early,cage,4,1,resnet,True,none,lr,0.0001,0.0001,32,13,0.0551,1.7931,1.3516,0.8605,0.6587,nan,nan,nan,nan,0
early,cage,4,1,resnet,True,none,lr,0.0001,0.0001,32,14,0.0398,2.2930,1.5099,0.8372,0.6429,nan,nan,nan,nan,0
early,cage,4,1,resnet,True,none,lr,0.0001,0.0001,32,15,0.0182,2.5497,1.5450,0.8372,0.6389,nan,nan,nan,nan,0
early,cage,4,1,resnet,True,none,lr,0.0001,0.0001,32,16,0.0319,2.4804,1.6713,0.8372,0.6825,nan,nan,nan,nan,0
early,cage,4,2,resnet,True,none,lr,0.0001,0.0001,32,1,0.7126,0.6439,0.6962,0.6905,0.6654,nan,nan,nan,nan,0
early,cage,4,2,resnet,True,none,lr,0.0001,0.0001,32,2,0.6167,0.6374,0.7663,0.5952,0.7022,nan,nan,nan,nan,0
early,cage,4,2,resnet,True,none,lr,0.0001,0.0001,32,3,0.5191,0.7425,0.7349,0.6429,0.6029,nan,nan,nan,nan,0
early,cage,4,2,resnet,True,none,lr,0.0001,0.0001,32,4,0.4119,0.7330,0.7252,0.7857,0.6875,nan,nan,nan,nan,0
early,cage,4,2,resnet,True,none,lr,0.0001,0.0001,32,5,0.3211,0.8980,0.9475,0.7381,0.6397,nan,nan,nan,nan,1
early,cage,4,2,resnet,True,none,lr,0.0001,0.0001,32,6,0.2214,1.0195,1.0910,0.7857,0.6875,nan,nan,nan,nan,0
early,cage,4,2,resnet,True,none,lr,0.0001,0.0001,32,7,0.1930,1.2267,1.3192,0.7381,0.6691,nan,nan,nan,nan,0
early,cage,4,2,resnet,True,none,lr,0.0001,0.0001,32,8,0.1367,1.4253,1.2989,0.7857,0.6618,1.1620,1.3230,0.8140,0.8071,1
early,cage,4,2,resnet,True,none,lr,0.0001,0.0001,32,9,0.1233,0.9917,1.1919,0.7857,0.6801,nan,nan,nan,nan,0
early,cage,4,2,resnet,True,none,lr,0.0001,0.0001,32,10,0.1055,1.3349,1.2747,0.7619,0.6250,nan,nan,nan,nan,0
early,cage,4,2,resnet,True,none,lr,0.0001,0.0001,32,11,0.0546,1.8275,1.6501,0.7381,0.5993,nan,nan,nan,nan,0
early,cage,4,2,resnet,True,none,lr,0.0001,0.0001,32,12,0.0494,1.5559,1.3744,0.7857,0.6176,nan,nan,nan,nan,0
early,cage,4,2,resnet,True,none,lr,0.0001,0.0001,32,13,0.0625,1.9620,1.6754,0.7857,0.5993,nan,nan,nan,nan,0
early,cage,4,2,resnet,True,none,lr,0.0001,0.0001,32,14,0.0680,2.6621,1.7576,0.8095,0.6838,nan,nan,nan,nan,0
early,cage,4,2,resnet,True,none,lr,0.0001,0.0001,32,15,0.0662,2.5330,1.8027,0.8095,0.6397,nan,nan,nan,nan,0
early,cage,4,2,resnet,True,none,lr,0.0001,0.0001,32,16,0.0477,1.8604,1.6476,0.7619,0.6728,nan,nan,nan,nan,0
early,cage,4,3,resnet,True,none,lr,0.0001,0.0001,32,1,0.7076,0.7084,0.6597,0.6667,0.5429,nan,nan,nan,nan,0
early,cage,4,3,resnet,True,none,lr,0.0001,0.0001,32,2,0.6241,0.6912,0.7362,0.5952,0.5837,nan,nan,nan,nan,0
early,cage,4,3,resnet,True,none,lr,0.0001,0.0001,32,3,0.5417,0.6897,0.7563,0.6667,0.6286,nan,nan,nan,nan,0
early,cage,4,3,resnet,True,none,lr,0.0001,0.0001,32,4,0.4253,0.7806,0.9142,0.7143,0.5429,nan,nan,nan,nan,0
early,cage,4,3,resnet,True,none,lr,0.0001,0.0001,32,5,0.3376,1.0097,1.0044,0.7381,0.6041,nan,nan,nan,nan,1
early,cage,4,3,resnet,True,none,lr,0.0001,0.0001,32,6,0.2363,1.1933,1.2352,0.7381,0.5673,nan,nan,nan,nan,0
early,cage,4,3,resnet,True,none,lr,0.0001,0.0001,32,7,0.1903,0.9740,1.2295,0.7619,0.5469,nan,nan,nan,nan,0
early,cage,4,3,resnet,True,none,lr,0.0001,0.0001,32,8,0.1348,2.0190,1.5259,0.8095,0.4694,nan,nan,nan,nan,0
early,cage,4,3,resnet,True,none,lr,0.0001,0.0001,32,9,0.1128,1.5206,1.7005,0.8333,0.4612,nan,nan,nan,nan,0
early,cage,4,3,resnet,True,none,lr,0.0001,0.0001,32,10,0.1018,1.3859,1.6498,0.7857,0.5918,nan,nan,nan,nan,0
early,cage,4,3,resnet,True,none,lr,0.0001,0.0001,32,11,0.0717,1.1272,1.3166,0.8095,0.6327,nan,nan,nan,nan,0
early,cage,4,3,resnet,True,none,lr,0.0001,0.0001,32,12,0.0651,0.9536,1.3051,0.7619,0.6612,nan,nan,nan,nan,0
early,cage,4,3,resnet,True,none,lr,0.0001,0.0001,32,13,0.0822,1.7863,1.6071,0.8095,0.5265,nan,nan,nan,nan,0
early,cage,4,3,resnet,True,none,lr,0.0001,0.0001,32,14,0.0651,2.7164,1.8285,0.8333,0.5714,nan,nan,nan,nan,1
early,cage,4,3,resnet,True,none,lr,0.0001,0.0001,32,15,0.0472,2.2456,1.6947,0.8095,0.6571,nan,nan,nan,nan,1
early,cage,4,3,resnet,True,none,lr,0.0001,0.0001,32,16,0.0507,2.4301,1.8301,0.8333,0.5510,nan,nan,nan,nan,0
early,cage,4,3,resnet,True,none,lr,0.0001,0.0001,32,17,0.0664,1.6640,1.6432,0.7857,0.6408,nan,nan,nan,nan,0
early,cage,4,3,resnet,True,none,lr,0.0001,0.0001,32,18,0.0320,1.9297,1.6775,0.7857,0.6367,nan,nan,nan,nan,0
early,cage,4,3,resnet,True,none,lr,0.0001,0.0001,32,19,0.0473,2.3609,1.9537,0.8333,0.5837,nan,nan,nan,nan,0
early,cage,4,3,resnet,True,none,lr,0.0001,0.0001,32,20,0.0414,2.5448,1.8531,0.8095,0.6694,nan,nan,nan,nan,1
early,cage,4,3,resnet,True,none,lr,0.0001,0.0001,32,21,0.0106,2.4390,1.8759,0.7857,0.6204,nan,nan,nan,nan,1
early,cage,4,3,resnet,True,none,lr,0.0001,0.0001,32,22,0.0306,2.3321,1.8315,0.8333,0.6367,nan,nan,nan,nan,0
early,cage,4,3,resnet,True,none,lr,0.0001,0.0001,32,23,0.0346,2.7075,2.0893,0.8095,0.5918,nan,nan,nan,nan,0
early,cage,4,3,resnet,True,none,lr,0.0001,0.0001,32,24,0.0478,2.8727,2.0961,0.8333,0.6776,3.0229,2.4734,0.8140,0.6679,1
early,cage,4,3,resnet,True,none,lr,0.0001,0.0001,32,25,0.0398,3.2484,2.4550,0.8095,0.6612,nan,nan,nan,nan,0
early,cage,4,3,resnet,True,none,lr,0.0001,0.0001,32,26,0.0368,2.0996,1.9099,0.8095,0.5510,nan,nan,nan,nan,0
early,cage,4,3,resnet,True,none,lr,0.0001,0.0001,32,27,0.0152,3.4724,2.2651,0.8333,0.7143,nan,nan,nan,nan,0
early,cage,4,3,resnet,True,none,lr,0.0001,0.0001,32,28,0.0514,3.1486,2.1201,0.8333,0.6122,nan,nan,nan,nan,0
early,cage,4,3,resnet,True,none,lr,0.0001,0.0001,32,29,0.0168,2.6689,2.1418,0.8095,0.5755,nan,nan,nan,nan,0
early,cage,4,5,resnet,True,none,lr,0.0001,0.0001,32,1,0.7057,0.8795,0.7670,0.6000,0.4337,nan,nan,nan,nan,0
early,cage,4,5,resnet,True,none,lr,0.0001,0.0001,32,2,0.6080,0.9723,0.8485,0.5750,0.3513,nan,nan,nan,nan,0
early,cage,4,5,resnet,True,none,lr,0.0001,0.0001,32,3,0.5024,0.9635,0.9053,0.6000,0.4444,nan,nan,nan,nan,0
early,cage,4,5,resnet,True,none,lr,0.0001,0.0001,32,4,0.3834,1.0530,1.0285,0.6250,0.4552,nan,nan,nan,nan,0
early,cage,4,5,resnet,True,none,lr,0.0001,0.0001,32,5,0.2830,1.8418,1.3834,0.7000,0.3405,nan,nan,nan,nan,1
early,cage,4,5,resnet,True,none,lr,0.0001,0.0001,32,6,0.2202,2.0652,1.5966,0.7000,0.4480,nan,nan,nan,nan,0
early,cage,4,5,resnet,True,none,lr,0.0001,0.0001,32,7,0.1809,2.2986,1.7968,0.6000,0.4409,1.1429,1.2859,0.7907,0.7107,1
early,cage,4,5,resnet,True,none,lr,0.0001,0.0001,32,8,0.1151,3.1898,2.1642,0.7000,0.3513,nan,nan,nan,nan,0
early,cage,4,5,resnet,True,none,lr,0.0001,0.0001,32,9,0.0963,2.4710,1.8736,0.6250,0.4158,nan,nan,nan,nan,0
early,cage,4,5,resnet,True,none,lr,0.0001,0.0001,32,10,0.0937,2.8839,2.1388,0.6750,0.3799,nan,nan,nan,nan,0
early,cage,4,5,resnet,True,none,lr,0.0001,0.0001,32,11,0.0843,3.9703,2.6163,0.7750,0.2939,nan,nan,nan,nan,0
early,cage,4,5,resnet,True,none,lr,0.0001,0.0001,32,12,0.0763,3.2325,2.3170,0.7250,0.3620,nan,nan,nan,nan,0
early,cage,4,5,resnet,True,none,lr,0.0001,0.0001,32,13,0.0635,3.1728,2.5104,0.7250,0.3369,nan,nan,nan,nan,0
early,cage,4,5,resnet,True,none,lr,0.0001,0.0001,32,14,0.0320,4.2826,2.8995,0.7750,0.3763,nan,nan,nan,nan,0
early,cage,4,5,resnet,True,none,lr,0.0001,0.0001,32,15,0.0382,3.3855,2.4369,0.7000,0.4194,nan,nan,nan,nan,0
early,cage,4,5,resnet,True,none,lr,0.0001,0.0001,32,16,0.0395,4.4202,2.9929,0.7500,0.3692,nan,nan,nan,nan,0
early,cage,4,6,resnet,True,none,lr,0.0001,0.0001,32,1,0.7092,0.7149,0.6695,0.7073,0.4381,nan,nan,nan,nan,0
early,cage,4,6,resnet,True,none,lr,0.0001,0.0001,32,2,0.6228,0.6886,0.7533,0.5366,0.5381,nan,nan,nan,nan,0
early,cage,4,6,resnet,True,none,lr,0.0001,0.0001,32,3,0.5403,0.7042,0.7329,0.7317,0.5762,nan,nan,nan,nan,0
early,cage,4,6,resnet,True,none,lr,0.0001,0.0001,32,4,0.4011,0.8400,0.8792,0.7317,0.6095,nan,nan,nan,nan,0
early,cage,4,6,resnet,True,none,lr,0.0001,0.0001,32,5,0.3138,1.1579,1.1607,0.7561,0.4238,nan,nan,nan,nan,1
early,cage,4,6,resnet,True,none,lr,0.0001,0.0001,32,6,0.2508,1.3936,1.3352,0.7805,0.4476,nan,nan,nan,nan,0
early,cage,4,6,resnet,True,none,lr,0.0001,0.0001,32,7,0.1809,2.0980,1.6654,0.8293,0.4476,nan,nan,nan,nan,0
early,cage,4,6,resnet,True,none,lr,0.0001,0.0001,32,8,0.1358,1.5976,1.4107,0.8537,0.4905,nan,nan,nan,nan,0
early,cage,4,6,resnet,True,none,lr,0.0001,0.0001,32,9,0.1028,2.1773,1.7473,0.8537,0.4095,nan,nan,nan,nan,0
early,cage,4,6,resnet,True,none,lr,0.0001,0.0001,32,10,0.0872,1.6026,1.6031,0.8049,0.5619,nan,nan,nan,nan,0
early,cage,4,6,resnet,True,none,lr,0.0001,0.0001,32,11,0.0807,1.7359,1.7277,0.8293,0.5286,nan,nan,nan,nan,0
early,cage,4,6,resnet,True,none,lr,0.0001,0.0001,32,12,0.0774,2.1524,2.0275,0.8049,0.5476,nan,nan,nan,nan,0
early,cage,4,6,resnet,True,none,lr,0.0001,0.0001,32,13,0.0625,2.6854,2.0617,0.8537,0.5048,nan,nan,nan,nan,0
early,cage,4,6,resnet,True,none,lr,0.0001,0.0001,32,14,0.0631,1.9604,1.8191,0.8293,0.5571,1.3286,1.5459,0.7674,0.7750,1
early,cage,4,6,resnet,True,none,lr,0.0001,0.0001,32,15,0.0473,2.2898,1.9389,0.8537,0.4667,nan,nan,nan,nan,0
early,cage,4,6,resnet,True,none,lr,0.0001,0.0001,32,16,0.0695,2.0348,1.9494,0.8049,0.5238,nan,nan,nan,nan,0
early,cage,4,6,resnet,True,none,lr,0.0001,0.0001,32,17,0.0685,2.6511,2.0424,0.8537,0.5333,nan,nan,nan,nan,0
early,cage,4,6,resnet,True,none,lr,0.0001,0.0001,32,18,0.0255,3.1681,2.5003,0.8049,0.5095,nan,nan,nan,nan,0
early,cage,4,6,resnet,True,none,lr,0.0001,0.0001,32,19,0.0171,3.0656,2.3136,0.8537,0.5048,nan,nan,nan,nan,0
early,cage,4,7,resnet,True,none,lr,0.0001,0.0001,32,1,0.7160,0.7001,0.8024,0.4091,0.5417,nan,nan,nan,nan,0
early,cage,4,7,resnet,True,none,lr,0.0001,0.0001,32,2,0.6236,0.7537,0.6801,0.7727,0.5590,nan,nan,nan,nan,0
early,cage,4,7,resnet,True,none,lr,0.0001,0.0001,32,3,0.5326,0.7607,0.8144,0.5682,0.5347,nan,nan,nan,nan,0
early,cage,4,7,resnet,True,none,lr,0.0001,0.0001,32,4,0.4003,0.7902,0.8824,0.7045,0.5972,nan,nan,nan,nan,0
early,cage,4,7,resnet,True,none,lr,0.0001,0.0001,32,5,0.3551,1.1716,0.8438,0.7955,0.5243,nan,nan,nan,nan,1
early,cage,4,7,resnet,True,none,lr,0.0001,0.0001,32,6,0.2395,1.0543,0.9487,0.7727,0.6285,nan,nan,nan,nan,1
early,cage,4,7,resnet,True,none,lr,0.0001,0.0001,32,7,0.1806,1.8190,1.1934,0.7955,0.5903,nan,nan,nan,nan,1
early,cage,4,7,resnet,True,none,lr,0.0001,0.0001,32,8,0.1642,1.6760,1.2164,0.7727,0.5312,nan,nan,nan,nan,0
early,cage,4,7,resnet,True,none,lr,0.0001,0.0001,32,9,0.1160,1.6725,1.2736,0.8182,0.6076,nan,nan,nan,nan,0
early,cage,4,7,resnet,True,none,lr,0.0001,0.0001,32,10,0.0909,2.4928,1.4520,0.8182,0.6354,1.8397,1.5331,0.8372,0.7500,1
early,cage,4,7,resnet,True,none,lr,0.0001,0.0001,32,11,0.0805,1.3604,1.3811,0.7500,0.6319,nan,nan,nan,nan,0
early,cage,4,7,resnet,True,none,lr,0.0001,0.0001,32,12,0.0694,1.8084,1.4302,0.7955,0.5521,nan,nan,nan,nan,0
early,cage,4,7,resnet,True,none,lr,0.0001,0.0001,32,13,0.0384,2.5617,1.6085,0.8182,0.5729,nan,nan,nan,nan,0
early,cage,4,7,resnet,True,none,lr,0.0001,0.0001,32,14,0.0320,2.6937,1.7981,0.7955,0.4896,nan,nan,nan,nan,0
early,cage,4,7,resnet,True,none,lr,0.0001,0.0001,32,15,0.0347,2.3592,1.6274,0.8182,0.5417,nan,nan,nan,nan,0
early,cage,4,7,resnet,True,none,lr,0.0001,0.0001,32,16,0.0590,1.7324,1.6499,0.7955,0.6076,nan,nan,nan,nan,0
early,cage,4,8,resnet,True,none,lr,0.0001,0.0001,32,1,0.7149,0.6760,0.6574,0.7447,0.6090,nan,nan,nan,nan,0
early,cage,4,8,resnet,True,none,lr,0.0001,0.0001,32,2,0.6177,0.6598,0.7016,0.7021,0.6474,nan,nan,nan,nan,0
early,cage,4,8,resnet,True,none,lr,0.0001,0.0001,32,3,0.5210,0.7539,0.7320,0.6809,0.5962,nan,nan,nan,nan,0
early,cage,4,8,resnet,True,none,lr,0.0001,0.0001,32,4,0.4022,0.8758,0.7721,0.8298,0.6250,nan,nan,nan,nan,0
early,cage,4,8,resnet,True,none,lr,0.0001,0.0001,32,5,0.3105,0.9335,0.9111,0.7021,0.6154,nan,nan,nan,nan,1
early,cage,4,8,resnet,True,none,lr,0.0001,0.0001,32,6,0.2434,0.7786,0.8487,0.7872,0.7308,nan,nan,nan,nan,1
early,cage,4,8,resnet,True,none,lr,0.0001,0.0001,32,7,0.1757,1.5254,1.1139,0.8085,0.6731,1.4449,1.3502,0.7907,0.5821,1
early,cage,4,8,resnet,True,none,lr,0.0001,0.0001,32,8,0.1345,1.5564,1.2208,0.7872,0.5417,nan,nan,nan,nan,0
early,cage,4,8,resnet,True,none,lr,0.0001,0.0001,32,9,0.1401,1.4919,1.1922,0.8085,0.5737,nan,nan,nan,nan,0
early,cage,4,8,resnet,True,none,lr,0.0001,0.0001,32,10,0.0952,2.3401,1.4439,0.8298,0.6506,nan,nan,nan,nan,0
early,cage,4,8,resnet,True,none,lr,0.0001,0.0001,32,11,0.0648,2.1237,1.4066,0.7872,0.5641,nan,nan,nan,nan,0
early,cage,4,8,resnet,True,none,lr,0.0001,0.0001,32,12,0.0788,2.5424,1.6508,0.8085,0.5417,nan,nan,nan,nan,0
early,cage,4,8,resnet,True,none,lr,0.0001,0.0001,32,13,0.0756,2.4253,1.5207,0.8085,0.5513,nan,nan,nan,nan,0
early,cage,4,8,resnet,True,none,lr,0.0001,0.0001,32,14,0.0256,2.2889,1.4811,0.7872,0.6090,nan,nan,nan,nan,0
early,cage,4,8,resnet,True,none,lr,0.0001,0.0001,32,15,0.0442,2.3929,1.5270,0.8085,0.7340,nan,nan,nan,nan,0
early,cage,4,8,resnet,True,none,lr,0.0001,0.0001,32,16,0.0230,2.9264,1.8052,0.8085,0.5769,nan,nan,nan,nan,0
early,cage,4,9,resnet,True,none,lr,0.0001,0.0001,32,1,0.7091,0.8130,0.6690,0.7857,0.5657,nan,nan,nan,nan,0
early,cage,4,9,resnet,True,none,lr,0.0001,0.0001,32,2,0.6103,0.7433,0.8213,0.6667,0.5859,nan,nan,nan,nan,0
early,cage,4,9,resnet,True,none,lr,0.0001,0.0001,32,3,0.5141,0.8513,0.7991,0.6667,0.5421,nan,nan,nan,nan,0
early,cage,4,9,resnet,True,none,lr,0.0001,0.0001,32,4,0.3897,1.2307,1.0826,0.6905,0.5017,nan,nan,nan,nan,0
early,cage,4,9,resnet,True,none,lr,0.0001,0.0001,32,5,0.3069,1.1761,1.2254,0.7381,0.5623,0.7586,0.9292,0.8140,0.7464,1
early,cage,4,9,resnet,True,none,lr,0.0001,0.0001,32,6,0.2359,1.6293,1.3350,0.6429,0.4512,nan,nan,nan,nan,0
early,cage,4,9,resnet,True,none,lr,0.0001,0.0001,32,7,0.1694,1.7058,1.6049,0.6667,0.4848,nan,nan,nan,nan,0
early,cage,4,9,resnet,True,none,lr,0.0001,0.0001,32,8,0.1268,1.9509,1.7135,0.6667,0.4714,nan,nan,nan,nan,0
early,cage,4,9,resnet,True,none,lr,0.0001,0.0001,32,9,0.1009,2.2034,1.9033,0.6429,0.3670,nan,nan,nan,nan,0
early,cage,4,9,resnet,True,none,lr,0.0001,0.0001,32,10,0.1092,2.8919,1.8471,0.7381,0.5051,nan,nan,nan,nan,0
early,cage,4,9,resnet,True,none,lr,0.0001,0.0001,32,11,0.0791,2.1106,1.8650,0.6667,0.4411,nan,nan,nan,nan,0
early,cage,4,9,resnet,True,none,lr,0.0001,0.0001,32,12,0.0427,2.7418,2.3291,0.6667,0.4781,nan,nan,nan,nan,0
early,cage,4,9,resnet,True,none,lr,0.0001,0.0001,32,13,0.0696,3.0384,2.1466,0.6667,0.4949,nan,nan,nan,nan,0
early,cage,4,9,resnet,True,none,lr,0.0001,0.0001,32,14,0.0468,3.3486,2.1711,0.7381,0.4882,nan,nan,nan,nan,0
early,cage,4,9,resnet,True,none,lr,0.0001,0.0001,32,15,0.0590,2.9854,2.0873,0.7143,0.5960,nan,nan,nan,nan,0
early,cage,4,9,resnet,True,none,lr,0.0001,0.0001,32,16,0.0389,3.3737,2.3926,0.6429,0.5387,nan,nan,nan,nan,0
early,cage,5,0,resnet,True,none,lr,0.0001,0.0001,32,1,0.6941,0.6757,0.6486,0.7907,0.6032,nan,nan,nan,nan,0
early,cage,5,0,resnet,True,none,lr,0.0001,0.0001,32,2,0.5822,0.6508,0.6328,0.7907,0.7143,nan,nan,nan,nan,0
early,cage,5,0,resnet,True,none,lr,0.0001,0.0001,32,3,0.4831,0.6461,0.6805,0.8605,0.7302,nan,nan,nan,nan,0
early,cage,5,0,resnet,True,none,lr,0.0001,0.0001,32,4,0.3792,0.6938,0.7807,0.8372,0.7103,nan,nan,nan,nan,0
early,cage,5,0,resnet,True,none,lr,0.0001,0.0001,32,5,0.2865,0.9241,0.9604,0.7674,0.6310,nan,nan,nan,nan,1
early,cage,5,0,resnet,True,none,lr,0.0001,0.0001,32,6,0.2149,0.9331,1.0042,0.7907,0.6825,nan,nan,nan,nan,1
early,cage,5,0,resnet,True,none,lr,0.0001,0.0001,32,7,0.1718,0.9274,1.2511,0.7209,0.6825,nan,nan,nan,nan,0
early,cage,5,0,resnet,True,none,lr,0.0001,0.0001,32,8,0.1373,1.4924,1.4614,0.8140,0.6746,nan,nan,nan,nan,0
early,cage,5,0,resnet,True,none,lr,0.0001,0.0001,32,9,0.1165,1.5960,1.3302,0.7907,0.7500,nan,nan,nan,nan,0
early,cage,5,0,resnet,True,none,lr,0.0001,0.0001,32,10,0.0735,1.9573,1.5301,0.8140,0.6786,nan,nan,nan,nan,0
early,cage,5,0,resnet,True,none,lr,0.0001,0.0001,32,11,0.0649,1.7597,1.4690,0.7907,0.7302,nan,nan,nan,nan,1
early,cage,5,0,resnet,True,none,lr,0.0001,0.0001,32,12,0.0450,1.8759,1.4576,0.8140,0.7421,nan,nan,nan,nan,1
early,cage,5,0,resnet,True,none,lr,0.0001,0.0001,32,13,0.0403,2.0176,1.5344,0.7907,0.7659,3.7864,2.5457,0.7750,0.4122,1
early,cage,5,0,resnet,True,none,lr,0.0001,0.0001,32,14,0.0545,1.4151,1.6115,0.7907,0.6429,nan,nan,nan,nan,0
early,cage,5,0,resnet,True,none,lr,0.0001,0.0001,32,15,0.1037,1.3488,1.4841,0.7674,0.7103,nan,nan,nan,nan,0
early,cage,5,0,resnet,True,none,lr,0.0001,0.0001,32,16,0.0597,1.8968,1.6098,0.7907,0.7659,nan,nan,nan,nan,0
early,cage,5,0,resnet,True,none,lr,0.0001,0.0001,32,17,0.0282,2.5172,1.8967,0.7907,0.6587,nan,nan,nan,nan,0
early,cage,5,0,resnet,True,none,lr,0.0001,0.0001,32,18,0.0455,1.9882,1.7755,0.7907,0.7262,nan,nan,nan,nan,0
early,cage,5,1,resnet,True,none,lr,0.0001,0.0001,32,1,0.7098,0.6800,0.6904,0.6047,0.6032,nan,nan,nan,nan,0
early,cage,5,1,resnet,True,none,lr,0.0001,0.0001,32,2,0.5964,0.6940,0.7670,0.6047,0.6151,nan,nan,nan,nan,0
early,cage,5,1,resnet,True,none,lr,0.0001,0.0001,32,3,0.5010,0.9083,0.7525,0.7674,0.5833,nan,nan,nan,nan,0
early,cage,5,1,resnet,True,none,lr,0.0001,0.0001,32,4,0.3956,0.8263,0.7192,0.7907,0.6627,nan,nan,nan,nan,0
early,cage,5,1,resnet,True,none,lr,0.0001,0.0001,32,5,0.2709,1.3062,1.0648,0.7209,0.5714,nan,nan,nan,nan,1
early,cage,5,1,resnet,True,none,lr,0.0001,0.0001,32,6,0.2178,0.9359,0.9660,0.7674,0.6746,nan,nan,nan,nan,1
early,cage,5,1,resnet,True,none,lr,0.0001,0.0001,32,7,0.1647,1.1991,1.1167,0.7442,0.6667,nan,nan,nan,nan,1
early,cage,5,1,resnet,True,none,lr,0.0001,0.0001,32,8,0.1188,1.9473,1.4522,0.8372,0.6151,nan,nan,nan,nan,1
early,cage,5,1,resnet,True,none,lr,0.0001,0.0001,32,9,0.1216,1.1221,1.3412,0.7209,0.6548,nan,nan,nan,nan,0
early,cage,5,1,resnet,True,none,lr,0.0001,0.0001,32,10,0.0835,1.9071,1.2128,0.8372,0.6944,nan,nan,nan,nan,1
early,cage,5,1,resnet,True,none,lr,0.0001,0.0001,32,11,0.0737,1.8654,1.2732,0.8372,0.6944,nan,nan,nan,nan,0
early,cage,5,1,resnet,True,none,lr,0.0001,0.0001,32,12,0.0416,1.8220,1.4613,0.7674,0.6230,nan,nan,nan,nan,0
early,cage,5,1,resnet,True,none,lr,0.0001,0.0001,32,13,0.0535,1.5005,1.3755,0.7442,0.6746,nan,nan,nan,nan,1
early,cage,5,1,resnet,True,none,lr,0.0001,0.0001,32,14,0.0470,2.0371,1.4880,0.8372,0.6667,nan,nan,nan,nan,0
early,cage,5,1,resnet,True,none,lr,0.0001,0.0001,32,15,0.0920,1.1308,1.2796,0.8140,0.8056,nan,nan,nan,nan,1
early,cage,5,1,resnet,True,none,lr,0.0001,0.0001,32,16,0.0749,1.8835,1.4156,0.7907,0.6865,nan,nan,nan,nan,0
early,cage,5,1,resnet,True,none,lr,0.0001,0.0001,32,17,0.0306,2.4226,1.5302,0.8372,0.7063,nan,nan,nan,nan,1
early,cage,5,1,resnet,True,none,lr,0.0001,0.0001,32,18,0.0167,1.8321,1.4167,0.8372,0.7262,3.5569,2.4762,0.7500,0.4373,1
early,cage,5,1,resnet,True,none,lr,0.0001,0.0001,32,19,0.0125,2.3352,1.5708,0.8372,0.6905,nan,nan,nan,nan,0
early,cage,5,1,resnet,True,none,lr,0.0001,0.0001,32,20,0.0190,2.1404,1.4850,0.8372,0.7341,nan,nan,nan,nan,0
early,cage,5,1,resnet,True,none,lr,0.0001,0.0001,32,21,0.0108,2.8953,1.7587,0.8372,0.6984,nan,nan,nan,nan,0
early,cage,5,1,resnet,True,none,lr,0.0001,0.0001,32,22,0.0681,2.1910,1.6616,0.7907,0.7103,nan,nan,nan,nan,0
early,cage,5,1,resnet,True,none,lr,0.0001,0.0001,32,23,0.0542,2.2706,1.4797,0.8140,0.6706,nan,nan,nan,nan,0
early,cage,5,2,resnet,True,none,lr,0.0001,0.0001,32,1,0.7062,0.6341,0.6577,0.7381,0.7537,nan,nan,nan,nan,0
early,cage,5,2,resnet,True,none,lr,0.0001,0.0001,32,2,0.5935,0.7349,0.7163,0.7143,0.6029,nan,nan,nan,nan,0
early,cage,5,2,resnet,True,none,lr,0.0001,0.0001,32,3,0.4757,0.6152,0.6844,0.7619,0.7500,nan,nan,nan,nan,0
early,cage,5,2,resnet,True,none,lr,0.0001,0.0001,32,4,0.3635,0.7316,0.7546,0.8095,0.7978,nan,nan,nan,nan,0
early,cage,5,2,resnet,True,none,lr,0.0001,0.0001,32,5,0.2696,0.7583,0.9273,0.8095,0.7647,nan,nan,nan,nan,1
early,cage,5,2,resnet,True,none,lr,0.0001,0.0001,32,6,0.1909,1.0165,1.1197,0.6905,0.6360,nan,nan,nan,nan,0
early,cage,5,2,resnet,True,none,lr,0.0001,0.0001,32,7,0.1512,0.8374,1.0006,0.7619,0.7721,2.3987,1.8004,0.7000,0.3799,1
early,cage,5,2,resnet,True,none,lr,0.0001,0.0001,32,8,0.1175,0.9443,1.0450,0.8333,0.7426,nan,nan,nan,nan,0
early,cage,5,2,resnet,True,none,lr,0.0001,0.0001,32,9,0.1053,1.1383,1.0546,0.8571,0.7831,nan,nan,nan,nan,0
early,cage,5,2,resnet,True,none,lr,0.0001,0.0001,32,10,0.0865,1.4034,1.2471,0.7857,0.7390,nan,nan,nan,nan,0
early,cage,5,2,resnet,True,none,lr,0.0001,0.0001,32,11,0.0743,1.1284,1.4483,0.7381,0.6838,nan,nan,nan,nan,0
early,cage,5,2,resnet,True,none,lr,0.0001,0.0001,32,12,0.0731,1.4880,1.4908,0.8333,0.6176,nan,nan,nan,nan,0
early,cage,5,2,resnet,True,none,lr,0.0001,0.0001,32,13,0.0730,1.2739,1.3500,0.7619,0.7390,nan,nan,nan,nan,0
early,cage,5,2,resnet,True,none,lr,0.0001,0.0001,32,14,0.0508,1.5706,1.4775,0.7619,0.6949,nan,nan,nan,nan,0
early,cage,5,2,resnet,True,none,lr,0.0001,0.0001,32,15,0.0794,1.5472,1.7002,0.7857,0.7353,nan,nan,nan,nan,0
early,cage,5,2,resnet,True,none,lr,0.0001,0.0001,32,16,0.0650,1.7521,1.4153,0.7857,0.6985,nan,nan,nan,nan,0
early,cage,5,3,resnet,True,none,lr,0.0001,0.0001,32,1,0.6942,0.6726,0.6533,0.6429,0.6327,nan,nan,nan,nan,0
early,cage,5,3,resnet,True,none,lr,0.0001,0.0001,32,2,0.5946,0.7321,0.6696,0.7381,0.5673,nan,nan,nan,nan,0
early,cage,5,3,resnet,True,none,lr,0.0001,0.0001,32,3,0.4781,0.6746,0.7021,0.7143,0.7102,nan,nan,nan,nan,0
early,cage,5,3,resnet,True,none,lr,0.0001,0.0001,32,4,0.3599,0.7648,0.8341,0.7143,0.6245,nan,nan,nan,nan,0
early,cage,5,3,resnet,True,none,lr,0.0001,0.0001,32,5,0.2634,1.1684,0.9849,0.8095,0.6286,nan,nan,nan,nan,1
early,cage,5,3,resnet,True,none,lr,0.0001,0.0001,32,6,0.1948,1.2321,1.1785,0.7857,0.5306,nan,nan,nan,nan,0
early,cage,5,3,resnet,True,none,lr,0.0001,0.0001,32,7,0.1618,1.7080,1.3037,0.8333,0.6000,nan,nan,nan,nan,0
early,cage,5,3,resnet,True,none,lr,0.0001,0.0001,32,8,0.1196,1.1987,1.2295,0.8333,0.7061,nan,nan,nan,nan,0
early,cage,5,3,resnet,True,none,lr,0.0001,0.0001,32,9,0.0941,1.3699,1.1905,0.8333,0.7551,nan,nan,nan,nan,1
early,cage,5,3,resnet,True,none,lr,0.0001,0.0001,32,10,0.0835,0.9972,1.3904,0.6905,0.6816,nan,nan,nan,nan,1
early,cage,5,3,resnet,True,none,lr,0.0001,0.0001,32,11,0.0751,1.3156,1.5201,0.6905,0.5592,nan,nan,nan,nan,1
early,cage,5,3,resnet,True,none,lr,0.0001,0.0001,32,12,0.0808,1.5438,1.4204,0.7143,0.6449,3.1288,2.3069,0.7250,0.4659,1
early,cage,5,3,resnet,True,none,lr,0.0001,0.0001,32,13,0.0751,1.2496,1.3903,0.7619,0.6408,nan,nan,nan,nan,0
early,cage,5,3,resnet,True,none,lr,0.0001,0.0001,32,14,0.0454,2.4782,1.7217,0.8333,0.5918,nan,nan,nan,nan,0
early,cage,5,3,resnet,True,none,lr,0.0001,0.0001,32,15,0.0175,2.1450,1.5978,0.8333,0.6245,nan,nan,nan,nan,0
early,cage,5,3,resnet,True,none,lr,0.0001,0.0001,32,16,0.0541,1.3113,1.4164,0.7857,0.6816,nan,nan,nan,nan,0
early,cage,5,3,resnet,True,none,lr,0.0001,0.0001,32,17,0.0582,2.3393,1.7507,0.8333,0.6367,nan,nan,nan,nan,0
early,cage,5,4,resnet,True,none,lr,0.0001,0.0001,32,1,0.7104,0.7266,0.6639,0.7674,0.5821,nan,nan,nan,nan,0
early,cage,5,4,resnet,True,none,lr,0.0001,0.0001,32,2,0.6118,0.6892,0.6619,0.7674,0.6250,nan,nan,nan,nan,0
early,cage,5,4,resnet,True,none,lr,0.0001,0.0001,32,3,0.5192,0.6309,0.7541,0.6047,0.6964,nan,nan,nan,nan,0
early,cage,5,4,resnet,True,none,lr,0.0001,0.0001,32,4,0.4084,0.7667,0.8451,0.7442,0.7036,nan,nan,nan,nan,0
early,cage,5,4,resnet,True,none,lr,0.0001,0.0001,32,5,0.3044,0.7392,0.9270,0.7442,0.6857,nan,nan,nan,nan,1
early,cage,5,4,resnet,True,none,lr,0.0001,0.0001,32,6,0.2420,1.2459,1.0790,0.8140,0.7179,nan,nan,nan,nan,1
early,cage,5,4,resnet,True,none,lr,0.0001,0.0001,32,7,0.1700,1.4424,1.2443,0.8372,0.6893,nan,nan,nan,nan,1
early,cage,5,4,resnet,True,none,lr,0.0001,0.0001,32,8,0.1268,2.2789,1.8158,0.8140,0.7571,nan,nan,nan,nan,1
early,cage,5,4,resnet,True,none,lr,0.0001,0.0001,32,9,0.1062,1.1497,1.1627,0.8140,0.7536,3.2311,2.2998,0.7250,0.3405,1
early,cage,5,4,resnet,True,none,lr,0.0001,0.0001,32,10,0.1127,2.1325,1.8132,0.8140,0.6679,nan,nan,nan,nan,0
early,cage,5,4,resnet,True,none,lr,0.0001,0.0001,32,11,0.0612,2.0044,1.7031,0.8140,0.6429,nan,nan,nan,nan,0
early,cage,5,4,resnet,True,none,lr,0.0001,0.0001,32,12,0.0468,1.5956,1.4993,0.8140,0.7429,nan,nan,nan,nan,0
early,cage,5,4,resnet,True,none,lr,0.0001,0.0001,32,13,0.0479,1.9795,1.8816,0.7907,0.6893,nan,nan,nan,nan,0
early,cage,5,4,resnet,True,none,lr,0.0001,0.0001,32,14,0.0594,2.2337,1.9112,0.7674,0.6393,nan,nan,nan,nan,0
early,cage,5,4,resnet,True,none,lr,0.0001,0.0001,32,15,0.0632,2.5111,2.2962,0.7907,0.5857,nan,nan,nan,nan,0
early,cage,5,4,resnet,True,none,lr,0.0001,0.0001,32,16,0.0580,1.4504,1.6879,0.7442,0.6214,nan,nan,nan,nan,0
early,cage,5,6,resnet,True,none,lr,0.0001,0.0001,32,1,0.6930,0.6857,0.6409,0.7073,0.5476,nan,nan,nan,nan,0
early,cage,5,6,resnet,True,none,lr,0.0001,0.0001,32,2,0.5910,0.7587,0.7181,0.7561,0.5810,nan,nan,nan,nan,0
early,cage,5,6,resnet,True,none,lr,0.0001,0.0001,32,3,0.4893,0.7741,0.8369,0.7073,0.5762,nan,nan,nan,nan,0
early,cage,5,6,resnet,True,none,lr,0.0001,0.0001,32,4,0.3840,1.2696,1.1141,0.8293,0.5143,nan,nan,nan,nan,0
early,cage,5,6,resnet,True,none,lr,0.0001,0.0001,32,5,0.2832,1.0739,1.1264,0.7561,0.6095,nan,nan,nan,nan,1
early,cage,5,6,resnet,True,none,lr,0.0001,0.0001,32,6,0.2020,1.1146,1.0334,0.8537,0.6190,nan,nan,nan,nan,1
early,cage,5,6,resnet,True,none,lr,0.0001,0.0001,32,7,0.1447,1.3409,1.2736,0.8293,0.6429,nan,nan,nan,nan,1
early,cage,5,6,resnet,True,none,lr,0.0001,0.0001,32,8,0.1510,2.3672,1.7290,0.8537,0.4905,nan,nan,nan,nan,0
early,cage,5,6,resnet,True,none,lr,0.0001,0.0001,32,9,0.1064,1.8941,1.5171,0.8293,0.5810,nan,nan,nan,nan,0
early,cage,5,6,resnet,True,none,lr,0.0001,0.0001,32,10,0.0819,2.3450,1.7644,0.8537,0.5810,nan,nan,nan,nan,0
early,cage,5,6,resnet,True,none,lr,0.0001,0.0001,32,11,0.0707,1.6812,1.6722,0.8049,0.6238,nan,nan,nan,nan,0
early,cage,5,6,resnet,True,none,lr,0.0001,0.0001,32,12,0.0718,2.5288,1.8469,0.8537,0.5667,nan,nan,nan,nan,0
early,cage,5,6,resnet,True,none,lr,0.0001,0.0001,32,13,0.0508,2.4422,1.8950,0.8293,0.5333,nan,nan,nan,nan,0
early,cage,5,6,resnet,True,none,lr,0.0001,0.0001,32,14,0.0368,1.8132,1.6458,0.8780,0.7000,nan,nan,nan,nan,1
early,cage,5,6,resnet,True,none,lr,0.0001,0.0001,32,15,0.0540,2.3012,1.8669,0.8293,0.6667,3.5930,2.6088,0.7750,0.4409,1
early,cage,5,6,resnet,True,none,lr,0.0001,0.0001,32,16,0.0491,2.7422,2.1418,0.8293,0.5190,nan,nan,nan,nan,0
early,cage,5,6,resnet,True,none,lr,0.0001,0.0001,32,17,0.0532,2.8624,2.0158,0.8537,0.6095,nan,nan,nan,nan,0
early,cage,5,6,resnet,True,none,lr,0.0001,0.0001,32,18,0.0505,2.7710,2.1398,0.8537,0.5238,nan,nan,nan,nan,0
early,cage,5,6,resnet,True,none,lr,0.0001,0.0001,32,19,0.0424,2.6642,2.2271,0.8537,0.5238,nan,nan,nan,nan,0
early,cage,5,6,resnet,True,none,lr,0.0001,0.0001,32,20,0.0549,2.8493,2.0839,0.8537,0.6429,nan,nan,nan,nan,0
early,cage,5,7,resnet,True,none,lr,0.0001,0.0001,32,1,0.6979,0.7633,0.6826,0.6364,0.4931,nan,nan,nan,nan,0
early,cage,5,7,resnet,True,none,lr,0.0001,0.0001,32,2,0.5834,0.8488,0.8089,0.5682,0.4410,nan,nan,nan,nan,0
early,cage,5,7,resnet,True,none,lr,0.0001,0.0001,32,3,0.5028,0.7307,0.8984,0.5000,0.5764,nan,nan,nan,nan,0
early,cage,5,7,resnet,True,none,lr,0.0001,0.0001,32,4,0.3700,0.8333,0.8501,0.6818,0.6215,nan,nan,nan,nan,0
early,cage,5,7,resnet,True,none,lr,0.0001,0.0001,32,5,0.2676,0.9537,0.9539,0.7500,0.6597,nan,nan,nan,nan,1
early,cage,5,7,resnet,True,none,lr,0.0001,0.0001,32,6,0.1978,1.5242,1.1535,0.7273,0.5833,nan,nan,nan,nan,1
early,cage,5,7,resnet,True,none,lr,0.0001,0.0001,32,7,0.1602,1.4442,1.1447,0.7273,0.6215,2.2834,1.7080,0.6500,0.4229,1
early,cage,5,7,resnet,True,none,lr,0.0001,0.0001,32,8,0.1474,2.4527,1.4991,0.7955,0.5972,nan,nan,nan,nan,0
early,cage,5,7,resnet,True,none,lr,0.0001,0.0001,32,9,0.1049,2.6532,1.5586,0.8182,0.5833,nan,nan,nan,nan,0
early,cage,5,7,resnet,True,none,lr,0.0001,0.0001,32,10,0.0680,2.2805,1.5001,0.8409,0.5556,nan,nan,nan,nan,0
early,cage,5,7,resnet,True,none,lr,0.0001,0.0001,32,11,0.0644,2.2010,1.6492,0.8182,0.6181,nan,nan,nan,nan,0
early,cage,5,7,resnet,True,none,lr,0.0001,0.0001,32,12,0.0832,2.3869,1.6045,0.7955,0.6562,nan,nan,nan,nan,0
early,cage,5,7,resnet,True,none,lr,0.0001,0.0001,32,13,0.0889,2.5791,1.5427,0.7955,0.6076,nan,nan,nan,nan,0
early,cage,5,7,resnet,True,none,lr,0.0001,0.0001,32,14,0.0663,3.6531,2.1137,0.8182,0.6042,nan,nan,nan,nan,0
early,cage,5,7,resnet,True,none,lr,0.0001,0.0001,32,15,0.0496,2.2792,1.6810,0.8182,0.6007,nan,nan,nan,nan,0
early,cage,5,7,resnet,True,none,lr,0.0001,0.0001,32,16,0.0485,2.8574,1.8794,0.8182,0.6181,nan,nan,nan,nan,0
early,cage,5,8,resnet,True,none,lr,0.0001,0.0001,32,1,0.7107,0.6543,0.7033,0.6596,0.6538,nan,nan,nan,nan,0
early,cage,5,8,resnet,True,none,lr,0.0001,0.0001,32,2,0.6017,0.6550,0.7405,0.6596,0.6571,nan,nan,nan,nan,0
early,cage,5,8,resnet,True,none,lr,0.0001,0.0001,32,3,0.4926,0.8345,0.7414,0.7021,0.5641,nan,nan,nan,nan,0
early,cage,5,8,resnet,True,none,lr,0.0001,0.0001,32,4,0.3835,0.9023,0.8724,0.7021,0.6250,nan,nan,nan,nan,0
early,cage,5,8,resnet,True,none,lr,0.0001,0.0001,32,5,0.2767,1.3697,1.0638,0.7660,0.5064,nan,nan,nan,nan,1
early,cage,5,8,resnet,True,none,lr,0.0001,0.0001,32,6,0.2221,1.6328,1.0285,0.8085,0.6282,nan,nan,nan,nan,0
early,cage,5,8,resnet,True,none,lr,0.0001,0.0001,32,7,0.1561,1.1868,1.0307,0.7872,0.7051,nan,nan,nan,nan,0
early,cage,5,8,resnet,True,none,lr,0.0001,0.0001,32,8,0.1387,1.6655,1.1132,0.8298,0.6891,nan,nan,nan,nan,1
early,cage,5,8,resnet,True,none,lr,0.0001,0.0001,32,9,0.1035,1.4382,1.2360,0.7234,0.6282,nan,nan,nan,nan,0
early,cage,5,8,resnet,True,none,lr,0.0001,0.0001,32,10,0.1043,1.7900,1.5420,0.7660,0.5962,nan,nan,nan,nan,1
early,cage,5,8,resnet,True,none,lr,0.0001,0.0001,32,11,0.0916,1.8894,1.3445,0.7872,0.5994,nan,nan,nan,nan,0
early,cage,5,8,resnet,True,none,lr,0.0001,0.0001,32,12,0.0624,1.9951,1.4627,0.7872,0.6827,nan,nan,nan,nan,0
early,cage,5,8,resnet,True,none,lr,0.0001,0.0001,32,13,0.0433,2.5579,1.5744,0.8085,0.6506,nan,nan,nan,nan,0
early,cage,5,8,resnet,True,none,lr,0.0001,0.0001,32,14,0.0714,2.4084,1.4556,0.8298,0.6923,nan,nan,nan,nan,0
early,cage,5,8,resnet,True,none,lr,0.0001,0.0001,32,15,0.0677,2.5044,1.5666,0.8298,0.7276,nan,nan,nan,nan,1
early,cage,5,8,resnet,True,none,lr,0.0001,0.0001,32,16,0.0425,2.6615,1.6215,0.8298,0.6731,nan,nan,nan,nan,1
early,cage,5,8,resnet,True,none,lr,0.0001,0.0001,32,17,0.0790,1.9839,1.4304,0.7872,0.6795,nan,nan,nan,nan,0
early,cage,5,8,resnet,True,none,lr,0.0001,0.0001,32,18,0.0609,3.3458,1.8949,0.8298,0.6859,4.7347,3.0674,0.7750,0.4552,1
early,cage,5,8,resnet,True,none,lr,0.0001,0.0001,32,19,0.0372,2.8774,1.7055,0.8085,0.6218,nan,nan,nan,nan,0
early,cage,5,8,resnet,True,none,lr,0.0001,0.0001,32,20,0.0220,2.3091,1.6431,0.7872,0.6699,nan,nan,nan,nan,0
early,cage,5,8,resnet,True,none,lr,0.0001,0.0001,32,21,0.0383,3.0533,1.8568,0.8085,0.6442,nan,nan,nan,nan,0
early,cage,5,8,resnet,True,none,lr,0.0001,0.0001,32,22,0.0394,3.3436,1.9183,0.8298,0.6859,nan,nan,nan,nan,0
early,cage,5,8,resnet,True,none,lr,0.0001,0.0001,32,23,0.0206,3.3911,1.9840,0.8298,0.6827,nan,nan,nan,nan,0
early,cage,5,9,resnet,True,none,lr,0.0001,0.0001,32,1,0.6984,0.7342,0.7200,0.6667,0.5825,nan,nan,nan,nan,0
early,cage,5,9,resnet,True,none,lr,0.0001,0.0001,32,2,0.5813,0.7511,0.8455,0.6429,0.5825,nan,nan,nan,nan,0
early,cage,5,9,resnet,True,none,lr,0.0001,0.0001,32,3,0.4850,0.6828,0.8958,0.6429,0.6364,nan,nan,nan,nan,0
early,cage,5,9,resnet,True,none,lr,0.0001,0.0001,32,4,0.3640,1.0027,1.1413,0.6429,0.5051,nan,nan,nan,nan,0
early,cage,5,9,resnet,True,none,lr,0.0001,0.0001,32,5,0.2722,1.4473,1.2411,0.6905,0.5286,nan,nan,nan,nan,1
early,cage,5,9,resnet,True,none,lr,0.0001,0.0001,32,6,0.2011,1.2035,1.2837,0.6429,0.6061,nan,nan,nan,nan,0
early,cage,5,9,resnet,True,none,lr,0.0001,0.0001,32,7,0.1606,1.3745,1.5132,0.6667,0.5859,nan,nan,nan,nan,1
early,cage,5,9,resnet,True,none,lr,0.0001,0.0001,32,8,0.1232,1.8178,1.7257,0.6905,0.5152,nan,nan,nan,nan,0
early,cage,5,9,resnet,True,none,lr,0.0001,0.0001,32,9,0.0911,2.2960,1.7756,0.6905,0.4848,nan,nan,nan,nan,0
early,cage,5,9,resnet,True,none,lr,0.0001,0.0001,32,10,0.0936,2.3316,1.8521,0.6905,0.6094,nan,nan,nan,nan,0
early,cage,5,9,resnet,True,none,lr,0.0001,0.0001,32,11,0.0888,2.0822,1.9781,0.6905,0.6263,nan,nan,nan,nan,0
early,cage,5,9,resnet,True,none,lr,0.0001,0.0001,32,12,0.0718,2.5712,1.9734,0.6905,0.5152,nan,nan,nan,nan,0
early,cage,5,9,resnet,True,none,lr,0.0001,0.0001,32,13,0.0441,2.6057,2.0412,0.6905,0.5960,nan,nan,nan,nan,0
early,cage,5,9,resnet,True,none,lr,0.0001,0.0001,32,14,0.0458,1.8617,1.8473,0.6905,0.5825,3.0365,2.4693,0.7250,0.4767,1
early,cage,5,9,resnet,True,none,lr,0.0001,0.0001,32,15,0.0634,3.0364,2.2514,0.6905,0.5724,nan,nan,nan,nan,0
early,cage,5,9,resnet,True,none,lr,0.0001,0.0001,32,16,0.0336,2.6594,2.3334,0.6429,0.5219,nan,nan,nan,nan,0
early,cage,5,9,resnet,True,none,lr,0.0001,0.0001,32,17,0.0215,2.9675,2.1903,0.6905,0.6667,nan,nan,nan,nan,0
early,cage,5,9,resnet,True,none,lr,0.0001,0.0001,32,18,0.0191,2.4991,2.5871,0.6429,0.5758,nan,nan,nan,nan,0
early,cage,5,9,resnet,True,none,lr,0.0001,0.0001,32,19,0.0154,3.9512,2.5578,0.7143,0.5421,nan,nan,nan,nan,0
early,cage,6,0,resnet,True,none,lr,0.0001,0.0001,32,1,0.7200,0.6206,0.6281,0.6977,0.7341,nan,nan,nan,nan,0
early,cage,6,0,resnet,True,none,lr,0.0001,0.0001,32,2,0.6171,0.6879,0.7313,0.6512,0.5675,nan,nan,nan,nan,0
early,cage,6,0,resnet,True,none,lr,0.0001,0.0001,32,3,0.5286,0.7977,0.7576,0.7907,0.6310,nan,nan,nan,nan,0
early,cage,6,0,resnet,True,none,lr,0.0001,0.0001,32,4,0.4034,0.6664,0.7324,0.7907,0.8095,nan,nan,nan,nan,0
early,cage,6,0,resnet,True,none,lr,0.0001,0.0001,32,5,0.3482,1.3305,1.0512,0.7907,0.6310,nan,nan,nan,nan,1
early,cage,6,0,resnet,True,none,lr,0.0001,0.0001,32,6,0.2599,0.9853,1.1137,0.7209,0.6071,nan,nan,nan,nan,0
early,cage,6,0,resnet,True,none,lr,0.0001,0.0001,32,7,0.1876,1.5528,1.2417,0.7907,0.7500,nan,nan,nan,nan,1
early,cage,6,0,resnet,True,none,lr,0.0001,0.0001,32,8,0.1523,1.4157,1.5687,0.6977,0.5079,nan,nan,nan,nan,0
early,cage,6,0,resnet,True,none,lr,0.0001,0.0001,32,9,0.1422,1.3246,1.3086,0.7907,0.6746,nan,nan,nan,nan,0
early,cage,6,0,resnet,True,none,lr,0.0001,0.0001,32,10,0.0904,1.9714,1.5397,0.7907,0.7103,nan,nan,nan,nan,0
early,cage,6,0,resnet,True,none,lr,0.0001,0.0001,32,11,0.0612,1.4629,1.3696,0.7907,0.7897,nan,nan,nan,nan,0
early,cage,6,0,resnet,True,none,lr,0.0001,0.0001,32,12,0.0913,1.6721,1.5327,0.7907,0.6468,nan,nan,nan,nan,0
early,cage,6,0,resnet,True,none,lr,0.0001,0.0001,32,13,0.0623,2.3603,1.7420,0.7907,0.6627,3.1834,2.3085,0.8537,0.4143,1
early,cage,6,0,resnet,True,none,lr,0.0001,0.0001,32,14,0.0638,2.9260,2.1285,0.8372,0.5794,nan,nan,nan,nan,0
early,cage,6,0,resnet,True,none,lr,0.0001,0.0001,32,15,0.0690,2.3119,1.8965,0.7907,0.5357,nan,nan,nan,nan,0
early,cage,6,0,resnet,True,none,lr,0.0001,0.0001,32,16,0.0412,2.5698,2.0005,0.8140,0.5635,nan,nan,nan,nan,0
early,cage,6,0,resnet,True,none,lr,0.0001,0.0001,32,17,0.0285,1.8789,1.6361,0.7907,0.8214,nan,nan,nan,nan,0
early,cage,6,0,resnet,True,none,lr,0.0001,0.0001,32,18,0.0405,1.8435,1.7507,0.7907,0.6984,nan,nan,nan,nan,0
early,cage,6,1,resnet,True,none,lr,0.0001,0.0001,32,1,0.7084,0.6611,0.6414,0.6512,0.6230,nan,nan,nan,nan,0
early,cage,6,1,resnet,True,none,lr,0.0001,0.0001,32,2,0.6128,0.6741,0.6181,0.7442,0.6905,nan,nan,nan,nan,0
early,cage,6,1,resnet,True,none,lr,0.0001,0.0001,32,3,0.5099,0.7132,0.7123,0.6977,0.6468,nan,nan,nan,nan,0
early,cage,6,1,resnet,True,none,lr,0.0001,0.0001,32,4,0.4100,0.7349,0.7018,0.7907,0.6825,nan,nan,nan,nan,0
early,cage,6,1,resnet,True,none,lr,0.0001,0.0001,32,5,0.3055,1.0264,0.8942,0.7674,0.6349,nan,nan,nan,nan,1
early,cage,6,1,resnet,True,none,lr,0.0001,0.0001,32,6,0.2367,0.9480,0.8202,0.8605,0.7381,1.3483,1.1957,0.8537,0.4571,1
early,cage,6,1,resnet,True,none,lr,0.0001,0.0001,32,7,0.1664,1.1013,1.0343,0.7907,0.6230,nan,nan,nan,nan,0
early,cage,6,1,resnet,True,none,lr,0.0001,0.0001,32,8,0.1172,1.5548,1.1191,0.8605,0.6786,nan,nan,nan,nan,0
early,cage,6,1,resnet,True,none,lr,0.0001,0.0001,32,9,0.0994,1.7718,1.2735,0.8605,0.6389,nan,nan,nan,nan,0
early,cage,6,1,resnet,True,none,lr,0.0001,0.0001,32,10,0.1017,1.5024,1.2555,0.7907,0.6270,nan,nan,nan,nan,0
early,cage,6,1,resnet,True,none,lr,0.0001,0.0001,32,11,0.0885,2.3098,1.4211,0.8605,0.6468,nan,nan,nan,nan,0
early,cage,6,1,resnet,True,none,lr,0.0001,0.0001,32,12,0.0622,1.9523,1.3900,0.8605,0.6508,nan,nan,nan,nan,0
early,cage,6,1,resnet,True,none,lr,0.0001,0.0001,32,13,0.0565,1.4641,1.2131,0.8605,0.7103,nan,nan,nan,nan,0
early,cage,6,1,resnet,True,none,lr,0.0001,0.0001,32,14,0.0411,1.6612,1.4803,0.7442,0.7024,nan,nan,nan,nan,0
early,cage,6,1,resnet,True,none,lr,0.0001,0.0001,32,15,0.0407,2.0370,1.6306,0.8140,0.6151,nan,nan,nan,nan,0
early,cage,6,1,resnet,True,none,lr,0.0001,0.0001,32,16,0.0746,2.1610,1.6190,0.7907,0.5873,nan,nan,nan,nan,0
early,cage,6,2,resnet,True,none,lr,0.0001,0.0001,32,1,0.7167,0.6475,0.6193,0.8095,0.7426,nan,nan,nan,nan,0
early,cage,6,2,resnet,True,none,lr,0.0001,0.0001,32,2,0.6088,0.7592,0.6997,0.7857,0.5110,nan,nan,nan,nan,0
early,cage,6,2,resnet,True,none,lr,0.0001,0.0001,32,3,0.4973,0.6854,0.7788,0.6905,0.7059,nan,nan,nan,nan,0
early,cage,6,2,resnet,True,none,lr,0.0001,0.0001,32,4,0.3962,0.9682,0.8806,0.7619,0.6912,nan,nan,nan,nan,0
early,cage,6,2,resnet,True,none,lr,0.0001,0.0001,32,5,0.3019,0.7137,0.9366,0.7857,0.7794,nan,nan,nan,nan,1
early,cage,6,2,resnet,True,none,lr,0.0001,0.0001,32,6,0.2371,1.0252,1.0518,0.7857,0.7500,nan,nan,nan,nan,0
early,cage,6,2,resnet,True,none,lr,0.0001,0.0001,32,7,0.1693,0.9615,1.1192,0.7857,0.7059,nan,nan,nan,nan,1
early,cage,6,2,resnet,True,none,lr,0.0001,0.0001,32,8,0.1390,0.8758,1.0860,0.8095,0.7794,nan,nan,nan,nan,1
early,cage,6,2,resnet,True,none,lr,0.0001,0.0001,32,9,0.0945,1.4891,1.2490,0.7857,0.7279,1.9169,1.5591,0.8537,0.5286,1
early,cage,6,2,resnet,True,none,lr,0.0001,0.0001,32,10,0.0776,1.4699,1.3352,0.7857,0.6838,nan,nan,nan,nan,0
early,cage,6,2,resnet,True,none,lr,0.0001,0.0001,32,11,0.0940,1.3404,1.3104,0.7857,0.7169,nan,nan,nan,nan,0
early,cage,6,2,resnet,True,none,lr,0.0001,0.0001,32,12,0.0733,1.7642,1.4516,0.8095,0.7647,nan,nan,nan,nan,0
early,cage,6,2,resnet,True,none,lr,0.0001,0.0001,32,13,0.0332,1.8328,1.4289,0.8095,0.7831,nan,nan,nan,nan,0
early,cage,6,2,resnet,True,none,lr,0.0001,0.0001,32,14,0.0645,1.8329,1.6284,0.8095,0.6029,nan,nan,nan,nan,0
early,cage,6,2,resnet,True,none,lr,0.0001,0.0001,32,15,0.0431,1.9226,1.6543,0.7619,0.7353,nan,nan,nan,nan,0
early,cage,6,2,resnet,True,none,lr,0.0001,0.0001,32,16,0.0378,2.7818,1.9621,0.8095,0.7426,nan,nan,nan,nan,0
early,cage,6,3,resnet,True,none,lr,0.0001,0.0001,32,1,0.7036,0.7073,0.7817,0.4286,0.5510,nan,nan,nan,nan,0
early,cage,6,3,resnet,True,none,lr,0.0001,0.0001,32,2,0.6079,0.7285,0.7041,0.6905,0.4612,nan,nan,nan,nan,0
early,cage,6,3,resnet,True,none,lr,0.0001,0.0001,32,3,0.4955,0.7394,0.6944,0.7619,0.6122,nan,nan,nan,nan,0
early,cage,6,3,resnet,True,none,lr,0.0001,0.0001,32,4,0.3980,0.7538,0.7808,0.7619,0.5878,nan,nan,nan,nan,0
early,cage,6,3,resnet,True,none,lr,0.0001,0.0001,32,5,0.2848,1.2485,1.1119,0.7619,0.4122,nan,nan,nan,nan,1
early,cage,6,3,resnet,True,none,lr,0.0001,0.0001,32,6,0.2311,1.1708,1.1273,0.7619,0.5184,nan,nan,nan,nan,0
early,cage,6,3,resnet,True,none,lr,0.0001,0.0001,32,7,0.1897,1.4554,1.0999,0.8095,0.6408,nan,nan,nan,nan,1
early,cage,6,3,resnet,True,none,lr,0.0001,0.0001,32,8,0.1191,1.8737,1.2937,0.8333,0.6776,nan,nan,nan,nan,1
early,cage,6,3,resnet,True,none,lr,0.0001,0.0001,32,9,0.1244,0.8041,1.2769,0.7143,0.6939,nan,nan,nan,nan,1
early,cage,6,3,resnet,True,none,lr,0.0001,0.0001,32,10,0.0838,1.7868,1.4523,0.7857,0.5959,1.7417,1.4637,0.8537,0.6476,1
early,cage,6,3,resnet,True,none,lr,0.0001,0.0001,32,11,0.0739,1.9173,1.4759,0.8095,0.5388,nan,nan,nan,nan,0
early,cage,6,3,resnet,True,none,lr,0.0001,0.0001,32,12,0.0879,1.7770,1.5417,0.8095,0.5592,nan,nan,nan,nan,0
early,cage,6,3,resnet,True,none,lr,0.0001,0.0001,32,13,0.0605,2.0357,1.5160,0.8095,0.6571,nan,nan,nan,nan,0
early,cage,6,3,resnet,True,none,lr,0.0001,0.0001,32,14,0.0733,2.1768,1.8280,0.7857,0.5061,nan,nan,nan,nan,0
early,cage,6,3,resnet,True,none,lr,0.0001,0.0001,32,15,0.0491,2.2041,1.7446,0.7857,0.5510,nan,nan,nan,nan,0
early,cage,6,3,resnet,True,none,lr,0.0001,0.0001,32,16,0.0552,2.7508,1.8483,0.8333,0.5388,nan,nan,nan,nan,0
early,cage,6,4,resnet,True,none,lr,0.0001,0.0001,32,1,0.7089,0.6777,0.6642,0.7674,0.5929,nan,nan,nan,nan,0
early,cage,6,4,resnet,True,none,lr,0.0001,0.0001,32,2,0.6077,0.6042,0.6578,0.6512,0.7536,nan,nan,nan,nan,0
early,cage,6,4,resnet,True,none,lr,0.0001,0.0001,32,3,0.5343,0.7023,0.6586,0.7674,0.7214,nan,nan,nan,nan,0
early,cage,6,4,resnet,True,none,lr,0.0001,0.0001,32,4,0.4159,0.8121,0.9292,0.7442,0.5964,nan,nan,nan,nan,0
early,cage,6,4,resnet,True,none,lr,0.0001,0.0001,32,5,0.3142,0.9272,1.1346,0.7674,0.6393,nan,nan,nan,nan,1
early,cage,6,4,resnet,True,none,lr,0.0001,0.0001,32,6,0.2527,0.7541,0.9463,0.7674,0.8000,nan,nan,nan,nan,1
early,cage,6,4,resnet,True,none,lr,0.0001,0.0001,32,7,0.1993,1.0859,1.0886,0.7674,0.8071,nan,nan,nan,nan,1
early,cage,6,4,resnet,True,none,lr,0.0001,0.0001,32,8,0.1385,0.7102,1.1042,0.7907,0.8214,nan,nan,nan,nan,1
early,cage,6,4,resnet,True,none,lr,0.0001,0.0001,32,9,0.1110,1.5990,1.4547,0.8140,0.7643,nan,nan,nan,nan,1
early,cage,6,4,resnet,True,none,lr,0.0001,0.0001,32,10,0.0886,1.4279,1.4347,0.8372,0.7643,2.0615,1.6834,0.8537,0.5190,1
early,cage,6,4,resnet,True,none,lr,0.0001,0.0001,32,11,0.0900,1.3727,1.3695,0.8140,0.7821,nan,nan,nan,nan,0
early,cage,6,4,resnet,True,none,lr,0.0001,0.0001,32,12,0.0625,1.3826,1.5649,0.8140,0.7786,nan,nan,nan,nan,0
early,cage,6,4,resnet,True,none,lr,0.0001,0.0001,32,13,0.0579,1.6254,1.6180,0.8140,0.7500,nan,nan,nan,nan,0
early,cage,6,4,resnet,True,none,lr,0.0001,0.0001,32,14,0.0443,1.8921,1.7500,0.7674,0.6679,nan,nan,nan,nan,0
early,cage,6,4,resnet,True,none,lr,0.0001,0.0001,32,15,0.0451,1.9579,1.8110,0.7907,0.8107,nan,nan,nan,nan,0
early,cage,6,4,resnet,True,none,lr,0.0001,0.0001,32,16,0.0293,1.8487,1.9164,0.7907,0.7250,nan,nan,nan,nan,0
early,cage,6,5,resnet,True,none,lr,0.0001,0.0001,32,1,0.6935,1.0066,0.8236,0.7500,0.3835,nan,nan,nan,nan,0
early,cage,6,5,resnet,True,none,lr,0.0001,0.0001,32,2,0.5964,0.9824,0.8507,0.6500,0.4301,nan,nan,nan,nan,0
early,cage,6,5,resnet,True,none,lr,0.0001,0.0001,32,3,0.4968,1.0459,0.9160,0.6250,0.3763,nan,nan,nan,nan,0
early,cage,6,5,resnet,True,none,lr,0.0001,0.0001,32,4,0.3594,1.3262,1.1774,0.5750,0.4803,nan,nan,nan,nan,0
early,cage,6,5,resnet,True,none,lr,0.0001,0.0001,32,5,0.2967,1.8637,1.4136,0.7250,0.4122,nan,nan,nan,nan,1
early,cage,6,5,resnet,True,none,lr,0.0001,0.0001,32,6,0.1959,2.9170,1.9837,0.7750,0.3477,nan,nan,nan,nan,0
early,cage,6,5,resnet,True,none,lr,0.0001,0.0001,32,7,0.1548,2.5090,1.7943,0.7250,0.4301,nan,nan,nan,nan,0
early,cage,6,5,resnet,True,none,lr,0.0001,0.0001,32,8,0.1311,2.0845,1.6577,0.7250,0.4659,nan,nan,nan,nan,1
early,cage,6,5,resnet,True,none,lr,0.0001,0.0001,32,9,0.0913,3.0474,2.0781,0.7750,0.5269,nan,nan,nan,nan,1
early,cage,6,5,resnet,True,none,lr,0.0001,0.0001,32,10,0.0830,3.2054,2.3583,0.7500,0.4086,nan,nan,nan,nan,0
early,cage,6,5,resnet,True,none,lr,0.0001,0.0001,32,11,0.0809,3.3363,2.3279,0.8000,0.4086,2.3885,1.7990,0.8537,0.5095,1
early,cage,6,5,resnet,True,none,lr,0.0001,0.0001,32,12,0.0705,3.6379,2.6188,0.7500,0.3584,nan,nan,nan,nan,0
early,cage,6,5,resnet,True,none,lr,0.0001,0.0001,32,13,0.0563,4.2450,2.8720,0.7750,0.3799,nan,nan,nan,nan,0
early,cage,6,5,resnet,True,none,lr,0.0001,0.0001,32,14,0.0544,2.8986,2.2317,0.7750,0.4659,nan,nan,nan,nan,0
early,cage,6,5,resnet,True,none,lr,0.0001,0.0001,32,15,0.0474,3.9533,2.6117,0.8000,0.4588,nan,nan,nan,nan,0
early,cage,6,5,resnet,True,none,lr,0.0001,0.0001,32,16,0.0446,3.5704,2.5901,0.7250,0.3799,nan,nan,nan,nan,0
