fusion,dataset,test_set,dev_set,arch,use_pretrained,augmentation,speech_encoder_arch,lr,wd,batch_size,epoch,train_loss,dev_loss_patient,dev_loss_cough,dev_acc,dev_auc,test_loss_patient,test_loss_cough,test_acc,test_auc,is_best
late,cage,0,1,resnet,True,none,lr,0.0001,0.0001,32,1,0.6983,0.6951,0.7529,0.4186,0.5397,nan,nan,nan,nan,0
late,cage,0,1,resnet,True,none,lr,0.0001,0.0001,32,2,0.6249,0.6667,0.6256,0.8140,0.6984,nan,nan,nan,nan,0
late,cage,0,1,resnet,True,none,lr,0.0001,0.0001,32,3,0.5496,0.7224,0.8195,0.6279,0.5675,nan,nan,nan,nan,0
late,cage,0,1,resnet,True,none,lr,0.0001,0.0001,32,4,0.4359,0.7693,0.7760,0.7907,0.5317,nan,nan,nan,nan,0
late,cage,0,1,resnet,True,none,lr,0.0001,0.0001,32,5,0.3521,1.1707,0.8744,0.8372,0.5000,nan,nan,nan,nan,1
late,cage,0,1,resnet,True,none,lr,0.0001,0.0001,32,6,0.2750,1.1239,0.9251,0.8372,0.6548,0.8556,0.9073,0.8140,0.7421,1
late,cage,0,1,resnet,True,none,lr,0.0001,0.0001,32,7,0.2218,1.0442,1.0846,0.8140,0.5119,nan,nan,nan,nan,0
late,cage,0,1,resnet,True,none,lr,0.0001,0.0001,32,8,0.1635,1.7762,1.2172,0.8372,0.5357,nan,nan,nan,nan,0
late,cage,0,1,resnet,True,none,lr,0.0001,0.0001,32,9,0.1339,1.8338,1.2524,0.8372,0.5397,nan,nan,nan,nan,0
late,cage,0,1,resnet,True,none,lr,0.0001,0.0001,32,10,0.1083,2.2247,1.5037,0.8372,0.5079,nan,nan,nan,nan,0
late,cage,0,1,resnet,True,none,lr,0.0001,0.0001,32,11,0.0790,1.5026,1.3339,0.8140,0.5278,nan,nan,nan,nan,0
late,cage,0,1,resnet,True,none,lr,0.0001,0.0001,32,12,0.0773,2.5731,1.5697,0.8372,0.5000,nan,nan,nan,nan,0
late,cage,0,1,resnet,True,none,lr,0.0001,0.0001,32,13,0.0579,1.9485,1.4594,0.8372,0.5159,nan,nan,nan,nan,0
late,cage,0,1,resnet,True,none,lr,0.0001,0.0001,32,14,0.0575,2.7425,1.6660,0.8372,0.6349,nan,nan,nan,nan,0
late,cage,0,1,resnet,True,none,lr,0.0001,0.0001,32,15,0.0956,2.1821,1.5052,0.8372,0.6270,nan,nan,nan,nan,0
late,cage,0,1,resnet,True,none,lr,0.0001,0.0001,32,16,0.0762,1.0088,1.3976,0.7907,0.6548,nan,nan,nan,nan,0
late,cage,0,2,resnet,True,none,lr,0.0001,0.0001,32,1,0.6933,0.7199,0.6479,0.8095,0.4890,nan,nan,nan,nan,0
late,cage,0,2,resnet,True,none,lr,0.0001,0.0001,32,2,0.6293,0.7145,0.7568,0.5952,0.5294,nan,nan,nan,nan,0
late,cage,0,2,resnet,True,none,lr,0.0001,0.0001,32,3,0.5302,0.8013,0.6976,0.8333,0.6066,nan,nan,nan,nan,0
late,cage,0,2,resnet,True,none,lr,0.0001,0.0001,32,4,0.4321,0.9082,0.8947,0.7381,0.6176,nan,nan,nan,nan,0
late,cage,0,2,resnet,True,none,lr,0.0001,0.0001,32,5,0.3220,1.4482,1.1029,0.7857,0.5147,nan,nan,nan,nan,1
late,cage,0,2,resnet,True,none,lr,0.0001,0.0001,32,6,0.2436,1.0850,1.0946,0.7143,0.5588,nan,nan,nan,nan,1
late,cage,0,2,resnet,True,none,lr,0.0001,0.0001,32,7,0.1907,1.6245,1.2484,0.7857,0.4963,nan,nan,nan,nan,0
late,cage,0,2,resnet,True,none,lr,0.0001,0.0001,32,8,0.1614,1.2788,1.2375,0.7857,0.6654,nan,nan,nan,nan,1
late,cage,0,2,resnet,True,none,lr,0.0001,0.0001,32,9,0.1414,1.6811,1.3993,0.7619,0.6103,nan,nan,nan,nan,0
late,cage,0,2,resnet,True,none,lr,0.0001,0.0001,32,10,0.1265,2.1280,1.4181,0.8095,0.6176,nan,nan,nan,nan,1
late,cage,0,2,resnet,True,none,lr,0.0001,0.0001,32,11,0.0888,1.9252,1.4919,0.7619,0.6213,nan,nan,nan,nan,1
late,cage,0,2,resnet,True,none,lr,0.0001,0.0001,32,12,0.0611,2.3452,1.7037,0.8095,0.5735,1.5383,1.3585,0.8372,0.7937,1
late,cage,0,2,resnet,True,none,lr,0.0001,0.0001,32,13,0.0589,1.8359,1.4305,0.8095,0.6287,nan,nan,nan,nan,0
late,cage,0,2,resnet,True,none,lr,0.0001,0.0001,32,14,0.0822,2.6200,1.8051,0.7857,0.5735,nan,nan,nan,nan,0
late,cage,0,2,resnet,True,none,lr,0.0001,0.0001,32,15,0.0539,1.7127,1.5729,0.8333,0.5993,nan,nan,nan,nan,0
late,cage,0,2,resnet,True,none,lr,0.0001,0.0001,32,16,0.0564,1.8090,1.6280,0.7857,0.5221,nan,nan,nan,nan,0
late,cage,0,2,resnet,True,none,lr,0.0001,0.0001,32,17,0.0807,2.2467,1.7264,0.8095,0.5625,nan,nan,nan,nan,0
late,cage,0,3,resnet,True,none,lr,0.0001,0.0001,32,1,0.6961,0.6720,0.6815,0.5714,0.6531,nan,nan,nan,nan,0
late,cage,0,3,resnet,True,none,lr,0.0001,0.0001,32,2,0.6256,0.7088,0.7710,0.3810,0.4490,nan,nan,nan,nan,0
late,cage,0,3,resnet,True,none,lr,0.0001,0.0001,32,3,0.5382,0.6831,0.7452,0.6905,0.6449,nan,nan,nan,nan,0
late,cage,0,3,resnet,True,none,lr,0.0001,0.0001,32,4,0.4475,0.7286,0.7588,0.7143,0.5388,nan,nan,nan,nan,0
late,cage,0,3,resnet,True,none,lr,0.0001,0.0001,32,5,0.3253,0.9192,0.8842,0.7143,0.5633,0.8770,0.9052,0.8140,0.6111,1
late,cage,0,3,resnet,True,none,lr,0.0001,0.0001,32,6,0.2624,1.3814,1.0749,0.8333,0.5469,nan,nan,nan,nan,0
late,cage,0,3,resnet,True,none,lr,0.0001,0.0001,32,7,0.2105,1.1451,1.2188,0.7857,0.4449,nan,nan,nan,nan,0
late,cage,0,3,resnet,True,none,lr,0.0001,0.0001,32,8,0.1432,1.2713,1.2594,0.8095,0.5102,nan,nan,nan,nan,0
late,cage,0,3,resnet,True,none,lr,0.0001,0.0001,32,9,0.1351,1.5483,1.3484,0.8333,0.5143,nan,nan,nan,nan,0
late,cage,0,3,resnet,True,none,lr,0.0001,0.0001,32,10,0.1329,1.8645,1.3600,0.8333,0.5061,nan,nan,nan,nan,0
late,cage,0,3,resnet,True,none,lr,0.0001,0.0001,32,11,0.0930,1.9843,1.4595,0.8333,0.5714,nan,nan,nan,nan,0
late,cage,0,3,resnet,True,none,lr,0.0001,0.0001,32,12,0.0833,1.9228,1.6450,0.8333,0.4245,nan,nan,nan,nan,0
late,cage,0,3,resnet,True,none,lr,0.0001,0.0001,32,13,0.0649,2.4136,1.6658,0.8333,0.6082,nan,nan,nan,nan,0
late,cage,0,3,resnet,True,none,lr,0.0001,0.0001,32,14,0.0810,2.0673,1.5805,0.8095,0.5020,nan,nan,nan,nan,0
late,cage,0,3,resnet,True,none,lr,0.0001,0.0001,32,15,0.0501,2.1167,1.6243,0.8095,0.5102,nan,nan,nan,nan,0
late,cage,0,3,resnet,True,none,lr,0.0001,0.0001,32,16,0.0453,2.0451,1.7430,0.7619,0.4980,nan,nan,nan,nan,0
late,cage,0,4,resnet,True,none,lr,0.0001,0.0001,32,1,0.6891,0.7309,0.7088,0.6279,0.3714,nan,nan,nan,nan,0
late,cage,0,4,resnet,True,none,lr,0.0001,0.0001,32,2,0.6535,0.6970,0.7297,0.3023,0.5250,nan,nan,nan,nan,0
late,cage,0,4,resnet,True,none,lr,0.0001,0.0001,32,3,0.5835,0.7428,0.7537,0.6047,0.5214,nan,nan,nan,nan,0
late,cage,0,4,resnet,True,none,lr,0.0001,0.0001,32,4,0.4806,0.7559,0.7880,0.7907,0.6179,nan,nan,nan,nan,0
late,cage,0,4,resnet,True,none,lr,0.0001,0.0001,32,5,0.3700,0.9801,1.0707,0.7442,0.6000,nan,nan,nan,nan,1
late,cage,0,4,resnet,True,none,lr,0.0001,0.0001,32,6,0.2953,1.1326,1.0949,0.7907,0.5964,nan,nan,nan,nan,1
late,cage,0,4,resnet,True,none,lr,0.0001,0.0001,32,7,0.2242,0.8672,1.0228,0.8140,0.7393,nan,nan,nan,nan,1
late,cage,0,4,resnet,True,none,lr,0.0001,0.0001,32,8,0.1815,1.5212,1.3868,0.8140,0.6214,nan,nan,nan,nan,1
late,cage,0,4,resnet,True,none,lr,0.0001,0.0001,32,9,0.1639,1.4733,1.4815,0.8140,0.5571,nan,nan,nan,nan,0
late,cage,0,4,resnet,True,none,lr,0.0001,0.0001,32,10,0.1239,1.8392,1.6938,0.8140,0.6036,nan,nan,nan,nan,0
late,cage,0,4,resnet,True,none,lr,0.0001,0.0001,32,11,0.0983,1.3852,1.5960,0.8372,0.7036,1.4303,1.4339,0.7907,0.7103,1
late,cage,0,4,resnet,True,none,lr,0.0001,0.0001,32,12,0.0940,1.7126,1.5880,0.7907,0.5714,nan,nan,nan,nan,0
late,cage,0,4,resnet,True,none,lr,0.0001,0.0001,32,13,0.0774,1.8795,1.8032,0.8140,0.5893,nan,nan,nan,nan,0
late,cage,0,4,resnet,True,none,lr,0.0001,0.0001,32,14,0.0564,2.2133,1.9393,0.8140,0.7071,nan,nan,nan,nan,0
late,cage,0,4,resnet,True,none,lr,0.0001,0.0001,32,15,0.0580,1.9119,1.7932,0.8372,0.6000,nan,nan,nan,nan,0
late,cage,0,4,resnet,True,none,lr,0.0001,0.0001,32,16,0.0495,1.8981,1.9399,0.8140,0.6714,nan,nan,nan,nan,0
late,cage,0,5,resnet,True,none,lr,0.0001,0.0001,32,1,0.6823,0.7205,0.6981,0.5500,0.4158,nan,nan,nan,nan,0
late,cage,0,5,resnet,True,none,lr,0.0001,0.0001,32,2,0.6223,0.8835,0.7666,0.7000,0.3011,nan,nan,nan,nan,0
late,cage,0,5,resnet,True,none,lr,0.0001,0.0001,32,3,0.5370,0.9732,0.7803,0.7000,0.4301,nan,nan,nan,nan,0
late,cage,0,5,resnet,True,none,lr,0.0001,0.0001,32,4,0.4294,0.8702,0.8951,0.5500,0.4122,nan,nan,nan,nan,0
late,cage,0,5,resnet,True,none,lr,0.0001,0.0001,32,5,0.3370,1.5018,1.1683,0.7250,0.4409,nan,nan,nan,nan,1
late,cage,0,5,resnet,True,none,lr,0.0001,0.0001,32,6,0.2502,1.4434,1.1806,0.6750,0.4767,nan,nan,nan,nan,1
late,cage,0,5,resnet,True,none,lr,0.0001,0.0001,32,7,0.1889,1.8703,1.3925,0.7250,0.4158,1.2181,1.0688,0.7907,0.6468,1
late,cage,0,5,resnet,True,none,lr,0.0001,0.0001,32,8,0.1502,2.4520,1.5722,0.7750,0.4301,nan,nan,nan,nan,0
late,cage,0,5,resnet,True,none,lr,0.0001,0.0001,32,9,0.1447,2.3778,1.6809,0.7750,0.4050,nan,nan,nan,nan,0
late,cage,0,5,resnet,True,none,lr,0.0001,0.0001,32,10,0.1017,2.6429,1.8911,0.7500,0.3513,nan,nan,nan,nan,0
late,cage,0,5,resnet,True,none,lr,0.0001,0.0001,32,11,0.0932,2.5437,1.8560,0.7500,0.4301,nan,nan,nan,nan,0
late,cage,0,5,resnet,True,none,lr,0.0001,0.0001,32,12,0.0689,3.2596,2.2646,0.7750,0.3477,nan,nan,nan,nan,0
late,cage,0,5,resnet,True,none,lr,0.0001,0.0001,32,13,0.0844,3.1272,2.1143,0.7750,0.4086,nan,nan,nan,nan,0
late,cage,0,5,resnet,True,none,lr,0.0001,0.0001,32,14,0.0664,2.7342,2.0105,0.7500,0.4516,nan,nan,nan,nan,0
late,cage,0,5,resnet,True,none,lr,0.0001,0.0001,32,15,0.0599,3.5917,2.4916,0.7750,0.4480,nan,nan,nan,nan,0
late,cage,0,5,resnet,True,none,lr,0.0001,0.0001,32,16,0.0581,3.2494,2.3311,0.7500,0.4552,nan,nan,nan,nan,0
late,cage,0,6,resnet,True,none,lr,0.0001,0.0001,32,1,0.6892,0.7277,0.7700,0.1463,0.4381,nan,nan,nan,nan,0
late,cage,0,6,resnet,True,none,lr,0.0001,0.0001,32,2,0.6466,0.7358,0.6526,0.8293,0.4429,nan,nan,nan,nan,0
late,cage,0,6,resnet,True,none,lr,0.0001,0.0001,32,3,0.5692,0.7819,0.7482,0.7073,0.3905,nan,nan,nan,nan,0
late,cage,0,6,resnet,True,none,lr,0.0001,0.0001,32,4,0.4769,0.7838,0.7398,0.7805,0.4810,nan,nan,nan,nan,0
late,cage,0,6,resnet,True,none,lr,0.0001,0.0001,32,5,0.3898,0.9086,0.8575,0.7561,0.4286,nan,nan,nan,nan,1
late,cage,0,6,resnet,True,none,lr,0.0001,0.0001,32,6,0.2955,0.9896,0.9239,0.8537,0.5143,nan,nan,nan,nan,1
late,cage,0,6,resnet,True,none,lr,0.0001,0.0001,32,7,0.2327,1.4419,1.3194,0.7805,0.4000,nan,nan,nan,nan,0
late,cage,0,6,resnet,True,none,lr,0.0001,0.0001,32,8,0.1907,1.0779,1.1155,0.8293,0.5048,0.6656,0.9093,0.8140,0.7817,1
late,cage,0,6,resnet,True,none,lr,0.0001,0.0001,32,9,0.1597,2.6287,1.7961,0.8537,0.4190,nan,nan,nan,nan,0
late,cage,0,6,resnet,True,none,lr,0.0001,0.0001,32,10,0.1360,1.8852,1.4652,0.8537,0.4667,nan,nan,nan,nan,0
late,cage,0,6,resnet,True,none,lr,0.0001,0.0001,32,11,0.0940,1.6402,1.3695,0.8293,0.4905,nan,nan,nan,nan,0
late,cage,0,6,resnet,True,none,lr,0.0001,0.0001,32,12,0.0891,2.5102,1.8230,0.8537,0.3810,nan,nan,nan,nan,0
late,cage,0,6,resnet,True,none,lr,0.0001,0.0001,32,13,0.1029,2.3321,1.6937,0.8537,0.5429,nan,nan,nan,nan,0
late,cage,0,6,resnet,True,none,lr,0.0001,0.0001,32,14,0.0660,1.8362,1.6804,0.8293,0.4476,nan,nan,nan,nan,0
late,cage,0,6,resnet,True,none,lr,0.0001,0.0001,32,15,0.0691,2.0947,1.6762,0.8537,0.4429,nan,nan,nan,nan,0
late,cage,0,6,resnet,True,none,lr,0.0001,0.0001,32,16,0.0652,2.1885,1.7109,0.8537,0.4952,nan,nan,nan,nan,0
late,cage,0,7,resnet,True,none,lr,0.0001,0.0001,32,1,0.6956,0.6888,0.6884,0.5909,0.5312,nan,nan,nan,nan,0
late,cage,0,7,resnet,True,none,lr,0.0001,0.0001,32,2,0.6468,0.6643,0.6790,0.6591,0.6806,nan,nan,nan,nan,0
late,cage,0,7,resnet,True,none,lr,0.0001,0.0001,32,3,0.5637,0.7311,0.6839,0.8409,0.5451,nan,nan,nan,nan,0
late,cage,0,7,resnet,True,none,lr,0.0001,0.0001,32,4,0.4590,0.7052,0.6638,0.8182,0.7049,nan,nan,nan,nan,0
late,cage,0,7,resnet,True,none,lr,0.0001,0.0001,32,5,0.3508,1.1046,0.8511,0.7727,0.5868,nan,nan,nan,nan,1
late,cage,0,7,resnet,True,none,lr,0.0001,0.0001,32,6,0.2838,1.4145,0.9238,0.8182,0.7257,nan,nan,nan,nan,1
late,cage,0,7,resnet,True,none,lr,0.0001,0.0001,32,7,0.2288,1.1609,0.9098,0.8182,0.6667,nan,nan,nan,nan,0
late,cage,0,7,resnet,True,none,lr,0.0001,0.0001,32,8,0.1801,1.6401,1.0994,0.8182,0.6528,nan,nan,nan,nan,1
late,cage,0,7,resnet,True,none,lr,0.0001,0.0001,32,9,0.1353,1.2487,0.9533,0.8182,0.7708,nan,nan,nan,nan,1
late,cage,0,7,resnet,True,none,lr,0.0001,0.0001,32,10,0.1108,1.9411,1.2036,0.8182,0.7326,nan,nan,nan,nan,1
late,cage,0,7,resnet,True,none,lr,0.0001,0.0001,32,11,0.1000,1.5132,1.1851,0.7955,0.7118,nan,nan,nan,nan,0
late,cage,0,7,resnet,True,none,lr,0.0001,0.0001,32,12,0.0585,1.7132,1.1822,0.8182,0.7778,nan,nan,nan,nan,1
late,cage,0,7,resnet,True,none,lr,0.0001,0.0001,32,13,0.0637,1.1433,1.2728,0.8182,0.7465,nan,nan,nan,nan,1
late,cage,0,7,resnet,True,none,lr,0.0001,0.0001,32,14,0.0638,1.6399,1.3785,0.8182,0.7361,nan,nan,nan,nan,0
late,cage,0,7,resnet,True,none,lr,0.0001,0.0001,32,15,0.0699,1.6107,1.3608,0.8182,0.8021,1.8693,1.7074,0.8372,0.6230,1
late,cage,0,7,resnet,True,none,lr,0.0001,0.0001,32,16,0.0593,1.7319,1.3255,0.8182,0.7257,nan,nan,nan,nan,0
late,cage,0,7,resnet,True,none,lr,0.0001,0.0001,32,17,0.0399,2.0808,1.4648,0.8182,0.6944,nan,nan,nan,nan,0
late,cage,0,7,resnet,True,none,lr,0.0001,0.0001,32,18,0.0441,1.5327,1.6338,0.7045,0.5764,nan,nan,nan,nan,0
late,cage,0,7,resnet,True,none,lr,0.0001,0.0001,32,19,0.0599,2.2091,1.4849,0.8182,0.7326,nan,nan,nan,nan,0
late,cage,0,7,resnet,True,none,lr,0.0001,0.0001,32,20,0.0259,2.7259,1.7766,0.8182,0.5660,nan,nan,nan,nan,0
late,cage,0,8,resnet,True,none,lr,0.0001,0.0001,32,1,0.6913,0.6873,0.6626,0.6596,0.5994,nan,nan,nan,nan,0
late,cage,0,8,resnet,True,none,lr,0.0001,0.0001,32,2,0.6298,0.7451,0.7097,0.6809,0.4744,nan,nan,nan,nan,0
late,cage,0,8,resnet,True,none,lr,0.0001,0.0001,32,3,0.5403,0.8232,0.8608,0.5319,0.4071,nan,nan,nan,nan,0
late,cage,0,8,resnet,True,none,lr,0.0001,0.0001,32,4,0.4323,0.9813,0.7501,0.8085,0.5577,nan,nan,nan,nan,0
late,cage,0,8,resnet,True,none,lr,0.0001,0.0001,32,5,0.3484,0.9752,0.9954,0.6383,0.5481,nan,nan,nan,nan,1
late,cage,0,8,resnet,True,none,lr,0.0001,0.0001,32,6,0.2693,1.5398,1.0491,0.7872,0.5833,nan,nan,nan,nan,0
late,cage,0,8,resnet,True,none,lr,0.0001,0.0001,32,7,0.2035,1.6145,1.0411,0.8085,0.5224,nan,nan,nan,nan,1
late,cage,0,8,resnet,True,none,lr,0.0001,0.0001,32,8,0.1652,1.6885,1.1721,0.8085,0.5577,nan,nan,nan,nan,1
late,cage,0,8,resnet,True,none,lr,0.0001,0.0001,32,9,0.1333,1.5594,1.2772,0.7660,0.5064,nan,nan,nan,nan,0
late,cage,0,8,resnet,True,none,lr,0.0001,0.0001,32,10,0.0987,1.9602,1.3177,0.8298,0.5865,nan,nan,nan,nan,0
late,cage,0,8,resnet,True,none,lr,0.0001,0.0001,32,11,0.1070,1.6876,1.3431,0.8085,0.6154,nan,nan,nan,nan,0
late,cage,0,8,resnet,True,none,lr,0.0001,0.0001,32,12,0.0944,2.1142,1.4230,0.8298,0.6282,nan,nan,nan,nan,1
late,cage,0,8,resnet,True,none,lr,0.0001,0.0001,32,13,0.0839,1.8075,1.5750,0.7660,0.6026,nan,nan,nan,nan,1
late,cage,0,8,resnet,True,none,lr,0.0001,0.0001,32,14,0.0534,2.2661,1.5482,0.7872,0.6346,1.5631,1.4517,0.8140,0.6944,1
late,cage,0,8,resnet,True,none,lr,0.0001,0.0001,32,15,0.0716,2.0450,1.5501,0.7660,0.6026,nan,nan,nan,nan,0
late,cage,0,8,resnet,True,none,lr,0.0001,0.0001,32,16,0.0728,1.9282,1.6306,0.7234,0.5577,nan,nan,nan,nan,0
late,cage,0,8,resnet,True,none,lr,0.0001,0.0001,32,17,0.0621,2.7158,1.7807,0.8085,0.4615,nan,nan,nan,nan,0
late,cage,0,8,resnet,True,none,lr,0.0001,0.0001,32,18,0.0434,3.3463,1.9514,0.8298,0.5449,nan,nan,nan,nan,0
late,cage,0,8,resnet,True,none,lr,0.0001,0.0001,32,19,0.0520,2.7218,1.7539,0.8298,0.5256,nan,nan,nan,nan,0
late,cage,0,9,resnet,True,none,lr,0.0001,0.0001,32,1,0.6895,0.6909,0.6960,0.5952,0.5455,nan,nan,nan,nan,0
late,cage,0,9,resnet,True,none,lr,0.0001,0.0001,32,2,0.6461,0.7398,0.8128,0.4524,0.4377,nan,nan,nan,nan,0
late,cage,0,9,resnet,True,none,lr,0.0001,0.0001,32,3,0.5632,0.8192,0.7785,0.5952,0.4579,nan,nan,nan,nan,0
late,cage,0,9,resnet,True,none,lr,0.0001,0.0001,32,4,0.4574,0.8890,0.8801,0.6667,0.4916,nan,nan,nan,nan,0
late,cage,0,9,resnet,True,none,lr,0.0001,0.0001,32,5,0.3636,1.0263,1.0677,0.5952,0.4377,nan,nan,nan,nan,1
late,cage,0,9,resnet,True,none,lr,0.0001,0.0001,32,6,0.2904,1.4593,1.0517,0.7381,0.4444,nan,nan,nan,nan,0
late,cage,0,9,resnet,True,none,lr,0.0001,0.0001,32,7,0.2201,1.5355,1.1780,0.7143,0.4815,nan,nan,nan,nan,0
late,cage,0,9,resnet,True,none,lr,0.0001,0.0001,32,8,0.1679,1.6259,1.4417,0.6905,0.4613,nan,nan,nan,nan,0
late,cage,0,9,resnet,True,none,lr,0.0001,0.0001,32,9,0.1478,2.0116,1.4139,0.7619,0.4848,nan,nan,nan,nan,0
late,cage,0,9,resnet,True,none,lr,0.0001,0.0001,32,10,0.1461,2.3621,1.4508,0.7619,0.5320,nan,nan,nan,nan,1
late,cage,0,9,resnet,True,none,lr,0.0001,0.0001,32,11,0.0909,1.8700,1.7464,0.6905,0.4983,1.0485,1.1193,0.8140,0.7817,1
late,cage,0,9,resnet,True,none,lr,0.0001,0.0001,32,12,0.0814,2.5513,1.7849,0.7143,0.4545,nan,nan,nan,nan,0
late,cage,0,9,resnet,True,none,lr,0.0001,0.0001,32,13,0.0902,2.6962,1.7829,0.7619,0.4848,nan,nan,nan,nan,0
late,cage,0,9,resnet,True,none,lr,0.0001,0.0001,32,14,0.0560,2.0535,1.8890,0.7143,0.4242,nan,nan,nan,nan,0
late,cage,0,9,resnet,True,none,lr,0.0001,0.0001,32,15,0.0596,2.6525,1.8561,0.7381,0.4747,nan,nan,nan,nan,0
late,cage,0,9,resnet,True,none,lr,0.0001,0.0001,32,16,0.0668,1.7870,1.7194,0.7381,0.5118,nan,nan,nan,nan,0
late,cage,1,0,resnet,True,none,lr,0.0001,0.0001,32,1,0.6917,0.6766,0.6306,0.7442,0.7262,nan,nan,nan,nan,0
late,cage,1,0,resnet,True,none,lr,0.0001,0.0001,32,2,0.6320,0.7034,0.6936,0.8140,0.5833,nan,nan,nan,nan,0
late,cage,1,0,resnet,True,none,lr,0.0001,0.0001,32,3,0.5488,0.7904,0.7277,0.8140,0.6032,nan,nan,nan,nan,0
late,cage,1,0,resnet,True,none,lr,0.0001,0.0001,32,4,0.4316,0.6131,0.8022,0.7442,0.7540,nan,nan,nan,nan,0
late,cage,1,0,resnet,True,none,lr,0.0001,0.0001,32,5,0.3448,0.9146,0.8497,0.8140,0.6468,nan,nan,nan,nan,1
late,cage,1,0,resnet,True,none,lr,0.0001,0.0001,32,6,0.2775,1.1040,1.0209,0.8372,0.6310,nan,nan,nan,nan,0
late,cage,1,0,resnet,True,none,lr,0.0001,0.0001,32,7,0.2130,0.7989,0.8564,0.7907,0.8254,nan,nan,nan,nan,1
late,cage,1,0,resnet,True,none,lr,0.0001,0.0001,32,8,0.1538,1.1523,1.0770,0.7907,0.7063,nan,nan,nan,nan,1
late,cage,1,0,resnet,True,none,lr,0.0001,0.0001,32,9,0.1371,0.9155,1.0573,0.7907,0.8095,nan,nan,nan,nan,1
late,cage,1,0,resnet,True,none,lr,0.0001,0.0001,32,10,0.1510,1.0908,1.1434,0.8605,0.6944,nan,nan,nan,nan,1
late,cage,1,0,resnet,True,none,lr,0.0001,0.0001,32,11,0.0922,1.3178,1.3184,0.8372,0.7024,1.5975,1.2172,0.8372,0.6667,1
late,cage,1,0,resnet,True,none,lr,0.0001,0.0001,32,12,0.0906,1.9731,1.4831,0.8140,0.6905,nan,nan,nan,nan,0
late,cage,1,0,resnet,True,none,lr,0.0001,0.0001,32,13,0.0905,1.9552,1.6158,0.8140,0.6270,nan,nan,nan,nan,0
late,cage,1,0,resnet,True,none,lr,0.0001,0.0001,32,14,0.0804,0.8134,1.1828,0.8140,0.7738,nan,nan,nan,nan,0
late,cage,1,0,resnet,True,none,lr,0.0001,0.0001,32,15,0.0601,1.0689,1.1633,0.8140,0.7540,nan,nan,nan,nan,0
late,cage,1,0,resnet,True,none,lr,0.0001,0.0001,32,16,0.0628,1.8064,1.4396,0.8140,0.7421,nan,nan,nan,nan,0
late,cage,1,2,resnet,True,none,lr,0.0001,0.0001,32,1,0.6856,0.7170,0.6339,0.7857,0.6029,nan,nan,nan,nan,0
late,cage,1,2,resnet,True,none,lr,0.0001,0.0001,32,2,0.6159,0.7187,0.7901,0.5476,0.5221,nan,nan,nan,nan,0
late,cage,1,2,resnet,True,none,lr,0.0001,0.0001,32,3,0.5119,0.8069,0.7079,0.7857,0.7316,nan,nan,nan,nan,0
late,cage,1,2,resnet,True,none,lr,0.0001,0.0001,32,4,0.4131,0.7103,0.9348,0.6429,0.6360,nan,nan,nan,nan,0
late,cage,1,2,resnet,True,none,lr,0.0001,0.0001,32,5,0.3204,0.9558,0.8967,0.7381,0.6066,nan,nan,nan,nan,1
late,cage,1,2,resnet,True,none,lr,0.0001,0.0001,32,6,0.2393,1.0420,0.9365,0.8095,0.6912,nan,nan,nan,nan,1
late,cage,1,2,resnet,True,none,lr,0.0001,0.0001,32,7,0.1818,1.1337,1.0357,0.7857,0.6250,1.1384,0.9697,0.8372,0.6190,1
late,cage,1,2,resnet,True,none,lr,0.0001,0.0001,32,8,0.1696,1.0338,1.0505,0.7857,0.6544,nan,nan,nan,nan,0
late,cage,1,2,resnet,True,none,lr,0.0001,0.0001,32,9,0.1182,1.7619,1.2592,0.7857,0.5956,nan,nan,nan,nan,0
late,cage,1,2,resnet,True,none,lr,0.0001,0.0001,32,10,0.1080,1.5933,1.2845,0.7857,0.5956,nan,nan,nan,nan,0
late,cage,1,2,resnet,True,none,lr,0.0001,0.0001,32,11,0.0894,1.5907,1.2661,0.7619,0.5772,nan,nan,nan,nan,0
late,cage,1,2,resnet,True,none,lr,0.0001,0.0001,32,12,0.0795,2.6865,1.7324,0.8095,0.5331,nan,nan,nan,nan,0
late,cage,1,2,resnet,True,none,lr,0.0001,0.0001,32,13,0.0619,2.3701,1.6369,0.8095,0.6066,nan,nan,nan,nan,0
late,cage,1,2,resnet,True,none,lr,0.0001,0.0001,32,14,0.0465,1.9886,1.5731,0.7857,0.5699,nan,nan,nan,nan,0
late,cage,1,2,resnet,True,none,lr,0.0001,0.0001,32,15,0.0746,2.1151,1.7895,0.7619,0.5478,nan,nan,nan,nan,0
late,cage,1,2,resnet,True,none,lr,0.0001,0.0001,32,16,0.0849,3.0694,1.9124,0.8095,0.6544,nan,nan,nan,nan,0
late,cage,1,3,resnet,True,none,lr,0.0001,0.0001,32,1,0.6950,0.6915,0.6091,0.8333,0.6245,nan,nan,nan,nan,0
late,cage,1,3,resnet,True,none,lr,0.0001,0.0001,32,2,0.6267,0.7152,0.8045,0.4286,0.5347,nan,nan,nan,nan,0
late,cage,1,3,resnet,True,none,lr,0.0001,0.0001,32,3,0.5272,0.7577,0.7440,0.7619,0.5755,nan,nan,nan,nan,0
late,cage,1,3,resnet,True,none,lr,0.0001,0.0001,32,4,0.4267,0.8629,0.8147,0.8333,0.6245,nan,nan,nan,nan,0
late,cage,1,3,resnet,True,none,lr,0.0001,0.0001,32,5,0.3302,0.8530,0.8204,0.8333,0.7143,1.1810,0.9009,0.8140,0.5198,1
late,cage,1,3,resnet,True,none,lr,0.0001,0.0001,32,6,0.2525,1.0208,1.0150,0.7619,0.5347,nan,nan,nan,nan,0
late,cage,1,3,resnet,True,none,lr,0.0001,0.0001,32,7,0.2167,0.8452,1.0276,0.7619,0.6082,nan,nan,nan,nan,0
late,cage,1,3,resnet,True,none,lr,0.0001,0.0001,32,8,0.1642,0.9480,1.2665,0.7381,0.5673,nan,nan,nan,nan,0
late,cage,1,3,resnet,True,none,lr,0.0001,0.0001,32,9,0.1214,1.2927,1.2711,0.8095,0.5633,nan,nan,nan,nan,0
late,cage,1,3,resnet,True,none,lr,0.0001,0.0001,32,10,0.1115,1.4125,1.3147,0.7857,0.6327,nan,nan,nan,nan,0
late,cage,1,3,resnet,True,none,lr,0.0001,0.0001,32,11,0.0840,1.9752,1.5452,0.8333,0.5755,nan,nan,nan,nan,0
late,cage,1,3,resnet,True,none,lr,0.0001,0.0001,32,12,0.0894,1.4385,1.4424,0.7619,0.5633,nan,nan,nan,nan,0
late,cage,1,3,resnet,True,none,lr,0.0001,0.0001,32,13,0.1001,1.3999,1.4186,0.8095,0.6204,nan,nan,nan,nan,0
late,cage,1,3,resnet,True,none,lr,0.0001,0.0001,32,14,0.0480,1.8917,1.6108,0.8333,0.5673,nan,nan,nan,nan,0
late,cage,1,3,resnet,True,none,lr,0.0001,0.0001,32,15,0.0457,2.0183,1.7011,0.8095,0.5959,nan,nan,nan,nan,0
late,cage,1,3,resnet,True,none,lr,0.0001,0.0001,32,16,0.0337,2.2405,1.8701,0.8095,0.5673,nan,nan,nan,nan,0
late,cage,1,4,resnet,True,none,lr,0.0001,0.0001,32,1,0.6914,0.7035,0.7007,0.4651,0.4643,nan,nan,nan,nan,0
late,cage,1,4,resnet,True,none,lr,0.0001,0.0001,32,2,0.6412,0.7024,0.6719,0.7442,0.5571,nan,nan,nan,nan,0
late,cage,1,4,resnet,True,none,lr,0.0001,0.0001,32,3,0.5512,0.7794,0.7636,0.7907,0.6536,nan,nan,nan,nan,0
late,cage,1,4,resnet,True,none,lr,0.0001,0.0001,32,4,0.4408,0.8952,0.8520,0.7907,0.5357,nan,nan,nan,nan,0
late,cage,1,4,resnet,True,none,lr,0.0001,0.0001,32,5,0.3410,0.6748,0.9062,0.6047,0.6286,nan,nan,nan,nan,1
late,cage,1,4,resnet,True,none,lr,0.0001,0.0001,32,6,0.2740,0.7647,1.0016,0.7442,0.6679,nan,nan,nan,nan,1
late,cage,1,4,resnet,True,none,lr,0.0001,0.0001,32,7,0.1959,0.9159,1.0180,0.7907,0.7143,nan,nan,nan,nan,1
late,cage,1,4,resnet,True,none,lr,0.0001,0.0001,32,8,0.1654,1.1911,1.2426,0.7674,0.6714,nan,nan,nan,nan,0
late,cage,1,4,resnet,True,none,lr,0.0001,0.0001,32,9,0.1463,2.1694,1.7131,0.8140,0.5893,nan,nan,nan,nan,1
late,cage,1,4,resnet,True,none,lr,0.0001,0.0001,32,10,0.1359,1.7723,1.4521,0.8140,0.7250,nan,nan,nan,nan,1
late,cage,1,4,resnet,True,none,lr,0.0001,0.0001,32,11,0.1058,1.5512,1.4362,0.8140,0.6071,nan,nan,nan,nan,0
late,cage,1,4,resnet,True,none,lr,0.0001,0.0001,32,12,0.0709,1.0690,1.4130,0.7907,0.7321,nan,nan,nan,nan,0
late,cage,1,4,resnet,True,none,lr,0.0001,0.0001,32,13,0.0861,1.3222,1.5245,0.7674,0.5893,nan,nan,nan,nan,0
late,cage,1,4,resnet,True,none,lr,0.0001,0.0001,32,14,0.0686,1.8193,1.6250,0.7907,0.7286,nan,nan,nan,nan,0
late,cage,1,4,resnet,True,none,lr,0.0001,0.0001,32,15,0.0532,1.2975,1.5599,0.7907,0.7143,nan,nan,nan,nan,0
late,cage,1,4,resnet,True,none,lr,0.0001,0.0001,32,16,0.0354,1.5000,1.7426,0.8140,0.7357,2.0968,1.7080,0.7907,0.5516,1
late,cage,1,4,resnet,True,none,lr,0.0001,0.0001,32,17,0.0665,1.3355,1.9214,0.7442,0.6250,nan,nan,nan,nan,0
late,cage,1,4,resnet,True,none,lr,0.0001,0.0001,32,18,0.0411,2.2624,1.9039,0.8140,0.7143,nan,nan,nan,nan,0
late,cage,1,4,resnet,True,none,lr,0.0001,0.0001,32,19,0.0379,1.9098,1.8573,0.8140,0.7357,nan,nan,nan,nan,0
late,cage,1,4,resnet,True,none,lr,0.0001,0.0001,32,20,0.0262,2.9853,2.3718,0.8140,0.7107,nan,nan,nan,nan,0
late,cage,1,4,resnet,True,none,lr,0.0001,0.0001,32,21,0.0512,2.5446,2.1398,0.8140,0.6821,nan,nan,nan,nan,0
late,cage,1,5,resnet,True,none,lr,0.0001,0.0001,32,1,0.6866,0.7677,0.7231,0.5750,0.3513,nan,nan,nan,nan,0
late,cage,1,5,resnet,True,none,lr,0.0001,0.0001,32,2,0.6197,0.8364,0.8005,0.5500,0.3333,nan,nan,nan,nan,0
late,cage,1,5,resnet,True,none,lr,0.0001,0.0001,32,3,0.5079,0.9938,0.8977,0.6250,0.4588,nan,nan,nan,nan,0
late,cage,1,5,resnet,True,none,lr,0.0001,0.0001,32,4,0.3959,1.0694,0.9049,0.7000,0.4839,nan,nan,nan,nan,0
late,cage,1,5,resnet,True,none,lr,0.0001,0.0001,32,5,0.3082,1.6564,1.2601,0.7250,0.4158,nan,nan,nan,nan,1
late,cage,1,5,resnet,True,none,lr,0.0001,0.0001,32,6,0.2627,1.5156,1.1929,0.7000,0.4409,nan,nan,nan,nan,1
late,cage,1,5,resnet,True,none,lr,0.0001,0.0001,32,7,0.1786,1.7433,1.4005,0.7250,0.4552,1.0071,0.9407,0.8605,0.6667,1
late,cage,1,5,resnet,True,none,lr,0.0001,0.0001,32,8,0.1511,1.6519,1.3970,0.7250,0.4695,nan,nan,nan,nan,0
late,cage,1,5,resnet,True,none,lr,0.0001,0.0001,32,9,0.1199,3.1488,2.0613,0.7750,0.3477,nan,nan,nan,nan,0
late,cage,1,5,resnet,True,none,lr,0.0001,0.0001,32,10,0.1336,2.2684,1.7514,0.7000,0.3799,nan,nan,nan,nan,0
late,cage,1,5,resnet,True,none,lr,0.0001,0.0001,32,11,0.0983,2.7875,1.8631,0.7750,0.4158,nan,nan,nan,nan,0
late,cage,1,5,resnet,True,none,lr,0.0001,0.0001,32,12,0.0661,2.8119,1.9822,0.7750,0.4050,nan,nan,nan,nan,0
late,cage,1,5,resnet,True,none,lr,0.0001,0.0001,32,13,0.0749,3.1422,2.0639,0.7750,0.3943,nan,nan,nan,nan,0
late,cage,1,5,resnet,True,none,lr,0.0001,0.0001,32,14,0.0575,3.2637,2.1809,0.7750,0.4086,nan,nan,nan,nan,0
late,cage,1,5,resnet,True,none,lr,0.0001,0.0001,32,15,0.0305,3.1394,2.1979,0.7750,0.3871,nan,nan,nan,nan,0
late,cage,1,5,resnet,True,none,lr,0.0001,0.0001,32,16,0.0575,2.5793,1.9907,0.7750,0.4946,nan,nan,nan,nan,0
late,cage,1,6,resnet,True,none,lr,0.0001,0.0001,32,1,0.6893,0.6961,0.6500,0.8293,0.4429,nan,nan,nan,nan,0
late,cage,1,6,resnet,True,none,lr,0.0001,0.0001,32,2,0.6382,0.7275,0.7021,0.6585,0.4286,nan,nan,nan,nan,0
late,cage,1,6,resnet,True,none,lr,0.0001,0.0001,32,3,0.5499,0.8061,0.7740,0.7317,0.4333,nan,nan,nan,nan,0
late,cage,1,6,resnet,True,none,lr,0.0001,0.0001,32,4,0.4403,0.8803,0.8722,0.7317,0.3286,nan,nan,nan,nan,0
late,cage,1,6,resnet,True,none,lr,0.0001,0.0001,32,5,0.3555,1.1529,0.9189,0.8293,0.3714,nan,nan,nan,nan,1
late,cage,1,6,resnet,True,none,lr,0.0001,0.0001,32,6,0.2689,1.1880,1.0688,0.8537,0.4238,nan,nan,nan,nan,0
late,cage,1,6,resnet,True,none,lr,0.0001,0.0001,32,7,0.2255,1.1757,1.0912,0.8537,0.4095,nan,nan,nan,nan,0
late,cage,1,6,resnet,True,none,lr,0.0001,0.0001,32,8,0.1649,1.5987,1.4030,0.8537,0.3905,nan,nan,nan,nan,0
late,cage,1,6,resnet,True,none,lr,0.0001,0.0001,32,9,0.1327,1.6605,1.4942,0.8293,0.4143,nan,nan,nan,nan,0
late,cage,1,6,resnet,True,none,lr,0.0001,0.0001,32,10,0.1168,1.5222,1.4172,0.8293,0.5000,nan,nan,nan,nan,1
late,cage,1,6,resnet,True,none,lr,0.0001,0.0001,32,11,0.1134,1.9290,1.5565,0.8537,0.5000,nan,nan,nan,nan,1
late,cage,1,6,resnet,True,none,lr,0.0001,0.0001,32,12,0.0751,1.9113,1.7018,0.8537,0.3952,nan,nan,nan,nan,0
late,cage,1,6,resnet,True,none,lr,0.0001,0.0001,32,13,0.0868,1.6320,1.4294,0.8537,0.4905,nan,nan,nan,nan,1
late,cage,1,6,resnet,True,none,lr,0.0001,0.0001,32,14,0.0670,1.9974,1.6706,0.8537,0.4571,nan,nan,nan,nan,1
late,cage,1,6,resnet,True,none,lr,0.0001,0.0001,32,15,0.0615,1.9932,1.6775,0.8537,0.4476,nan,nan,nan,nan,0
late,cage,1,6,resnet,True,none,lr,0.0001,0.0001,32,16,0.0506,1.9419,1.7553,0.8049,0.5048,nan,nan,nan,nan,0
late,cage,1,6,resnet,True,none,lr,0.0001,0.0001,32,17,0.0583,2.6525,1.9773,0.8537,0.4905,nan,nan,nan,nan,1
late,cage,1,6,resnet,True,none,lr,0.0001,0.0001,32,18,0.0552,2.6024,1.9537,0.8537,0.5000,nan,nan,nan,nan,0
late,cage,1,6,resnet,True,none,lr,0.0001,0.0001,32,19,0.0266,2.2036,1.7776,0.8537,0.5524,nan,nan,nan,nan,1
late,cage,1,6,resnet,True,none,lr,0.0001,0.0001,32,20,0.0427,2.1794,1.8439,0.8537,0.5381,2.3509,1.6589,0.8372,0.5952,1
late,cage,1,6,resnet,True,none,lr,0.0001,0.0001,32,21,0.0532,2.3296,2.1083,0.8537,0.4667,nan,nan,nan,nan,0
late,cage,1,6,resnet,True,none,lr,0.0001,0.0001,32,22,0.0366,2.6671,1.9676,0.8537,0.5429,nan,nan,nan,nan,0
late,cage,1,6,resnet,True,none,lr,0.0001,0.0001,32,23,0.0589,2.4477,2.0722,0.8293,0.4333,nan,nan,nan,nan,0
late,cage,1,6,resnet,True,none,lr,0.0001,0.0001,32,24,0.0454,2.9673,2.0566,0.8537,0.5524,nan,nan,nan,nan,0
late,cage,1,6,resnet,True,none,lr,0.0001,0.0001,32,25,0.0282,3.2514,2.4620,0.8293,0.4762,nan,nan,nan,nan,0
late,cage,1,7,resnet,True,none,lr,0.0001,0.0001,32,1,0.6895,0.7000,0.6970,0.5000,0.5208,nan,nan,nan,nan,0
late,cage,1,7,resnet,True,none,lr,0.0001,0.0001,32,2,0.6228,0.7488,0.6617,0.7955,0.4896,nan,nan,nan,nan,0
late,cage,1,7,resnet,True,none,lr,0.0001,0.0001,32,3,0.5342,0.7363,0.7983,0.6591,0.5069,nan,nan,nan,nan,0
late,cage,1,7,resnet,True,none,lr,0.0001,0.0001,32,4,0.4257,0.9512,0.7627,0.8182,0.5451,nan,nan,nan,nan,0
late,cage,1,7,resnet,True,none,lr,0.0001,0.0001,32,5,0.3270,0.9179,0.7559,0.8182,0.6528,nan,nan,nan,nan,1
late,cage,1,7,resnet,True,none,lr,0.0001,0.0001,32,6,0.2447,0.7296,1.0130,0.5682,0.5903,nan,nan,nan,nan,1
late,cage,1,7,resnet,True,none,lr,0.0001,0.0001,32,7,0.1967,1.2885,0.9379,0.8182,0.7014,nan,nan,nan,nan,1
late,cage,1,7,resnet,True,none,lr,0.0001,0.0001,32,8,0.1563,1.6500,1.1100,0.8182,0.6250,nan,nan,nan,nan,1
late,cage,1,7,resnet,True,none,lr,0.0001,0.0001,32,9,0.1124,1.8329,1.2440,0.8182,0.6076,nan,nan,nan,nan,1
late,cage,1,7,resnet,True,none,lr,0.0001,0.0001,32,10,0.0990,1.5779,1.2592,0.8182,0.6944,1.8879,1.4160,0.8372,0.5357,1
late,cage,1,7,resnet,True,none,lr,0.0001,0.0001,32,11,0.1136,2.2492,1.4748,0.8182,0.4653,nan,nan,nan,nan,0
late,cage,1,7,resnet,True,none,lr,0.0001,0.0001,32,12,0.0711,1.9775,1.4125,0.8182,0.5486,nan,nan,nan,nan,0
late,cage,1,7,resnet,True,none,lr,0.0001,0.0001,32,13,0.0750,2.1197,1.4753,0.8182,0.6458,nan,nan,nan,nan,0
late,cage,1,7,resnet,True,none,lr,0.0001,0.0001,32,14,0.0396,2.0297,1.4747,0.8182,0.6215,nan,nan,nan,nan,0
late,cage,1,7,resnet,True,none,lr,0.0001,0.0001,32,15,0.0506,1.4308,1.3983,0.7727,0.6319,nan,nan,nan,nan,0
late,cage,1,7,resnet,True,none,lr,0.0001,0.0001,32,16,0.0564,1.9478,1.6123,0.7955,0.6424,nan,nan,nan,nan,0
late,cage,1,8,resnet,True,none,lr,0.0001,0.0001,32,1,0.6912,0.6902,0.6520,0.8085,0.5545,nan,nan,nan,nan,0
late,cage,1,8,resnet,True,none,lr,0.0001,0.0001,32,2,0.6177,0.6854,0.7634,0.5957,0.5801,nan,nan,nan,nan,0
late,cage,1,8,resnet,True,none,lr,0.0001,0.0001,32,3,0.5197,0.6895,0.7672,0.6170,0.5801,nan,nan,nan,nan,0
late,cage,1,8,resnet,True,none,lr,0.0001,0.0001,32,4,0.4260,0.8496,0.8673,0.6809,0.5192,nan,nan,nan,nan,0
late,cage,1,8,resnet,True,none,lr,0.0001,0.0001,32,5,0.3158,1.3462,1.2445,0.7021,0.4295,nan,nan,nan,nan,1
late,cage,1,8,resnet,True,none,lr,0.0001,0.0001,32,6,0.2447,1.1511,0.9346,0.7872,0.6026,nan,nan,nan,nan,1
late,cage,1,8,resnet,True,none,lr,0.0001,0.0001,32,7,0.1975,1.7605,1.2193,0.8085,0.5160,nan,nan,nan,nan,0
late,cage,1,8,resnet,True,none,lr,0.0001,0.0001,32,8,0.1532,1.8473,1.3130,0.7872,0.5000,nan,nan,nan,nan,0
late,cage,1,8,resnet,True,none,lr,0.0001,0.0001,32,9,0.1398,1.5609,1.2520,0.7660,0.6058,nan,nan,nan,nan,0
late,cage,1,8,resnet,True,none,lr,0.0001,0.0001,32,10,0.1194,2.0352,1.4095,0.8085,0.5000,nan,nan,nan,nan,0
late,cage,1,8,resnet,True,none,lr,0.0001,0.0001,32,11,0.0976,1.7399,1.3693,0.7660,0.6058,nan,nan,nan,nan,0
late,cage,1,8,resnet,True,none,lr,0.0001,0.0001,32,12,0.0742,2.0799,1.4760,0.8085,0.5865,nan,nan,nan,nan,1
late,cage,1,8,resnet,True,none,lr,0.0001,0.0001,32,13,0.0608,2.5427,1.6005,0.8085,0.5641,nan,nan,nan,nan,1
late,cage,1,8,resnet,True,none,lr,0.0001,0.0001,32,14,0.0648,1.7539,1.4725,0.8085,0.5833,nan,nan,nan,nan,0
late,cage,1,8,resnet,True,none,lr,0.0001,0.0001,32,15,0.0462,1.9238,1.5681,0.7660,0.5929,1.7144,1.4489,0.8140,0.5913,1
late,cage,1,8,resnet,True,none,lr,0.0001,0.0001,32,16,0.0528,2.7179,1.8131,0.8085,0.5673,nan,nan,nan,nan,0
late,cage,1,8,resnet,True,none,lr,0.0001,0.0001,32,17,0.0838,1.7971,1.7872,0.7447,0.4647,nan,nan,nan,nan,0
late,cage,1,8,resnet,True,none,lr,0.0001,0.0001,32,18,0.0651,2.3792,1.7884,0.7872,0.4487,nan,nan,nan,nan,0
late,cage,1,8,resnet,True,none,lr,0.0001,0.0001,32,19,0.0438,2.0643,1.6810,0.7872,0.5865,nan,nan,nan,nan,0
late,cage,1,8,resnet,True,none,lr,0.0001,0.0001,32,20,0.0464,2.4703,1.6854,0.8085,0.5994,nan,nan,nan,nan,0
late,cage,1,9,resnet,True,none,lr,0.0001,0.0001,32,1,0.6850,0.6913,0.7302,0.4286,0.4916,nan,nan,nan,nan,0
late,cage,1,9,resnet,True,none,lr,0.0001,0.0001,32,2,0.6203,0.6842,0.7493,0.5476,0.5960,nan,nan,nan,nan,0
late,cage,1,9,resnet,True,none,lr,0.0001,0.0001,32,3,0.5341,0.7640,0.8732,0.6905,0.5253,nan,nan,nan,nan,0
late,cage,1,9,resnet,True,none,lr,0.0001,0.0001,32,4,0.4193,1.0109,0.9787,0.6429,0.5084,nan,nan,nan,nan,0
late,cage,1,9,resnet,True,none,lr,0.0001,0.0001,32,5,0.3340,1.2180,1.3634,0.5476,0.4141,nan,nan,nan,nan,1
late,cage,1,9,resnet,True,none,lr,0.0001,0.0001,32,6,0.2556,0.9244,1.0643,0.6429,0.5354,nan,nan,nan,nan,1
late,cage,1,9,resnet,True,none,lr,0.0001,0.0001,32,7,0.1952,1.3835,1.2188,0.6190,0.4747,nan,nan,nan,nan,0
late,cage,1,9,resnet,True,none,lr,0.0001,0.0001,32,8,0.1646,1.9818,1.2995,0.7619,0.5118,nan,nan,nan,nan,0
late,cage,1,9,resnet,True,none,lr,0.0001,0.0001,32,9,0.1367,1.8114,1.6853,0.6429,0.4343,nan,nan,nan,nan,0
late,cage,1,9,resnet,True,none,lr,0.0001,0.0001,32,10,0.1269,1.7105,1.3060,0.7143,0.5421,nan,nan,nan,nan,0
late,cage,1,9,resnet,True,none,lr,0.0001,0.0001,32,11,0.1230,1.9429,1.5692,0.7143,0.5219,nan,nan,nan,nan,0
late,cage,1,9,resnet,True,none,lr,0.0001,0.0001,32,12,0.0785,2.0474,1.7393,0.7143,0.5051,nan,nan,nan,nan,0
late,cage,1,9,resnet,True,none,lr,0.0001,0.0001,32,13,0.0648,2.8461,1.8512,0.7857,0.4815,nan,nan,nan,nan,0
late,cage,1,9,resnet,True,none,lr,0.0001,0.0001,32,14,0.0658,2.2813,1.8753,0.7143,0.5993,nan,nan,nan,nan,1
late,cage,1,9,resnet,True,none,lr,0.0001,0.0001,32,15,0.0536,2.6770,1.9582,0.7381,0.5791,nan,nan,nan,nan,1
late,cage,1,9,resnet,True,none,lr,0.0001,0.0001,32,16,0.0425,2.6392,1.8997,0.7619,0.4815,nan,nan,nan,nan,0
late,cage,1,9,resnet,True,none,lr,0.0001,0.0001,32,17,0.0451,2.5137,1.9766,0.7143,0.5320,nan,nan,nan,nan,0
late,cage,1,9,resnet,True,none,lr,0.0001,0.0001,32,18,0.0809,1.2119,1.8782,0.5000,0.5387,nan,nan,nan,nan,1
late,cage,1,9,resnet,True,none,lr,0.0001,0.0001,32,19,0.0587,2.1015,1.8757,0.6667,0.5960,nan,nan,nan,nan,0
late,cage,1,9,resnet,True,none,lr,0.0001,0.0001,32,20,0.0272,2.7543,1.8784,0.7381,0.5623,nan,nan,nan,nan,0
late,cage,1,9,resnet,True,none,lr,0.0001,0.0001,32,21,0.0305,3.1863,2.2497,0.7381,0.5253,nan,nan,nan,nan,0
late,cage,1,9,resnet,True,none,lr,0.0001,0.0001,32,22,0.0329,2.9417,2.3387,0.6905,0.5488,nan,nan,nan,nan,1
late,cage,1,9,resnet,True,none,lr,0.0001,0.0001,32,23,0.0392,2.9973,2.1068,0.7381,0.5657,2.2385,1.5792,0.8372,0.7103,1
late,cage,1,9,resnet,True,none,lr,0.0001,0.0001,32,24,0.0234,2.7303,2.1453,0.7143,0.5455,nan,nan,nan,nan,0
late,cage,1,9,resnet,True,none,lr,0.0001,0.0001,32,25,0.0385,3.7272,2.4833,0.7381,0.5488,nan,nan,nan,nan,0
late,cage,1,9,resnet,True,none,lr,0.0001,0.0001,32,26,0.0210,2.7901,2.3226,0.6905,0.4848,nan,nan,nan,nan,0
late,cage,1,9,resnet,True,none,lr,0.0001,0.0001,32,27,0.0278,2.9777,2.1511,0.7619,0.5522,nan,nan,nan,nan,0
late,cage,1,9,resnet,True,none,lr,0.0001,0.0001,32,28,0.0186,3.7154,2.4525,0.7857,0.5320,nan,nan,nan,nan,0
late,cage,2,0,resnet,True,none,lr,0.0001,0.0001,32,1,0.6914,0.6904,0.6861,0.6744,0.5595,nan,nan,nan,nan,0
late,cage,2,0,resnet,True,none,lr,0.0001,0.0001,32,2,0.6370,0.6786,0.7295,0.4651,0.6389,nan,nan,nan,nan,0
late,cage,2,0,resnet,True,none,lr,0.0001,0.0001,32,3,0.5562,0.6378,0.6875,0.7674,0.7183,nan,nan,nan,nan,0
late,cage,2,0,resnet,True,none,lr,0.0001,0.0001,32,4,0.4544,0.7105,0.7896,0.7674,0.6865,nan,nan,nan,nan,0
late,cage,2,0,resnet,True,none,lr,0.0001,0.0001,32,5,0.3563,0.6690,0.8540,0.7907,0.6825,nan,nan,nan,nan,1
late,cage,2,0,resnet,True,none,lr,0.0001,0.0001,32,6,0.2740,0.8811,0.9438,0.8372,0.6786,nan,nan,nan,nan,1
late,cage,2,0,resnet,True,none,lr,0.0001,0.0001,32,7,0.2079,1.3445,1.1415,0.8140,0.5357,nan,nan,nan,nan,0
late,cage,2,0,resnet,True,none,lr,0.0001,0.0001,32,8,0.1553,1.4119,1.2075,0.8140,0.6270,nan,nan,nan,nan,0
late,cage,2,0,resnet,True,none,lr,0.0001,0.0001,32,9,0.1275,1.1242,1.1076,0.8140,0.7103,nan,nan,nan,nan,0
late,cage,2,0,resnet,True,none,lr,0.0001,0.0001,32,10,0.1132,1.4504,1.1816,0.8140,0.7579,nan,nan,nan,nan,0
late,cage,2,0,resnet,True,none,lr,0.0001,0.0001,32,11,0.0801,1.7438,1.3754,0.8372,0.8135,nan,nan,nan,nan,1
late,cage,2,0,resnet,True,none,lr,0.0001,0.0001,32,12,0.0933,1.1138,1.1807,0.8140,0.8492,nan,nan,nan,nan,1
late,cage,2,0,resnet,True,none,lr,0.0001,0.0001,32,13,0.0834,1.3016,1.2694,0.8140,0.7421,1.8239,1.3956,0.7619,0.6029,1
late,cage,2,0,resnet,True,none,lr,0.0001,0.0001,32,14,0.0682,1.7495,1.6469,0.8372,0.5952,nan,nan,nan,nan,0
late,cage,2,0,resnet,True,none,lr,0.0001,0.0001,32,15,0.0790,1.5464,1.5082,0.8140,0.7103,nan,nan,nan,nan,0
late,cage,2,0,resnet,True,none,lr,0.0001,0.0001,32,16,0.0499,1.5029,1.5156,0.8140,0.6865,nan,nan,nan,nan,0
late,cage,2,0,resnet,True,none,lr,0.0001,0.0001,32,17,0.0379,1.0023,1.3829,0.7907,0.7262,nan,nan,nan,nan,0
late,cage,2,0,resnet,True,none,lr,0.0001,0.0001,32,18,0.0359,1.5776,1.4505,0.8140,0.7619,nan,nan,nan,nan,0
late,cage,2,1,resnet,True,none,lr,0.0001,0.0001,32,1,0.6929,0.6654,0.6976,0.4651,0.6706,nan,nan,nan,nan,0
late,cage,2,1,resnet,True,none,lr,0.0001,0.0001,32,2,0.6230,0.6691,0.6544,0.6744,0.6071,nan,nan,nan,nan,0
late,cage,2,1,resnet,True,none,lr,0.0001,0.0001,32,3,0.5233,0.7399,0.6839,0.8605,0.5595,nan,nan,nan,nan,0
late,cage,2,1,resnet,True,none,lr,0.0001,0.0001,32,4,0.4285,0.7962,0.7855,0.7442,0.5675,nan,nan,nan,nan,0
late,cage,2,1,resnet,True,none,lr,0.0001,0.0001,32,5,0.3170,0.9799,0.8813,0.7907,0.5437,nan,nan,nan,nan,1
late,cage,2,1,resnet,True,none,lr,0.0001,0.0001,32,6,0.2604,1.2818,0.9939,0.8605,0.5397,nan,nan,nan,nan,0
late,cage,2,1,resnet,True,none,lr,0.0001,0.0001,32,7,0.1865,1.3150,0.9795,0.8605,0.6825,nan,nan,nan,nan,0
late,cage,2,1,resnet,True,none,lr,0.0001,0.0001,32,8,0.1491,1.3770,1.1906,0.8372,0.5913,nan,nan,nan,nan,0
late,cage,2,1,resnet,True,none,lr,0.0001,0.0001,32,9,0.1445,1.3787,1.1126,0.8605,0.6111,nan,nan,nan,nan,0
late,cage,2,1,resnet,True,none,lr,0.0001,0.0001,32,10,0.0976,1.7333,1.1893,0.8372,0.6468,nan,nan,nan,nan,1
late,cage,2,1,resnet,True,none,lr,0.0001,0.0001,32,11,0.0676,1.6608,1.2573,0.8372,0.7103,1.9788,1.4729,0.7857,0.5441,1
late,cage,2,1,resnet,True,none,lr,0.0001,0.0001,32,12,0.0807,2.2727,1.6950,0.8372,0.5556,nan,nan,nan,nan,0
late,cage,2,1,resnet,True,none,lr,0.0001,0.0001,32,13,0.0891,1.8946,1.4082,0.8372,0.6548,nan,nan,nan,nan,0
late,cage,2,1,resnet,True,none,lr,0.0001,0.0001,32,14,0.0620,2.2138,1.4873,0.8372,0.6429,nan,nan,nan,nan,0
late,cage,2,1,resnet,True,none,lr,0.0001,0.0001,32,15,0.0617,2.3257,1.5281,0.8372,0.6349,nan,nan,nan,nan,0
late,cage,2,1,resnet,True,none,lr,0.0001,0.0001,32,16,0.0436,2.6693,1.6399,0.8372,0.6587,nan,nan,nan,nan,0
late,cage,2,3,resnet,True,none,lr,0.0001,0.0001,32,1,0.6868,0.6800,0.6689,0.7381,0.6041,nan,nan,nan,nan,0
late,cage,2,3,resnet,True,none,lr,0.0001,0.0001,32,2,0.6448,0.6850,0.6628,0.7857,0.5837,nan,nan,nan,nan,0
late,cage,2,3,resnet,True,none,lr,0.0001,0.0001,32,3,0.5638,0.6612,0.7899,0.5476,0.6327,nan,nan,nan,nan,0
late,cage,2,3,resnet,True,none,lr,0.0001,0.0001,32,4,0.4544,0.7547,0.8371,0.6905,0.5224,nan,nan,nan,nan,0
late,cage,2,3,resnet,True,none,lr,0.0001,0.0001,32,5,0.3519,0.8459,0.8957,0.7619,0.5306,0.9547,0.9620,0.7619,0.5699,1
late,cage,2,3,resnet,True,none,lr,0.0001,0.0001,32,6,0.2979,1.1898,0.9683,0.8333,0.4449,nan,nan,nan,nan,0
late,cage,2,3,resnet,True,none,lr,0.0001,0.0001,32,7,0.2272,1.4630,1.0872,0.8333,0.4612,nan,nan,nan,nan,0
late,cage,2,3,resnet,True,none,lr,0.0001,0.0001,32,8,0.1805,0.8900,1.0122,0.8333,0.6694,nan,nan,nan,nan,0
late,cage,2,3,resnet,True,none,lr,0.0001,0.0001,32,9,0.1567,1.4279,1.1670,0.8333,0.4776,nan,nan,nan,nan,0
late,cage,2,3,resnet,True,none,lr,0.0001,0.0001,32,10,0.1049,1.9575,1.3376,0.8333,0.4735,nan,nan,nan,nan,0
late,cage,2,3,resnet,True,none,lr,0.0001,0.0001,32,11,0.0969,1.3427,1.3890,0.7857,0.5837,nan,nan,nan,nan,0
late,cage,2,3,resnet,True,none,lr,0.0001,0.0001,32,12,0.0778,1.1824,1.3383,0.7619,0.6082,nan,nan,nan,nan,0
late,cage,2,3,resnet,True,none,lr,0.0001,0.0001,32,13,0.0772,1.7324,1.4286,0.8333,0.6082,nan,nan,nan,nan,0
late,cage,2,3,resnet,True,none,lr,0.0001,0.0001,32,14,0.0661,2.2033,1.5939,0.8333,0.6163,nan,nan,nan,nan,0
late,cage,2,3,resnet,True,none,lr,0.0001,0.0001,32,15,0.0805,1.4517,1.5506,0.7619,0.4367,nan,nan,nan,nan,0
late,cage,2,3,resnet,True,none,lr,0.0001,0.0001,32,16,0.0741,1.9060,1.5677,0.8333,0.5184,nan,nan,nan,nan,0
late,cage,2,4,resnet,True,none,lr,0.0001,0.0001,32,1,0.6993,0.6833,0.6631,0.7674,0.7214,nan,nan,nan,nan,0
late,cage,2,4,resnet,True,none,lr,0.0001,0.0001,32,2,0.6202,0.7304,0.7859,0.5116,0.5286,nan,nan,nan,nan,0
late,cage,2,4,resnet,True,none,lr,0.0001,0.0001,32,3,0.5399,0.6344,0.6885,0.7674,0.7464,nan,nan,nan,nan,0
late,cage,2,4,resnet,True,none,lr,0.0001,0.0001,32,4,0.4314,0.6928,0.8049,0.7674,0.7393,nan,nan,nan,nan,0
late,cage,2,4,resnet,True,none,lr,0.0001,0.0001,32,5,0.3393,0.7114,0.8688,0.6977,0.6643,nan,nan,nan,nan,1
late,cage,2,4,resnet,True,none,lr,0.0001,0.0001,32,6,0.2595,1.0262,1.0715,0.7674,0.6429,nan,nan,nan,nan,0
late,cage,2,4,resnet,True,none,lr,0.0001,0.0001,32,7,0.2047,0.9644,1.1675,0.7907,0.6964,nan,nan,nan,nan,1
late,cage,2,4,resnet,True,none,lr,0.0001,0.0001,32,8,0.1578,1.7556,1.4411,0.8140,0.6464,nan,nan,nan,nan,0
late,cage,2,4,resnet,True,none,lr,0.0001,0.0001,32,9,0.1037,1.3892,1.4330,0.8140,0.7286,nan,nan,nan,nan,0
late,cage,2,4,resnet,True,none,lr,0.0001,0.0001,32,10,0.1031,1.4380,1.5494,0.7907,0.6464,nan,nan,nan,nan,0
late,cage,2,4,resnet,True,none,lr,0.0001,0.0001,32,11,0.1052,1.7233,1.4974,0.8140,0.7536,nan,nan,nan,nan,0
late,cage,2,4,resnet,True,none,lr,0.0001,0.0001,32,12,0.0795,1.3736,1.5060,0.8140,0.6964,nan,nan,nan,nan,0
late,cage,2,4,resnet,True,none,lr,0.0001,0.0001,32,13,0.0686,2.1130,1.8903,0.8140,0.7071,2.3233,1.6910,0.8095,0.5257,1
late,cage,2,4,resnet,True,none,lr,0.0001,0.0001,32,14,0.0602,2.4359,2.0647,0.8140,0.6536,nan,nan,nan,nan,0
late,cage,2,4,resnet,True,none,lr,0.0001,0.0001,32,15,0.0585,2.1255,1.9101,0.8140,0.6893,nan,nan,nan,nan,0
late,cage,2,4,resnet,True,none,lr,0.0001,0.0001,32,16,0.0462,2.8111,2.4503,0.7907,0.7571,nan,nan,nan,nan,0
late,cage,2,4,resnet,True,none,lr,0.0001,0.0001,32,17,0.0709,2.1395,1.9756,0.7907,0.6786,nan,nan,nan,nan,0
late,cage,2,4,resnet,True,none,lr,0.0001,0.0001,32,18,0.0608,3.4158,2.6495,0.8140,0.6179,nan,nan,nan,nan,0
late,cage,2,5,resnet,True,none,lr,0.0001,0.0001,32,1,0.6949,0.7427,0.7127,0.6500,0.3477,nan,nan,nan,nan,0
late,cage,2,5,resnet,True,none,lr,0.0001,0.0001,32,2,0.6167,0.7266,0.6985,0.6250,0.5950,nan,nan,nan,nan,0
late,cage,2,5,resnet,True,none,lr,0.0001,0.0001,32,3,0.5159,1.0210,0.8630,0.7250,0.4086,nan,nan,nan,nan,0
late,cage,2,5,resnet,True,none,lr,0.0001,0.0001,32,4,0.3967,1.0901,0.9714,0.6750,0.4552,nan,nan,nan,nan,0
late,cage,2,5,resnet,True,none,lr,0.0001,0.0001,32,5,0.3030,1.3824,1.1048,0.7500,0.3692,nan,nan,nan,nan,1
late,cage,2,5,resnet,True,none,lr,0.0001,0.0001,32,6,0.2389,1.5449,1.3706,0.7250,0.4480,0.9503,1.0843,0.7857,0.6875,1
late,cage,2,5,resnet,True,none,lr,0.0001,0.0001,32,7,0.1862,1.6210,1.4103,0.7500,0.4803,nan,nan,nan,nan,0
late,cage,2,5,resnet,True,none,lr,0.0001,0.0001,32,8,0.1444,2.3193,1.7020,0.7250,0.3728,nan,nan,nan,nan,0
late,cage,2,5,resnet,True,none,lr,0.0001,0.0001,32,9,0.1148,2.0114,1.6163,0.7000,0.4982,nan,nan,nan,nan,0
late,cage,2,5,resnet,True,none,lr,0.0001,0.0001,32,10,0.1020,2.3613,1.8256,0.7000,0.3978,nan,nan,nan,nan,0
late,cage,2,5,resnet,True,none,lr,0.0001,0.0001,32,11,0.0730,2.7849,1.8472,0.7750,0.4659,nan,nan,nan,nan,0
late,cage,2,5,resnet,True,none,lr,0.0001,0.0001,32,12,0.0878,2.3026,1.7754,0.7000,0.4409,nan,nan,nan,nan,0
late,cage,2,5,resnet,True,none,lr,0.0001,0.0001,32,13,0.0532,3.3125,2.1239,0.7750,0.4373,nan,nan,nan,nan,0
late,cage,2,5,resnet,True,none,lr,0.0001,0.0001,32,14,0.0336,2.8502,2.1226,0.7250,0.4229,nan,nan,nan,nan,0
late,cage,2,5,resnet,True,none,lr,0.0001,0.0001,32,15,0.0615,3.0776,2.1628,0.7500,0.3692,nan,nan,nan,nan,0
late,cage,2,5,resnet,True,none,lr,0.0001,0.0001,32,16,0.0657,2.9878,2.1777,0.7750,0.4803,nan,nan,nan,nan,0
late,cage,2,6,resnet,True,none,lr,0.0001,0.0001,32,1,0.6953,0.6757,0.6435,0.7805,0.6333,nan,nan,nan,nan,0
late,cage,2,6,resnet,True,none,lr,0.0001,0.0001,32,2,0.6114,0.8611,0.7541,0.8049,0.4048,nan,nan,nan,nan,0
late,cage,2,6,resnet,True,none,lr,0.0001,0.0001,32,3,0.5185,0.8420,0.8701,0.6341,0.4619,nan,nan,nan,nan,0
late,cage,2,6,resnet,True,none,lr,0.0001,0.0001,32,4,0.4153,0.8676,0.8174,0.8293,0.5143,nan,nan,nan,nan,0
late,cage,2,6,resnet,True,none,lr,0.0001,0.0001,32,5,0.3402,0.8975,1.0104,0.7073,0.4810,nan,nan,nan,nan,1
late,cage,2,6,resnet,True,none,lr,0.0001,0.0001,32,6,0.2396,1.3054,1.0714,0.8537,0.5381,nan,nan,nan,nan,0
late,cage,2,6,resnet,True,none,lr,0.0001,0.0001,32,7,0.2119,1.1215,1.0853,0.8537,0.5429,nan,nan,nan,nan,1
late,cage,2,6,resnet,True,none,lr,0.0001,0.0001,32,8,0.1545,1.5772,1.3208,0.8537,0.4714,nan,nan,nan,nan,0
late,cage,2,6,resnet,True,none,lr,0.0001,0.0001,32,9,0.1359,1.4837,1.3571,0.7561,0.4429,nan,nan,nan,nan,0
late,cage,2,6,resnet,True,none,lr,0.0001,0.0001,32,10,0.0958,1.7244,1.4236,0.8293,0.4381,nan,nan,nan,nan,0
late,cage,2,6,resnet,True,none,lr,0.0001,0.0001,32,11,0.1069,2.0316,1.8116,0.8537,0.4190,nan,nan,nan,nan,0
late,cage,2,6,resnet,True,none,lr,0.0001,0.0001,32,12,0.0980,1.7510,1.5826,0.8293,0.4571,nan,nan,nan,nan,0
late,cage,2,6,resnet,True,none,lr,0.0001,0.0001,32,13,0.0738,1.9868,1.6189,0.8537,0.5333,nan,nan,nan,nan,0
late,cage,2,6,resnet,True,none,lr,0.0001,0.0001,32,14,0.0812,1.9009,1.5628,0.8537,0.5857,nan,nan,nan,nan,0
late,cage,2,6,resnet,True,none,lr,0.0001,0.0001,32,15,0.0497,1.8371,1.6460,0.8537,0.5619,nan,nan,nan,nan,0
late,cage,2,6,resnet,True,none,lr,0.0001,0.0001,32,16,0.0403,1.9778,1.8194,0.8537,0.5476,nan,nan,nan,nan,1
late,cage,2,6,resnet,True,none,lr,0.0001,0.0001,32,17,0.0482,2.3204,1.8299,0.8049,0.4857,2.4260,1.7890,0.8095,0.4853,1
late,cage,2,6,resnet,True,none,lr,0.0001,0.0001,32,18,0.0533,2.1191,1.7539,0.8537,0.5000,nan,nan,nan,nan,0
late,cage,2,6,resnet,True,none,lr,0.0001,0.0001,32,19,0.0558,1.9232,1.7787,0.8537,0.5143,nan,nan,nan,nan,0
late,cage,2,6,resnet,True,none,lr,0.0001,0.0001,32,20,0.0332,2.7714,2.0615,0.8537,0.4429,nan,nan,nan,nan,0
late,cage,2,6,resnet,True,none,lr,0.0001,0.0001,32,21,0.0469,2.6835,2.3961,0.8293,0.4048,nan,nan,nan,nan,0
late,cage,2,6,resnet,True,none,lr,0.0001,0.0001,32,22,0.0412,2.5183,1.9667,0.8293,0.4429,nan,nan,nan,nan,0
late,cage,2,7,resnet,True,none,lr,0.0001,0.0001,32,1,0.6938,0.7069,0.6807,0.6818,0.5139,nan,nan,nan,nan,0
late,cage,2,7,resnet,True,none,lr,0.0001,0.0001,32,2,0.6310,0.6646,0.6601,0.6818,0.6736,nan,nan,nan,nan,0
late,cage,2,7,resnet,True,none,lr,0.0001,0.0001,32,3,0.5324,0.8024,0.7064,0.8182,0.6285,nan,nan,nan,nan,0
late,cage,2,7,resnet,True,none,lr,0.0001,0.0001,32,4,0.4386,0.8383,0.7795,0.7955,0.6424,nan,nan,nan,nan,0
late,cage,2,7,resnet,True,none,lr,0.0001,0.0001,32,5,0.3341,0.9163,0.8439,0.7727,0.6562,nan,nan,nan,nan,1
late,cage,2,7,resnet,True,none,lr,0.0001,0.0001,32,6,0.2506,0.9441,0.9691,0.7955,0.6424,nan,nan,nan,nan,1
late,cage,2,7,resnet,True,none,lr,0.0001,0.0001,32,7,0.1868,0.8759,1.0582,0.8182,0.6701,nan,nan,nan,nan,0
late,cage,2,7,resnet,True,none,lr,0.0001,0.0001,32,8,0.1593,1.7511,1.1538,0.8182,0.7778,nan,nan,nan,nan,1
late,cage,2,7,resnet,True,none,lr,0.0001,0.0001,32,9,0.1163,1.1053,1.1841,0.8182,0.6806,nan,nan,nan,nan,1
late,cage,2,7,resnet,True,none,lr,0.0001,0.0001,32,10,0.0908,1.5410,1.2382,0.8182,0.6979,nan,nan,nan,nan,1
late,cage,2,7,resnet,True,none,lr,0.0001,0.0001,32,11,0.0700,1.3761,1.2903,0.8182,0.7326,1.5801,1.5026,0.7857,0.5882,1
late,cage,2,7,resnet,True,none,lr,0.0001,0.0001,32,12,0.0986,2.0800,1.4338,0.8182,0.6736,nan,nan,nan,nan,0
late,cage,2,7,resnet,True,none,lr,0.0001,0.0001,32,13,0.0797,2.1039,1.4254,0.8182,0.7292,nan,nan,nan,nan,0
late,cage,2,7,resnet,True,none,lr,0.0001,0.0001,32,14,0.0651,1.2931,1.3928,0.7727,0.7500,nan,nan,nan,nan,0
late,cage,2,7,resnet,True,none,lr,0.0001,0.0001,32,15,0.0619,2.0378,1.6038,0.8182,0.6667,nan,nan,nan,nan,0
late,cage,2,7,resnet,True,none,lr,0.0001,0.0001,32,16,0.0304,2.9258,1.8175,0.8182,0.6285,nan,nan,nan,nan,0
late,cage,2,8,resnet,True,none,lr,0.0001,0.0001,32,1,0.6864,0.6959,0.6995,0.5532,0.5288,nan,nan,nan,nan,0
late,cage,2,8,resnet,True,none,lr,0.0001,0.0001,32,2,0.6120,0.7125,0.7281,0.5745,0.5321,nan,nan,nan,nan,0
late,cage,2,8,resnet,True,none,lr,0.0001,0.0001,32,3,0.5227,0.8542,0.6778,0.7872,0.5705,nan,nan,nan,nan,0
late,cage,2,8,resnet,True,none,lr,0.0001,0.0001,32,4,0.4081,1.0547,0.7826,0.8085,0.4968,nan,nan,nan,nan,0
late,cage,2,8,resnet,True,none,lr,0.0001,0.0001,32,5,0.3031,1.0472,0.8787,0.8298,0.5833,nan,nan,nan,nan,1
late,cage,2,8,resnet,True,none,lr,0.0001,0.0001,32,6,0.2550,1.1455,1.0102,0.7872,0.4872,nan,nan,nan,nan,0
late,cage,2,8,resnet,True,none,lr,0.0001,0.0001,32,7,0.2173,1.5212,1.0885,0.7660,0.5481,nan,nan,nan,nan,0
late,cage,2,8,resnet,True,none,lr,0.0001,0.0001,32,8,0.1492,1.1965,1.0216,0.7447,0.6442,nan,nan,nan,nan,1
late,cage,2,8,resnet,True,none,lr,0.0001,0.0001,32,9,0.1491,1.6198,1.2860,0.7660,0.5417,nan,nan,nan,nan,1
late,cage,2,8,resnet,True,none,lr,0.0001,0.0001,32,10,0.1003,1.4318,1.1856,0.7872,0.5481,nan,nan,nan,nan,0
late,cage,2,8,resnet,True,none,lr,0.0001,0.0001,32,11,0.0900,1.7751,1.3022,0.7872,0.6026,nan,nan,nan,nan,1
late,cage,2,8,resnet,True,none,lr,0.0001,0.0001,32,12,0.0633,1.8344,1.4586,0.8085,0.6442,nan,nan,nan,nan,1
late,cage,2,8,resnet,True,none,lr,0.0001,0.0001,32,13,0.0537,2.0208,1.4712,0.7872,0.5929,nan,nan,nan,nan,0
late,cage,2,8,resnet,True,none,lr,0.0001,0.0001,32,14,0.1046,2.6499,1.6473,0.8085,0.6571,nan,nan,nan,nan,1
late,cage,2,8,resnet,True,none,lr,0.0001,0.0001,32,15,0.0598,2.5576,1.5835,0.8298,0.5897,2.6361,1.7885,0.7857,0.6287,1
late,cage,2,8,resnet,True,none,lr,0.0001,0.0001,32,16,0.0624,2.8712,1.7219,0.8298,0.5673,nan,nan,nan,nan,0
late,cage,2,8,resnet,True,none,lr,0.0001,0.0001,32,17,0.0362,2.4563,1.6676,0.8298,0.5609,nan,nan,nan,nan,0
late,cage,2,8,resnet,True,none,lr,0.0001,0.0001,32,18,0.0651,2.2663,1.7266,0.7660,0.5481,nan,nan,nan,nan,0
late,cage,2,8,resnet,True,none,lr,0.0001,0.0001,32,19,0.0601,2.1036,1.5406,0.8085,0.6538,nan,nan,nan,nan,0
late,cage,2,8,resnet,True,none,lr,0.0001,0.0001,32,20,0.0220,3.1529,1.9339,0.8298,0.6058,nan,nan,nan,nan,0
late,cage,2,9,resnet,True,none,lr,0.0001,0.0001,32,1,0.6778,0.7237,0.7633,0.5476,0.4175,nan,nan,nan,nan,0
late,cage,2,9,resnet,True,none,lr,0.0001,0.0001,32,2,0.6067,0.6901,0.8300,0.3333,0.5724,nan,nan,nan,nan,0
late,cage,2,9,resnet,True,none,lr,0.0001,0.0001,32,3,0.5036,0.8110,0.8960,0.6429,0.4983,nan,nan,nan,nan,0
late,cage,2,9,resnet,True,none,lr,0.0001,0.0001,32,4,0.4108,1.1834,0.9367,0.7381,0.4512,nan,nan,nan,nan,0
late,cage,2,9,resnet,True,none,lr,0.0001,0.0001,32,5,0.3120,1.4893,1.0659,0.7143,0.4916,nan,nan,nan,nan,1
late,cage,2,9,resnet,True,none,lr,0.0001,0.0001,32,6,0.2442,1.5625,1.0578,0.7857,0.5152,1.2572,0.9745,0.8095,0.6140,1
late,cage,2,9,resnet,True,none,lr,0.0001,0.0001,32,7,0.1879,1.9641,1.3214,0.7381,0.5185,nan,nan,nan,nan,0
late,cage,2,9,resnet,True,none,lr,0.0001,0.0001,32,8,0.1486,1.7218,1.3081,0.7143,0.4444,nan,nan,nan,nan,0
late,cage,2,9,resnet,True,none,lr,0.0001,0.0001,32,9,0.1351,1.8702,1.4819,0.7381,0.5051,nan,nan,nan,nan,0
late,cage,2,9,resnet,True,none,lr,0.0001,0.0001,32,10,0.1193,1.7087,1.5403,0.6905,0.5017,nan,nan,nan,nan,0
late,cage,2,9,resnet,True,none,lr,0.0001,0.0001,32,11,0.0848,2.3923,1.8075,0.7381,0.4478,nan,nan,nan,nan,0
late,cage,2,9,resnet,True,none,lr,0.0001,0.0001,32,12,0.0995,2.1014,1.6371,0.7143,0.5084,nan,nan,nan,nan,0
late,cage,2,9,resnet,True,none,lr,0.0001,0.0001,32,13,0.0668,2.5608,1.6306,0.7619,0.4411,nan,nan,nan,nan,0
late,cage,2,9,resnet,True,none,lr,0.0001,0.0001,32,14,0.0439,2.8247,1.7842,0.7619,0.4512,nan,nan,nan,nan,0
late,cage,2,9,resnet,True,none,lr,0.0001,0.0001,32,15,0.0452,2.6095,1.7990,0.7857,0.4411,nan,nan,nan,nan,0
late,cage,2,9,resnet,True,none,lr,0.0001,0.0001,32,16,0.0515,2.8875,2.0227,0.7381,0.4848,nan,nan,nan,nan,0
late,cage,3,0,resnet,True,none,lr,0.0001,0.0001,32,1,0.6959,0.6873,0.7122,0.4186,0.6111,nan,nan,nan,nan,0
late,cage,3,0,resnet,True,none,lr,0.0001,0.0001,32,2,0.6395,0.7005,0.6731,0.8140,0.5754,nan,nan,nan,nan,0
late,cage,3,0,resnet,True,none,lr,0.0001,0.0001,32,3,0.5648,0.6220,0.7152,0.7907,0.7500,nan,nan,nan,nan,0
late,cage,3,0,resnet,True,none,lr,0.0001,0.0001,32,4,0.4512,0.7725,0.8422,0.7442,0.5794,nan,nan,nan,nan,0
late,cage,3,0,resnet,True,none,lr,0.0001,0.0001,32,5,0.3666,0.5934,0.8106,0.7674,0.7817,nan,nan,nan,nan,1
late,cage,3,0,resnet,True,none,lr,0.0001,0.0001,32,6,0.2848,0.8159,0.9215,0.8140,0.6627,nan,nan,nan,nan,1
late,cage,3,0,resnet,True,none,lr,0.0001,0.0001,32,7,0.2272,1.4176,1.1645,0.8140,0.6190,nan,nan,nan,nan,1
late,cage,3,0,resnet,True,none,lr,0.0001,0.0001,32,8,0.2051,1.2059,1.1137,0.7907,0.6032,nan,nan,nan,nan,0
late,cage,3,0,resnet,True,none,lr,0.0001,0.0001,32,9,0.1470,1.2384,1.1171,0.7907,0.7143,nan,nan,nan,nan,0
late,cage,3,0,resnet,True,none,lr,0.0001,0.0001,32,10,0.1326,1.4332,1.2433,0.8140,0.6865,nan,nan,nan,nan,0
late,cage,3,0,resnet,True,none,lr,0.0001,0.0001,32,11,0.1006,1.4126,1.2631,0.7907,0.7341,nan,nan,nan,nan,0
late,cage,3,0,resnet,True,none,lr,0.0001,0.0001,32,12,0.0963,1.4147,1.2917,0.7907,0.7103,nan,nan,nan,nan,1
late,cage,3,0,resnet,True,none,lr,0.0001,0.0001,32,13,0.0755,1.5763,1.3186,0.8140,0.7262,1.9504,1.5772,0.8333,0.4816,1
late,cage,3,0,resnet,True,none,lr,0.0001,0.0001,32,14,0.0670,1.3153,1.4079,0.8372,0.6865,nan,nan,nan,nan,0
late,cage,3,0,resnet,True,none,lr,0.0001,0.0001,32,15,0.0740,1.4411,1.4497,0.8140,0.6270,nan,nan,nan,nan,0
late,cage,3,0,resnet,True,none,lr,0.0001,0.0001,32,16,0.0944,1.7206,1.5340,0.7907,0.7143,nan,nan,nan,nan,0
late,cage,3,0,resnet,True,none,lr,0.0001,0.0001,32,17,0.0470,1.9788,1.5798,0.7907,0.7262,nan,nan,nan,nan,0
late,cage,3,0,resnet,True,none,lr,0.0001,0.0001,32,18,0.0450,1.9820,1.6150,0.8140,0.6746,nan,nan,nan,nan,0
late,cage,3,1,resnet,True,none,lr,0.0001,0.0001,32,1,0.6908,0.6810,0.6030,0.8140,0.6825,nan,nan,nan,nan,0
late,cage,3,1,resnet,True,none,lr,0.0001,0.0001,32,2,0.6254,0.6829,0.7427,0.5581,0.5714,nan,nan,nan,nan,0
late,cage,3,1,resnet,True,none,lr,0.0001,0.0001,32,3,0.5278,0.6979,0.6670,0.7674,0.6270,nan,nan,nan,nan,0
late,cage,3,1,resnet,True,none,lr,0.0001,0.0001,32,4,0.4343,0.9026,0.7044,0.8372,0.6627,nan,nan,nan,nan,0
late,cage,3,1,resnet,True,none,lr,0.0001,0.0001,32,5,0.3158,0.7954,0.7811,0.8140,0.6151,0.7372,0.8657,0.7619,0.6122,1
late,cage,3,1,resnet,True,none,lr,0.0001,0.0001,32,6,0.2535,1.1929,0.9127,0.8140,0.6190,nan,nan,nan,nan,0
late,cage,3,1,resnet,True,none,lr,0.0001,0.0001,32,7,0.1954,0.8952,1.0029,0.8140,0.5873,nan,nan,nan,nan,0
late,cage,3,1,resnet,True,none,lr,0.0001,0.0001,32,8,0.1562,1.2485,1.0828,0.7674,0.5317,nan,nan,nan,nan,0
late,cage,3,1,resnet,True,none,lr,0.0001,0.0001,32,9,0.1303,1.2094,1.1222,0.8140,0.6111,nan,nan,nan,nan,0
late,cage,3,1,resnet,True,none,lr,0.0001,0.0001,32,10,0.1205,1.2043,1.2378,0.8372,0.6032,nan,nan,nan,nan,0
late,cage,3,1,resnet,True,none,lr,0.0001,0.0001,32,11,0.0995,2.1042,1.3373,0.8372,0.5913,nan,nan,nan,nan,0
late,cage,3,1,resnet,True,none,lr,0.0001,0.0001,32,12,0.0662,2.4469,1.4961,0.8372,0.5635,nan,nan,nan,nan,0
late,cage,3,1,resnet,True,none,lr,0.0001,0.0001,32,13,0.0705,2.1354,1.4122,0.8372,0.5992,nan,nan,nan,nan,0
late,cage,3,1,resnet,True,none,lr,0.0001,0.0001,32,14,0.0613,2.1836,1.6668,0.8605,0.5714,nan,nan,nan,nan,0
late,cage,3,1,resnet,True,none,lr,0.0001,0.0001,32,15,0.0621,2.4412,1.5913,0.8372,0.4484,nan,nan,nan,nan,0
late,cage,3,1,resnet,True,none,lr,0.0001,0.0001,32,16,0.0607,2.4947,1.6872,0.8372,0.6310,nan,nan,nan,nan,0
late,cage,3,2,resnet,True,none,lr,0.0001,0.0001,32,1,0.6919,0.6971,0.7008,0.5952,0.5441,nan,nan,nan,nan,0
late,cage,3,2,resnet,True,none,lr,0.0001,0.0001,32,2,0.6291,0.7769,0.6885,0.7857,0.4522,nan,nan,nan,nan,0
late,cage,3,2,resnet,True,none,lr,0.0001,0.0001,32,3,0.5371,0.7127,0.7782,0.5952,0.5368,nan,nan,nan,nan,0
late,cage,3,2,resnet,True,none,lr,0.0001,0.0001,32,4,0.4252,0.7242,0.8621,0.5238,0.5515,nan,nan,nan,nan,0
late,cage,3,2,resnet,True,none,lr,0.0001,0.0001,32,5,0.3314,1.0800,1.0435,0.7143,0.4338,nan,nan,nan,nan,1
late,cage,3,2,resnet,True,none,lr,0.0001,0.0001,32,6,0.2426,0.8439,0.9799,0.7857,0.6360,nan,nan,nan,nan,1
late,cage,3,2,resnet,True,none,lr,0.0001,0.0001,32,7,0.1911,1.6418,1.0942,0.8095,0.5735,nan,nan,nan,nan,1
late,cage,3,2,resnet,True,none,lr,0.0001,0.0001,32,8,0.1638,1.2366,1.0724,0.7619,0.6985,nan,nan,nan,nan,1
late,cage,3,2,resnet,True,none,lr,0.0001,0.0001,32,9,0.1148,1.3851,1.2575,0.7619,0.6324,nan,nan,nan,nan,1
late,cage,3,2,resnet,True,none,lr,0.0001,0.0001,32,10,0.1140,1.6673,1.3262,0.8095,0.6324,1.4665,1.2332,0.8333,0.5592,1
late,cage,3,2,resnet,True,none,lr,0.0001,0.0001,32,11,0.0984,1.7416,1.3283,0.7619,0.5368,nan,nan,nan,nan,0
late,cage,3,2,resnet,True,none,lr,0.0001,0.0001,32,12,0.0572,1.5919,1.4486,0.7857,0.5515,nan,nan,nan,nan,0
late,cage,3,2,resnet,True,none,lr,0.0001,0.0001,32,13,0.0749,1.5948,1.4461,0.7619,0.5331,nan,nan,nan,nan,0
late,cage,3,2,resnet,True,none,lr,0.0001,0.0001,32,14,0.0601,1.7670,1.8872,0.6667,0.4706,nan,nan,nan,nan,0
late,cage,3,2,resnet,True,none,lr,0.0001,0.0001,32,15,0.0723,2.3405,1.7183,0.7857,0.5625,nan,nan,nan,nan,0
late,cage,3,2,resnet,True,none,lr,0.0001,0.0001,32,16,0.0640,2.6043,1.7169,0.7857,0.5625,nan,nan,nan,nan,0
late,cage,3,4,resnet,True,none,lr,0.0001,0.0001,32,1,0.6933,0.7191,0.7357,0.3256,0.3643,nan,nan,nan,nan,0
late,cage,3,4,resnet,True,none,lr,0.0001,0.0001,32,2,0.6414,0.7323,0.7215,0.5581,0.4393,nan,nan,nan,nan,0
late,cage,3,4,resnet,True,none,lr,0.0001,0.0001,32,3,0.5685,0.6508,0.7125,0.6279,0.6500,nan,nan,nan,nan,0
late,cage,3,4,resnet,True,none,lr,0.0001,0.0001,32,4,0.4607,0.8007,0.9695,0.3953,0.5107,nan,nan,nan,nan,0
late,cage,3,4,resnet,True,none,lr,0.0001,0.0001,32,5,0.3684,0.6441,0.8746,0.7674,0.7571,nan,nan,nan,nan,1
late,cage,3,4,resnet,True,none,lr,0.0001,0.0001,32,6,0.2762,1.2859,1.1554,0.8372,0.5286,nan,nan,nan,nan,1
late,cage,3,4,resnet,True,none,lr,0.0001,0.0001,32,7,0.2304,0.8418,1.0217,0.8372,0.6321,nan,nan,nan,nan,1
late,cage,3,4,resnet,True,none,lr,0.0001,0.0001,32,8,0.1816,1.2127,1.1936,0.7907,0.5929,nan,nan,nan,nan,0
late,cage,3,4,resnet,True,none,lr,0.0001,0.0001,32,9,0.1394,1.0010,1.2024,0.8140,0.8107,1.1702,1.0951,0.8333,0.5918,1
late,cage,3,4,resnet,True,none,lr,0.0001,0.0001,32,10,0.1144,1.9848,1.6257,0.8140,0.5429,nan,nan,nan,nan,0
late,cage,3,4,resnet,True,none,lr,0.0001,0.0001,32,11,0.1004,1.6872,1.5161,0.8140,0.5536,nan,nan,nan,nan,0
late,cage,3,4,resnet,True,none,lr,0.0001,0.0001,32,12,0.0899,1.5213,1.5139,0.8372,0.6786,nan,nan,nan,nan,0
late,cage,3,4,resnet,True,none,lr,0.0001,0.0001,32,13,0.0670,2.0131,1.7773,0.8140,0.5536,nan,nan,nan,nan,0
late,cage,3,4,resnet,True,none,lr,0.0001,0.0001,32,14,0.0921,1.0130,1.4533,0.8140,0.7500,nan,nan,nan,nan,0
late,cage,3,4,resnet,True,none,lr,0.0001,0.0001,32,15,0.0559,1.9596,1.6820,0.8140,0.6714,nan,nan,nan,nan,0
late,cage,3,4,resnet,True,none,lr,0.0001,0.0001,32,16,0.0550,1.8788,1.8036,0.8140,0.5571,nan,nan,nan,nan,0
late,cage,3,5,resnet,True,none,lr,0.0001,0.0001,32,1,0.6894,0.6848,0.7170,0.4750,0.5556,nan,nan,nan,nan,0
late,cage,3,5,resnet,True,none,lr,0.0001,0.0001,32,2,0.6190,0.7872,0.7410,0.5750,0.5161,nan,nan,nan,nan,0
late,cage,3,5,resnet,True,none,lr,0.0001,0.0001,32,3,0.5144,0.8592,0.8247,0.6000,0.3943,nan,nan,nan,nan,0
late,cage,3,5,resnet,True,none,lr,0.0001,0.0001,32,4,0.4009,0.8275,0.9701,0.5500,0.5054,nan,nan,nan,nan,0
late,cage,3,5,resnet,True,none,lr,0.0001,0.0001,32,5,0.3166,1.4863,1.1147,0.7500,0.3943,1.1256,0.8702,0.8333,0.5714,1
late,cage,3,5,resnet,True,none,lr,0.0001,0.0001,32,6,0.2545,1.8502,1.2942,0.7750,0.4982,nan,nan,nan,nan,0
late,cage,3,5,resnet,True,none,lr,0.0001,0.0001,32,7,0.1947,1.5481,1.2503,0.7500,0.4444,nan,nan,nan,nan,0
late,cage,3,5,resnet,True,none,lr,0.0001,0.0001,32,8,0.1448,1.4833,1.4189,0.7000,0.5054,nan,nan,nan,nan,0
late,cage,3,5,resnet,True,none,lr,0.0001,0.0001,32,9,0.1377,2.2307,1.6234,0.7750,0.4337,nan,nan,nan,nan,0
late,cage,3,5,resnet,True,none,lr,0.0001,0.0001,32,10,0.1008,2.0524,1.5999,0.7250,0.4480,nan,nan,nan,nan,0
late,cage,3,5,resnet,True,none,lr,0.0001,0.0001,32,11,0.0763,2.9788,2.0461,0.7750,0.3799,nan,nan,nan,nan,0
late,cage,3,5,resnet,True,none,lr,0.0001,0.0001,32,12,0.0611,2.7306,2.0116,0.7500,0.3978,nan,nan,nan,nan,0
late,cage,3,5,resnet,True,none,lr,0.0001,0.0001,32,13,0.0560,2.8480,1.9748,0.7750,0.4194,nan,nan,nan,nan,0
late,cage,3,5,resnet,True,none,lr,0.0001,0.0001,32,14,0.0671,3.0566,2.2144,0.7750,0.4982,nan,nan,nan,nan,0
late,cage,3,5,resnet,True,none,lr,0.0001,0.0001,32,15,0.0942,3.7033,2.4904,0.7750,0.3835,nan,nan,nan,nan,0
late,cage,3,5,resnet,True,none,lr,0.0001,0.0001,32,16,0.0414,3.4972,2.2964,0.7750,0.4409,nan,nan,nan,nan,0
late,cage,3,6,resnet,True,none,lr,0.0001,0.0001,32,1,0.6826,0.7242,0.7072,0.6341,0.3619,nan,nan,nan,nan,0
late,cage,3,6,resnet,True,none,lr,0.0001,0.0001,32,2,0.6319,0.7091,0.6866,0.6585,0.4476,nan,nan,nan,nan,0
late,cage,3,6,resnet,True,none,lr,0.0001,0.0001,32,3,0.5494,0.7647,0.7624,0.5610,0.4381,nan,nan,nan,nan,0
late,cage,3,6,resnet,True,none,lr,0.0001,0.0001,32,4,0.4486,0.8815,0.8249,0.8049,0.5000,nan,nan,nan,nan,0
late,cage,3,6,resnet,True,none,lr,0.0001,0.0001,32,5,0.3625,1.1386,0.8813,0.8537,0.4333,nan,nan,nan,nan,1
late,cage,3,6,resnet,True,none,lr,0.0001,0.0001,32,6,0.2801,1.1805,1.1008,0.8293,0.4286,nan,nan,nan,nan,1
late,cage,3,6,resnet,True,none,lr,0.0001,0.0001,32,7,0.2042,1.3933,1.1850,0.8293,0.4381,nan,nan,nan,nan,0
late,cage,3,6,resnet,True,none,lr,0.0001,0.0001,32,8,0.1578,1.7711,1.3593,0.8537,0.4095,nan,nan,nan,nan,0
late,cage,3,6,resnet,True,none,lr,0.0001,0.0001,32,9,0.1498,2.4353,1.7299,0.8537,0.4000,nan,nan,nan,nan,0
late,cage,3,6,resnet,True,none,lr,0.0001,0.0001,32,10,0.1216,1.9925,1.5777,0.8293,0.4238,nan,nan,nan,nan,0
late,cage,3,6,resnet,True,none,lr,0.0001,0.0001,32,11,0.1013,1.6122,1.7796,0.6829,0.4619,nan,nan,nan,nan,0
late,cage,3,6,resnet,True,none,lr,0.0001,0.0001,32,12,0.0759,1.8727,1.5282,0.8537,0.5000,nan,nan,nan,nan,0
late,cage,3,6,resnet,True,none,lr,0.0001,0.0001,32,13,0.0738,1.5146,1.3831,0.8049,0.5048,nan,nan,nan,nan,1
late,cage,3,6,resnet,True,none,lr,0.0001,0.0001,32,14,0.0699,2.7115,1.9408,0.8537,0.4905,nan,nan,nan,nan,1
late,cage,3,6,resnet,True,none,lr,0.0001,0.0001,32,15,0.0733,2.4503,1.8788,0.8537,0.4762,2.2229,1.6751,0.8333,0.5306,1
late,cage,3,6,resnet,True,none,lr,0.0001,0.0001,32,16,0.0514,2.2837,1.9801,0.8537,0.4429,nan,nan,nan,nan,0
late,cage,3,6,resnet,True,none,lr,0.0001,0.0001,32,17,0.0579,2.1916,1.6950,0.8537,0.4619,nan,nan,nan,nan,0
late,cage,3,6,resnet,True,none,lr,0.0001,0.0001,32,18,0.0261,2.0837,1.7261,0.8537,0.4714,nan,nan,nan,nan,0
late,cage,3,6,resnet,True,none,lr,0.0001,0.0001,32,19,0.0345,1.9842,1.8509,0.8293,0.5238,nan,nan,nan,nan,0
late,cage,3,6,resnet,True,none,lr,0.0001,0.0001,32,20,0.0550,2.6631,2.0906,0.8537,0.3762,nan,nan,nan,nan,0
late,cage,3,7,resnet,True,none,lr,0.0001,0.0001,32,1,0.6926,0.7123,0.6566,0.7273,0.5312,nan,nan,nan,nan,0
late,cage,3,7,resnet,True,none,lr,0.0001,0.0001,32,2,0.6372,0.6394,0.6972,0.7045,0.7396,nan,nan,nan,nan,0
late,cage,3,7,resnet,True,none,lr,0.0001,0.0001,32,3,0.5410,0.7034,0.7783,0.7045,0.5972,nan,nan,nan,nan,0
late,cage,3,7,resnet,True,none,lr,0.0001,0.0001,32,4,0.4480,0.8834,0.7270,0.8409,0.5972,nan,nan,nan,nan,0
late,cage,3,7,resnet,True,none,lr,0.0001,0.0001,32,5,0.3351,0.7117,0.8001,0.7727,0.6910,nan,nan,nan,nan,1
late,cage,3,7,resnet,True,none,lr,0.0001,0.0001,32,6,0.2675,0.6455,0.7822,0.7955,0.7986,nan,nan,nan,nan,1
late,cage,3,7,resnet,True,none,lr,0.0001,0.0001,32,7,0.2070,1.1529,0.9546,0.8182,0.6875,nan,nan,nan,nan,0
late,cage,3,7,resnet,True,none,lr,0.0001,0.0001,32,8,0.1894,1.2039,0.8896,0.8182,0.6736,nan,nan,nan,nan,0
late,cage,3,7,resnet,True,none,lr,0.0001,0.0001,32,9,0.1260,1.2225,0.9870,0.8409,0.7326,nan,nan,nan,nan,1
late,cage,3,7,resnet,True,none,lr,0.0001,0.0001,32,10,0.0983,1.4728,1.1082,0.8182,0.7882,1.8083,1.4404,0.8333,0.4163,1
late,cage,3,7,resnet,True,none,lr,0.0001,0.0001,32,11,0.0809,1.5109,1.2384,0.7955,0.7014,nan,nan,nan,nan,0
late,cage,3,7,resnet,True,none,lr,0.0001,0.0001,32,12,0.0755,1.5065,1.1810,0.8182,0.7639,nan,nan,nan,nan,0
late,cage,3,7,resnet,True,none,lr,0.0001,0.0001,32,13,0.0708,0.9824,1.3213,0.8182,0.6875,nan,nan,nan,nan,0
late,cage,3,7,resnet,True,none,lr,0.0001,0.0001,32,14,0.0882,0.9224,1.1655,0.7500,0.7535,nan,nan,nan,nan,0
late,cage,3,7,resnet,True,none,lr,0.0001,0.0001,32,15,0.0631,2.1348,1.3612,0.8182,0.7153,nan,nan,nan,nan,0
late,cage,3,7,resnet,True,none,lr,0.0001,0.0001,32,16,0.0410,1.4568,1.3880,0.8182,0.7049,nan,nan,nan,nan,0
late,cage,3,8,resnet,True,none,lr,0.0001,0.0001,32,1,0.6931,0.7076,0.6736,0.6596,0.4840,nan,nan,nan,nan,0
late,cage,3,8,resnet,True,none,lr,0.0001,0.0001,32,2,0.6161,0.7686,0.6832,0.7660,0.4936,nan,nan,nan,nan,0
late,cage,3,8,resnet,True,none,lr,0.0001,0.0001,32,3,0.5315,0.7304,0.7865,0.6809,0.5513,nan,nan,nan,nan,0
late,cage,3,8,resnet,True,none,lr,0.0001,0.0001,32,4,0.4177,1.0477,0.7906,0.7872,0.5513,nan,nan,nan,nan,0
late,cage,3,8,resnet,True,none,lr,0.0001,0.0001,32,5,0.3282,1.3061,1.0463,0.8298,0.5192,nan,nan,nan,nan,1
late,cage,3,8,resnet,True,none,lr,0.0001,0.0001,32,6,0.2601,1.0747,0.8268,0.8298,0.6346,nan,nan,nan,nan,1
late,cage,3,8,resnet,True,none,lr,0.0001,0.0001,32,7,0.2053,1.2064,1.0549,0.7872,0.5224,nan,nan,nan,nan,1
late,cage,3,8,resnet,True,none,lr,0.0001,0.0001,32,8,0.1656,1.1752,1.1655,0.7872,0.6250,nan,nan,nan,nan,1
late,cage,3,8,resnet,True,none,lr,0.0001,0.0001,32,9,0.1210,1.3103,1.3166,0.7660,0.5929,nan,nan,nan,nan,1
late,cage,3,8,resnet,True,none,lr,0.0001,0.0001,32,10,0.1101,2.0029,1.4564,0.8085,0.6314,nan,nan,nan,nan,1
late,cage,3,8,resnet,True,none,lr,0.0001,0.0001,32,11,0.0819,1.6423,1.4416,0.8298,0.6250,nan,nan,nan,nan,0
late,cage,3,8,resnet,True,none,lr,0.0001,0.0001,32,12,0.0842,2.4433,1.5824,0.8298,0.6026,2.0696,1.4789,0.8333,0.6735,1
late,cage,3,8,resnet,True,none,lr,0.0001,0.0001,32,13,0.0688,2.3257,1.6201,0.8085,0.6154,nan,nan,nan,nan,0
late,cage,3,8,resnet,True,none,lr,0.0001,0.0001,32,14,0.0682,1.9775,1.5483,0.8085,0.5769,nan,nan,nan,nan,0
late,cage,3,8,resnet,True,none,lr,0.0001,0.0001,32,15,0.0466,2.4397,1.7741,0.7660,0.6442,nan,nan,nan,nan,0
late,cage,3,8,resnet,True,none,lr,0.0001,0.0001,32,16,0.0807,2.3274,1.6199,0.7872,0.5705,nan,nan,nan,nan,0
late,cage,3,8,resnet,True,none,lr,0.0001,0.0001,32,17,0.0599,2.1799,1.6312,0.8085,0.6026,nan,nan,nan,nan,0
late,cage,3,9,resnet,True,none,lr,0.0001,0.0001,32,1,0.6833,0.6950,0.7144,0.5952,0.5522,nan,nan,nan,nan,0
late,cage,3,9,resnet,True,none,lr,0.0001,0.0001,32,2,0.6097,0.7306,0.7718,0.5714,0.4815,nan,nan,nan,nan,0
late,cage,3,9,resnet,True,none,lr,0.0001,0.0001,32,3,0.5180,0.7711,0.7923,0.6905,0.5421,nan,nan,nan,nan,0
late,cage,3,9,resnet,True,none,lr,0.0001,0.0001,32,4,0.4079,1.2017,0.9929,0.6667,0.4343,nan,nan,nan,nan,0
late,cage,3,9,resnet,True,none,lr,0.0001,0.0001,32,5,0.3176,1.0998,1.2826,0.5952,0.4310,nan,nan,nan,nan,1
late,cage,3,9,resnet,True,none,lr,0.0001,0.0001,32,6,0.2397,1.5658,1.2729,0.6905,0.5017,nan,nan,nan,nan,0
late,cage,3,9,resnet,True,none,lr,0.0001,0.0001,32,7,0.1960,1.7176,1.4980,0.6667,0.4377,nan,nan,nan,nan,0
late,cage,3,9,resnet,True,none,lr,0.0001,0.0001,32,8,0.1576,1.3185,1.3249,0.6667,0.5488,nan,nan,nan,nan,0
late,cage,3,9,resnet,True,none,lr,0.0001,0.0001,32,9,0.1197,2.0829,1.4555,0.7857,0.4579,nan,nan,nan,nan,0
late,cage,3,9,resnet,True,none,lr,0.0001,0.0001,32,10,0.1064,2.4502,1.5583,0.7619,0.4545,nan,nan,nan,nan,0
late,cage,3,9,resnet,True,none,lr,0.0001,0.0001,32,11,0.1147,1.3355,1.4354,0.6667,0.5421,nan,nan,nan,nan,0
late,cage,3,9,resnet,True,none,lr,0.0001,0.0001,32,12,0.0737,2.5063,1.7584,0.7381,0.4444,nan,nan,nan,nan,0
late,cage,3,9,resnet,True,none,lr,0.0001,0.0001,32,13,0.0535,2.6121,1.7654,0.7619,0.5185,nan,nan,nan,nan,0
late,cage,3,9,resnet,True,none,lr,0.0001,0.0001,32,14,0.0586,2.7055,1.9343,0.7857,0.4815,nan,nan,nan,nan,0
late,cage,3,9,resnet,True,none,lr,0.0001,0.0001,32,15,0.0416,2.3618,1.7217,0.7619,0.5455,1.9105,1.6303,0.8333,0.4694,1
late,cage,3,9,resnet,True,none,lr,0.0001,0.0001,32,16,0.0381,2.6478,1.9075,0.7381,0.5185,nan,nan,nan,nan,0
late,cage,3,9,resnet,True,none,lr,0.0001,0.0001,32,17,0.0691,2.4682,2.0965,0.6667,0.4512,nan,nan,nan,nan,0
late,cage,3,9,resnet,True,none,lr,0.0001,0.0001,32,18,0.0647,2.9518,2.1621,0.7619,0.4209,nan,nan,nan,nan,0
late,cage,3,9,resnet,True,none,lr,0.0001,0.0001,32,19,0.0393,3.9023,2.2361,0.7857,0.5118,nan,nan,nan,nan,0
late,cage,3,9,resnet,True,none,lr,0.0001,0.0001,32,20,0.0396,3.0097,2.2603,0.7143,0.4545,nan,nan,nan,nan,0
late,cage,4,0,resnet,True,none,lr,0.0001,0.0001,32,1,0.6892,0.7031,0.7066,0.5349,0.4246,nan,nan,nan,nan,0
late,cage,4,0,resnet,True,none,lr,0.0001,0.0001,32,2,0.6350,0.6745,0.7297,0.6279,0.5992,nan,nan,nan,nan,0
late,cage,4,0,resnet,True,none,lr,0.0001,0.0001,32,3,0.5526,0.6578,0.7264,0.6744,0.6905,nan,nan,nan,nan,0
late,cage,4,0,resnet,True,none,lr,0.0001,0.0001,32,4,0.4411,0.7352,0.7844,0.7674,0.6389,nan,nan,nan,nan,0
late,cage,4,0,resnet,True,none,lr,0.0001,0.0001,32,5,0.3462,1.0745,0.8824,0.7907,0.6270,nan,nan,nan,nan,1
late,cage,4,0,resnet,True,none,lr,0.0001,0.0001,32,6,0.2722,0.8467,0.9404,0.7907,0.6627,nan,nan,nan,nan,1
late,cage,4,0,resnet,True,none,lr,0.0001,0.0001,32,7,0.2201,1.5183,1.4676,0.7442,0.4802,nan,nan,nan,nan,0
late,cage,4,0,resnet,True,none,lr,0.0001,0.0001,32,8,0.1783,1.3863,1.1974,0.8140,0.6310,nan,nan,nan,nan,0
late,cage,4,0,resnet,True,none,lr,0.0001,0.0001,32,9,0.1618,1.1312,1.1364,0.8140,0.7063,nan,nan,nan,nan,0
late,cage,4,0,resnet,True,none,lr,0.0001,0.0001,32,10,0.1211,1.2003,1.2692,0.7907,0.6746,nan,nan,nan,nan,0
late,cage,4,0,resnet,True,none,lr,0.0001,0.0001,32,11,0.0927,1.5005,1.4390,0.8140,0.6746,nan,nan,nan,nan,0
late,cage,4,0,resnet,True,none,lr,0.0001,0.0001,32,12,0.1239,1.0754,1.1440,0.7907,0.7063,nan,nan,nan,nan,1
late,cage,4,0,resnet,True,none,lr,0.0001,0.0001,32,13,0.0720,2.0557,1.5423,0.8372,0.7619,nan,nan,nan,nan,1
late,cage,4,0,resnet,True,none,lr,0.0001,0.0001,32,14,0.0732,2.2704,1.7057,0.8372,0.6508,nan,nan,nan,nan,0
late,cage,4,0,resnet,True,none,lr,0.0001,0.0001,32,15,0.0595,1.7640,1.5318,0.7907,0.7262,nan,nan,nan,nan,0
late,cage,4,0,resnet,True,none,lr,0.0001,0.0001,32,16,0.0448,1.6491,1.5599,0.7907,0.7302,2.0268,1.9162,0.8140,0.5679,1
late,cage,4,0,resnet,True,none,lr,0.0001,0.0001,32,17,0.0431,2.6625,1.9249,0.8372,0.7222,nan,nan,nan,nan,0
late,cage,4,0,resnet,True,none,lr,0.0001,0.0001,32,18,0.0431,2.8770,2.1556,0.8140,0.6587,nan,nan,nan,nan,0
late,cage,4,0,resnet,True,none,lr,0.0001,0.0001,32,19,0.0537,2.7216,2.1247,0.8140,0.6151,nan,nan,nan,nan,0
late,cage,4,0,resnet,True,none,lr,0.0001,0.0001,32,20,0.0451,1.9168,1.6733,0.8140,0.7659,nan,nan,nan,nan,0
late,cage,4,0,resnet,True,none,lr,0.0001,0.0001,32,21,0.0563,2.4649,1.9268,0.8372,0.7381,nan,nan,nan,nan,0
late,cage,4,1,resnet,True,none,lr,0.0001,0.0001,32,1,0.7033,0.6605,0.6502,0.7209,0.6627,nan,nan,nan,nan,0
late,cage,4,1,resnet,True,none,lr,0.0001,0.0001,32,2,0.6337,0.7761,0.7310,0.7209,0.5040,nan,nan,nan,nan,0
late,cage,4,1,resnet,True,none,lr,0.0001,0.0001,32,3,0.5480,0.7374,0.6786,0.7209,0.5714,nan,nan,nan,nan,0
late,cage,4,1,resnet,True,none,lr,0.0001,0.0001,32,4,0.4431,0.6957,0.7326,0.7674,0.6706,nan,nan,nan,nan,0
late,cage,4,1,resnet,True,none,lr,0.0001,0.0001,32,5,0.3397,1.0817,0.9528,0.8372,0.5357,0.9549,1.0052,0.7674,0.6036,1
late,cage,4,1,resnet,True,none,lr,0.0001,0.0001,32,6,0.2693,1.1328,0.8537,0.8372,0.6190,nan,nan,nan,nan,0
late,cage,4,1,resnet,True,none,lr,0.0001,0.0001,32,7,0.2049,1.6891,1.1071,0.8372,0.5437,nan,nan,nan,nan,0
late,cage,4,1,resnet,True,none,lr,0.0001,0.0001,32,8,0.1818,1.6998,1.2228,0.8372,0.5357,nan,nan,nan,nan,0
late,cage,4,1,resnet,True,none,lr,0.0001,0.0001,32,9,0.1469,1.6575,1.2181,0.8372,0.5794,nan,nan,nan,nan,0
late,cage,4,1,resnet,True,none,lr,0.0001,0.0001,32,10,0.1286,1.4253,1.2234,0.8605,0.5437,nan,nan,nan,nan,0
late,cage,4,1,resnet,True,none,lr,0.0001,0.0001,32,11,0.0965,1.9618,1.3375,0.8372,0.6071,nan,nan,nan,nan,0
late,cage,4,1,resnet,True,none,lr,0.0001,0.0001,32,12,0.0975,1.7590,1.4776,0.8372,0.5595,nan,nan,nan,nan,0
late,cage,4,1,resnet,True,none,lr,0.0001,0.0001,32,13,0.0564,2.4248,1.5928,0.8372,0.5952,nan,nan,nan,nan,0
late,cage,4,1,resnet,True,none,lr,0.0001,0.0001,32,14,0.0664,2.3136,1.4997,0.8372,0.5714,nan,nan,nan,nan,0
late,cage,4,1,resnet,True,none,lr,0.0001,0.0001,32,15,0.0467,2.4389,1.6916,0.8372,0.5357,nan,nan,nan,nan,0
late,cage,4,1,resnet,True,none,lr,0.0001,0.0001,32,16,0.0815,1.8887,1.4433,0.8372,0.6984,nan,nan,nan,nan,0
late,cage,4,2,resnet,True,none,lr,0.0001,0.0001,32,1,0.6962,0.6939,0.6300,0.8095,0.6618,nan,nan,nan,nan,0
late,cage,4,2,resnet,True,none,lr,0.0001,0.0001,32,2,0.6256,0.6947,0.7290,0.6905,0.5919,nan,nan,nan,nan,0
late,cage,4,2,resnet,True,none,lr,0.0001,0.0001,32,3,0.5396,0.6668,0.7688,0.5952,0.6360,nan,nan,nan,nan,0
late,cage,4,2,resnet,True,none,lr,0.0001,0.0001,32,4,0.4430,0.7278,0.7600,0.7381,0.6544,nan,nan,nan,nan,0
late,cage,4,2,resnet,True,none,lr,0.0001,0.0001,32,5,0.3425,1.1793,0.9611,0.7857,0.5184,1.0761,0.9566,0.8372,0.6429,1
late,cage,4,2,resnet,True,none,lr,0.0001,0.0001,32,6,0.2557,1.4135,1.0763,0.7857,0.5625,nan,nan,nan,nan,0
late,cage,4,2,resnet,True,none,lr,0.0001,0.0001,32,7,0.2139,1.4553,1.1276,0.7619,0.5882,nan,nan,nan,nan,0
late,cage,4,2,resnet,True,none,lr,0.0001,0.0001,32,8,0.1598,1.4477,1.3183,0.7857,0.5441,nan,nan,nan,nan,0
late,cage,4,2,resnet,True,none,lr,0.0001,0.0001,32,9,0.1319,1.7021,1.3507,0.7381,0.4779,nan,nan,nan,nan,0
late,cage,4,2,resnet,True,none,lr,0.0001,0.0001,32,10,0.1109,1.8983,1.5748,0.7619,0.6066,nan,nan,nan,nan,0
late,cage,4,2,resnet,True,none,lr,0.0001,0.0001,32,11,0.0907,2.3792,1.5778,0.8095,0.5735,nan,nan,nan,nan,0
late,cage,4,2,resnet,True,none,lr,0.0001,0.0001,32,12,0.0792,1.9434,1.4658,0.7619,0.4853,nan,nan,nan,nan,0
late,cage,4,2,resnet,True,none,lr,0.0001,0.0001,32,13,0.0843,2.2344,1.6533,0.7619,0.5882,nan,nan,nan,nan,0
late,cage,4,2,resnet,True,none,lr,0.0001,0.0001,32,14,0.0802,2.4115,1.6121,0.8095,0.5294,nan,nan,nan,nan,0
late,cage,4,2,resnet,True,none,lr,0.0001,0.0001,32,15,0.0545,1.9456,1.7472,0.7619,0.6213,nan,nan,nan,nan,0
late,cage,4,2,resnet,True,none,lr,0.0001,0.0001,32,16,0.0600,2.6037,1.7660,0.8333,0.5221,nan,nan,nan,nan,0
late,cage,4,3,resnet,True,none,lr,0.0001,0.0001,32,1,0.6885,0.6761,0.6772,0.6905,0.6122,nan,nan,nan,nan,0
late,cage,4,3,resnet,True,none,lr,0.0001,0.0001,32,2,0.6268,0.6622,0.7487,0.5476,0.6204,nan,nan,nan,nan,0
late,cage,4,3,resnet,True,none,lr,0.0001,0.0001,32,3,0.5363,0.6963,0.8394,0.6905,0.6163,nan,nan,nan,nan,0
late,cage,4,3,resnet,True,none,lr,0.0001,0.0001,32,4,0.4459,0.6900,0.9139,0.5714,0.6245,nan,nan,nan,nan,0
late,cage,4,3,resnet,True,none,lr,0.0001,0.0001,32,5,0.3370,1.0037,0.9363,0.7857,0.5755,nan,nan,nan,nan,1
late,cage,4,3,resnet,True,none,lr,0.0001,0.0001,32,6,0.2845,0.8709,0.8705,0.7857,0.7143,nan,nan,nan,nan,1
late,cage,4,3,resnet,True,none,lr,0.0001,0.0001,32,7,0.2164,0.9619,1.0061,0.7619,0.7061,nan,nan,nan,nan,1
late,cage,4,3,resnet,True,none,lr,0.0001,0.0001,32,8,0.1777,1.3028,1.0942,0.8333,0.7143,1.3454,1.2531,0.8140,0.6964,1
late,cage,4,3,resnet,True,none,lr,0.0001,0.0001,32,9,0.1402,1.0859,1.3781,0.7143,0.5469,nan,nan,nan,nan,0
late,cage,4,3,resnet,True,none,lr,0.0001,0.0001,32,10,0.1057,1.0325,1.2727,0.8095,0.6286,nan,nan,nan,nan,0
late,cage,4,3,resnet,True,none,lr,0.0001,0.0001,32,11,0.0999,1.3273,1.2414,0.8333,0.7143,nan,nan,nan,nan,0
late,cage,4,3,resnet,True,none,lr,0.0001,0.0001,32,12,0.0739,1.5800,1.4817,0.8095,0.5959,nan,nan,nan,nan,0
late,cage,4,3,resnet,True,none,lr,0.0001,0.0001,32,13,0.0483,1.7050,1.4488,0.8333,0.6980,nan,nan,nan,nan,0
late,cage,4,3,resnet,True,none,lr,0.0001,0.0001,32,14,0.0863,1.1560,1.3057,0.7381,0.6980,nan,nan,nan,nan,0
late,cage,4,3,resnet,True,none,lr,0.0001,0.0001,32,15,0.0546,1.9342,1.6282,0.8095,0.5959,nan,nan,nan,nan,0
late,cage,4,3,resnet,True,none,lr,0.0001,0.0001,32,16,0.0754,1.0796,1.5199,0.8095,0.7592,nan,nan,nan,nan,0
late,cage,4,5,resnet,True,none,lr,0.0001,0.0001,32,1,0.6847,0.7365,0.6725,0.7000,0.4516,nan,nan,nan,nan,0
late,cage,4,5,resnet,True,none,lr,0.0001,0.0001,32,2,0.6165,0.8242,0.7310,0.6500,0.4014,nan,nan,nan,nan,0
late,cage,4,5,resnet,True,none,lr,0.0001,0.0001,32,3,0.5179,0.8904,0.8452,0.6500,0.4516,nan,nan,nan,nan,0
late,cage,4,5,resnet,True,none,lr,0.0001,0.0001,32,4,0.4106,1.2560,1.0292,0.7000,0.2581,nan,nan,nan,nan,0
late,cage,4,5,resnet,True,none,lr,0.0001,0.0001,32,5,0.3181,1.3193,1.1353,0.6000,0.3262,0.8496,0.8895,0.7907,0.5786,1
late,cage,4,5,resnet,True,none,lr,0.0001,0.0001,32,6,0.2368,2.1633,1.5739,0.7500,0.2079,nan,nan,nan,nan,0
late,cage,4,5,resnet,True,none,lr,0.0001,0.0001,32,7,0.2087,1.9887,1.4291,0.7500,0.3477,nan,nan,nan,nan,0
late,cage,4,5,resnet,True,none,lr,0.0001,0.0001,32,8,0.1561,2.5607,1.7396,0.7750,0.3118,nan,nan,nan,nan,0
late,cage,4,5,resnet,True,none,lr,0.0001,0.0001,32,9,0.1416,2.3903,1.7156,0.7750,0.3369,nan,nan,nan,nan,0
late,cage,4,5,resnet,True,none,lr,0.0001,0.0001,32,10,0.1108,2.8917,2.0165,0.7500,0.2975,nan,nan,nan,nan,0
late,cage,4,5,resnet,True,none,lr,0.0001,0.0001,32,11,0.1003,2.7240,1.9890,0.7500,0.4373,nan,nan,nan,nan,0
late,cage,4,5,resnet,True,none,lr,0.0001,0.0001,32,12,0.0941,3.0410,2.1249,0.7750,0.2652,nan,nan,nan,nan,0
late,cage,4,5,resnet,True,none,lr,0.0001,0.0001,32,13,0.0677,2.1142,1.7423,0.7500,0.3907,nan,nan,nan,nan,0
late,cage,4,5,resnet,True,none,lr,0.0001,0.0001,32,14,0.0474,3.1940,2.2147,0.7750,0.2760,nan,nan,nan,nan,0
late,cage,4,5,resnet,True,none,lr,0.0001,0.0001,32,15,0.0484,3.2491,2.4321,0.7000,0.2939,nan,nan,nan,nan,0
late,cage,4,5,resnet,True,none,lr,0.0001,0.0001,32,16,0.0649,3.5869,2.4360,0.7750,0.3262,nan,nan,nan,nan,0
late,cage,4,6,resnet,True,none,lr,0.0001,0.0001,32,1,0.6926,0.6905,0.6580,0.7561,0.5238,nan,nan,nan,nan,0
late,cage,4,6,resnet,True,none,lr,0.0001,0.0001,32,2,0.6425,0.7271,0.7122,0.6829,0.4286,nan,nan,nan,nan,0
late,cage,4,6,resnet,True,none,lr,0.0001,0.0001,32,3,0.5676,0.7462,0.7203,0.8049,0.4857,nan,nan,nan,nan,0
late,cage,4,6,resnet,True,none,lr,0.0001,0.0001,32,4,0.4684,0.7956,0.7656,0.7805,0.4571,nan,nan,nan,nan,0
late,cage,4,6,resnet,True,none,lr,0.0001,0.0001,32,5,0.3594,1.2048,1.0127,0.8537,0.4095,nan,nan,nan,nan,1
late,cage,4,6,resnet,True,none,lr,0.0001,0.0001,32,6,0.3134,1.2544,0.9985,0.8537,0.4810,nan,nan,nan,nan,0
late,cage,4,6,resnet,True,none,lr,0.0001,0.0001,32,7,0.2232,1.2563,1.2028,0.8293,0.4333,nan,nan,nan,nan,0
late,cage,4,6,resnet,True,none,lr,0.0001,0.0001,32,8,0.1756,1.3936,1.1670,0.8537,0.4333,nan,nan,nan,nan,0
late,cage,4,6,resnet,True,none,lr,0.0001,0.0001,32,9,0.1663,1.2535,1.1684,0.8537,0.4714,nan,nan,nan,nan,0
late,cage,4,6,resnet,True,none,lr,0.0001,0.0001,32,10,0.1147,1.8274,1.4503,0.8537,0.4571,nan,nan,nan,nan,0
late,cage,4,6,resnet,True,none,lr,0.0001,0.0001,32,11,0.1088,1.5373,1.2791,0.8537,0.5571,nan,nan,nan,nan,1
late,cage,4,6,resnet,True,none,lr,0.0001,0.0001,32,12,0.1008,2.0257,1.5566,0.8537,0.4190,nan,nan,nan,nan,0
late,cage,4,6,resnet,True,none,lr,0.0001,0.0001,32,13,0.0780,1.7299,1.5053,0.8537,0.4524,nan,nan,nan,nan,0
late,cage,4,6,resnet,True,none,lr,0.0001,0.0001,32,14,0.0548,2.0537,1.7437,0.8537,0.4571,nan,nan,nan,nan,0
late,cage,4,6,resnet,True,none,lr,0.0001,0.0001,32,15,0.0532,2.2007,1.7006,0.8537,0.5524,nan,nan,nan,nan,1
late,cage,4,6,resnet,True,none,lr,0.0001,0.0001,32,16,0.0466,1.8860,1.6177,0.8537,0.5333,nan,nan,nan,nan,0
late,cage,4,6,resnet,True,none,lr,0.0001,0.0001,32,17,0.0675,2.3081,1.8643,0.8537,0.5238,1.9594,1.9770,0.8372,0.6929,1
late,cage,4,6,resnet,True,none,lr,0.0001,0.0001,32,18,0.0455,2.7212,2.1563,0.8537,0.4429,nan,nan,nan,nan,0
late,cage,4,6,resnet,True,none,lr,0.0001,0.0001,32,19,0.0369,2.2537,1.8523,0.8537,0.4619,nan,nan,nan,nan,0
late,cage,4,6,resnet,True,none,lr,0.0001,0.0001,32,20,0.0454,3.0989,2.2193,0.8537,0.4810,nan,nan,nan,nan,0
late,cage,4,6,resnet,True,none,lr,0.0001,0.0001,32,21,0.0545,2.0332,1.8743,0.8537,0.4714,nan,nan,nan,nan,0
late,cage,4,6,resnet,True,none,lr,0.0001,0.0001,32,22,0.0489,2.5214,1.8313,0.8537,0.5857,nan,nan,nan,nan,0
late,cage,4,7,resnet,True,none,lr,0.0001,0.0001,32,1,0.6996,0.6850,0.6260,0.7955,0.6667,nan,nan,nan,nan,0
late,cage,4,7,resnet,True,none,lr,0.0001,0.0001,32,2,0.6313,0.7693,0.7386,0.6136,0.4618,nan,nan,nan,nan,0
late,cage,4,7,resnet,True,none,lr,0.0001,0.0001,32,3,0.5509,0.7276,0.6955,0.7273,0.6007,nan,nan,nan,nan,0
late,cage,4,7,resnet,True,none,lr,0.0001,0.0001,32,4,0.4508,0.7801,0.8054,0.8409,0.6979,nan,nan,nan,nan,0
late,cage,4,7,resnet,True,none,lr,0.0001,0.0001,32,5,0.3335,1.0826,0.7824,0.7955,0.7361,nan,nan,nan,nan,1
late,cage,4,7,resnet,True,none,lr,0.0001,0.0001,32,6,0.2633,1.2756,0.9408,0.7955,0.6597,nan,nan,nan,nan,0
late,cage,4,7,resnet,True,none,lr,0.0001,0.0001,32,7,0.2108,1.1250,0.9412,0.7955,0.6875,nan,nan,nan,nan,1
late,cage,4,7,resnet,True,none,lr,0.0001,0.0001,32,8,0.1637,1.1906,0.9818,0.8182,0.7500,nan,nan,nan,nan,1
late,cage,4,7,resnet,True,none,lr,0.0001,0.0001,32,9,0.1475,1.2348,1.0631,0.7955,0.7465,1.0062,1.1270,0.8372,0.7786,1
late,cage,4,7,resnet,True,none,lr,0.0001,0.0001,32,10,0.1086,1.1007,1.0299,0.7727,0.7465,nan,nan,nan,nan,0
late,cage,4,7,resnet,True,none,lr,0.0001,0.0001,32,11,0.0637,1.4919,1.3295,0.7727,0.6528,nan,nan,nan,nan,0
late,cage,4,7,resnet,True,none,lr,0.0001,0.0001,32,12,0.0655,1.7556,1.4149,0.7955,0.6701,nan,nan,nan,nan,0
late,cage,4,7,resnet,True,none,lr,0.0001,0.0001,32,13,0.0697,2.1162,1.6090,0.7727,0.6597,nan,nan,nan,nan,0
late,cage,4,7,resnet,True,none,lr,0.0001,0.0001,32,14,0.0884,1.8607,1.4421,0.7955,0.6146,nan,nan,nan,nan,0
late,cage,4,7,resnet,True,none,lr,0.0001,0.0001,32,15,0.0790,1.9091,1.5347,0.8182,0.5556,nan,nan,nan,nan,0
late,cage,4,7,resnet,True,none,lr,0.0001,0.0001,32,16,0.0659,1.6129,1.4585,0.7500,0.6493,nan,nan,nan,nan,0
late,cage,4,8,resnet,True,none,lr,0.0001,0.0001,32,1,0.6888,0.7061,0.7734,0.2128,0.4583,nan,nan,nan,nan,0
late,cage,4,8,resnet,True,none,lr,0.0001,0.0001,32,2,0.6550,0.6895,0.6706,0.7021,0.5673,nan,nan,nan,nan,0
late,cage,4,8,resnet,True,none,lr,0.0001,0.0001,32,3,0.5895,0.7416,0.6621,0.8085,0.5833,nan,nan,nan,nan,0
late,cage,4,8,resnet,True,none,lr,0.0001,0.0001,32,4,0.4833,0.7235,0.7618,0.7021,0.6218,nan,nan,nan,nan,0
late,cage,4,8,resnet,True,none,lr,0.0001,0.0001,32,5,0.3829,0.9755,0.8200,0.7234,0.4744,nan,nan,nan,nan,1
late,cage,4,8,resnet,True,none,lr,0.0001,0.0001,32,6,0.2974,1.0073,1.0463,0.6170,0.4872,0.8095,1.0134,0.6512,0.5821,1
late,cage,4,8,resnet,True,none,lr,0.0001,0.0001,32,7,0.2527,1.3559,1.1491,0.7447,0.4006,nan,nan,nan,nan,0
late,cage,4,8,resnet,True,none,lr,0.0001,0.0001,32,8,0.1830,1.7625,1.1753,0.7872,0.4551,nan,nan,nan,nan,0
late,cage,4,8,resnet,True,none,lr,0.0001,0.0001,32,9,0.1437,1.7705,1.3029,0.8085,0.4679,nan,nan,nan,nan,0
late,cage,4,8,resnet,True,none,lr,0.0001,0.0001,32,10,0.1102,1.9787,1.4116,0.8085,0.4519,nan,nan,nan,nan,0
late,cage,4,8,resnet,True,none,lr,0.0001,0.0001,32,11,0.1382,1.7874,1.3720,0.7660,0.4808,nan,nan,nan,nan,0
late,cage,4,8,resnet,True,none,lr,0.0001,0.0001,32,12,0.0854,2.0727,1.4038,0.8085,0.5032,nan,nan,nan,nan,0
late,cage,4,8,resnet,True,none,lr,0.0001,0.0001,32,13,0.0771,2.1907,1.5609,0.8298,0.5128,nan,nan,nan,nan,0
late,cage,4,8,resnet,True,none,lr,0.0001,0.0001,32,14,0.0757,2.4012,1.5148,0.8085,0.4551,nan,nan,nan,nan,0
late,cage,4,8,resnet,True,none,lr,0.0001,0.0001,32,15,0.0651,2.5597,1.6355,0.8085,0.4744,nan,nan,nan,nan,0
late,cage,4,8,resnet,True,none,lr,0.0001,0.0001,32,16,0.0454,2.2276,1.5913,0.8298,0.5353,nan,nan,nan,nan,0
late,cage,4,9,resnet,True,none,lr,0.0001,0.0001,32,1,0.6908,0.7217,0.7043,0.6905,0.4949,nan,nan,nan,nan,0
late,cage,4,9,resnet,True,none,lr,0.0001,0.0001,32,2,0.6185,0.9278,0.7987,0.6905,0.5354,nan,nan,nan,nan,0
late,cage,4,9,resnet,True,none,lr,0.0001,0.0001,32,3,0.5242,0.8939,0.8628,0.7143,0.4276,nan,nan,nan,nan,0
late,cage,4,9,resnet,True,none,lr,0.0001,0.0001,32,4,0.4173,1.6783,1.1541,0.6905,0.3805,nan,nan,nan,nan,0
late,cage,4,9,resnet,True,none,lr,0.0001,0.0001,32,5,0.3304,1.3897,1.4125,0.6429,0.4781,0.9300,1.1896,0.7907,0.6571,1
late,cage,4,9,resnet,True,none,lr,0.0001,0.0001,32,6,0.2599,1.7330,1.2775,0.7143,0.4276,nan,nan,nan,nan,0
late,cage,4,9,resnet,True,none,lr,0.0001,0.0001,32,7,0.1841,1.8414,1.4229,0.7381,0.4175,nan,nan,nan,nan,0
late,cage,4,9,resnet,True,none,lr,0.0001,0.0001,32,8,0.1564,1.8196,1.7786,0.6190,0.4175,nan,nan,nan,nan,0
late,cage,4,9,resnet,True,none,lr,0.0001,0.0001,32,9,0.1188,2.1520,1.7795,0.6429,0.4175,nan,nan,nan,nan,0
late,cage,4,9,resnet,True,none,lr,0.0001,0.0001,32,10,0.1192,2.5795,1.8427,0.6667,0.4040,nan,nan,nan,nan,0
late,cage,4,9,resnet,True,none,lr,0.0001,0.0001,32,11,0.0760,2.9359,1.9563,0.7143,0.4545,nan,nan,nan,nan,0
late,cage,4,9,resnet,True,none,lr,0.0001,0.0001,32,12,0.0997,2.2989,2.0235,0.6190,0.3737,nan,nan,nan,nan,0
late,cage,4,9,resnet,True,none,lr,0.0001,0.0001,32,13,0.0676,2.7185,1.8510,0.7857,0.4613,nan,nan,nan,nan,0
late,cage,4,9,resnet,True,none,lr,0.0001,0.0001,32,14,0.0804,2.4470,1.9487,0.6429,0.4377,nan,nan,nan,nan,0
late,cage,4,9,resnet,True,none,lr,0.0001,0.0001,32,15,0.0424,2.7164,2.0142,0.7619,0.4411,nan,nan,nan,nan,0
late,cage,4,9,resnet,True,none,lr,0.0001,0.0001,32,16,0.0432,3.5172,2.3298,0.7381,0.4478,nan,nan,nan,nan,0
late,cage,5,0,resnet,True,none,lr,0.0001,0.0001,32,1,0.6852,0.6839,0.6456,0.7674,0.6468,nan,nan,nan,nan,0
late,cage,5,0,resnet,True,none,lr,0.0001,0.0001,32,2,0.6234,0.7306,0.8181,0.3023,0.5357,nan,nan,nan,nan,0
late,cage,5,0,resnet,True,none,lr,0.0001,0.0001,32,3,0.5355,0.7241,0.9368,0.3953,0.6349,nan,nan,nan,nan,0
late,cage,5,0,resnet,True,none,lr,0.0001,0.0001,32,4,0.4158,0.8110,0.8252,0.8140,0.6627,nan,nan,nan,nan,0
late,cage,5,0,resnet,True,none,lr,0.0001,0.0001,32,5,0.3443,0.8177,0.8329,0.8140,0.7183,nan,nan,nan,nan,1
late,cage,5,0,resnet,True,none,lr,0.0001,0.0001,32,6,0.2618,0.9222,1.0262,0.8140,0.6389,nan,nan,nan,nan,0
late,cage,5,0,resnet,True,none,lr,0.0001,0.0001,32,7,0.2027,1.2645,1.0459,0.8140,0.6905,nan,nan,nan,nan,1
late,cage,5,0,resnet,True,none,lr,0.0001,0.0001,32,8,0.1461,1.6153,1.2643,0.8140,0.6508,nan,nan,nan,nan,0
late,cage,5,0,resnet,True,none,lr,0.0001,0.0001,32,9,0.1364,1.4766,1.3042,0.8140,0.6825,nan,nan,nan,nan,1
late,cage,5,0,resnet,True,none,lr,0.0001,0.0001,32,10,0.1133,1.2360,1.1505,0.7907,0.7540,nan,nan,nan,nan,1
late,cage,5,0,resnet,True,none,lr,0.0001,0.0001,32,11,0.0965,1.2049,1.1674,0.7907,0.7817,nan,nan,nan,nan,1
late,cage,5,0,resnet,True,none,lr,0.0001,0.0001,32,12,0.0517,1.4998,1.3882,0.8372,0.7063,nan,nan,nan,nan,0
late,cage,5,0,resnet,True,none,lr,0.0001,0.0001,32,13,0.0648,1.8361,1.5320,0.8372,0.7341,nan,nan,nan,nan,1
late,cage,5,0,resnet,True,none,lr,0.0001,0.0001,32,14,0.0683,2.3407,1.6617,0.8372,0.7341,4.1131,2.6445,0.7750,0.3692,1
late,cage,5,0,resnet,True,none,lr,0.0001,0.0001,32,15,0.0669,1.2582,1.5522,0.8372,0.7381,nan,nan,nan,nan,0
late,cage,5,0,resnet,True,none,lr,0.0001,0.0001,32,16,0.0584,1.6918,1.4830,0.8372,0.7540,nan,nan,nan,nan,0
late,cage,5,0,resnet,True,none,lr,0.0001,0.0001,32,17,0.0510,2.2664,1.8795,0.8140,0.6349,nan,nan,nan,nan,0
late,cage,5,0,resnet,True,none,lr,0.0001,0.0001,32,18,0.0533,1.2216,1.4807,0.7907,0.7540,nan,nan,nan,nan,0
late,cage,5,0,resnet,True,none,lr,0.0001,0.0001,32,19,0.0182,2.4594,1.7900,0.8372,0.7183,nan,nan,nan,nan,0
late,cage,5,1,resnet,True,none,lr,0.0001,0.0001,32,1,0.6895,0.7007,0.7240,0.3953,0.4881,nan,nan,nan,nan,0
late,cage,5,1,resnet,True,none,lr,0.0001,0.0001,32,2,0.6173,0.7240,0.7394,0.6512,0.5357,nan,nan,nan,nan,0
late,cage,5,1,resnet,True,none,lr,0.0001,0.0001,32,3,0.5208,0.6881,0.6979,0.6977,0.6071,nan,nan,nan,nan,0
late,cage,5,1,resnet,True,none,lr,0.0001,0.0001,32,4,0.4045,0.8567,0.8366,0.7674,0.5437,nan,nan,nan,nan,0
late,cage,5,1,resnet,True,none,lr,0.0001,0.0001,32,5,0.3236,0.7506,0.7803,0.6744,0.6151,nan,nan,nan,nan,1
late,cage,5,1,resnet,True,none,lr,0.0001,0.0001,32,6,0.2360,1.1101,0.8853,0.8372,0.5992,nan,nan,nan,nan,1
late,cage,5,1,resnet,True,none,lr,0.0001,0.0001,32,7,0.1986,1.5649,1.2229,0.8372,0.5278,nan,nan,nan,nan,0
late,cage,5,1,resnet,True,none,lr,0.0001,0.0001,32,8,0.1654,1.5943,1.2869,0.7442,0.5198,nan,nan,nan,nan,0
late,cage,5,1,resnet,True,none,lr,0.0001,0.0001,32,9,0.1212,2.0858,1.3294,0.8372,0.4960,nan,nan,nan,nan,0
late,cage,5,1,resnet,True,none,lr,0.0001,0.0001,32,10,0.1071,1.5778,1.2184,0.8372,0.5397,nan,nan,nan,nan,0
late,cage,5,1,resnet,True,none,lr,0.0001,0.0001,32,11,0.0998,2.1753,1.3541,0.8372,0.5833,nan,nan,nan,nan,0
late,cage,5,1,resnet,True,none,lr,0.0001,0.0001,32,12,0.0584,1.5959,1.2604,0.8372,0.6984,nan,nan,nan,nan,0
late,cage,5,1,resnet,True,none,lr,0.0001,0.0001,32,13,0.0565,1.2026,1.3460,0.7674,0.5913,nan,nan,nan,nan,0
late,cage,5,1,resnet,True,none,lr,0.0001,0.0001,32,14,0.0926,2.6529,1.6378,0.8372,0.5714,nan,nan,nan,nan,1
late,cage,5,1,resnet,True,none,lr,0.0001,0.0001,32,15,0.0902,2.5044,1.6169,0.8372,0.5357,nan,nan,nan,nan,0
late,cage,5,1,resnet,True,none,lr,0.0001,0.0001,32,16,0.0611,1.9055,1.5064,0.8372,0.5714,nan,nan,nan,nan,0
late,cage,5,1,resnet,True,none,lr,0.0001,0.0001,32,17,0.0399,2.1477,1.5858,0.8372,0.5992,nan,nan,nan,nan,0
late,cage,5,1,resnet,True,none,lr,0.0001,0.0001,32,18,0.0189,2.3021,1.5331,0.8372,0.6389,nan,nan,nan,nan,0
late,cage,5,1,resnet,True,none,lr,0.0001,0.0001,32,19,0.0231,2.4887,1.6365,0.8372,0.6746,nan,nan,nan,nan,1
late,cage,5,1,resnet,True,none,lr,0.0001,0.0001,32,20,0.0588,2.6975,1.7298,0.8372,0.5794,nan,nan,nan,nan,1
late,cage,5,1,resnet,True,none,lr,0.0001,0.0001,32,21,0.0419,2.4554,1.6243,0.8372,0.5794,nan,nan,nan,nan,0
late,cage,5,1,resnet,True,none,lr,0.0001,0.0001,32,22,0.0278,2.3309,1.6772,0.8372,0.6349,4.0128,2.7231,0.7750,0.4194,1
late,cage,5,1,resnet,True,none,lr,0.0001,0.0001,32,23,0.0141,2.9317,1.7981,0.8372,0.6508,nan,nan,nan,nan,0
late,cage,5,1,resnet,True,none,lr,0.0001,0.0001,32,24,0.0181,3.0979,2.0243,0.8372,0.5040,nan,nan,nan,nan,0
late,cage,5,1,resnet,True,none,lr,0.0001,0.0001,32,25,0.0514,3.4444,2.1892,0.8372,0.5516,nan,nan,nan,nan,0
late,cage,5,1,resnet,True,none,lr,0.0001,0.0001,32,26,0.0405,2.8288,1.8328,0.8372,0.5913,nan,nan,nan,nan,0
late,cage,5,1,resnet,True,none,lr,0.0001,0.0001,32,27,0.0292,1.4783,1.4692,0.8372,0.6667,nan,nan,nan,nan,0
late,cage,5,2,resnet,True,none,lr,0.0001,0.0001,32,1,0.6860,0.6961,0.7071,0.5238,0.5037,nan,nan,nan,nan,0
late,cage,5,2,resnet,True,none,lr,0.0001,0.0001,32,2,0.6281,0.6988,0.6536,0.8095,0.6654,nan,nan,nan,nan,0
late,cage,5,2,resnet,True,none,lr,0.0001,0.0001,32,3,0.5393,0.7364,0.6519,0.8095,0.7206,nan,nan,nan,nan,0
late,cage,5,2,resnet,True,none,lr,0.0001,0.0001,32,4,0.4357,0.7931,0.8800,0.6905,0.6471,nan,nan,nan,nan,0
late,cage,5,2,resnet,True,none,lr,0.0001,0.0001,32,5,0.3394,0.6579,0.7457,0.7857,0.7610,nan,nan,nan,nan,1
late,cage,5,2,resnet,True,none,lr,0.0001,0.0001,32,6,0.2615,1.0546,1.0060,0.8095,0.6287,1.5835,1.3410,0.6750,0.3548,1
late,cage,5,2,resnet,True,none,lr,0.0001,0.0001,32,7,0.2101,1.3676,1.0225,0.8095,0.6176,nan,nan,nan,nan,0
late,cage,5,2,resnet,True,none,lr,0.0001,0.0001,32,8,0.1711,1.1895,1.1437,0.7857,0.6287,nan,nan,nan,nan,0
late,cage,5,2,resnet,True,none,lr,0.0001,0.0001,32,9,0.1217,1.3757,1.1936,0.7619,0.6544,nan,nan,nan,nan,0
late,cage,5,2,resnet,True,none,lr,0.0001,0.0001,32,10,0.1085,1.2404,1.2022,0.7381,0.6654,nan,nan,nan,nan,0
late,cage,5,2,resnet,True,none,lr,0.0001,0.0001,32,11,0.0789,1.4570,1.2918,0.7619,0.6765,nan,nan,nan,nan,0
late,cage,5,2,resnet,True,none,lr,0.0001,0.0001,32,12,0.1063,1.5182,1.2561,0.8095,0.6618,nan,nan,nan,nan,0
late,cage,5,2,resnet,True,none,lr,0.0001,0.0001,32,13,0.0789,1.4220,1.3117,0.8333,0.6801,nan,nan,nan,nan,0
late,cage,5,2,resnet,True,none,lr,0.0001,0.0001,32,14,0.0464,1.6937,1.4689,0.7857,0.6581,nan,nan,nan,nan,0
late,cage,5,2,resnet,True,none,lr,0.0001,0.0001,32,15,0.0493,2.4332,1.7112,0.7619,0.6507,nan,nan,nan,nan,0
late,cage,5,2,resnet,True,none,lr,0.0001,0.0001,32,16,0.0698,1.9720,1.5556,0.7619,0.6654,nan,nan,nan,nan,0
late,cage,5,3,resnet,True,none,lr,0.0001,0.0001,32,1,0.6818,0.6896,0.7305,0.3333,0.6286,nan,nan,nan,nan,0
late,cage,5,3,resnet,True,none,lr,0.0001,0.0001,32,2,0.6237,0.6936,0.6705,0.7857,0.5592,nan,nan,nan,nan,0
late,cage,5,3,resnet,True,none,lr,0.0001,0.0001,32,3,0.5233,0.7400,0.7547,0.6667,0.4816,nan,nan,nan,nan,0
late,cage,5,3,resnet,True,none,lr,0.0001,0.0001,32,4,0.4205,0.7713,0.7497,0.7619,0.5918,nan,nan,nan,nan,0
late,cage,5,3,resnet,True,none,lr,0.0001,0.0001,32,5,0.3362,0.8979,0.8781,0.8333,0.5429,nan,nan,nan,nan,1
late,cage,5,3,resnet,True,none,lr,0.0001,0.0001,32,6,0.2789,0.8707,0.8870,0.7619,0.6000,nan,nan,nan,nan,0
late,cage,5,3,resnet,True,none,lr,0.0001,0.0001,32,7,0.1902,1.1192,0.9864,0.8095,0.5551,nan,nan,nan,nan,0
late,cage,5,3,resnet,True,none,lr,0.0001,0.0001,32,8,0.1561,1.2672,1.1088,0.7857,0.5878,1.7942,1.3432,0.7500,0.4731,1
late,cage,5,3,resnet,True,none,lr,0.0001,0.0001,32,9,0.1399,1.2939,1.0562,0.7857,0.5673,nan,nan,nan,nan,0
late,cage,5,3,resnet,True,none,lr,0.0001,0.0001,32,10,0.1190,1.8538,1.3488,0.8333,0.4571,nan,nan,nan,nan,0
late,cage,5,3,resnet,True,none,lr,0.0001,0.0001,32,11,0.1155,1.6148,1.2324,0.8333,0.5918,nan,nan,nan,nan,0
late,cage,5,3,resnet,True,none,lr,0.0001,0.0001,32,12,0.0689,1.2616,1.3153,0.7857,0.5633,nan,nan,nan,nan,0
late,cage,5,3,resnet,True,none,lr,0.0001,0.0001,32,13,0.0734,1.9157,1.4883,0.8095,0.4000,nan,nan,nan,nan,0
late,cage,5,3,resnet,True,none,lr,0.0001,0.0001,32,14,0.0541,1.2894,1.4685,0.7619,0.5796,nan,nan,nan,nan,0
late,cage,5,3,resnet,True,none,lr,0.0001,0.0001,32,15,0.0598,1.2608,1.4119,0.7381,0.5837,nan,nan,nan,nan,0
late,cage,5,3,resnet,True,none,lr,0.0001,0.0001,32,16,0.0538,2.0784,1.5250,0.8333,0.5796,nan,nan,nan,nan,0
late,cage,5,4,resnet,True,none,lr,0.0001,0.0001,32,1,0.6952,0.7061,0.6888,0.6512,0.4750,nan,nan,nan,nan,0
late,cage,5,4,resnet,True,none,lr,0.0001,0.0001,32,2,0.6314,0.7047,0.7012,0.5116,0.5643,nan,nan,nan,nan,0
late,cage,5,4,resnet,True,none,lr,0.0001,0.0001,32,3,0.5338,0.6819,0.7114,0.6279,0.6250,nan,nan,nan,nan,0
late,cage,5,4,resnet,True,none,lr,0.0001,0.0001,32,4,0.4207,0.7352,0.7940,0.7907,0.6750,nan,nan,nan,nan,0
late,cage,5,4,resnet,True,none,lr,0.0001,0.0001,32,5,0.3232,1.0087,0.9808,0.6977,0.5321,nan,nan,nan,nan,1
late,cage,5,4,resnet,True,none,lr,0.0001,0.0001,32,6,0.2340,1.2017,1.1277,0.7907,0.6000,nan,nan,nan,nan,1
late,cage,5,4,resnet,True,none,lr,0.0001,0.0001,32,7,0.1953,1.3034,1.2540,0.8140,0.6143,nan,nan,nan,nan,1
late,cage,5,4,resnet,True,none,lr,0.0001,0.0001,32,8,0.1533,0.7647,1.0538,0.7209,0.7286,nan,nan,nan,nan,1
late,cage,5,4,resnet,True,none,lr,0.0001,0.0001,32,9,0.1150,1.5706,1.4902,0.8140,0.6429,nan,nan,nan,nan,0
late,cage,5,4,resnet,True,none,lr,0.0001,0.0001,32,10,0.1112,2.1087,1.8179,0.8140,0.6000,nan,nan,nan,nan,1
late,cage,5,4,resnet,True,none,lr,0.0001,0.0001,32,11,0.1014,1.5408,1.5359,0.7907,0.7786,nan,nan,nan,nan,1
late,cage,5,4,resnet,True,none,lr,0.0001,0.0001,32,12,0.0929,1.5715,1.5671,0.7907,0.6179,nan,nan,nan,nan,0
late,cage,5,4,resnet,True,none,lr,0.0001,0.0001,32,13,0.0607,1.7058,1.6498,0.7907,0.6857,nan,nan,nan,nan,0
late,cage,5,4,resnet,True,none,lr,0.0001,0.0001,32,14,0.0438,1.8765,1.7906,0.7907,0.6964,nan,nan,nan,nan,0
late,cage,5,4,resnet,True,none,lr,0.0001,0.0001,32,15,0.0329,2.0542,1.8727,0.8140,0.7357,3.3947,2.3513,0.7750,0.3799,1
late,cage,5,4,resnet,True,none,lr,0.0001,0.0001,32,16,0.0501,2.1286,1.9549,0.7907,0.7071,nan,nan,nan,nan,0
late,cage,5,4,resnet,True,none,lr,0.0001,0.0001,32,17,0.0481,2.2652,2.1054,0.8140,0.6893,nan,nan,nan,nan,0
late,cage,5,4,resnet,True,none,lr,0.0001,0.0001,32,18,0.0826,1.7764,1.7794,0.8140,0.6357,nan,nan,nan,nan,0
late,cage,5,4,resnet,True,none,lr,0.0001,0.0001,32,19,0.0420,1.9740,1.9168,0.8140,0.6571,nan,nan,nan,nan,0
late,cage,5,4,resnet,True,none,lr,0.0001,0.0001,32,20,0.0405,2.5137,2.1487,0.8140,0.6714,nan,nan,nan,nan,0
late,cage,5,6,resnet,True,none,lr,0.0001,0.0001,32,1,0.6915,0.6916,0.6888,0.5366,0.5286,nan,nan,nan,nan,0
late,cage,5,6,resnet,True,none,lr,0.0001,0.0001,32,2,0.6253,0.6880,0.6844,0.6585,0.5762,nan,nan,nan,nan,0
late,cage,5,6,resnet,True,none,lr,0.0001,0.0001,32,3,0.5332,0.8060,0.7448,0.8049,0.4571,nan,nan,nan,nan,0
late,cage,5,6,resnet,True,none,lr,0.0001,0.0001,32,4,0.4206,0.8624,0.9539,0.5610,0.4143,nan,nan,nan,nan,0
late,cage,5,6,resnet,True,none,lr,0.0001,0.0001,32,5,0.3250,1.1479,0.9652,0.8537,0.5000,1.6192,1.2248,0.7500,0.3548,1
late,cage,5,6,resnet,True,none,lr,0.0001,0.0001,32,6,0.2396,1.5195,1.2752,0.8293,0.4238,nan,nan,nan,nan,0
late,cage,5,6,resnet,True,none,lr,0.0001,0.0001,32,7,0.2005,1.3382,1.1870,0.8537,0.4286,nan,nan,nan,nan,0
late,cage,5,6,resnet,True,none,lr,0.0001,0.0001,32,8,0.1544,1.1939,1.2138,0.8293,0.5000,nan,nan,nan,nan,0
late,cage,5,6,resnet,True,none,lr,0.0001,0.0001,32,9,0.1472,2.0034,1.4267,0.8537,0.4190,nan,nan,nan,nan,0
late,cage,5,6,resnet,True,none,lr,0.0001,0.0001,32,10,0.1324,1.6391,1.3547,0.8537,0.4714,nan,nan,nan,nan,0
late,cage,5,6,resnet,True,none,lr,0.0001,0.0001,32,11,0.0942,2.2203,1.6156,0.8537,0.3952,nan,nan,nan,nan,0
late,cage,5,6,resnet,True,none,lr,0.0001,0.0001,32,12,0.0778,2.2598,1.7558,0.8537,0.4381,nan,nan,nan,nan,0
late,cage,5,6,resnet,True,none,lr,0.0001,0.0001,32,13,0.0631,1.9796,1.6356,0.8537,0.4286,nan,nan,nan,nan,0
late,cage,5,6,resnet,True,none,lr,0.0001,0.0001,32,14,0.0431,2.4551,1.8445,0.8537,0.3714,nan,nan,nan,nan,0
late,cage,5,6,resnet,True,none,lr,0.0001,0.0001,32,15,0.0508,2.0082,1.7092,0.8537,0.4524,nan,nan,nan,nan,0
late,cage,5,6,resnet,True,none,lr,0.0001,0.0001,32,16,0.0609,2.2169,1.8015,0.8537,0.4571,nan,nan,nan,nan,0
late,cage,5,7,resnet,True,none,lr,0.0001,0.0001,32,1,0.6881,0.6679,0.7106,0.6364,0.6354,nan,nan,nan,nan,0
late,cage,5,7,resnet,True,none,lr,0.0001,0.0001,32,2,0.6222,0.6657,0.6707,0.6591,0.6875,nan,nan,nan,nan,0
late,cage,5,7,resnet,True,none,lr,0.0001,0.0001,32,3,0.5289,0.6255,0.6494,0.7045,0.7569,nan,nan,nan,nan,0
late,cage,5,7,resnet,True,none,lr,0.0001,0.0001,32,4,0.4342,0.6777,0.8035,0.5909,0.6632,nan,nan,nan,nan,0
late,cage,5,7,resnet,True,none,lr,0.0001,0.0001,32,5,0.3305,0.8312,0.8066,0.7727,0.7326,nan,nan,nan,nan,1
late,cage,5,7,resnet,True,none,lr,0.0001,0.0001,32,6,0.2730,0.9323,0.7896,0.7955,0.7326,nan,nan,nan,nan,1
late,cage,5,7,resnet,True,none,lr,0.0001,0.0001,32,7,0.1940,1.1119,0.8900,0.7727,0.7535,1.7166,1.3521,0.6750,0.4982,1
late,cage,5,7,resnet,True,none,lr,0.0001,0.0001,32,8,0.1753,1.6793,1.0357,0.8182,0.7326,nan,nan,nan,nan,0
late,cage,5,7,resnet,True,none,lr,0.0001,0.0001,32,9,0.1291,1.3113,1.0644,0.7955,0.6806,nan,nan,nan,nan,0
late,cage,5,7,resnet,True,none,lr,0.0001,0.0001,32,10,0.1098,2.1413,1.2608,0.8182,0.6736,nan,nan,nan,nan,0
late,cage,5,7,resnet,True,none,lr,0.0001,0.0001,32,11,0.0770,1.8746,1.2878,0.8182,0.6771,nan,nan,nan,nan,0
late,cage,5,7,resnet,True,none,lr,0.0001,0.0001,32,12,0.0895,1.5974,1.3086,0.8182,0.6354,nan,nan,nan,nan,0
late,cage,5,7,resnet,True,none,lr,0.0001,0.0001,32,13,0.0482,1.8833,1.4623,0.7955,0.6076,nan,nan,nan,nan,0
late,cage,5,7,resnet,True,none,lr,0.0001,0.0001,32,14,0.0591,2.1145,1.4368,0.8182,0.7118,nan,nan,nan,nan,0
late,cage,5,7,resnet,True,none,lr,0.0001,0.0001,32,15,0.0605,1.7256,1.4528,0.7727,0.6389,nan,nan,nan,nan,0
late,cage,5,7,resnet,True,none,lr,0.0001,0.0001,32,16,0.0303,1.7408,1.4862,0.7727,0.7257,nan,nan,nan,nan,0
late,cage,5,8,resnet,True,none,lr,0.0001,0.0001,32,1,0.6866,0.7014,0.6568,0.7234,0.5577,nan,nan,nan,nan,0
late,cage,5,8,resnet,True,none,lr,0.0001,0.0001,32,2,0.6127,0.7025,0.6421,0.7660,0.5994,nan,nan,nan,nan,0
late,cage,5,8,resnet,True,none,lr,0.0001,0.0001,32,3,0.5057,0.7835,0.7667,0.7021,0.5577,nan,nan,nan,nan,0
late,cage,5,8,resnet,True,none,lr,0.0001,0.0001,32,4,0.3938,0.9753,0.8577,0.7447,0.4583,nan,nan,nan,nan,0
late,cage,5,8,resnet,True,none,lr,0.0001,0.0001,32,5,0.3137,1.2927,0.9672,0.7447,0.4744,nan,nan,nan,nan,1
late,cage,5,8,resnet,True,none,lr,0.0001,0.0001,32,6,0.2477,1.4961,1.0610,0.7872,0.5128,nan,nan,nan,nan,0
late,cage,5,8,resnet,True,none,lr,0.0001,0.0001,32,7,0.2041,1.4526,1.0330,0.8298,0.6058,nan,nan,nan,nan,0
late,cage,5,8,resnet,True,none,lr,0.0001,0.0001,32,8,0.1815,1.3951,1.1509,0.7660,0.5481,nan,nan,nan,nan,0
late,cage,5,8,resnet,True,none,lr,0.0001,0.0001,32,9,0.1430,1.2783,1.2207,0.7021,0.4872,nan,nan,nan,nan,0
late,cage,5,8,resnet,True,none,lr,0.0001,0.0001,32,10,0.1386,1.5063,1.2268,0.7872,0.6250,nan,nan,nan,nan,1
late,cage,5,8,resnet,True,none,lr,0.0001,0.0001,32,11,0.0877,1.8982,1.3174,0.8085,0.5897,nan,nan,nan,nan,1
late,cage,5,8,resnet,True,none,lr,0.0001,0.0001,32,12,0.0725,2.0317,1.4999,0.7660,0.5994,nan,nan,nan,nan,0
late,cage,5,8,resnet,True,none,lr,0.0001,0.0001,32,13,0.0853,1.9626,1.4534,0.7660,0.5737,nan,nan,nan,nan,0
late,cage,5,8,resnet,True,none,lr,0.0001,0.0001,32,14,0.0598,1.8290,1.5439,0.8085,0.5769,nan,nan,nan,nan,1
late,cage,5,8,resnet,True,none,lr,0.0001,0.0001,32,15,0.0889,2.1658,1.7099,0.8085,0.6218,nan,nan,nan,nan,0
late,cage,5,8,resnet,True,none,lr,0.0001,0.0001,32,16,0.0605,2.7904,1.6872,0.8298,0.5865,nan,nan,nan,nan,0
late,cage,5,8,resnet,True,none,lr,0.0001,0.0001,32,17,0.0369,2.5413,1.6884,0.8298,0.5737,nan,nan,nan,nan,0
late,cage,5,8,resnet,True,none,lr,0.0001,0.0001,32,18,0.0291,2.5942,1.7367,0.8085,0.5897,nan,nan,nan,nan,0
late,cage,5,8,resnet,True,none,lr,0.0001,0.0001,32,19,0.0372,2.6694,1.8190,0.8298,0.6282,nan,nan,nan,nan,1
late,cage,5,8,resnet,True,none,lr,0.0001,0.0001,32,20,0.0394,3.0297,1.8485,0.8298,0.5769,nan,nan,nan,nan,0
late,cage,5,8,resnet,True,none,lr,0.0001,0.0001,32,21,0.0412,3.2700,1.9277,0.8298,0.5897,nan,nan,nan,nan,0
late,cage,5,8,resnet,True,none,lr,0.0001,0.0001,32,22,0.0372,3.0636,2.0279,0.8298,0.5929,nan,nan,nan,nan,0
late,cage,5,8,resnet,True,none,lr,0.0001,0.0001,32,23,0.0496,2.9655,1.9063,0.8298,0.6859,4.3871,2.9185,0.7500,0.3620,1
late,cage,5,8,resnet,True,none,lr,0.0001,0.0001,32,24,0.0573,2.6417,1.8183,0.8085,0.5737,nan,nan,nan,nan,0
late,cage,5,8,resnet,True,none,lr,0.0001,0.0001,32,25,0.0358,2.9494,1.8706,0.8085,0.5449,nan,nan,nan,nan,0
late,cage,5,8,resnet,True,none,lr,0.0001,0.0001,32,26,0.0244,2.6243,1.9774,0.7872,0.5769,nan,nan,nan,nan,0
late,cage,5,8,resnet,True,none,lr,0.0001,0.0001,32,27,0.0273,2.9374,1.8937,0.8298,0.6571,nan,nan,nan,nan,0
late,cage,5,8,resnet,True,none,lr,0.0001,0.0001,32,28,0.0125,3.1281,2.0688,0.8085,0.6090,nan,nan,nan,nan,0
late,cage,5,9,resnet,True,none,lr,0.0001,0.0001,32,1,0.6901,0.7482,0.6809,0.6667,0.5758,nan,nan,nan,nan,0
late,cage,5,9,resnet,True,none,lr,0.0001,0.0001,32,2,0.6119,0.7237,0.8105,0.4762,0.4714,nan,nan,nan,nan,0
late,cage,5,9,resnet,True,none,lr,0.0001,0.0001,32,3,0.4996,0.8028,0.8103,0.6429,0.5589,nan,nan,nan,nan,0
late,cage,5,9,resnet,True,none,lr,0.0001,0.0001,32,4,0.3920,0.8288,1.0246,0.5238,0.4916,nan,nan,nan,nan,0
late,cage,5,9,resnet,True,none,lr,0.0001,0.0001,32,5,0.2802,1.3846,1.3662,0.6429,0.4478,1.4046,1.2392,0.7000,0.4265,1
late,cage,5,9,resnet,True,none,lr,0.0001,0.0001,32,6,0.2257,1.8858,1.4157,0.6905,0.4949,nan,nan,nan,nan,0
late,cage,5,9,resnet,True,none,lr,0.0001,0.0001,32,7,0.1682,2.1288,1.3406,0.7381,0.4411,nan,nan,nan,nan,0
late,cage,5,9,resnet,True,none,lr,0.0001,0.0001,32,8,0.1557,1.8256,1.6341,0.7143,0.5320,nan,nan,nan,nan,0
late,cage,5,9,resnet,True,none,lr,0.0001,0.0001,32,9,0.1025,2.1722,1.6617,0.7619,0.4714,nan,nan,nan,nan,0
late,cage,5,9,resnet,True,none,lr,0.0001,0.0001,32,10,0.1130,1.8863,1.6701,0.7143,0.5690,nan,nan,nan,nan,0
late,cage,5,9,resnet,True,none,lr,0.0001,0.0001,32,11,0.0904,2.2487,1.6768,0.7381,0.5084,nan,nan,nan,nan,0
late,cage,5,9,resnet,True,none,lr,0.0001,0.0001,32,12,0.0838,2.7116,1.8197,0.7857,0.4613,nan,nan,nan,nan,0
late,cage,5,9,resnet,True,none,lr,0.0001,0.0001,32,13,0.0582,2.4282,1.8141,0.7143,0.5354,nan,nan,nan,nan,0
late,cage,5,9,resnet,True,none,lr,0.0001,0.0001,32,14,0.0578,2.4042,2.1362,0.7381,0.4714,nan,nan,nan,nan,0
late,cage,5,9,resnet,True,none,lr,0.0001,0.0001,32,15,0.0612,2.9842,1.9407,0.7619,0.4613,nan,nan,nan,nan,0
late,cage,5,9,resnet,True,none,lr,0.0001,0.0001,32,16,0.0587,2.4964,1.8856,0.7143,0.5017,nan,nan,nan,nan,0
late,cage,6,0,resnet,True,none,lr,0.0001,0.0001,32,1,0.6879,0.7111,0.7354,0.4419,0.4643,nan,nan,nan,nan,0
late,cage,6,0,resnet,True,none,lr,0.0001,0.0001,32,2,0.6420,0.6794,0.6109,0.8372,0.7024,nan,nan,nan,nan,0
late,cage,6,0,resnet,True,none,lr,0.0001,0.0001,32,3,0.5478,0.6476,0.7230,0.7442,0.6667,nan,nan,nan,nan,0
late,cage,6,0,resnet,True,none,lr,0.0001,0.0001,32,4,0.4406,0.7446,0.9014,0.6512,0.6111,nan,nan,nan,nan,0
late,cage,6,0,resnet,True,none,lr,0.0001,0.0001,32,5,0.3436,0.6969,0.7967,0.7907,0.7698,nan,nan,nan,nan,1
late,cage,6,0,resnet,True,none,lr,0.0001,0.0001,32,6,0.2716,0.5840,0.9756,0.7907,0.7500,nan,nan,nan,nan,1
late,cage,6,0,resnet,True,none,lr,0.0001,0.0001,32,7,0.2287,1.0466,0.9192,0.8140,0.7857,nan,nan,nan,nan,1
late,cage,6,0,resnet,True,none,lr,0.0001,0.0001,32,8,0.1654,0.8193,1.0380,0.7907,0.7540,nan,nan,nan,nan,1
late,cage,6,0,resnet,True,none,lr,0.0001,0.0001,32,9,0.1583,0.8008,1.0787,0.8837,0.7460,nan,nan,nan,nan,1
late,cage,6,0,resnet,True,none,lr,0.0001,0.0001,32,10,0.1260,1.4389,1.2081,0.8372,0.8056,nan,nan,nan,nan,1
late,cage,6,0,resnet,True,none,lr,0.0001,0.0001,32,11,0.0903,1.4349,1.2204,0.8372,0.7778,1.9953,1.4721,0.8537,0.5000,1
late,cage,6,0,resnet,True,none,lr,0.0001,0.0001,32,12,0.0790,1.1693,1.2414,0.8140,0.6944,nan,nan,nan,nan,0
late,cage,6,0,resnet,True,none,lr,0.0001,0.0001,32,13,0.0936,1.6213,1.4005,0.8372,0.7460,nan,nan,nan,nan,0
late,cage,6,0,resnet,True,none,lr,0.0001,0.0001,32,14,0.0599,1.8801,1.5508,0.8372,0.7579,nan,nan,nan,nan,0
late,cage,6,0,resnet,True,none,lr,0.0001,0.0001,32,15,0.0638,1.5421,1.3777,0.8140,0.7857,nan,nan,nan,nan,0
late,cage,6,0,resnet,True,none,lr,0.0001,0.0001,32,16,0.0858,1.4829,1.3893,0.8140,0.7341,nan,nan,nan,nan,0
late,cage,6,1,resnet,True,none,lr,0.0001,0.0001,32,1,0.6987,0.6880,0.6933,0.5814,0.5040,nan,nan,nan,nan,0
late,cage,6,1,resnet,True,none,lr,0.0001,0.0001,32,2,0.6207,0.6605,0.6963,0.6512,0.6548,nan,nan,nan,nan,0
late,cage,6,1,resnet,True,none,lr,0.0001,0.0001,32,3,0.5323,0.8913,0.9446,0.5581,0.4325,nan,nan,nan,nan,0
late,cage,6,1,resnet,True,none,lr,0.0001,0.0001,32,4,0.4319,0.7897,0.6983,0.7674,0.6270,nan,nan,nan,nan,0
late,cage,6,1,resnet,True,none,lr,0.0001,0.0001,32,5,0.3251,0.9893,0.9983,0.7907,0.5595,1.5182,1.3795,0.8049,0.3571,1
late,cage,6,1,resnet,True,none,lr,0.0001,0.0001,32,6,0.2673,1.3673,1.0782,0.7674,0.5278,nan,nan,nan,nan,0
late,cage,6,1,resnet,True,none,lr,0.0001,0.0001,32,7,0.2094,0.9711,1.0851,0.7209,0.4841,nan,nan,nan,nan,0
late,cage,6,1,resnet,True,none,lr,0.0001,0.0001,32,8,0.1516,1.6036,1.2402,0.8372,0.5198,nan,nan,nan,nan,0
late,cage,6,1,resnet,True,none,lr,0.0001,0.0001,32,9,0.1292,2.2173,1.4104,0.8372,0.4722,nan,nan,nan,nan,0
late,cage,6,1,resnet,True,none,lr,0.0001,0.0001,32,10,0.1267,2.0584,1.4138,0.8372,0.5556,nan,nan,nan,nan,0
late,cage,6,1,resnet,True,none,lr,0.0001,0.0001,32,11,0.1028,2.0840,1.7492,0.8372,0.5476,nan,nan,nan,nan,0
late,cage,6,1,resnet,True,none,lr,0.0001,0.0001,32,12,0.0848,2.2552,1.5281,0.8372,0.5516,nan,nan,nan,nan,0
late,cage,6,1,resnet,True,none,lr,0.0001,0.0001,32,13,0.0765,1.7254,1.4621,0.8372,0.5595,nan,nan,nan,nan,0
late,cage,6,1,resnet,True,none,lr,0.0001,0.0001,32,14,0.0757,2.4706,1.6667,0.8372,0.5198,nan,nan,nan,nan,0
late,cage,6,1,resnet,True,none,lr,0.0001,0.0001,32,15,0.0587,2.2155,1.5812,0.8372,0.5635,nan,nan,nan,nan,0
late,cage,6,1,resnet,True,none,lr,0.0001,0.0001,32,16,0.0413,2.8170,1.8481,0.8372,0.5198,nan,nan,nan,nan,0
late,cage,6,2,resnet,True,none,lr,0.0001,0.0001,32,1,0.6864,0.7182,0.6714,0.7143,0.4559,nan,nan,nan,nan,0
late,cage,6,2,resnet,True,none,lr,0.0001,0.0001,32,2,0.6313,0.7480,0.7196,0.6667,0.4485,nan,nan,nan,nan,0
late,cage,6,2,resnet,True,none,lr,0.0001,0.0001,32,3,0.5396,0.7165,0.7575,0.7143,0.6213,nan,nan,nan,nan,0
late,cage,6,2,resnet,True,none,lr,0.0001,0.0001,32,4,0.4340,0.7479,0.8418,0.7619,0.6985,nan,nan,nan,nan,0
late,cage,6,2,resnet,True,none,lr,0.0001,0.0001,32,5,0.3460,1.1217,0.8893,0.7619,0.5882,nan,nan,nan,nan,1
late,cage,6,2,resnet,True,none,lr,0.0001,0.0001,32,6,0.2832,0.8229,0.9307,0.7381,0.6397,nan,nan,nan,nan,1
late,cage,6,2,resnet,True,none,lr,0.0001,0.0001,32,7,0.2070,1.2716,1.0950,0.7381,0.5846,1.4598,1.2697,0.8293,0.3810,1
late,cage,6,2,resnet,True,none,lr,0.0001,0.0001,32,8,0.1660,1.3588,1.2132,0.7381,0.6140,nan,nan,nan,nan,0
late,cage,6,2,resnet,True,none,lr,0.0001,0.0001,32,9,0.1478,1.6536,1.2687,0.7619,0.6324,nan,nan,nan,nan,0
late,cage,6,2,resnet,True,none,lr,0.0001,0.0001,32,10,0.1054,2.1578,1.5245,0.7857,0.4669,nan,nan,nan,nan,0
late,cage,6,2,resnet,True,none,lr,0.0001,0.0001,32,11,0.0935,1.5363,1.4999,0.7143,0.5625,nan,nan,nan,nan,0
late,cage,6,2,resnet,True,none,lr,0.0001,0.0001,32,12,0.0720,1.9393,1.4987,0.7619,0.6801,nan,nan,nan,nan,0
late,cage,6,2,resnet,True,none,lr,0.0001,0.0001,32,13,0.0886,2.7574,1.8761,0.8095,0.5478,nan,nan,nan,nan,0
late,cage,6,2,resnet,True,none,lr,0.0001,0.0001,32,14,0.0699,2.2803,1.6380,0.7857,0.5882,nan,nan,nan,nan,0
late,cage,6,2,resnet,True,none,lr,0.0001,0.0001,32,15,0.0590,2.5612,1.8441,0.7619,0.5294,nan,nan,nan,nan,0
late,cage,6,2,resnet,True,none,lr,0.0001,0.0001,32,16,0.0395,2.3888,1.8481,0.7619,0.5809,nan,nan,nan,nan,0
late,cage,6,3,resnet,True,none,lr,0.0001,0.0001,32,1,0.7064,0.7030,0.7003,0.5952,0.4653,nan,nan,nan,nan,0
late,cage,6,3,resnet,True,none,lr,0.0001,0.0001,32,2,0.6325,0.6716,0.7049,0.5952,0.6286,nan,nan,nan,nan,0
late,cage,6,3,resnet,True,none,lr,0.0001,0.0001,32,3,0.5634,0.7312,0.9315,0.2619,0.6367,nan,nan,nan,nan,0
late,cage,6,3,resnet,True,none,lr,0.0001,0.0001,32,4,0.4390,0.7409,0.7766,0.7381,0.5918,nan,nan,nan,nan,0
late,cage,6,3,resnet,True,none,lr,0.0001,0.0001,32,5,0.3420,0.8019,1.0041,0.6429,0.5102,nan,nan,nan,nan,1
late,cage,6,3,resnet,True,none,lr,0.0001,0.0001,32,6,0.2598,0.7687,0.9614,0.7857,0.5878,0.8440,0.9734,0.7805,0.5762,1
late,cage,6,3,resnet,True,none,lr,0.0001,0.0001,32,7,0.1902,0.9287,1.1985,0.6190,0.5469,nan,nan,nan,nan,0
late,cage,6,3,resnet,True,none,lr,0.0001,0.0001,32,8,0.1679,1.6509,1.2705,0.8333,0.5714,nan,nan,nan,nan,0
late,cage,6,3,resnet,True,none,lr,0.0001,0.0001,32,9,0.1553,1.2646,1.1332,0.8095,0.6286,nan,nan,nan,nan,0
late,cage,6,3,resnet,True,none,lr,0.0001,0.0001,32,10,0.1432,1.4150,1.2598,0.7857,0.5592,nan,nan,nan,nan,0
late,cage,6,3,resnet,True,none,lr,0.0001,0.0001,32,11,0.0870,1.4347,1.3173,0.7857,0.5755,nan,nan,nan,nan,0
late,cage,6,3,resnet,True,none,lr,0.0001,0.0001,32,12,0.0779,1.5807,1.3531,0.8095,0.6000,nan,nan,nan,nan,0
late,cage,6,3,resnet,True,none,lr,0.0001,0.0001,32,13,0.0835,1.9090,1.5067,0.7857,0.5714,nan,nan,nan,nan,0
late,cage,6,3,resnet,True,none,lr,0.0001,0.0001,32,14,0.0662,1.8411,1.5082,0.8095,0.5796,nan,nan,nan,nan,0
late,cage,6,3,resnet,True,none,lr,0.0001,0.0001,32,15,0.0584,2.0059,1.5450,0.8095,0.5633,nan,nan,nan,nan,0
late,cage,6,3,resnet,True,none,lr,0.0001,0.0001,32,16,0.0429,2.2382,1.7269,0.8333,0.5796,nan,nan,nan,nan,0
late,cage,6,4,resnet,True,none,lr,0.0001,0.0001,32,1,0.6887,0.6934,0.7142,0.5349,0.5750,nan,nan,nan,nan,0
late,cage,6,4,resnet,True,none,lr,0.0001,0.0001,32,2,0.6288,0.6857,0.6566,0.8140,0.7179,nan,nan,nan,nan,0
late,cage,6,4,resnet,True,none,lr,0.0001,0.0001,32,3,0.5489,0.7134,0.7385,0.7209,0.6143,nan,nan,nan,nan,0
late,cage,6,4,resnet,True,none,lr,0.0001,0.0001,32,4,0.4496,0.8209,0.8351,0.8140,0.6536,nan,nan,nan,nan,0
late,cage,6,4,resnet,True,none,lr,0.0001,0.0001,32,5,0.3433,0.7643,0.9147,0.7209,0.5964,nan,nan,nan,nan,1
late,cage,6,4,resnet,True,none,lr,0.0001,0.0001,32,6,0.2593,0.9176,1.0010,0.7674,0.6821,nan,nan,nan,nan,1
late,cage,6,4,resnet,True,none,lr,0.0001,0.0001,32,7,0.2019,0.8561,1.0449,0.7674,0.7286,nan,nan,nan,nan,0
late,cage,6,4,resnet,True,none,lr,0.0001,0.0001,32,8,0.1826,1.1326,1.2193,0.7907,0.7500,nan,nan,nan,nan,1
late,cage,6,4,resnet,True,none,lr,0.0001,0.0001,32,9,0.1528,0.8073,1.2643,0.6977,0.7179,nan,nan,nan,nan,1
late,cage,6,4,resnet,True,none,lr,0.0001,0.0001,32,10,0.1066,1.6904,1.7161,0.8140,0.6786,2.1407,1.7704,0.8537,0.3857,1
late,cage,6,4,resnet,True,none,lr,0.0001,0.0001,32,11,0.0935,2.0095,1.8108,0.8140,0.7036,nan,nan,nan,nan,0
late,cage,6,4,resnet,True,none,lr,0.0001,0.0001,32,12,0.0685,1.3651,1.5261,0.8140,0.7000,nan,nan,nan,nan,0
late,cage,6,4,resnet,True,none,lr,0.0001,0.0001,32,13,0.0851,2.2873,1.9017,0.8140,0.7393,nan,nan,nan,nan,0
late,cage,6,4,resnet,True,none,lr,0.0001,0.0001,32,14,0.0922,1.5352,1.5802,0.8140,0.6571,nan,nan,nan,nan,0
late,cage,6,4,resnet,True,none,lr,0.0001,0.0001,32,15,0.0517,2.2564,1.9082,0.8140,0.6643,nan,nan,nan,nan,0
late,cage,6,4,resnet,True,none,lr,0.0001,0.0001,32,16,0.0460,2.1312,1.9729,0.8140,0.5750,nan,nan,nan,nan,0
late,cage,6,5,resnet,True,none,lr,0.0001,0.0001,32,1,0.6861,0.6925,0.6976,0.5250,0.5484,nan,nan,nan,nan,0
late,cage,6,5,resnet,True,none,lr,0.0001,0.0001,32,2,0.6299,0.8382,0.7258,0.7250,0.3871,nan,nan,nan,nan,0
late,cage,6,5,resnet,True,none,lr,0.0001,0.0001,32,3,0.5369,0.8301,0.7810,0.6000,0.4516,nan,nan,nan,nan,0
late,cage,6,5,resnet,True,none,lr,0.0001,0.0001,32,4,0.4203,0.8571,0.9083,0.5500,0.5125,nan,nan,nan,nan,0
late,cage,6,5,resnet,True,none,lr,0.0001,0.0001,32,5,0.3356,1.3872,1.2159,0.6500,0.3835,0.9146,0.9756,0.7805,0.5810,1
late,cage,6,5,resnet,True,none,lr,0.0001,0.0001,32,6,0.2504,1.5834,1.2777,0.7500,0.3333,nan,nan,nan,nan,0
late,cage,6,5,resnet,True,none,lr,0.0001,0.0001,32,7,0.1916,1.8610,1.4237,0.7500,0.3835,nan,nan,nan,nan,0
late,cage,6,5,resnet,True,none,lr,0.0001,0.0001,32,8,0.1660,1.7663,1.3764,0.7500,0.4373,nan,nan,nan,nan,0
late,cage,6,5,resnet,True,none,lr,0.0001,0.0001,32,9,0.1319,1.7606,1.4966,0.7000,0.4122,nan,nan,nan,nan,0
late,cage,6,5,resnet,True,none,lr,0.0001,0.0001,32,10,0.1080,2.7881,1.8868,0.7750,0.3978,nan,nan,nan,nan,0
late,cage,6,5,resnet,True,none,lr,0.0001,0.0001,32,11,0.0976,2.7613,1.9495,0.7750,0.4158,nan,nan,nan,nan,0
late,cage,6,5,resnet,True,none,lr,0.0001,0.0001,32,12,0.0869,3.8593,2.5483,0.7750,0.3763,nan,nan,nan,nan,0
late,cage,6,5,resnet,True,none,lr,0.0001,0.0001,32,13,0.0642,2.5998,1.9614,0.7500,0.3548,nan,nan,nan,nan,0
late,cage,6,5,resnet,True,none,lr,0.0001,0.0001,32,14,0.0527,2.4186,2.0310,0.7000,0.4194,nan,nan,nan,nan,0
late,cage,6,5,resnet,True,none,lr,0.0001,0.0001,32,15,0.0747,2.7419,2.0269,0.7500,0.3835,nan,nan,nan,nan,0
late,cage,6,5,resnet,True,none,lr,0.0001,0.0001,32,16,0.0838,3.0220,2.2288,0.7250,0.4875,nan,nan,nan,nan,0
