fusion,dataset,test_set,dev_set,arch,use_pretrained,augmentation,speech_encoder_arch,lr,wd,batch_size,epoch,train_loss,dev_loss_patient,dev_loss_cough,dev_acc,dev_auc,test_loss_patient,test_loss_cough,test_acc,test_auc,is_best
none,cage,0,1,resnet,False,solarisation,lr,0.0001,0.0001,32,1,0.7306,0.7011,0.6530,0.8372,0.4167,nan,nan,nan,nan,0
none,cage,0,1,resnet,False,solarisation,lr,0.0001,0.0001,32,2,0.7108,0.6996,0.7135,0.2791,0.4365,nan,nan,nan,nan,0
none,cage,0,1,resnet,False,solarisation,lr,0.0001,0.0001,32,3,0.6699,0.7085,0.7676,0.1860,0.5079,nan,nan,nan,nan,0
none,cage,0,1,resnet,False,solarisation,lr,0.0001,0.0001,32,4,0.6056,0.6935,0.7655,0.3023,0.5317,nan,nan,nan,nan,0
none,cage,0,1,resnet,False,solarisation,lr,0.0001,0.0001,32,5,0.5236,0.8006,0.6342,0.8372,0.5238,nan,nan,nan,nan,1
none,cage,0,1,resnet,False,solarisation,lr,0.0001,0.0001,32,6,0.3948,0.7861,0.7417,0.7442,0.4524,nan,nan,nan,nan,1
none,cage,0,1,resnet,False,solarisation,lr,0.0001,0.0001,32,7,0.3018,1.2980,0.8580,0.8372,0.4921,nan,nan,nan,nan,1
none,cage,0,1,resnet,False,solarisation,lr,0.0001,0.0001,32,8,0.2134,0.9197,0.9934,0.7442,0.5357,1.0572,1.1689,0.6279,0.4008,1
none,cage,0,1,resnet,False,solarisation,lr,0.0001,0.0001,32,9,0.1462,1.3737,1.0751,0.8372,0.4841,nan,nan,nan,nan,0
none,cage,0,1,resnet,False,solarisation,lr,0.0001,0.0001,32,10,0.1225,1.3660,1.0173,0.8372,0.5278,nan,nan,nan,nan,0
none,cage,0,1,resnet,False,solarisation,lr,0.0001,0.0001,32,11,0.0985,2.2168,1.3977,0.8372,0.4286,nan,nan,nan,nan,0
none,cage,0,1,resnet,False,solarisation,lr,0.0001,0.0001,32,12,0.0871,1.1662,1.1618,0.7674,0.4484,nan,nan,nan,nan,0
none,cage,0,1,resnet,False,solarisation,lr,0.0001,0.0001,32,13,0.0445,2.4472,1.4491,0.8372,0.3452,nan,nan,nan,nan,0
none,cage,0,1,resnet,False,solarisation,lr,0.0001,0.0001,32,14,0.0622,2.0687,1.3822,0.8372,0.4921,nan,nan,nan,nan,0
none,cage,0,1,resnet,False,solarisation,lr,0.0001,0.0001,32,15,0.0696,0.9193,1.1714,0.7907,0.6190,nan,nan,nan,nan,0
none,cage,0,1,resnet,False,solarisation,lr,0.0001,0.0001,32,16,0.0502,0.8925,1.3205,0.7209,0.5913,nan,nan,nan,nan,0
none,cage,0,2,resnet,False,solarisation,lr,0.0001,0.0001,32,1,0.7256,0.7648,0.6305,0.8095,0.4449,nan,nan,nan,nan,0
none,cage,0,2,resnet,False,solarisation,lr,0.0001,0.0001,32,2,0.6992,0.7064,0.6889,0.6667,0.4522,nan,nan,nan,nan,0
none,cage,0,2,resnet,False,solarisation,lr,0.0001,0.0001,32,3,0.6635,0.7333,0.6935,0.6667,0.3529,nan,nan,nan,nan,0
none,cage,0,2,resnet,False,solarisation,lr,0.0001,0.0001,32,4,0.6070,0.7417,0.7477,0.6190,0.4007,nan,nan,nan,nan,0
none,cage,0,2,resnet,False,solarisation,lr,0.0001,0.0001,32,5,0.5227,0.7452,0.7206,0.6905,0.4412,nan,nan,nan,nan,1
none,cage,0,2,resnet,False,solarisation,lr,0.0001,0.0001,32,6,0.4099,0.7180,0.7355,0.6667,0.6140,nan,nan,nan,nan,1
none,cage,0,2,resnet,False,solarisation,lr,0.0001,0.0001,32,7,0.2797,2.5264,1.4275,0.8095,0.6875,nan,nan,nan,nan,1
none,cage,0,2,resnet,False,solarisation,lr,0.0001,0.0001,32,8,0.2128,1.6765,1.1116,0.7857,0.5846,nan,nan,nan,nan,1
none,cage,0,2,resnet,False,solarisation,lr,0.0001,0.0001,32,9,0.1315,2.2607,1.3846,0.8095,0.6287,nan,nan,nan,nan,1
none,cage,0,2,resnet,False,solarisation,lr,0.0001,0.0001,32,10,0.1398,2.4007,1.5565,0.8333,0.5000,1.9450,1.5660,0.8372,0.5595,1
none,cage,0,2,resnet,False,solarisation,lr,0.0001,0.0001,32,11,0.0971,3.6384,2.1200,0.8095,0.5000,nan,nan,nan,nan,0
none,cage,0,2,resnet,False,solarisation,lr,0.0001,0.0001,32,12,0.0819,3.1668,1.8647,0.8095,0.4963,nan,nan,nan,nan,0
none,cage,0,2,resnet,False,solarisation,lr,0.0001,0.0001,32,13,0.0837,3.7475,2.1813,0.8095,0.4191,nan,nan,nan,nan,0
none,cage,0,2,resnet,False,solarisation,lr,0.0001,0.0001,32,14,0.0553,3.8859,2.3303,0.8095,0.3346,nan,nan,nan,nan,0
none,cage,0,2,resnet,False,solarisation,lr,0.0001,0.0001,32,15,0.0485,2.6613,1.7334,0.7857,0.4228,nan,nan,nan,nan,0
none,cage,0,2,resnet,False,solarisation,lr,0.0001,0.0001,32,16,0.0413,3.5118,2.1736,0.8095,0.5478,nan,nan,nan,nan,0
none,cage,0,3,resnet,False,solarisation,lr,0.0001,0.0001,32,1,0.7370,0.6889,0.6996,0.4762,0.5673,nan,nan,nan,nan,0
none,cage,0,3,resnet,False,solarisation,lr,0.0001,0.0001,32,2,0.7057,0.7631,0.8887,0.1667,0.4531,nan,nan,nan,nan,0
none,cage,0,3,resnet,False,solarisation,lr,0.0001,0.0001,32,3,0.6734,0.7096,0.7274,0.3810,0.4531,nan,nan,nan,nan,0
none,cage,0,3,resnet,False,solarisation,lr,0.0001,0.0001,32,4,0.6131,0.7681,0.6509,0.8333,0.3510,nan,nan,nan,nan,0
none,cage,0,3,resnet,False,solarisation,lr,0.0001,0.0001,32,5,0.5139,0.8078,0.6803,0.8333,0.5143,nan,nan,nan,nan,1
none,cage,0,3,resnet,False,solarisation,lr,0.0001,0.0001,32,6,0.4084,1.4152,0.9441,0.8333,0.5429,nan,nan,nan,nan,0
none,cage,0,3,resnet,False,solarisation,lr,0.0001,0.0001,32,7,0.3151,0.8978,0.9068,0.7857,0.4082,nan,nan,nan,nan,0
none,cage,0,3,resnet,False,solarisation,lr,0.0001,0.0001,32,8,0.1931,0.8254,1.0102,0.6667,0.4857,nan,nan,nan,nan,0
none,cage,0,3,resnet,False,solarisation,lr,0.0001,0.0001,32,9,0.1689,1.7235,1.3090,0.8333,0.4367,1.7636,1.3488,0.8372,0.4643,1
none,cage,0,3,resnet,False,solarisation,lr,0.0001,0.0001,32,10,0.1290,1.0052,1.0972,0.7857,0.3959,nan,nan,nan,nan,0
none,cage,0,3,resnet,False,solarisation,lr,0.0001,0.0001,32,11,0.1055,2.7666,1.8299,0.8333,0.4408,nan,nan,nan,nan,0
none,cage,0,3,resnet,False,solarisation,lr,0.0001,0.0001,32,12,0.0755,2.4183,1.6680,0.8333,0.4286,nan,nan,nan,nan,0
none,cage,0,3,resnet,False,solarisation,lr,0.0001,0.0001,32,13,0.0875,2.0286,1.5545,0.8571,0.3184,nan,nan,nan,nan,0
none,cage,0,3,resnet,False,solarisation,lr,0.0001,0.0001,32,14,0.0639,2.7610,1.8851,0.8333,0.2857,nan,nan,nan,nan,0
none,cage,0,3,resnet,False,solarisation,lr,0.0001,0.0001,32,15,0.0562,1.9164,1.5346,0.8571,0.3837,nan,nan,nan,nan,0
none,cage,0,3,resnet,False,solarisation,lr,0.0001,0.0001,32,16,0.0534,2.2667,1.6338,0.8333,0.3673,nan,nan,nan,nan,0
none,cage,0,4,resnet,False,solarisation,lr,0.0001,0.0001,32,1,0.7229,0.7002,0.6938,0.7442,0.4679,nan,nan,nan,nan,0
none,cage,0,4,resnet,False,solarisation,lr,0.0001,0.0001,32,2,0.7031,0.6801,0.7023,0.3023,0.6357,nan,nan,nan,nan,0
none,cage,0,4,resnet,False,solarisation,lr,0.0001,0.0001,32,3,0.6693,0.7467,0.7209,0.7674,0.4821,nan,nan,nan,nan,0
none,cage,0,4,resnet,False,solarisation,lr,0.0001,0.0001,32,4,0.6255,0.7708,0.7413,0.7907,0.4036,nan,nan,nan,nan,0
none,cage,0,4,resnet,False,solarisation,lr,0.0001,0.0001,32,5,0.5074,0.7689,0.7888,0.7209,0.3893,0.7865,0.7713,0.8140,0.4683,1
none,cage,0,4,resnet,False,solarisation,lr,0.0001,0.0001,32,6,0.4116,1.1024,1.0415,0.8140,0.3000,nan,nan,nan,nan,0
none,cage,0,4,resnet,False,solarisation,lr,0.0001,0.0001,32,7,0.2985,0.7836,1.0029,0.2791,0.4071,nan,nan,nan,nan,0
none,cage,0,4,resnet,False,solarisation,lr,0.0001,0.0001,32,8,0.2438,1.4522,1.3048,0.7907,0.3429,nan,nan,nan,nan,0
none,cage,0,4,resnet,False,solarisation,lr,0.0001,0.0001,32,9,0.1526,2.1560,1.7171,0.8140,0.3679,nan,nan,nan,nan,0
none,cage,0,4,resnet,False,solarisation,lr,0.0001,0.0001,32,10,0.1201,3.4444,2.5781,0.8140,0.3536,nan,nan,nan,nan,0
none,cage,0,4,resnet,False,solarisation,lr,0.0001,0.0001,32,11,0.1121,2.7715,2.1803,0.8140,0.3286,nan,nan,nan,nan,0
none,cage,0,4,resnet,False,solarisation,lr,0.0001,0.0001,32,12,0.0967,2.5232,2.0429,0.8140,0.3107,nan,nan,nan,nan,0
none,cage,0,4,resnet,False,solarisation,lr,0.0001,0.0001,32,13,0.0589,1.8554,1.9136,0.7907,0.4429,nan,nan,nan,nan,0
none,cage,0,4,resnet,False,solarisation,lr,0.0001,0.0001,32,14,0.0646,2.9801,2.3764,0.8140,0.3536,nan,nan,nan,nan,0
none,cage,0,4,resnet,False,solarisation,lr,0.0001,0.0001,32,15,0.0438,3.0101,2.5385,0.8140,0.3571,nan,nan,nan,nan,0
none,cage,0,4,resnet,False,solarisation,lr,0.0001,0.0001,32,16,0.0456,2.8960,2.3044,0.8140,0.4107,nan,nan,nan,nan,0
none,cage,0,5,resnet,False,solarisation,lr,0.0001,0.0001,32,1,0.7283,0.7030,0.7081,0.4000,0.3728,nan,nan,nan,nan,0
none,cage,0,5,resnet,False,solarisation,lr,0.0001,0.0001,32,2,0.7022,0.7115,0.6924,0.6500,0.4409,nan,nan,nan,nan,0
none,cage,0,5,resnet,False,solarisation,lr,0.0001,0.0001,32,3,0.6766,0.6871,0.7573,0.2500,0.5269,nan,nan,nan,nan,0
none,cage,0,5,resnet,False,solarisation,lr,0.0001,0.0001,32,4,0.6059,0.7247,0.7215,0.5500,0.4337,nan,nan,nan,nan,0
none,cage,0,5,resnet,False,solarisation,lr,0.0001,0.0001,32,5,0.5119,0.7494,0.7242,0.6000,0.5520,nan,nan,nan,nan,1
none,cage,0,5,resnet,False,solarisation,lr,0.0001,0.0001,32,6,0.4225,0.9090,0.7833,0.7000,0.4731,nan,nan,nan,nan,1
none,cage,0,5,resnet,False,solarisation,lr,0.0001,0.0001,32,7,0.2986,0.7119,0.7573,0.7500,0.6237,nan,nan,nan,nan,1
none,cage,0,5,resnet,False,solarisation,lr,0.0001,0.0001,32,8,0.2291,1.3573,1.0535,0.7750,0.5448,nan,nan,nan,nan,0
none,cage,0,5,resnet,False,solarisation,lr,0.0001,0.0001,32,9,0.1608,1.5907,1.2054,0.7750,0.5484,1.6268,1.2655,0.8372,0.4167,1
none,cage,0,5,resnet,False,solarisation,lr,0.0001,0.0001,32,10,0.1129,1.4110,1.4043,0.6750,0.4444,nan,nan,nan,nan,0
none,cage,0,5,resnet,False,solarisation,lr,0.0001,0.0001,32,11,0.0894,1.2113,1.3648,0.6500,0.5269,nan,nan,nan,nan,0
none,cage,0,5,resnet,False,solarisation,lr,0.0001,0.0001,32,12,0.0674,1.7384,1.3638,0.7750,0.6022,nan,nan,nan,nan,0
none,cage,0,5,resnet,False,solarisation,lr,0.0001,0.0001,32,13,0.0454,2.5347,1.9285,0.7750,0.5125,nan,nan,nan,nan,0
none,cage,0,5,resnet,False,solarisation,lr,0.0001,0.0001,32,14,0.1003,1.0291,1.4003,0.5750,0.5197,nan,nan,nan,nan,0
none,cage,0,5,resnet,False,solarisation,lr,0.0001,0.0001,32,15,0.0510,2.3580,1.6878,0.7750,0.5161,nan,nan,nan,nan,0
none,cage,0,5,resnet,False,solarisation,lr,0.0001,0.0001,32,16,0.0484,2.2450,1.9558,0.7500,0.3978,nan,nan,nan,nan,0
none,cage,0,6,resnet,False,solarisation,lr,0.0001,0.0001,32,1,0.7200,0.7155,0.6426,0.8537,0.4143,nan,nan,nan,nan,0
none,cage,0,6,resnet,False,solarisation,lr,0.0001,0.0001,32,2,0.7029,0.7135,0.7713,0.1707,0.5619,nan,nan,nan,nan,0
none,cage,0,6,resnet,False,solarisation,lr,0.0001,0.0001,32,3,0.6776,0.6977,0.7400,0.3415,0.4667,nan,nan,nan,nan,0
none,cage,0,6,resnet,False,solarisation,lr,0.0001,0.0001,32,4,0.6398,0.6958,0.7205,0.3171,0.5476,nan,nan,nan,nan,0
none,cage,0,6,resnet,False,solarisation,lr,0.0001,0.0001,32,5,0.5721,0.7178,0.6531,0.8537,0.5429,nan,nan,nan,nan,1
none,cage,0,6,resnet,False,solarisation,lr,0.0001,0.0001,32,6,0.4687,0.6588,0.6181,0.8537,0.6667,nan,nan,nan,nan,1
none,cage,0,6,resnet,False,solarisation,lr,0.0001,0.0001,32,7,0.3610,0.8182,0.7409,0.8780,0.5857,nan,nan,nan,nan,0
none,cage,0,6,resnet,False,solarisation,lr,0.0001,0.0001,32,8,0.2405,0.9217,0.8637,0.8537,0.6095,nan,nan,nan,nan,1
none,cage,0,6,resnet,False,solarisation,lr,0.0001,0.0001,32,9,0.1875,2.1691,1.4309,0.8537,0.5619,nan,nan,nan,nan,0
none,cage,0,6,resnet,False,solarisation,lr,0.0001,0.0001,32,10,0.1342,1.7671,1.2830,0.8537,0.6048,nan,nan,nan,nan,1
none,cage,0,6,resnet,False,solarisation,lr,0.0001,0.0001,32,11,0.1326,2.0191,1.4214,0.8537,0.5667,nan,nan,nan,nan,0
none,cage,0,6,resnet,False,solarisation,lr,0.0001,0.0001,32,12,0.1017,1.8026,1.4191,0.8780,0.6238,nan,nan,nan,nan,0
none,cage,0,6,resnet,False,solarisation,lr,0.0001,0.0001,32,13,0.0755,1.1396,1.3021,0.8293,0.6667,nan,nan,nan,nan,0
none,cage,0,6,resnet,False,solarisation,lr,0.0001,0.0001,32,14,0.0703,2.2116,1.6472,0.8780,0.6476,nan,nan,nan,nan,1
none,cage,0,6,resnet,False,solarisation,lr,0.0001,0.0001,32,15,0.0819,1.1493,1.1228,0.8537,0.6952,nan,nan,nan,nan,1
none,cage,0,6,resnet,False,solarisation,lr,0.0001,0.0001,32,16,0.0614,2.9035,1.9696,0.8537,0.6619,nan,nan,nan,nan,1
none,cage,0,6,resnet,False,solarisation,lr,0.0001,0.0001,32,17,0.0413,2.0440,1.4421,0.8780,0.7381,nan,nan,nan,nan,1
none,cage,0,6,resnet,False,solarisation,lr,0.0001,0.0001,32,18,0.0637,1.5953,1.2571,0.8780,0.6667,nan,nan,nan,nan,0
none,cage,0,6,resnet,False,solarisation,lr,0.0001,0.0001,32,19,0.0515,2.5005,1.7717,0.8537,0.6857,nan,nan,nan,nan,1
none,cage,0,6,resnet,False,solarisation,lr,0.0001,0.0001,32,20,0.0340,1.5466,1.3145,0.8780,0.7762,nan,nan,nan,nan,1
none,cage,0,6,resnet,False,solarisation,lr,0.0001,0.0001,32,21,0.0177,1.5494,1.2389,0.8537,0.7095,2.4893,1.7245,0.8372,0.5198,1
none,cage,0,6,resnet,False,solarisation,lr,0.0001,0.0001,32,22,0.0264,1.7486,1.3381,0.8780,0.6429,nan,nan,nan,nan,0
none,cage,0,6,resnet,False,solarisation,lr,0.0001,0.0001,32,23,0.0626,1.3661,1.1920,0.8780,0.6524,nan,nan,nan,nan,0
none,cage,0,6,resnet,False,solarisation,lr,0.0001,0.0001,32,24,0.0522,1.8521,1.3538,0.8780,0.6524,nan,nan,nan,nan,0
none,cage,0,6,resnet,False,solarisation,lr,0.0001,0.0001,32,25,0.0208,2.3732,1.7079,0.8780,0.6857,nan,nan,nan,nan,0
none,cage,0,6,resnet,False,solarisation,lr,0.0001,0.0001,32,26,0.0468,1.7183,1.3673,0.8780,0.6048,nan,nan,nan,nan,0
none,cage,0,7,resnet,False,solarisation,lr,0.0001,0.0001,32,1,0.7343,0.7079,0.6353,0.8182,0.6250,nan,nan,nan,nan,0
none,cage,0,7,resnet,False,solarisation,lr,0.0001,0.0001,32,2,0.7064,0.7405,0.8688,0.1818,0.3715,nan,nan,nan,nan,0
none,cage,0,7,resnet,False,solarisation,lr,0.0001,0.0001,32,3,0.6668,0.7326,0.6288,0.7955,0.5278,nan,nan,nan,nan,0
none,cage,0,7,resnet,False,solarisation,lr,0.0001,0.0001,32,4,0.6202,0.7191,0.6573,0.7500,0.5660,nan,nan,nan,nan,0
none,cage,0,7,resnet,False,solarisation,lr,0.0001,0.0001,32,5,0.5318,0.6792,0.7631,0.5909,0.5972,nan,nan,nan,nan,1
none,cage,0,7,resnet,False,solarisation,lr,0.0001,0.0001,32,6,0.4304,1.8776,1.0492,0.8182,0.5312,nan,nan,nan,nan,0
none,cage,0,7,resnet,False,solarisation,lr,0.0001,0.0001,32,7,0.3477,1.1283,0.8100,0.7955,0.6250,nan,nan,nan,nan,1
none,cage,0,7,resnet,False,solarisation,lr,0.0001,0.0001,32,8,0.2315,1.1016,0.9099,0.7500,0.6215,nan,nan,nan,nan,1
none,cage,0,7,resnet,False,solarisation,lr,0.0001,0.0001,32,9,0.1980,1.2697,0.9190,0.7955,0.6424,1.2095,1.0055,0.8140,0.5595,1
none,cage,0,7,resnet,False,solarisation,lr,0.0001,0.0001,32,10,0.1465,1.8055,1.1272,0.7955,0.5660,nan,nan,nan,nan,0
none,cage,0,7,resnet,False,solarisation,lr,0.0001,0.0001,32,11,0.1137,1.9534,1.3104,0.7955,0.4271,nan,nan,nan,nan,0
none,cage,0,7,resnet,False,solarisation,lr,0.0001,0.0001,32,12,0.0971,2.7477,1.5908,0.8182,0.5278,nan,nan,nan,nan,0
none,cage,0,7,resnet,False,solarisation,lr,0.0001,0.0001,32,13,0.0578,2.8342,1.7082,0.8182,0.6146,nan,nan,nan,nan,0
none,cage,0,7,resnet,False,solarisation,lr,0.0001,0.0001,32,14,0.0669,3.6219,2.1107,0.8182,0.6632,nan,nan,nan,nan,0
none,cage,0,7,resnet,False,solarisation,lr,0.0001,0.0001,32,15,0.0611,2.1771,1.4481,0.8182,0.5347,nan,nan,nan,nan,0
none,cage,0,7,resnet,False,solarisation,lr,0.0001,0.0001,32,16,0.0665,3.1758,1.8219,0.8182,0.6979,nan,nan,nan,nan,0
none,cage,0,8,resnet,False,solarisation,lr,0.0001,0.0001,32,1,0.7227,0.7222,0.6708,0.7872,0.4359,nan,nan,nan,nan,0
none,cage,0,8,resnet,False,solarisation,lr,0.0001,0.0001,32,2,0.6963,0.7159,0.7338,0.4043,0.4038,nan,nan,nan,nan,0
none,cage,0,8,resnet,False,solarisation,lr,0.0001,0.0001,32,3,0.6668,0.7751,0.9681,0.1702,0.5417,nan,nan,nan,nan,0
none,cage,0,8,resnet,False,solarisation,lr,0.0001,0.0001,32,4,0.5986,0.8332,0.6083,0.8298,0.4776,nan,nan,nan,nan,0
none,cage,0,8,resnet,False,solarisation,lr,0.0001,0.0001,32,5,0.5033,0.8118,0.6807,0.8085,0.4071,nan,nan,nan,nan,1
none,cage,0,8,resnet,False,solarisation,lr,0.0001,0.0001,32,6,0.3852,0.8501,0.7374,0.8085,0.4744,nan,nan,nan,nan,1
none,cage,0,8,resnet,False,solarisation,lr,0.0001,0.0001,32,7,0.2875,1.2091,0.8311,0.8085,0.4872,nan,nan,nan,nan,1
none,cage,0,8,resnet,False,solarisation,lr,0.0001,0.0001,32,8,0.1799,0.9503,0.9566,0.8085,0.5353,nan,nan,nan,nan,0
none,cage,0,8,resnet,False,solarisation,lr,0.0001,0.0001,32,9,0.1431,1.5274,1.0412,0.8085,0.4808,nan,nan,nan,nan,0
none,cage,0,8,resnet,False,solarisation,lr,0.0001,0.0001,32,10,0.1278,1.8134,1.0669,0.8298,0.5897,nan,nan,nan,nan,1
none,cage,0,8,resnet,False,solarisation,lr,0.0001,0.0001,32,11,0.0787,1.7722,1.1392,0.8085,0.6026,nan,nan,nan,nan,1
none,cage,0,8,resnet,False,solarisation,lr,0.0001,0.0001,32,12,0.0570,1.9738,1.1860,0.8298,0.5801,nan,nan,nan,nan,1
none,cage,0,8,resnet,False,solarisation,lr,0.0001,0.0001,32,13,0.0703,1.9237,1.1552,0.8298,0.5833,nan,nan,nan,nan,1
none,cage,0,8,resnet,False,solarisation,lr,0.0001,0.0001,32,14,0.0686,1.9121,1.2614,0.8085,0.5192,1.9264,1.4885,0.8372,0.4921,1
none,cage,0,8,resnet,False,solarisation,lr,0.0001,0.0001,32,15,0.0592,1.4862,1.1151,0.7872,0.5385,nan,nan,nan,nan,0
none,cage,0,8,resnet,False,solarisation,lr,0.0001,0.0001,32,16,0.0748,0.9578,1.5546,0.5106,0.5256,nan,nan,nan,nan,0
none,cage,0,8,resnet,False,solarisation,lr,0.0001,0.0001,32,17,0.0277,2.5063,1.5434,0.8085,0.4327,nan,nan,nan,nan,0
none,cage,0,8,resnet,False,solarisation,lr,0.0001,0.0001,32,18,0.0172,2.5144,1.5685,0.8298,0.5096,nan,nan,nan,nan,0
none,cage,0,8,resnet,False,solarisation,lr,0.0001,0.0001,32,19,0.0204,2.2269,1.4884,0.8085,0.4038,nan,nan,nan,nan,0
none,cage,0,9,resnet,False,solarisation,lr,0.0001,0.0001,32,1,0.7329,0.7207,0.6404,0.7857,0.6195,nan,nan,nan,nan,0
none,cage,0,9,resnet,False,solarisation,lr,0.0001,0.0001,32,2,0.6987,0.7511,0.6585,0.7857,0.4781,nan,nan,nan,nan,0
none,cage,0,9,resnet,False,solarisation,lr,0.0001,0.0001,32,3,0.6735,0.7217,0.8147,0.2381,0.4040,nan,nan,nan,nan,0
none,cage,0,9,resnet,False,solarisation,lr,0.0001,0.0001,32,4,0.5814,0.6713,0.6496,0.7143,0.6061,nan,nan,nan,nan,0
none,cage,0,9,resnet,False,solarisation,lr,0.0001,0.0001,32,5,0.5077,0.7392,0.7063,0.7381,0.5993,nan,nan,nan,nan,1
none,cage,0,9,resnet,False,solarisation,lr,0.0001,0.0001,32,6,0.3772,0.7784,1.0262,0.4286,0.5387,nan,nan,nan,nan,0
none,cage,0,9,resnet,False,solarisation,lr,0.0001,0.0001,32,7,0.2882,1.8480,1.1133,0.7857,0.5724,nan,nan,nan,nan,0
none,cage,0,9,resnet,False,solarisation,lr,0.0001,0.0001,32,8,0.2066,0.8920,1.0714,0.6667,0.5690,1.0869,1.2686,0.6279,0.4841,1
none,cage,0,9,resnet,False,solarisation,lr,0.0001,0.0001,32,9,0.1731,1.4658,1.0571,0.7143,0.5084,nan,nan,nan,nan,0
none,cage,0,9,resnet,False,solarisation,lr,0.0001,0.0001,32,10,0.1154,2.4478,1.3815,0.7857,0.5589,nan,nan,nan,nan,0
none,cage,0,9,resnet,False,solarisation,lr,0.0001,0.0001,32,11,0.1043,1.9088,1.4402,0.7381,0.5118,nan,nan,nan,nan,0
none,cage,0,9,resnet,False,solarisation,lr,0.0001,0.0001,32,12,0.0905,1.9523,1.3814,0.7857,0.5286,nan,nan,nan,nan,0
none,cage,0,9,resnet,False,solarisation,lr,0.0001,0.0001,32,13,0.0821,0.8876,1.5536,0.5476,0.6128,nan,nan,nan,nan,0
none,cage,0,9,resnet,False,solarisation,lr,0.0001,0.0001,32,14,0.0543,2.0936,1.5745,0.7619,0.5791,nan,nan,nan,nan,0
none,cage,0,9,resnet,False,solarisation,lr,0.0001,0.0001,32,15,0.0435,1.0012,1.4269,0.5476,0.5993,nan,nan,nan,nan,0
none,cage,0,9,resnet,False,solarisation,lr,0.0001,0.0001,32,16,0.0726,1.8870,1.4193,0.7857,0.5825,nan,nan,nan,nan,0
none,cage,1,0,resnet,False,solarisation,lr,0.0001,0.0001,32,1,0.7233,0.7098,0.7365,0.2093,0.3571,nan,nan,nan,nan,0
none,cage,1,0,resnet,False,solarisation,lr,0.0001,0.0001,32,2,0.7044,0.7553,0.6919,0.8140,0.3214,nan,nan,nan,nan,0
none,cage,1,0,resnet,False,solarisation,lr,0.0001,0.0001,32,3,0.6708,0.7231,0.6737,0.7907,0.4444,nan,nan,nan,nan,0
none,cage,1,0,resnet,False,solarisation,lr,0.0001,0.0001,32,4,0.5948,0.7527,0.7755,0.6047,0.3849,nan,nan,nan,nan,0
none,cage,1,0,resnet,False,solarisation,lr,0.0001,0.0001,32,5,0.5016,0.7840,0.9081,0.4651,0.3571,nan,nan,nan,nan,1
none,cage,1,0,resnet,False,solarisation,lr,0.0001,0.0001,32,6,0.3774,0.7516,1.0610,0.3953,0.5476,nan,nan,nan,nan,1
none,cage,1,0,resnet,False,solarisation,lr,0.0001,0.0001,32,7,0.2836,1.0639,1.0454,0.7674,0.2937,nan,nan,nan,nan,0
none,cage,1,0,resnet,False,solarisation,lr,0.0001,0.0001,32,8,0.1952,1.7940,1.4631,0.8372,0.4048,nan,nan,nan,nan,0
none,cage,1,0,resnet,False,solarisation,lr,0.0001,0.0001,32,9,0.1419,1.1922,1.2919,0.7907,0.4563,nan,nan,nan,nan,0
none,cage,1,0,resnet,False,solarisation,lr,0.0001,0.0001,32,10,0.1218,0.8755,1.6088,0.4186,0.5119,nan,nan,nan,nan,1
none,cage,1,0,resnet,False,solarisation,lr,0.0001,0.0001,32,11,0.1142,1.7936,1.4701,0.8140,0.4960,nan,nan,nan,nan,0
none,cage,1,0,resnet,False,solarisation,lr,0.0001,0.0001,32,12,0.0701,1.8926,1.6741,0.7907,0.5119,2.2150,1.5800,0.7674,0.4921,1
none,cage,1,0,resnet,False,solarisation,lr,0.0001,0.0001,32,13,0.0459,2.3305,1.7872,0.8140,0.3611,nan,nan,nan,nan,0
none,cage,1,0,resnet,False,solarisation,lr,0.0001,0.0001,32,14,0.0499,2.0392,1.6378,0.8372,0.3214,nan,nan,nan,nan,0
none,cage,1,0,resnet,False,solarisation,lr,0.0001,0.0001,32,15,0.0594,2.0477,1.6701,0.8140,0.2619,nan,nan,nan,nan,0
none,cage,1,0,resnet,False,solarisation,lr,0.0001,0.0001,32,16,0.0801,2.3521,1.7551,0.8372,0.3175,nan,nan,nan,nan,0
none,cage,1,0,resnet,False,solarisation,lr,0.0001,0.0001,32,17,0.0581,1.6642,1.6576,0.7674,0.3532,nan,nan,nan,nan,0
none,cage,1,2,resnet,False,solarisation,lr,0.0001,0.0001,32,1,0.7224,0.7305,0.6336,0.8095,0.5184,nan,nan,nan,nan,0
none,cage,1,2,resnet,False,solarisation,lr,0.0001,0.0001,32,2,0.7007,0.7019,0.7341,0.2619,0.4412,nan,nan,nan,nan,0
none,cage,1,2,resnet,False,solarisation,lr,0.0001,0.0001,32,3,0.6798,0.7404,0.7203,0.5000,0.2978,nan,nan,nan,nan,0
none,cage,1,2,resnet,False,solarisation,lr,0.0001,0.0001,32,4,0.6153,0.8626,0.6644,0.8095,0.4522,nan,nan,nan,nan,0
none,cage,1,2,resnet,False,solarisation,lr,0.0001,0.0001,32,5,0.5530,0.7797,0.9536,0.1905,0.3640,nan,nan,nan,nan,1
none,cage,1,2,resnet,False,solarisation,lr,0.0001,0.0001,32,6,0.4564,0.9959,0.7265,0.8095,0.4007,nan,nan,nan,nan,0
none,cage,1,2,resnet,False,solarisation,lr,0.0001,0.0001,32,7,0.3340,1.4829,0.9524,0.8095,0.4154,nan,nan,nan,nan,0
none,cage,1,2,resnet,False,solarisation,lr,0.0001,0.0001,32,8,0.2319,1.0698,0.8858,0.8333,0.6691,nan,nan,nan,nan,1
none,cage,1,2,resnet,False,solarisation,lr,0.0001,0.0001,32,9,0.1945,0.8282,0.9234,0.7619,0.5294,nan,nan,nan,nan,1
none,cage,1,2,resnet,False,solarisation,lr,0.0001,0.0001,32,10,0.1600,1.0376,1.1147,0.7143,0.4963,nan,nan,nan,nan,1
none,cage,1,2,resnet,False,solarisation,lr,0.0001,0.0001,32,11,0.1113,1.1303,1.1563,0.7857,0.6250,nan,nan,nan,nan,1
none,cage,1,2,resnet,False,solarisation,lr,0.0001,0.0001,32,12,0.1010,1.1610,1.0566,0.8571,0.5993,1.2526,1.1137,0.8140,0.4405,1
none,cage,1,2,resnet,False,solarisation,lr,0.0001,0.0001,32,13,0.0585,2.8762,1.7356,0.8095,0.4596,nan,nan,nan,nan,0
none,cage,1,2,resnet,False,solarisation,lr,0.0001,0.0001,32,14,0.0744,1.2849,1.3616,0.8333,0.5735,nan,nan,nan,nan,0
none,cage,1,2,resnet,False,solarisation,lr,0.0001,0.0001,32,15,0.0703,1.4268,1.3388,0.7857,0.5184,nan,nan,nan,nan,0
none,cage,1,2,resnet,False,solarisation,lr,0.0001,0.0001,32,16,0.0292,2.1109,1.4806,0.8095,0.6029,nan,nan,nan,nan,0
none,cage,1,2,resnet,False,solarisation,lr,0.0001,0.0001,32,17,0.0356,2.0227,1.6180,0.8095,0.6434,nan,nan,nan,nan,0
none,cage,1,3,resnet,False,solarisation,lr,0.0001,0.0001,32,1,0.7285,0.7027,0.6152,0.8333,0.6245,nan,nan,nan,nan,0
none,cage,1,3,resnet,False,solarisation,lr,0.0001,0.0001,32,2,0.7154,0.6868,0.6630,0.7619,0.5837,nan,nan,nan,nan,0
none,cage,1,3,resnet,False,solarisation,lr,0.0001,0.0001,32,3,0.6828,0.6932,0.6864,0.5714,0.5265,nan,nan,nan,nan,0
none,cage,1,3,resnet,False,solarisation,lr,0.0001,0.0001,32,4,0.6118,0.7076,0.6367,0.7857,0.5673,nan,nan,nan,nan,0
none,cage,1,3,resnet,False,solarisation,lr,0.0001,0.0001,32,5,0.5129,0.7255,0.8210,0.3095,0.6041,nan,nan,nan,nan,1
none,cage,1,3,resnet,False,solarisation,lr,0.0001,0.0001,32,6,0.3981,0.9054,0.7690,0.8095,0.5796,nan,nan,nan,nan,0
none,cage,1,3,resnet,False,solarisation,lr,0.0001,0.0001,32,7,0.2981,0.6935,0.9450,0.5952,0.6041,nan,nan,nan,nan,0
none,cage,1,3,resnet,False,solarisation,lr,0.0001,0.0001,32,8,0.2166,0.6937,0.9567,0.5952,0.6327,nan,nan,nan,nan,1
none,cage,1,3,resnet,False,solarisation,lr,0.0001,0.0001,32,9,0.1652,0.9355,0.9566,0.7619,0.6653,nan,nan,nan,nan,1
none,cage,1,3,resnet,False,solarisation,lr,0.0001,0.0001,32,10,0.1322,1.3275,1.0612,0.8095,0.6571,nan,nan,nan,nan,1
none,cage,1,3,resnet,False,solarisation,lr,0.0001,0.0001,32,11,0.0924,0.8562,1.4727,0.4286,0.6694,0.9382,1.5904,0.3953,0.5079,1
none,cage,1,3,resnet,False,solarisation,lr,0.0001,0.0001,32,12,0.0819,1.3377,1.1539,0.7857,0.6245,nan,nan,nan,nan,0
none,cage,1,3,resnet,False,solarisation,lr,0.0001,0.0001,32,13,0.0625,0.9149,1.2345,0.7143,0.5837,nan,nan,nan,nan,0
none,cage,1,3,resnet,False,solarisation,lr,0.0001,0.0001,32,14,0.0877,1.9296,1.3962,0.8095,0.5714,nan,nan,nan,nan,0
none,cage,1,3,resnet,False,solarisation,lr,0.0001,0.0001,32,15,0.0503,1.1374,1.1884,0.7857,0.6694,nan,nan,nan,nan,0
none,cage,1,3,resnet,False,solarisation,lr,0.0001,0.0001,32,16,0.0390,1.3274,1.4916,0.7619,0.5918,nan,nan,nan,nan,0
none,cage,1,4,resnet,False,solarisation,lr,0.0001,0.0001,32,1,0.7315,0.7477,0.6756,0.8140,0.5143,nan,nan,nan,nan,0
none,cage,1,4,resnet,False,solarisation,lr,0.0001,0.0001,32,2,0.6953,0.7649,0.8714,0.1860,0.5607,nan,nan,nan,nan,0
none,cage,1,4,resnet,False,solarisation,lr,0.0001,0.0001,32,3,0.6535,0.6989,0.7627,0.2093,0.5464,nan,nan,nan,nan,0
none,cage,1,4,resnet,False,solarisation,lr,0.0001,0.0001,32,4,0.5761,0.9384,0.8230,0.8140,0.3714,nan,nan,nan,nan,0
none,cage,1,4,resnet,False,solarisation,lr,0.0001,0.0001,32,5,0.4847,0.8937,0.8735,0.7442,0.4357,0.7754,0.7188,0.7442,0.5516,1
none,cage,1,4,resnet,False,solarisation,lr,0.0001,0.0001,32,6,0.3679,0.7997,0.8630,0.8140,0.4857,nan,nan,nan,nan,0
none,cage,1,4,resnet,False,solarisation,lr,0.0001,0.0001,32,7,0.2853,1.6823,1.5100,0.7907,0.3821,nan,nan,nan,nan,0
none,cage,1,4,resnet,False,solarisation,lr,0.0001,0.0001,32,8,0.2115,0.8646,1.3322,0.3721,0.4893,nan,nan,nan,nan,0
none,cage,1,4,resnet,False,solarisation,lr,0.0001,0.0001,32,9,0.1642,1.3398,1.4753,0.7209,0.4214,nan,nan,nan,nan,0
none,cage,1,4,resnet,False,solarisation,lr,0.0001,0.0001,32,10,0.1214,2.2976,1.8648,0.8140,0.4893,nan,nan,nan,nan,0
none,cage,1,4,resnet,False,solarisation,lr,0.0001,0.0001,32,11,0.0989,1.8080,1.6398,0.7674,0.3286,nan,nan,nan,nan,0
none,cage,1,4,resnet,False,solarisation,lr,0.0001,0.0001,32,12,0.0878,1.3054,1.5030,0.7209,0.4286,nan,nan,nan,nan,0
none,cage,1,4,resnet,False,solarisation,lr,0.0001,0.0001,32,13,0.0645,1.9477,1.8265,0.7907,0.4000,nan,nan,nan,nan,0
none,cage,1,4,resnet,False,solarisation,lr,0.0001,0.0001,32,14,0.0511,1.9276,1.7903,0.7674,0.3464,nan,nan,nan,nan,0
none,cage,1,4,resnet,False,solarisation,lr,0.0001,0.0001,32,15,0.0576,2.3921,2.1506,0.7674,0.4536,nan,nan,nan,nan,0
none,cage,1,4,resnet,False,solarisation,lr,0.0001,0.0001,32,16,0.0689,2.6535,2.2160,0.7907,0.4357,nan,nan,nan,nan,0
none,cage,1,5,resnet,False,solarisation,lr,0.0001,0.0001,32,1,0.7268,0.7418,0.6553,0.7500,0.5878,nan,nan,nan,nan,0
none,cage,1,5,resnet,False,solarisation,lr,0.0001,0.0001,32,2,0.7049,0.7406,0.6985,0.7500,0.3154,nan,nan,nan,nan,0
none,cage,1,5,resnet,False,solarisation,lr,0.0001,0.0001,32,3,0.6497,0.7229,0.6724,0.7000,0.5806,nan,nan,nan,nan,0
none,cage,1,5,resnet,False,solarisation,lr,0.0001,0.0001,32,4,0.5765,0.7206,0.7118,0.6500,0.4695,nan,nan,nan,nan,0
none,cage,1,5,resnet,False,solarisation,lr,0.0001,0.0001,32,5,0.4827,0.8221,0.7139,0.7750,0.5699,nan,nan,nan,nan,1
none,cage,1,5,resnet,False,solarisation,lr,0.0001,0.0001,32,6,0.3832,0.7670,0.9000,0.5750,0.5197,nan,nan,nan,nan,0
none,cage,1,5,resnet,False,solarisation,lr,0.0001,0.0001,32,7,0.2702,0.7739,0.9698,0.5500,0.5197,0.9317,1.1036,0.5581,0.4127,1
none,cage,1,5,resnet,False,solarisation,lr,0.0001,0.0001,32,8,0.2035,1.8450,1.3371,0.7750,0.4624,nan,nan,nan,nan,0
none,cage,1,5,resnet,False,solarisation,lr,0.0001,0.0001,32,9,0.1486,1.8257,1.3801,0.7500,0.4014,nan,nan,nan,nan,0
none,cage,1,5,resnet,False,solarisation,lr,0.0001,0.0001,32,10,0.1048,2.5655,1.7689,0.7750,0.4014,nan,nan,nan,nan,0
none,cage,1,5,resnet,False,solarisation,lr,0.0001,0.0001,32,11,0.0834,2.3114,1.7669,0.7750,0.3656,nan,nan,nan,nan,0
none,cage,1,5,resnet,False,solarisation,lr,0.0001,0.0001,32,12,0.1173,2.7213,1.7901,0.7750,0.3728,nan,nan,nan,nan,0
none,cage,1,5,resnet,False,solarisation,lr,0.0001,0.0001,32,13,0.0846,2.5977,1.7505,0.7750,0.3692,nan,nan,nan,nan,0
none,cage,1,5,resnet,False,solarisation,lr,0.0001,0.0001,32,14,0.0610,2.2247,1.6836,0.7500,0.3871,nan,nan,nan,nan,0
none,cage,1,5,resnet,False,solarisation,lr,0.0001,0.0001,32,15,0.0331,3.0095,2.0242,0.7750,0.4946,nan,nan,nan,nan,0
none,cage,1,5,resnet,False,solarisation,lr,0.0001,0.0001,32,16,0.0328,3.0070,2.0103,0.7750,0.3620,nan,nan,nan,nan,0
none,cage,1,6,resnet,False,solarisation,lr,0.0001,0.0001,32,1,0.7277,0.7380,0.6535,0.8537,0.4143,nan,nan,nan,nan,0
none,cage,1,6,resnet,False,solarisation,lr,0.0001,0.0001,32,2,0.7103,0.7100,0.7744,0.2439,0.5667,nan,nan,nan,nan,0
none,cage,1,6,resnet,False,solarisation,lr,0.0001,0.0001,32,3,0.6804,0.7156,0.6780,0.8293,0.2571,nan,nan,nan,nan,0
none,cage,1,6,resnet,False,solarisation,lr,0.0001,0.0001,32,4,0.6110,0.7099,0.6736,0.8537,0.3810,nan,nan,nan,nan,0
none,cage,1,6,resnet,False,solarisation,lr,0.0001,0.0001,32,5,0.5177,0.7650,0.6705,0.8537,0.3619,nan,nan,nan,nan,1
none,cage,1,6,resnet,False,solarisation,lr,0.0001,0.0001,32,6,0.4014,0.7298,0.7813,0.7561,0.5000,nan,nan,nan,nan,1
none,cage,1,6,resnet,False,solarisation,lr,0.0001,0.0001,32,7,0.2931,1.1126,0.9761,0.8049,0.3143,nan,nan,nan,nan,0
none,cage,1,6,resnet,False,solarisation,lr,0.0001,0.0001,32,8,0.2428,0.7601,0.9277,0.7317,0.4333,nan,nan,nan,nan,0
none,cage,1,6,resnet,False,solarisation,lr,0.0001,0.0001,32,9,0.1621,0.8275,0.9791,0.7073,0.5095,nan,nan,nan,nan,1
none,cage,1,6,resnet,False,solarisation,lr,0.0001,0.0001,32,10,0.1175,1.5652,1.2620,0.8537,0.4333,nan,nan,nan,nan,1
none,cage,1,6,resnet,False,solarisation,lr,0.0001,0.0001,32,11,0.0969,2.3759,1.6521,0.8537,0.3714,nan,nan,nan,nan,0
none,cage,1,6,resnet,False,solarisation,lr,0.0001,0.0001,32,12,0.0739,1.4137,1.3151,0.8537,0.5143,nan,nan,nan,nan,1
none,cage,1,6,resnet,False,solarisation,lr,0.0001,0.0001,32,13,0.0813,1.7417,1.4325,0.8293,0.5095,nan,nan,nan,nan,1
none,cage,1,6,resnet,False,solarisation,lr,0.0001,0.0001,32,14,0.0745,1.3815,1.3235,0.8293,0.4476,nan,nan,nan,nan,0
none,cage,1,6,resnet,False,solarisation,lr,0.0001,0.0001,32,15,0.0713,1.3195,1.2204,0.8293,0.5619,nan,nan,nan,nan,1
none,cage,1,6,resnet,False,solarisation,lr,0.0001,0.0001,32,16,0.0463,1.8934,1.4915,0.8537,0.5619,2.3092,1.4466,0.8372,0.4246,1
none,cage,1,6,resnet,False,solarisation,lr,0.0001,0.0001,32,17,0.0361,2.2152,1.7432,0.8537,0.3571,nan,nan,nan,nan,0
none,cage,1,6,resnet,False,solarisation,lr,0.0001,0.0001,32,18,0.0307,2.4894,1.9288,0.8537,0.3762,nan,nan,nan,nan,0
none,cage,1,6,resnet,False,solarisation,lr,0.0001,0.0001,32,19,0.0234,2.7519,1.9719,0.8537,0.4619,nan,nan,nan,nan,0
none,cage,1,6,resnet,False,solarisation,lr,0.0001,0.0001,32,20,0.0329,2.4864,1.9126,0.8537,0.4714,nan,nan,nan,nan,0
none,cage,1,6,resnet,False,solarisation,lr,0.0001,0.0001,32,21,0.0589,2.4634,1.8128,0.8537,0.2952,nan,nan,nan,nan,0
none,cage,1,7,resnet,False,solarisation,lr,0.0001,0.0001,32,1,0.7268,0.7630,0.6036,0.8182,0.5451,nan,nan,nan,nan,0
none,cage,1,7,resnet,False,solarisation,lr,0.0001,0.0001,32,2,0.7016,0.7590,0.8910,0.1818,0.4722,nan,nan,nan,nan,0
none,cage,1,7,resnet,False,solarisation,lr,0.0001,0.0001,32,3,0.6777,0.7203,0.8168,0.1818,0.5972,nan,nan,nan,nan,0
none,cage,1,7,resnet,False,solarisation,lr,0.0001,0.0001,32,4,0.6047,0.6946,0.6866,0.7273,0.5833,nan,nan,nan,nan,0
none,cage,1,7,resnet,False,solarisation,lr,0.0001,0.0001,32,5,0.5251,1.1512,0.7569,0.7955,0.6285,nan,nan,nan,nan,1
none,cage,1,7,resnet,False,solarisation,lr,0.0001,0.0001,32,6,0.4121,0.9978,0.6867,0.8182,0.6389,nan,nan,nan,nan,1
none,cage,1,7,resnet,False,solarisation,lr,0.0001,0.0001,32,7,0.2967,1.7630,1.0684,0.8182,0.6042,nan,nan,nan,nan,1
none,cage,1,7,resnet,False,solarisation,lr,0.0001,0.0001,32,8,0.2420,1.2030,0.8602,0.8182,0.6354,1.3724,0.9992,0.8372,0.4405,1
none,cage,1,7,resnet,False,solarisation,lr,0.0001,0.0001,32,9,0.1667,2.7457,1.5098,0.8182,0.5486,nan,nan,nan,nan,0
none,cage,1,7,resnet,False,solarisation,lr,0.0001,0.0001,32,10,0.1158,2.5234,1.4477,0.8182,0.5868,nan,nan,nan,nan,0
none,cage,1,7,resnet,False,solarisation,lr,0.0001,0.0001,32,11,0.1014,3.2212,1.7795,0.8182,0.6076,nan,nan,nan,nan,0
none,cage,1,7,resnet,False,solarisation,lr,0.0001,0.0001,32,12,0.0748,2.8466,1.6657,0.8182,0.6042,nan,nan,nan,nan,0
none,cage,1,7,resnet,False,solarisation,lr,0.0001,0.0001,32,13,0.0878,2.6551,1.5192,0.8182,0.5625,nan,nan,nan,nan,0
none,cage,1,7,resnet,False,solarisation,lr,0.0001,0.0001,32,14,0.0720,2.5264,1.5871,0.8182,0.6007,nan,nan,nan,nan,0
none,cage,1,7,resnet,False,solarisation,lr,0.0001,0.0001,32,15,0.0717,2.8500,1.6546,0.8182,0.5625,nan,nan,nan,nan,0
none,cage,1,7,resnet,False,solarisation,lr,0.0001,0.0001,32,16,0.0552,3.1248,1.7865,0.8182,0.5764,nan,nan,nan,nan,0
none,cage,1,8,resnet,False,solarisation,lr,0.0001,0.0001,32,1,0.7274,0.7102,0.7663,0.1915,0.4327,nan,nan,nan,nan,0
none,cage,1,8,resnet,False,solarisation,lr,0.0001,0.0001,32,2,0.6994,0.7843,0.9530,0.1702,0.4199,nan,nan,nan,nan,0
none,cage,1,8,resnet,False,solarisation,lr,0.0001,0.0001,32,3,0.6488,0.7452,0.6339,0.8298,0.5160,nan,nan,nan,nan,0
none,cage,1,8,resnet,False,solarisation,lr,0.0001,0.0001,32,4,0.5751,0.7731,1.0059,0.1915,0.6635,nan,nan,nan,nan,0
none,cage,1,8,resnet,False,solarisation,lr,0.0001,0.0001,32,5,0.4376,1.7494,0.9438,0.8298,0.3590,nan,nan,nan,nan,1
none,cage,1,8,resnet,False,solarisation,lr,0.0001,0.0001,32,6,0.3521,0.7609,1.0349,0.5106,0.5353,0.8558,1.1338,0.3721,0.3849,1
none,cage,1,8,resnet,False,solarisation,lr,0.0001,0.0001,32,7,0.2427,1.7240,1.1349,0.8298,0.3814,nan,nan,nan,nan,0
none,cage,1,8,resnet,False,solarisation,lr,0.0001,0.0001,32,8,0.1841,2.3206,1.3128,0.8298,0.4519,nan,nan,nan,nan,0
none,cage,1,8,resnet,False,solarisation,lr,0.0001,0.0001,32,9,0.1422,2.2070,1.2853,0.8298,0.3942,nan,nan,nan,nan,0
none,cage,1,8,resnet,False,solarisation,lr,0.0001,0.0001,32,10,0.1225,1.3913,1.0156,0.8298,0.4840,nan,nan,nan,nan,0
none,cage,1,8,resnet,False,solarisation,lr,0.0001,0.0001,32,11,0.0870,2.8321,1.6212,0.8298,0.3205,nan,nan,nan,nan,0
none,cage,1,8,resnet,False,solarisation,lr,0.0001,0.0001,32,12,0.0799,2.3839,1.4373,0.8298,0.3494,nan,nan,nan,nan,0
none,cage,1,8,resnet,False,solarisation,lr,0.0001,0.0001,32,13,0.0666,4.1988,2.1583,0.8298,0.3686,nan,nan,nan,nan,0
none,cage,1,8,resnet,False,solarisation,lr,0.0001,0.0001,32,14,0.0777,3.0176,1.5826,0.8298,0.3974,nan,nan,nan,nan,0
none,cage,1,8,resnet,False,solarisation,lr,0.0001,0.0001,32,15,0.0380,3.8517,2.0960,0.8298,0.5224,nan,nan,nan,nan,0
none,cage,1,8,resnet,False,solarisation,lr,0.0001,0.0001,32,16,0.0500,2.8161,1.5710,0.8298,0.3974,nan,nan,nan,nan,0
none,cage,1,9,resnet,False,solarisation,lr,0.0001,0.0001,32,1,0.7210,0.7577,0.6394,0.7857,0.4040,nan,nan,nan,nan,0
none,cage,1,9,resnet,False,solarisation,lr,0.0001,0.0001,32,2,0.6966,0.7227,0.6960,0.6429,0.4343,nan,nan,nan,nan,0
none,cage,1,9,resnet,False,solarisation,lr,0.0001,0.0001,32,3,0.6422,0.6976,0.7477,0.3810,0.4714,nan,nan,nan,nan,0
none,cage,1,9,resnet,False,solarisation,lr,0.0001,0.0001,32,4,0.5538,0.7180,0.9095,0.2143,0.5421,nan,nan,nan,nan,0
none,cage,1,9,resnet,False,solarisation,lr,0.0001,0.0001,32,5,0.4373,0.7608,0.8433,0.5000,0.4747,nan,nan,nan,nan,1
none,cage,1,9,resnet,False,solarisation,lr,0.0001,0.0001,32,6,0.3194,0.7958,1.2501,0.2381,0.4815,nan,nan,nan,nan,1
none,cage,1,9,resnet,False,solarisation,lr,0.0001,0.0001,32,7,0.2185,0.8251,0.8000,0.8095,0.5387,nan,nan,nan,nan,1
none,cage,1,9,resnet,False,solarisation,lr,0.0001,0.0001,32,8,0.1891,2.0008,1.1546,0.7857,0.4276,nan,nan,nan,nan,0
none,cage,1,9,resnet,False,solarisation,lr,0.0001,0.0001,32,9,0.1243,0.7202,1.1646,0.4286,0.5522,nan,nan,nan,nan,0
none,cage,1,9,resnet,False,solarisation,lr,0.0001,0.0001,32,10,0.0943,1.1873,1.0251,0.7619,0.6532,1.1927,1.1234,0.8140,0.5238,1
none,cage,1,9,resnet,False,solarisation,lr,0.0001,0.0001,32,11,0.0830,1.5870,1.1413,0.7619,0.4579,nan,nan,nan,nan,0
none,cage,1,9,resnet,False,solarisation,lr,0.0001,0.0001,32,12,0.0638,2.6551,1.4583,0.7857,0.4848,nan,nan,nan,nan,0
none,cage,1,9,resnet,False,solarisation,lr,0.0001,0.0001,32,13,0.0388,2.2705,1.3140,0.7857,0.4545,nan,nan,nan,nan,0
none,cage,1,9,resnet,False,solarisation,lr,0.0001,0.0001,32,14,0.0708,2.3061,1.3505,0.7857,0.5421,nan,nan,nan,nan,0
none,cage,1,9,resnet,False,solarisation,lr,0.0001,0.0001,32,15,0.0484,0.8597,1.4090,0.5000,0.5690,nan,nan,nan,nan,0
none,cage,1,9,resnet,False,solarisation,lr,0.0001,0.0001,32,16,0.0520,0.9672,1.2184,0.6429,0.5387,nan,nan,nan,nan,0
none,cage,2,0,resnet,False,solarisation,lr,0.0001,0.0001,32,1,0.7256,0.7539,0.6516,0.8372,0.2976,nan,nan,nan,nan,0
none,cage,2,0,resnet,False,solarisation,lr,0.0001,0.0001,32,2,0.6954,0.7055,0.7304,0.2558,0.4802,nan,nan,nan,nan,0
none,cage,2,0,resnet,False,solarisation,lr,0.0001,0.0001,32,3,0.6783,0.7067,0.7161,0.5116,0.4841,nan,nan,nan,nan,0
none,cage,2,0,resnet,False,solarisation,lr,0.0001,0.0001,32,4,0.6403,0.6863,0.7471,0.4186,0.6270,nan,nan,nan,nan,0
none,cage,2,0,resnet,False,solarisation,lr,0.0001,0.0001,32,5,0.5446,0.7698,0.8723,0.2791,0.3294,nan,nan,nan,nan,1
none,cage,2,0,resnet,False,solarisation,lr,0.0001,0.0001,32,6,0.4449,1.2815,0.9223,0.8372,0.4960,nan,nan,nan,nan,1
none,cage,2,0,resnet,False,solarisation,lr,0.0001,0.0001,32,7,0.3575,0.9846,0.8747,0.8140,0.5357,nan,nan,nan,nan,1
none,cage,2,0,resnet,False,solarisation,lr,0.0001,0.0001,32,8,0.2460,1.4800,1.0839,0.8372,0.3095,nan,nan,nan,nan,0
none,cage,2,0,resnet,False,solarisation,lr,0.0001,0.0001,32,9,0.1891,1.1703,1.0094,0.8140,0.5595,nan,nan,nan,nan,0
none,cage,2,0,resnet,False,solarisation,lr,0.0001,0.0001,32,10,0.1246,1.8934,1.3965,0.8372,0.6508,nan,nan,nan,nan,1
none,cage,2,0,resnet,False,solarisation,lr,0.0001,0.0001,32,11,0.0946,1.3858,1.2650,0.8140,0.4960,nan,nan,nan,nan,0
none,cage,2,0,resnet,False,solarisation,lr,0.0001,0.0001,32,12,0.0898,1.8021,1.4142,0.8372,0.6071,nan,nan,nan,nan,1
none,cage,2,0,resnet,False,solarisation,lr,0.0001,0.0001,32,13,0.0730,2.3302,1.6717,0.8372,0.6310,2.7416,1.6458,0.8095,0.5184,1
none,cage,2,0,resnet,False,solarisation,lr,0.0001,0.0001,32,14,0.0748,1.9004,1.4672,0.8140,0.4325,nan,nan,nan,nan,0
none,cage,2,0,resnet,False,solarisation,lr,0.0001,0.0001,32,15,0.0534,1.8025,1.4282,0.8372,0.5040,nan,nan,nan,nan,0
none,cage,2,0,resnet,False,solarisation,lr,0.0001,0.0001,32,16,0.0533,3.1133,2.0869,0.8372,0.3651,nan,nan,nan,nan,0
none,cage,2,0,resnet,False,solarisation,lr,0.0001,0.0001,32,17,0.0663,2.5263,1.8118,0.8372,0.3452,nan,nan,nan,nan,0
none,cage,2,0,resnet,False,solarisation,lr,0.0001,0.0001,32,18,0.0271,2.9159,2.0120,0.8372,0.3968,nan,nan,nan,nan,0
none,cage,2,1,resnet,False,solarisation,lr,0.0001,0.0001,32,1,0.7295,0.8992,1.1364,0.1628,0.5357,nan,nan,nan,nan,0
none,cage,2,1,resnet,False,solarisation,lr,0.0001,0.0001,32,2,0.7032,0.7036,0.6282,0.8372,0.5556,nan,nan,nan,nan,0
none,cage,2,1,resnet,False,solarisation,lr,0.0001,0.0001,32,3,0.6540,0.6750,0.6674,0.6977,0.6746,nan,nan,nan,nan,0
none,cage,2,1,resnet,False,solarisation,lr,0.0001,0.0001,32,4,0.5796,0.7179,0.6932,0.7907,0.5476,nan,nan,nan,nan,0
none,cage,2,1,resnet,False,solarisation,lr,0.0001,0.0001,32,5,0.4783,0.9537,0.6991,0.8372,0.3135,1.1029,0.7869,0.8095,0.3051,1
none,cage,2,1,resnet,False,solarisation,lr,0.0001,0.0001,32,6,0.3658,0.7805,0.8182,0.6047,0.4087,nan,nan,nan,nan,0
none,cage,2,1,resnet,False,solarisation,lr,0.0001,0.0001,32,7,0.2576,0.8741,0.8930,0.7674,0.3135,nan,nan,nan,nan,0
none,cage,2,1,resnet,False,solarisation,lr,0.0001,0.0001,32,8,0.2146,1.1906,0.8743,0.8140,0.2579,nan,nan,nan,nan,0
none,cage,2,1,resnet,False,solarisation,lr,0.0001,0.0001,32,9,0.1651,2.1328,1.2371,0.8372,0.3135,nan,nan,nan,nan,0
none,cage,2,1,resnet,False,solarisation,lr,0.0001,0.0001,32,10,0.0977,2.0311,1.2432,0.8372,0.3532,nan,nan,nan,nan,0
none,cage,2,1,resnet,False,solarisation,lr,0.0001,0.0001,32,11,0.1102,1.7670,1.1408,0.8140,0.2381,nan,nan,nan,nan,0
none,cage,2,1,resnet,False,solarisation,lr,0.0001,0.0001,32,12,0.0844,1.0765,1.3047,0.5581,0.3175,nan,nan,nan,nan,0
none,cage,2,1,resnet,False,solarisation,lr,0.0001,0.0001,32,13,0.0759,1.4116,1.2714,0.7209,0.2540,nan,nan,nan,nan,0
none,cage,2,1,resnet,False,solarisation,lr,0.0001,0.0001,32,14,0.0384,2.1478,1.3980,0.8140,0.2619,nan,nan,nan,nan,0
none,cage,2,1,resnet,False,solarisation,lr,0.0001,0.0001,32,15,0.0231,2.5492,1.5317,0.8372,0.3532,nan,nan,nan,nan,0
none,cage,2,1,resnet,False,solarisation,lr,0.0001,0.0001,32,16,0.0696,2.3386,1.4354,0.8372,0.3810,nan,nan,nan,nan,0
none,cage,2,3,resnet,False,solarisation,lr,0.0001,0.0001,32,1,0.7282,0.7132,0.7655,0.3095,0.4980,nan,nan,nan,nan,0
none,cage,2,3,resnet,False,solarisation,lr,0.0001,0.0001,32,2,0.6993,0.8118,0.9573,0.1667,0.3959,nan,nan,nan,nan,0
none,cage,2,3,resnet,False,solarisation,lr,0.0001,0.0001,32,3,0.6708,0.9244,1.1620,0.1667,0.4776,nan,nan,nan,nan,0
none,cage,2,3,resnet,False,solarisation,lr,0.0001,0.0001,32,4,0.6046,0.7513,0.9010,0.1667,0.5551,nan,nan,nan,nan,0
none,cage,2,3,resnet,False,solarisation,lr,0.0001,0.0001,32,5,0.4994,0.8441,0.7733,0.8095,0.5224,nan,nan,nan,nan,1
none,cage,2,3,resnet,False,solarisation,lr,0.0001,0.0001,32,6,0.3895,0.9115,0.9631,0.6667,0.5020,nan,nan,nan,nan,0
none,cage,2,3,resnet,False,solarisation,lr,0.0001,0.0001,32,7,0.2740,0.7987,1.0156,0.5476,0.6082,nan,nan,nan,nan,1
none,cage,2,3,resnet,False,solarisation,lr,0.0001,0.0001,32,8,0.2117,0.8198,1.2905,0.5714,0.6000,nan,nan,nan,nan,1
none,cage,2,3,resnet,False,solarisation,lr,0.0001,0.0001,32,9,0.1591,0.9475,0.9149,0.8333,0.7184,nan,nan,nan,nan,1
none,cage,2,3,resnet,False,solarisation,lr,0.0001,0.0001,32,10,0.1108,1.0286,1.4558,0.6190,0.5306,nan,nan,nan,nan,0
none,cage,2,3,resnet,False,solarisation,lr,0.0001,0.0001,32,11,0.1353,1.0817,1.1897,0.8333,0.5959,1.5293,1.4590,0.7857,0.4007,1
none,cage,2,3,resnet,False,solarisation,lr,0.0001,0.0001,32,12,0.0831,1.1360,1.9476,0.3095,0.5429,nan,nan,nan,nan,0
none,cage,2,3,resnet,False,solarisation,lr,0.0001,0.0001,32,13,0.0631,1.4696,1.5521,0.8095,0.5143,nan,nan,nan,nan,0
none,cage,2,3,resnet,False,solarisation,lr,0.0001,0.0001,32,14,0.0390,1.2910,1.5830,0.8095,0.5102,nan,nan,nan,nan,0
none,cage,2,3,resnet,False,solarisation,lr,0.0001,0.0001,32,15,0.0655,0.9038,1.7255,0.4048,0.6122,nan,nan,nan,nan,0
none,cage,2,3,resnet,False,solarisation,lr,0.0001,0.0001,32,16,0.0399,1.1265,1.6854,0.7857,0.6041,nan,nan,nan,nan,0
none,cage,2,4,resnet,False,solarisation,lr,0.0001,0.0001,32,1,0.7322,0.7108,0.7594,0.1860,0.4607,nan,nan,nan,nan,0
none,cage,2,4,resnet,False,solarisation,lr,0.0001,0.0001,32,2,0.6973,0.7899,0.9404,0.1860,0.6000,nan,nan,nan,nan,0
none,cage,2,4,resnet,False,solarisation,lr,0.0001,0.0001,32,3,0.6572,0.7012,0.7187,0.6279,0.5714,nan,nan,nan,nan,0
none,cage,2,4,resnet,False,solarisation,lr,0.0001,0.0001,32,4,0.6055,0.7112,0.8189,0.3721,0.5500,nan,nan,nan,nan,0
none,cage,2,4,resnet,False,solarisation,lr,0.0001,0.0001,32,5,0.5005,0.8812,1.1334,0.1860,0.5321,0.8920,1.2747,0.2381,0.4485,1
none,cage,2,4,resnet,False,solarisation,lr,0.0001,0.0001,32,6,0.3827,0.8441,1.0640,0.2558,0.4750,nan,nan,nan,nan,0
none,cage,2,4,resnet,False,solarisation,lr,0.0001,0.0001,32,7,0.2859,0.8196,1.0344,0.6512,0.5179,nan,nan,nan,nan,0
none,cage,2,4,resnet,False,solarisation,lr,0.0001,0.0001,32,8,0.1967,0.9320,1.4666,0.5116,0.4571,nan,nan,nan,nan,0
none,cage,2,4,resnet,False,solarisation,lr,0.0001,0.0001,32,9,0.1900,0.8462,1.2527,0.2791,0.4321,nan,nan,nan,nan,0
none,cage,2,4,resnet,False,solarisation,lr,0.0001,0.0001,32,10,0.1339,1.0740,1.6016,0.2791,0.3536,nan,nan,nan,nan,0
none,cage,2,4,resnet,False,solarisation,lr,0.0001,0.0001,32,11,0.0838,1.1343,1.7767,0.3023,0.3857,nan,nan,nan,nan,0
none,cage,2,4,resnet,False,solarisation,lr,0.0001,0.0001,32,12,0.0856,2.4367,2.1964,0.8140,0.4000,nan,nan,nan,nan,0
none,cage,2,4,resnet,False,solarisation,lr,0.0001,0.0001,32,13,0.0490,1.8781,1.8905,0.7442,0.4143,nan,nan,nan,nan,0
none,cage,2,4,resnet,False,solarisation,lr,0.0001,0.0001,32,14,0.0457,1.2385,1.6210,0.6047,0.4286,nan,nan,nan,nan,0
none,cage,2,4,resnet,False,solarisation,lr,0.0001,0.0001,32,15,0.0699,1.3763,1.6460,0.7209,0.4286,nan,nan,nan,nan,0
none,cage,2,4,resnet,False,solarisation,lr,0.0001,0.0001,32,16,0.0754,1.0619,1.3100,0.6744,0.4679,nan,nan,nan,nan,0
none,cage,2,5,resnet,False,solarisation,lr,0.0001,0.0001,32,1,0.7305,0.8485,0.6789,0.7750,0.4731,nan,nan,nan,nan,0
none,cage,2,5,resnet,False,solarisation,lr,0.0001,0.0001,32,2,0.7023,0.6953,0.7783,0.3750,0.4588,nan,nan,nan,nan,0
none,cage,2,5,resnet,False,solarisation,lr,0.0001,0.0001,32,3,0.6504,0.7413,0.9546,0.2250,0.4695,nan,nan,nan,nan,0
none,cage,2,5,resnet,False,solarisation,lr,0.0001,0.0001,32,4,0.5838,0.8638,0.7458,0.7750,0.3656,nan,nan,nan,nan,0
none,cage,2,5,resnet,False,solarisation,lr,0.0001,0.0001,32,5,0.4673,0.7451,0.9699,0.3500,0.4731,nan,nan,nan,nan,1
none,cage,2,5,resnet,False,solarisation,lr,0.0001,0.0001,32,6,0.3609,0.9123,0.8284,0.7750,0.4659,nan,nan,nan,nan,0
none,cage,2,5,resnet,False,solarisation,lr,0.0001,0.0001,32,7,0.2660,1.0500,1.0315,0.7000,0.4910,nan,nan,nan,nan,1
none,cage,2,5,resnet,False,solarisation,lr,0.0001,0.0001,32,8,0.1738,1.4247,1.0658,0.7750,0.5806,nan,nan,nan,nan,1
none,cage,2,5,resnet,False,solarisation,lr,0.0001,0.0001,32,9,0.1303,2.5922,1.6732,0.7750,0.5090,nan,nan,nan,nan,1
none,cage,2,5,resnet,False,solarisation,lr,0.0001,0.0001,32,10,0.1361,1.0141,1.3342,0.6500,0.4982,nan,nan,nan,nan,1
none,cage,2,5,resnet,False,solarisation,lr,0.0001,0.0001,32,11,0.0754,2.4908,1.6636,0.7750,0.5018,nan,nan,nan,nan,1
none,cage,2,5,resnet,False,solarisation,lr,0.0001,0.0001,32,12,0.0610,2.2085,1.8034,0.7500,0.4659,nan,nan,nan,nan,0
none,cage,2,5,resnet,False,solarisation,lr,0.0001,0.0001,32,13,0.0881,1.3287,1.3716,0.7000,0.5197,nan,nan,nan,nan,0
none,cage,2,5,resnet,False,solarisation,lr,0.0001,0.0001,32,14,0.0553,2.0427,1.5087,0.7750,0.5520,nan,nan,nan,nan,0
none,cage,2,5,resnet,False,solarisation,lr,0.0001,0.0001,32,15,0.0528,2.9815,1.9775,0.7750,0.5305,nan,nan,nan,nan,0
none,cage,2,5,resnet,False,solarisation,lr,0.0001,0.0001,32,16,0.0331,3.2316,2.1269,0.7750,0.5986,nan,nan,nan,nan,1
none,cage,2,5,resnet,False,solarisation,lr,0.0001,0.0001,32,17,0.0357,1.2955,1.5589,0.6000,0.5161,1.1950,1.5135,0.6429,0.4559,1
none,cage,2,5,resnet,False,solarisation,lr,0.0001,0.0001,32,18,0.0766,1.1444,1.3894,0.6250,0.4444,nan,nan,nan,nan,0
none,cage,2,5,resnet,False,solarisation,lr,0.0001,0.0001,32,19,0.0675,1.1830,1.4534,0.5750,0.4373,nan,nan,nan,nan,0
none,cage,2,5,resnet,False,solarisation,lr,0.0001,0.0001,32,20,0.0172,2.4002,1.6745,0.7750,0.4409,nan,nan,nan,nan,0
none,cage,2,5,resnet,False,solarisation,lr,0.0001,0.0001,32,21,0.0092,2.9425,2.0417,0.7750,0.4588,nan,nan,nan,nan,0
none,cage,2,5,resnet,False,solarisation,lr,0.0001,0.0001,32,22,0.0069,2.5401,1.9498,0.7750,0.4982,nan,nan,nan,nan,0
none,cage,2,6,resnet,False,solarisation,lr,0.0001,0.0001,32,1,0.7446,0.6917,0.6381,0.8537,0.5238,nan,nan,nan,nan,0
none,cage,2,6,resnet,False,solarisation,lr,0.0001,0.0001,32,2,0.6995,0.6936,0.6379,0.8537,0.4952,nan,nan,nan,nan,0
none,cage,2,6,resnet,False,solarisation,lr,0.0001,0.0001,32,3,0.6829,0.7329,0.5980,0.8537,0.6429,nan,nan,nan,nan,0
none,cage,2,6,resnet,False,solarisation,lr,0.0001,0.0001,32,4,0.6306,0.7588,0.8300,0.2927,0.5429,nan,nan,nan,nan,0
none,cage,2,6,resnet,False,solarisation,lr,0.0001,0.0001,32,5,0.5506,0.7866,0.7006,0.7805,0.3333,nan,nan,nan,nan,1
none,cage,2,6,resnet,False,solarisation,lr,0.0001,0.0001,32,6,0.4332,0.9937,0.7324,0.8537,0.6952,nan,nan,nan,nan,1
none,cage,2,6,resnet,False,solarisation,lr,0.0001,0.0001,32,7,0.3476,0.9707,0.7651,0.8537,0.6667,nan,nan,nan,nan,1
none,cage,2,6,resnet,False,solarisation,lr,0.0001,0.0001,32,8,0.2482,0.6931,0.7524,0.8049,0.6810,nan,nan,nan,nan,1
none,cage,2,6,resnet,False,solarisation,lr,0.0001,0.0001,32,9,0.1681,1.1138,0.9017,0.8537,0.6952,nan,nan,nan,nan,1
none,cage,2,6,resnet,False,solarisation,lr,0.0001,0.0001,32,10,0.1406,2.0798,1.4752,0.8537,0.6048,2.8319,1.7472,0.8095,0.4779,1
none,cage,2,6,resnet,False,solarisation,lr,0.0001,0.0001,32,11,0.1044,1.7456,1.3557,0.8537,0.6381,nan,nan,nan,nan,0
none,cage,2,6,resnet,False,solarisation,lr,0.0001,0.0001,32,12,0.0985,1.1424,1.2397,0.8537,0.6238,nan,nan,nan,nan,0
none,cage,2,6,resnet,False,solarisation,lr,0.0001,0.0001,32,13,0.0926,2.0319,1.4339,0.8537,0.5714,nan,nan,nan,nan,0
none,cage,2,6,resnet,False,solarisation,lr,0.0001,0.0001,32,14,0.0811,2.7089,1.9045,0.8537,0.6095,nan,nan,nan,nan,0
none,cage,2,6,resnet,False,solarisation,lr,0.0001,0.0001,32,15,0.0669,3.2238,2.1716,0.8537,0.6143,nan,nan,nan,nan,0
none,cage,2,6,resnet,False,solarisation,lr,0.0001,0.0001,32,16,0.0350,2.2969,1.6843,0.8537,0.7571,nan,nan,nan,nan,0
none,cage,2,7,resnet,False,solarisation,lr,0.0001,0.0001,32,1,0.7155,0.7097,0.6286,0.7955,0.6007,nan,nan,nan,nan,0
none,cage,2,7,resnet,False,solarisation,lr,0.0001,0.0001,32,2,0.6933,0.6796,0.7347,0.3409,0.6319,nan,nan,nan,nan,0
none,cage,2,7,resnet,False,solarisation,lr,0.0001,0.0001,32,3,0.6708,0.7712,0.9006,0.1818,0.4688,nan,nan,nan,nan,0
none,cage,2,7,resnet,False,solarisation,lr,0.0001,0.0001,32,4,0.6209,0.6958,0.6695,0.7727,0.5903,nan,nan,nan,nan,0
none,cage,2,7,resnet,False,solarisation,lr,0.0001,0.0001,32,5,0.5429,0.6897,0.8233,0.5455,0.6285,nan,nan,nan,nan,1
none,cage,2,7,resnet,False,solarisation,lr,0.0001,0.0001,32,6,0.4426,0.8672,1.2454,0.2500,0.5938,nan,nan,nan,nan,0
none,cage,2,7,resnet,False,solarisation,lr,0.0001,0.0001,32,7,0.3388,0.6815,1.0214,0.5909,0.6667,nan,nan,nan,nan,1
none,cage,2,7,resnet,False,solarisation,lr,0.0001,0.0001,32,8,0.2443,1.1095,1.6727,0.1818,0.5903,nan,nan,nan,nan,1
none,cage,2,7,resnet,False,solarisation,lr,0.0001,0.0001,32,9,0.1889,1.2193,1.0425,0.8182,0.6840,nan,nan,nan,nan,1
none,cage,2,7,resnet,False,solarisation,lr,0.0001,0.0001,32,10,0.1188,1.6597,1.0968,0.8182,0.7292,nan,nan,nan,nan,1
none,cage,2,7,resnet,False,solarisation,lr,0.0001,0.0001,32,11,0.1001,1.2767,1.0976,0.8182,0.7396,nan,nan,nan,nan,1
none,cage,2,7,resnet,False,solarisation,lr,0.0001,0.0001,32,12,0.1081,0.7702,1.2271,0.5909,0.6215,nan,nan,nan,nan,0
none,cage,2,7,resnet,False,solarisation,lr,0.0001,0.0001,32,13,0.0703,1.3135,1.1783,0.7727,0.7431,nan,nan,nan,nan,1
none,cage,2,7,resnet,False,solarisation,lr,0.0001,0.0001,32,14,0.0718,0.7179,1.2410,0.6818,0.7257,nan,nan,nan,nan,1
none,cage,2,7,resnet,False,solarisation,lr,0.0001,0.0001,32,15,0.0474,1.2948,1.1843,0.7727,0.7431,nan,nan,nan,nan,0
none,cage,2,7,resnet,False,solarisation,lr,0.0001,0.0001,32,16,0.0466,0.9742,1.2379,0.8409,0.7431,nan,nan,nan,nan,0
none,cage,2,7,resnet,False,solarisation,lr,0.0001,0.0001,32,17,0.0317,1.4079,1.2229,0.7955,0.7847,2.2359,1.7530,0.7857,0.5588,1
none,cage,2,7,resnet,False,solarisation,lr,0.0001,0.0001,32,18,0.0482,1.9399,1.4868,0.7727,0.7049,nan,nan,nan,nan,0
none,cage,2,7,resnet,False,solarisation,lr,0.0001,0.0001,32,19,0.0443,1.5008,1.3136,0.8182,0.6979,nan,nan,nan,nan,0
none,cage,2,7,resnet,False,solarisation,lr,0.0001,0.0001,32,20,0.0523,2.2677,1.5238,0.7955,0.6771,nan,nan,nan,nan,0
none,cage,2,7,resnet,False,solarisation,lr,0.0001,0.0001,32,21,0.0469,1.9543,1.3552,0.7955,0.7535,nan,nan,nan,nan,0
none,cage,2,7,resnet,False,solarisation,lr,0.0001,0.0001,32,22,0.0410,1.3528,1.1146,0.8182,0.7465,nan,nan,nan,nan,0
none,cage,2,8,resnet,False,solarisation,lr,0.0001,0.0001,32,1,0.7172,0.7224,0.6391,0.8085,0.4167,nan,nan,nan,nan,0
none,cage,2,8,resnet,False,solarisation,lr,0.0001,0.0001,32,2,0.7012,0.7536,0.9003,0.1915,0.4904,nan,nan,nan,nan,0
none,cage,2,8,resnet,False,solarisation,lr,0.0001,0.0001,32,3,0.6751,0.7598,0.7233,0.5745,0.3942,nan,nan,nan,nan,0
none,cage,2,8,resnet,False,solarisation,lr,0.0001,0.0001,32,4,0.6041,0.7759,0.8853,0.4255,0.4808,nan,nan,nan,nan,0
none,cage,2,8,resnet,False,solarisation,lr,0.0001,0.0001,32,5,0.5172,0.7694,0.7859,0.5532,0.4487,0.7248,0.8041,0.5714,0.4669,1
none,cage,2,8,resnet,False,solarisation,lr,0.0001,0.0001,32,6,0.4104,0.9470,1.2927,0.2553,0.4295,nan,nan,nan,nan,0
none,cage,2,8,resnet,False,solarisation,lr,0.0001,0.0001,32,7,0.2964,1.0369,1.0172,0.6383,0.3974,nan,nan,nan,nan,0
none,cage,2,8,resnet,False,solarisation,lr,0.0001,0.0001,32,8,0.2265,1.0359,1.0488,0.6809,0.4295,nan,nan,nan,nan,0
none,cage,2,8,resnet,False,solarisation,lr,0.0001,0.0001,32,9,0.1593,1.1333,1.2786,0.6383,0.4038,nan,nan,nan,nan,0
none,cage,2,8,resnet,False,solarisation,lr,0.0001,0.0001,32,10,0.1175,1.5011,1.2852,0.7872,0.4071,nan,nan,nan,nan,0
none,cage,2,8,resnet,False,solarisation,lr,0.0001,0.0001,32,11,0.0956,2.9438,1.5773,0.8298,0.3173,nan,nan,nan,nan,0
none,cage,2,8,resnet,False,solarisation,lr,0.0001,0.0001,32,12,0.1022,0.9986,1.5221,0.5106,0.4519,nan,nan,nan,nan,0
none,cage,2,8,resnet,False,solarisation,lr,0.0001,0.0001,32,13,0.0955,1.7707,1.2294,0.7872,0.3622,nan,nan,nan,nan,0
none,cage,2,8,resnet,False,solarisation,lr,0.0001,0.0001,32,14,0.0516,2.0498,1.5188,0.7660,0.3526,nan,nan,nan,nan,0
none,cage,2,8,resnet,False,solarisation,lr,0.0001,0.0001,32,15,0.0289,1.8861,1.3894,0.7872,0.4135,nan,nan,nan,nan,0
none,cage,2,8,resnet,False,solarisation,lr,0.0001,0.0001,32,16,0.0325,1.7605,1.6505,0.6596,0.3878,nan,nan,nan,nan,0
none,cage,2,9,resnet,False,solarisation,lr,0.0001,0.0001,32,1,0.7271,0.6691,0.7546,0.2143,0.7239,nan,nan,nan,nan,0
none,cage,2,9,resnet,False,solarisation,lr,0.0001,0.0001,32,2,0.6957,0.7061,0.7165,0.4048,0.4108,nan,nan,nan,nan,0
none,cage,2,9,resnet,False,solarisation,lr,0.0001,0.0001,32,3,0.6527,0.7470,0.6846,0.8095,0.5152,nan,nan,nan,nan,0
none,cage,2,9,resnet,False,solarisation,lr,0.0001,0.0001,32,4,0.5548,0.6952,0.9052,0.3095,0.5219,nan,nan,nan,nan,0
none,cage,2,9,resnet,False,solarisation,lr,0.0001,0.0001,32,5,0.4434,0.9395,0.8025,0.7619,0.4714,nan,nan,nan,nan,1
none,cage,2,9,resnet,False,solarisation,lr,0.0001,0.0001,32,6,0.3303,0.8818,0.8301,0.7619,0.6633,nan,nan,nan,nan,0
none,cage,2,9,resnet,False,solarisation,lr,0.0001,0.0001,32,7,0.2548,1.1313,0.9466,0.7857,0.6599,nan,nan,nan,nan,1
none,cage,2,9,resnet,False,solarisation,lr,0.0001,0.0001,32,8,0.2032,1.4741,1.0081,0.7619,0.5354,nan,nan,nan,nan,0
none,cage,2,9,resnet,False,solarisation,lr,0.0001,0.0001,32,9,0.1344,0.8012,1.3174,0.3571,0.6431,nan,nan,nan,nan,1
none,cage,2,9,resnet,False,solarisation,lr,0.0001,0.0001,32,10,0.1304,0.8252,1.1444,0.6190,0.5926,1.0637,1.3137,0.6190,0.3750,1
none,cage,2,9,resnet,False,solarisation,lr,0.0001,0.0001,32,11,0.0745,1.1733,1.1226,0.7381,0.5892,nan,nan,nan,nan,0
none,cage,2,9,resnet,False,solarisation,lr,0.0001,0.0001,32,12,0.0852,2.1995,1.3531,0.7857,0.5892,nan,nan,nan,nan,0
none,cage,2,9,resnet,False,solarisation,lr,0.0001,0.0001,32,13,0.0547,2.7893,1.6384,0.7857,0.5219,nan,nan,nan,nan,0
none,cage,2,9,resnet,False,solarisation,lr,0.0001,0.0001,32,14,0.0489,1.0538,1.1412,0.7381,0.6734,nan,nan,nan,nan,0
none,cage,2,9,resnet,False,solarisation,lr,0.0001,0.0001,32,15,0.0614,2.4310,1.5072,0.7857,0.4916,nan,nan,nan,nan,0
none,cage,2,9,resnet,False,solarisation,lr,0.0001,0.0001,32,16,0.0363,3.0381,1.7275,0.7857,0.5152,nan,nan,nan,nan,0
none,cage,3,0,resnet,False,solarisation,lr,0.0001,0.0001,32,1,0.7400,0.7019,0.6879,0.6977,0.3452,nan,nan,nan,nan,0
none,cage,3,0,resnet,False,solarisation,lr,0.0001,0.0001,32,2,0.7016,0.7087,0.7477,0.1628,0.4325,nan,nan,nan,nan,0
none,cage,3,0,resnet,False,solarisation,lr,0.0001,0.0001,32,3,0.6761,0.7349,0.6565,0.8372,0.4683,nan,nan,nan,nan,0
none,cage,3,0,resnet,False,solarisation,lr,0.0001,0.0001,32,4,0.6147,0.7267,0.7452,0.4651,0.3135,nan,nan,nan,nan,0
none,cage,3,0,resnet,False,solarisation,lr,0.0001,0.0001,32,5,0.5147,0.8142,0.9725,0.2791,0.4643,nan,nan,nan,nan,1
none,cage,3,0,resnet,False,solarisation,lr,0.0001,0.0001,32,6,0.4124,0.8974,0.8976,0.7442,0.3532,nan,nan,nan,nan,0
none,cage,3,0,resnet,False,solarisation,lr,0.0001,0.0001,32,7,0.2988,1.0380,0.9164,0.8140,0.4881,nan,nan,nan,nan,1
none,cage,3,0,resnet,False,solarisation,lr,0.0001,0.0001,32,8,0.2293,1.1887,1.1625,0.7674,0.3770,nan,nan,nan,nan,0
none,cage,3,0,resnet,False,solarisation,lr,0.0001,0.0001,32,9,0.1803,1.1471,1.1441,0.7209,0.5079,nan,nan,nan,nan,1
none,cage,3,0,resnet,False,solarisation,lr,0.0001,0.0001,32,10,0.1182,0.9865,1.2169,0.7209,0.5794,nan,nan,nan,nan,1
none,cage,3,0,resnet,False,solarisation,lr,0.0001,0.0001,32,11,0.0948,1.2783,1.4877,0.6744,0.4921,1.1490,1.3757,0.6667,0.4653,1
none,cage,3,0,resnet,False,solarisation,lr,0.0001,0.0001,32,12,0.0798,2.2029,1.5686,0.8372,0.4127,nan,nan,nan,nan,0
none,cage,3,0,resnet,False,solarisation,lr,0.0001,0.0001,32,13,0.0706,1.8018,1.4617,0.8372,0.4643,nan,nan,nan,nan,0
none,cage,3,0,resnet,False,solarisation,lr,0.0001,0.0001,32,14,0.0538,1.9958,1.6055,0.7907,0.3095,nan,nan,nan,nan,0
none,cage,3,0,resnet,False,solarisation,lr,0.0001,0.0001,32,15,0.0808,2.7189,1.9198,0.8372,0.3929,nan,nan,nan,nan,0
none,cage,3,0,resnet,False,solarisation,lr,0.0001,0.0001,32,16,0.0350,3.0960,2.0958,0.8372,0.3929,nan,nan,nan,nan,0
none,cage,3,1,resnet,False,solarisation,lr,0.0001,0.0001,32,1,0.7269,0.6920,0.6487,0.8605,0.4802,nan,nan,nan,nan,0
none,cage,3,1,resnet,False,solarisation,lr,0.0001,0.0001,32,2,0.7047,0.6893,0.7214,0.2558,0.5952,nan,nan,nan,nan,0
none,cage,3,1,resnet,False,solarisation,lr,0.0001,0.0001,32,3,0.6555,0.6771,0.6886,0.6744,0.5913,nan,nan,nan,nan,0
none,cage,3,1,resnet,False,solarisation,lr,0.0001,0.0001,32,4,0.5729,0.8217,1.0142,0.1628,0.5675,nan,nan,nan,nan,0
none,cage,3,1,resnet,False,solarisation,lr,0.0001,0.0001,32,5,0.4688,0.7612,0.9291,0.4419,0.5516,0.7275,0.8922,0.4048,0.6122,1
none,cage,3,1,resnet,False,solarisation,lr,0.0001,0.0001,32,6,0.3651,0.7967,1.0496,0.3721,0.4286,nan,nan,nan,nan,0
none,cage,3,1,resnet,False,solarisation,lr,0.0001,0.0001,32,7,0.2562,1.0769,0.8976,0.8372,0.3254,nan,nan,nan,nan,0
none,cage,3,1,resnet,False,solarisation,lr,0.0001,0.0001,32,8,0.1809,1.2647,2.0990,0.2093,0.4563,nan,nan,nan,nan,0
none,cage,3,1,resnet,False,solarisation,lr,0.0001,0.0001,32,9,0.1380,1.1001,1.1368,0.7674,0.4722,nan,nan,nan,nan,0
none,cage,3,1,resnet,False,solarisation,lr,0.0001,0.0001,32,10,0.1008,0.9638,1.0796,0.7442,0.4603,nan,nan,nan,nan,0
none,cage,3,1,resnet,False,solarisation,lr,0.0001,0.0001,32,11,0.1077,0.9654,1.2225,0.6744,0.4087,nan,nan,nan,nan,0
none,cage,3,1,resnet,False,solarisation,lr,0.0001,0.0001,32,12,0.0644,1.3692,1.2617,0.8140,0.4206,nan,nan,nan,nan,0
none,cage,3,1,resnet,False,solarisation,lr,0.0001,0.0001,32,13,0.0432,1.8169,1.4808,0.8140,0.3929,nan,nan,nan,nan,0
none,cage,3,1,resnet,False,solarisation,lr,0.0001,0.0001,32,14,0.0663,1.7182,1.1881,0.8372,0.3810,nan,nan,nan,nan,0
none,cage,3,1,resnet,False,solarisation,lr,0.0001,0.0001,32,15,0.0662,0.8367,1.2870,0.5349,0.4881,nan,nan,nan,nan,0
none,cage,3,1,resnet,False,solarisation,lr,0.0001,0.0001,32,16,0.0656,1.5862,1.1006,0.8372,0.5675,nan,nan,nan,nan,0
none,cage,3,2,resnet,False,solarisation,lr,0.0001,0.0001,32,1,0.7274,0.7249,0.7975,0.1905,0.3787,nan,nan,nan,nan,0
none,cage,3,2,resnet,False,solarisation,lr,0.0001,0.0001,32,2,0.6952,0.7143,0.6498,0.8095,0.5074,nan,nan,nan,nan,0
none,cage,3,2,resnet,False,solarisation,lr,0.0001,0.0001,32,3,0.6694,0.7537,0.7714,0.2381,0.2059,nan,nan,nan,nan,0
none,cage,3,2,resnet,False,solarisation,lr,0.0001,0.0001,32,4,0.5916,0.7570,0.7850,0.4286,0.3640,nan,nan,nan,nan,0
none,cage,3,2,resnet,False,solarisation,lr,0.0001,0.0001,32,5,0.4876,0.8793,0.7831,0.7857,0.4669,0.7929,0.7134,0.8095,0.4980,1
none,cage,3,2,resnet,False,solarisation,lr,0.0001,0.0001,32,6,0.3664,0.9119,1.0210,0.4048,0.3051,nan,nan,nan,nan,0
none,cage,3,2,resnet,False,solarisation,lr,0.0001,0.0001,32,7,0.2689,0.9683,1.3369,0.1905,0.2610,nan,nan,nan,nan,0
none,cage,3,2,resnet,False,solarisation,lr,0.0001,0.0001,32,8,0.1794,1.1999,1.3380,0.4524,0.1654,nan,nan,nan,nan,0
none,cage,3,2,resnet,False,solarisation,lr,0.0001,0.0001,32,9,0.1461,1.2822,1.7940,0.1905,0.2647,nan,nan,nan,nan,0
none,cage,3,2,resnet,False,solarisation,lr,0.0001,0.0001,32,10,0.0871,1.2081,1.7024,0.2143,0.1581,nan,nan,nan,nan,0
none,cage,3,2,resnet,False,solarisation,lr,0.0001,0.0001,32,11,0.0746,1.7510,1.4485,0.7619,0.3419,nan,nan,nan,nan,0
none,cage,3,2,resnet,False,solarisation,lr,0.0001,0.0001,32,12,0.0911,2.1211,1.5317,0.8095,0.2684,nan,nan,nan,nan,0
none,cage,3,2,resnet,False,solarisation,lr,0.0001,0.0001,32,13,0.0620,1.6025,2.5194,0.1905,0.1654,nan,nan,nan,nan,0
none,cage,3,2,resnet,False,solarisation,lr,0.0001,0.0001,32,14,0.0748,3.3877,2.0875,0.7857,0.1949,nan,nan,nan,nan,0
none,cage,3,2,resnet,False,solarisation,lr,0.0001,0.0001,32,15,0.0581,1.6064,1.9100,0.6190,0.3419,nan,nan,nan,nan,0
none,cage,3,2,resnet,False,solarisation,lr,0.0001,0.0001,32,16,0.0562,1.4074,2.0451,0.4524,0.2868,nan,nan,nan,nan,0
none,cage,3,4,resnet,False,solarisation,lr,0.0001,0.0001,32,1,0.7310,0.7008,0.6947,0.6047,0.5000,nan,nan,nan,nan,0
none,cage,3,4,resnet,False,solarisation,lr,0.0001,0.0001,32,2,0.7001,0.7198,0.7037,0.7442,0.4071,nan,nan,nan,nan,0
none,cage,3,4,resnet,False,solarisation,lr,0.0001,0.0001,32,3,0.6579,0.7707,0.8877,0.1860,0.4571,nan,nan,nan,nan,0
none,cage,3,4,resnet,False,solarisation,lr,0.0001,0.0001,32,4,0.5657,0.7417,0.8285,0.4419,0.4857,nan,nan,nan,nan,0
none,cage,3,4,resnet,False,solarisation,lr,0.0001,0.0001,32,5,0.4526,0.7563,0.8770,0.4186,0.4607,0.6867,0.8017,0.3810,0.6122,1
none,cage,3,4,resnet,False,solarisation,lr,0.0001,0.0001,32,6,0.3441,0.9111,1.2628,0.3256,0.4179,nan,nan,nan,nan,0
none,cage,3,4,resnet,False,solarisation,lr,0.0001,0.0001,32,7,0.2437,0.9961,1.4085,0.2093,0.4071,nan,nan,nan,nan,0
none,cage,3,4,resnet,False,solarisation,lr,0.0001,0.0001,32,8,0.1767,1.1418,1.6434,0.2326,0.4357,nan,nan,nan,nan,0
none,cage,3,4,resnet,False,solarisation,lr,0.0001,0.0001,32,9,0.1283,1.2720,1.3568,0.6744,0.3464,nan,nan,nan,nan,0
none,cage,3,4,resnet,False,solarisation,lr,0.0001,0.0001,32,10,0.1047,1.6748,1.6319,0.7442,0.3036,nan,nan,nan,nan,0
none,cage,3,4,resnet,False,solarisation,lr,0.0001,0.0001,32,11,0.0878,1.9522,1.9577,0.7442,0.2536,nan,nan,nan,nan,0
none,cage,3,4,resnet,False,solarisation,lr,0.0001,0.0001,32,12,0.0802,3.1144,2.3526,0.7907,0.3143,nan,nan,nan,nan,0
none,cage,3,4,resnet,False,solarisation,lr,0.0001,0.0001,32,13,0.0707,1.2989,1.6116,0.6279,0.3464,nan,nan,nan,nan,0
none,cage,3,4,resnet,False,solarisation,lr,0.0001,0.0001,32,14,0.0573,1.8798,1.6065,0.7674,0.2929,nan,nan,nan,nan,0
none,cage,3,4,resnet,False,solarisation,lr,0.0001,0.0001,32,15,0.0380,1.5695,1.6795,0.6977,0.3429,nan,nan,nan,nan,0
none,cage,3,4,resnet,False,solarisation,lr,0.0001,0.0001,32,16,0.0358,1.8119,1.9097,0.6279,0.3214,nan,nan,nan,nan,0
none,cage,3,5,resnet,False,solarisation,lr,0.0001,0.0001,32,1,0.7323,0.7101,0.7932,0.2250,0.3907,nan,nan,nan,nan,0
none,cage,3,5,resnet,False,solarisation,lr,0.0001,0.0001,32,2,0.6948,0.6892,0.7450,0.3500,0.4875,nan,nan,nan,nan,0
none,cage,3,5,resnet,False,solarisation,lr,0.0001,0.0001,32,3,0.6494,0.7872,0.6825,0.7750,0.4050,nan,nan,nan,nan,0
none,cage,3,5,resnet,False,solarisation,lr,0.0001,0.0001,32,4,0.5777,0.7737,0.7343,0.6500,0.3226,nan,nan,nan,nan,0
none,cage,3,5,resnet,False,solarisation,lr,0.0001,0.0001,32,5,0.4947,0.8739,0.7757,0.7000,0.3333,nan,nan,nan,nan,1
none,cage,3,5,resnet,False,solarisation,lr,0.0001,0.0001,32,6,0.3702,1.5330,1.1344,0.7250,0.4050,nan,nan,nan,nan,0
none,cage,3,5,resnet,False,solarisation,lr,0.0001,0.0001,32,7,0.2828,0.9934,0.9219,0.7500,0.5233,nan,nan,nan,nan,1
none,cage,3,5,resnet,False,solarisation,lr,0.0001,0.0001,32,8,0.2015,1.2706,1.1108,0.7000,0.5090,nan,nan,nan,nan,1
none,cage,3,5,resnet,False,solarisation,lr,0.0001,0.0001,32,9,0.1551,2.5694,1.7177,0.7750,0.4731,nan,nan,nan,nan,1
none,cage,3,5,resnet,False,solarisation,lr,0.0001,0.0001,32,10,0.1374,1.7390,1.2741,0.7750,0.4695,nan,nan,nan,nan,1
none,cage,3,5,resnet,False,solarisation,lr,0.0001,0.0001,32,11,0.0880,2.0365,1.5105,0.7750,0.4910,nan,nan,nan,nan,1
none,cage,3,5,resnet,False,solarisation,lr,0.0001,0.0001,32,12,0.0749,3.3542,2.1177,0.7750,0.4624,nan,nan,nan,nan,0
none,cage,3,5,resnet,False,solarisation,lr,0.0001,0.0001,32,13,0.0627,2.6693,1.7511,0.7750,0.5125,nan,nan,nan,nan,0
none,cage,3,5,resnet,False,solarisation,lr,0.0001,0.0001,32,14,0.0522,2.6035,1.7286,0.7750,0.5591,1.9768,1.4013,0.8333,0.7347,1
none,cage,3,5,resnet,False,solarisation,lr,0.0001,0.0001,32,15,0.0368,3.0600,1.9890,0.7750,0.4839,nan,nan,nan,nan,0
none,cage,3,5,resnet,False,solarisation,lr,0.0001,0.0001,32,16,0.0651,2.1576,1.6396,0.7000,0.3763,nan,nan,nan,nan,0
none,cage,3,5,resnet,False,solarisation,lr,0.0001,0.0001,32,17,0.0705,2.0014,1.4638,0.7250,0.4373,nan,nan,nan,nan,0
none,cage,3,5,resnet,False,solarisation,lr,0.0001,0.0001,32,18,0.0461,2.9166,1.9856,0.7750,0.4731,nan,nan,nan,nan,0
none,cage,3,5,resnet,False,solarisation,lr,0.0001,0.0001,32,19,0.0235,2.9494,2.0642,0.7500,0.4767,nan,nan,nan,nan,0
none,cage,3,6,resnet,False,solarisation,lr,0.0001,0.0001,32,1,0.7300,0.7172,0.7540,0.1463,0.5810,nan,nan,nan,nan,0
none,cage,3,6,resnet,False,solarisation,lr,0.0001,0.0001,32,2,0.7045,0.7589,0.8225,0.1463,0.4000,nan,nan,nan,nan,0
none,cage,3,6,resnet,False,solarisation,lr,0.0001,0.0001,32,3,0.6737,0.7226,0.7355,0.2439,0.3810,nan,nan,nan,nan,0
none,cage,3,6,resnet,False,solarisation,lr,0.0001,0.0001,32,4,0.6213,0.7101,0.7687,0.4634,0.5000,nan,nan,nan,nan,0
none,cage,3,6,resnet,False,solarisation,lr,0.0001,0.0001,32,5,0.5320,0.9071,0.7614,0.8537,0.3476,0.9164,0.7171,0.8095,0.5265,1
none,cage,3,6,resnet,False,solarisation,lr,0.0001,0.0001,32,6,0.4200,1.1012,0.9467,0.8537,0.2762,nan,nan,nan,nan,0
none,cage,3,6,resnet,False,solarisation,lr,0.0001,0.0001,32,7,0.3192,1.0521,0.8914,0.8537,0.3476,nan,nan,nan,nan,0
none,cage,3,6,resnet,False,solarisation,lr,0.0001,0.0001,32,8,0.2370,0.8397,1.0301,0.6341,0.3524,nan,nan,nan,nan,0
none,cage,3,6,resnet,False,solarisation,lr,0.0001,0.0001,32,9,0.1693,1.4300,1.1577,0.8537,0.4524,nan,nan,nan,nan,0
none,cage,3,6,resnet,False,solarisation,lr,0.0001,0.0001,32,10,0.1471,0.8045,1.1134,0.4390,0.4238,nan,nan,nan,nan,0
none,cage,3,6,resnet,False,solarisation,lr,0.0001,0.0001,32,11,0.1051,1.3476,1.1961,0.8537,0.4143,nan,nan,nan,nan,0
none,cage,3,6,resnet,False,solarisation,lr,0.0001,0.0001,32,12,0.1003,2.1950,1.5724,0.8537,0.4571,nan,nan,nan,nan,0
none,cage,3,6,resnet,False,solarisation,lr,0.0001,0.0001,32,13,0.0640,1.7443,1.4086,0.8537,0.3905,nan,nan,nan,nan,0
none,cage,3,6,resnet,False,solarisation,lr,0.0001,0.0001,32,14,0.0464,0.9506,1.6183,0.4146,0.5286,nan,nan,nan,nan,0
none,cage,3,6,resnet,False,solarisation,lr,0.0001,0.0001,32,15,0.0682,1.9918,1.6431,0.8537,0.2810,nan,nan,nan,nan,0
none,cage,3,6,resnet,False,solarisation,lr,0.0001,0.0001,32,16,0.0577,2.7372,1.9046,0.8537,0.4714,nan,nan,nan,nan,0
none,cage,3,7,resnet,False,solarisation,lr,0.0001,0.0001,32,1,0.7317,0.7691,0.9400,0.1818,0.5069,nan,nan,nan,nan,0
none,cage,3,7,resnet,False,solarisation,lr,0.0001,0.0001,32,2,0.7082,0.6866,0.7383,0.2273,0.6215,nan,nan,nan,nan,0
none,cage,3,7,resnet,False,solarisation,lr,0.0001,0.0001,32,3,0.6689,0.7352,0.6698,0.6136,0.4549,nan,nan,nan,nan,0
none,cage,3,7,resnet,False,solarisation,lr,0.0001,0.0001,32,4,0.6172,0.6794,0.6850,0.6364,0.6285,nan,nan,nan,nan,0
none,cage,3,7,resnet,False,solarisation,lr,0.0001,0.0001,32,5,0.5153,0.8987,0.6346,0.8182,0.6181,nan,nan,nan,nan,1
none,cage,3,7,resnet,False,solarisation,lr,0.0001,0.0001,32,6,0.4123,0.6909,0.8956,0.4773,0.6319,nan,nan,nan,nan,1
none,cage,3,7,resnet,False,solarisation,lr,0.0001,0.0001,32,7,0.3185,0.9752,0.7842,0.7955,0.5938,nan,nan,nan,nan,0
none,cage,3,7,resnet,False,solarisation,lr,0.0001,0.0001,32,8,0.2236,0.9752,0.9059,0.8182,0.5903,nan,nan,nan,nan,1
none,cage,3,7,resnet,False,solarisation,lr,0.0001,0.0001,32,9,0.1548,1.0722,0.8771,0.8182,0.7535,nan,nan,nan,nan,1
none,cage,3,7,resnet,False,solarisation,lr,0.0001,0.0001,32,10,0.1396,1.5960,1.2157,0.7955,0.6111,nan,nan,nan,nan,0
none,cage,3,7,resnet,False,solarisation,lr,0.0001,0.0001,32,11,0.0818,2.0040,1.3866,0.8182,0.6111,nan,nan,nan,nan,0
none,cage,3,7,resnet,False,solarisation,lr,0.0001,0.0001,32,12,0.0638,1.0880,1.1989,0.8182,0.6111,nan,nan,nan,nan,0
none,cage,3,7,resnet,False,solarisation,lr,0.0001,0.0001,32,13,0.0566,1.9751,1.4152,0.8182,0.7292,nan,nan,nan,nan,1
none,cage,3,7,resnet,False,solarisation,lr,0.0001,0.0001,32,14,0.0794,1.9185,1.3229,0.8182,0.7708,nan,nan,nan,nan,0
none,cage,3,7,resnet,False,solarisation,lr,0.0001,0.0001,32,15,0.0718,2.4530,1.5181,0.8182,0.6424,2.9998,1.9346,0.8333,0.4367,1
none,cage,3,7,resnet,False,solarisation,lr,0.0001,0.0001,32,16,0.0455,0.9160,1.4044,0.6364,0.6111,nan,nan,nan,nan,0
none,cage,3,7,resnet,False,solarisation,lr,0.0001,0.0001,32,17,0.0535,3.7318,2.0304,0.8182,0.6250,nan,nan,nan,nan,0
none,cage,3,7,resnet,False,solarisation,lr,0.0001,0.0001,32,18,0.0426,2.6028,1.6179,0.8182,0.6597,nan,nan,nan,nan,0
none,cage,3,7,resnet,False,solarisation,lr,0.0001,0.0001,32,19,0.0465,1.8180,1.4088,0.8182,0.6111,nan,nan,nan,nan,0
none,cage,3,7,resnet,False,solarisation,lr,0.0001,0.0001,32,20,0.0716,2.1029,1.5180,0.8182,0.6354,nan,nan,nan,nan,0
none,cage,3,8,resnet,False,solarisation,lr,0.0001,0.0001,32,1,0.7289,0.7052,0.7711,0.1915,0.4872,nan,nan,nan,nan,0
none,cage,3,8,resnet,False,solarisation,lr,0.0001,0.0001,32,2,0.6983,0.7033,0.6367,0.8511,0.4423,nan,nan,nan,nan,0
none,cage,3,8,resnet,False,solarisation,lr,0.0001,0.0001,32,3,0.6446,0.6831,0.7656,0.5532,0.6122,nan,nan,nan,nan,0
none,cage,3,8,resnet,False,solarisation,lr,0.0001,0.0001,32,4,0.5863,0.6601,0.6856,0.7660,0.6378,nan,nan,nan,nan,0
none,cage,3,8,resnet,False,solarisation,lr,0.0001,0.0001,32,5,0.4808,0.9472,0.6660,0.8298,0.4808,nan,nan,nan,nan,1
none,cage,3,8,resnet,False,solarisation,lr,0.0001,0.0001,32,6,0.3749,0.9742,0.6987,0.8298,0.5577,nan,nan,nan,nan,1
none,cage,3,8,resnet,False,solarisation,lr,0.0001,0.0001,32,7,0.2720,1.1783,0.8579,0.8298,0.5096,nan,nan,nan,nan,1
none,cage,3,8,resnet,False,solarisation,lr,0.0001,0.0001,32,8,0.1845,1.2501,1.1633,0.7872,0.5609,nan,nan,nan,nan,0
none,cage,3,8,resnet,False,solarisation,lr,0.0001,0.0001,32,9,0.1700,1.2333,1.0837,0.8085,0.5994,nan,nan,nan,nan,0
none,cage,3,8,resnet,False,solarisation,lr,0.0001,0.0001,32,10,0.1242,1.5275,1.1452,0.8298,0.6731,1.0717,1.0028,0.8095,0.7918,1
none,cage,3,8,resnet,False,solarisation,lr,0.0001,0.0001,32,11,0.1089,1.6371,1.2259,0.8085,0.5545,nan,nan,nan,nan,0
none,cage,3,8,resnet,False,solarisation,lr,0.0001,0.0001,32,12,0.0942,2.5414,1.5081,0.8298,0.4583,nan,nan,nan,nan,0
none,cage,3,8,resnet,False,solarisation,lr,0.0001,0.0001,32,13,0.0718,1.0744,1.3103,0.7660,0.5833,nan,nan,nan,nan,0
none,cage,3,8,resnet,False,solarisation,lr,0.0001,0.0001,32,14,0.0630,1.5849,1.2788,0.8298,0.5545,nan,nan,nan,nan,0
none,cage,3,8,resnet,False,solarisation,lr,0.0001,0.0001,32,15,0.0486,2.6434,1.4875,0.8298,0.5897,nan,nan,nan,nan,0
none,cage,3,8,resnet,False,solarisation,lr,0.0001,0.0001,32,16,0.0278,2.5025,1.5708,0.8298,0.6122,nan,nan,nan,nan,0
none,cage,3,9,resnet,False,solarisation,lr,0.0001,0.0001,32,1,0.7355,0.6769,0.6882,0.5952,0.6768,nan,nan,nan,nan,0
none,cage,3,9,resnet,False,solarisation,lr,0.0001,0.0001,32,2,0.7000,0.7040,0.9100,0.2143,0.6869,nan,nan,nan,nan,0
none,cage,3,9,resnet,False,solarisation,lr,0.0001,0.0001,32,3,0.6640,0.7033,0.9195,0.2143,0.5993,nan,nan,nan,nan,0
none,cage,3,9,resnet,False,solarisation,lr,0.0001,0.0001,32,4,0.5751,0.7679,0.6564,0.7143,0.6498,nan,nan,nan,nan,0
none,cage,3,9,resnet,False,solarisation,lr,0.0001,0.0001,32,5,0.4769,1.2343,0.7644,0.7857,0.5354,0.9895,0.7393,0.8333,0.5510,1
none,cage,3,9,resnet,False,solarisation,lr,0.0001,0.0001,32,6,0.3520,1.7133,0.9996,0.7857,0.5051,nan,nan,nan,nan,0
none,cage,3,9,resnet,False,solarisation,lr,0.0001,0.0001,32,7,0.2496,0.7149,0.8701,0.6429,0.6162,nan,nan,nan,nan,0
none,cage,3,9,resnet,False,solarisation,lr,0.0001,0.0001,32,8,0.1979,1.2689,0.9095,0.7857,0.5589,nan,nan,nan,nan,0
none,cage,3,9,resnet,False,solarisation,lr,0.0001,0.0001,32,9,0.1353,2.1938,1.2456,0.7619,0.5556,nan,nan,nan,nan,0
none,cage,3,9,resnet,False,solarisation,lr,0.0001,0.0001,32,10,0.1014,1.6873,1.1381,0.8095,0.5859,nan,nan,nan,nan,0
none,cage,3,9,resnet,False,solarisation,lr,0.0001,0.0001,32,11,0.0802,1.8829,1.1458,0.7619,0.5724,nan,nan,nan,nan,0
none,cage,3,9,resnet,False,solarisation,lr,0.0001,0.0001,32,12,0.0758,1.6483,1.1735,0.7619,0.5993,nan,nan,nan,nan,0
none,cage,3,9,resnet,False,solarisation,lr,0.0001,0.0001,32,13,0.0397,1.4089,1.3753,0.6667,0.5051,nan,nan,nan,nan,0
none,cage,3,9,resnet,False,solarisation,lr,0.0001,0.0001,32,14,0.0552,1.6736,1.2585,0.7619,0.5421,nan,nan,nan,nan,0
none,cage,3,9,resnet,False,solarisation,lr,0.0001,0.0001,32,15,0.0533,1.8158,1.3393,0.7619,0.6263,nan,nan,nan,nan,0
none,cage,3,9,resnet,False,solarisation,lr,0.0001,0.0001,32,16,0.0574,0.9031,1.5291,0.6429,0.6532,nan,nan,nan,nan,0
none,cage,4,0,resnet,False,solarisation,lr,0.0001,0.0001,32,1,0.7251,0.7461,0.6346,0.8372,0.3571,nan,nan,nan,nan,0
none,cage,4,0,resnet,False,solarisation,lr,0.0001,0.0001,32,2,0.7002,0.7105,0.6649,0.8140,0.4167,nan,nan,nan,nan,0
none,cage,4,0,resnet,False,solarisation,lr,0.0001,0.0001,32,3,0.6705,0.8419,1.0353,0.1628,0.4246,nan,nan,nan,nan,0
none,cage,4,0,resnet,False,solarisation,lr,0.0001,0.0001,32,4,0.5963,0.7114,0.7203,0.6047,0.4762,nan,nan,nan,nan,0
none,cage,4,0,resnet,False,solarisation,lr,0.0001,0.0001,32,5,0.4923,0.7582,0.9640,0.1860,0.6349,nan,nan,nan,nan,1
none,cage,4,0,resnet,False,solarisation,lr,0.0001,0.0001,32,6,0.3730,0.8594,1.3009,0.3023,0.6429,nan,nan,nan,nan,1
none,cage,4,0,resnet,False,solarisation,lr,0.0001,0.0001,32,7,0.3057,0.7195,0.8791,0.7907,0.6111,nan,nan,nan,nan,1
none,cage,4,0,resnet,False,solarisation,lr,0.0001,0.0001,32,8,0.2216,1.9816,1.4052,0.8372,0.6548,nan,nan,nan,nan,1
none,cage,4,0,resnet,False,solarisation,lr,0.0001,0.0001,32,9,0.1224,1.5589,1.2284,0.8372,0.7103,2.3046,1.9403,0.8140,0.4286,1
none,cage,4,0,resnet,False,solarisation,lr,0.0001,0.0001,32,10,0.1089,0.8293,1.1061,0.6279,0.5873,nan,nan,nan,nan,0
none,cage,4,0,resnet,False,solarisation,lr,0.0001,0.0001,32,11,0.0936,0.8558,1.3066,0.6279,0.5714,nan,nan,nan,nan,0
none,cage,4,0,resnet,False,solarisation,lr,0.0001,0.0001,32,12,0.0635,1.3197,1.5255,0.7674,0.4881,nan,nan,nan,nan,0
none,cage,4,0,resnet,False,solarisation,lr,0.0001,0.0001,32,13,0.0842,1.4746,1.2921,0.8140,0.5000,nan,nan,nan,nan,0
none,cage,4,0,resnet,False,solarisation,lr,0.0001,0.0001,32,14,0.0589,1.8004,1.4338,0.8372,0.5198,nan,nan,nan,nan,0
none,cage,4,0,resnet,False,solarisation,lr,0.0001,0.0001,32,15,0.0682,1.6017,1.4729,0.8372,0.5952,nan,nan,nan,nan,0
none,cage,4,0,resnet,False,solarisation,lr,0.0001,0.0001,32,16,0.0613,2.1723,1.7272,0.8372,0.5437,nan,nan,nan,nan,0
none,cage,4,1,resnet,False,solarisation,lr,0.0001,0.0001,32,1,0.7271,0.7286,0.6251,0.8372,0.4603,nan,nan,nan,nan,0
none,cage,4,1,resnet,False,solarisation,lr,0.0001,0.0001,32,2,0.7120,0.6910,0.6817,0.7442,0.4921,nan,nan,nan,nan,0
none,cage,4,1,resnet,False,solarisation,lr,0.0001,0.0001,32,3,0.6804,0.6877,0.6411,0.7209,0.5952,nan,nan,nan,nan,0
none,cage,4,1,resnet,False,solarisation,lr,0.0001,0.0001,32,4,0.6193,0.7682,0.6262,0.8372,0.6230,nan,nan,nan,nan,0
none,cage,4,1,resnet,False,solarisation,lr,0.0001,0.0001,32,5,0.5297,0.7457,0.7126,0.7907,0.4643,nan,nan,nan,nan,1
none,cage,4,1,resnet,False,solarisation,lr,0.0001,0.0001,32,6,0.4018,0.7247,0.7831,0.6744,0.5397,0.7482,0.8527,0.6744,0.5036,1
none,cage,4,1,resnet,False,solarisation,lr,0.0001,0.0001,32,7,0.3223,0.9562,0.8685,0.8140,0.4484,nan,nan,nan,nan,0
none,cage,4,1,resnet,False,solarisation,lr,0.0001,0.0001,32,8,0.2289,1.2872,0.9356,0.8372,0.3016,nan,nan,nan,nan,0
none,cage,4,1,resnet,False,solarisation,lr,0.0001,0.0001,32,9,0.1603,0.8089,1.1068,0.6047,0.5040,nan,nan,nan,nan,0
none,cage,4,1,resnet,False,solarisation,lr,0.0001,0.0001,32,10,0.1424,2.3969,1.3483,0.8372,0.5397,nan,nan,nan,nan,0
none,cage,4,1,resnet,False,solarisation,lr,0.0001,0.0001,32,11,0.1041,1.1722,1.1007,0.8372,0.3968,nan,nan,nan,nan,0
none,cage,4,1,resnet,False,solarisation,lr,0.0001,0.0001,32,12,0.0822,2.0096,1.3306,0.8372,0.4365,nan,nan,nan,nan,0
none,cage,4,1,resnet,False,solarisation,lr,0.0001,0.0001,32,13,0.0751,1.7962,1.1746,0.8372,0.5159,nan,nan,nan,nan,0
none,cage,4,1,resnet,False,solarisation,lr,0.0001,0.0001,32,14,0.0703,1.3582,1.0290,0.8372,0.5794,nan,nan,nan,nan,0
none,cage,4,1,resnet,False,solarisation,lr,0.0001,0.0001,32,15,0.0618,1.6429,1.2091,0.8372,0.5476,nan,nan,nan,nan,0
none,cage,4,1,resnet,False,solarisation,lr,0.0001,0.0001,32,16,0.0477,1.8469,1.2230,0.8372,0.5119,nan,nan,nan,nan,0
none,cage,4,2,resnet,False,solarisation,lr,0.0001,0.0001,32,1,0.7186,0.7178,0.6313,0.8095,0.6029,nan,nan,nan,nan,0
none,cage,4,2,resnet,False,solarisation,lr,0.0001,0.0001,32,2,0.7118,0.6798,0.6879,0.6905,0.6176,nan,nan,nan,nan,0
none,cage,4,2,resnet,False,solarisation,lr,0.0001,0.0001,32,3,0.6483,0.7127,0.7859,0.3333,0.4228,nan,nan,nan,nan,0
none,cage,4,2,resnet,False,solarisation,lr,0.0001,0.0001,32,4,0.5799,0.7493,0.8307,0.5238,0.4338,nan,nan,nan,nan,0
none,cage,4,2,resnet,False,solarisation,lr,0.0001,0.0001,32,5,0.4800,0.8595,1.0770,0.3095,0.2904,0.7568,0.9588,0.2558,0.4643,1
none,cage,4,2,resnet,False,solarisation,lr,0.0001,0.0001,32,6,0.3649,0.8136,0.9294,0.5238,0.3860,nan,nan,nan,nan,0
none,cage,4,2,resnet,False,solarisation,lr,0.0001,0.0001,32,7,0.2733,1.2205,0.9256,0.8095,0.4301,nan,nan,nan,nan,0
none,cage,4,2,resnet,False,solarisation,lr,0.0001,0.0001,32,8,0.1997,1.1457,1.0924,0.8095,0.5441,nan,nan,nan,nan,0
none,cage,4,2,resnet,False,solarisation,lr,0.0001,0.0001,32,9,0.1423,1.2803,1.1292,0.7381,0.4228,nan,nan,nan,nan,0
none,cage,4,2,resnet,False,solarisation,lr,0.0001,0.0001,32,10,0.1033,2.3801,1.4664,0.8095,0.4743,nan,nan,nan,nan,0
none,cage,4,2,resnet,False,solarisation,lr,0.0001,0.0001,32,11,0.0855,1.9317,1.6425,0.7619,0.3787,nan,nan,nan,nan,0
none,cage,4,2,resnet,False,solarisation,lr,0.0001,0.0001,32,12,0.0882,2.6348,1.6601,0.8095,0.3824,nan,nan,nan,nan,0
none,cage,4,2,resnet,False,solarisation,lr,0.0001,0.0001,32,13,0.0581,2.2351,1.5797,0.8095,0.4265,nan,nan,nan,nan,0
none,cage,4,2,resnet,False,solarisation,lr,0.0001,0.0001,32,14,0.0612,1.6319,1.9709,0.6190,0.3051,nan,nan,nan,nan,0
none,cage,4,2,resnet,False,solarisation,lr,0.0001,0.0001,32,15,0.0666,1.8855,1.6212,0.7857,0.4412,nan,nan,nan,nan,0
none,cage,4,2,resnet,False,solarisation,lr,0.0001,0.0001,32,16,0.0276,2.3524,1.8227,0.8095,0.3640,nan,nan,nan,nan,0
none,cage,4,3,resnet,False,solarisation,lr,0.0001,0.0001,32,1,0.7297,0.6964,0.6560,0.8333,0.5429,nan,nan,nan,nan,0
none,cage,4,3,resnet,False,solarisation,lr,0.0001,0.0001,32,2,0.7017,0.6952,0.6990,0.5238,0.5347,nan,nan,nan,nan,0
none,cage,4,3,resnet,False,solarisation,lr,0.0001,0.0001,32,3,0.6714,0.7258,0.7506,0.5000,0.4531,nan,nan,nan,nan,0
none,cage,4,3,resnet,False,solarisation,lr,0.0001,0.0001,32,4,0.6061,0.7394,0.8546,0.3095,0.5020,nan,nan,nan,nan,0
none,cage,4,3,resnet,False,solarisation,lr,0.0001,0.0001,32,5,0.5091,0.7478,0.6858,0.7381,0.5143,nan,nan,nan,nan,1
none,cage,4,3,resnet,False,solarisation,lr,0.0001,0.0001,32,6,0.4009,0.9109,0.7911,0.8095,0.4939,nan,nan,nan,nan,0
none,cage,4,3,resnet,False,solarisation,lr,0.0001,0.0001,32,7,0.3124,1.2558,0.8663,0.8333,0.5347,nan,nan,nan,nan,0
none,cage,4,3,resnet,False,solarisation,lr,0.0001,0.0001,32,8,0.2203,1.1157,0.8990,0.8333,0.6041,nan,nan,nan,nan,1
none,cage,4,3,resnet,False,solarisation,lr,0.0001,0.0001,32,9,0.1703,0.8733,0.8745,0.7619,0.6735,nan,nan,nan,nan,1
none,cage,4,3,resnet,False,solarisation,lr,0.0001,0.0001,32,10,0.1120,1.6251,1.2683,0.8333,0.5592,nan,nan,nan,nan,1
none,cage,4,3,resnet,False,solarisation,lr,0.0001,0.0001,32,11,0.0914,2.2004,1.4352,0.8333,0.6531,2.4464,1.8599,0.7907,0.4643,1
none,cage,4,3,resnet,False,solarisation,lr,0.0001,0.0001,32,12,0.0843,3.5075,2.1612,0.8333,0.5143,nan,nan,nan,nan,0
none,cage,4,3,resnet,False,solarisation,lr,0.0001,0.0001,32,13,0.0783,2.3618,1.6413,0.8333,0.4898,nan,nan,nan,nan,0
none,cage,4,3,resnet,False,solarisation,lr,0.0001,0.0001,32,14,0.0601,2.7069,1.7775,0.8333,0.4735,nan,nan,nan,nan,0
none,cage,4,3,resnet,False,solarisation,lr,0.0001,0.0001,32,15,0.0698,2.3725,1.6978,0.8333,0.3878,nan,nan,nan,nan,0
none,cage,4,3,resnet,False,solarisation,lr,0.0001,0.0001,32,16,0.0439,1.7803,1.5939,0.7381,0.4612,nan,nan,nan,nan,0
none,cage,4,5,resnet,False,solarisation,lr,0.0001,0.0001,32,1,0.7273,0.7034,0.7041,0.5000,0.4659,nan,nan,nan,nan,0
none,cage,4,5,resnet,False,solarisation,lr,0.0001,0.0001,32,2,0.7038,0.7237,0.6764,0.7750,0.3907,nan,nan,nan,nan,0
none,cage,4,5,resnet,False,solarisation,lr,0.0001,0.0001,32,3,0.6614,0.7022,0.8386,0.2750,0.4444,nan,nan,nan,nan,0
none,cage,4,5,resnet,False,solarisation,lr,0.0001,0.0001,32,4,0.5916,0.7579,0.7870,0.4250,0.3871,nan,nan,nan,nan,0
none,cage,4,5,resnet,False,solarisation,lr,0.0001,0.0001,32,5,0.4909,0.8153,0.8460,0.4500,0.2867,nan,nan,nan,nan,1
none,cage,4,5,resnet,False,solarisation,lr,0.0001,0.0001,32,6,0.3899,1.4726,1.0536,0.7750,0.4516,nan,nan,nan,nan,0
none,cage,4,5,resnet,False,solarisation,lr,0.0001,0.0001,32,7,0.2483,2.4067,1.6922,0.7750,0.3728,nan,nan,nan,nan,0
none,cage,4,5,resnet,False,solarisation,lr,0.0001,0.0001,32,8,0.2117,1.3060,1.1945,0.7500,0.4516,nan,nan,nan,nan,0
none,cage,4,5,resnet,False,solarisation,lr,0.0001,0.0001,32,9,0.1594,0.9791,1.6694,0.2000,0.4839,nan,nan,nan,nan,1
none,cage,4,5,resnet,False,solarisation,lr,0.0001,0.0001,32,10,0.0936,1.0371,1.4340,0.4750,0.3763,nan,nan,nan,nan,1
none,cage,4,5,resnet,False,solarisation,lr,0.0001,0.0001,32,11,0.0666,3.4566,2.2385,0.7750,0.4301,nan,nan,nan,nan,0
none,cage,4,5,resnet,False,solarisation,lr,0.0001,0.0001,32,12,0.0799,2.9201,2.0262,0.7750,0.4624,2.4142,2.1274,0.8140,0.4929,1
none,cage,4,5,resnet,False,solarisation,lr,0.0001,0.0001,32,13,0.0913,1.8500,1.6447,0.7000,0.4588,nan,nan,nan,nan,0
none,cage,4,5,resnet,False,solarisation,lr,0.0001,0.0001,32,14,0.0550,3.7431,2.4397,0.7750,0.4552,nan,nan,nan,nan,0
none,cage,4,5,resnet,False,solarisation,lr,0.0001,0.0001,32,15,0.0637,3.2669,2.2169,0.7750,0.3620,nan,nan,nan,nan,0
none,cage,4,5,resnet,False,solarisation,lr,0.0001,0.0001,32,16,0.0725,2.6207,2.0713,0.7500,0.3799,nan,nan,nan,nan,0
none,cage,4,5,resnet,False,solarisation,lr,0.0001,0.0001,32,17,0.0444,4.2634,2.7655,0.7750,0.3799,nan,nan,nan,nan,0
none,cage,4,6,resnet,False,solarisation,lr,0.0001,0.0001,32,1,0.7222,0.6936,0.6819,0.7805,0.4524,nan,nan,nan,nan,0
none,cage,4,6,resnet,False,solarisation,lr,0.0001,0.0001,32,2,0.6941,0.6957,0.6695,0.8293,0.4286,nan,nan,nan,nan,0
none,cage,4,6,resnet,False,solarisation,lr,0.0001,0.0001,32,3,0.6685,0.7060,0.7104,0.5854,0.4524,nan,nan,nan,nan,0
none,cage,4,6,resnet,False,solarisation,lr,0.0001,0.0001,32,4,0.6009,1.0874,0.7836,0.8537,0.3905,nan,nan,nan,nan,0
none,cage,4,6,resnet,False,solarisation,lr,0.0001,0.0001,32,5,0.5165,0.7721,0.8837,0.2683,0.2667,0.6939,0.8085,0.4884,0.5750,1
none,cage,4,6,resnet,False,solarisation,lr,0.0001,0.0001,32,6,0.4013,0.9697,0.9484,0.7805,0.3381,nan,nan,nan,nan,0
none,cage,4,6,resnet,False,solarisation,lr,0.0001,0.0001,32,7,0.3061,1.0417,1.0307,0.7317,0.3952,nan,nan,nan,nan,0
none,cage,4,6,resnet,False,solarisation,lr,0.0001,0.0001,32,8,0.2200,1.6288,1.3050,0.8537,0.3619,nan,nan,nan,nan,0
none,cage,4,6,resnet,False,solarisation,lr,0.0001,0.0001,32,9,0.1910,1.9594,1.4035,0.8537,0.4429,nan,nan,nan,nan,0
none,cage,4,6,resnet,False,solarisation,lr,0.0001,0.0001,32,10,0.1327,1.7724,1.5738,0.8049,0.3143,nan,nan,nan,nan,0
none,cage,4,6,resnet,False,solarisation,lr,0.0001,0.0001,32,11,0.0986,0.9512,1.4659,0.5610,0.3333,nan,nan,nan,nan,0
none,cage,4,6,resnet,False,solarisation,lr,0.0001,0.0001,32,12,0.0953,2.0811,1.6216,0.8537,0.4095,nan,nan,nan,nan,0
none,cage,4,6,resnet,False,solarisation,lr,0.0001,0.0001,32,13,0.0591,1.9548,1.4941,0.8537,0.3857,nan,nan,nan,nan,0
none,cage,4,6,resnet,False,solarisation,lr,0.0001,0.0001,32,14,0.0451,1.9895,1.6922,0.8537,0.3667,nan,nan,nan,nan,0
none,cage,4,6,resnet,False,solarisation,lr,0.0001,0.0001,32,15,0.0298,2.5776,1.9974,0.8537,0.3476,nan,nan,nan,nan,0
none,cage,4,6,resnet,False,solarisation,lr,0.0001,0.0001,32,16,0.0692,1.5547,1.4701,0.7317,0.3000,nan,nan,nan,nan,0
none,cage,4,7,resnet,False,solarisation,lr,0.0001,0.0001,32,1,0.7406,0.7050,0.6456,0.8182,0.5208,nan,nan,nan,nan,0
none,cage,4,7,resnet,False,solarisation,lr,0.0001,0.0001,32,2,0.6999,0.7224,0.8055,0.1818,0.5174,nan,nan,nan,nan,0
none,cage,4,7,resnet,False,solarisation,lr,0.0001,0.0001,32,3,0.6649,0.7166,0.8261,0.2273,0.5000,nan,nan,nan,nan,0
none,cage,4,7,resnet,False,solarisation,lr,0.0001,0.0001,32,4,0.6134,0.7499,0.6257,0.7955,0.6771,nan,nan,nan,nan,0
none,cage,4,7,resnet,False,solarisation,lr,0.0001,0.0001,32,5,0.5072,0.8521,1.1997,0.1818,0.7014,nan,nan,nan,nan,1
none,cage,4,7,resnet,False,solarisation,lr,0.0001,0.0001,32,6,0.4040,0.9413,0.7257,0.7955,0.6910,nan,nan,nan,nan,1
none,cage,4,7,resnet,False,solarisation,lr,0.0001,0.0001,32,7,0.3064,1.1508,0.8883,0.7955,0.6146,nan,nan,nan,nan,1
none,cage,4,7,resnet,False,solarisation,lr,0.0001,0.0001,32,8,0.2266,1.0995,0.8679,0.8182,0.7951,nan,nan,nan,nan,1
none,cage,4,7,resnet,False,solarisation,lr,0.0001,0.0001,32,9,0.1742,2.0263,1.2284,0.8182,0.7674,2.4816,1.9813,0.8140,0.4607,1
none,cage,4,7,resnet,False,solarisation,lr,0.0001,0.0001,32,10,0.1255,0.8940,1.1244,0.8182,0.6458,nan,nan,nan,nan,0
none,cage,4,7,resnet,False,solarisation,lr,0.0001,0.0001,32,11,0.1048,2.1255,1.5375,0.8182,0.7083,nan,nan,nan,nan,0
none,cage,4,7,resnet,False,solarisation,lr,0.0001,0.0001,32,12,0.0899,1.0938,1.2487,0.8409,0.6632,nan,nan,nan,nan,0
none,cage,4,7,resnet,False,solarisation,lr,0.0001,0.0001,32,13,0.0610,1.4541,1.2756,0.7955,0.6076,nan,nan,nan,nan,0
none,cage,4,7,resnet,False,solarisation,lr,0.0001,0.0001,32,14,0.0767,1.2183,1.1894,0.7500,0.6597,nan,nan,nan,nan,0
none,cage,4,7,resnet,False,solarisation,lr,0.0001,0.0001,32,15,0.0787,0.9722,1.3150,0.7500,0.5903,nan,nan,nan,nan,0
none,cage,4,7,resnet,False,solarisation,lr,0.0001,0.0001,32,16,0.0534,1.5659,1.4003,0.7727,0.6250,nan,nan,nan,nan,0
none,cage,4,8,resnet,False,solarisation,lr,0.0001,0.0001,32,1,0.7387,0.7034,0.6997,0.4255,0.3429,nan,nan,nan,nan,0
none,cage,4,8,resnet,False,solarisation,lr,0.0001,0.0001,32,2,0.7036,0.7338,0.6650,0.7660,0.3077,nan,nan,nan,nan,0
none,cage,4,8,resnet,False,solarisation,lr,0.0001,0.0001,32,3,0.6405,0.7105,0.7872,0.2553,0.4551,nan,nan,nan,nan,0
none,cage,4,8,resnet,False,solarisation,lr,0.0001,0.0001,32,4,0.5705,0.7773,0.9957,0.2340,0.5000,nan,nan,nan,nan,0
none,cage,4,8,resnet,False,solarisation,lr,0.0001,0.0001,32,5,0.4542,0.8513,1.1747,0.2340,0.4904,nan,nan,nan,nan,1
none,cage,4,8,resnet,False,solarisation,lr,0.0001,0.0001,32,6,0.3624,0.8724,0.9272,0.6809,0.4135,nan,nan,nan,nan,1
none,cage,4,8,resnet,False,solarisation,lr,0.0001,0.0001,32,7,0.2625,0.9127,1.1514,0.4681,0.3718,nan,nan,nan,nan,1
none,cage,4,8,resnet,False,solarisation,lr,0.0001,0.0001,32,8,0.1982,1.5392,1.1654,0.7660,0.3494,nan,nan,nan,nan,0
none,cage,4,8,resnet,False,solarisation,lr,0.0001,0.0001,32,9,0.1681,1.4135,1.1753,0.7021,0.3974,nan,nan,nan,nan,0
none,cage,4,8,resnet,False,solarisation,lr,0.0001,0.0001,32,10,0.1046,1.2512,1.3900,0.6596,0.3494,nan,nan,nan,nan,0
none,cage,4,8,resnet,False,solarisation,lr,0.0001,0.0001,32,11,0.1090,1.6211,1.2155,0.7660,0.4455,nan,nan,nan,nan,0
none,cage,4,8,resnet,False,solarisation,lr,0.0001,0.0001,32,12,0.0661,1.2195,1.4107,0.7872,0.5160,nan,nan,nan,nan,0
none,cage,4,8,resnet,False,solarisation,lr,0.0001,0.0001,32,13,0.0695,1.0028,1.6059,0.5745,0.4808,nan,nan,nan,nan,0
none,cage,4,8,resnet,False,solarisation,lr,0.0001,0.0001,32,14,0.0940,1.8713,1.3948,0.7872,0.4231,nan,nan,nan,nan,0
none,cage,4,8,resnet,False,solarisation,lr,0.0001,0.0001,32,15,0.0599,1.4182,1.1750,0.7872,0.4712,1.3864,1.4181,0.7674,0.4000,1
none,cage,4,8,resnet,False,solarisation,lr,0.0001,0.0001,32,16,0.0313,2.9105,1.7252,0.8298,0.3814,nan,nan,nan,nan,0
none,cage,4,8,resnet,False,solarisation,lr,0.0001,0.0001,32,17,0.0252,3.0382,1.8188,0.8298,0.3910,nan,nan,nan,nan,0
none,cage,4,8,resnet,False,solarisation,lr,0.0001,0.0001,32,18,0.0407,1.8244,1.6809,0.7234,0.2917,nan,nan,nan,nan,0
none,cage,4,8,resnet,False,solarisation,lr,0.0001,0.0001,32,19,0.0482,2.2882,1.6851,0.8085,0.4423,nan,nan,nan,nan,0
none,cage,4,8,resnet,False,solarisation,lr,0.0001,0.0001,32,20,0.0325,2.5513,1.8176,0.7872,0.3173,nan,nan,nan,nan,0
none,cage,4,9,resnet,False,solarisation,lr,0.0001,0.0001,32,1,0.7243,0.7426,0.6338,0.7857,0.6330,nan,nan,nan,nan,0
none,cage,4,9,resnet,False,solarisation,lr,0.0001,0.0001,32,2,0.6889,0.6801,0.6945,0.5476,0.6162,nan,nan,nan,nan,0
none,cage,4,9,resnet,False,solarisation,lr,0.0001,0.0001,32,3,0.6467,0.6678,0.6634,0.7143,0.7172,nan,nan,nan,nan,0
none,cage,4,9,resnet,False,solarisation,lr,0.0001,0.0001,32,4,0.5720,0.8155,0.6349,0.8095,0.7239,nan,nan,nan,nan,0
none,cage,4,9,resnet,False,solarisation,lr,0.0001,0.0001,32,5,0.4481,0.6061,0.6669,0.7381,0.7710,nan,nan,nan,nan,1
none,cage,4,9,resnet,False,solarisation,lr,0.0001,0.0001,32,6,0.3442,1.0739,0.7610,0.8095,0.6599,nan,nan,nan,nan,1
none,cage,4,9,resnet,False,solarisation,lr,0.0001,0.0001,32,7,0.2444,1.2845,0.9178,0.8095,0.7172,1.4865,1.3702,0.7674,0.4143,1
none,cage,4,9,resnet,False,solarisation,lr,0.0001,0.0001,32,8,0.1732,0.7933,1.4014,0.2619,0.7104,nan,nan,nan,nan,0
none,cage,4,9,resnet,False,solarisation,lr,0.0001,0.0001,32,9,0.1595,1.4627,1.0090,0.7857,0.6128,nan,nan,nan,nan,0
none,cage,4,9,resnet,False,solarisation,lr,0.0001,0.0001,32,10,0.1035,2.0108,1.1566,0.7857,0.6027,nan,nan,nan,nan,0
none,cage,4,9,resnet,False,solarisation,lr,0.0001,0.0001,32,11,0.0598,0.9591,0.9530,0.8095,0.7239,nan,nan,nan,nan,0
none,cage,4,9,resnet,False,solarisation,lr,0.0001,0.0001,32,12,0.0737,2.1913,1.2757,0.8095,0.6667,nan,nan,nan,nan,0
none,cage,4,9,resnet,False,solarisation,lr,0.0001,0.0001,32,13,0.0639,2.3465,1.3732,0.7857,0.5859,nan,nan,nan,nan,0
none,cage,4,9,resnet,False,solarisation,lr,0.0001,0.0001,32,14,0.0603,2.4098,1.4232,0.7857,0.6263,nan,nan,nan,nan,0
none,cage,4,9,resnet,False,solarisation,lr,0.0001,0.0001,32,15,0.0462,1.7121,1.2674,0.7857,0.6498,nan,nan,nan,nan,0
none,cage,4,9,resnet,False,solarisation,lr,0.0001,0.0001,32,16,0.0486,1.8838,1.2445,0.7857,0.6801,nan,nan,nan,nan,0
none,cage,5,0,resnet,False,solarisation,lr,0.0001,0.0001,32,1,0.7319,0.7126,0.7486,0.1628,0.4325,nan,nan,nan,nan,0
none,cage,5,0,resnet,False,solarisation,lr,0.0001,0.0001,32,2,0.6977,0.7207,0.7892,0.1628,0.4841,nan,nan,nan,nan,0
none,cage,5,0,resnet,False,solarisation,lr,0.0001,0.0001,32,3,0.6613,0.7964,0.6655,0.8372,0.4286,nan,nan,nan,nan,0
none,cage,5,0,resnet,False,solarisation,lr,0.0001,0.0001,32,4,0.5827,1.0212,0.7514,0.8372,0.3135,nan,nan,nan,nan,0
none,cage,5,0,resnet,False,solarisation,lr,0.0001,0.0001,32,5,0.4728,0.8347,1.0398,0.4186,0.4365,0.7670,0.9420,0.4750,0.4767,1
none,cage,5,0,resnet,False,solarisation,lr,0.0001,0.0001,32,6,0.3474,1.3858,1.0029,0.8372,0.3175,nan,nan,nan,nan,0
none,cage,5,0,resnet,False,solarisation,lr,0.0001,0.0001,32,7,0.2586,1.4464,1.0885,0.8372,0.4008,nan,nan,nan,nan,0
none,cage,5,0,resnet,False,solarisation,lr,0.0001,0.0001,32,8,0.1750,2.0904,1.4847,0.8140,0.3214,nan,nan,nan,nan,0
none,cage,5,0,resnet,False,solarisation,lr,0.0001,0.0001,32,9,0.1386,2.7697,1.8255,0.8372,0.3452,nan,nan,nan,nan,0
none,cage,5,0,resnet,False,solarisation,lr,0.0001,0.0001,32,10,0.0915,1.7882,1.5778,0.7674,0.2698,nan,nan,nan,nan,0
none,cage,5,0,resnet,False,solarisation,lr,0.0001,0.0001,32,11,0.0986,2.1820,1.5442,0.8372,0.3135,nan,nan,nan,nan,0
none,cage,5,0,resnet,False,solarisation,lr,0.0001,0.0001,32,12,0.0666,2.1294,1.6171,0.8140,0.2937,nan,nan,nan,nan,0
none,cage,5,0,resnet,False,solarisation,lr,0.0001,0.0001,32,13,0.0527,2.3976,1.7611,0.8372,0.2500,nan,nan,nan,nan,0
none,cage,5,0,resnet,False,solarisation,lr,0.0001,0.0001,32,14,0.0703,2.6124,1.8212,0.8372,0.3016,nan,nan,nan,nan,0
none,cage,5,0,resnet,False,solarisation,lr,0.0001,0.0001,32,15,0.0520,3.7417,2.5332,0.8372,0.3095,nan,nan,nan,nan,0
none,cage,5,0,resnet,False,solarisation,lr,0.0001,0.0001,32,16,0.0500,4.1679,2.6918,0.8372,0.3651,nan,nan,nan,nan,0
none,cage,5,1,resnet,False,solarisation,lr,0.0001,0.0001,32,1,0.7236,0.7228,0.8223,0.1628,0.5040,nan,nan,nan,nan,0
none,cage,5,1,resnet,False,solarisation,lr,0.0001,0.0001,32,2,0.7029,0.6976,0.6528,0.7907,0.5079,nan,nan,nan,nan,0
none,cage,5,1,resnet,False,solarisation,lr,0.0001,0.0001,32,3,0.6783,0.7158,0.7952,0.4186,0.5159,nan,nan,nan,nan,0
none,cage,5,1,resnet,False,solarisation,lr,0.0001,0.0001,32,4,0.6134,0.7556,0.6591,0.7674,0.4524,nan,nan,nan,nan,0
none,cage,5,1,resnet,False,solarisation,lr,0.0001,0.0001,32,5,0.5320,0.7492,0.6738,0.7907,0.4524,nan,nan,nan,nan,1
none,cage,5,1,resnet,False,solarisation,lr,0.0001,0.0001,32,6,0.4055,1.1868,0.8097,0.8372,0.4524,nan,nan,nan,nan,0
none,cage,5,1,resnet,False,solarisation,lr,0.0001,0.0001,32,7,0.3127,0.7832,0.7790,0.7209,0.5198,nan,nan,nan,nan,0
none,cage,5,1,resnet,False,solarisation,lr,0.0001,0.0001,32,8,0.2142,0.7874,0.9065,0.6512,0.5317,nan,nan,nan,nan,0
none,cage,5,1,resnet,False,solarisation,lr,0.0001,0.0001,32,9,0.1666,1.3164,0.9123,0.8372,0.5754,nan,nan,nan,nan,1
none,cage,5,1,resnet,False,solarisation,lr,0.0001,0.0001,32,10,0.1341,1.6416,1.0616,0.8372,0.5675,nan,nan,nan,nan,1
none,cage,5,1,resnet,False,solarisation,lr,0.0001,0.0001,32,11,0.1115,1.1553,1.0675,0.7907,0.5159,1.6119,1.3899,0.7000,0.4373,1
none,cage,5,1,resnet,False,solarisation,lr,0.0001,0.0001,32,12,0.0873,1.1980,1.1648,0.6977,0.4405,nan,nan,nan,nan,0
none,cage,5,1,resnet,False,solarisation,lr,0.0001,0.0001,32,13,0.0867,1.6755,1.2051,0.7907,0.3254,nan,nan,nan,nan,0
none,cage,5,1,resnet,False,solarisation,lr,0.0001,0.0001,32,14,0.0651,1.0983,1.1173,0.7442,0.4048,nan,nan,nan,nan,0
none,cage,5,1,resnet,False,solarisation,lr,0.0001,0.0001,32,15,0.0390,1.2035,1.3703,0.6977,0.4286,nan,nan,nan,nan,0
none,cage,5,1,resnet,False,solarisation,lr,0.0001,0.0001,32,16,0.0446,2.1654,1.4081,0.8372,0.5040,nan,nan,nan,nan,0
none,cage,5,2,resnet,False,solarisation,lr,0.0001,0.0001,32,1,0.7223,0.7049,0.6929,0.6905,0.4191,nan,nan,nan,nan,0
none,cage,5,2,resnet,False,solarisation,lr,0.0001,0.0001,32,2,0.7049,0.7078,0.7723,0.1905,0.3971,nan,nan,nan,nan,0
none,cage,5,2,resnet,False,solarisation,lr,0.0001,0.0001,32,3,0.6531,0.7313,0.7107,0.6429,0.4007,nan,nan,nan,nan,0
none,cage,5,2,resnet,False,solarisation,lr,0.0001,0.0001,32,4,0.5790,0.7668,0.7287,0.6667,0.4118,nan,nan,nan,nan,0
none,cage,5,2,resnet,False,solarisation,lr,0.0001,0.0001,32,5,0.4761,0.8051,0.9680,0.2857,0.3750,nan,nan,nan,nan,1
none,cage,5,2,resnet,False,solarisation,lr,0.0001,0.0001,32,6,0.3790,0.8517,1.0589,0.2381,0.3787,nan,nan,nan,nan,0
none,cage,5,2,resnet,False,solarisation,lr,0.0001,0.0001,32,7,0.2873,1.7503,1.1621,0.7857,0.3860,nan,nan,nan,nan,0
none,cage,5,2,resnet,False,solarisation,lr,0.0001,0.0001,32,8,0.1875,1.6547,1.2163,0.8333,0.4522,nan,nan,nan,nan,0
none,cage,5,2,resnet,False,solarisation,lr,0.0001,0.0001,32,9,0.1568,1.9528,1.3349,0.8095,0.5184,nan,nan,nan,nan,1
none,cage,5,2,resnet,False,solarisation,lr,0.0001,0.0001,32,10,0.1083,2.1325,1.5898,0.7857,0.4265,nan,nan,nan,nan,1
none,cage,5,2,resnet,False,solarisation,lr,0.0001,0.0001,32,11,0.0865,1.4305,1.5506,0.7143,0.5368,nan,nan,nan,nan,1
none,cage,5,2,resnet,False,solarisation,lr,0.0001,0.0001,32,12,0.0706,2.9407,1.9292,0.7857,0.4522,3.1126,2.1996,0.7750,0.3226,1
none,cage,5,2,resnet,False,solarisation,lr,0.0001,0.0001,32,13,0.0805,2.4216,1.6655,0.8095,0.4191,nan,nan,nan,nan,0
none,cage,5,2,resnet,False,solarisation,lr,0.0001,0.0001,32,14,0.0545,3.2212,2.0152,0.8095,0.4926,nan,nan,nan,nan,0
none,cage,5,2,resnet,False,solarisation,lr,0.0001,0.0001,32,15,0.0364,3.3914,2.1162,0.8095,0.4301,nan,nan,nan,nan,0
none,cage,5,2,resnet,False,solarisation,lr,0.0001,0.0001,32,16,0.0430,3.9130,2.3655,0.8095,0.4485,nan,nan,nan,nan,0
none,cage,5,2,resnet,False,solarisation,lr,0.0001,0.0001,32,17,0.0495,2.3899,1.8127,0.8095,0.4669,nan,nan,nan,nan,0
none,cage,5,3,resnet,False,solarisation,lr,0.0001,0.0001,32,1,0.7317,0.7054,0.7571,0.1667,0.6204,nan,nan,nan,nan,0
none,cage,5,3,resnet,False,solarisation,lr,0.0001,0.0001,32,2,0.6954,0.6817,0.7363,0.5238,0.6367,nan,nan,nan,nan,0
none,cage,5,3,resnet,False,solarisation,lr,0.0001,0.0001,32,3,0.6505,0.7409,0.8471,0.1667,0.4694,nan,nan,nan,nan,0
none,cage,5,3,resnet,False,solarisation,lr,0.0001,0.0001,32,4,0.5628,0.8252,1.0138,0.2143,0.5020,nan,nan,nan,nan,0
none,cage,5,3,resnet,False,solarisation,lr,0.0001,0.0001,32,5,0.4339,0.6886,0.8858,0.5000,0.6286,nan,nan,nan,nan,1
none,cage,5,3,resnet,False,solarisation,lr,0.0001,0.0001,32,6,0.3295,1.6136,1.0472,0.8333,0.6408,nan,nan,nan,nan,0
none,cage,5,3,resnet,False,solarisation,lr,0.0001,0.0001,32,7,0.2327,0.7302,0.9097,0.6429,0.5837,nan,nan,nan,nan,0
none,cage,5,3,resnet,False,solarisation,lr,0.0001,0.0001,32,8,0.1910,0.8997,1.2183,0.3333,0.4408,nan,nan,nan,nan,0
none,cage,5,3,resnet,False,solarisation,lr,0.0001,0.0001,32,9,0.1385,0.8075,1.0851,0.7381,0.5755,nan,nan,nan,nan,0
none,cage,5,3,resnet,False,solarisation,lr,0.0001,0.0001,32,10,0.1071,2.1305,1.4591,0.8333,0.6245,nan,nan,nan,nan,0
none,cage,5,3,resnet,False,solarisation,lr,0.0001,0.0001,32,11,0.0869,1.9714,1.4258,0.8333,0.6327,nan,nan,nan,nan,0
none,cage,5,3,resnet,False,solarisation,lr,0.0001,0.0001,32,12,0.0939,2.4182,1.6124,0.8333,0.6204,nan,nan,nan,nan,1
none,cage,5,3,resnet,False,solarisation,lr,0.0001,0.0001,32,13,0.0625,2.2747,1.6638,0.8333,0.5673,2.8583,1.9857,0.7750,0.4480,1
none,cage,5,3,resnet,False,solarisation,lr,0.0001,0.0001,32,14,0.0463,1.2096,1.4495,0.6905,0.4939,nan,nan,nan,nan,0
none,cage,5,3,resnet,False,solarisation,lr,0.0001,0.0001,32,15,0.0357,2.1570,1.7213,0.8333,0.5184,nan,nan,nan,nan,0
none,cage,5,3,resnet,False,solarisation,lr,0.0001,0.0001,32,16,0.0190,2.4679,1.8103,0.8333,0.5102,nan,nan,nan,nan,0
none,cage,5,3,resnet,False,solarisation,lr,0.0001,0.0001,32,17,0.0267,1.7296,1.6893,0.8095,0.4939,nan,nan,nan,nan,0
none,cage,5,3,resnet,False,solarisation,lr,0.0001,0.0001,32,18,0.0556,1.3196,1.2107,0.7857,0.5184,nan,nan,nan,nan,0
none,cage,5,4,resnet,False,solarisation,lr,0.0001,0.0001,32,1,0.7378,0.7003,0.7187,0.4651,0.4821,nan,nan,nan,nan,0
none,cage,5,4,resnet,False,solarisation,lr,0.0001,0.0001,32,2,0.6965,0.7071,0.6962,0.7442,0.4857,nan,nan,nan,nan,0
none,cage,5,4,resnet,False,solarisation,lr,0.0001,0.0001,32,3,0.6510,0.8412,1.0024,0.1860,0.5786,nan,nan,nan,nan,0
none,cage,5,4,resnet,False,solarisation,lr,0.0001,0.0001,32,4,0.5893,0.6902,0.7805,0.5581,0.5464,nan,nan,nan,nan,0
none,cage,5,4,resnet,False,solarisation,lr,0.0001,0.0001,32,5,0.4612,0.9485,0.9724,0.7674,0.5286,nan,nan,nan,nan,1
none,cage,5,4,resnet,False,solarisation,lr,0.0001,0.0001,32,6,0.3667,0.9282,1.0692,0.7674,0.4929,nan,nan,nan,nan,0
none,cage,5,4,resnet,False,solarisation,lr,0.0001,0.0001,32,7,0.2537,2.9879,2.3103,0.8140,0.5250,nan,nan,nan,nan,1
none,cage,5,4,resnet,False,solarisation,lr,0.0001,0.0001,32,8,0.2081,1.2023,1.7943,0.2093,0.5429,nan,nan,nan,nan,0
none,cage,5,4,resnet,False,solarisation,lr,0.0001,0.0001,32,9,0.1431,1.6844,1.8420,0.8140,0.6036,nan,nan,nan,nan,0
none,cage,5,4,resnet,False,solarisation,lr,0.0001,0.0001,32,10,0.0820,2.4681,2.1772,0.8140,0.5321,nan,nan,nan,nan,0
none,cage,5,4,resnet,False,solarisation,lr,0.0001,0.0001,32,11,0.0944,1.2280,1.6087,0.7674,0.5321,nan,nan,nan,nan,1
none,cage,5,4,resnet,False,solarisation,lr,0.0001,0.0001,32,12,0.0742,1.4629,1.8657,0.7907,0.5500,1.3891,1.4832,0.6500,0.6272,1
none,cage,5,4,resnet,False,solarisation,lr,0.0001,0.0001,32,13,0.0743,1.2798,1.8319,0.6512,0.4714,nan,nan,nan,nan,0
none,cage,5,4,resnet,False,solarisation,lr,0.0001,0.0001,32,14,0.0661,4.3743,3.3679,0.8140,0.4821,nan,nan,nan,nan,0
none,cage,5,4,resnet,False,solarisation,lr,0.0001,0.0001,32,15,0.0492,3.7184,3.0186,0.8140,0.5500,nan,nan,nan,nan,0
none,cage,5,4,resnet,False,solarisation,lr,0.0001,0.0001,32,16,0.0709,3.6016,3.1046,0.7907,0.6036,nan,nan,nan,nan,0
none,cage,5,4,resnet,False,solarisation,lr,0.0001,0.0001,32,17,0.0648,2.6548,2.6288,0.8140,0.5786,nan,nan,nan,nan,0
none,cage,5,6,resnet,False,solarisation,lr,0.0001,0.0001,32,1,0.7206,0.8139,0.9289,0.1463,0.5857,nan,nan,nan,nan,0
none,cage,5,6,resnet,False,solarisation,lr,0.0001,0.0001,32,2,0.7094,0.7440,0.6189,0.8537,0.3905,nan,nan,nan,nan,0
none,cage,5,6,resnet,False,solarisation,lr,0.0001,0.0001,32,3,0.6599,0.7469,0.6370,0.8537,0.2571,nan,nan,nan,nan,0
none,cage,5,6,resnet,False,solarisation,lr,0.0001,0.0001,32,4,0.5807,0.8649,0.6677,0.8537,0.3952,nan,nan,nan,nan,0
none,cage,5,6,resnet,False,solarisation,lr,0.0001,0.0001,32,5,0.4667,0.9684,0.7913,0.8537,0.3476,1.0599,0.8460,0.7750,0.4803,1
none,cage,5,6,resnet,False,solarisation,lr,0.0001,0.0001,32,6,0.3726,1.0258,0.9105,0.8537,0.3476,nan,nan,nan,nan,0
none,cage,5,6,resnet,False,solarisation,lr,0.0001,0.0001,32,7,0.2815,1.2438,1.0343,0.8537,0.3762,nan,nan,nan,nan,0
none,cage,5,6,resnet,False,solarisation,lr,0.0001,0.0001,32,8,0.2013,1.8207,1.3111,0.8537,0.3619,nan,nan,nan,nan,0
none,cage,5,6,resnet,False,solarisation,lr,0.0001,0.0001,32,9,0.1506,2.5585,1.7083,0.8537,0.2905,nan,nan,nan,nan,0
none,cage,5,6,resnet,False,solarisation,lr,0.0001,0.0001,32,10,0.1035,1.8483,1.2955,0.8537,0.3571,nan,nan,nan,nan,0
none,cage,5,6,resnet,False,solarisation,lr,0.0001,0.0001,32,11,0.0991,2.5626,1.7410,0.8537,0.2381,nan,nan,nan,nan,0
none,cage,5,6,resnet,False,solarisation,lr,0.0001,0.0001,32,12,0.0889,3.2134,2.1277,0.8537,0.3476,nan,nan,nan,nan,0
none,cage,5,6,resnet,False,solarisation,lr,0.0001,0.0001,32,13,0.0814,1.8633,1.3279,0.8537,0.5000,nan,nan,nan,nan,0
none,cage,5,6,resnet,False,solarisation,lr,0.0001,0.0001,32,14,0.0481,3.3766,2.2500,0.8537,0.3429,nan,nan,nan,nan,0
none,cage,5,6,resnet,False,solarisation,lr,0.0001,0.0001,32,15,0.0508,2.6439,1.8418,0.8537,0.3143,nan,nan,nan,nan,0
none,cage,5,6,resnet,False,solarisation,lr,0.0001,0.0001,32,16,0.0653,3.4182,2.3466,0.8537,0.3048,nan,nan,nan,nan,0
none,cage,5,7,resnet,False,solarisation,lr,0.0001,0.0001,32,1,0.7267,0.8599,1.0954,0.1818,0.4097,nan,nan,nan,nan,0
none,cage,5,7,resnet,False,solarisation,lr,0.0001,0.0001,32,2,0.7096,0.8751,0.6032,0.8182,0.5312,nan,nan,nan,nan,0
none,cage,5,7,resnet,False,solarisation,lr,0.0001,0.0001,32,3,0.6622,0.7666,0.7629,0.4318,0.3993,nan,nan,nan,nan,0
none,cage,5,7,resnet,False,solarisation,lr,0.0001,0.0001,32,4,0.6137,0.8756,0.6533,0.7955,0.4861,nan,nan,nan,nan,0
none,cage,5,7,resnet,False,solarisation,lr,0.0001,0.0001,32,5,0.5108,0.9346,0.8180,0.6364,0.4583,nan,nan,nan,nan,1
none,cage,5,7,resnet,False,solarisation,lr,0.0001,0.0001,32,6,0.4106,1.4625,0.9790,0.7955,0.3472,nan,nan,nan,nan,0
none,cage,5,7,resnet,False,solarisation,lr,0.0001,0.0001,32,7,0.3295,1.0186,0.8206,0.7727,0.5938,nan,nan,nan,nan,0
none,cage,5,7,resnet,False,solarisation,lr,0.0001,0.0001,32,8,0.2069,2.0209,1.2573,0.7955,0.5833,nan,nan,nan,nan,1
none,cage,5,7,resnet,False,solarisation,lr,0.0001,0.0001,32,9,0.1711,2.0029,1.3006,0.7955,0.5000,nan,nan,nan,nan,0
none,cage,5,7,resnet,False,solarisation,lr,0.0001,0.0001,32,10,0.1279,1.9841,1.2561,0.7955,0.5347,nan,nan,nan,nan,1
none,cage,5,7,resnet,False,solarisation,lr,0.0001,0.0001,32,11,0.0688,2.9079,1.7269,0.7955,0.3854,nan,nan,nan,nan,1
none,cage,5,7,resnet,False,solarisation,lr,0.0001,0.0001,32,12,0.1118,1.9139,1.3736,0.7955,0.4931,nan,nan,nan,nan,0
none,cage,5,7,resnet,False,solarisation,lr,0.0001,0.0001,32,13,0.0728,2.5501,1.5445,0.7955,0.6111,nan,nan,nan,nan,0
none,cage,5,7,resnet,False,solarisation,lr,0.0001,0.0001,32,14,0.0472,3.0442,1.8058,0.7955,0.5903,nan,nan,nan,nan,0
none,cage,5,7,resnet,False,solarisation,lr,0.0001,0.0001,32,15,0.0420,2.4936,1.6319,0.7955,0.6250,2.8929,2.1407,0.7750,0.4122,1
none,cage,5,7,resnet,False,solarisation,lr,0.0001,0.0001,32,16,0.0755,1.5913,1.5245,0.7273,0.3924,nan,nan,nan,nan,0
none,cage,5,7,resnet,False,solarisation,lr,0.0001,0.0001,32,17,0.0694,2.5233,1.4891,0.7955,0.4514,nan,nan,nan,nan,0
none,cage,5,7,resnet,False,solarisation,lr,0.0001,0.0001,32,18,0.0390,3.1090,1.7061,0.7955,0.5347,nan,nan,nan,nan,0
none,cage,5,7,resnet,False,solarisation,lr,0.0001,0.0001,32,19,0.0440,2.1935,1.4845,0.7955,0.6562,nan,nan,nan,nan,0
none,cage,5,7,resnet,False,solarisation,lr,0.0001,0.0001,32,20,0.0387,2.1389,1.4748,0.8182,0.4549,nan,nan,nan,nan,0
none,cage,5,8,resnet,False,solarisation,lr,0.0001,0.0001,32,1,0.7347,0.7131,0.6338,0.8298,0.4776,nan,nan,nan,nan,0
none,cage,5,8,resnet,False,solarisation,lr,0.0001,0.0001,32,2,0.7079,0.7204,0.6597,0.8298,0.4327,nan,nan,nan,nan,0
none,cage,5,8,resnet,False,solarisation,lr,0.0001,0.0001,32,3,0.6630,0.7269,0.8103,0.1489,0.4423,nan,nan,nan,nan,0
none,cage,5,8,resnet,False,solarisation,lr,0.0001,0.0001,32,4,0.5897,0.7457,0.7072,0.6809,0.4167,nan,nan,nan,nan,0
none,cage,5,8,resnet,False,solarisation,lr,0.0001,0.0001,32,5,0.5017,0.8588,0.7903,0.7660,0.3558,nan,nan,nan,nan,1
none,cage,5,8,resnet,False,solarisation,lr,0.0001,0.0001,32,6,0.3880,0.9180,1.1174,0.3191,0.4487,nan,nan,nan,nan,0
none,cage,5,8,resnet,False,solarisation,lr,0.0001,0.0001,32,7,0.3073,1.8595,1.0340,0.8298,0.3846,nan,nan,nan,nan,0
none,cage,5,8,resnet,False,solarisation,lr,0.0001,0.0001,32,8,0.2166,1.0777,1.2342,0.4894,0.4006,nan,nan,nan,nan,0
none,cage,5,8,resnet,False,solarisation,lr,0.0001,0.0001,32,9,0.1618,1.1591,1.0106,0.7872,0.4583,nan,nan,nan,nan,0
none,cage,5,8,resnet,False,solarisation,lr,0.0001,0.0001,32,10,0.1273,1.8508,1.1262,0.8085,0.4199,nan,nan,nan,nan,0
none,cage,5,8,resnet,False,solarisation,lr,0.0001,0.0001,32,11,0.0970,1.9294,1.2296,0.7872,0.4103,nan,nan,nan,nan,0
none,cage,5,8,resnet,False,solarisation,lr,0.0001,0.0001,32,12,0.0944,0.9352,1.1273,0.6383,0.4904,nan,nan,nan,nan,1
none,cage,5,8,resnet,False,solarisation,lr,0.0001,0.0001,32,13,0.0685,1.9679,1.2710,0.8085,0.4071,nan,nan,nan,nan,0
none,cage,5,8,resnet,False,solarisation,lr,0.0001,0.0001,32,14,0.0543,2.0397,1.3111,0.8298,0.4263,nan,nan,nan,nan,0
none,cage,5,8,resnet,False,solarisation,lr,0.0001,0.0001,32,15,0.0477,1.6962,1.2580,0.8085,0.4744,1.7448,1.4585,0.7750,0.4301,1
none,cage,5,8,resnet,False,solarisation,lr,0.0001,0.0001,32,16,0.0809,1.3690,1.2363,0.7447,0.3750,nan,nan,nan,nan,0
none,cage,5,8,resnet,False,solarisation,lr,0.0001,0.0001,32,17,0.0417,3.0273,1.6407,0.8298,0.2756,nan,nan,nan,nan,0
none,cage,5,8,resnet,False,solarisation,lr,0.0001,0.0001,32,18,0.0303,2.8271,1.5757,0.8085,0.2788,nan,nan,nan,nan,0
none,cage,5,8,resnet,False,solarisation,lr,0.0001,0.0001,32,19,0.0320,2.0306,1.3836,0.8085,0.3045,nan,nan,nan,nan,0
none,cage,5,8,resnet,False,solarisation,lr,0.0001,0.0001,32,20,0.0549,2.0114,1.4483,0.8085,0.3365,nan,nan,nan,nan,0
none,cage,5,9,resnet,False,solarisation,lr,0.0001,0.0001,32,1,0.7331,0.7429,0.6530,0.7857,0.4478,nan,nan,nan,nan,0
none,cage,5,9,resnet,False,solarisation,lr,0.0001,0.0001,32,2,0.6934,0.9194,0.6456,0.7857,0.4815,nan,nan,nan,nan,0
none,cage,5,9,resnet,False,solarisation,lr,0.0001,0.0001,32,3,0.6617,0.7483,0.6559,0.7857,0.5354,nan,nan,nan,nan,0
none,cage,5,9,resnet,False,solarisation,lr,0.0001,0.0001,32,4,0.5709,0.8124,0.7199,0.6667,0.4141,nan,nan,nan,nan,0
none,cage,5,9,resnet,False,solarisation,lr,0.0001,0.0001,32,5,0.4720,0.7183,0.9199,0.2619,0.4815,nan,nan,nan,nan,1
none,cage,5,9,resnet,False,solarisation,lr,0.0001,0.0001,32,6,0.3520,0.7719,0.7508,0.7619,0.6566,nan,nan,nan,nan,1
none,cage,5,9,resnet,False,solarisation,lr,0.0001,0.0001,32,7,0.2769,0.7163,0.9934,0.4762,0.5556,nan,nan,nan,nan,1
none,cage,5,9,resnet,False,solarisation,lr,0.0001,0.0001,32,8,0.1721,0.9647,1.0011,0.7143,0.5084,nan,nan,nan,nan,0
none,cage,5,9,resnet,False,solarisation,lr,0.0001,0.0001,32,9,0.1232,1.9572,1.2517,0.7857,0.5556,nan,nan,nan,nan,1
none,cage,5,9,resnet,False,solarisation,lr,0.0001,0.0001,32,10,0.1220,1.0629,1.0390,0.7381,0.5185,nan,nan,nan,nan,1
none,cage,5,9,resnet,False,solarisation,lr,0.0001,0.0001,32,11,0.0900,0.7590,1.1576,0.6905,0.6599,nan,nan,nan,nan,0
none,cage,5,9,resnet,False,solarisation,lr,0.0001,0.0001,32,12,0.0495,0.9714,1.1760,0.7143,0.6162,1.4799,1.4139,0.6250,0.3548,1
none,cage,5,9,resnet,False,solarisation,lr,0.0001,0.0001,32,13,0.0544,2.9383,1.6476,0.7857,0.4579,nan,nan,nan,nan,0
none,cage,5,9,resnet,False,solarisation,lr,0.0001,0.0001,32,14,0.0774,1.0228,1.2800,0.6905,0.5152,nan,nan,nan,nan,0
none,cage,5,9,resnet,False,solarisation,lr,0.0001,0.0001,32,15,0.0634,2.6024,1.5935,0.7857,0.5185,nan,nan,nan,nan,0
none,cage,5,9,resnet,False,solarisation,lr,0.0001,0.0001,32,16,0.0573,2.0737,1.4635,0.7619,0.4815,nan,nan,nan,nan,0
none,cage,5,9,resnet,False,solarisation,lr,0.0001,0.0001,32,17,0.0400,1.8349,1.3030,0.7857,0.5455,nan,nan,nan,nan,0
none,cage,6,0,resnet,False,solarisation,lr,0.0001,0.0001,32,1,0.7360,0.7042,0.7102,0.1860,0.2460,nan,nan,nan,nan,0
none,cage,6,0,resnet,False,solarisation,lr,0.0001,0.0001,32,2,0.7074,0.8077,0.6613,0.8372,0.3611,nan,nan,nan,nan,0
none,cage,6,0,resnet,False,solarisation,lr,0.0001,0.0001,32,3,0.6760,0.8037,0.6488,0.8372,0.2897,nan,nan,nan,nan,0
none,cage,6,0,resnet,False,solarisation,lr,0.0001,0.0001,32,4,0.6329,0.7825,0.6825,0.8372,0.3929,nan,nan,nan,nan,0
none,cage,6,0,resnet,False,solarisation,lr,0.0001,0.0001,32,5,0.5422,0.7915,0.8748,0.1628,0.2421,nan,nan,nan,nan,1
none,cage,6,0,resnet,False,solarisation,lr,0.0001,0.0001,32,6,0.4249,0.8402,0.8784,0.6279,0.4444,nan,nan,nan,nan,1
none,cage,6,0,resnet,False,solarisation,lr,0.0001,0.0001,32,7,0.3452,1.2273,0.9574,0.8372,0.4325,nan,nan,nan,nan,1
none,cage,6,0,resnet,False,solarisation,lr,0.0001,0.0001,32,8,0.2309,1.3546,1.0845,0.8372,0.5040,nan,nan,nan,nan,1
none,cage,6,0,resnet,False,solarisation,lr,0.0001,0.0001,32,9,0.1808,1.6176,1.1852,0.8372,0.6548,nan,nan,nan,nan,1
none,cage,6,0,resnet,False,solarisation,lr,0.0001,0.0001,32,10,0.1320,1.5756,1.2953,0.8140,0.6389,1.0829,1.0564,0.8780,0.5476,1
none,cage,6,0,resnet,False,solarisation,lr,0.0001,0.0001,32,11,0.1008,1.3061,1.2419,0.7442,0.4127,nan,nan,nan,nan,0
none,cage,6,0,resnet,False,solarisation,lr,0.0001,0.0001,32,12,0.1038,1.2494,1.2616,0.6279,0.4405,nan,nan,nan,nan,0
none,cage,6,0,resnet,False,solarisation,lr,0.0001,0.0001,32,13,0.0612,2.4037,1.6083,0.8372,0.4484,nan,nan,nan,nan,0
none,cage,6,0,resnet,False,solarisation,lr,0.0001,0.0001,32,14,0.0522,1.6199,1.5676,0.6977,0.5317,nan,nan,nan,nan,0
none,cage,6,0,resnet,False,solarisation,lr,0.0001,0.0001,32,15,0.0501,1.4443,1.3523,0.7674,0.5119,nan,nan,nan,nan,0
none,cage,6,0,resnet,False,solarisation,lr,0.0001,0.0001,32,16,0.0601,2.6233,1.8440,0.8372,0.4127,nan,nan,nan,nan,0
none,cage,6,1,resnet,False,solarisation,lr,0.0001,0.0001,32,1,0.7225,0.6927,0.6592,0.8372,0.5119,nan,nan,nan,nan,0
none,cage,6,1,resnet,False,solarisation,lr,0.0001,0.0001,32,2,0.6988,0.6950,0.7065,0.3953,0.4921,nan,nan,nan,nan,0
none,cage,6,1,resnet,False,solarisation,lr,0.0001,0.0001,32,3,0.6712,0.8251,0.6184,0.8372,0.5595,nan,nan,nan,nan,0
none,cage,6,1,resnet,False,solarisation,lr,0.0001,0.0001,32,4,0.5982,0.7874,0.6754,0.8140,0.3968,nan,nan,nan,nan,0
none,cage,6,1,resnet,False,solarisation,lr,0.0001,0.0001,32,5,0.5017,0.8193,0.7099,0.7674,0.4444,nan,nan,nan,nan,1
none,cage,6,1,resnet,False,solarisation,lr,0.0001,0.0001,32,6,0.3951,0.6957,0.7755,0.6047,0.5675,nan,nan,nan,nan,1
none,cage,6,1,resnet,False,solarisation,lr,0.0001,0.0001,32,7,0.2935,0.9887,1.3271,0.1860,0.5079,nan,nan,nan,nan,0
none,cage,6,1,resnet,False,solarisation,lr,0.0001,0.0001,32,8,0.2226,1.1838,1.0206,0.7674,0.4683,nan,nan,nan,nan,0
none,cage,6,1,resnet,False,solarisation,lr,0.0001,0.0001,32,9,0.1402,2.0186,1.2337,0.8372,0.5040,nan,nan,nan,nan,1
none,cage,6,1,resnet,False,solarisation,lr,0.0001,0.0001,32,10,0.1145,1.8075,1.2595,0.8372,0.4484,nan,nan,nan,nan,0
none,cage,6,1,resnet,False,solarisation,lr,0.0001,0.0001,32,11,0.1060,0.8917,1.1056,0.8372,0.6190,nan,nan,nan,nan,1
none,cage,6,1,resnet,False,solarisation,lr,0.0001,0.0001,32,12,0.0847,0.7669,1.1240,0.6279,0.5317,nan,nan,nan,nan,0
none,cage,6,1,resnet,False,solarisation,lr,0.0001,0.0001,32,13,0.0849,0.9305,1.5711,0.3488,0.4762,nan,nan,nan,nan,1
none,cage,6,1,resnet,False,solarisation,lr,0.0001,0.0001,32,14,0.0707,1.5878,1.2403,0.8372,0.5437,nan,nan,nan,nan,1
none,cage,6,1,resnet,False,solarisation,lr,0.0001,0.0001,32,15,0.0519,1.4799,1.4052,0.7674,0.5000,nan,nan,nan,nan,1
none,cage,6,1,resnet,False,solarisation,lr,0.0001,0.0001,32,16,0.0540,2.1737,1.6057,0.8140,0.4881,nan,nan,nan,nan,0
none,cage,6,1,resnet,False,solarisation,lr,0.0001,0.0001,32,17,0.0302,1.5776,1.3720,0.8372,0.5635,nan,nan,nan,nan,0
none,cage,6,1,resnet,False,solarisation,lr,0.0001,0.0001,32,18,0.0234,1.4202,1.4176,0.8605,0.5675,nan,nan,nan,nan,0
none,cage,6,1,resnet,False,solarisation,lr,0.0001,0.0001,32,19,0.0233,1.4008,1.2627,0.8605,0.5357,nan,nan,nan,nan,0
none,cage,6,1,resnet,False,solarisation,lr,0.0001,0.0001,32,20,0.0411,2.2061,1.5214,0.8372,0.5516,nan,nan,nan,nan,1
none,cage,6,1,resnet,False,solarisation,lr,0.0001,0.0001,32,21,0.0403,1.6676,1.4883,0.8372,0.6032,nan,nan,nan,nan,1
none,cage,6,1,resnet,False,solarisation,lr,0.0001,0.0001,32,22,0.0618,1.4088,1.1812,0.8605,0.5913,nan,nan,nan,nan,1
none,cage,6,1,resnet,False,solarisation,lr,0.0001,0.0001,32,23,0.0380,1.4753,1.2675,0.8372,0.6389,nan,nan,nan,nan,1
none,cage,6,1,resnet,False,solarisation,lr,0.0001,0.0001,32,24,0.0417,1.8185,1.6243,0.8372,0.5198,nan,nan,nan,nan,0
none,cage,6,1,resnet,False,solarisation,lr,0.0001,0.0001,32,25,0.0490,1.3992,1.2164,0.8372,0.6349,nan,nan,nan,nan,1
none,cage,6,1,resnet,False,solarisation,lr,0.0001,0.0001,32,26,0.0223,2.1282,1.5607,0.8605,0.5873,nan,nan,nan,nan,0
none,cage,6,1,resnet,False,solarisation,lr,0.0001,0.0001,32,27,0.0244,1.2857,1.3045,0.7907,0.6349,1.5919,1.5299,0.7805,0.4095,1
none,cage,6,1,resnet,False,solarisation,lr,0.0001,0.0001,32,28,0.0397,2.3452,1.6306,0.8372,0.5278,nan,nan,nan,nan,0
none,cage,6,1,resnet,False,solarisation,lr,0.0001,0.0001,32,29,0.0533,1.6047,1.5418,0.7907,0.5437,nan,nan,nan,nan,0
none,cage,6,1,resnet,False,solarisation,lr,0.0001,0.0001,32,30,0.0241,2.1169,1.5098,0.8372,0.5516,nan,nan,nan,nan,0
none,cage,6,1,resnet,False,solarisation,lr,0.0001,0.0001,32,31,0.0178,2.5035,1.6882,0.8372,0.5516,nan,nan,nan,nan,0
none,cage,6,1,resnet,False,solarisation,lr,0.0001,0.0001,32,32,0.0352,1.8946,1.4713,0.8140,0.4762,nan,nan,nan,nan,0
none,cage,6,2,resnet,False,solarisation,lr,0.0001,0.0001,32,1,0.7261,0.7151,0.7287,0.3810,0.3309,nan,nan,nan,nan,0
none,cage,6,2,resnet,False,solarisation,lr,0.0001,0.0001,32,2,0.7065,0.7878,0.6132,0.8095,0.5000,nan,nan,nan,nan,0
none,cage,6,2,resnet,False,solarisation,lr,0.0001,0.0001,32,3,0.6859,0.7690,0.9816,0.1905,0.5735,nan,nan,nan,nan,0
none,cage,6,2,resnet,False,solarisation,lr,0.0001,0.0001,32,4,0.6433,0.6911,0.6754,0.7143,0.6103,nan,nan,nan,nan,0
none,cage,6,2,resnet,False,solarisation,lr,0.0001,0.0001,32,5,0.5594,0.7928,0.7082,0.7381,0.3824,nan,nan,nan,nan,1
none,cage,6,2,resnet,False,solarisation,lr,0.0001,0.0001,32,6,0.4364,0.7397,0.9058,0.4286,0.5110,nan,nan,nan,nan,1
none,cage,6,2,resnet,False,solarisation,lr,0.0001,0.0001,32,7,0.3574,0.8454,1.1499,0.2619,0.4449,nan,nan,nan,nan,0
none,cage,6,2,resnet,False,solarisation,lr,0.0001,0.0001,32,8,0.2181,1.1177,1.0290,0.7619,0.5184,nan,nan,nan,nan,0
none,cage,6,2,resnet,False,solarisation,lr,0.0001,0.0001,32,9,0.1834,0.7584,1.0272,0.6190,0.5882,nan,nan,nan,nan,0
none,cage,6,2,resnet,False,solarisation,lr,0.0001,0.0001,32,10,0.1332,1.0929,1.1369,0.5952,0.4596,nan,nan,nan,nan,0
none,cage,6,2,resnet,False,solarisation,lr,0.0001,0.0001,32,11,0.0960,1.5423,1.3429,0.8095,0.5699,nan,nan,nan,nan,0
none,cage,6,2,resnet,False,solarisation,lr,0.0001,0.0001,32,12,0.0787,1.2951,1.2977,0.7619,0.5662,nan,nan,nan,nan,1
none,cage,6,2,resnet,False,solarisation,lr,0.0001,0.0001,32,13,0.0776,1.5257,1.3172,0.7381,0.5184,nan,nan,nan,nan,0
none,cage,6,2,resnet,False,solarisation,lr,0.0001,0.0001,32,14,0.0552,2.3858,1.7021,0.7857,0.5551,nan,nan,nan,nan,0
none,cage,6,2,resnet,False,solarisation,lr,0.0001,0.0001,32,15,0.0451,1.0657,1.5437,0.6667,0.5882,1.0385,1.4799,0.7561,0.5571,1
none,cage,6,2,resnet,False,solarisation,lr,0.0001,0.0001,32,16,0.0688,0.9255,1.4026,0.5714,0.4926,nan,nan,nan,nan,0
none,cage,6,2,resnet,False,solarisation,lr,0.0001,0.0001,32,17,0.0616,1.7592,1.6663,0.7143,0.5147,nan,nan,nan,nan,0
none,cage,6,2,resnet,False,solarisation,lr,0.0001,0.0001,32,18,0.0295,2.6790,1.7930,0.8095,0.5441,nan,nan,nan,nan,0
none,cage,6,2,resnet,False,solarisation,lr,0.0001,0.0001,32,19,0.0135,2.5743,1.8973,0.7619,0.4890,nan,nan,nan,nan,0
none,cage,6,2,resnet,False,solarisation,lr,0.0001,0.0001,32,20,0.0052,2.3635,1.8352,0.7381,0.5257,nan,nan,nan,nan,0
none,cage,6,3,resnet,False,solarisation,lr,0.0001,0.0001,32,1,0.7290,0.6924,0.6726,0.8333,0.5224,nan,nan,nan,nan,0
none,cage,6,3,resnet,False,solarisation,lr,0.0001,0.0001,32,2,0.7178,0.7587,0.8738,0.1667,0.4367,nan,nan,nan,nan,0
none,cage,6,3,resnet,False,solarisation,lr,0.0001,0.0001,32,3,0.6862,0.7186,0.6393,0.8333,0.4327,nan,nan,nan,nan,0
none,cage,6,3,resnet,False,solarisation,lr,0.0001,0.0001,32,4,0.6128,0.6992,0.6948,0.6190,0.5020,nan,nan,nan,nan,0
none,cage,6,3,resnet,False,solarisation,lr,0.0001,0.0001,32,5,0.5331,0.6793,0.7250,0.6190,0.6122,nan,nan,nan,nan,1
none,cage,6,3,resnet,False,solarisation,lr,0.0001,0.0001,32,6,0.4058,0.7402,0.8943,0.4762,0.5102,nan,nan,nan,nan,0
none,cage,6,3,resnet,False,solarisation,lr,0.0001,0.0001,32,7,0.3076,0.8105,0.9160,0.7619,0.5224,nan,nan,nan,nan,1
none,cage,6,3,resnet,False,solarisation,lr,0.0001,0.0001,32,8,0.2505,0.9743,1.3607,0.2143,0.5184,nan,nan,nan,nan,1
none,cage,6,3,resnet,False,solarisation,lr,0.0001,0.0001,32,9,0.1643,2.1924,1.3982,0.8333,0.5306,2.0427,1.3259,0.8537,0.4429,1
none,cage,6,3,resnet,False,solarisation,lr,0.0001,0.0001,32,10,0.1266,1.1063,1.1155,0.7143,0.5306,nan,nan,nan,nan,0
none,cage,6,3,resnet,False,solarisation,lr,0.0001,0.0001,32,11,0.0942,1.7467,1.2701,0.8333,0.5429,nan,nan,nan,nan,0
none,cage,6,3,resnet,False,solarisation,lr,0.0001,0.0001,32,12,0.0936,1.8820,1.3795,0.8333,0.4980,nan,nan,nan,nan,0
none,cage,6,3,resnet,False,solarisation,lr,0.0001,0.0001,32,13,0.0832,1.6444,1.3222,0.8333,0.5347,nan,nan,nan,nan,0
none,cage,6,3,resnet,False,solarisation,lr,0.0001,0.0001,32,14,0.0745,1.8788,1.3910,0.8333,0.4980,nan,nan,nan,nan,0
none,cage,6,3,resnet,False,solarisation,lr,0.0001,0.0001,32,15,0.0533,0.9401,1.2253,0.7619,0.5388,nan,nan,nan,nan,0
none,cage,6,3,resnet,False,solarisation,lr,0.0001,0.0001,32,16,0.0537,2.0945,1.4982,0.8333,0.4980,nan,nan,nan,nan,0
none,cage,6,4,resnet,False,solarisation,lr,0.0001,0.0001,32,1,0.7214,0.6718,0.6821,0.6512,0.7071,nan,nan,nan,nan,0
none,cage,6,4,resnet,False,solarisation,lr,0.0001,0.0001,32,2,0.7075,0.6854,0.7348,0.2093,0.6000,nan,nan,nan,nan,0
none,cage,6,4,resnet,False,solarisation,lr,0.0001,0.0001,32,3,0.6724,0.7209,0.8281,0.1860,0.5500,nan,nan,nan,nan,0
none,cage,6,4,resnet,False,solarisation,lr,0.0001,0.0001,32,4,0.6259,0.7729,0.8866,0.1860,0.4179,nan,nan,nan,nan,0
none,cage,6,4,resnet,False,solarisation,lr,0.0001,0.0001,32,5,0.5313,0.9273,1.1566,0.1860,0.4571,1.0259,1.3235,0.1463,0.4190,1
none,cage,6,4,resnet,False,solarisation,lr,0.0001,0.0001,32,6,0.4261,1.2891,1.0682,0.8140,0.4893,nan,nan,nan,nan,0
none,cage,6,4,resnet,False,solarisation,lr,0.0001,0.0001,32,7,0.3116,1.3560,1.1696,0.8372,0.4964,nan,nan,nan,nan,0
none,cage,6,4,resnet,False,solarisation,lr,0.0001,0.0001,32,8,0.2331,0.8528,1.1388,0.7209,0.5786,nan,nan,nan,nan,0
none,cage,6,4,resnet,False,solarisation,lr,0.0001,0.0001,32,9,0.1995,1.7236,1.4665,0.8140,0.4571,nan,nan,nan,nan,0
none,cage,6,4,resnet,False,solarisation,lr,0.0001,0.0001,32,10,0.1380,1.2034,1.3088,0.7907,0.4179,nan,nan,nan,nan,0
none,cage,6,4,resnet,False,solarisation,lr,0.0001,0.0001,32,11,0.0980,0.9070,1.2848,0.7209,0.5286,nan,nan,nan,nan,0
none,cage,6,4,resnet,False,solarisation,lr,0.0001,0.0001,32,12,0.0832,1.5203,1.5426,0.7674,0.4893,nan,nan,nan,nan,0
none,cage,6,4,resnet,False,solarisation,lr,0.0001,0.0001,32,13,0.0825,1.0926,1.5361,0.7442,0.5321,nan,nan,nan,nan,0
none,cage,6,4,resnet,False,solarisation,lr,0.0001,0.0001,32,14,0.0460,1.4552,1.7977,0.7674,0.4643,nan,nan,nan,nan,0
none,cage,6,4,resnet,False,solarisation,lr,0.0001,0.0001,32,15,0.0705,1.0274,1.4555,0.6744,0.4679,nan,nan,nan,nan,0
none,cage,6,4,resnet,False,solarisation,lr,0.0001,0.0001,32,16,0.0556,2.4248,1.9630,0.8140,0.5536,nan,nan,nan,nan,0
none,cage,6,5,resnet,False,solarisation,lr,0.0001,0.0001,32,1,0.7282,0.8084,0.6670,0.7750,0.5090,nan,nan,nan,nan,0
none,cage,6,5,resnet,False,solarisation,lr,0.0001,0.0001,32,2,0.7088,0.6985,0.7659,0.2000,0.4158,nan,nan,nan,nan,0
none,cage,6,5,resnet,False,solarisation,lr,0.0001,0.0001,32,3,0.6616,0.6987,0.7765,0.2750,0.4875,nan,nan,nan,nan,0
none,cage,6,5,resnet,False,solarisation,lr,0.0001,0.0001,32,4,0.6033,0.7647,0.7375,0.6750,0.4444,nan,nan,nan,nan,0
none,cage,6,5,resnet,False,solarisation,lr,0.0001,0.0001,32,5,0.5114,1.0069,0.8349,0.8000,0.5125,nan,nan,nan,nan,1
none,cage,6,5,resnet,False,solarisation,lr,0.0001,0.0001,32,6,0.3822,0.7313,0.9344,0.5500,0.6452,nan,nan,nan,nan,1
none,cage,6,5,resnet,False,solarisation,lr,0.0001,0.0001,32,7,0.2857,0.8979,1.4000,0.2500,0.6057,1.1003,1.5547,0.1707,0.3952,1
none,cage,6,5,resnet,False,solarisation,lr,0.0001,0.0001,32,8,0.2218,1.0221,1.4762,0.3500,0.4839,nan,nan,nan,nan,0
none,cage,6,5,resnet,False,solarisation,lr,0.0001,0.0001,32,9,0.1624,1.3887,1.5534,0.5500,0.4659,nan,nan,nan,nan,0
none,cage,6,5,resnet,False,solarisation,lr,0.0001,0.0001,32,10,0.1040,1.4878,1.5510,0.7000,0.4767,nan,nan,nan,nan,0
none,cage,6,5,resnet,False,solarisation,lr,0.0001,0.0001,32,11,0.1277,0.9942,1.4895,0.4500,0.5269,nan,nan,nan,nan,0
none,cage,6,5,resnet,False,solarisation,lr,0.0001,0.0001,32,12,0.0742,1.2852,2.1105,0.4000,0.4624,nan,nan,nan,nan,0
none,cage,6,5,resnet,False,solarisation,lr,0.0001,0.0001,32,13,0.0356,1.1067,1.7130,0.5500,0.5197,nan,nan,nan,nan,0
none,cage,6,5,resnet,False,solarisation,lr,0.0001,0.0001,32,14,0.0458,1.0045,1.4954,0.5000,0.5806,nan,nan,nan,nan,0
none,cage,6,5,resnet,False,solarisation,lr,0.0001,0.0001,32,15,0.0527,1.3510,2.4326,0.4000,0.4552,nan,nan,nan,nan,0
none,cage,6,5,resnet,False,solarisation,lr,0.0001,0.0001,32,16,0.0611,1.7348,1.5190,0.7750,0.5269,nan,nan,nan,nan,0
