fusion,dataset,test_set,dev_set,arch,use_pretrained,augmentation,speech_encoder_arch,lr,wd,batch_size,epoch,train_loss,dev_loss_patient,dev_loss_cough,dev_acc,dev_auc,test_loss_patient,test_loss_cough,test_acc,test_auc,is_best
none,cage,0,1,resnet,True,none,lr,1e-05,0.0001,32,1,0.7309,0.6685,0.6648,0.7209,0.7183,nan,nan,nan,nan,0
none,cage,0,1,resnet,True,none,lr,1e-05,0.0001,32,2,0.6850,0.6678,0.6600,0.7442,0.7024,nan,nan,nan,nan,0
none,cage,0,1,resnet,True,none,lr,1e-05,0.0001,32,3,0.6555,0.6750,0.6625,0.7442,0.6389,nan,nan,nan,nan,0
none,cage,0,1,resnet,True,none,lr,1e-05,0.0001,32,4,0.6353,0.6679,0.6541,0.8140,0.6825,nan,nan,nan,nan,0
none,cage,0,1,resnet,True,none,lr,1e-05,0.0001,32,5,0.5999,0.6605,0.6372,0.7907,0.7183,0.6622,0.6547,0.7907,0.7222,1
none,cage,0,1,resnet,True,none,lr,1e-05,0.0001,32,6,0.5579,0.6786,0.6513,0.7674,0.6151,nan,nan,nan,nan,0
none,cage,0,1,resnet,True,none,lr,1e-05,0.0001,32,7,0.5181,0.6719,0.6601,0.7674,0.6667,nan,nan,nan,nan,0
none,cage,0,1,resnet,True,none,lr,1e-05,0.0001,32,8,0.4831,0.6560,0.6478,0.7907,0.6905,nan,nan,nan,nan,0
none,cage,0,1,resnet,True,none,lr,1e-05,0.0001,32,9,0.4392,0.6904,0.6649,0.8140,0.6349,nan,nan,nan,nan,0
none,cage,0,1,resnet,True,none,lr,1e-05,0.0001,32,10,0.3901,0.7195,0.6399,0.8372,0.6468,nan,nan,nan,nan,0
none,cage,0,1,resnet,True,none,lr,1e-05,0.0001,32,11,0.3518,0.7330,0.6687,0.8372,0.6786,nan,nan,nan,nan,0
none,cage,0,1,resnet,True,none,lr,1e-05,0.0001,32,12,0.3127,0.7613,0.6944,0.8140,0.6944,nan,nan,nan,nan,0
none,cage,0,1,resnet,True,none,lr,1e-05,0.0001,32,13,0.2683,0.8349,0.7006,0.8140,0.6349,nan,nan,nan,nan,0
none,cage,0,1,resnet,True,none,lr,1e-05,0.0001,32,14,0.2480,0.8375,0.7159,0.8140,0.6706,nan,nan,nan,nan,0
none,cage,0,1,resnet,True,none,lr,1e-05,0.0001,32,15,0.2148,0.8435,0.7428,0.8140,0.6825,nan,nan,nan,nan,0
none,cage,0,1,resnet,True,none,lr,1e-05,0.0001,32,16,0.1840,0.8899,0.7712,0.8140,0.6667,nan,nan,nan,nan,0
none,cage,0,2,resnet,True,none,lr,1e-05,0.0001,32,1,0.7300,0.7176,0.6909,0.6429,0.4632,nan,nan,nan,nan,0
none,cage,0,2,resnet,True,none,lr,1e-05,0.0001,32,2,0.6883,0.7335,0.6922,0.6667,0.3566,nan,nan,nan,nan,0
none,cage,0,2,resnet,True,none,lr,1e-05,0.0001,32,3,0.6487,0.7341,0.6984,0.6667,0.3934,nan,nan,nan,nan,0
none,cage,0,2,resnet,True,none,lr,1e-05,0.0001,32,4,0.6185,0.7474,0.7124,0.6429,0.3860,nan,nan,nan,nan,0
none,cage,0,2,resnet,True,none,lr,1e-05,0.0001,32,5,0.5944,0.7563,0.7057,0.6905,0.4118,nan,nan,nan,nan,1
none,cage,0,2,resnet,True,none,lr,1e-05,0.0001,32,6,0.5526,0.7740,0.7172,0.6905,0.4522,nan,nan,nan,nan,0
none,cage,0,2,resnet,True,none,lr,1e-05,0.0001,32,7,0.5140,0.7726,0.7242,0.7381,0.4926,nan,nan,nan,nan,1
none,cage,0,2,resnet,True,none,lr,1e-05,0.0001,32,8,0.4808,0.8340,0.7278,0.7857,0.4449,nan,nan,nan,nan,1
none,cage,0,2,resnet,True,none,lr,1e-05,0.0001,32,9,0.4292,0.8711,0.7502,0.7857,0.4191,nan,nan,nan,nan,1
none,cage,0,2,resnet,True,none,lr,1e-05,0.0001,32,10,0.3939,0.8681,0.7848,0.7619,0.4632,nan,nan,nan,nan,1
none,cage,0,2,resnet,True,none,lr,1e-05,0.0001,32,11,0.3446,0.8797,0.8055,0.7619,0.4963,nan,nan,nan,nan,1
none,cage,0,2,resnet,True,none,lr,1e-05,0.0001,32,12,0.3106,0.9907,0.8499,0.7857,0.4191,nan,nan,nan,nan,0
none,cage,0,2,resnet,True,none,lr,1e-05,0.0001,32,13,0.2752,0.9860,0.8574,0.7857,0.5110,nan,nan,nan,nan,0
none,cage,0,2,resnet,True,none,lr,1e-05,0.0001,32,14,0.2429,1.0766,0.8753,0.7857,0.4816,nan,nan,nan,nan,1
none,cage,0,2,resnet,True,none,lr,1e-05,0.0001,32,15,0.2047,1.1550,0.9269,0.7857,0.5000,nan,nan,nan,nan,1
none,cage,0,2,resnet,True,none,lr,1e-05,0.0001,32,16,0.1832,1.1201,0.8987,0.7857,0.5478,nan,nan,nan,nan,1
none,cage,0,2,resnet,True,none,lr,1e-05,0.0001,32,17,0.1580,1.2531,1.0060,0.7857,0.4485,0.8942,0.8669,0.8372,0.6905,1
none,cage,0,2,resnet,True,none,lr,1e-05,0.0001,32,18,0.1322,1.4042,1.0530,0.7857,0.4485,nan,nan,nan,nan,0
none,cage,0,2,resnet,True,none,lr,1e-05,0.0001,32,19,0.1141,1.4040,1.0752,0.7857,0.4596,nan,nan,nan,nan,0
none,cage,0,2,resnet,True,none,lr,1e-05,0.0001,32,20,0.1070,1.4607,1.1020,0.7857,0.4007,nan,nan,nan,nan,0
none,cage,0,2,resnet,True,none,lr,1e-05,0.0001,32,21,0.0969,1.4971,1.1335,0.7857,0.4522,nan,nan,nan,nan,0
none,cage,0,2,resnet,True,none,lr,1e-05,0.0001,32,22,0.0822,1.6743,1.2130,0.7857,0.5110,nan,nan,nan,nan,0
none,cage,0,3,resnet,True,none,lr,1e-05,0.0001,32,1,0.7323,0.6774,0.6937,0.5476,0.6367,nan,nan,nan,nan,0
none,cage,0,3,resnet,True,none,lr,1e-05,0.0001,32,2,0.6958,0.6871,0.7023,0.6190,0.5347,nan,nan,nan,nan,0
none,cage,0,3,resnet,True,none,lr,1e-05,0.0001,32,3,0.6623,0.6760,0.6919,0.6429,0.6490,nan,nan,nan,nan,0
none,cage,0,3,resnet,True,none,lr,1e-05,0.0001,32,4,0.6279,0.6821,0.6850,0.7143,0.5918,nan,nan,nan,nan,0
none,cage,0,3,resnet,True,none,lr,1e-05,0.0001,32,5,0.6059,0.6653,0.6823,0.7143,0.6776,nan,nan,nan,nan,1
none,cage,0,3,resnet,True,none,lr,1e-05,0.0001,32,6,0.5646,0.6961,0.7074,0.6667,0.5347,nan,nan,nan,nan,0
none,cage,0,3,resnet,True,none,lr,1e-05,0.0001,32,7,0.5188,0.6734,0.6766,0.7381,0.6694,0.6790,0.6674,0.8140,0.6825,1
none,cage,0,3,resnet,True,none,lr,1e-05,0.0001,32,8,0.4830,0.7209,0.7387,0.6905,0.5469,nan,nan,nan,nan,0
none,cage,0,3,resnet,True,none,lr,1e-05,0.0001,32,9,0.4471,0.7090,0.7104,0.7619,0.5837,nan,nan,nan,nan,0
none,cage,0,3,resnet,True,none,lr,1e-05,0.0001,32,10,0.3905,0.7092,0.7440,0.6905,0.6612,nan,nan,nan,nan,0
none,cage,0,3,resnet,True,none,lr,1e-05,0.0001,32,11,0.3491,0.7472,0.7545,0.7143,0.6408,nan,nan,nan,nan,0
none,cage,0,3,resnet,True,none,lr,1e-05,0.0001,32,12,0.3049,0.8157,0.7662,0.8333,0.5837,nan,nan,nan,nan,0
none,cage,0,3,resnet,True,none,lr,1e-05,0.0001,32,13,0.2615,0.8247,0.7959,0.8095,0.6286,nan,nan,nan,nan,0
none,cage,0,3,resnet,True,none,lr,1e-05,0.0001,32,14,0.2389,0.8656,0.8298,0.7619,0.5837,nan,nan,nan,nan,0
none,cage,0,3,resnet,True,none,lr,1e-05,0.0001,32,15,0.2052,0.9490,0.8856,0.8095,0.5551,nan,nan,nan,nan,0
none,cage,0,3,resnet,True,none,lr,1e-05,0.0001,32,16,0.1788,0.9956,0.9135,0.8095,0.5837,nan,nan,nan,nan,0
none,cage,0,4,resnet,True,none,lr,1e-05,0.0001,32,1,0.7370,0.6954,0.7313,0.3721,0.5214,nan,nan,nan,nan,0
none,cage,0,4,resnet,True,none,lr,1e-05,0.0001,32,2,0.6972,0.7095,0.6977,0.7209,0.4893,nan,nan,nan,nan,0
none,cage,0,4,resnet,True,none,lr,1e-05,0.0001,32,3,0.6713,0.7218,0.6981,0.6977,0.4643,nan,nan,nan,nan,0
none,cage,0,4,resnet,True,none,lr,1e-05,0.0001,32,4,0.6366,0.7153,0.7182,0.6279,0.4679,nan,nan,nan,nan,0
none,cage,0,4,resnet,True,none,lr,1e-05,0.0001,32,5,0.6084,0.7061,0.6991,0.6279,0.5250,nan,nan,nan,nan,1
none,cage,0,4,resnet,True,none,lr,1e-05,0.0001,32,6,0.5753,0.7276,0.7163,0.7209,0.5571,nan,nan,nan,nan,1
none,cage,0,4,resnet,True,none,lr,1e-05,0.0001,32,7,0.5305,0.7185,0.7215,0.7209,0.5679,nan,nan,nan,nan,1
none,cage,0,4,resnet,True,none,lr,1e-05,0.0001,32,8,0.5060,0.6986,0.7097,0.7209,0.6071,nan,nan,nan,nan,1
none,cage,0,4,resnet,True,none,lr,1e-05,0.0001,32,9,0.4580,0.7341,0.7675,0.7442,0.5714,nan,nan,nan,nan,1
none,cage,0,4,resnet,True,none,lr,1e-05,0.0001,32,10,0.4117,0.7746,0.7619,0.7209,0.5857,nan,nan,nan,nan,1
none,cage,0,4,resnet,True,none,lr,1e-05,0.0001,32,11,0.3641,0.7592,0.8114,0.7209,0.5929,nan,nan,nan,nan,1
none,cage,0,4,resnet,True,none,lr,1e-05,0.0001,32,12,0.3318,0.8458,0.8475,0.7907,0.5786,nan,nan,nan,nan,0
none,cage,0,4,resnet,True,none,lr,1e-05,0.0001,32,13,0.2860,0.8206,0.8448,0.8140,0.6107,nan,nan,nan,nan,0
none,cage,0,4,resnet,True,none,lr,1e-05,0.0001,32,14,0.2484,0.9227,0.9265,0.7907,0.5679,nan,nan,nan,nan,0
none,cage,0,4,resnet,True,none,lr,1e-05,0.0001,32,15,0.2195,0.9409,0.9328,0.8372,0.6143,0.9241,0.8746,0.8140,0.6508,1
none,cage,0,4,resnet,True,none,lr,1e-05,0.0001,32,16,0.1809,1.0715,1.0087,0.8372,0.6071,nan,nan,nan,nan,0
none,cage,0,4,resnet,True,none,lr,1e-05,0.0001,32,17,0.1647,1.1163,1.0679,0.8372,0.5679,nan,nan,nan,nan,0
none,cage,0,4,resnet,True,none,lr,1e-05,0.0001,32,18,0.1476,1.1959,1.1206,0.8372,0.5857,nan,nan,nan,nan,0
none,cage,0,4,resnet,True,none,lr,1e-05,0.0001,32,19,0.1280,1.2206,1.1468,0.8372,0.5821,nan,nan,nan,nan,0
none,cage,0,4,resnet,True,none,lr,1e-05,0.0001,32,20,0.1134,1.1362,1.1561,0.8372,0.6036,nan,nan,nan,nan,0
none,cage,0,5,resnet,True,none,lr,1e-05,0.0001,32,1,0.7256,0.6915,0.7036,0.5250,0.5412,nan,nan,nan,nan,0
none,cage,0,5,resnet,True,none,lr,1e-05,0.0001,32,2,0.6817,0.7305,0.7015,0.6750,0.4086,nan,nan,nan,nan,0
none,cage,0,5,resnet,True,none,lr,1e-05,0.0001,32,3,0.6469,0.7153,0.6888,0.6750,0.5161,nan,nan,nan,nan,0
none,cage,0,5,resnet,True,none,lr,1e-05,0.0001,32,4,0.6211,0.7160,0.7067,0.6000,0.5448,nan,nan,nan,nan,0
none,cage,0,5,resnet,True,none,lr,1e-05,0.0001,32,5,0.5866,0.7352,0.7094,0.6750,0.4982,0.6802,0.6668,0.7907,0.6032,1
none,cage,0,5,resnet,True,none,lr,1e-05,0.0001,32,6,0.5530,0.7965,0.7240,0.7000,0.4301,nan,nan,nan,nan,0
none,cage,0,5,resnet,True,none,lr,1e-05,0.0001,32,7,0.5028,0.7889,0.7659,0.6250,0.4516,nan,nan,nan,nan,0
none,cage,0,5,resnet,True,none,lr,1e-05,0.0001,32,8,0.4563,0.8587,0.7800,0.6500,0.4014,nan,nan,nan,nan,0
none,cage,0,5,resnet,True,none,lr,1e-05,0.0001,32,9,0.4207,0.9460,0.8014,0.6750,0.3978,nan,nan,nan,nan,0
none,cage,0,5,resnet,True,none,lr,1e-05,0.0001,32,10,0.3798,0.9340,0.8415,0.6500,0.4444,nan,nan,nan,nan,0
none,cage,0,5,resnet,True,none,lr,1e-05,0.0001,32,11,0.3408,1.0092,0.8736,0.6750,0.3513,nan,nan,nan,nan,0
none,cage,0,5,resnet,True,none,lr,1e-05,0.0001,32,12,0.2991,0.9719,0.9320,0.6250,0.4588,nan,nan,nan,nan,0
none,cage,0,5,resnet,True,none,lr,1e-05,0.0001,32,13,0.2598,1.1275,0.9633,0.6750,0.4086,nan,nan,nan,nan,0
none,cage,0,5,resnet,True,none,lr,1e-05,0.0001,32,14,0.2403,1.2211,1.0379,0.7000,0.3835,nan,nan,nan,nan,0
none,cage,0,5,resnet,True,none,lr,1e-05,0.0001,32,15,0.2112,1.2495,1.0318,0.7000,0.4444,nan,nan,nan,nan,0
none,cage,0,5,resnet,True,none,lr,1e-05,0.0001,32,16,0.1793,1.3272,1.0718,0.7500,0.4444,nan,nan,nan,nan,0
none,cage,0,6,resnet,True,none,lr,1e-05,0.0001,32,1,0.7332,0.6987,0.7209,0.4390,0.5000,nan,nan,nan,nan,0
none,cage,0,6,resnet,True,none,lr,1e-05,0.0001,32,2,0.6860,0.7043,0.7182,0.5122,0.4619,nan,nan,nan,nan,0
none,cage,0,6,resnet,True,none,lr,1e-05,0.0001,32,3,0.6613,0.6929,0.6926,0.6341,0.5286,nan,nan,nan,nan,0
none,cage,0,6,resnet,True,none,lr,1e-05,0.0001,32,4,0.6300,0.6953,0.6965,0.6829,0.5429,nan,nan,nan,nan,0
none,cage,0,6,resnet,True,none,lr,1e-05,0.0001,32,5,0.5970,0.7021,0.6818,0.8293,0.4762,nan,nan,nan,nan,1
none,cage,0,6,resnet,True,none,lr,1e-05,0.0001,32,6,0.5616,0.6935,0.6562,0.8293,0.5714,nan,nan,nan,nan,1
none,cage,0,6,resnet,True,none,lr,1e-05,0.0001,32,7,0.5352,0.6891,0.6766,0.8293,0.5762,0.6612,0.6667,0.7907,0.6786,1
none,cage,0,6,resnet,True,none,lr,1e-05,0.0001,32,8,0.4834,0.7150,0.6853,0.8293,0.5381,nan,nan,nan,nan,0
none,cage,0,6,resnet,True,none,lr,1e-05,0.0001,32,9,0.4426,0.7593,0.7235,0.8293,0.4762,nan,nan,nan,nan,0
none,cage,0,6,resnet,True,none,lr,1e-05,0.0001,32,10,0.4039,0.7395,0.7475,0.8293,0.4857,nan,nan,nan,nan,0
none,cage,0,6,resnet,True,none,lr,1e-05,0.0001,32,11,0.3664,0.8162,0.7985,0.8293,0.4143,nan,nan,nan,nan,0
none,cage,0,6,resnet,True,none,lr,1e-05,0.0001,32,12,0.3183,0.8635,0.8075,0.8293,0.4905,nan,nan,nan,nan,0
none,cage,0,6,resnet,True,none,lr,1e-05,0.0001,32,13,0.2785,0.9212,0.8783,0.8537,0.4524,nan,nan,nan,nan,0
none,cage,0,6,resnet,True,none,lr,1e-05,0.0001,32,14,0.2541,0.9580,0.8718,0.8537,0.4952,nan,nan,nan,nan,0
none,cage,0,6,resnet,True,none,lr,1e-05,0.0001,32,15,0.2156,1.0240,0.9423,0.8293,0.3905,nan,nan,nan,nan,0
none,cage,0,6,resnet,True,none,lr,1e-05,0.0001,32,16,0.2008,1.1231,0.9892,0.8537,0.4143,nan,nan,nan,nan,0
none,cage,0,7,resnet,True,none,lr,1e-05,0.0001,32,1,0.7541,0.6799,0.6618,0.8182,0.6597,nan,nan,nan,nan,0
none,cage,0,7,resnet,True,none,lr,1e-05,0.0001,32,2,0.6984,0.6814,0.6454,0.8409,0.6389,nan,nan,nan,nan,0
none,cage,0,7,resnet,True,none,lr,1e-05,0.0001,32,3,0.6630,0.6719,0.6244,0.7727,0.7812,nan,nan,nan,nan,0
none,cage,0,7,resnet,True,none,lr,1e-05,0.0001,32,4,0.6405,0.6608,0.6374,0.7727,0.7674,nan,nan,nan,nan,0
none,cage,0,7,resnet,True,none,lr,1e-05,0.0001,32,5,0.6082,0.6545,0.6346,0.7955,0.7778,nan,nan,nan,nan,1
none,cage,0,7,resnet,True,none,lr,1e-05,0.0001,32,6,0.5696,0.6840,0.6312,0.8182,0.7257,nan,nan,nan,nan,1
none,cage,0,7,resnet,True,none,lr,1e-05,0.0001,32,7,0.5362,0.6469,0.6741,0.7727,0.7014,0.6388,0.6663,0.7674,0.7183,1
none,cage,0,7,resnet,True,none,lr,1e-05,0.0001,32,8,0.4907,0.6593,0.6534,0.7727,0.7569,nan,nan,nan,nan,0
none,cage,0,7,resnet,True,none,lr,1e-05,0.0001,32,9,0.4495,0.6652,0.6673,0.8182,0.7188,nan,nan,nan,nan,0
none,cage,0,7,resnet,True,none,lr,1e-05,0.0001,32,10,0.4110,0.7083,0.6471,0.8182,0.7708,nan,nan,nan,nan,0
none,cage,0,7,resnet,True,none,lr,1e-05,0.0001,32,11,0.3610,0.7439,0.6781,0.8636,0.7222,nan,nan,nan,nan,0
none,cage,0,7,resnet,True,none,lr,1e-05,0.0001,32,12,0.3160,0.7484,0.6717,0.8182,0.7882,nan,nan,nan,nan,0
none,cage,0,7,resnet,True,none,lr,1e-05,0.0001,32,13,0.2722,0.8529,0.7375,0.8182,0.7361,nan,nan,nan,nan,0
none,cage,0,7,resnet,True,none,lr,1e-05,0.0001,32,14,0.2439,0.8283,0.7216,0.8182,0.7604,nan,nan,nan,nan,0
none,cage,0,7,resnet,True,none,lr,1e-05,0.0001,32,15,0.2175,0.8728,0.7670,0.8182,0.7396,nan,nan,nan,nan,0
none,cage,0,7,resnet,True,none,lr,1e-05,0.0001,32,16,0.1874,0.9666,0.7922,0.8182,0.7361,nan,nan,nan,nan,0
none,cage,0,8,resnet,True,none,lr,1e-05,0.0001,32,1,0.7279,0.6909,0.6674,0.7021,0.5641,nan,nan,nan,nan,0
none,cage,0,8,resnet,True,none,lr,1e-05,0.0001,32,2,0.6807,0.6894,0.6954,0.5957,0.5545,nan,nan,nan,nan,0
none,cage,0,8,resnet,True,none,lr,1e-05,0.0001,32,3,0.6656,0.6985,0.6744,0.7021,0.5449,nan,nan,nan,nan,0
none,cage,0,8,resnet,True,none,lr,1e-05,0.0001,32,4,0.6305,0.7110,0.6853,0.6809,0.4808,nan,nan,nan,nan,0
none,cage,0,8,resnet,True,none,lr,1e-05,0.0001,32,5,0.5933,0.7538,0.6808,0.7234,0.4455,nan,nan,nan,nan,1
none,cage,0,8,resnet,True,none,lr,1e-05,0.0001,32,6,0.5558,0.7829,0.6594,0.8298,0.4744,nan,nan,nan,nan,0
none,cage,0,8,resnet,True,none,lr,1e-05,0.0001,32,7,0.5191,0.7534,0.6978,0.7660,0.5096,nan,nan,nan,nan,0
none,cage,0,8,resnet,True,none,lr,1e-05,0.0001,32,8,0.4676,0.7669,0.7038,0.7234,0.4968,nan,nan,nan,nan,0
none,cage,0,8,resnet,True,none,lr,1e-05,0.0001,32,9,0.4351,0.8320,0.7687,0.7021,0.4872,nan,nan,nan,nan,0
none,cage,0,8,resnet,True,none,lr,1e-05,0.0001,32,10,0.3933,0.8052,0.7344,0.7660,0.5064,nan,nan,nan,nan,0
none,cage,0,8,resnet,True,none,lr,1e-05,0.0001,32,11,0.3500,0.8500,0.7630,0.7660,0.5128,nan,nan,nan,nan,0
none,cage,0,8,resnet,True,none,lr,1e-05,0.0001,32,12,0.3135,0.9329,0.8115,0.7872,0.5417,nan,nan,nan,nan,0
none,cage,0,8,resnet,True,none,lr,1e-05,0.0001,32,13,0.2737,0.9489,0.7976,0.7660,0.5192,nan,nan,nan,nan,0
none,cage,0,8,resnet,True,none,lr,1e-05,0.0001,32,14,0.2483,0.9860,0.8503,0.7447,0.5032,nan,nan,nan,nan,0
none,cage,0,8,resnet,True,none,lr,1e-05,0.0001,32,15,0.2222,1.0759,0.8811,0.7872,0.5160,nan,nan,nan,nan,0
none,cage,0,8,resnet,True,none,lr,1e-05,0.0001,32,16,0.1795,1.0656,0.9053,0.7872,0.5513,nan,nan,nan,nan,1
none,cage,0,8,resnet,True,none,lr,1e-05,0.0001,32,17,0.1664,1.1624,0.9269,0.8085,0.5865,nan,nan,nan,nan,1
none,cage,0,8,resnet,True,none,lr,1e-05,0.0001,32,18,0.1438,1.2625,0.9839,0.7872,0.5353,nan,nan,nan,nan,0
none,cage,0,8,resnet,True,none,lr,1e-05,0.0001,32,19,0.1251,1.4261,1.0318,0.8085,0.5321,nan,nan,nan,nan,1
none,cage,0,8,resnet,True,none,lr,1e-05,0.0001,32,20,0.1094,1.3367,1.0183,0.7872,0.5481,nan,nan,nan,nan,1
none,cage,0,8,resnet,True,none,lr,1e-05,0.0001,32,21,0.1003,1.3767,1.0646,0.8085,0.5321,nan,nan,nan,nan,0
none,cage,0,8,resnet,True,none,lr,1e-05,0.0001,32,22,0.0878,1.3962,1.0808,0.7872,0.5513,nan,nan,nan,nan,0
none,cage,0,8,resnet,True,none,lr,1e-05,0.0001,32,23,0.0764,1.5193,1.1140,0.8085,0.5865,nan,nan,nan,nan,0
none,cage,0,8,resnet,True,none,lr,1e-05,0.0001,32,24,0.0697,1.4909,1.1238,0.8085,0.5929,nan,nan,nan,nan,1
none,cage,0,8,resnet,True,none,lr,1e-05,0.0001,32,25,0.0642,1.7053,1.1925,0.8085,0.5737,nan,nan,nan,nan,1
none,cage,0,8,resnet,True,none,lr,1e-05,0.0001,32,26,0.0510,1.6104,1.1565,0.8085,0.5641,1.3277,1.1123,0.8140,0.7222,1
none,cage,0,8,resnet,True,none,lr,1e-05,0.0001,32,27,0.0463,1.8060,1.2279,0.8085,0.5673,nan,nan,nan,nan,0
none,cage,0,8,resnet,True,none,lr,1e-05,0.0001,32,28,0.0447,1.6926,1.2039,0.8085,0.5865,nan,nan,nan,nan,0
none,cage,0,8,resnet,True,none,lr,1e-05,0.0001,32,29,0.0343,1.7956,1.2777,0.7872,0.5673,nan,nan,nan,nan,0
none,cage,0,8,resnet,True,none,lr,1e-05,0.0001,32,30,0.0349,1.7652,1.2557,0.8085,0.5994,nan,nan,nan,nan,0
none,cage,0,8,resnet,True,none,lr,1e-05,0.0001,32,31,0.0305,1.7934,1.2996,0.8085,0.5449,nan,nan,nan,nan,0
none,cage,0,9,resnet,True,none,lr,1e-05,0.0001,32,1,0.7327,0.7119,0.6945,0.7381,0.4411,nan,nan,nan,nan,0
none,cage,0,9,resnet,True,none,lr,1e-05,0.0001,32,2,0.6915,0.7206,0.7152,0.6667,0.4983,nan,nan,nan,nan,0
none,cage,0,9,resnet,True,none,lr,1e-05,0.0001,32,3,0.6665,0.7249,0.7051,0.6667,0.5488,nan,nan,nan,nan,0
none,cage,0,9,resnet,True,none,lr,1e-05,0.0001,32,4,0.6389,0.7317,0.7054,0.7143,0.4714,nan,nan,nan,nan,0
none,cage,0,9,resnet,True,none,lr,1e-05,0.0001,32,5,0.6049,0.7626,0.7381,0.6667,0.4680,0.6692,0.6588,0.7674,0.5754,1
none,cage,0,9,resnet,True,none,lr,1e-05,0.0001,32,6,0.5565,0.7923,0.7465,0.6429,0.4411,nan,nan,nan,nan,0
none,cage,0,9,resnet,True,none,lr,1e-05,0.0001,32,7,0.5347,0.7970,0.7797,0.6429,0.4478,nan,nan,nan,nan,0
none,cage,0,9,resnet,True,none,lr,1e-05,0.0001,32,8,0.4920,0.8450,0.7888,0.6667,0.4579,nan,nan,nan,nan,0
none,cage,0,9,resnet,True,none,lr,1e-05,0.0001,32,9,0.4464,0.8965,0.8035,0.6429,0.4411,nan,nan,nan,nan,0
none,cage,0,9,resnet,True,none,lr,1e-05,0.0001,32,10,0.4062,0.9130,0.8300,0.6429,0.4545,nan,nan,nan,nan,0
none,cage,0,9,resnet,True,none,lr,1e-05,0.0001,32,11,0.3607,0.9925,0.8556,0.6429,0.4848,nan,nan,nan,nan,0
none,cage,0,9,resnet,True,none,lr,1e-05,0.0001,32,12,0.3148,1.0284,0.9479,0.6429,0.3973,nan,nan,nan,nan,0
none,cage,0,9,resnet,True,none,lr,1e-05,0.0001,32,13,0.2805,1.1765,0.9731,0.6905,0.4276,nan,nan,nan,nan,0
none,cage,0,9,resnet,True,none,lr,1e-05,0.0001,32,14,0.2401,1.2269,1.0091,0.6905,0.4310,nan,nan,nan,nan,0
none,cage,0,9,resnet,True,none,lr,1e-05,0.0001,32,15,0.2182,1.2516,1.0050,0.6905,0.4444,nan,nan,nan,nan,0
none,cage,0,9,resnet,True,none,lr,1e-05,0.0001,32,16,0.1911,1.3727,1.1640,0.6905,0.4242,nan,nan,nan,nan,0
none,cage,1,0,resnet,True,none,lr,1e-05,0.0001,32,1,0.7289,0.6875,0.6841,0.7442,0.5357,nan,nan,nan,nan,0
none,cage,1,0,resnet,True,none,lr,1e-05,0.0001,32,2,0.6969,0.6807,0.6727,0.7674,0.5635,nan,nan,nan,nan,0
none,cage,1,0,resnet,True,none,lr,1e-05,0.0001,32,3,0.6628,0.6761,0.7003,0.6047,0.6190,nan,nan,nan,nan,0
none,cage,1,0,resnet,True,none,lr,1e-05,0.0001,32,4,0.6398,0.6654,0.6472,0.8372,0.6905,nan,nan,nan,nan,0
none,cage,1,0,resnet,True,none,lr,1e-05,0.0001,32,5,0.6004,0.6518,0.6506,0.7674,0.7143,nan,nan,nan,nan,1
none,cage,1,0,resnet,True,none,lr,1e-05,0.0001,32,6,0.5718,0.6449,0.6397,0.8140,0.7817,nan,nan,nan,nan,1
none,cage,1,0,resnet,True,none,lr,1e-05,0.0001,32,7,0.5314,0.6383,0.6435,0.8140,0.7897,nan,nan,nan,nan,1
none,cage,1,0,resnet,True,none,lr,1e-05,0.0001,32,8,0.4784,0.6366,0.6580,0.7442,0.7341,nan,nan,nan,nan,1
none,cage,1,0,resnet,True,none,lr,1e-05,0.0001,32,9,0.4390,0.6484,0.6801,0.7674,0.7421,nan,nan,nan,nan,1
none,cage,1,0,resnet,True,none,lr,1e-05,0.0001,32,10,0.4004,0.6693,0.6589,0.8140,0.7659,0.7595,0.6879,0.8605,0.5794,1
none,cage,1,0,resnet,True,none,lr,1e-05,0.0001,32,11,0.3651,0.7243,0.6938,0.8372,0.7103,nan,nan,nan,nan,0
none,cage,1,0,resnet,True,none,lr,1e-05,0.0001,32,12,0.3098,0.6428,0.6624,0.8140,0.8254,nan,nan,nan,nan,0
none,cage,1,0,resnet,True,none,lr,1e-05,0.0001,32,13,0.2810,0.7548,0.7434,0.8372,0.7302,nan,nan,nan,nan,0
none,cage,1,0,resnet,True,none,lr,1e-05,0.0001,32,14,0.2413,0.7579,0.7427,0.8372,0.7897,nan,nan,nan,nan,0
none,cage,1,0,resnet,True,none,lr,1e-05,0.0001,32,15,0.2134,0.7958,0.7971,0.8372,0.7262,nan,nan,nan,nan,0
none,cage,1,0,resnet,True,none,lr,1e-05,0.0001,32,16,0.1852,0.7694,0.8037,0.8140,0.7460,nan,nan,nan,nan,0
none,cage,1,2,resnet,True,none,lr,1e-05,0.0001,32,1,0.7361,0.7063,0.7034,0.5952,0.4154,nan,nan,nan,nan,0
none,cage,1,2,resnet,True,none,lr,1e-05,0.0001,32,2,0.6864,0.6984,0.6878,0.6190,0.5404,nan,nan,nan,nan,0
none,cage,1,2,resnet,True,none,lr,1e-05,0.0001,32,3,0.6592,0.7090,0.6847,0.6905,0.5257,nan,nan,nan,nan,0
none,cage,1,2,resnet,True,none,lr,1e-05,0.0001,32,4,0.6236,0.7522,0.6905,0.7381,0.4154,nan,nan,nan,nan,0
none,cage,1,2,resnet,True,none,lr,1e-05,0.0001,32,5,0.5828,0.7735,0.7185,0.7143,0.3860,nan,nan,nan,nan,1
none,cage,1,2,resnet,True,none,lr,1e-05,0.0001,32,6,0.5438,0.7622,0.7385,0.6667,0.4926,nan,nan,nan,nan,1
none,cage,1,2,resnet,True,none,lr,1e-05,0.0001,32,7,0.5030,0.7677,0.7261,0.7143,0.5625,nan,nan,nan,nan,0
none,cage,1,2,resnet,True,none,lr,1e-05,0.0001,32,8,0.4654,0.7616,0.7621,0.7143,0.5515,nan,nan,nan,nan,1
none,cage,1,2,resnet,True,none,lr,1e-05,0.0001,32,9,0.4161,0.8266,0.7534,0.7381,0.5735,nan,nan,nan,nan,1
none,cage,1,2,resnet,True,none,lr,1e-05,0.0001,32,10,0.3704,0.8317,0.8017,0.7143,0.4816,nan,nan,nan,nan,1
none,cage,1,2,resnet,True,none,lr,1e-05,0.0001,32,11,0.3277,0.9127,0.8047,0.7619,0.5809,nan,nan,nan,nan,1
none,cage,1,2,resnet,True,none,lr,1e-05,0.0001,32,12,0.2833,1.0128,0.8595,0.7619,0.5588,nan,nan,nan,nan,0
none,cage,1,2,resnet,True,none,lr,1e-05,0.0001,32,13,0.2579,0.9578,0.8379,0.7619,0.6507,nan,nan,nan,nan,1
none,cage,1,2,resnet,True,none,lr,1e-05,0.0001,32,14,0.2238,0.9805,0.8686,0.7619,0.6397,nan,nan,nan,nan,1
none,cage,1,2,resnet,True,none,lr,1e-05,0.0001,32,15,0.1952,1.1073,0.9372,0.7619,0.5478,nan,nan,nan,nan,1
none,cage,1,2,resnet,True,none,lr,1e-05,0.0001,32,16,0.1676,1.0951,0.9585,0.7619,0.6691,nan,nan,nan,nan,1
none,cage,1,2,resnet,True,none,lr,1e-05,0.0001,32,17,0.1515,1.1431,0.9846,0.7619,0.6287,1.0517,0.8890,0.8605,0.5794,1
none,cage,1,2,resnet,True,none,lr,1e-05,0.0001,32,18,0.1335,1.2911,1.0504,0.7619,0.5037,nan,nan,nan,nan,0
none,cage,1,2,resnet,True,none,lr,1e-05,0.0001,32,19,0.1077,1.3752,1.0879,0.7619,0.5588,nan,nan,nan,nan,0
none,cage,1,2,resnet,True,none,lr,1e-05,0.0001,32,20,0.1030,1.2790,1.0514,0.7619,0.6140,nan,nan,nan,nan,0
none,cage,1,2,resnet,True,none,lr,1e-05,0.0001,32,21,0.0883,1.3715,1.1037,0.7619,0.6801,nan,nan,nan,nan,0
none,cage,1,2,resnet,True,none,lr,1e-05,0.0001,32,22,0.0760,1.5895,1.2163,0.7619,0.5478,nan,nan,nan,nan,0
none,cage,1,3,resnet,True,none,lr,1e-05,0.0001,32,1,0.7418,0.6748,0.6577,0.7857,0.6898,nan,nan,nan,nan,0
none,cage,1,3,resnet,True,none,lr,1e-05,0.0001,32,2,0.6900,0.6626,0.6727,0.6429,0.7306,nan,nan,nan,nan,0
none,cage,1,3,resnet,True,none,lr,1e-05,0.0001,32,3,0.6689,0.6600,0.6665,0.7381,0.6898,nan,nan,nan,nan,0
none,cage,1,3,resnet,True,none,lr,1e-05,0.0001,32,4,0.6351,0.6626,0.6632,0.6905,0.6327,nan,nan,nan,nan,0
none,cage,1,3,resnet,True,none,lr,1e-05,0.0001,32,5,0.6032,0.6458,0.6771,0.7381,0.6898,nan,nan,nan,nan,1
none,cage,1,3,resnet,True,none,lr,1e-05,0.0001,32,6,0.5676,0.6311,0.6530,0.7381,0.7796,0.6829,0.6423,0.6977,0.5754,1
none,cage,1,3,resnet,True,none,lr,1e-05,0.0001,32,7,0.5228,0.6583,0.6841,0.7381,0.6531,nan,nan,nan,nan,0
none,cage,1,3,resnet,True,none,lr,1e-05,0.0001,32,8,0.4842,0.6453,0.6819,0.7857,0.6735,nan,nan,nan,nan,0
none,cage,1,3,resnet,True,none,lr,1e-05,0.0001,32,9,0.4433,0.6595,0.7017,0.7857,0.6776,nan,nan,nan,nan,0
none,cage,1,3,resnet,True,none,lr,1e-05,0.0001,32,10,0.3904,0.6751,0.6845,0.8095,0.7061,nan,nan,nan,nan,0
none,cage,1,3,resnet,True,none,lr,1e-05,0.0001,32,11,0.3446,0.6946,0.7307,0.7857,0.7184,nan,nan,nan,nan,0
none,cage,1,3,resnet,True,none,lr,1e-05,0.0001,32,12,0.3036,0.7233,0.7510,0.7619,0.6694,nan,nan,nan,nan,0
none,cage,1,3,resnet,True,none,lr,1e-05,0.0001,32,13,0.2615,0.7422,0.7977,0.7857,0.6612,nan,nan,nan,nan,0
none,cage,1,3,resnet,True,none,lr,1e-05,0.0001,32,14,0.2264,0.8125,0.8350,0.8333,0.6245,nan,nan,nan,nan,0
none,cage,1,3,resnet,True,none,lr,1e-05,0.0001,32,15,0.1994,0.8670,0.8520,0.8571,0.6694,nan,nan,nan,nan,0
none,cage,1,3,resnet,True,none,lr,1e-05,0.0001,32,16,0.1860,0.9002,0.8870,0.8333,0.6735,nan,nan,nan,nan,0
none,cage,1,4,resnet,True,none,lr,1e-05,0.0001,32,1,0.7385,0.7026,0.6859,0.7674,0.4964,nan,nan,nan,nan,0
none,cage,1,4,resnet,True,none,lr,1e-05,0.0001,32,2,0.6936,0.7180,0.6947,0.6744,0.4786,nan,nan,nan,nan,0
none,cage,1,4,resnet,True,none,lr,1e-05,0.0001,32,3,0.6686,0.7144,0.7104,0.6744,0.4821,nan,nan,nan,nan,0
none,cage,1,4,resnet,True,none,lr,1e-05,0.0001,32,4,0.6296,0.7033,0.6884,0.7442,0.5750,nan,nan,nan,nan,0
none,cage,1,4,resnet,True,none,lr,1e-05,0.0001,32,5,0.5953,0.7156,0.7037,0.7209,0.5607,nan,nan,nan,nan,1
none,cage,1,4,resnet,True,none,lr,1e-05,0.0001,32,6,0.5642,0.6829,0.6978,0.7674,0.6536,nan,nan,nan,nan,1
none,cage,1,4,resnet,True,none,lr,1e-05,0.0001,32,7,0.5223,0.7161,0.7068,0.7907,0.5964,nan,nan,nan,nan,1
none,cage,1,4,resnet,True,none,lr,1e-05,0.0001,32,8,0.4755,0.7351,0.7239,0.8140,0.6143,nan,nan,nan,nan,1
none,cage,1,4,resnet,True,none,lr,1e-05,0.0001,32,9,0.4368,0.7392,0.7246,0.7907,0.6929,nan,nan,nan,nan,1
none,cage,1,4,resnet,True,none,lr,1e-05,0.0001,32,10,0.3995,0.7836,0.7678,0.7907,0.6429,nan,nan,nan,nan,1
none,cage,1,4,resnet,True,none,lr,1e-05,0.0001,32,11,0.3415,0.7957,0.7970,0.7907,0.6536,nan,nan,nan,nan,0
none,cage,1,4,resnet,True,none,lr,1e-05,0.0001,32,12,0.3201,0.8877,0.8542,0.8140,0.6250,nan,nan,nan,nan,1
none,cage,1,4,resnet,True,none,lr,1e-05,0.0001,32,13,0.2763,0.7895,0.8286,0.8140,0.6714,0.9245,0.7764,0.8140,0.5119,1
none,cage,1,4,resnet,True,none,lr,1e-05,0.0001,32,14,0.2340,0.8823,0.9045,0.7907,0.6786,nan,nan,nan,nan,0
none,cage,1,4,resnet,True,none,lr,1e-05,0.0001,32,15,0.2067,1.0866,0.9854,0.7907,0.6393,nan,nan,nan,nan,0
none,cage,1,4,resnet,True,none,lr,1e-05,0.0001,32,16,0.1894,1.0536,0.9976,0.7907,0.6536,nan,nan,nan,nan,0
none,cage,1,4,resnet,True,none,lr,1e-05,0.0001,32,17,0.1684,1.1972,1.1356,0.7674,0.5714,nan,nan,nan,nan,0
none,cage,1,4,resnet,True,none,lr,1e-05,0.0001,32,18,0.1378,1.2439,1.1546,0.8140,0.6464,nan,nan,nan,nan,0
none,cage,1,5,resnet,True,none,lr,1e-05,0.0001,32,1,0.7235,0.7232,0.6992,0.6750,0.3871,nan,nan,nan,nan,0
none,cage,1,5,resnet,True,none,lr,1e-05,0.0001,32,2,0.6813,0.7069,0.6855,0.6500,0.5161,nan,nan,nan,nan,0
none,cage,1,5,resnet,True,none,lr,1e-05,0.0001,32,3,0.6515,0.7283,0.6986,0.6500,0.4588,nan,nan,nan,nan,0
none,cage,1,5,resnet,True,none,lr,1e-05,0.0001,32,4,0.6249,0.7366,0.7018,0.6500,0.4875,nan,nan,nan,nan,0
none,cage,1,5,resnet,True,none,lr,1e-05,0.0001,32,5,0.5917,0.7634,0.7422,0.6000,0.4337,nan,nan,nan,nan,1
none,cage,1,5,resnet,True,none,lr,1e-05,0.0001,32,6,0.5563,0.7643,0.7254,0.6250,0.4946,0.6628,0.6433,0.7442,0.6389,1
none,cage,1,5,resnet,True,none,lr,1e-05,0.0001,32,7,0.5016,0.7820,0.7226,0.6500,0.5233,nan,nan,nan,nan,0
none,cage,1,5,resnet,True,none,lr,1e-05,0.0001,32,8,0.4594,0.9135,0.7842,0.6500,0.4373,nan,nan,nan,nan,0
none,cage,1,5,resnet,True,none,lr,1e-05,0.0001,32,9,0.4312,0.9039,0.7912,0.6750,0.4373,nan,nan,nan,nan,0
none,cage,1,5,resnet,True,none,lr,1e-05,0.0001,32,10,0.3951,1.0061,0.8557,0.6750,0.3978,nan,nan,nan,nan,0
none,cage,1,5,resnet,True,none,lr,1e-05,0.0001,32,11,0.3503,0.9739,0.8989,0.6750,0.3907,nan,nan,nan,nan,0
none,cage,1,5,resnet,True,none,lr,1e-05,0.0001,32,12,0.3026,1.1382,0.9469,0.7000,0.3871,nan,nan,nan,nan,0
none,cage,1,5,resnet,True,none,lr,1e-05,0.0001,32,13,0.2638,1.2975,1.0041,0.7250,0.3763,nan,nan,nan,nan,0
none,cage,1,5,resnet,True,none,lr,1e-05,0.0001,32,14,0.2339,1.2355,0.9747,0.7500,0.4409,nan,nan,nan,nan,0
none,cage,1,5,resnet,True,none,lr,1e-05,0.0001,32,15,0.2011,1.3251,1.0555,0.7500,0.4122,nan,nan,nan,nan,0
none,cage,1,5,resnet,True,none,lr,1e-05,0.0001,32,16,0.1748,1.3970,1.0757,0.7500,0.4301,nan,nan,nan,nan,0
none,cage,1,6,resnet,True,none,lr,1e-05,0.0001,32,1,0.7443,0.7036,0.7083,0.7073,0.5286,nan,nan,nan,nan,0
none,cage,1,6,resnet,True,none,lr,1e-05,0.0001,32,2,0.6906,0.7112,0.6836,0.8293,0.4381,nan,nan,nan,nan,0
none,cage,1,6,resnet,True,none,lr,1e-05,0.0001,32,3,0.6521,0.7098,0.6868,0.7805,0.4429,nan,nan,nan,nan,0
none,cage,1,6,resnet,True,none,lr,1e-05,0.0001,32,4,0.6214,0.7129,0.6868,0.7317,0.4429,nan,nan,nan,nan,0
none,cage,1,6,resnet,True,none,lr,1e-05,0.0001,32,5,0.5873,0.7192,0.7080,0.7805,0.4190,0.6906,0.6783,0.7442,0.5794,1
none,cage,1,6,resnet,True,none,lr,1e-05,0.0001,32,6,0.5516,0.7552,0.7557,0.6829,0.3286,nan,nan,nan,nan,0
none,cage,1,6,resnet,True,none,lr,1e-05,0.0001,32,7,0.5132,0.7951,0.7407,0.8537,0.3333,nan,nan,nan,nan,0
none,cage,1,6,resnet,True,none,lr,1e-05,0.0001,32,8,0.4746,0.7756,0.7442,0.8537,0.3810,nan,nan,nan,nan,0
none,cage,1,6,resnet,True,none,lr,1e-05,0.0001,32,9,0.4293,0.7777,0.7360,0.8537,0.3762,nan,nan,nan,nan,0
none,cage,1,6,resnet,True,none,lr,1e-05,0.0001,32,10,0.3874,0.8622,0.7821,0.8537,0.3762,nan,nan,nan,nan,0
none,cage,1,6,resnet,True,none,lr,1e-05,0.0001,32,11,0.3437,0.8485,0.8187,0.8537,0.3905,nan,nan,nan,nan,0
none,cage,1,6,resnet,True,none,lr,1e-05,0.0001,32,12,0.2995,0.8830,0.8539,0.8537,0.3476,nan,nan,nan,nan,0
none,cage,1,6,resnet,True,none,lr,1e-05,0.0001,32,13,0.2725,1.0464,0.9176,0.8537,0.3476,nan,nan,nan,nan,0
none,cage,1,6,resnet,True,none,lr,1e-05,0.0001,32,14,0.2475,1.0297,0.9334,0.8537,0.3619,nan,nan,nan,nan,0
none,cage,1,6,resnet,True,none,lr,1e-05,0.0001,32,15,0.2147,1.0978,0.9763,0.8537,0.3238,nan,nan,nan,nan,0
none,cage,1,6,resnet,True,none,lr,1e-05,0.0001,32,16,0.1884,1.1983,1.0475,0.8537,0.3619,nan,nan,nan,nan,0
none,cage,1,7,resnet,True,none,lr,1e-05,0.0001,32,1,0.7399,0.6767,0.6546,0.7727,0.7708,nan,nan,nan,nan,0
none,cage,1,7,resnet,True,none,lr,1e-05,0.0001,32,2,0.6864,0.6810,0.6937,0.5909,0.6181,nan,nan,nan,nan,0
none,cage,1,7,resnet,True,none,lr,1e-05,0.0001,32,3,0.6588,0.6869,0.6720,0.7045,0.6215,nan,nan,nan,nan,0
none,cage,1,7,resnet,True,none,lr,1e-05,0.0001,32,4,0.6353,0.6765,0.6647,0.7273,0.6389,nan,nan,nan,nan,0
none,cage,1,7,resnet,True,none,lr,1e-05,0.0001,32,5,0.6040,0.6778,0.6725,0.7045,0.6493,nan,nan,nan,nan,1
none,cage,1,7,resnet,True,none,lr,1e-05,0.0001,32,6,0.5656,0.6509,0.6562,0.7273,0.7465,nan,nan,nan,nan,0
none,cage,1,7,resnet,True,none,lr,1e-05,0.0001,32,7,0.5272,0.6843,0.6701,0.7727,0.6250,nan,nan,nan,nan,0
none,cage,1,7,resnet,True,none,lr,1e-05,0.0001,32,8,0.4874,0.6959,0.6602,0.7955,0.6771,nan,nan,nan,nan,1
none,cage,1,7,resnet,True,none,lr,1e-05,0.0001,32,9,0.4490,0.7255,0.6712,0.8409,0.6354,nan,nan,nan,nan,0
none,cage,1,7,resnet,True,none,lr,1e-05,0.0001,32,10,0.4085,0.6846,0.6775,0.8182,0.7083,nan,nan,nan,nan,1
none,cage,1,7,resnet,True,none,lr,1e-05,0.0001,32,11,0.3644,0.7426,0.6974,0.8409,0.6910,nan,nan,nan,nan,0
none,cage,1,7,resnet,True,none,lr,1e-05,0.0001,32,12,0.3246,0.7551,0.6961,0.7955,0.7361,nan,nan,nan,nan,1
none,cage,1,7,resnet,True,none,lr,1e-05,0.0001,32,13,0.2977,0.7690,0.7209,0.8182,0.7083,nan,nan,nan,nan,1
none,cage,1,7,resnet,True,none,lr,1e-05,0.0001,32,14,0.2481,0.7919,0.7286,0.8182,0.7465,0.8356,0.7251,0.8140,0.6349,1
none,cage,1,7,resnet,True,none,lr,1e-05,0.0001,32,15,0.2177,0.8396,0.7660,0.8182,0.6979,nan,nan,nan,nan,0
none,cage,1,7,resnet,True,none,lr,1e-05,0.0001,32,16,0.1911,0.9483,0.7944,0.8182,0.6944,nan,nan,nan,nan,0
none,cage,1,7,resnet,True,none,lr,1e-05,0.0001,32,17,0.1739,0.9809,0.8145,0.8182,0.7153,nan,nan,nan,nan,0
none,cage,1,7,resnet,True,none,lr,1e-05,0.0001,32,18,0.1555,0.9332,0.8350,0.8182,0.7257,nan,nan,nan,nan,0
none,cage,1,7,resnet,True,none,lr,1e-05,0.0001,32,19,0.1290,1.0456,0.8386,0.8182,0.7812,nan,nan,nan,nan,0
none,cage,1,8,resnet,True,none,lr,1e-05,0.0001,32,1,0.7196,0.6957,0.6603,0.7447,0.5160,nan,nan,nan,nan,0
none,cage,1,8,resnet,True,none,lr,1e-05,0.0001,32,2,0.6788,0.7035,0.6916,0.6809,0.4840,nan,nan,nan,nan,0
none,cage,1,8,resnet,True,none,lr,1e-05,0.0001,32,3,0.6523,0.6944,0.6731,0.7234,0.5737,nan,nan,nan,nan,0
none,cage,1,8,resnet,True,none,lr,1e-05,0.0001,32,4,0.6169,0.7007,0.6804,0.6596,0.5481,nan,nan,nan,nan,0
none,cage,1,8,resnet,True,none,lr,1e-05,0.0001,32,5,0.5821,0.7160,0.6954,0.6596,0.5192,nan,nan,nan,nan,1
none,cage,1,8,resnet,True,none,lr,1e-05,0.0001,32,6,0.5487,0.7121,0.6759,0.6809,0.5769,nan,nan,nan,nan,1
none,cage,1,8,resnet,True,none,lr,1e-05,0.0001,32,7,0.5181,0.7395,0.6744,0.7447,0.5449,0.6695,0.6309,0.8140,0.6627,1
none,cage,1,8,resnet,True,none,lr,1e-05,0.0001,32,8,0.4721,0.7573,0.6923,0.7021,0.5577,nan,nan,nan,nan,0
none,cage,1,8,resnet,True,none,lr,1e-05,0.0001,32,9,0.4319,0.8119,0.7250,0.7021,0.5160,nan,nan,nan,nan,0
none,cage,1,8,resnet,True,none,lr,1e-05,0.0001,32,10,0.3892,0.8174,0.7396,0.7447,0.5417,nan,nan,nan,nan,0
none,cage,1,8,resnet,True,none,lr,1e-05,0.0001,32,11,0.3413,0.8566,0.7702,0.7447,0.5321,nan,nan,nan,nan,0
none,cage,1,8,resnet,True,none,lr,1e-05,0.0001,32,12,0.3034,0.9328,0.7920,0.7234,0.5385,nan,nan,nan,nan,0
none,cage,1,8,resnet,True,none,lr,1e-05,0.0001,32,13,0.2748,0.9444,0.8128,0.7234,0.5128,nan,nan,nan,nan,0
none,cage,1,8,resnet,True,none,lr,1e-05,0.0001,32,14,0.2385,0.9222,0.7929,0.7660,0.5801,nan,nan,nan,nan,0
none,cage,1,8,resnet,True,none,lr,1e-05,0.0001,32,15,0.2023,1.1107,0.8807,0.7872,0.5449,nan,nan,nan,nan,0
none,cage,1,8,resnet,True,none,lr,1e-05,0.0001,32,16,0.1702,1.1192,0.8829,0.7872,0.5833,nan,nan,nan,nan,0
none,cage,1,9,resnet,True,none,lr,1e-05,0.0001,32,1,0.7298,0.7214,0.6892,0.7143,0.4141,nan,nan,nan,nan,0
none,cage,1,9,resnet,True,none,lr,1e-05,0.0001,32,2,0.6841,0.7233,0.7276,0.6190,0.4714,nan,nan,nan,nan,0
none,cage,1,9,resnet,True,none,lr,1e-05,0.0001,32,3,0.6509,0.7567,0.7199,0.6190,0.4579,nan,nan,nan,nan,0
none,cage,1,9,resnet,True,none,lr,1e-05,0.0001,32,4,0.6113,0.7742,0.7315,0.6190,0.4680,nan,nan,nan,nan,0
none,cage,1,9,resnet,True,none,lr,1e-05,0.0001,32,5,0.5777,0.7746,0.7444,0.6429,0.4949,nan,nan,nan,nan,1
none,cage,1,9,resnet,True,none,lr,1e-05,0.0001,32,6,0.5394,0.8008,0.7784,0.6190,0.4478,0.6667,0.6477,0.7674,0.6548,1
none,cage,1,9,resnet,True,none,lr,1e-05,0.0001,32,7,0.5061,0.8180,0.7698,0.6190,0.4848,nan,nan,nan,nan,0
none,cage,1,9,resnet,True,none,lr,1e-05,0.0001,32,8,0.4526,0.8657,0.8390,0.6667,0.4478,nan,nan,nan,nan,0
none,cage,1,9,resnet,True,none,lr,1e-05,0.0001,32,9,0.4035,0.9388,0.8646,0.6429,0.4613,nan,nan,nan,nan,0
none,cage,1,9,resnet,True,none,lr,1e-05,0.0001,32,10,0.3769,0.9574,0.8672,0.6429,0.4680,nan,nan,nan,nan,0
none,cage,1,9,resnet,True,none,lr,1e-05,0.0001,32,11,0.3187,1.0678,0.9915,0.6429,0.4209,nan,nan,nan,nan,0
none,cage,1,9,resnet,True,none,lr,1e-05,0.0001,32,12,0.2880,1.1803,0.9392,0.6905,0.4242,nan,nan,nan,nan,0
none,cage,1,9,resnet,True,none,lr,1e-05,0.0001,32,13,0.2532,1.1544,0.9948,0.6190,0.4040,nan,nan,nan,nan,0
none,cage,1,9,resnet,True,none,lr,1e-05,0.0001,32,14,0.2136,1.1740,1.0114,0.6429,0.4747,nan,nan,nan,nan,0
none,cage,1,9,resnet,True,none,lr,1e-05,0.0001,32,15,0.1814,1.1791,1.0618,0.6429,0.4983,nan,nan,nan,nan,0
none,cage,1,9,resnet,True,none,lr,1e-05,0.0001,32,16,0.1692,1.4076,1.1340,0.6667,0.4545,nan,nan,nan,nan,0
none,cage,2,0,resnet,True,none,lr,1e-05,0.0001,32,1,0.7191,0.7006,0.7016,0.6977,0.4921,nan,nan,nan,nan,0
none,cage,2,0,resnet,True,none,lr,1e-05,0.0001,32,2,0.6766,0.7061,0.7012,0.6512,0.4484,nan,nan,nan,nan,0
none,cage,2,0,resnet,True,none,lr,1e-05,0.0001,32,3,0.6477,0.6947,0.7078,0.6512,0.5437,nan,nan,nan,nan,0
none,cage,2,0,resnet,True,none,lr,1e-05,0.0001,32,4,0.6133,0.6832,0.6572,0.7674,0.6468,nan,nan,nan,nan,0
none,cage,2,0,resnet,True,none,lr,1e-05,0.0001,32,5,0.5851,0.6841,0.6647,0.7907,0.5952,nan,nan,nan,nan,1
none,cage,2,0,resnet,True,none,lr,1e-05,0.0001,32,6,0.5498,0.6722,0.6457,0.7907,0.7024,nan,nan,nan,nan,1
none,cage,2,0,resnet,True,none,lr,1e-05,0.0001,32,7,0.5036,0.6618,0.6758,0.8140,0.7024,nan,nan,nan,nan,1
none,cage,2,0,resnet,True,none,lr,1e-05,0.0001,32,8,0.4658,0.6651,0.6715,0.8140,0.7500,nan,nan,nan,nan,1
none,cage,2,0,resnet,True,none,lr,1e-05,0.0001,32,9,0.4243,0.6725,0.6899,0.7907,0.7341,nan,nan,nan,nan,1
none,cage,2,0,resnet,True,none,lr,1e-05,0.0001,32,10,0.3807,0.6725,0.7034,0.7907,0.7143,nan,nan,nan,nan,1
none,cage,2,0,resnet,True,none,lr,1e-05,0.0001,32,11,0.3448,0.7302,0.6940,0.7907,0.7302,nan,nan,nan,nan,1
none,cage,2,0,resnet,True,none,lr,1e-05,0.0001,32,12,0.3069,0.7353,0.7445,0.7907,0.6905,nan,nan,nan,nan,0
none,cage,2,0,resnet,True,none,lr,1e-05,0.0001,32,13,0.2762,0.7686,0.7531,0.7907,0.7381,nan,nan,nan,nan,0
none,cage,2,0,resnet,True,none,lr,1e-05,0.0001,32,14,0.2349,0.8009,0.7557,0.7907,0.7698,nan,nan,nan,nan,0
none,cage,2,0,resnet,True,none,lr,1e-05,0.0001,32,15,0.2060,0.7964,0.8188,0.8140,0.7381,nan,nan,nan,nan,1
none,cage,2,0,resnet,True,none,lr,1e-05,0.0001,32,16,0.1889,0.8437,0.8134,0.8140,0.7579,nan,nan,nan,nan,1
none,cage,2,0,resnet,True,none,lr,1e-05,0.0001,32,17,0.1635,0.9726,0.8900,0.8140,0.7103,nan,nan,nan,nan,0
none,cage,2,0,resnet,True,none,lr,1e-05,0.0001,32,18,0.1349,0.9743,0.8774,0.8140,0.7619,1.3891,1.0621,0.8095,0.5368,1
none,cage,2,0,resnet,True,none,lr,1e-05,0.0001,32,19,0.1217,0.9557,0.9058,0.7907,0.7222,nan,nan,nan,nan,0
none,cage,2,0,resnet,True,none,lr,1e-05,0.0001,32,20,0.1104,1.0517,0.9746,0.8140,0.7222,nan,nan,nan,nan,0
none,cage,2,0,resnet,True,none,lr,1e-05,0.0001,32,21,0.0922,1.0867,0.9845,0.8140,0.7341,nan,nan,nan,nan,0
none,cage,2,0,resnet,True,none,lr,1e-05,0.0001,32,22,0.0806,1.1246,1.0492,0.8140,0.7302,nan,nan,nan,nan,0
none,cage,2,0,resnet,True,none,lr,1e-05,0.0001,32,23,0.0744,1.1577,1.0394,0.7907,0.7579,nan,nan,nan,nan,0
none,cage,2,1,resnet,True,none,lr,1e-05,0.0001,32,1,0.7216,0.6875,0.6795,0.7209,0.5595,nan,nan,nan,nan,0
none,cage,2,1,resnet,True,none,lr,1e-05,0.0001,32,2,0.6866,0.6831,0.6722,0.6512,0.5754,nan,nan,nan,nan,0
none,cage,2,1,resnet,True,none,lr,1e-05,0.0001,32,3,0.6418,0.6938,0.6858,0.6512,0.5040,nan,nan,nan,nan,0
none,cage,2,1,resnet,True,none,lr,1e-05,0.0001,32,4,0.6191,0.6712,0.6637,0.6977,0.5873,nan,nan,nan,nan,0
none,cage,2,1,resnet,True,none,lr,1e-05,0.0001,32,5,0.5810,0.6791,0.6592,0.7442,0.5873,nan,nan,nan,nan,1
none,cage,2,1,resnet,True,none,lr,1e-05,0.0001,32,6,0.5357,0.6751,0.6542,0.7674,0.5952,nan,nan,nan,nan,1
none,cage,2,1,resnet,True,none,lr,1e-05,0.0001,32,7,0.4917,0.6756,0.6480,0.7907,0.6548,nan,nan,nan,nan,1
none,cage,2,1,resnet,True,none,lr,1e-05,0.0001,32,8,0.4578,0.6774,0.6658,0.8140,0.6349,nan,nan,nan,nan,1
none,cage,2,1,resnet,True,none,lr,1e-05,0.0001,32,9,0.4056,0.7302,0.6767,0.8605,0.6032,nan,nan,nan,nan,0
none,cage,2,1,resnet,True,none,lr,1e-05,0.0001,32,10,0.3599,0.7445,0.6925,0.8372,0.5992,0.8356,0.7658,0.7619,0.5993,1
none,cage,2,1,resnet,True,none,lr,1e-05,0.0001,32,11,0.3299,0.8182,0.7272,0.8605,0.5595,nan,nan,nan,nan,0
none,cage,2,1,resnet,True,none,lr,1e-05,0.0001,32,12,0.2826,0.8888,0.7823,0.8605,0.5159,nan,nan,nan,nan,0
none,cage,2,1,resnet,True,none,lr,1e-05,0.0001,32,13,0.2602,0.8527,0.7469,0.8605,0.6032,nan,nan,nan,nan,0
none,cage,2,1,resnet,True,none,lr,1e-05,0.0001,32,14,0.2299,0.9300,0.8745,0.8140,0.5119,nan,nan,nan,nan,0
none,cage,2,1,resnet,True,none,lr,1e-05,0.0001,32,15,0.1945,1.0130,0.8275,0.8372,0.5833,nan,nan,nan,nan,0
none,cage,2,1,resnet,True,none,lr,1e-05,0.0001,32,16,0.1744,1.1176,0.8589,0.8372,0.5833,nan,nan,nan,nan,0
none,cage,2,3,resnet,True,none,lr,1e-05,0.0001,32,1,0.7433,0.6885,0.6960,0.5952,0.5184,nan,nan,nan,nan,0
none,cage,2,3,resnet,True,none,lr,1e-05,0.0001,32,2,0.6779,0.6783,0.6802,0.6905,0.5796,nan,nan,nan,nan,0
none,cage,2,3,resnet,True,none,lr,1e-05,0.0001,32,3,0.6570,0.6680,0.6717,0.7143,0.6490,nan,nan,nan,nan,0
none,cage,2,3,resnet,True,none,lr,1e-05,0.0001,32,4,0.6168,0.6650,0.6830,0.6429,0.6653,nan,nan,nan,nan,0
none,cage,2,3,resnet,True,none,lr,1e-05,0.0001,32,5,0.5841,0.6811,0.7154,0.5714,0.5388,nan,nan,nan,nan,1
none,cage,2,3,resnet,True,none,lr,1e-05,0.0001,32,6,0.5492,0.6594,0.6998,0.6905,0.6408,nan,nan,nan,nan,1
none,cage,2,3,resnet,True,none,lr,1e-05,0.0001,32,7,0.5036,0.6375,0.6577,0.7619,0.7102,nan,nan,nan,nan,1
none,cage,2,3,resnet,True,none,lr,1e-05,0.0001,32,8,0.4649,0.6485,0.6656,0.7857,0.6939,nan,nan,nan,nan,1
none,cage,2,3,resnet,True,none,lr,1e-05,0.0001,32,9,0.4244,0.6921,0.7268,0.7143,0.6163,nan,nan,nan,nan,0
none,cage,2,3,resnet,True,none,lr,1e-05,0.0001,32,10,0.3729,0.6976,0.7083,0.7857,0.6490,nan,nan,nan,nan,1
none,cage,2,3,resnet,True,none,lr,1e-05,0.0001,32,11,0.3279,0.6836,0.7092,0.7857,0.7347,0.8436,0.7752,0.7619,0.6029,1
none,cage,2,3,resnet,True,none,lr,1e-05,0.0001,32,12,0.2824,0.7457,0.7896,0.7381,0.6082,nan,nan,nan,nan,0
none,cage,2,3,resnet,True,none,lr,1e-05,0.0001,32,13,0.2495,0.7579,0.8134,0.7857,0.6082,nan,nan,nan,nan,0
none,cage,2,3,resnet,True,none,lr,1e-05,0.0001,32,14,0.2216,0.8536,0.8238,0.8095,0.6571,nan,nan,nan,nan,0
none,cage,2,3,resnet,True,none,lr,1e-05,0.0001,32,15,0.1907,0.8638,0.8567,0.8095,0.6245,nan,nan,nan,nan,0
none,cage,2,3,resnet,True,none,lr,1e-05,0.0001,32,16,0.1628,0.9269,0.9100,0.8333,0.6082,nan,nan,nan,nan,0
none,cage,2,4,resnet,True,none,lr,1e-05,0.0001,32,1,0.7334,0.7134,0.6959,0.7209,0.4857,nan,nan,nan,nan,0
none,cage,2,4,resnet,True,none,lr,1e-05,0.0001,32,2,0.6814,0.7011,0.7076,0.4651,0.4750,nan,nan,nan,nan,0
none,cage,2,4,resnet,True,none,lr,1e-05,0.0001,32,3,0.6588,0.6883,0.6827,0.6744,0.5821,nan,nan,nan,nan,0
none,cage,2,4,resnet,True,none,lr,1e-05,0.0001,32,4,0.6261,0.7016,0.6801,0.7907,0.5964,nan,nan,nan,nan,0
none,cage,2,4,resnet,True,none,lr,1e-05,0.0001,32,5,0.5881,0.6807,0.6876,0.7442,0.6286,nan,nan,nan,nan,1
none,cage,2,4,resnet,True,none,lr,1e-05,0.0001,32,6,0.5545,0.6984,0.6834,0.7674,0.6536,nan,nan,nan,nan,1
none,cage,2,4,resnet,True,none,lr,1e-05,0.0001,32,7,0.5108,0.6877,0.6945,0.8140,0.6429,nan,nan,nan,nan,1
none,cage,2,4,resnet,True,none,lr,1e-05,0.0001,32,8,0.4677,0.7210,0.7084,0.8372,0.6179,nan,nan,nan,nan,1
none,cage,2,4,resnet,True,none,lr,1e-05,0.0001,32,9,0.4322,0.6816,0.7072,0.8372,0.6893,0.7464,0.7021,0.7381,0.6287,1
none,cage,2,4,resnet,True,none,lr,1e-05,0.0001,32,10,0.3752,0.7425,0.7731,0.8140,0.6321,nan,nan,nan,nan,0
none,cage,2,4,resnet,True,none,lr,1e-05,0.0001,32,11,0.3482,0.7735,0.8195,0.7907,0.6679,nan,nan,nan,nan,0
none,cage,2,4,resnet,True,none,lr,1e-05,0.0001,32,12,0.3025,0.8228,0.8360,0.7674,0.6464,nan,nan,nan,nan,0
none,cage,2,4,resnet,True,none,lr,1e-05,0.0001,32,13,0.2582,0.8715,0.8570,0.8140,0.6071,nan,nan,nan,nan,0
none,cage,2,4,resnet,True,none,lr,1e-05,0.0001,32,14,0.2421,0.8896,0.8771,0.8372,0.5786,nan,nan,nan,nan,0
none,cage,2,4,resnet,True,none,lr,1e-05,0.0001,32,15,0.2044,0.8551,0.8822,0.8372,0.6393,nan,nan,nan,nan,0
none,cage,2,4,resnet,True,none,lr,1e-05,0.0001,32,16,0.1805,0.9384,0.9298,0.8140,0.6357,nan,nan,nan,nan,0
none,cage,2,5,resnet,True,none,lr,1e-05,0.0001,32,1,0.7306,0.6921,0.6791,0.6250,0.5986,nan,nan,nan,nan,0
none,cage,2,5,resnet,True,none,lr,1e-05,0.0001,32,2,0.6825,0.6972,0.6804,0.6000,0.5556,nan,nan,nan,nan,0
none,cage,2,5,resnet,True,none,lr,1e-05,0.0001,32,3,0.6602,0.7352,0.6896,0.7000,0.4624,nan,nan,nan,nan,0
none,cage,2,5,resnet,True,none,lr,1e-05,0.0001,32,4,0.6172,0.7567,0.6889,0.7000,0.4982,nan,nan,nan,nan,0
none,cage,2,5,resnet,True,none,lr,1e-05,0.0001,32,5,0.5794,0.7495,0.6994,0.6750,0.5233,0.7171,0.6856,0.7143,0.5882,1
none,cage,2,5,resnet,True,none,lr,1e-05,0.0001,32,6,0.5411,0.7962,0.7210,0.7000,0.5018,nan,nan,nan,nan,0
none,cage,2,5,resnet,True,none,lr,1e-05,0.0001,32,7,0.4972,0.8366,0.7815,0.6250,0.4194,nan,nan,nan,nan,0
none,cage,2,5,resnet,True,none,lr,1e-05,0.0001,32,8,0.4510,0.8703,0.7844,0.6750,0.4767,nan,nan,nan,nan,0
none,cage,2,5,resnet,True,none,lr,1e-05,0.0001,32,9,0.4064,1.0191,0.8439,0.7000,0.3978,nan,nan,nan,nan,0
none,cage,2,5,resnet,True,none,lr,1e-05,0.0001,32,10,0.3659,1.0285,0.8650,0.6500,0.4695,nan,nan,nan,nan,0
none,cage,2,5,resnet,True,none,lr,1e-05,0.0001,32,11,0.3355,1.0483,0.9200,0.6250,0.4516,nan,nan,nan,nan,0
none,cage,2,5,resnet,True,none,lr,1e-05,0.0001,32,12,0.2901,1.1967,0.9591,0.7000,0.4122,nan,nan,nan,nan,0
none,cage,2,5,resnet,True,none,lr,1e-05,0.0001,32,13,0.2501,1.2455,0.9864,0.7000,0.4516,nan,nan,nan,nan,0
none,cage,2,5,resnet,True,none,lr,1e-05,0.0001,32,14,0.2183,1.3812,1.1053,0.7000,0.3692,nan,nan,nan,nan,0
none,cage,2,5,resnet,True,none,lr,1e-05,0.0001,32,15,0.1947,1.5345,1.1768,0.7250,0.3548,nan,nan,nan,nan,0
none,cage,2,5,resnet,True,none,lr,1e-05,0.0001,32,16,0.1764,1.5350,1.1703,0.6750,0.4194,nan,nan,nan,nan,0
none,cage,2,6,resnet,True,none,lr,1e-05,0.0001,32,1,0.7246,0.6894,0.6875,0.6341,0.5190,nan,nan,nan,nan,0
none,cage,2,6,resnet,True,none,lr,1e-05,0.0001,32,2,0.6770,0.6928,0.6800,0.7561,0.5000,nan,nan,nan,nan,0
none,cage,2,6,resnet,True,none,lr,1e-05,0.0001,32,3,0.6664,0.6938,0.6714,0.7561,0.5095,nan,nan,nan,nan,0
none,cage,2,6,resnet,True,none,lr,1e-05,0.0001,32,4,0.6229,0.6999,0.6627,0.8293,0.5000,nan,nan,nan,nan,0
none,cage,2,6,resnet,True,none,lr,1e-05,0.0001,32,5,0.5905,0.7017,0.6784,0.7561,0.4714,0.7248,0.6797,0.7381,0.5625,1
none,cage,2,6,resnet,True,none,lr,1e-05,0.0001,32,6,0.5554,0.7011,0.6703,0.8049,0.4905,nan,nan,nan,nan,0
none,cage,2,6,resnet,True,none,lr,1e-05,0.0001,32,7,0.5084,0.7216,0.6742,0.8293,0.5048,nan,nan,nan,nan,0
none,cage,2,6,resnet,True,none,lr,1e-05,0.0001,32,8,0.4705,0.7403,0.6836,0.8049,0.5048,nan,nan,nan,nan,0
none,cage,2,6,resnet,True,none,lr,1e-05,0.0001,32,9,0.4286,0.7584,0.7344,0.8537,0.4238,nan,nan,nan,nan,0
none,cage,2,6,resnet,True,none,lr,1e-05,0.0001,32,10,0.3828,0.7789,0.7432,0.8537,0.4524,nan,nan,nan,nan,0
none,cage,2,6,resnet,True,none,lr,1e-05,0.0001,32,11,0.3405,0.8460,0.7733,0.8537,0.4143,nan,nan,nan,nan,0
none,cage,2,6,resnet,True,none,lr,1e-05,0.0001,32,12,0.2968,0.8523,0.7948,0.8293,0.4524,nan,nan,nan,nan,0
none,cage,2,6,resnet,True,none,lr,1e-05,0.0001,32,13,0.2675,0.8912,0.8194,0.8537,0.4762,nan,nan,nan,nan,0
none,cage,2,6,resnet,True,none,lr,1e-05,0.0001,32,14,0.2377,0.9601,0.8502,0.8537,0.4619,nan,nan,nan,nan,0
none,cage,2,6,resnet,True,none,lr,1e-05,0.0001,32,15,0.2011,0.9292,0.8600,0.8537,0.5000,nan,nan,nan,nan,0
none,cage,2,6,resnet,True,none,lr,1e-05,0.0001,32,16,0.1761,0.9619,0.8874,0.8780,0.5190,nan,nan,nan,nan,0
none,cage,2,7,resnet,True,none,lr,1e-05,0.0001,32,1,0.7315,0.6962,0.7050,0.4545,0.5000,nan,nan,nan,nan,0
none,cage,2,7,resnet,True,none,lr,1e-05,0.0001,32,2,0.6831,0.6932,0.6877,0.7045,0.5174,nan,nan,nan,nan,0
none,cage,2,7,resnet,True,none,lr,1e-05,0.0001,32,3,0.6492,0.6933,0.6885,0.6591,0.5278,nan,nan,nan,nan,0
none,cage,2,7,resnet,True,none,lr,1e-05,0.0001,32,4,0.6260,0.6776,0.6486,0.7955,0.6632,nan,nan,nan,nan,0
none,cage,2,7,resnet,True,none,lr,1e-05,0.0001,32,5,0.5870,0.7086,0.6791,0.7273,0.5694,nan,nan,nan,nan,1
none,cage,2,7,resnet,True,none,lr,1e-05,0.0001,32,6,0.5439,0.7023,0.6808,0.8182,0.5764,nan,nan,nan,nan,1
none,cage,2,7,resnet,True,none,lr,1e-05,0.0001,32,7,0.5075,0.7143,0.6955,0.8182,0.6007,nan,nan,nan,nan,1
none,cage,2,7,resnet,True,none,lr,1e-05,0.0001,32,8,0.4549,0.7297,0.7115,0.8182,0.6181,nan,nan,nan,nan,1
none,cage,2,7,resnet,True,none,lr,1e-05,0.0001,32,9,0.4307,0.7418,0.7366,0.7500,0.6389,nan,nan,nan,nan,0
none,cage,2,7,resnet,True,none,lr,1e-05,0.0001,32,10,0.3787,0.6918,0.7458,0.7045,0.6840,nan,nan,nan,nan,1
none,cage,2,7,resnet,True,none,lr,1e-05,0.0001,32,11,0.3431,0.7969,0.7338,0.8182,0.6736,nan,nan,nan,nan,1
none,cage,2,7,resnet,True,none,lr,1e-05,0.0001,32,12,0.2996,0.8412,0.7285,0.8182,0.7014,nan,nan,nan,nan,1
none,cage,2,7,resnet,True,none,lr,1e-05,0.0001,32,13,0.2642,0.9374,0.7946,0.8409,0.6667,nan,nan,nan,nan,1
none,cage,2,7,resnet,True,none,lr,1e-05,0.0001,32,14,0.2347,0.8149,0.7614,0.8182,0.7639,nan,nan,nan,nan,1
none,cage,2,7,resnet,True,none,lr,1e-05,0.0001,32,15,0.1987,0.8997,0.8010,0.8182,0.7361,nan,nan,nan,nan,1
none,cage,2,7,resnet,True,none,lr,1e-05,0.0001,32,16,0.1755,0.9865,0.8117,0.8182,0.7604,1.1659,0.9279,0.7857,0.6581,1
none,cage,2,7,resnet,True,none,lr,1e-05,0.0001,32,17,0.1525,1.0975,0.9317,0.8182,0.6285,nan,nan,nan,nan,0
none,cage,2,7,resnet,True,none,lr,1e-05,0.0001,32,18,0.1385,0.9588,0.8654,0.8182,0.7222,nan,nan,nan,nan,0
none,cage,2,7,resnet,True,none,lr,1e-05,0.0001,32,19,0.1261,1.0983,0.9442,0.8182,0.7222,nan,nan,nan,nan,0
none,cage,2,7,resnet,True,none,lr,1e-05,0.0001,32,20,0.1046,1.1284,0.9322,0.8182,0.7465,nan,nan,nan,nan,0
none,cage,2,7,resnet,True,none,lr,1e-05,0.0001,32,21,0.0940,1.2465,0.9920,0.8182,0.6875,nan,nan,nan,nan,0
none,cage,2,8,resnet,True,none,lr,1e-05,0.0001,32,1,0.7290,0.7244,0.6699,0.8085,0.2949,nan,nan,nan,nan,0
none,cage,2,8,resnet,True,none,lr,1e-05,0.0001,32,2,0.6719,0.7230,0.7153,0.5532,0.3429,nan,nan,nan,nan,0
none,cage,2,8,resnet,True,none,lr,1e-05,0.0001,32,3,0.6468,0.7253,0.6895,0.6809,0.4295,nan,nan,nan,nan,0
none,cage,2,8,resnet,True,none,lr,1e-05,0.0001,32,4,0.6075,0.7284,0.6713,0.7660,0.4808,nan,nan,nan,nan,0
none,cage,2,8,resnet,True,none,lr,1e-05,0.0001,32,5,0.5785,0.7649,0.6729,0.7872,0.4647,nan,nan,nan,nan,1
none,cage,2,8,resnet,True,none,lr,1e-05,0.0001,32,6,0.5331,0.7707,0.7027,0.7872,0.4423,nan,nan,nan,nan,1
none,cage,2,8,resnet,True,none,lr,1e-05,0.0001,32,7,0.4997,0.7883,0.7159,0.7447,0.4359,nan,nan,nan,nan,1
none,cage,2,8,resnet,True,none,lr,1e-05,0.0001,32,8,0.4570,0.8123,0.6969,0.7447,0.4776,nan,nan,nan,nan,1
none,cage,2,8,resnet,True,none,lr,1e-05,0.0001,32,9,0.4057,0.8235,0.7208,0.7872,0.4647,nan,nan,nan,nan,0
none,cage,2,8,resnet,True,none,lr,1e-05,0.0001,32,10,0.3707,0.8995,0.7604,0.7872,0.4744,nan,nan,nan,nan,0
none,cage,2,8,resnet,True,none,lr,1e-05,0.0001,32,11,0.3360,0.9295,0.7938,0.7660,0.4615,nan,nan,nan,nan,0
none,cage,2,8,resnet,True,none,lr,1e-05,0.0001,32,12,0.2949,0.9438,0.8000,0.8085,0.4615,nan,nan,nan,nan,1
none,cage,2,8,resnet,True,none,lr,1e-05,0.0001,32,13,0.2488,1.0202,0.8263,0.7447,0.4615,nan,nan,nan,nan,0
none,cage,2,8,resnet,True,none,lr,1e-05,0.0001,32,14,0.2224,1.0621,0.8602,0.8085,0.4744,nan,nan,nan,nan,0
none,cage,2,8,resnet,True,none,lr,1e-05,0.0001,32,15,0.1960,1.1735,0.8750,0.8085,0.4679,nan,nan,nan,nan,0
none,cage,2,8,resnet,True,none,lr,1e-05,0.0001,32,16,0.1769,1.1692,0.9027,0.8085,0.4615,nan,nan,nan,nan,0
none,cage,2,8,resnet,True,none,lr,1e-05,0.0001,32,17,0.1499,1.2190,0.9279,0.7872,0.5128,nan,nan,nan,nan,1
none,cage,2,8,resnet,True,none,lr,1e-05,0.0001,32,18,0.1253,1.3414,0.9691,0.8085,0.5096,nan,nan,nan,nan,1
none,cage,2,8,resnet,True,none,lr,1e-05,0.0001,32,19,0.1088,1.2862,0.9731,0.8085,0.5321,nan,nan,nan,nan,1
none,cage,2,8,resnet,True,none,lr,1e-05,0.0001,32,20,0.0982,1.4102,1.0366,0.8085,0.5224,nan,nan,nan,nan,1
none,cage,2,8,resnet,True,none,lr,1e-05,0.0001,32,21,0.0888,1.4058,1.0486,0.8085,0.5032,nan,nan,nan,nan,1
none,cage,2,8,resnet,True,none,lr,1e-05,0.0001,32,22,0.0730,1.4326,1.0641,0.8085,0.5256,nan,nan,nan,nan,0
none,cage,2,8,resnet,True,none,lr,1e-05,0.0001,32,23,0.0695,1.5714,1.1018,0.8085,0.5385,nan,nan,nan,nan,1
none,cage,2,8,resnet,True,none,lr,1e-05,0.0001,32,24,0.0614,1.5397,1.1282,0.8085,0.5577,nan,nan,nan,nan,1
none,cage,2,8,resnet,True,none,lr,1e-05,0.0001,32,25,0.0552,1.7994,1.1561,0.8085,0.5609,nan,nan,nan,nan,1
none,cage,2,8,resnet,True,none,lr,1e-05,0.0001,32,26,0.0474,1.5953,1.1734,0.8085,0.5577,nan,nan,nan,nan,1
none,cage,2,8,resnet,True,none,lr,1e-05,0.0001,32,27,0.0456,1.7885,1.2058,0.8085,0.5609,nan,nan,nan,nan,1
none,cage,2,8,resnet,True,none,lr,1e-05,0.0001,32,28,0.0408,1.6311,1.1903,0.8085,0.5849,1.3974,1.1447,0.7857,0.6691,1
none,cage,2,8,resnet,True,none,lr,1e-05,0.0001,32,29,0.0400,1.8562,1.2499,0.8085,0.5385,nan,nan,nan,nan,0
none,cage,2,8,resnet,True,none,lr,1e-05,0.0001,32,30,0.0314,1.7407,1.2350,0.8085,0.5449,nan,nan,nan,nan,0
none,cage,2,8,resnet,True,none,lr,1e-05,0.0001,32,31,0.0320,2.0958,1.3384,0.8298,0.5641,nan,nan,nan,nan,0
none,cage,2,8,resnet,True,none,lr,1e-05,0.0001,32,32,0.0265,1.6742,1.2437,0.8085,0.5833,nan,nan,nan,nan,0
none,cage,2,8,resnet,True,none,lr,1e-05,0.0001,32,33,0.0222,1.9980,1.3421,0.8085,0.5160,nan,nan,nan,nan,0
none,cage,2,9,resnet,True,none,lr,1e-05,0.0001,32,1,0.7308,0.7529,0.7233,0.5952,0.2896,nan,nan,nan,nan,0
none,cage,2,9,resnet,True,none,lr,1e-05,0.0001,32,2,0.6776,0.7690,0.7212,0.6429,0.3636,nan,nan,nan,nan,0
none,cage,2,9,resnet,True,none,lr,1e-05,0.0001,32,3,0.6500,0.7355,0.7493,0.4524,0.3939,nan,nan,nan,nan,0
none,cage,2,9,resnet,True,none,lr,1e-05,0.0001,32,4,0.6133,0.8055,0.7719,0.6190,0.4074,nan,nan,nan,nan,0
none,cage,2,9,resnet,True,none,lr,1e-05,0.0001,32,5,0.5723,0.8263,0.8066,0.6429,0.3973,nan,nan,nan,nan,1
none,cage,2,9,resnet,True,none,lr,1e-05,0.0001,32,6,0.5327,0.8482,0.8040,0.5714,0.4108,nan,nan,nan,nan,1
none,cage,2,9,resnet,True,none,lr,1e-05,0.0001,32,7,0.4862,0.8903,0.8294,0.6905,0.3906,0.7765,0.7297,0.7381,0.5147,1
none,cage,2,9,resnet,True,none,lr,1e-05,0.0001,32,8,0.4538,0.9447,0.8928,0.6429,0.4141,nan,nan,nan,nan,0
none,cage,2,9,resnet,True,none,lr,1e-05,0.0001,32,9,0.4072,0.9887,0.8781,0.6429,0.4074,nan,nan,nan,nan,0
none,cage,2,9,resnet,True,none,lr,1e-05,0.0001,32,10,0.3656,1.0979,0.9251,0.6429,0.3737,nan,nan,nan,nan,0
none,cage,2,9,resnet,True,none,lr,1e-05,0.0001,32,11,0.3191,1.2470,1.0064,0.6667,0.3805,nan,nan,nan,nan,0
none,cage,2,9,resnet,True,none,lr,1e-05,0.0001,32,12,0.2936,1.1918,0.9832,0.6667,0.4175,nan,nan,nan,nan,0
none,cage,2,9,resnet,True,none,lr,1e-05,0.0001,32,13,0.2556,1.3117,1.0297,0.6905,0.4074,nan,nan,nan,nan,0
none,cage,2,9,resnet,True,none,lr,1e-05,0.0001,32,14,0.2207,1.4858,1.1142,0.7143,0.3704,nan,nan,nan,nan,0
none,cage,2,9,resnet,True,none,lr,1e-05,0.0001,32,15,0.1919,1.5213,1.1355,0.6905,0.3939,nan,nan,nan,nan,0
none,cage,2,9,resnet,True,none,lr,1e-05,0.0001,32,16,0.1581,1.5431,1.2369,0.6667,0.3805,nan,nan,nan,nan,0
none,cage,3,0,resnet,True,none,lr,1e-05,0.0001,32,1,0.7303,0.7032,0.6836,0.7907,0.4762,nan,nan,nan,nan,0
none,cage,3,0,resnet,True,none,lr,1e-05,0.0001,32,2,0.6920,0.6878,0.6620,0.7907,0.6071,nan,nan,nan,nan,0
none,cage,3,0,resnet,True,none,lr,1e-05,0.0001,32,3,0.6639,0.6734,0.6761,0.7209,0.6786,nan,nan,nan,nan,0
none,cage,3,0,resnet,True,none,lr,1e-05,0.0001,32,4,0.6264,0.6747,0.6572,0.7907,0.6468,nan,nan,nan,nan,0
none,cage,3,0,resnet,True,none,lr,1e-05,0.0001,32,5,0.6037,0.6812,0.6704,0.8372,0.5754,nan,nan,nan,nan,1
none,cage,3,0,resnet,True,none,lr,1e-05,0.0001,32,6,0.5669,0.6590,0.6545,0.7907,0.7222,nan,nan,nan,nan,1
none,cage,3,0,resnet,True,none,lr,1e-05,0.0001,32,7,0.5258,0.6641,0.6542,0.7907,0.7183,nan,nan,nan,nan,1
none,cage,3,0,resnet,True,none,lr,1e-05,0.0001,32,8,0.4909,0.6732,0.6736,0.8372,0.6667,nan,nan,nan,nan,0
none,cage,3,0,resnet,True,none,lr,1e-05,0.0001,32,9,0.4486,0.6622,0.6782,0.8605,0.7063,nan,nan,nan,nan,1
none,cage,3,0,resnet,True,none,lr,1e-05,0.0001,32,10,0.3906,0.7062,0.7024,0.7907,0.6825,nan,nan,nan,nan,1
none,cage,3,0,resnet,True,none,lr,1e-05,0.0001,32,11,0.3619,0.7226,0.7246,0.8372,0.7341,nan,nan,nan,nan,0
none,cage,3,0,resnet,True,none,lr,1e-05,0.0001,32,12,0.3195,0.7402,0.7392,0.7907,0.7540,nan,nan,nan,nan,1
none,cage,3,0,resnet,True,none,lr,1e-05,0.0001,32,13,0.2658,0.7621,0.7560,0.7907,0.7421,nan,nan,nan,nan,1
none,cage,3,0,resnet,True,none,lr,1e-05,0.0001,32,14,0.2363,0.8428,0.8060,0.7907,0.7143,nan,nan,nan,nan,0
none,cage,3,0,resnet,True,none,lr,1e-05,0.0001,32,15,0.2219,0.8076,0.7935,0.7907,0.7222,nan,nan,nan,nan,1
none,cage,3,0,resnet,True,none,lr,1e-05,0.0001,32,16,0.1824,0.8132,0.8237,0.7907,0.7579,nan,nan,nan,nan,0
none,cage,3,0,resnet,True,none,lr,1e-05,0.0001,32,17,0.1601,0.9431,0.9019,0.8140,0.7183,nan,nan,nan,nan,0
none,cage,3,0,resnet,True,none,lr,1e-05,0.0001,32,18,0.1365,1.0930,0.9488,0.8140,0.7698,nan,nan,nan,nan,0
none,cage,3,0,resnet,True,none,lr,1e-05,0.0001,32,19,0.1298,0.9968,0.9250,0.8140,0.8095,nan,nan,nan,nan,1
none,cage,3,0,resnet,True,none,lr,1e-05,0.0001,32,20,0.1074,1.0901,0.9939,0.8140,0.7024,nan,nan,nan,nan,0
none,cage,3,0,resnet,True,none,lr,1e-05,0.0001,32,21,0.0957,1.0125,0.9392,0.7907,0.7857,nan,nan,nan,nan,0
none,cage,3,0,resnet,True,none,lr,1e-05,0.0001,32,22,0.0854,1.0370,0.9893,0.7907,0.7937,nan,nan,nan,nan,1
none,cage,3,0,resnet,True,none,lr,1e-05,0.0001,32,23,0.0700,0.9898,0.9588,0.8140,0.8095,1.3397,1.1421,0.8333,0.4816,1
none,cage,3,0,resnet,True,none,lr,1e-05,0.0001,32,24,0.0687,1.2290,1.1028,0.8140,0.7540,nan,nan,nan,nan,0
none,cage,3,0,resnet,True,none,lr,1e-05,0.0001,32,25,0.0571,1.2987,1.1041,0.8140,0.7778,nan,nan,nan,nan,0
none,cage,3,0,resnet,True,none,lr,1e-05,0.0001,32,26,0.0526,1.2653,1.1380,0.8140,0.7817,nan,nan,nan,nan,0
none,cage,3,0,resnet,True,none,lr,1e-05,0.0001,32,27,0.0495,1.3142,1.1530,0.8140,0.7778,nan,nan,nan,nan,0
none,cage,3,0,resnet,True,none,lr,1e-05,0.0001,32,28,0.0460,1.3547,1.1823,0.8140,0.7540,nan,nan,nan,nan,0
none,cage,3,1,resnet,True,none,lr,1e-05,0.0001,32,1,0.7338,0.6824,0.6730,0.6977,0.6071,nan,nan,nan,nan,0
none,cage,3,1,resnet,True,none,lr,1e-05,0.0001,32,2,0.6908,0.6781,0.6701,0.6977,0.6111,nan,nan,nan,nan,0
none,cage,3,1,resnet,True,none,lr,1e-05,0.0001,32,3,0.6620,0.6709,0.6470,0.7674,0.6508,nan,nan,nan,nan,0
none,cage,3,1,resnet,True,none,lr,1e-05,0.0001,32,4,0.6314,0.6673,0.6346,0.7907,0.6230,nan,nan,nan,nan,0
none,cage,3,1,resnet,True,none,lr,1e-05,0.0001,32,5,0.6030,0.6771,0.6348,0.8140,0.6151,0.6599,0.6604,0.6905,0.7020,1
none,cage,3,1,resnet,True,none,lr,1e-05,0.0001,32,6,0.5671,0.6897,0.6473,0.7907,0.5357,nan,nan,nan,nan,0
none,cage,3,1,resnet,True,none,lr,1e-05,0.0001,32,7,0.5175,0.6772,0.6404,0.8372,0.6270,nan,nan,nan,nan,0
none,cage,3,1,resnet,True,none,lr,1e-05,0.0001,32,8,0.4886,0.7024,0.6577,0.7907,0.5714,nan,nan,nan,nan,0
none,cage,3,1,resnet,True,none,lr,1e-05,0.0001,32,9,0.4325,0.7140,0.6566,0.7907,0.5675,nan,nan,nan,nan,0
none,cage,3,1,resnet,True,none,lr,1e-05,0.0001,32,10,0.3967,0.7407,0.6586,0.7907,0.5794,nan,nan,nan,nan,0
none,cage,3,1,resnet,True,none,lr,1e-05,0.0001,32,11,0.3455,0.7448,0.6721,0.8372,0.5992,nan,nan,nan,nan,0
none,cage,3,1,resnet,True,none,lr,1e-05,0.0001,32,12,0.3091,0.7875,0.7082,0.8372,0.5397,nan,nan,nan,nan,0
none,cage,3,1,resnet,True,none,lr,1e-05,0.0001,32,13,0.2721,0.8065,0.7208,0.8140,0.5635,nan,nan,nan,nan,0
none,cage,3,1,resnet,True,none,lr,1e-05,0.0001,32,14,0.2436,0.8193,0.7117,0.8372,0.6508,nan,nan,nan,nan,0
none,cage,3,1,resnet,True,none,lr,1e-05,0.0001,32,15,0.2067,0.9276,0.7405,0.8372,0.6071,nan,nan,nan,nan,0
none,cage,3,1,resnet,True,none,lr,1e-05,0.0001,32,16,0.1784,0.8931,0.7474,0.8372,0.6468,nan,nan,nan,nan,0
none,cage,3,2,resnet,True,none,lr,1e-05,0.0001,32,1,0.7310,0.6978,0.6650,0.7381,0.5993,nan,nan,nan,nan,0
none,cage,3,2,resnet,True,none,lr,1e-05,0.0001,32,2,0.6703,0.7081,0.7049,0.6190,0.4853,nan,nan,nan,nan,0
none,cage,3,2,resnet,True,none,lr,1e-05,0.0001,32,3,0.6431,0.7115,0.6991,0.5714,0.4779,nan,nan,nan,nan,0
none,cage,3,2,resnet,True,none,lr,1e-05,0.0001,32,4,0.6240,0.7137,0.6704,0.7619,0.5588,nan,nan,nan,nan,0
none,cage,3,2,resnet,True,none,lr,1e-05,0.0001,32,5,0.5820,0.6920,0.6720,0.7381,0.6287,nan,nan,nan,nan,1
none,cage,3,2,resnet,True,none,lr,1e-05,0.0001,32,6,0.5525,0.7041,0.6942,0.6905,0.6029,nan,nan,nan,nan,0
none,cage,3,2,resnet,True,none,lr,1e-05,0.0001,32,7,0.5104,0.7279,0.7058,0.7381,0.5956,nan,nan,nan,nan,1
none,cage,3,2,resnet,True,none,lr,1e-05,0.0001,32,8,0.4577,0.7541,0.7150,0.7381,0.5662,nan,nan,nan,nan,1
none,cage,3,2,resnet,True,none,lr,1e-05,0.0001,32,9,0.4249,0.7411,0.7357,0.7619,0.6103,nan,nan,nan,nan,1
none,cage,3,2,resnet,True,none,lr,1e-05,0.0001,32,10,0.3690,0.7444,0.7337,0.7381,0.6691,nan,nan,nan,nan,1
none,cage,3,2,resnet,True,none,lr,1e-05,0.0001,32,11,0.3305,0.8221,0.7603,0.7619,0.6176,nan,nan,nan,nan,0
none,cage,3,2,resnet,True,none,lr,1e-05,0.0001,32,12,0.2958,0.8416,0.7762,0.7857,0.6287,0.7826,0.7800,0.7857,0.5918,1
none,cage,3,2,resnet,True,none,lr,1e-05,0.0001,32,13,0.2676,0.8519,0.8061,0.7857,0.5662,nan,nan,nan,nan,0
none,cage,3,2,resnet,True,none,lr,1e-05,0.0001,32,14,0.2320,0.9177,0.8264,0.7857,0.5882,nan,nan,nan,nan,0
none,cage,3,2,resnet,True,none,lr,1e-05,0.0001,32,15,0.2010,0.8907,0.8446,0.7619,0.6581,nan,nan,nan,nan,0
none,cage,3,2,resnet,True,none,lr,1e-05,0.0001,32,16,0.1687,1.0207,0.8834,0.7619,0.6324,nan,nan,nan,nan,0
none,cage,3,2,resnet,True,none,lr,1e-05,0.0001,32,17,0.1527,1.0486,0.9209,0.8095,0.5846,nan,nan,nan,nan,0
none,cage,3,4,resnet,True,none,lr,1e-05,0.0001,32,1,0.7258,0.7063,0.6920,0.6047,0.4750,nan,nan,nan,nan,0
none,cage,3,4,resnet,True,none,lr,1e-05,0.0001,32,2,0.6818,0.7102,0.6964,0.6977,0.4714,nan,nan,nan,nan,0
none,cage,3,4,resnet,True,none,lr,1e-05,0.0001,32,3,0.6558,0.7152,0.7080,0.5116,0.4536,nan,nan,nan,nan,0
none,cage,3,4,resnet,True,none,lr,1e-05,0.0001,32,4,0.6268,0.7081,0.6881,0.6744,0.5357,nan,nan,nan,nan,0
none,cage,3,4,resnet,True,none,lr,1e-05,0.0001,32,5,0.5818,0.7018,0.6835,0.6512,0.5571,nan,nan,nan,nan,1
none,cage,3,4,resnet,True,none,lr,1e-05,0.0001,32,6,0.5527,0.7547,0.7088,0.7674,0.5536,nan,nan,nan,nan,1
none,cage,3,4,resnet,True,none,lr,1e-05,0.0001,32,7,0.5118,0.6664,0.7078,0.6744,0.6643,nan,nan,nan,nan,1
none,cage,3,4,resnet,True,none,lr,1e-05,0.0001,32,8,0.4592,0.7095,0.7087,0.7674,0.6071,nan,nan,nan,nan,1
none,cage,3,4,resnet,True,none,lr,1e-05,0.0001,32,9,0.4161,0.6670,0.6926,0.7907,0.6964,nan,nan,nan,nan,1
none,cage,3,4,resnet,True,none,lr,1e-05,0.0001,32,10,0.3788,0.7395,0.7439,0.7674,0.6071,nan,nan,nan,nan,1
none,cage,3,4,resnet,True,none,lr,1e-05,0.0001,32,11,0.3350,0.7392,0.7555,0.8140,0.6571,nan,nan,nan,nan,1
none,cage,3,4,resnet,True,none,lr,1e-05,0.0001,32,12,0.2997,0.7865,0.8028,0.7907,0.6179,nan,nan,nan,nan,0
none,cage,3,4,resnet,True,none,lr,1e-05,0.0001,32,13,0.2597,0.8081,0.8255,0.8140,0.6679,nan,nan,nan,nan,0
none,cage,3,4,resnet,True,none,lr,1e-05,0.0001,32,14,0.2235,0.8507,0.8747,0.8140,0.6821,nan,nan,nan,nan,0
none,cage,3,4,resnet,True,none,lr,1e-05,0.0001,32,15,0.1974,0.8302,0.8660,0.8605,0.7036,nan,nan,nan,nan,1
none,cage,3,4,resnet,True,none,lr,1e-05,0.0001,32,16,0.1752,0.8521,0.9061,0.8372,0.6964,nan,nan,nan,nan,1
none,cage,3,4,resnet,True,none,lr,1e-05,0.0001,32,17,0.1507,0.9100,0.9125,0.8605,0.7036,1.0154,0.9513,0.8095,0.6041,1
none,cage,3,4,resnet,True,none,lr,1e-05,0.0001,32,18,0.1283,1.0701,1.0062,0.8140,0.6714,nan,nan,nan,nan,0
none,cage,3,4,resnet,True,none,lr,1e-05,0.0001,32,19,0.1236,1.1659,1.0631,0.8140,0.6357,nan,nan,nan,nan,0
none,cage,3,4,resnet,True,none,lr,1e-05,0.0001,32,20,0.1071,1.1236,1.0847,0.8140,0.7250,nan,nan,nan,nan,0
none,cage,3,4,resnet,True,none,lr,1e-05,0.0001,32,21,0.0910,1.1524,1.1347,0.7907,0.6607,nan,nan,nan,nan,0
none,cage,3,4,resnet,True,none,lr,1e-05,0.0001,32,22,0.0801,1.1266,1.1174,0.8372,0.6714,nan,nan,nan,nan,0
none,cage,3,5,resnet,True,none,lr,1e-05,0.0001,32,1,0.7268,0.6901,0.6866,0.6250,0.5806,nan,nan,nan,nan,0
none,cage,3,5,resnet,True,none,lr,1e-05,0.0001,32,2,0.6929,0.6902,0.6888,0.6250,0.5627,nan,nan,nan,nan,0
none,cage,3,5,resnet,True,none,lr,1e-05,0.0001,32,3,0.6533,0.7113,0.7080,0.6000,0.4588,nan,nan,nan,nan,0
none,cage,3,5,resnet,True,none,lr,1e-05,0.0001,32,4,0.6163,0.7530,0.7067,0.7000,0.4301,nan,nan,nan,nan,0
none,cage,3,5,resnet,True,none,lr,1e-05,0.0001,32,5,0.5822,0.7402,0.7347,0.5750,0.4731,0.6908,0.7207,0.5952,0.5224,1
none,cage,3,5,resnet,True,none,lr,1e-05,0.0001,32,6,0.5417,0.7660,0.7255,0.6250,0.5161,nan,nan,nan,nan,0
none,cage,3,5,resnet,True,none,lr,1e-05,0.0001,32,7,0.5035,0.8321,0.7876,0.5750,0.4444,nan,nan,nan,nan,0
none,cage,3,5,resnet,True,none,lr,1e-05,0.0001,32,8,0.4609,0.8902,0.7845,0.6500,0.4588,nan,nan,nan,nan,0
none,cage,3,5,resnet,True,none,lr,1e-05,0.0001,32,9,0.4074,0.9295,0.8322,0.6750,0.4301,nan,nan,nan,nan,0
none,cage,3,5,resnet,True,none,lr,1e-05,0.0001,32,10,0.3561,1.1865,0.9242,0.7500,0.3907,nan,nan,nan,nan,0
none,cage,3,5,resnet,True,none,lr,1e-05,0.0001,32,11,0.3211,1.0495,0.8970,0.6500,0.4695,nan,nan,nan,nan,0
none,cage,3,5,resnet,True,none,lr,1e-05,0.0001,32,12,0.2785,1.1313,0.9681,0.7250,0.4444,nan,nan,nan,nan,0
none,cage,3,5,resnet,True,none,lr,1e-05,0.0001,32,13,0.2455,1.1993,1.0001,0.7250,0.4229,nan,nan,nan,nan,0
none,cage,3,5,resnet,True,none,lr,1e-05,0.0001,32,14,0.2089,1.3062,1.0508,0.7500,0.4516,nan,nan,nan,nan,0
none,cage,3,5,resnet,True,none,lr,1e-05,0.0001,32,15,0.1894,1.4389,1.1566,0.7500,0.4014,nan,nan,nan,nan,0
none,cage,3,5,resnet,True,none,lr,1e-05,0.0001,32,16,0.1606,1.4448,1.1533,0.7500,0.4158,nan,nan,nan,nan,0
none,cage,3,6,resnet,True,none,lr,1e-05,0.0001,32,1,0.7248,0.6998,0.6731,0.8049,0.4762,nan,nan,nan,nan,0
none,cage,3,6,resnet,True,none,lr,1e-05,0.0001,32,2,0.6896,0.7185,0.7104,0.6341,0.4667,nan,nan,nan,nan,0
none,cage,3,6,resnet,True,none,lr,1e-05,0.0001,32,3,0.6575,0.7144,0.7047,0.6829,0.4524,nan,nan,nan,nan,0
none,cage,3,6,resnet,True,none,lr,1e-05,0.0001,32,4,0.6157,0.7184,0.6992,0.7073,0.4714,nan,nan,nan,nan,0
none,cage,3,6,resnet,True,none,lr,1e-05,0.0001,32,5,0.5879,0.7073,0.6999,0.6585,0.4762,nan,nan,nan,nan,1
none,cage,3,6,resnet,True,none,lr,1e-05,0.0001,32,6,0.5599,0.7240,0.6947,0.7805,0.5095,nan,nan,nan,nan,1
none,cage,3,6,resnet,True,none,lr,1e-05,0.0001,32,7,0.5073,0.7578,0.7187,0.8293,0.4190,nan,nan,nan,nan,0
none,cage,3,6,resnet,True,none,lr,1e-05,0.0001,32,8,0.4672,0.7486,0.7085,0.7805,0.4762,nan,nan,nan,nan,0
none,cage,3,6,resnet,True,none,lr,1e-05,0.0001,32,9,0.4300,0.7406,0.7213,0.8293,0.5429,nan,nan,nan,nan,1
none,cage,3,6,resnet,True,none,lr,1e-05,0.0001,32,10,0.3816,0.7985,0.7777,0.8049,0.4762,nan,nan,nan,nan,0
none,cage,3,6,resnet,True,none,lr,1e-05,0.0001,32,11,0.3468,0.8588,0.7944,0.8293,0.4524,nan,nan,nan,nan,0
none,cage,3,6,resnet,True,none,lr,1e-05,0.0001,32,12,0.3111,0.8747,0.8514,0.8293,0.4429,nan,nan,nan,nan,0
none,cage,3,6,resnet,True,none,lr,1e-05,0.0001,32,13,0.2742,0.8403,0.8201,0.8293,0.5143,nan,nan,nan,nan,0
none,cage,3,6,resnet,True,none,lr,1e-05,0.0001,32,14,0.2451,0.8980,0.8955,0.8293,0.4714,nan,nan,nan,nan,0
none,cage,3,6,resnet,True,none,lr,1e-05,0.0001,32,15,0.2073,0.9318,0.8981,0.8049,0.4857,nan,nan,nan,nan,0
none,cage,3,6,resnet,True,none,lr,1e-05,0.0001,32,16,0.1802,1.0017,0.9302,0.8537,0.5429,nan,nan,nan,nan,1
none,cage,3,6,resnet,True,none,lr,1e-05,0.0001,32,17,0.1505,1.0525,0.9564,0.8537,0.5238,nan,nan,nan,nan,1
none,cage,3,6,resnet,True,none,lr,1e-05,0.0001,32,18,0.1392,1.0333,0.9641,0.8293,0.5714,nan,nan,nan,nan,1
none,cage,3,6,resnet,True,none,lr,1e-05,0.0001,32,19,0.1300,1.0583,0.9532,0.8537,0.6000,nan,nan,nan,nan,1
none,cage,3,6,resnet,True,none,lr,1e-05,0.0001,32,20,0.1201,1.2068,1.1250,0.8537,0.5190,1.3286,1.0707,0.8333,0.5510,1
none,cage,3,6,resnet,True,none,lr,1e-05,0.0001,32,21,0.1044,1.2019,1.0876,0.8293,0.5095,nan,nan,nan,nan,0
none,cage,3,6,resnet,True,none,lr,1e-05,0.0001,32,22,0.0803,1.3598,1.1703,0.8537,0.4905,nan,nan,nan,nan,0
none,cage,3,6,resnet,True,none,lr,1e-05,0.0001,32,23,0.0736,1.3149,1.1321,0.8537,0.6000,nan,nan,nan,nan,0
none,cage,3,6,resnet,True,none,lr,1e-05,0.0001,32,24,0.0683,1.2765,1.1211,0.8537,0.5476,nan,nan,nan,nan,0
none,cage,3,6,resnet,True,none,lr,1e-05,0.0001,32,25,0.0586,1.4122,1.2430,0.8537,0.5095,nan,nan,nan,nan,0
none,cage,3,7,resnet,True,none,lr,1e-05,0.0001,32,1,0.7373,0.6943,0.6756,0.7045,0.6042,nan,nan,nan,nan,0
none,cage,3,7,resnet,True,none,lr,1e-05,0.0001,32,2,0.6838,0.7006,0.6694,0.7273,0.5729,nan,nan,nan,nan,0
none,cage,3,7,resnet,True,none,lr,1e-05,0.0001,32,3,0.6608,0.6844,0.6808,0.7727,0.6146,nan,nan,nan,nan,0
none,cage,3,7,resnet,True,none,lr,1e-05,0.0001,32,4,0.6259,0.6722,0.6601,0.7500,0.6667,nan,nan,nan,nan,0
none,cage,3,7,resnet,True,none,lr,1e-05,0.0001,32,5,0.6000,0.6759,0.6528,0.7727,0.6354,nan,nan,nan,nan,1
none,cage,3,7,resnet,True,none,lr,1e-05,0.0001,32,6,0.5600,0.6518,0.6701,0.7045,0.7014,nan,nan,nan,nan,1
none,cage,3,7,resnet,True,none,lr,1e-05,0.0001,32,7,0.5234,0.6392,0.6678,0.7955,0.7396,nan,nan,nan,nan,1
none,cage,3,7,resnet,True,none,lr,1e-05,0.0001,32,8,0.4895,0.6426,0.6837,0.7955,0.7049,nan,nan,nan,nan,1
none,cage,3,7,resnet,True,none,lr,1e-05,0.0001,32,9,0.4410,0.6432,0.6659,0.8182,0.7569,nan,nan,nan,nan,1
none,cage,3,7,resnet,True,none,lr,1e-05,0.0001,32,10,0.3981,0.6551,0.6679,0.8409,0.7604,nan,nan,nan,nan,1
none,cage,3,7,resnet,True,none,lr,1e-05,0.0001,32,11,0.3528,0.6704,0.6994,0.8182,0.7465,nan,nan,nan,nan,1
none,cage,3,7,resnet,True,none,lr,1e-05,0.0001,32,12,0.3155,0.6396,0.7100,0.7955,0.7708,nan,nan,nan,nan,1
none,cage,3,7,resnet,True,none,lr,1e-05,0.0001,32,13,0.2756,0.7340,0.7554,0.8864,0.6979,nan,nan,nan,nan,0
none,cage,3,7,resnet,True,none,lr,1e-05,0.0001,32,14,0.2403,0.7167,0.7291,0.8409,0.7639,nan,nan,nan,nan,0
none,cage,3,7,resnet,True,none,lr,1e-05,0.0001,32,15,0.2038,0.7360,0.7290,0.8182,0.8056,nan,nan,nan,nan,1
none,cage,3,7,resnet,True,none,lr,1e-05,0.0001,32,16,0.1819,0.8906,0.7859,0.8182,0.7847,nan,nan,nan,nan,1
none,cage,3,7,resnet,True,none,lr,1e-05,0.0001,32,17,0.1603,0.7673,0.8346,0.8636,0.7292,nan,nan,nan,nan,0
none,cage,3,7,resnet,True,none,lr,1e-05,0.0001,32,18,0.1433,0.8404,0.8015,0.8409,0.7917,nan,nan,nan,nan,1
none,cage,3,7,resnet,True,none,lr,1e-05,0.0001,32,19,0.1231,0.7625,0.7942,0.8182,0.8681,0.9939,0.9087,0.7857,0.6163,1
none,cage,3,7,resnet,True,none,lr,1e-05,0.0001,32,20,0.0964,0.9432,0.8289,0.8182,0.8160,nan,nan,nan,nan,0
none,cage,3,7,resnet,True,none,lr,1e-05,0.0001,32,21,0.0930,0.9544,0.8821,0.8182,0.7743,nan,nan,nan,nan,0
none,cage,3,7,resnet,True,none,lr,1e-05,0.0001,32,22,0.0865,0.9989,0.9575,0.8182,0.7292,nan,nan,nan,nan,0
none,cage,3,7,resnet,True,none,lr,1e-05,0.0001,32,23,0.0685,1.0077,0.9200,0.8182,0.8160,nan,nan,nan,nan,0
none,cage,3,7,resnet,True,none,lr,1e-05,0.0001,32,24,0.0697,0.9465,0.9232,0.8182,0.8160,nan,nan,nan,nan,0
none,cage,3,8,resnet,True,none,lr,1e-05,0.0001,32,1,0.7310,0.7033,0.7084,0.5532,0.4808,nan,nan,nan,nan,0
none,cage,3,8,resnet,True,none,lr,1e-05,0.0001,32,2,0.6880,0.7137,0.6878,0.6170,0.4712,nan,nan,nan,nan,0
none,cage,3,8,resnet,True,none,lr,1e-05,0.0001,32,3,0.6494,0.7344,0.6773,0.7234,0.4231,nan,nan,nan,nan,0
none,cage,3,8,resnet,True,none,lr,1e-05,0.0001,32,4,0.6229,0.7576,0.6795,0.7872,0.4423,nan,nan,nan,nan,0
none,cage,3,8,resnet,True,none,lr,1e-05,0.0001,32,5,0.5920,0.7437,0.6815,0.7660,0.4583,nan,nan,nan,nan,1
none,cage,3,8,resnet,True,none,lr,1e-05,0.0001,32,6,0.5516,0.8069,0.7054,0.7234,0.4647,nan,nan,nan,nan,0
none,cage,3,8,resnet,True,none,lr,1e-05,0.0001,32,7,0.5096,0.7761,0.6937,0.7447,0.4968,nan,nan,nan,nan,0
none,cage,3,8,resnet,True,none,lr,1e-05,0.0001,32,8,0.4736,0.8129,0.7053,0.7660,0.4679,nan,nan,nan,nan,1
none,cage,3,8,resnet,True,none,lr,1e-05,0.0001,32,9,0.4230,0.8453,0.7376,0.7234,0.4455,nan,nan,nan,nan,0
none,cage,3,8,resnet,True,none,lr,1e-05,0.0001,32,10,0.3900,0.8353,0.7675,0.7234,0.4679,nan,nan,nan,nan,0
none,cage,3,8,resnet,True,none,lr,1e-05,0.0001,32,11,0.3380,0.9597,0.7600,0.8085,0.4840,nan,nan,nan,nan,1
none,cage,3,8,resnet,True,none,lr,1e-05,0.0001,32,12,0.3116,0.9789,0.7866,0.7872,0.5000,nan,nan,nan,nan,0
none,cage,3,8,resnet,True,none,lr,1e-05,0.0001,32,13,0.2699,0.9824,0.8024,0.7660,0.4712,nan,nan,nan,nan,0
none,cage,3,8,resnet,True,none,lr,1e-05,0.0001,32,14,0.2349,1.0339,0.8604,0.7660,0.4968,0.7447,0.7958,0.7857,0.7020,1
none,cage,3,8,resnet,True,none,lr,1e-05,0.0001,32,15,0.2061,1.2017,0.8938,0.7872,0.4679,nan,nan,nan,nan,0
none,cage,3,8,resnet,True,none,lr,1e-05,0.0001,32,16,0.1784,1.2293,0.9489,0.7872,0.4519,nan,nan,nan,nan,0
none,cage,3,8,resnet,True,none,lr,1e-05,0.0001,32,17,0.1538,1.2699,0.9396,0.8085,0.4936,nan,nan,nan,nan,0
none,cage,3,8,resnet,True,none,lr,1e-05,0.0001,32,18,0.1342,1.3567,0.9750,0.8085,0.5032,nan,nan,nan,nan,0
none,cage,3,8,resnet,True,none,lr,1e-05,0.0001,32,19,0.1224,1.3845,1.0307,0.7872,0.4583,nan,nan,nan,nan,0
none,cage,3,9,resnet,True,none,lr,1e-05,0.0001,32,1,0.7272,0.7478,0.6912,0.7381,0.3603,nan,nan,nan,nan,0
none,cage,3,9,resnet,True,none,lr,1e-05,0.0001,32,2,0.6808,0.7384,0.6860,0.7143,0.4613,nan,nan,nan,nan,0
none,cage,3,9,resnet,True,none,lr,1e-05,0.0001,32,3,0.6468,0.7430,0.7116,0.7143,0.4613,nan,nan,nan,nan,0
none,cage,3,9,resnet,True,none,lr,1e-05,0.0001,32,4,0.6066,0.7569,0.7352,0.6667,0.4916,nan,nan,nan,nan,0
none,cage,3,9,resnet,True,none,lr,1e-05,0.0001,32,5,0.5704,0.7685,0.7302,0.6667,0.4411,nan,nan,nan,nan,1
none,cage,3,9,resnet,True,none,lr,1e-05,0.0001,32,6,0.5348,0.8023,0.7361,0.6905,0.4343,0.6635,0.6697,0.7619,0.6980,1
none,cage,3,9,resnet,True,none,lr,1e-05,0.0001,32,7,0.4941,0.8056,0.7507,0.7143,0.4579,nan,nan,nan,nan,0
none,cage,3,9,resnet,True,none,lr,1e-05,0.0001,32,8,0.4566,0.9128,0.8434,0.6905,0.3906,nan,nan,nan,nan,0
none,cage,3,9,resnet,True,none,lr,1e-05,0.0001,32,9,0.4013,0.8908,0.8185,0.6905,0.3872,nan,nan,nan,nan,0
none,cage,3,9,resnet,True,none,lr,1e-05,0.0001,32,10,0.3655,0.9778,0.8739,0.7143,0.4310,nan,nan,nan,nan,0
none,cage,3,9,resnet,True,none,lr,1e-05,0.0001,32,11,0.3276,1.0879,0.9316,0.6667,0.4175,nan,nan,nan,nan,0
none,cage,3,9,resnet,True,none,lr,1e-05,0.0001,32,12,0.2762,1.1526,0.9542,0.6905,0.3401,nan,nan,nan,nan,0
none,cage,3,9,resnet,True,none,lr,1e-05,0.0001,32,13,0.2492,1.2349,1.0498,0.6905,0.3737,nan,nan,nan,nan,0
none,cage,3,9,resnet,True,none,lr,1e-05,0.0001,32,14,0.2110,1.2643,1.0206,0.6905,0.3670,nan,nan,nan,nan,0
none,cage,3,9,resnet,True,none,lr,1e-05,0.0001,32,15,0.1870,1.3583,1.0565,0.7619,0.3906,nan,nan,nan,nan,0
none,cage,3,9,resnet,True,none,lr,1e-05,0.0001,32,16,0.1555,1.4015,1.0613,0.7619,0.3906,nan,nan,nan,nan,0
none,cage,4,0,resnet,True,none,lr,1e-05,0.0001,32,1,0.7195,0.6922,0.7004,0.5814,0.4683,nan,nan,nan,nan,0
none,cage,4,0,resnet,True,none,lr,1e-05,0.0001,32,2,0.6870,0.6926,0.6738,0.7674,0.5556,nan,nan,nan,nan,0
none,cage,4,0,resnet,True,none,lr,1e-05,0.0001,32,3,0.6613,0.6814,0.6729,0.7674,0.5754,nan,nan,nan,nan,0
none,cage,4,0,resnet,True,none,lr,1e-05,0.0001,32,4,0.6326,0.6643,0.6790,0.6977,0.6190,nan,nan,nan,nan,0
none,cage,4,0,resnet,True,none,lr,1e-05,0.0001,32,5,0.6067,0.6867,0.6721,0.7674,0.5794,nan,nan,nan,nan,1
none,cage,4,0,resnet,True,none,lr,1e-05,0.0001,32,6,0.5624,0.6736,0.6577,0.7907,0.6587,nan,nan,nan,nan,1
none,cage,4,0,resnet,True,none,lr,1e-05,0.0001,32,7,0.5244,0.6857,0.6567,0.8372,0.6587,nan,nan,nan,nan,1
none,cage,4,0,resnet,True,none,lr,1e-05,0.0001,32,8,0.4868,0.6979,0.6773,0.8140,0.6667,nan,nan,nan,nan,1
none,cage,4,0,resnet,True,none,lr,1e-05,0.0001,32,9,0.4336,0.7078,0.6950,0.8140,0.6865,nan,nan,nan,nan,1
none,cage,4,0,resnet,True,none,lr,1e-05,0.0001,32,10,0.4021,0.7142,0.7182,0.8140,0.7103,nan,nan,nan,nan,1
none,cage,4,0,resnet,True,none,lr,1e-05,0.0001,32,11,0.3594,0.7781,0.7461,0.8140,0.6865,nan,nan,nan,nan,1
none,cage,4,0,resnet,True,none,lr,1e-05,0.0001,32,12,0.3087,0.7188,0.7465,0.8140,0.7302,nan,nan,nan,nan,1
none,cage,4,0,resnet,True,none,lr,1e-05,0.0001,32,13,0.2833,0.7330,0.7830,0.8140,0.6984,0.7728,0.8076,0.8140,0.6393,1
none,cage,4,0,resnet,True,none,lr,1e-05,0.0001,32,14,0.2439,0.8549,0.8350,0.8140,0.7063,nan,nan,nan,nan,0
none,cage,4,0,resnet,True,none,lr,1e-05,0.0001,32,15,0.2179,0.9006,0.8575,0.8140,0.6944,nan,nan,nan,nan,0
none,cage,4,0,resnet,True,none,lr,1e-05,0.0001,32,16,0.1895,0.8768,0.8770,0.8140,0.6786,nan,nan,nan,nan,0
none,cage,4,0,resnet,True,none,lr,1e-05,0.0001,32,17,0.1627,0.9374,0.9102,0.8140,0.7302,nan,nan,nan,nan,0
none,cage,4,0,resnet,True,none,lr,1e-05,0.0001,32,18,0.1517,1.0155,0.9647,0.8140,0.6944,nan,nan,nan,nan,0
none,cage,4,1,resnet,True,none,lr,1e-05,0.0001,32,1,0.7722,0.6728,0.6696,0.6977,0.6825,nan,nan,nan,nan,0
none,cage,4,1,resnet,True,none,lr,1e-05,0.0001,32,2,0.6965,0.6668,0.6687,0.6279,0.6468,nan,nan,nan,nan,0
none,cage,4,1,resnet,True,none,lr,1e-05,0.0001,32,3,0.6575,0.6729,0.6564,0.7674,0.6032,nan,nan,nan,nan,0
none,cage,4,1,resnet,True,none,lr,1e-05,0.0001,32,4,0.6331,0.6722,0.6394,0.7442,0.6508,nan,nan,nan,nan,0
none,cage,4,1,resnet,True,none,lr,1e-05,0.0001,32,5,0.6031,0.6904,0.6483,0.8140,0.5714,0.7263,0.7008,0.7907,0.5357,1
none,cage,4,1,resnet,True,none,lr,1e-05,0.0001,32,6,0.5656,0.6848,0.6324,0.7907,0.5952,nan,nan,nan,nan,0
none,cage,4,1,resnet,True,none,lr,1e-05,0.0001,32,7,0.5171,0.6972,0.6568,0.8372,0.5397,nan,nan,nan,nan,0
none,cage,4,1,resnet,True,none,lr,1e-05,0.0001,32,8,0.4817,0.7160,0.6763,0.8140,0.5635,nan,nan,nan,nan,0
none,cage,4,1,resnet,True,none,lr,1e-05,0.0001,32,9,0.4402,0.7325,0.6670,0.8140,0.5675,nan,nan,nan,nan,0
none,cage,4,1,resnet,True,none,lr,1e-05,0.0001,32,10,0.3919,0.7766,0.6766,0.8372,0.5278,nan,nan,nan,nan,0
none,cage,4,1,resnet,True,none,lr,1e-05,0.0001,32,11,0.3526,0.7897,0.7354,0.8140,0.5040,nan,nan,nan,nan,0
none,cage,4,1,resnet,True,none,lr,1e-05,0.0001,32,12,0.3146,0.8082,0.7279,0.8372,0.5357,nan,nan,nan,nan,0
none,cage,4,1,resnet,True,none,lr,1e-05,0.0001,32,13,0.2763,0.9421,0.7484,0.8372,0.5119,nan,nan,nan,nan,0
none,cage,4,1,resnet,True,none,lr,1e-05,0.0001,32,14,0.2466,0.9417,0.8147,0.8372,0.5000,nan,nan,nan,nan,0
none,cage,4,1,resnet,True,none,lr,1e-05,0.0001,32,15,0.2092,1.0509,0.8763,0.8372,0.4524,nan,nan,nan,nan,0
none,cage,4,1,resnet,True,none,lr,1e-05,0.0001,32,16,0.1936,1.1630,0.8864,0.8372,0.4603,nan,nan,nan,nan,0
none,cage,4,2,resnet,True,none,lr,1e-05,0.0001,32,1,0.7245,0.7227,0.7076,0.5476,0.3860,nan,nan,nan,nan,0
none,cage,4,2,resnet,True,none,lr,1e-05,0.0001,32,2,0.6858,0.7149,0.6605,0.7857,0.5551,nan,nan,nan,nan,0
none,cage,4,2,resnet,True,none,lr,1e-05,0.0001,32,3,0.6506,0.7149,0.6908,0.6190,0.4853,nan,nan,nan,nan,0
none,cage,4,2,resnet,True,none,lr,1e-05,0.0001,32,4,0.6197,0.7276,0.6917,0.6190,0.4632,nan,nan,nan,nan,0
none,cage,4,2,resnet,True,none,lr,1e-05,0.0001,32,5,0.5883,0.7290,0.6835,0.6429,0.5551,nan,nan,nan,nan,1
none,cage,4,2,resnet,True,none,lr,1e-05,0.0001,32,6,0.5455,0.7025,0.6773,0.6905,0.6471,nan,nan,nan,nan,1
none,cage,4,2,resnet,True,none,lr,1e-05,0.0001,32,7,0.4990,0.7135,0.7139,0.6667,0.6103,nan,nan,nan,nan,1
none,cage,4,2,resnet,True,none,lr,1e-05,0.0001,32,8,0.4552,0.7684,0.7178,0.6905,0.5368,nan,nan,nan,nan,1
none,cage,4,2,resnet,True,none,lr,1e-05,0.0001,32,9,0.4206,0.8184,0.7152,0.7381,0.5956,nan,nan,nan,nan,1
none,cage,4,2,resnet,True,none,lr,1e-05,0.0001,32,10,0.3670,0.8161,0.7424,0.7857,0.6360,0.7742,0.7741,0.7907,0.6536,1
none,cage,4,2,resnet,True,none,lr,1e-05,0.0001,32,11,0.3319,0.8429,0.7725,0.7857,0.5735,nan,nan,nan,nan,0
none,cage,4,2,resnet,True,none,lr,1e-05,0.0001,32,12,0.2971,0.8422,0.7934,0.7619,0.5993,nan,nan,nan,nan,0
none,cage,4,2,resnet,True,none,lr,1e-05,0.0001,32,13,0.2535,0.9818,0.8323,0.7619,0.5735,nan,nan,nan,nan,0
none,cage,4,2,resnet,True,none,lr,1e-05,0.0001,32,14,0.2255,0.9653,0.8416,0.7619,0.6360,nan,nan,nan,nan,0
none,cage,4,2,resnet,True,none,lr,1e-05,0.0001,32,15,0.1953,1.0762,0.9086,0.7857,0.5699,nan,nan,nan,nan,0
none,cage,4,2,resnet,True,none,lr,1e-05,0.0001,32,16,0.1731,1.0945,0.9217,0.7857,0.6213,nan,nan,nan,nan,0
none,cage,4,3,resnet,True,none,lr,1e-05,0.0001,32,1,0.7202,0.7084,0.7306,0.4762,0.4653,nan,nan,nan,nan,0
none,cage,4,3,resnet,True,none,lr,1e-05,0.0001,32,2,0.6868,0.6972,0.7080,0.5714,0.4939,nan,nan,nan,nan,0
none,cage,4,3,resnet,True,none,lr,1e-05,0.0001,32,3,0.6488,0.7017,0.6977,0.6429,0.5224,nan,nan,nan,nan,0
none,cage,4,3,resnet,True,none,lr,1e-05,0.0001,32,4,0.6319,0.6879,0.7101,0.5476,0.5510,nan,nan,nan,nan,0
none,cage,4,3,resnet,True,none,lr,1e-05,0.0001,32,5,0.5834,0.7049,0.7006,0.6429,0.5224,nan,nan,nan,nan,1
none,cage,4,3,resnet,True,none,lr,1e-05,0.0001,32,6,0.5628,0.6954,0.6838,0.7143,0.5918,nan,nan,nan,nan,1
none,cage,4,3,resnet,True,none,lr,1e-05,0.0001,32,7,0.5204,0.6809,0.7187,0.6429,0.6245,nan,nan,nan,nan,1
none,cage,4,3,resnet,True,none,lr,1e-05,0.0001,32,8,0.4818,0.7115,0.6978,0.7619,0.5918,nan,nan,nan,nan,1
none,cage,4,3,resnet,True,none,lr,1e-05,0.0001,32,9,0.4351,0.6995,0.7236,0.7143,0.6163,nan,nan,nan,nan,1
none,cage,4,3,resnet,True,none,lr,1e-05,0.0001,32,10,0.3891,0.7132,0.7681,0.6667,0.6000,nan,nan,nan,nan,1
none,cage,4,3,resnet,True,none,lr,1e-05,0.0001,32,11,0.3543,0.7446,0.7742,0.7143,0.6082,nan,nan,nan,nan,0
none,cage,4,3,resnet,True,none,lr,1e-05,0.0001,32,12,0.3084,0.7757,0.7471,0.7857,0.6490,nan,nan,nan,nan,1
none,cage,4,3,resnet,True,none,lr,1e-05,0.0001,32,13,0.2776,0.7748,0.7762,0.7619,0.6653,0.8877,0.8687,0.8140,0.5679,1
none,cage,4,3,resnet,True,none,lr,1e-05,0.0001,32,14,0.2400,0.8349,0.8369,0.7143,0.6163,nan,nan,nan,nan,0
none,cage,4,3,resnet,True,none,lr,1e-05,0.0001,32,15,0.2060,1.0029,0.8929,0.7857,0.5633,nan,nan,nan,nan,0
none,cage,4,3,resnet,True,none,lr,1e-05,0.0001,32,16,0.1901,0.9568,0.9146,0.7857,0.5673,nan,nan,nan,nan,0
none,cage,4,3,resnet,True,none,lr,1e-05,0.0001,32,17,0.1575,1.1291,0.9693,0.7857,0.5306,nan,nan,nan,nan,0
none,cage,4,3,resnet,True,none,lr,1e-05,0.0001,32,18,0.1323,1.0959,0.9635,0.7857,0.5878,nan,nan,nan,nan,0
none,cage,4,5,resnet,True,none,lr,1e-05,0.0001,32,1,0.7161,0.7308,0.6931,0.7250,0.4086,nan,nan,nan,nan,0
none,cage,4,5,resnet,True,none,lr,1e-05,0.0001,32,2,0.6895,0.7162,0.6927,0.7000,0.4839,nan,nan,nan,nan,0
none,cage,4,5,resnet,True,none,lr,1e-05,0.0001,32,3,0.6517,0.7289,0.6857,0.7000,0.5161,nan,nan,nan,nan,0
none,cage,4,5,resnet,True,none,lr,1e-05,0.0001,32,4,0.6204,0.7434,0.7119,0.6250,0.4552,nan,nan,nan,nan,0
none,cage,4,5,resnet,True,none,lr,1e-05,0.0001,32,5,0.5953,0.7628,0.7165,0.6750,0.4839,nan,nan,nan,nan,1
none,cage,4,5,resnet,True,none,lr,1e-05,0.0001,32,6,0.5510,0.7873,0.7211,0.7250,0.4695,0.7023,0.6972,0.7442,0.6143,1
none,cage,4,5,resnet,True,none,lr,1e-05,0.0001,32,7,0.5052,0.7811,0.7469,0.6000,0.4803,nan,nan,nan,nan,0
none,cage,4,5,resnet,True,none,lr,1e-05,0.0001,32,8,0.4751,0.8642,0.7688,0.7250,0.4839,nan,nan,nan,nan,0
none,cage,4,5,resnet,True,none,lr,1e-05,0.0001,32,9,0.4234,0.9461,0.8281,0.7000,0.4265,nan,nan,nan,nan,0
none,cage,4,5,resnet,True,none,lr,1e-05,0.0001,32,10,0.3737,1.0903,0.8921,0.7000,0.4086,nan,nan,nan,nan,0
none,cage,4,5,resnet,True,none,lr,1e-05,0.0001,32,11,0.3403,1.1326,0.9324,0.7250,0.4158,nan,nan,nan,nan,0
none,cage,4,5,resnet,True,none,lr,1e-05,0.0001,32,12,0.2912,1.2025,1.0044,0.6750,0.4265,nan,nan,nan,nan,0
none,cage,4,5,resnet,True,none,lr,1e-05,0.0001,32,13,0.2540,1.2299,1.0159,0.7000,0.4444,nan,nan,nan,nan,0
none,cage,4,5,resnet,True,none,lr,1e-05,0.0001,32,14,0.2200,1.4664,1.1218,0.7500,0.3978,nan,nan,nan,nan,0
none,cage,4,5,resnet,True,none,lr,1e-05,0.0001,32,15,0.1913,1.3644,1.1074,0.7500,0.4122,nan,nan,nan,nan,0
none,cage,4,5,resnet,True,none,lr,1e-05,0.0001,32,16,0.1618,1.6012,1.1995,0.7750,0.4014,nan,nan,nan,nan,0
none,cage,4,6,resnet,True,none,lr,1e-05,0.0001,32,1,0.7286,0.6876,0.6695,0.8049,0.5619,nan,nan,nan,nan,0
none,cage,4,6,resnet,True,none,lr,1e-05,0.0001,32,2,0.6865,0.6829,0.6675,0.8049,0.5810,nan,nan,nan,nan,0
none,cage,4,6,resnet,True,none,lr,1e-05,0.0001,32,3,0.6709,0.6880,0.6824,0.7317,0.5667,nan,nan,nan,nan,0
none,cage,4,6,resnet,True,none,lr,1e-05,0.0001,32,4,0.6357,0.6880,0.6734,0.7317,0.5429,nan,nan,nan,nan,0
none,cage,4,6,resnet,True,none,lr,1e-05,0.0001,32,5,0.5909,0.7067,0.6974,0.7073,0.5095,0.6904,0.6959,0.7442,0.5857,1
none,cage,4,6,resnet,True,none,lr,1e-05,0.0001,32,6,0.5649,0.7079,0.6814,0.7805,0.4952,nan,nan,nan,nan,0
none,cage,4,6,resnet,True,none,lr,1e-05,0.0001,32,7,0.5324,0.7152,0.6855,0.7805,0.5190,nan,nan,nan,nan,0
none,cage,4,6,resnet,True,none,lr,1e-05,0.0001,32,8,0.4872,0.7219,0.7085,0.7317,0.5190,nan,nan,nan,nan,0
none,cage,4,6,resnet,True,none,lr,1e-05,0.0001,32,9,0.4456,0.7154,0.7175,0.8049,0.5143,nan,nan,nan,nan,0
none,cage,4,6,resnet,True,none,lr,1e-05,0.0001,32,10,0.4072,0.7255,0.7340,0.7805,0.5190,nan,nan,nan,nan,0
none,cage,4,6,resnet,True,none,lr,1e-05,0.0001,32,11,0.3620,0.7982,0.7602,0.8293,0.5286,nan,nan,nan,nan,0
none,cage,4,6,resnet,True,none,lr,1e-05,0.0001,32,12,0.3183,0.7817,0.7724,0.8049,0.5619,nan,nan,nan,nan,0
none,cage,4,6,resnet,True,none,lr,1e-05,0.0001,32,13,0.2827,0.8797,0.8097,0.8537,0.5238,nan,nan,nan,nan,0
none,cage,4,6,resnet,True,none,lr,1e-05,0.0001,32,14,0.2488,0.9733,0.9074,0.8049,0.4714,nan,nan,nan,nan,0
none,cage,4,6,resnet,True,none,lr,1e-05,0.0001,32,15,0.2115,0.9560,0.8562,0.8537,0.5762,nan,nan,nan,nan,0
none,cage,4,6,resnet,True,none,lr,1e-05,0.0001,32,16,0.1889,1.0115,0.9235,0.8537,0.5190,nan,nan,nan,nan,0
none,cage,4,7,resnet,True,none,lr,1e-05,0.0001,32,1,0.7317,0.7141,0.6630,0.7273,0.5312,nan,nan,nan,nan,0
none,cage,4,7,resnet,True,none,lr,1e-05,0.0001,32,2,0.6883,0.7218,0.6602,0.7045,0.5347,nan,nan,nan,nan,0
none,cage,4,7,resnet,True,none,lr,1e-05,0.0001,32,3,0.6627,0.7115,0.6764,0.6591,0.5174,nan,nan,nan,nan,0
none,cage,4,7,resnet,True,none,lr,1e-05,0.0001,32,4,0.6274,0.6968,0.6726,0.6591,0.6076,nan,nan,nan,nan,0
none,cage,4,7,resnet,True,none,lr,1e-05,0.0001,32,5,0.6028,0.7110,0.6570,0.7045,0.6389,nan,nan,nan,nan,1
none,cage,4,7,resnet,True,none,lr,1e-05,0.0001,32,6,0.5743,0.7028,0.6499,0.7727,0.6389,nan,nan,nan,nan,1
none,cage,4,7,resnet,True,none,lr,1e-05,0.0001,32,7,0.5254,0.6829,0.6420,0.7955,0.6632,nan,nan,nan,nan,1
none,cage,4,7,resnet,True,none,lr,1e-05,0.0001,32,8,0.4811,0.6705,0.6682,0.7273,0.6840,nan,nan,nan,nan,1
none,cage,4,7,resnet,True,none,lr,1e-05,0.0001,32,9,0.4265,0.7339,0.6708,0.7727,0.6667,nan,nan,nan,nan,1
none,cage,4,7,resnet,True,none,lr,1e-05,0.0001,32,10,0.3915,0.7868,0.7028,0.8182,0.6319,nan,nan,nan,nan,0
none,cage,4,7,resnet,True,none,lr,1e-05,0.0001,32,11,0.3494,0.8353,0.7008,0.8409,0.6319,nan,nan,nan,nan,0
none,cage,4,7,resnet,True,none,lr,1e-05,0.0001,32,12,0.3204,0.9215,0.7598,0.8182,0.6215,nan,nan,nan,nan,0
none,cage,4,7,resnet,True,none,lr,1e-05,0.0001,32,13,0.2628,0.8561,0.7491,0.7955,0.6736,nan,nan,nan,nan,0
none,cage,4,7,resnet,True,none,lr,1e-05,0.0001,32,14,0.2321,0.9383,0.7940,0.8182,0.6667,nan,nan,nan,nan,0
none,cage,4,7,resnet,True,none,lr,1e-05,0.0001,32,15,0.2047,0.9598,0.8206,0.8182,0.6632,nan,nan,nan,nan,0
none,cage,4,7,resnet,True,none,lr,1e-05,0.0001,32,16,0.1825,1.0043,0.8314,0.7955,0.7049,nan,nan,nan,nan,1
none,cage,4,7,resnet,True,none,lr,1e-05,0.0001,32,17,0.1629,1.0334,0.8452,0.8182,0.7153,nan,nan,nan,nan,1
none,cage,4,7,resnet,True,none,lr,1e-05,0.0001,32,18,0.1361,1.1712,0.8748,0.8182,0.7500,nan,nan,nan,nan,1
none,cage,4,7,resnet,True,none,lr,1e-05,0.0001,32,19,0.1173,1.1655,0.9177,0.8182,0.6840,nan,nan,nan,nan,0
none,cage,4,7,resnet,True,none,lr,1e-05,0.0001,32,20,0.1110,1.1517,0.9290,0.8182,0.7292,1.0657,1.0646,0.8140,0.7036,1
none,cage,4,7,resnet,True,none,lr,1e-05,0.0001,32,21,0.0916,1.3872,1.0554,0.8182,0.6458,nan,nan,nan,nan,0
none,cage,4,7,resnet,True,none,lr,1e-05,0.0001,32,22,0.0767,1.3871,1.0327,0.8182,0.7049,nan,nan,nan,nan,0
none,cage,4,7,resnet,True,none,lr,1e-05,0.0001,32,23,0.0713,1.3706,1.0363,0.8182,0.6806,nan,nan,nan,nan,0
none,cage,4,7,resnet,True,none,lr,1e-05,0.0001,32,24,0.0612,1.4989,1.0537,0.8182,0.7465,nan,nan,nan,nan,0
none,cage,4,7,resnet,True,none,lr,1e-05,0.0001,32,25,0.0563,1.5071,1.0977,0.8182,0.7361,nan,nan,nan,nan,0
none,cage,4,8,resnet,True,none,lr,1e-05,0.0001,32,1,0.7248,0.7065,0.6948,0.5957,0.4423,nan,nan,nan,nan,0
none,cage,4,8,resnet,True,none,lr,1e-05,0.0001,32,2,0.6764,0.7152,0.6920,0.6596,0.4423,nan,nan,nan,nan,0
none,cage,4,8,resnet,True,none,lr,1e-05,0.0001,32,3,0.6498,0.7366,0.6851,0.7447,0.4487,nan,nan,nan,nan,0
none,cage,4,8,resnet,True,none,lr,1e-05,0.0001,32,4,0.6279,0.7458,0.6902,0.7447,0.4487,nan,nan,nan,nan,0
none,cage,4,8,resnet,True,none,lr,1e-05,0.0001,32,5,0.5829,0.7809,0.7142,0.6170,0.4231,nan,nan,nan,nan,1
none,cage,4,8,resnet,True,none,lr,1e-05,0.0001,32,6,0.5463,0.7893,0.7354,0.5957,0.4487,nan,nan,nan,nan,0
none,cage,4,8,resnet,True,none,lr,1e-05,0.0001,32,7,0.4981,0.8075,0.7046,0.7234,0.4712,nan,nan,nan,nan,1
none,cage,4,8,resnet,True,none,lr,1e-05,0.0001,32,8,0.4662,0.8401,0.7347,0.7447,0.4455,nan,nan,nan,nan,0
none,cage,4,8,resnet,True,none,lr,1e-05,0.0001,32,9,0.4184,0.8626,0.7486,0.7447,0.4583,nan,nan,nan,nan,0
none,cage,4,8,resnet,True,none,lr,1e-05,0.0001,32,10,0.3904,0.9027,0.7799,0.7872,0.4487,nan,nan,nan,nan,1
none,cage,4,8,resnet,True,none,lr,1e-05,0.0001,32,11,0.3442,0.9955,0.7978,0.7872,0.4455,nan,nan,nan,nan,0
none,cage,4,8,resnet,True,none,lr,1e-05,0.0001,32,12,0.3136,0.9630,0.8171,0.7447,0.4583,nan,nan,nan,nan,0
none,cage,4,8,resnet,True,none,lr,1e-05,0.0001,32,13,0.2685,1.0429,0.8674,0.7872,0.4359,nan,nan,nan,nan,0
none,cage,4,8,resnet,True,none,lr,1e-05,0.0001,32,14,0.2401,1.1650,0.8485,0.8085,0.5032,nan,nan,nan,nan,0
none,cage,4,8,resnet,True,none,lr,1e-05,0.0001,32,15,0.2080,1.1733,0.9017,0.8085,0.5032,nan,nan,nan,nan,1
none,cage,4,8,resnet,True,none,lr,1e-05,0.0001,32,16,0.1815,1.2370,0.9509,0.7872,0.4551,nan,nan,nan,nan,0
none,cage,4,8,resnet,True,none,lr,1e-05,0.0001,32,17,0.1574,1.2875,0.9732,0.8085,0.4936,nan,nan,nan,nan,1
none,cage,4,8,resnet,True,none,lr,1e-05,0.0001,32,18,0.1408,1.4163,1.0152,0.7872,0.4391,nan,nan,nan,nan,0
none,cage,4,8,resnet,True,none,lr,1e-05,0.0001,32,19,0.1239,1.3889,1.0119,0.8085,0.5256,1.1406,1.0595,0.8372,0.6536,1
none,cage,4,8,resnet,True,none,lr,1e-05,0.0001,32,20,0.1099,1.5536,1.0734,0.8085,0.4744,nan,nan,nan,nan,0
none,cage,4,8,resnet,True,none,lr,1e-05,0.0001,32,21,0.0939,1.5457,1.0854,0.8298,0.4712,nan,nan,nan,nan,0
none,cage,4,8,resnet,True,none,lr,1e-05,0.0001,32,22,0.0823,1.5678,1.1198,0.8085,0.4615,nan,nan,nan,nan,0
none,cage,4,8,resnet,True,none,lr,1e-05,0.0001,32,23,0.0695,1.6439,1.1516,0.8298,0.4904,nan,nan,nan,nan,0
none,cage,4,8,resnet,True,none,lr,1e-05,0.0001,32,24,0.0665,1.7907,1.2344,0.8085,0.5000,nan,nan,nan,nan,0
none,cage,4,9,resnet,True,none,lr,1e-05,0.0001,32,1,0.7356,0.7140,0.7085,0.5238,0.4108,nan,nan,nan,nan,0
none,cage,4,9,resnet,True,none,lr,1e-05,0.0001,32,2,0.6923,0.7176,0.7474,0.4762,0.4074,nan,nan,nan,nan,0
none,cage,4,9,resnet,True,none,lr,1e-05,0.0001,32,3,0.6614,0.7336,0.7162,0.6190,0.4613,nan,nan,nan,nan,0
none,cage,4,9,resnet,True,none,lr,1e-05,0.0001,32,4,0.6201,0.7536,0.7740,0.5476,0.4040,nan,nan,nan,nan,0
none,cage,4,9,resnet,True,none,lr,1e-05,0.0001,32,5,0.5904,0.7675,0.7588,0.5714,0.4007,nan,nan,nan,nan,1
none,cage,4,9,resnet,True,none,lr,1e-05,0.0001,32,6,0.5572,0.8029,0.7698,0.6190,0.4343,nan,nan,nan,nan,0
none,cage,4,9,resnet,True,none,lr,1e-05,0.0001,32,7,0.5122,0.8250,0.7948,0.6190,0.4209,nan,nan,nan,nan,1
none,cage,4,9,resnet,True,none,lr,1e-05,0.0001,32,8,0.4780,0.8560,0.8231,0.6190,0.4276,nan,nan,nan,nan,0
none,cage,4,9,resnet,True,none,lr,1e-05,0.0001,32,9,0.4260,0.9210,0.8258,0.6905,0.4613,nan,nan,nan,nan,0
none,cage,4,9,resnet,True,none,lr,1e-05,0.0001,32,10,0.3851,1.0297,0.8927,0.6667,0.4579,0.7688,0.7799,0.7674,0.6571,1
none,cage,4,9,resnet,True,none,lr,1e-05,0.0001,32,11,0.3520,1.0082,0.8854,0.6667,0.4478,nan,nan,nan,nan,0
none,cage,4,9,resnet,True,none,lr,1e-05,0.0001,32,12,0.3072,1.0749,0.9775,0.6667,0.4108,nan,nan,nan,nan,0
none,cage,4,9,resnet,True,none,lr,1e-05,0.0001,32,13,0.2627,1.2281,1.0171,0.6905,0.4276,nan,nan,nan,nan,0
none,cage,4,9,resnet,True,none,lr,1e-05,0.0001,32,14,0.2369,1.3620,1.0748,0.6905,0.4310,nan,nan,nan,nan,0
none,cage,4,9,resnet,True,none,lr,1e-05,0.0001,32,15,0.2115,1.3402,1.0779,0.6667,0.3805,nan,nan,nan,nan,0
none,cage,4,9,resnet,True,none,lr,1e-05,0.0001,32,16,0.1885,1.5011,1.1627,0.6667,0.4074,nan,nan,nan,nan,0
none,cage,5,0,resnet,True,none,lr,1e-05,0.0001,32,1,0.7405,0.7028,0.7027,0.6279,0.4444,nan,nan,nan,nan,0
none,cage,5,0,resnet,True,none,lr,1e-05,0.0001,32,2,0.6849,0.6947,0.6941,0.5814,0.5317,nan,nan,nan,nan,0
none,cage,5,0,resnet,True,none,lr,1e-05,0.0001,32,3,0.6596,0.6764,0.6724,0.6512,0.6389,nan,nan,nan,nan,0
none,cage,5,0,resnet,True,none,lr,1e-05,0.0001,32,4,0.6231,0.6773,0.6667,0.7209,0.6111,nan,nan,nan,nan,0
none,cage,5,0,resnet,True,none,lr,1e-05,0.0001,32,5,0.5924,0.6547,0.6656,0.7209,0.7302,nan,nan,nan,nan,1
none,cage,5,0,resnet,True,none,lr,1e-05,0.0001,32,6,0.5582,0.6499,0.6566,0.8140,0.6944,nan,nan,nan,nan,1
none,cage,5,0,resnet,True,none,lr,1e-05,0.0001,32,7,0.5169,0.6321,0.6549,0.7907,0.7500,nan,nan,nan,nan,1
none,cage,5,0,resnet,True,none,lr,1e-05,0.0001,32,8,0.4744,0.6471,0.6549,0.8605,0.7143,nan,nan,nan,nan,1
none,cage,5,0,resnet,True,none,lr,1e-05,0.0001,32,9,0.4172,0.7036,0.6746,0.8372,0.6905,0.9430,0.7957,0.7000,0.4301,1
none,cage,5,0,resnet,True,none,lr,1e-05,0.0001,32,10,0.3836,0.7027,0.7020,0.8140,0.7024,nan,nan,nan,nan,0
none,cage,5,0,resnet,True,none,lr,1e-05,0.0001,32,11,0.3485,0.7512,0.7377,0.8140,0.6706,nan,nan,nan,nan,0
none,cage,5,0,resnet,True,none,lr,1e-05,0.0001,32,12,0.3076,0.7519,0.7292,0.7907,0.7143,nan,nan,nan,nan,0
none,cage,5,0,resnet,True,none,lr,1e-05,0.0001,32,13,0.2678,0.7690,0.7710,0.8140,0.6905,nan,nan,nan,nan,0
none,cage,5,0,resnet,True,none,lr,1e-05,0.0001,32,14,0.2425,0.8629,0.8007,0.8140,0.7103,nan,nan,nan,nan,0
none,cage,5,0,resnet,True,none,lr,1e-05,0.0001,32,15,0.2118,0.8620,0.8534,0.7907,0.7024,nan,nan,nan,nan,0
none,cage,5,0,resnet,True,none,lr,1e-05,0.0001,32,16,0.1774,0.9055,0.8689,0.8140,0.7143,nan,nan,nan,nan,0
none,cage,5,1,resnet,True,none,lr,1e-05,0.0001,32,1,0.7274,0.6843,0.7003,0.5581,0.6349,nan,nan,nan,nan,0
none,cage,5,1,resnet,True,none,lr,1e-05,0.0001,32,2,0.6859,0.6900,0.6321,0.8140,0.5754,nan,nan,nan,nan,0
none,cage,5,1,resnet,True,none,lr,1e-05,0.0001,32,3,0.6509,0.6808,0.6751,0.6744,0.5913,nan,nan,nan,nan,0
none,cage,5,1,resnet,True,none,lr,1e-05,0.0001,32,4,0.6215,0.6726,0.6274,0.8140,0.6230,nan,nan,nan,nan,0
none,cage,5,1,resnet,True,none,lr,1e-05,0.0001,32,5,0.5836,0.6751,0.6581,0.7674,0.6151,nan,nan,nan,nan,1
none,cage,5,1,resnet,True,none,lr,1e-05,0.0001,32,6,0.5449,0.6768,0.6589,0.7442,0.6071,nan,nan,nan,nan,0
none,cage,5,1,resnet,True,none,lr,1e-05,0.0001,32,7,0.4981,0.6744,0.6428,0.7907,0.6389,nan,nan,nan,nan,1
none,cage,5,1,resnet,True,none,lr,1e-05,0.0001,32,8,0.4558,0.6805,0.6492,0.8140,0.6270,nan,nan,nan,nan,1
none,cage,5,1,resnet,True,none,lr,1e-05,0.0001,32,9,0.4180,0.7072,0.6860,0.7674,0.5992,nan,nan,nan,nan,0
none,cage,5,1,resnet,True,none,lr,1e-05,0.0001,32,10,0.3627,0.7533,0.6825,0.8372,0.5952,nan,nan,nan,nan,0
none,cage,5,1,resnet,True,none,lr,1e-05,0.0001,32,11,0.3109,0.8151,0.7061,0.8140,0.6190,nan,nan,nan,nan,0
none,cage,5,1,resnet,True,none,lr,1e-05,0.0001,32,12,0.2828,0.7430,0.6961,0.8140,0.6627,nan,nan,nan,nan,0
none,cage,5,1,resnet,True,none,lr,1e-05,0.0001,32,13,0.2504,0.8727,0.7417,0.8372,0.6548,nan,nan,nan,nan,0
none,cage,5,1,resnet,True,none,lr,1e-05,0.0001,32,14,0.2134,0.9041,0.7340,0.8372,0.6429,nan,nan,nan,nan,1
none,cage,5,1,resnet,True,none,lr,1e-05,0.0001,32,15,0.1882,1.0043,0.7868,0.8372,0.6587,1.6510,1.2359,0.7500,0.2975,1
none,cage,5,1,resnet,True,none,lr,1e-05,0.0001,32,16,0.1691,0.9433,0.8109,0.8372,0.6389,nan,nan,nan,nan,0
none,cage,5,1,resnet,True,none,lr,1e-05,0.0001,32,17,0.1427,1.0886,0.8640,0.8372,0.5833,nan,nan,nan,nan,0
none,cage,5,1,resnet,True,none,lr,1e-05,0.0001,32,18,0.1213,1.0008,0.8145,0.8372,0.6706,nan,nan,nan,nan,0
none,cage,5,1,resnet,True,none,lr,1e-05,0.0001,32,19,0.1161,1.0668,0.8590,0.8372,0.6667,nan,nan,nan,nan,0
none,cage,5,1,resnet,True,none,lr,1e-05,0.0001,32,20,0.0974,1.1605,0.8616,0.8372,0.6786,nan,nan,nan,nan,0
none,cage,5,2,resnet,True,none,lr,1e-05,0.0001,32,1,0.7545,0.7003,0.6949,0.5952,0.5074,nan,nan,nan,nan,0
none,cage,5,2,resnet,True,none,lr,1e-05,0.0001,32,2,0.6875,0.7003,0.6693,0.6429,0.5956,nan,nan,nan,nan,0
none,cage,5,2,resnet,True,none,lr,1e-05,0.0001,32,3,0.6486,0.7200,0.6745,0.6905,0.4926,nan,nan,nan,nan,0
none,cage,5,2,resnet,True,none,lr,1e-05,0.0001,32,4,0.6232,0.7118,0.6997,0.6667,0.5368,nan,nan,nan,nan,0
none,cage,5,2,resnet,True,none,lr,1e-05,0.0001,32,5,0.5814,0.7143,0.6937,0.6905,0.5404,nan,nan,nan,nan,1
none,cage,5,2,resnet,True,none,lr,1e-05,0.0001,32,6,0.5496,0.7319,0.7028,0.7143,0.5441,nan,nan,nan,nan,1
none,cage,5,2,resnet,True,none,lr,1e-05,0.0001,32,7,0.5029,0.7146,0.7129,0.7143,0.5846,nan,nan,nan,nan,0
none,cage,5,2,resnet,True,none,lr,1e-05,0.0001,32,8,0.4543,0.7581,0.7236,0.7619,0.5772,nan,nan,nan,nan,1
none,cage,5,2,resnet,True,none,lr,1e-05,0.0001,32,9,0.4059,0.7631,0.7089,0.7381,0.6471,nan,nan,nan,nan,1
none,cage,5,2,resnet,True,none,lr,1e-05,0.0001,32,10,0.3698,0.7676,0.7144,0.7857,0.6324,nan,nan,nan,nan,1
none,cage,5,2,resnet,True,none,lr,1e-05,0.0001,32,11,0.3307,0.7609,0.7323,0.7619,0.6581,nan,nan,nan,nan,1
none,cage,5,2,resnet,True,none,lr,1e-05,0.0001,32,12,0.2924,0.8315,0.7670,0.8095,0.5846,nan,nan,nan,nan,0
none,cage,5,2,resnet,True,none,lr,1e-05,0.0001,32,13,0.2662,0.8043,0.7557,0.7857,0.6875,1.1341,0.9451,0.7000,0.4624,1
none,cage,5,2,resnet,True,none,lr,1e-05,0.0001,32,14,0.2252,0.9089,0.8139,0.8095,0.6213,nan,nan,nan,nan,0
none,cage,5,2,resnet,True,none,lr,1e-05,0.0001,32,15,0.1861,0.9192,0.8240,0.7619,0.6691,nan,nan,nan,nan,0
none,cage,5,2,resnet,True,none,lr,1e-05,0.0001,32,16,0.1597,1.1086,0.9145,0.8095,0.5404,nan,nan,nan,nan,0
none,cage,5,2,resnet,True,none,lr,1e-05,0.0001,32,17,0.1450,1.0512,0.9196,0.7857,0.5846,nan,nan,nan,nan,0
none,cage,5,2,resnet,True,none,lr,1e-05,0.0001,32,18,0.1290,1.1068,0.9167,0.7857,0.6765,nan,nan,nan,nan,0
none,cage,5,3,resnet,True,none,lr,1e-05,0.0001,32,1,0.7115,0.6962,0.7106,0.5952,0.5020,nan,nan,nan,nan,0
none,cage,5,3,resnet,True,none,lr,1e-05,0.0001,32,2,0.6794,0.6969,0.7024,0.6190,0.4490,nan,nan,nan,nan,0
none,cage,5,3,resnet,True,none,lr,1e-05,0.0001,32,3,0.6454,0.6748,0.6926,0.6429,0.6204,nan,nan,nan,nan,0
none,cage,5,3,resnet,True,none,lr,1e-05,0.0001,32,4,0.5996,0.6704,0.6787,0.7381,0.6449,nan,nan,nan,nan,0
none,cage,5,3,resnet,True,none,lr,1e-05,0.0001,32,5,0.5764,0.6699,0.7131,0.6190,0.6204,nan,nan,nan,nan,1
none,cage,5,3,resnet,True,none,lr,1e-05,0.0001,32,6,0.5325,0.6560,0.6874,0.7619,0.7184,nan,nan,nan,nan,1
none,cage,5,3,resnet,True,none,lr,1e-05,0.0001,32,7,0.4871,0.6781,0.7208,0.7381,0.6571,nan,nan,nan,nan,1
none,cage,5,3,resnet,True,none,lr,1e-05,0.0001,32,8,0.4489,0.7025,0.7125,0.7381,0.6245,nan,nan,nan,nan,0
none,cage,5,3,resnet,True,none,lr,1e-05,0.0001,32,9,0.4045,0.6997,0.7063,0.7619,0.7184,nan,nan,nan,nan,1
none,cage,5,3,resnet,True,none,lr,1e-05,0.0001,32,10,0.3485,0.7353,0.7068,0.8095,0.7429,1.1015,0.9098,0.7000,0.3728,1
none,cage,5,3,resnet,True,none,lr,1e-05,0.0001,32,11,0.3212,0.7518,0.7660,0.7619,0.6245,nan,nan,nan,nan,0
none,cage,5,3,resnet,True,none,lr,1e-05,0.0001,32,12,0.2823,0.7843,0.8095,0.7381,0.6367,nan,nan,nan,nan,0
none,cage,5,3,resnet,True,none,lr,1e-05,0.0001,32,13,0.2399,0.8333,0.8298,0.7619,0.6286,nan,nan,nan,nan,0
none,cage,5,3,resnet,True,none,lr,1e-05,0.0001,32,14,0.2109,0.8608,0.8463,0.7619,0.6653,nan,nan,nan,nan,0
none,cage,5,3,resnet,True,none,lr,1e-05,0.0001,32,15,0.1841,0.9401,0.8783,0.8333,0.6367,nan,nan,nan,nan,0
none,cage,5,3,resnet,True,none,lr,1e-05,0.0001,32,16,0.1585,0.9846,0.9256,0.8095,0.6612,nan,nan,nan,nan,0
none,cage,5,4,resnet,True,none,lr,1e-05,0.0001,32,1,0.7189,0.6980,0.6926,0.7209,0.5607,nan,nan,nan,nan,0
none,cage,5,4,resnet,True,none,lr,1e-05,0.0001,32,2,0.6949,0.7029,0.6967,0.5116,0.5071,nan,nan,nan,nan,0
none,cage,5,4,resnet,True,none,lr,1e-05,0.0001,32,3,0.6448,0.7107,0.7024,0.7209,0.5786,nan,nan,nan,nan,0
none,cage,5,4,resnet,True,none,lr,1e-05,0.0001,32,4,0.6204,0.6943,0.6755,0.6744,0.5679,nan,nan,nan,nan,0
none,cage,5,4,resnet,True,none,lr,1e-05,0.0001,32,5,0.5834,0.6974,0.6848,0.7209,0.6000,nan,nan,nan,nan,1
none,cage,5,4,resnet,True,none,lr,1e-05,0.0001,32,6,0.5479,0.6784,0.6863,0.7442,0.6821,nan,nan,nan,nan,1
none,cage,5,4,resnet,True,none,lr,1e-05,0.0001,32,7,0.5062,0.6916,0.6947,0.7442,0.6393,nan,nan,nan,nan,1
none,cage,5,4,resnet,True,none,lr,1e-05,0.0001,32,8,0.4625,0.6933,0.7020,0.7442,0.6643,nan,nan,nan,nan,1
none,cage,5,4,resnet,True,none,lr,1e-05,0.0001,32,9,0.4151,0.7052,0.7024,0.7907,0.6857,nan,nan,nan,nan,1
none,cage,5,4,resnet,True,none,lr,1e-05,0.0001,32,10,0.3721,0.7550,0.7303,0.7674,0.7357,nan,nan,nan,nan,1
none,cage,5,4,resnet,True,none,lr,1e-05,0.0001,32,11,0.3218,0.7381,0.7731,0.7442,0.7071,nan,nan,nan,nan,0
none,cage,5,4,resnet,True,none,lr,1e-05,0.0001,32,12,0.2915,0.8352,0.8512,0.7674,0.6750,nan,nan,nan,nan,1
none,cage,5,4,resnet,True,none,lr,1e-05,0.0001,32,13,0.2561,0.7807,0.8010,0.7907,0.7321,1.2040,0.9844,0.7250,0.4158,1
none,cage,5,4,resnet,True,none,lr,1e-05,0.0001,32,14,0.2212,0.8908,0.8820,0.7674,0.7036,nan,nan,nan,nan,0
none,cage,5,4,resnet,True,none,lr,1e-05,0.0001,32,15,0.1909,0.8941,0.9045,0.7674,0.7000,nan,nan,nan,nan,0
none,cage,5,4,resnet,True,none,lr,1e-05,0.0001,32,16,0.1691,1.0426,0.9958,0.7907,0.6750,nan,nan,nan,nan,0
none,cage,5,4,resnet,True,none,lr,1e-05,0.0001,32,17,0.1474,0.9966,0.9987,0.7674,0.7036,nan,nan,nan,nan,0
none,cage,5,4,resnet,True,none,lr,1e-05,0.0001,32,18,0.1280,1.0186,0.9961,0.7907,0.7321,nan,nan,nan,nan,0
none,cage,5,6,resnet,True,none,lr,1e-05,0.0001,32,1,0.7500,0.6889,0.6996,0.5854,0.4952,nan,nan,nan,nan,0
none,cage,5,6,resnet,True,none,lr,1e-05,0.0001,32,2,0.6865,0.6773,0.6573,0.8293,0.5857,nan,nan,nan,nan,0
none,cage,5,6,resnet,True,none,lr,1e-05,0.0001,32,3,0.6544,0.6955,0.6628,0.8537,0.4810,nan,nan,nan,nan,0
none,cage,5,6,resnet,True,none,lr,1e-05,0.0001,32,4,0.6174,0.6960,0.6908,0.7805,0.4905,nan,nan,nan,nan,0
none,cage,5,6,resnet,True,none,lr,1e-05,0.0001,32,5,0.5902,0.7181,0.6875,0.8293,0.4381,0.7551,0.7089,0.6750,0.5305,1
none,cage,5,6,resnet,True,none,lr,1e-05,0.0001,32,6,0.5506,0.7405,0.6788,0.8293,0.4476,nan,nan,nan,nan,0
none,cage,5,6,resnet,True,none,lr,1e-05,0.0001,32,7,0.5040,0.7318,0.6917,0.8293,0.4857,nan,nan,nan,nan,0
none,cage,5,6,resnet,True,none,lr,1e-05,0.0001,32,8,0.4566,0.7722,0.7028,0.8537,0.4714,nan,nan,nan,nan,0
none,cage,5,6,resnet,True,none,lr,1e-05,0.0001,32,9,0.4163,0.7677,0.7191,0.8537,0.4667,nan,nan,nan,nan,0
none,cage,5,6,resnet,True,none,lr,1e-05,0.0001,32,10,0.3627,0.8195,0.7452,0.8537,0.4571,nan,nan,nan,nan,0
none,cage,5,6,resnet,True,none,lr,1e-05,0.0001,32,11,0.3289,0.8441,0.7501,0.8537,0.5048,nan,nan,nan,nan,0
none,cage,5,6,resnet,True,none,lr,1e-05,0.0001,32,12,0.2850,0.8463,0.8022,0.8537,0.4905,nan,nan,nan,nan,0
none,cage,5,6,resnet,True,none,lr,1e-05,0.0001,32,13,0.2464,1.0183,0.8596,0.8537,0.4810,nan,nan,nan,nan,0
none,cage,5,6,resnet,True,none,lr,1e-05,0.0001,32,14,0.2251,0.9603,0.8669,0.8537,0.4810,nan,nan,nan,nan,0
none,cage,5,6,resnet,True,none,lr,1e-05,0.0001,32,15,0.1872,1.0656,0.9086,0.8537,0.5190,nan,nan,nan,nan,0
none,cage,5,6,resnet,True,none,lr,1e-05,0.0001,32,16,0.1753,1.1268,1.0119,0.8537,0.4286,nan,nan,nan,nan,0
none,cage,5,7,resnet,True,none,lr,1e-05,0.0001,32,1,0.7396,0.6987,0.6935,0.5682,0.5208,nan,nan,nan,nan,0
none,cage,5,7,resnet,True,none,lr,1e-05,0.0001,32,2,0.6827,0.6904,0.6586,0.7727,0.6146,nan,nan,nan,nan,0
none,cage,5,7,resnet,True,none,lr,1e-05,0.0001,32,3,0.6522,0.6790,0.6695,0.6818,0.6528,nan,nan,nan,nan,0
none,cage,5,7,resnet,True,none,lr,1e-05,0.0001,32,4,0.6255,0.6738,0.6535,0.7727,0.7188,nan,nan,nan,nan,0
none,cage,5,7,resnet,True,none,lr,1e-05,0.0001,32,5,0.5920,0.6465,0.6680,0.7500,0.7049,nan,nan,nan,nan,1
none,cage,5,7,resnet,True,none,lr,1e-05,0.0001,32,6,0.5446,0.6756,0.6630,0.7727,0.6944,nan,nan,nan,nan,1
none,cage,5,7,resnet,True,none,lr,1e-05,0.0001,32,7,0.4983,0.6491,0.6544,0.7500,0.7604,nan,nan,nan,nan,1
none,cage,5,7,resnet,True,none,lr,1e-05,0.0001,32,8,0.4576,0.6577,0.6601,0.8182,0.7292,nan,nan,nan,nan,1
none,cage,5,7,resnet,True,none,lr,1e-05,0.0001,32,9,0.4161,0.7016,0.6672,0.8182,0.7014,nan,nan,nan,nan,0
none,cage,5,7,resnet,True,none,lr,1e-05,0.0001,32,10,0.3711,0.6599,0.6614,0.8182,0.7812,nan,nan,nan,nan,1
none,cage,5,7,resnet,True,none,lr,1e-05,0.0001,32,11,0.3311,0.6713,0.6687,0.8182,0.8056,nan,nan,nan,nan,1
none,cage,5,7,resnet,True,none,lr,1e-05,0.0001,32,12,0.2950,0.7886,0.7061,0.8409,0.7153,nan,nan,nan,nan,0
none,cage,5,7,resnet,True,none,lr,1e-05,0.0001,32,13,0.2584,0.7568,0.7009,0.8409,0.7674,nan,nan,nan,nan,0
none,cage,5,7,resnet,True,none,lr,1e-05,0.0001,32,14,0.2207,0.7826,0.7378,0.7955,0.7812,1.2535,1.0334,0.6500,0.4624,1
none,cage,5,7,resnet,True,none,lr,1e-05,0.0001,32,15,0.1994,0.9165,0.7906,0.8409,0.7326,nan,nan,nan,nan,0
none,cage,5,7,resnet,True,none,lr,1e-05,0.0001,32,16,0.1710,0.7977,0.8064,0.7955,0.7604,nan,nan,nan,nan,0
none,cage,5,7,resnet,True,none,lr,1e-05,0.0001,32,17,0.1476,0.9399,0.8037,0.8182,0.7847,nan,nan,nan,nan,0
none,cage,5,7,resnet,True,none,lr,1e-05,0.0001,32,18,0.1324,1.0456,0.8719,0.8409,0.7361,nan,nan,nan,nan,0
none,cage,5,7,resnet,True,none,lr,1e-05,0.0001,32,19,0.1083,1.1428,0.8898,0.8182,0.7639,nan,nan,nan,nan,0
none,cage,5,8,resnet,True,none,lr,1e-05,0.0001,32,1,0.7239,0.6918,0.7007,0.6170,0.5353,nan,nan,nan,nan,0
none,cage,5,8,resnet,True,none,lr,1e-05,0.0001,32,2,0.6820,0.7146,0.6671,0.7234,0.4872,nan,nan,nan,nan,0
none,cage,5,8,resnet,True,none,lr,1e-05,0.0001,32,3,0.6392,0.7175,0.7074,0.5745,0.4263,nan,nan,nan,nan,0
none,cage,5,8,resnet,True,none,lr,1e-05,0.0001,32,4,0.6116,0.7363,0.6826,0.7234,0.4519,nan,nan,nan,nan,0
none,cage,5,8,resnet,True,none,lr,1e-05,0.0001,32,5,0.5770,0.7443,0.6899,0.7660,0.4551,nan,nan,nan,nan,1
none,cage,5,8,resnet,True,none,lr,1e-05,0.0001,32,6,0.5246,0.7794,0.7186,0.7234,0.4551,nan,nan,nan,nan,0
none,cage,5,8,resnet,True,none,lr,1e-05,0.0001,32,7,0.4829,0.7900,0.7133,0.7660,0.4808,nan,nan,nan,nan,0
none,cage,5,8,resnet,True,none,lr,1e-05,0.0001,32,8,0.4441,0.8316,0.7272,0.7021,0.4840,nan,nan,nan,nan,0
none,cage,5,8,resnet,True,none,lr,1e-05,0.0001,32,9,0.3956,0.8573,0.7417,0.7872,0.4968,nan,nan,nan,nan,0
none,cage,5,8,resnet,True,none,lr,1e-05,0.0001,32,10,0.3569,0.9026,0.7631,0.7660,0.4840,0.9496,0.8231,0.7000,0.4731,1
none,cage,5,8,resnet,True,none,lr,1e-05,0.0001,32,11,0.3131,1.0060,0.8392,0.7660,0.4519,nan,nan,nan,nan,0
none,cage,5,8,resnet,True,none,lr,1e-05,0.0001,32,12,0.2745,1.0566,0.8480,0.7872,0.4231,nan,nan,nan,nan,0
none,cage,5,8,resnet,True,none,lr,1e-05,0.0001,32,13,0.2345,1.1201,0.8829,0.7872,0.4455,nan,nan,nan,nan,0
none,cage,5,8,resnet,True,none,lr,1e-05,0.0001,32,14,0.2165,1.1440,0.9395,0.7660,0.4455,nan,nan,nan,nan,0
none,cage,5,8,resnet,True,none,lr,1e-05,0.0001,32,15,0.1836,1.3055,0.9577,0.7872,0.4808,nan,nan,nan,nan,0
none,cage,5,8,resnet,True,none,lr,1e-05,0.0001,32,16,0.1608,1.3708,0.9884,0.7872,0.4391,nan,nan,nan,nan,0
none,cage,5,9,resnet,True,none,lr,1e-05,0.0001,32,1,0.7215,0.7111,0.6974,0.6667,0.4949,nan,nan,nan,nan,0
none,cage,5,9,resnet,True,none,lr,1e-05,0.0001,32,2,0.6877,0.6984,0.7299,0.4762,0.4646,nan,nan,nan,nan,0
none,cage,5,9,resnet,True,none,lr,1e-05,0.0001,32,3,0.6413,0.7376,0.7135,0.6429,0.4815,nan,nan,nan,nan,0
none,cage,5,9,resnet,True,none,lr,1e-05,0.0001,32,4,0.6072,0.7574,0.7435,0.6429,0.5118,nan,nan,nan,nan,0
none,cage,5,9,resnet,True,none,lr,1e-05,0.0001,32,5,0.5638,0.7752,0.7241,0.7143,0.4983,0.8312,0.7417,0.7000,0.3333,1
none,cage,5,9,resnet,True,none,lr,1e-05,0.0001,32,6,0.5277,0.7892,0.7949,0.6905,0.4714,nan,nan,nan,nan,0
none,cage,5,9,resnet,True,none,lr,1e-05,0.0001,32,7,0.4804,0.8294,0.7805,0.6667,0.4882,nan,nan,nan,nan,0
none,cage,5,9,resnet,True,none,lr,1e-05,0.0001,32,8,0.4378,0.8891,0.8500,0.6905,0.4815,nan,nan,nan,nan,0
none,cage,5,9,resnet,True,none,lr,1e-05,0.0001,32,9,0.3984,0.8930,0.8218,0.6667,0.4613,nan,nan,nan,nan,0
none,cage,5,9,resnet,True,none,lr,1e-05,0.0001,32,10,0.3506,0.9421,0.8546,0.6667,0.4714,nan,nan,nan,nan,0
none,cage,5,9,resnet,True,none,lr,1e-05,0.0001,32,11,0.3133,1.0737,0.9491,0.6429,0.4512,nan,nan,nan,nan,0
none,cage,5,9,resnet,True,none,lr,1e-05,0.0001,32,12,0.2740,1.0580,1.0072,0.6429,0.4579,nan,nan,nan,nan,0
none,cage,5,9,resnet,True,none,lr,1e-05,0.0001,32,13,0.2354,1.2292,1.0710,0.6667,0.4512,nan,nan,nan,nan,0
none,cage,5,9,resnet,True,none,lr,1e-05,0.0001,32,14,0.2197,1.3456,1.1104,0.6667,0.4646,nan,nan,nan,nan,0
none,cage,5,9,resnet,True,none,lr,1e-05,0.0001,32,15,0.1858,1.2818,1.1103,0.6190,0.4209,nan,nan,nan,nan,0
none,cage,5,9,resnet,True,none,lr,1e-05,0.0001,32,16,0.1635,1.3866,1.1784,0.6190,0.4007,nan,nan,nan,nan,0
none,cage,6,0,resnet,True,none,lr,1e-05,0.0001,32,1,0.7233,0.6804,0.6676,0.8372,0.6865,nan,nan,nan,nan,0
none,cage,6,0,resnet,True,none,lr,1e-05,0.0001,32,2,0.6944,0.6843,0.6828,0.7442,0.5952,nan,nan,nan,nan,0
none,cage,6,0,resnet,True,none,lr,1e-05,0.0001,32,3,0.6573,0.6715,0.6774,0.7907,0.7341,nan,nan,nan,nan,0
none,cage,6,0,resnet,True,none,lr,1e-05,0.0001,32,4,0.6328,0.6738,0.6457,0.8372,0.6627,nan,nan,nan,nan,0
none,cage,6,0,resnet,True,none,lr,1e-05,0.0001,32,5,0.5975,0.6650,0.6653,0.7907,0.6905,nan,nan,nan,nan,1
none,cage,6,0,resnet,True,none,lr,1e-05,0.0001,32,6,0.5600,0.6611,0.6714,0.8140,0.6548,nan,nan,nan,nan,0
none,cage,6,0,resnet,True,none,lr,1e-05,0.0001,32,7,0.5188,0.6362,0.6383,0.7907,0.8016,nan,nan,nan,nan,1
none,cage,6,0,resnet,True,none,lr,1e-05,0.0001,32,8,0.4827,0.6734,0.6471,0.8372,0.7341,nan,nan,nan,nan,0
none,cage,6,0,resnet,True,none,lr,1e-05,0.0001,32,9,0.4366,0.6383,0.6601,0.8140,0.7817,nan,nan,nan,nan,1
none,cage,6,0,resnet,True,none,lr,1e-05,0.0001,32,10,0.3877,0.6541,0.6872,0.8372,0.7897,nan,nan,nan,nan,1
none,cage,6,0,resnet,True,none,lr,1e-05,0.0001,32,11,0.3466,0.6895,0.6965,0.8140,0.7659,nan,nan,nan,nan,1
none,cage,6,0,resnet,True,none,lr,1e-05,0.0001,32,12,0.3065,0.6878,0.6953,0.8140,0.8333,nan,nan,nan,nan,1
none,cage,6,0,resnet,True,none,lr,1e-05,0.0001,32,13,0.2733,0.7311,0.7063,0.8372,0.8214,nan,nan,nan,nan,1
none,cage,6,0,resnet,True,none,lr,1e-05,0.0001,32,14,0.2353,0.6877,0.7526,0.8605,0.7659,nan,nan,nan,nan,0
none,cage,6,0,resnet,True,none,lr,1e-05,0.0001,32,15,0.2041,0.7588,0.7695,0.8372,0.8294,nan,nan,nan,nan,0
none,cage,6,0,resnet,True,none,lr,1e-05,0.0001,32,16,0.1955,0.8059,0.8121,0.8372,0.7937,1.0591,0.9532,0.8293,0.4524,1
none,cage,6,0,resnet,True,none,lr,1e-05,0.0001,32,17,0.1630,0.8838,0.8260,0.8372,0.8135,nan,nan,nan,nan,0
none,cage,6,0,resnet,True,none,lr,1e-05,0.0001,32,18,0.1358,0.9311,0.8670,0.8372,0.8095,nan,nan,nan,nan,0
none,cage,6,0,resnet,True,none,lr,1e-05,0.0001,32,19,0.1212,1.0055,0.9137,0.8372,0.8016,nan,nan,nan,nan,0
none,cage,6,0,resnet,True,none,lr,1e-05,0.0001,32,20,0.1203,1.0665,0.9535,0.8372,0.7579,nan,nan,nan,nan,0
none,cage,6,0,resnet,True,none,lr,1e-05,0.0001,32,21,0.0986,0.9276,0.8860,0.8372,0.8611,nan,nan,nan,nan,0
none,cage,6,1,resnet,True,none,lr,1e-05,0.0001,32,1,0.7491,0.6875,0.6991,0.5116,0.5159,nan,nan,nan,nan,0
none,cage,6,1,resnet,True,none,lr,1e-05,0.0001,32,2,0.6762,0.6871,0.7009,0.5814,0.5040,nan,nan,nan,nan,0
none,cage,6,1,resnet,True,none,lr,1e-05,0.0001,32,3,0.6581,0.6827,0.6683,0.6977,0.5675,nan,nan,nan,nan,0
none,cage,6,1,resnet,True,none,lr,1e-05,0.0001,32,4,0.6221,0.6900,0.6806,0.7442,0.5278,nan,nan,nan,nan,0
none,cage,6,1,resnet,True,none,lr,1e-05,0.0001,32,5,0.5870,0.7041,0.6748,0.8140,0.5198,nan,nan,nan,nan,1
none,cage,6,1,resnet,True,none,lr,1e-05,0.0001,32,6,0.5515,0.6916,0.6543,0.8140,0.5833,nan,nan,nan,nan,1
none,cage,6,1,resnet,True,none,lr,1e-05,0.0001,32,7,0.5095,0.7114,0.6833,0.7674,0.5278,nan,nan,nan,nan,0
none,cage,6,1,resnet,True,none,lr,1e-05,0.0001,32,8,0.4691,0.7143,0.6957,0.7674,0.5556,nan,nan,nan,nan,0
none,cage,6,1,resnet,True,none,lr,1e-05,0.0001,32,9,0.4239,0.7289,0.7085,0.8140,0.5595,0.7998,0.7986,0.8049,0.3857,1
none,cage,6,1,resnet,True,none,lr,1e-05,0.0001,32,10,0.3798,0.7978,0.7302,0.7907,0.4921,nan,nan,nan,nan,0
none,cage,6,1,resnet,True,none,lr,1e-05,0.0001,32,11,0.3418,0.8247,0.7351,0.7907,0.5476,nan,nan,nan,nan,0
none,cage,6,1,resnet,True,none,lr,1e-05,0.0001,32,12,0.3092,0.8496,0.7978,0.8140,0.5238,nan,nan,nan,nan,0
none,cage,6,1,resnet,True,none,lr,1e-05,0.0001,32,13,0.2621,0.8830,0.8188,0.8140,0.5119,nan,nan,nan,nan,0
none,cage,6,1,resnet,True,none,lr,1e-05,0.0001,32,14,0.2337,0.9727,0.8315,0.8372,0.5635,nan,nan,nan,nan,0
none,cage,6,1,resnet,True,none,lr,1e-05,0.0001,32,15,0.2187,1.0451,0.8666,0.8372,0.4960,nan,nan,nan,nan,0
none,cage,6,1,resnet,True,none,lr,1e-05,0.0001,32,16,0.1876,1.0316,0.8482,0.8372,0.5635,nan,nan,nan,nan,0
none,cage,6,2,resnet,True,none,lr,1e-05,0.0001,32,1,0.7296,0.7097,0.6719,0.7381,0.3971,nan,nan,nan,nan,0
none,cage,6,2,resnet,True,none,lr,1e-05,0.0001,32,2,0.6827,0.7098,0.6826,0.6429,0.4154,nan,nan,nan,nan,0
none,cage,6,2,resnet,True,none,lr,1e-05,0.0001,32,3,0.6587,0.6929,0.6834,0.6905,0.5662,nan,nan,nan,nan,0
none,cage,6,2,resnet,True,none,lr,1e-05,0.0001,32,4,0.6152,0.7341,0.6957,0.6905,0.4412,nan,nan,nan,nan,0
none,cage,6,2,resnet,True,none,lr,1e-05,0.0001,32,5,0.5930,0.7051,0.7047,0.6667,0.5625,nan,nan,nan,nan,1
none,cage,6,2,resnet,True,none,lr,1e-05,0.0001,32,6,0.5453,0.7169,0.7028,0.6667,0.5809,nan,nan,nan,nan,1
none,cage,6,2,resnet,True,none,lr,1e-05,0.0001,32,7,0.5031,0.7704,0.7363,0.6905,0.4522,nan,nan,nan,nan,1
none,cage,6,2,resnet,True,none,lr,1e-05,0.0001,32,8,0.4703,0.7567,0.7363,0.7143,0.5331,nan,nan,nan,nan,0
none,cage,6,2,resnet,True,none,lr,1e-05,0.0001,32,9,0.4204,0.7533,0.7394,0.7619,0.6066,nan,nan,nan,nan,1
none,cage,6,2,resnet,True,none,lr,1e-05,0.0001,32,10,0.3759,0.8066,0.7960,0.7381,0.5441,nan,nan,nan,nan,0
none,cage,6,2,resnet,True,none,lr,1e-05,0.0001,32,11,0.3260,0.9005,0.8253,0.7857,0.5515,nan,nan,nan,nan,0
none,cage,6,2,resnet,True,none,lr,1e-05,0.0001,32,12,0.2925,0.9781,0.8396,0.8095,0.5221,nan,nan,nan,nan,0
none,cage,6,2,resnet,True,none,lr,1e-05,0.0001,32,13,0.2587,0.8975,0.8604,0.7619,0.5662,0.9421,0.8868,0.8537,0.3857,1
none,cage,6,2,resnet,True,none,lr,1e-05,0.0001,32,14,0.2214,1.0233,0.8992,0.7857,0.5846,nan,nan,nan,nan,0
none,cage,6,2,resnet,True,none,lr,1e-05,0.0001,32,15,0.1904,1.0020,0.9225,0.7857,0.5882,nan,nan,nan,nan,0
none,cage,6,2,resnet,True,none,lr,1e-05,0.0001,32,16,0.1683,1.2226,0.9902,0.8095,0.5074,nan,nan,nan,nan,0
none,cage,6,2,resnet,True,none,lr,1e-05,0.0001,32,17,0.1491,1.2760,1.0230,0.8095,0.4926,nan,nan,nan,nan,0
none,cage,6,2,resnet,True,none,lr,1e-05,0.0001,32,18,0.1270,1.3568,1.0583,0.8095,0.5294,nan,nan,nan,nan,0
none,cage,6,3,resnet,True,none,lr,1e-05,0.0001,32,1,0.7285,0.7068,0.7017,0.5714,0.3510,nan,nan,nan,nan,0
none,cage,6,3,resnet,True,none,lr,1e-05,0.0001,32,2,0.6930,0.7075,0.7053,0.5714,0.4408,nan,nan,nan,nan,0
none,cage,6,3,resnet,True,none,lr,1e-05,0.0001,32,3,0.6596,0.7083,0.7084,0.5476,0.3959,nan,nan,nan,nan,0
none,cage,6,3,resnet,True,none,lr,1e-05,0.0001,32,4,0.6320,0.7069,0.6980,0.5952,0.4612,nan,nan,nan,nan,0
none,cage,6,3,resnet,True,none,lr,1e-05,0.0001,32,5,0.5918,0.7004,0.6893,0.6190,0.4980,nan,nan,nan,nan,1
none,cage,6,3,resnet,True,none,lr,1e-05,0.0001,32,6,0.5624,0.7081,0.6728,0.7381,0.5510,nan,nan,nan,nan,1
none,cage,6,3,resnet,True,none,lr,1e-05,0.0001,32,7,0.5305,0.7080,0.6919,0.7619,0.5592,nan,nan,nan,nan,1
none,cage,6,3,resnet,True,none,lr,1e-05,0.0001,32,8,0.4884,0.6895,0.6872,0.7143,0.6245,nan,nan,nan,nan,1
none,cage,6,3,resnet,True,none,lr,1e-05,0.0001,32,9,0.4444,0.7303,0.7140,0.7857,0.5102,nan,nan,nan,nan,1
none,cage,6,3,resnet,True,none,lr,1e-05,0.0001,32,10,0.4062,0.7340,0.7209,0.7857,0.5592,0.7924,0.7498,0.8049,0.4952,1
none,cage,6,3,resnet,True,none,lr,1e-05,0.0001,32,11,0.3598,0.8189,0.7458,0.8333,0.5755,nan,nan,nan,nan,0
none,cage,6,3,resnet,True,none,lr,1e-05,0.0001,32,12,0.3101,0.8640,0.7743,0.8333,0.5184,nan,nan,nan,nan,0
none,cage,6,3,resnet,True,none,lr,1e-05,0.0001,32,13,0.2932,0.8449,0.8121,0.7857,0.5714,nan,nan,nan,nan,0
none,cage,6,3,resnet,True,none,lr,1e-05,0.0001,32,14,0.2490,0.9441,0.8431,0.8333,0.5510,nan,nan,nan,nan,0
none,cage,6,3,resnet,True,none,lr,1e-05,0.0001,32,15,0.2238,0.9909,0.8988,0.8095,0.5306,nan,nan,nan,nan,0
none,cage,6,3,resnet,True,none,lr,1e-05,0.0001,32,16,0.1870,1.0681,0.9265,0.8333,0.5306,nan,nan,nan,nan,0
none,cage,6,4,resnet,True,none,lr,1e-05,0.0001,32,1,0.7442,0.7074,0.7173,0.4419,0.4107,nan,nan,nan,nan,0
none,cage,6,4,resnet,True,none,lr,1e-05,0.0001,32,2,0.6898,0.7063,0.6891,0.7674,0.4857,nan,nan,nan,nan,0
none,cage,6,4,resnet,True,none,lr,1e-05,0.0001,32,3,0.6530,0.7102,0.7078,0.6047,0.4643,nan,nan,nan,nan,0
none,cage,6,4,resnet,True,none,lr,1e-05,0.0001,32,4,0.6257,0.6991,0.6977,0.6744,0.5214,nan,nan,nan,nan,0
none,cage,6,4,resnet,True,none,lr,1e-05,0.0001,32,5,0.5947,0.7066,0.7135,0.6977,0.5679,nan,nan,nan,nan,1
none,cage,6,4,resnet,True,none,lr,1e-05,0.0001,32,6,0.5628,0.7104,0.7235,0.7209,0.5679,nan,nan,nan,nan,1
none,cage,6,4,resnet,True,none,lr,1e-05,0.0001,32,7,0.5182,0.7519,0.7347,0.7674,0.5643,nan,nan,nan,nan,1
none,cage,6,4,resnet,True,none,lr,1e-05,0.0001,32,8,0.4747,0.7309,0.7478,0.7674,0.6643,nan,nan,nan,nan,1
none,cage,6,4,resnet,True,none,lr,1e-05,0.0001,32,9,0.4366,0.7583,0.7678,0.7674,0.6250,nan,nan,nan,nan,1
none,cage,6,4,resnet,True,none,lr,1e-05,0.0001,32,10,0.3834,0.7717,0.7873,0.7907,0.6786,nan,nan,nan,nan,1
none,cage,6,4,resnet,True,none,lr,1e-05,0.0001,32,11,0.3451,0.7460,0.7983,0.7907,0.6893,nan,nan,nan,nan,1
none,cage,6,4,resnet,True,none,lr,1e-05,0.0001,32,12,0.3043,0.8426,0.8382,0.7907,0.6464,0.8906,0.8169,0.8537,0.5381,1
none,cage,6,4,resnet,True,none,lr,1e-05,0.0001,32,13,0.2753,0.9014,0.9184,0.7674,0.6607,nan,nan,nan,nan,0
none,cage,6,4,resnet,True,none,lr,1e-05,0.0001,32,14,0.2413,0.9355,0.9399,0.7907,0.6357,nan,nan,nan,nan,0
none,cage,6,4,resnet,True,none,lr,1e-05,0.0001,32,15,0.2196,0.9769,0.9803,0.7674,0.6571,nan,nan,nan,nan,0
none,cage,6,4,resnet,True,none,lr,1e-05,0.0001,32,16,0.1856,0.9924,0.9844,0.8140,0.7000,nan,nan,nan,nan,0
none,cage,6,4,resnet,True,none,lr,1e-05,0.0001,32,17,0.1585,1.1690,1.1322,0.7907,0.6107,nan,nan,nan,nan,0
none,cage,6,5,resnet,True,none,lr,1e-05,0.0001,32,1,0.7795,0.7293,0.6843,0.7750,0.3871,nan,nan,nan,nan,0
none,cage,6,5,resnet,True,none,lr,1e-05,0.0001,32,2,0.6835,0.7132,0.7006,0.6250,0.4910,nan,nan,nan,nan,0
none,cage,6,5,resnet,True,none,lr,1e-05,0.0001,32,3,0.6592,0.7384,0.7090,0.7000,0.4301,nan,nan,nan,nan,0
none,cage,6,5,resnet,True,none,lr,1e-05,0.0001,32,4,0.6265,0.7109,0.6971,0.6250,0.5950,nan,nan,nan,nan,0
none,cage,6,5,resnet,True,none,lr,1e-05,0.0001,32,5,0.5909,0.7719,0.6986,0.6750,0.5054,nan,nan,nan,nan,1
none,cage,6,5,resnet,True,none,lr,1e-05,0.0001,32,6,0.5530,0.7610,0.7160,0.6000,0.4839,0.6933,0.6699,0.7561,0.5571,1
none,cage,6,5,resnet,True,none,lr,1e-05,0.0001,32,7,0.5157,0.8112,0.7257,0.7000,0.4803,nan,nan,nan,nan,0
none,cage,6,5,resnet,True,none,lr,1e-05,0.0001,32,8,0.4767,0.8878,0.7707,0.7250,0.4122,nan,nan,nan,nan,0
none,cage,6,5,resnet,True,none,lr,1e-05,0.0001,32,9,0.4373,0.8811,0.7767,0.6250,0.4588,nan,nan,nan,nan,0
none,cage,6,5,resnet,True,none,lr,1e-05,0.0001,32,10,0.3965,0.9614,0.8250,0.7000,0.4373,nan,nan,nan,nan,0
none,cage,6,5,resnet,True,none,lr,1e-05,0.0001,32,11,0.3544,1.0378,0.8543,0.7250,0.4158,nan,nan,nan,nan,0
none,cage,6,5,resnet,True,none,lr,1e-05,0.0001,32,12,0.3067,1.1326,0.9038,0.7000,0.4050,nan,nan,nan,nan,0
none,cage,6,5,resnet,True,none,lr,1e-05,0.0001,32,13,0.2695,1.2404,0.9771,0.7250,0.3978,nan,nan,nan,nan,0
none,cage,6,5,resnet,True,none,lr,1e-05,0.0001,32,14,0.2453,1.3438,1.0238,0.7750,0.3763,nan,nan,nan,nan,0
none,cage,6,5,resnet,True,none,lr,1e-05,0.0001,32,15,0.2010,1.3797,1.0288,0.7500,0.4265,nan,nan,nan,nan,0
none,cage,6,5,resnet,True,none,lr,1e-05,0.0001,32,16,0.1810,1.4368,1.0698,0.7750,0.4229,nan,nan,nan,nan,0
