fusion,dataset,test_set,dev_set,arch,use_pretrained,augmentation,speech_encoder_arch,lr,wd,batch_size,epoch,train_loss,dev_loss_patient,dev_loss_cough,dev_acc,dev_auc,test_loss_patient,test_loss_cough,test_acc,test_auc,is_best
none,cage,0,1,resnet,True,solarisation,lr,0.0001,0.0001,32,1,0.7140,0.7009,0.6606,0.7674,0.4484,nan,nan,nan,nan,0
none,cage,0,1,resnet,True,solarisation,lr,0.0001,0.0001,32,2,0.6280,0.7344,0.6178,0.8372,0.4643,nan,nan,nan,nan,0
none,cage,0,1,resnet,True,solarisation,lr,0.0001,0.0001,32,3,0.4865,1.1194,0.6977,0.8372,0.4722,nan,nan,nan,nan,0
none,cage,0,1,resnet,True,solarisation,lr,0.0001,0.0001,32,4,0.3199,1.1471,0.7489,0.8372,0.4881,nan,nan,nan,nan,0
none,cage,0,1,resnet,True,solarisation,lr,0.0001,0.0001,32,5,0.1790,2.0800,1.1838,0.8372,0.4643,nan,nan,nan,nan,1
none,cage,0,1,resnet,True,solarisation,lr,0.0001,0.0001,32,6,0.1262,3.3387,1.8416,0.8372,0.4802,nan,nan,nan,nan,1
none,cage,0,1,resnet,True,solarisation,lr,0.0001,0.0001,32,7,0.0744,3.1123,1.7307,0.8372,0.5437,2.9164,1.8680,0.8372,0.7183,1
none,cage,0,1,resnet,True,solarisation,lr,0.0001,0.0001,32,8,0.0579,4.8558,2.6817,0.8372,0.4603,nan,nan,nan,nan,0
none,cage,0,1,resnet,True,solarisation,lr,0.0001,0.0001,32,9,0.0740,3.5146,1.9257,0.8372,0.4921,nan,nan,nan,nan,0
none,cage,0,1,resnet,True,solarisation,lr,0.0001,0.0001,32,10,0.0412,4.1269,2.2673,0.8372,0.4444,nan,nan,nan,nan,0
none,cage,0,1,resnet,True,solarisation,lr,0.0001,0.0001,32,11,0.0190,3.3582,1.8468,0.8372,0.4286,nan,nan,nan,nan,0
none,cage,0,1,resnet,True,solarisation,lr,0.0001,0.0001,32,12,0.0111,3.5201,1.9342,0.8372,0.3968,nan,nan,nan,nan,0
none,cage,0,1,resnet,True,solarisation,lr,0.0001,0.0001,32,13,0.0251,3.3506,1.8299,0.8372,0.4087,nan,nan,nan,nan,0
none,cage,0,1,resnet,True,solarisation,lr,0.0001,0.0001,32,14,0.0813,5.7626,3.1775,0.8372,0.4405,nan,nan,nan,nan,0
none,cage,0,1,resnet,True,solarisation,lr,0.0001,0.0001,32,15,0.0953,5.9615,3.2478,0.8372,0.4325,nan,nan,nan,nan,0
none,cage,0,1,resnet,True,solarisation,lr,0.0001,0.0001,32,16,0.0282,6.1723,3.3865,0.8372,0.4444,nan,nan,nan,nan,0
none,cage,0,2,resnet,True,solarisation,lr,0.0001,0.0001,32,1,0.7248,0.7062,0.6971,0.5238,0.3860,nan,nan,nan,nan,0
none,cage,0,2,resnet,True,solarisation,lr,0.0001,0.0001,32,2,0.6217,0.7252,0.6766,0.7857,0.3088,nan,nan,nan,nan,0
none,cage,0,2,resnet,True,solarisation,lr,0.0001,0.0001,32,3,0.4981,0.8328,0.6755,0.8095,0.2794,nan,nan,nan,nan,0
none,cage,0,2,resnet,True,solarisation,lr,0.0001,0.0001,32,4,0.3328,1.3178,0.8499,0.8095,0.4596,nan,nan,nan,nan,0
none,cage,0,2,resnet,True,solarisation,lr,0.0001,0.0001,32,5,0.2138,0.7767,0.9149,0.5000,0.4632,nan,nan,nan,nan,1
none,cage,0,2,resnet,True,solarisation,lr,0.0001,0.0001,32,6,0.1417,1.2729,0.9706,0.7857,0.3971,nan,nan,nan,nan,0
none,cage,0,2,resnet,True,solarisation,lr,0.0001,0.0001,32,7,0.0874,1.0637,1.5357,0.2381,0.4007,nan,nan,nan,nan,1
none,cage,0,2,resnet,True,solarisation,lr,0.0001,0.0001,32,8,0.0659,1.4841,1.2184,0.7619,0.3199,nan,nan,nan,nan,1
none,cage,0,2,resnet,True,solarisation,lr,0.0001,0.0001,32,9,0.0430,1.3179,1.0289,0.7857,0.3162,nan,nan,nan,nan,0
none,cage,0,2,resnet,True,solarisation,lr,0.0001,0.0001,32,10,0.0508,4.4277,2.5140,0.8095,0.4228,nan,nan,nan,nan,0
none,cage,0,2,resnet,True,solarisation,lr,0.0001,0.0001,32,11,0.0501,3.5391,2.0225,0.8095,0.4228,nan,nan,nan,nan,0
none,cage,0,2,resnet,True,solarisation,lr,0.0001,0.0001,32,12,0.0188,2.2068,1.3813,0.8095,0.4118,nan,nan,nan,nan,0
none,cage,0,2,resnet,True,solarisation,lr,0.0001,0.0001,32,13,0.0199,3.1727,1.8318,0.8095,0.4485,nan,nan,nan,nan,0
none,cage,0,2,resnet,True,solarisation,lr,0.0001,0.0001,32,14,0.0343,4.1991,2.3614,0.8095,0.4963,nan,nan,nan,nan,1
none,cage,0,2,resnet,True,solarisation,lr,0.0001,0.0001,32,15,0.0694,2.4458,1.4392,0.8095,0.4853,nan,nan,nan,nan,1
none,cage,0,2,resnet,True,solarisation,lr,0.0001,0.0001,32,16,0.0343,4.4065,2.5012,0.8095,0.5257,nan,nan,nan,nan,1
none,cage,0,2,resnet,True,solarisation,lr,0.0001,0.0001,32,17,0.0245,1.8935,1.2458,0.8095,0.5074,nan,nan,nan,nan,1
none,cage,0,2,resnet,True,solarisation,lr,0.0001,0.0001,32,18,0.0148,5.0949,2.8750,0.8095,0.5000,nan,nan,nan,nan,1
none,cage,0,2,resnet,True,solarisation,lr,0.0001,0.0001,32,19,0.0137,3.9896,2.2771,0.8095,0.4816,nan,nan,nan,nan,0
none,cage,0,2,resnet,True,solarisation,lr,0.0001,0.0001,32,20,0.0652,3.6393,2.0481,0.8095,0.5441,3.9364,2.4371,0.8372,0.4365,1
none,cage,0,2,resnet,True,solarisation,lr,0.0001,0.0001,32,21,0.0764,6.2486,3.4925,0.8095,0.5257,nan,nan,nan,nan,0
none,cage,0,2,resnet,True,solarisation,lr,0.0001,0.0001,32,22,0.0243,5.2504,2.9336,0.8095,0.5000,nan,nan,nan,nan,0
none,cage,0,2,resnet,True,solarisation,lr,0.0001,0.0001,32,23,0.0067,5.2424,2.9295,0.8095,0.5037,nan,nan,nan,nan,0
none,cage,0,2,resnet,True,solarisation,lr,0.0001,0.0001,32,24,0.0090,2.9348,1.7459,0.8095,0.4816,nan,nan,nan,nan,0
none,cage,0,2,resnet,True,solarisation,lr,0.0001,0.0001,32,25,0.0051,5.5892,3.1024,0.8095,0.5000,nan,nan,nan,nan,0
none,cage,0,3,resnet,True,solarisation,lr,0.0001,0.0001,32,1,0.7284,0.6851,0.6611,0.8333,0.6082,nan,nan,nan,nan,0
none,cage,0,3,resnet,True,solarisation,lr,0.0001,0.0001,32,2,0.6410,0.7414,0.8730,0.1667,0.6082,nan,nan,nan,nan,0
none,cage,0,3,resnet,True,solarisation,lr,0.0001,0.0001,32,3,0.5204,0.6963,0.6075,0.8095,0.7388,nan,nan,nan,nan,0
none,cage,0,3,resnet,True,solarisation,lr,0.0001,0.0001,32,4,0.3672,0.9846,0.6897,0.8333,0.8163,nan,nan,nan,nan,0
none,cage,0,3,resnet,True,solarisation,lr,0.0001,0.0001,32,5,0.2098,1.7495,1.1714,0.8333,0.6939,nan,nan,nan,nan,1
none,cage,0,3,resnet,True,solarisation,lr,0.0001,0.0001,32,6,0.1484,1.8872,1.2273,0.8333,0.6408,nan,nan,nan,nan,1
none,cage,0,3,resnet,True,solarisation,lr,0.0001,0.0001,32,7,0.0850,2.8947,1.7713,0.8333,0.7592,2.9801,1.8583,0.8372,0.6270,1
none,cage,0,3,resnet,True,solarisation,lr,0.0001,0.0001,32,8,0.0661,2.5037,1.6048,0.8333,0.5918,nan,nan,nan,nan,0
none,cage,0,3,resnet,True,solarisation,lr,0.0001,0.0001,32,9,0.0485,4.2428,2.5947,0.8333,0.6980,nan,nan,nan,nan,0
none,cage,0,3,resnet,True,solarisation,lr,0.0001,0.0001,32,10,0.0248,5.3234,3.2971,0.8333,0.6490,nan,nan,nan,nan,0
none,cage,0,3,resnet,True,solarisation,lr,0.0001,0.0001,32,11,0.0316,5.1847,3.2143,0.8333,0.6122,nan,nan,nan,nan,0
none,cage,0,3,resnet,True,solarisation,lr,0.0001,0.0001,32,12,0.0550,4.0015,2.5116,0.8333,0.5918,nan,nan,nan,nan,0
none,cage,0,3,resnet,True,solarisation,lr,0.0001,0.0001,32,13,0.0746,1.7851,2.0967,0.7619,0.5837,nan,nan,nan,nan,0
none,cage,0,3,resnet,True,solarisation,lr,0.0001,0.0001,32,14,0.0421,4.1475,2.5698,0.8333,0.7510,nan,nan,nan,nan,0
none,cage,0,3,resnet,True,solarisation,lr,0.0001,0.0001,32,15,0.0246,5.7412,3.5695,0.8333,0.7306,nan,nan,nan,nan,0
none,cage,0,3,resnet,True,solarisation,lr,0.0001,0.0001,32,16,0.0525,5.8836,3.6891,0.8333,0.7061,nan,nan,nan,nan,0
none,cage,0,4,resnet,True,solarisation,lr,0.0001,0.0001,32,1,0.7476,0.7052,0.7230,0.2558,0.4286,nan,nan,nan,nan,0
none,cage,0,4,resnet,True,solarisation,lr,0.0001,0.0001,32,2,0.6418,0.7373,0.7676,0.3721,0.3464,nan,nan,nan,nan,0
none,cage,0,4,resnet,True,solarisation,lr,0.0001,0.0001,32,3,0.5122,0.9142,0.8288,0.8140,0.2893,nan,nan,nan,nan,0
none,cage,0,4,resnet,True,solarisation,lr,0.0001,0.0001,32,4,0.3507,0.8836,0.8434,0.7907,0.2786,nan,nan,nan,nan,0
none,cage,0,4,resnet,True,solarisation,lr,0.0001,0.0001,32,5,0.2083,2.9518,2.1546,0.8140,0.2964,nan,nan,nan,nan,1
none,cage,0,4,resnet,True,solarisation,lr,0.0001,0.0001,32,6,0.1385,2.6914,2.0211,0.8140,0.3036,nan,nan,nan,nan,0
none,cage,0,4,resnet,True,solarisation,lr,0.0001,0.0001,32,7,0.1054,1.3295,1.2893,0.6744,0.2571,nan,nan,nan,nan,0
none,cage,0,4,resnet,True,solarisation,lr,0.0001,0.0001,32,8,0.0644,4.1075,3.0047,0.8140,0.2750,nan,nan,nan,nan,0
none,cage,0,4,resnet,True,solarisation,lr,0.0001,0.0001,32,9,0.0560,3.4230,2.6044,0.8140,0.3143,nan,nan,nan,nan,0
none,cage,0,4,resnet,True,solarisation,lr,0.0001,0.0001,32,10,0.0363,4.0515,3.0055,0.8140,0.3786,nan,nan,nan,nan,0
none,cage,0,4,resnet,True,solarisation,lr,0.0001,0.0001,32,11,0.0309,4.0698,2.9912,0.8140,0.3179,nan,nan,nan,nan,0
none,cage,0,4,resnet,True,solarisation,lr,0.0001,0.0001,32,12,0.0223,4.6050,3.4519,0.8140,0.3893,nan,nan,nan,nan,1
none,cage,0,4,resnet,True,solarisation,lr,0.0001,0.0001,32,13,0.0633,3.8014,2.8914,0.8140,0.3179,nan,nan,nan,nan,1
none,cage,0,4,resnet,True,solarisation,lr,0.0001,0.0001,32,14,0.0339,5.7916,4.2038,0.8140,0.3321,nan,nan,nan,nan,0
none,cage,0,4,resnet,True,solarisation,lr,0.0001,0.0001,32,15,0.0416,10.2493,7.4609,0.8140,0.4071,9.8712,6.0756,0.8372,0.4563,1
none,cage,0,4,resnet,True,solarisation,lr,0.0001,0.0001,32,16,0.0432,6.2941,4.4982,0.8140,0.3429,nan,nan,nan,nan,0
none,cage,0,4,resnet,True,solarisation,lr,0.0001,0.0001,32,17,0.0204,9.3635,6.6806,0.8140,0.2750,nan,nan,nan,nan,0
none,cage,0,4,resnet,True,solarisation,lr,0.0001,0.0001,32,18,0.0256,5.6132,4.0925,0.8140,0.2500,nan,nan,nan,nan,0
none,cage,0,4,resnet,True,solarisation,lr,0.0001,0.0001,32,19,0.0368,6.8359,4.7476,0.8140,0.2571,nan,nan,nan,nan,0
none,cage,0,4,resnet,True,solarisation,lr,0.0001,0.0001,32,20,0.0716,10.4676,7.4895,0.8140,0.3071,nan,nan,nan,nan,0
none,cage,0,5,resnet,True,solarisation,lr,0.0001,0.0001,32,1,0.7245,0.6969,0.7817,0.2250,0.3513,nan,nan,nan,nan,0
none,cage,0,5,resnet,True,solarisation,lr,0.0001,0.0001,32,2,0.6169,0.7361,0.7964,0.2750,0.3011,nan,nan,nan,nan,0
none,cage,0,5,resnet,True,solarisation,lr,0.0001,0.0001,32,3,0.4788,0.8199,0.8619,0.3750,0.3190,nan,nan,nan,nan,0
none,cage,0,5,resnet,True,solarisation,lr,0.0001,0.0001,32,4,0.3199,1.4642,1.1269,0.7250,0.3011,nan,nan,nan,nan,0
none,cage,0,5,resnet,True,solarisation,lr,0.0001,0.0001,32,5,0.1944,1.0480,1.0280,0.6250,0.3262,nan,nan,nan,nan,1
none,cage,0,5,resnet,True,solarisation,lr,0.0001,0.0001,32,6,0.1141,1.1288,1.3615,0.5000,0.3728,nan,nan,nan,nan,0
none,cage,0,5,resnet,True,solarisation,lr,0.0001,0.0001,32,7,0.0844,1.2803,1.2039,0.7250,0.3548,nan,nan,nan,nan,1
none,cage,0,5,resnet,True,solarisation,lr,0.0001,0.0001,32,8,0.0685,3.5338,2.2778,0.7750,0.3763,nan,nan,nan,nan,1
none,cage,0,5,resnet,True,solarisation,lr,0.0001,0.0001,32,9,0.0714,4.7371,3.0551,0.7750,0.3477,nan,nan,nan,nan,1
none,cage,0,5,resnet,True,solarisation,lr,0.0001,0.0001,32,10,0.0681,6.7726,4.2893,0.7750,0.3835,4.9564,3.1563,0.8372,0.5516,1
none,cage,0,5,resnet,True,solarisation,lr,0.0001,0.0001,32,11,0.0141,6.3762,4.0277,0.7750,0.3405,nan,nan,nan,nan,0
none,cage,0,5,resnet,True,solarisation,lr,0.0001,0.0001,32,12,0.0118,4.6437,3.0053,0.7750,0.3692,nan,nan,nan,nan,0
none,cage,0,5,resnet,True,solarisation,lr,0.0001,0.0001,32,13,0.0154,5.3803,3.4560,0.7750,0.3118,nan,nan,nan,nan,0
none,cage,0,5,resnet,True,solarisation,lr,0.0001,0.0001,32,14,0.0171,4.6773,3.0981,0.7750,0.3011,nan,nan,nan,nan,0
none,cage,0,5,resnet,True,solarisation,lr,0.0001,0.0001,32,15,0.0297,3.4685,2.7372,0.7000,0.3656,nan,nan,nan,nan,0
none,cage,0,5,resnet,True,solarisation,lr,0.0001,0.0001,32,16,0.0951,13.2492,8.3764,0.7750,0.3118,nan,nan,nan,nan,0
none,cage,0,6,resnet,True,solarisation,lr,0.0001,0.0001,32,1,0.7331,0.6992,0.7042,0.5122,0.4190,nan,nan,nan,nan,0
none,cage,0,6,resnet,True,solarisation,lr,0.0001,0.0001,32,2,0.6330,0.7823,0.7347,0.7317,0.3286,nan,nan,nan,nan,0
none,cage,0,6,resnet,True,solarisation,lr,0.0001,0.0001,32,3,0.5199,1.0308,0.7882,0.8537,0.3524,nan,nan,nan,nan,0
none,cage,0,6,resnet,True,solarisation,lr,0.0001,0.0001,32,4,0.3513,2.7050,1.7300,0.8537,0.3905,nan,nan,nan,nan,0
none,cage,0,6,resnet,True,solarisation,lr,0.0001,0.0001,32,5,0.2218,2.5065,1.6890,0.8537,0.4667,nan,nan,nan,nan,1
none,cage,0,6,resnet,True,solarisation,lr,0.0001,0.0001,32,6,0.1400,2.6427,1.7166,0.8537,0.4429,nan,nan,nan,nan,0
none,cage,0,6,resnet,True,solarisation,lr,0.0001,0.0001,32,7,0.0847,3.6393,2.2900,0.8537,0.4619,3.6055,2.2814,0.8372,0.6230,1
none,cage,0,6,resnet,True,solarisation,lr,0.0001,0.0001,32,8,0.0918,1.7993,1.3449,0.8537,0.3571,nan,nan,nan,nan,0
none,cage,0,6,resnet,True,solarisation,lr,0.0001,0.0001,32,9,0.0511,2.7961,1.9637,0.8537,0.3857,nan,nan,nan,nan,0
none,cage,0,6,resnet,True,solarisation,lr,0.0001,0.0001,32,10,0.0437,4.9386,3.1592,0.8537,0.3667,nan,nan,nan,nan,0
none,cage,0,6,resnet,True,solarisation,lr,0.0001,0.0001,32,11,0.0353,4.0789,2.6354,0.8537,0.4048,nan,nan,nan,nan,0
none,cage,0,6,resnet,True,solarisation,lr,0.0001,0.0001,32,12,0.0367,5.8461,3.7241,0.8537,0.4190,nan,nan,nan,nan,0
none,cage,0,6,resnet,True,solarisation,lr,0.0001,0.0001,32,13,0.0329,4.8180,3.0278,0.8537,0.4000,nan,nan,nan,nan,0
none,cage,0,6,resnet,True,solarisation,lr,0.0001,0.0001,32,14,0.0364,5.0196,3.3035,0.8537,0.3571,nan,nan,nan,nan,0
none,cage,0,6,resnet,True,solarisation,lr,0.0001,0.0001,32,15,0.0299,2.3506,1.5236,0.8537,0.4810,nan,nan,nan,nan,0
none,cage,0,6,resnet,True,solarisation,lr,0.0001,0.0001,32,16,0.0562,3.9091,2.5738,0.8537,0.3619,nan,nan,nan,nan,0
none,cage,0,7,resnet,True,solarisation,lr,0.0001,0.0001,32,1,0.7275,0.6970,0.7447,0.1818,0.4965,nan,nan,nan,nan,0
none,cage,0,7,resnet,True,solarisation,lr,0.0001,0.0001,32,2,0.6558,0.7027,0.7413,0.1818,0.4479,nan,nan,nan,nan,0
none,cage,0,7,resnet,True,solarisation,lr,0.0001,0.0001,32,3,0.5365,0.8261,0.6147,0.8182,0.5347,nan,nan,nan,nan,0
none,cage,0,7,resnet,True,solarisation,lr,0.0001,0.0001,32,4,0.3531,0.7278,0.7056,0.6591,0.5347,nan,nan,nan,nan,0
none,cage,0,7,resnet,True,solarisation,lr,0.0001,0.0001,32,5,0.2239,0.7742,0.9018,0.2955,0.4792,nan,nan,nan,nan,1
none,cage,0,7,resnet,True,solarisation,lr,0.0001,0.0001,32,6,0.1171,1.0365,0.8131,0.7955,0.6111,nan,nan,nan,nan,1
none,cage,0,7,resnet,True,solarisation,lr,0.0001,0.0001,32,7,0.1191,1.0904,0.8630,0.8182,0.5625,nan,nan,nan,nan,1
none,cage,0,7,resnet,True,solarisation,lr,0.0001,0.0001,32,8,0.0674,1.4625,1.0974,0.7955,0.5382,nan,nan,nan,nan,0
none,cage,0,7,resnet,True,solarisation,lr,0.0001,0.0001,32,9,0.0591,2.5839,1.4885,0.8182,0.5729,nan,nan,nan,nan,1
none,cage,0,7,resnet,True,solarisation,lr,0.0001,0.0001,32,10,0.0433,3.2716,1.8157,0.8182,0.5660,nan,nan,nan,nan,1
none,cage,0,7,resnet,True,solarisation,lr,0.0001,0.0001,32,11,0.0214,2.6280,1.4460,0.8182,0.6771,nan,nan,nan,nan,1
none,cage,0,7,resnet,True,solarisation,lr,0.0001,0.0001,32,12,0.0146,1.8260,1.1710,0.8182,0.6354,nan,nan,nan,nan,1
none,cage,0,7,resnet,True,solarisation,lr,0.0001,0.0001,32,13,0.0304,2.2735,1.3769,0.8182,0.5694,nan,nan,nan,nan,1
none,cage,0,7,resnet,True,solarisation,lr,0.0001,0.0001,32,14,0.0189,4.5795,2.5150,0.8182,0.6076,4.4347,2.8077,0.8372,0.6071,1
none,cage,0,7,resnet,True,solarisation,lr,0.0001,0.0001,32,15,0.0640,1.2876,0.9306,0.8182,0.5764,nan,nan,nan,nan,0
none,cage,0,7,resnet,True,solarisation,lr,0.0001,0.0001,32,16,0.0973,3.5905,1.8856,0.8182,0.4896,nan,nan,nan,nan,0
none,cage,0,7,resnet,True,solarisation,lr,0.0001,0.0001,32,17,0.0358,2.2465,1.3605,0.8182,0.4965,nan,nan,nan,nan,0
none,cage,0,7,resnet,True,solarisation,lr,0.0001,0.0001,32,18,0.0364,1.4486,1.6781,0.7727,0.4583,nan,nan,nan,nan,0
none,cage,0,7,resnet,True,solarisation,lr,0.0001,0.0001,32,19,0.0123,2.6117,1.7299,0.7955,0.4340,nan,nan,nan,nan,0
none,cage,0,8,resnet,True,solarisation,lr,0.0001,0.0001,32,1,0.7199,0.7138,0.7979,0.1702,0.5096,nan,nan,nan,nan,0
none,cage,0,8,resnet,True,solarisation,lr,0.0001,0.0001,32,2,0.6354,0.6910,0.6654,0.5957,0.5096,nan,nan,nan,nan,0
none,cage,0,8,resnet,True,solarisation,lr,0.0001,0.0001,32,3,0.5119,0.7398,0.8910,0.2128,0.5962,nan,nan,nan,nan,0
none,cage,0,8,resnet,True,solarisation,lr,0.0001,0.0001,32,4,0.3546,0.6993,0.7808,0.5319,0.5769,nan,nan,nan,nan,0
none,cage,0,8,resnet,True,solarisation,lr,0.0001,0.0001,32,5,0.2038,0.8979,0.7524,0.7660,0.5641,nan,nan,nan,nan,1
none,cage,0,8,resnet,True,solarisation,lr,0.0001,0.0001,32,6,0.1301,1.5041,0.8755,0.8298,0.5449,nan,nan,nan,nan,1
none,cage,0,8,resnet,True,solarisation,lr,0.0001,0.0001,32,7,0.0686,3.4126,1.8824,0.8298,0.5801,3.2857,2.2062,0.8372,0.6746,1
none,cage,0,8,resnet,True,solarisation,lr,0.0001,0.0001,32,8,0.0524,2.9345,1.7141,0.8511,0.5481,nan,nan,nan,nan,0
none,cage,0,8,resnet,True,solarisation,lr,0.0001,0.0001,32,9,0.0523,5.3928,2.9658,0.8298,0.5256,nan,nan,nan,nan,0
none,cage,0,8,resnet,True,solarisation,lr,0.0001,0.0001,32,10,0.0513,2.5637,1.4706,0.8511,0.5256,nan,nan,nan,nan,0
none,cage,0,8,resnet,True,solarisation,lr,0.0001,0.0001,32,11,0.0849,4.9321,2.6754,0.8298,0.5705,nan,nan,nan,nan,0
none,cage,0,8,resnet,True,solarisation,lr,0.0001,0.0001,32,12,0.0408,4.0579,2.2487,0.8298,0.5288,nan,nan,nan,nan,0
none,cage,0,8,resnet,True,solarisation,lr,0.0001,0.0001,32,13,0.0366,5.3551,2.9142,0.8298,0.5321,nan,nan,nan,nan,0
none,cage,0,8,resnet,True,solarisation,lr,0.0001,0.0001,32,14,0.0238,6.2089,3.2747,0.8298,0.5321,nan,nan,nan,nan,0
none,cage,0,8,resnet,True,solarisation,lr,0.0001,0.0001,32,15,0.0197,4.4788,2.4527,0.8298,0.5737,nan,nan,nan,nan,0
none,cage,0,8,resnet,True,solarisation,lr,0.0001,0.0001,32,16,0.0188,4.7943,2.6057,0.8298,0.5865,nan,nan,nan,nan,0
none,cage,0,9,resnet,True,solarisation,lr,0.0001,0.0001,32,1,0.7254,0.6937,0.7349,0.2143,0.3333,nan,nan,nan,nan,0
none,cage,0,9,resnet,True,solarisation,lr,0.0001,0.0001,32,2,0.6430,0.7626,0.6668,0.7619,0.4007,nan,nan,nan,nan,0
none,cage,0,9,resnet,True,solarisation,lr,0.0001,0.0001,32,3,0.5173,0.8724,0.6816,0.7381,0.4209,nan,nan,nan,nan,0
none,cage,0,9,resnet,True,solarisation,lr,0.0001,0.0001,32,4,0.3380,1.1720,0.7778,0.7857,0.5017,nan,nan,nan,nan,0
none,cage,0,9,resnet,True,solarisation,lr,0.0001,0.0001,32,5,0.2076,1.8558,1.1067,0.7857,0.3737,nan,nan,nan,nan,1
none,cage,0,9,resnet,True,solarisation,lr,0.0001,0.0001,32,6,0.1314,1.9639,1.2068,0.7857,0.4949,nan,nan,nan,nan,1
none,cage,0,9,resnet,True,solarisation,lr,0.0001,0.0001,32,7,0.0818,2.2471,1.3387,0.7857,0.4983,nan,nan,nan,nan,1
none,cage,0,9,resnet,True,solarisation,lr,0.0001,0.0001,32,8,0.0429,2.9940,1.7477,0.7857,0.5185,nan,nan,nan,nan,1
none,cage,0,9,resnet,True,solarisation,lr,0.0001,0.0001,32,9,0.0367,2.3712,1.3928,0.7857,0.5825,nan,nan,nan,nan,1
none,cage,0,9,resnet,True,solarisation,lr,0.0001,0.0001,32,10,0.0284,3.1802,1.8143,0.7857,0.4848,2.6343,1.7604,0.8372,0.6944,1
none,cage,0,9,resnet,True,solarisation,lr,0.0001,0.0001,32,11,0.0555,0.9435,1.0309,0.5714,0.4478,nan,nan,nan,nan,0
none,cage,0,9,resnet,True,solarisation,lr,0.0001,0.0001,32,12,0.0807,1.7949,1.1380,0.7857,0.4646,nan,nan,nan,nan,0
none,cage,0,9,resnet,True,solarisation,lr,0.0001,0.0001,32,13,0.0455,3.7406,2.0929,0.7857,0.5623,nan,nan,nan,nan,0
none,cage,0,9,resnet,True,solarisation,lr,0.0001,0.0001,32,14,0.0223,2.6783,1.6236,0.7857,0.5253,nan,nan,nan,nan,0
none,cage,0,9,resnet,True,solarisation,lr,0.0001,0.0001,32,15,0.0353,3.8062,2.2028,0.7857,0.4983,nan,nan,nan,nan,0
none,cage,0,9,resnet,True,solarisation,lr,0.0001,0.0001,32,16,0.0290,4.6304,2.6191,0.7857,0.5219,nan,nan,nan,nan,0
none,cage,1,0,resnet,True,solarisation,lr,0.0001,0.0001,32,1,0.7304,0.6963,0.7099,0.2093,0.5516,nan,nan,nan,nan,0
none,cage,1,0,resnet,True,solarisation,lr,0.0001,0.0001,32,2,0.6432,0.8221,0.6557,0.8372,0.5595,nan,nan,nan,nan,0
none,cage,1,0,resnet,True,solarisation,lr,0.0001,0.0001,32,3,0.5286,0.7166,0.6492,0.8372,0.5714,nan,nan,nan,nan,0
none,cage,1,0,resnet,True,solarisation,lr,0.0001,0.0001,32,4,0.3426,2.0994,1.3591,0.8372,0.5079,nan,nan,nan,nan,0
none,cage,1,0,resnet,True,solarisation,lr,0.0001,0.0001,32,5,0.2378,3.0085,1.9226,0.8372,0.5714,nan,nan,nan,nan,1
none,cage,1,0,resnet,True,solarisation,lr,0.0001,0.0001,32,6,0.1232,4.3774,2.7684,0.8372,0.5516,nan,nan,nan,nan,0
none,cage,1,0,resnet,True,solarisation,lr,0.0001,0.0001,32,7,0.0720,4.1626,2.6564,0.8372,0.5556,nan,nan,nan,nan,0
none,cage,1,0,resnet,True,solarisation,lr,0.0001,0.0001,32,8,0.0391,6.8063,4.3145,0.8372,0.5238,nan,nan,nan,nan,0
none,cage,1,0,resnet,True,solarisation,lr,0.0001,0.0001,32,9,0.0637,6.0429,3.8493,0.8372,0.6230,nan,nan,nan,nan,1
none,cage,1,0,resnet,True,solarisation,lr,0.0001,0.0001,32,10,0.0381,6.0598,3.8146,0.8372,0.5476,nan,nan,nan,nan,0
none,cage,1,0,resnet,True,solarisation,lr,0.0001,0.0001,32,11,0.0464,5.0095,3.1648,0.8372,0.6508,5.3770,2.9344,0.8372,0.4603,1
none,cage,1,0,resnet,True,solarisation,lr,0.0001,0.0001,32,12,0.0976,12.7667,8.0311,0.8372,0.5437,nan,nan,nan,nan,0
none,cage,1,0,resnet,True,solarisation,lr,0.0001,0.0001,32,13,0.0796,7.4746,4.7217,0.8372,0.4722,nan,nan,nan,nan,0
none,cage,1,0,resnet,True,solarisation,lr,0.0001,0.0001,32,14,0.0252,6.1938,3.9663,0.8372,0.5595,nan,nan,nan,nan,0
none,cage,1,0,resnet,True,solarisation,lr,0.0001,0.0001,32,15,0.0149,6.0919,3.8730,0.8372,0.5476,nan,nan,nan,nan,0
none,cage,1,0,resnet,True,solarisation,lr,0.0001,0.0001,32,16,0.0150,6.1841,3.9708,0.8372,0.5595,nan,nan,nan,nan,0
none,cage,1,2,resnet,True,solarisation,lr,0.0001,0.0001,32,1,0.7156,0.7044,0.6880,0.6190,0.4154,nan,nan,nan,nan,0
none,cage,1,2,resnet,True,solarisation,lr,0.0001,0.0001,32,2,0.6216,0.6937,0.7218,0.2619,0.4743,nan,nan,nan,nan,0
none,cage,1,2,resnet,True,solarisation,lr,0.0001,0.0001,32,3,0.4756,0.9856,0.6894,0.8095,0.4265,nan,nan,nan,nan,0
none,cage,1,2,resnet,True,solarisation,lr,0.0001,0.0001,32,4,0.3291,1.0330,0.8064,0.7857,0.4007,nan,nan,nan,nan,0
none,cage,1,2,resnet,True,solarisation,lr,0.0001,0.0001,32,5,0.1953,0.7723,0.7791,0.5476,0.4228,nan,nan,nan,nan,1
none,cage,1,2,resnet,True,solarisation,lr,0.0001,0.0001,32,6,0.1339,2.5009,1.4431,0.8095,0.3787,nan,nan,nan,nan,0
none,cage,1,2,resnet,True,solarisation,lr,0.0001,0.0001,32,7,0.0718,2.5803,1.5057,0.8095,0.3199,nan,nan,nan,nan,0
none,cage,1,2,resnet,True,solarisation,lr,0.0001,0.0001,32,8,0.0601,1.6151,0.9723,0.8095,0.5074,nan,nan,nan,nan,0
none,cage,1,2,resnet,True,solarisation,lr,0.0001,0.0001,32,9,0.0423,1.7876,1.0744,0.8095,0.4816,nan,nan,nan,nan,0
none,cage,1,2,resnet,True,solarisation,lr,0.0001,0.0001,32,10,0.0591,2.5918,1.4879,0.8095,0.5993,nan,nan,nan,nan,1
none,cage,1,2,resnet,True,solarisation,lr,0.0001,0.0001,32,11,0.0362,2.1772,1.2690,0.8095,0.5074,nan,nan,nan,nan,1
none,cage,1,2,resnet,True,solarisation,lr,0.0001,0.0001,32,12,0.0619,2.8704,1.6489,0.8095,0.6287,nan,nan,nan,nan,1
none,cage,1,2,resnet,True,solarisation,lr,0.0001,0.0001,32,13,0.0304,2.2124,1.2967,0.8095,0.5882,nan,nan,nan,nan,1
none,cage,1,2,resnet,True,solarisation,lr,0.0001,0.0001,32,14,0.0188,1.9232,1.1231,0.8095,0.7206,nan,nan,nan,nan,1
none,cage,1,2,resnet,True,solarisation,lr,0.0001,0.0001,32,15,0.0245,2.7341,1.5615,0.8095,0.6618,nan,nan,nan,nan,1
none,cage,1,2,resnet,True,solarisation,lr,0.0001,0.0001,32,16,0.0920,7.2499,4.1063,0.8095,0.6213,7.1672,3.9519,0.8372,0.4246,1
none,cage,1,2,resnet,True,solarisation,lr,0.0001,0.0001,32,17,0.0403,7.0193,3.9664,0.8095,0.5368,nan,nan,nan,nan,0
none,cage,1,2,resnet,True,solarisation,lr,0.0001,0.0001,32,18,0.0162,9.5925,5.4337,0.8095,0.5919,nan,nan,nan,nan,0
none,cage,1,2,resnet,True,solarisation,lr,0.0001,0.0001,32,19,0.0066,8.1371,4.6086,0.8095,0.5551,nan,nan,nan,nan,0
none,cage,1,2,resnet,True,solarisation,lr,0.0001,0.0001,32,20,0.0037,8.9925,5.0880,0.8095,0.5588,nan,nan,nan,nan,0
none,cage,1,2,resnet,True,solarisation,lr,0.0001,0.0001,32,21,0.0018,8.2662,4.6781,0.8095,0.5331,nan,nan,nan,nan,0
none,cage,1,3,resnet,True,solarisation,lr,0.0001,0.0001,32,1,0.7325,0.7303,0.8115,0.1667,0.3388,nan,nan,nan,nan,0
none,cage,1,3,resnet,True,solarisation,lr,0.0001,0.0001,32,2,0.6508,0.7156,0.7876,0.1905,0.5306,nan,nan,nan,nan,0
none,cage,1,3,resnet,True,solarisation,lr,0.0001,0.0001,32,3,0.5200,0.7907,0.9709,0.1667,0.5755,nan,nan,nan,nan,0
none,cage,1,3,resnet,True,solarisation,lr,0.0001,0.0001,32,4,0.3366,0.9511,0.7037,0.8333,0.5959,nan,nan,nan,nan,0
none,cage,1,3,resnet,True,solarisation,lr,0.0001,0.0001,32,5,0.2059,1.6799,1.1140,0.8333,0.5755,nan,nan,nan,nan,1
none,cage,1,3,resnet,True,solarisation,lr,0.0001,0.0001,32,6,0.1010,2.5856,1.6056,0.8333,0.6082,nan,nan,nan,nan,1
none,cage,1,3,resnet,True,solarisation,lr,0.0001,0.0001,32,7,0.0998,2.2710,1.4421,0.8333,0.5347,nan,nan,nan,nan,0
none,cage,1,3,resnet,True,solarisation,lr,0.0001,0.0001,32,8,0.0768,3.3209,2.0364,0.8333,0.5469,nan,nan,nan,nan,0
none,cage,1,3,resnet,True,solarisation,lr,0.0001,0.0001,32,9,0.0534,3.7657,2.3486,0.8333,0.6122,nan,nan,nan,nan,0
none,cage,1,3,resnet,True,solarisation,lr,0.0001,0.0001,32,10,0.0491,4.5449,2.8036,0.8333,0.6000,nan,nan,nan,nan,0
none,cage,1,3,resnet,True,solarisation,lr,0.0001,0.0001,32,11,0.0304,4.0327,2.5270,0.8333,0.5673,nan,nan,nan,nan,0
none,cage,1,3,resnet,True,solarisation,lr,0.0001,0.0001,32,12,0.0228,3.9093,2.4528,0.8333,0.5469,nan,nan,nan,nan,0
none,cage,1,3,resnet,True,solarisation,lr,0.0001,0.0001,32,13,0.0401,2.8723,1.8456,0.8333,0.5878,3.0757,1.7935,0.8372,0.4206,1
none,cage,1,3,resnet,True,solarisation,lr,0.0001,0.0001,32,14,0.0544,3.0784,1.9235,0.8333,0.5510,nan,nan,nan,nan,0
none,cage,1,3,resnet,True,solarisation,lr,0.0001,0.0001,32,15,0.0580,4.0859,2.4846,0.8333,0.5551,nan,nan,nan,nan,0
none,cage,1,3,resnet,True,solarisation,lr,0.0001,0.0001,32,16,0.0241,5.4427,3.3353,0.8333,0.5592,nan,nan,nan,nan,0
none,cage,1,3,resnet,True,solarisation,lr,0.0001,0.0001,32,17,0.0248,5.8121,3.5670,0.8333,0.5796,nan,nan,nan,nan,0
none,cage,1,3,resnet,True,solarisation,lr,0.0001,0.0001,32,18,0.0395,2.1329,1.5682,0.8333,0.5755,nan,nan,nan,nan,0
none,cage,1,4,resnet,True,solarisation,lr,0.0001,0.0001,32,1,0.7357,0.6932,0.7051,0.5349,0.4964,nan,nan,nan,nan,0
none,cage,1,4,resnet,True,solarisation,lr,0.0001,0.0001,32,2,0.6401,0.7760,0.7290,0.8140,0.4679,nan,nan,nan,nan,0
none,cage,1,4,resnet,True,solarisation,lr,0.0001,0.0001,32,3,0.5076,1.3189,1.1023,0.8140,0.4464,nan,nan,nan,nan,0
none,cage,1,4,resnet,True,solarisation,lr,0.0001,0.0001,32,4,0.3067,1.6571,1.3086,0.8140,0.4786,nan,nan,nan,nan,0
none,cage,1,4,resnet,True,solarisation,lr,0.0001,0.0001,32,5,0.1908,5.4840,4.0588,0.8140,0.4214,4.8674,2.6393,0.8372,0.4802,1
none,cage,1,4,resnet,True,solarisation,lr,0.0001,0.0001,32,6,0.1178,5.8360,4.3822,0.8140,0.4679,nan,nan,nan,nan,0
none,cage,1,4,resnet,True,solarisation,lr,0.0001,0.0001,32,7,0.0743,5.4537,4.0581,0.8140,0.4107,nan,nan,nan,nan,0
none,cage,1,4,resnet,True,solarisation,lr,0.0001,0.0001,32,8,0.0376,7.1827,5.3081,0.8140,0.4107,nan,nan,nan,nan,0
none,cage,1,4,resnet,True,solarisation,lr,0.0001,0.0001,32,9,0.0474,5.8229,4.3142,0.8140,0.4571,nan,nan,nan,nan,0
none,cage,1,4,resnet,True,solarisation,lr,0.0001,0.0001,32,10,0.0412,7.7507,5.7499,0.8140,0.3929,nan,nan,nan,nan,0
none,cage,1,4,resnet,True,solarisation,lr,0.0001,0.0001,32,11,0.0518,8.8624,6.5895,0.8140,0.4679,nan,nan,nan,nan,0
none,cage,1,4,resnet,True,solarisation,lr,0.0001,0.0001,32,12,0.0881,6.8282,5.1150,0.8140,0.4071,nan,nan,nan,nan,0
none,cage,1,4,resnet,True,solarisation,lr,0.0001,0.0001,32,13,0.0326,8.4014,6.1995,0.8140,0.3893,nan,nan,nan,nan,0
none,cage,1,4,resnet,True,solarisation,lr,0.0001,0.0001,32,14,0.0345,12.6331,9.3304,0.8140,0.4000,nan,nan,nan,nan,0
none,cage,1,4,resnet,True,solarisation,lr,0.0001,0.0001,32,15,0.0112,10.6281,7.8744,0.8140,0.4036,nan,nan,nan,nan,0
none,cage,1,4,resnet,True,solarisation,lr,0.0001,0.0001,32,16,0.0036,11.5054,8.5154,0.8140,0.4214,nan,nan,nan,nan,0
none,cage,1,5,resnet,True,solarisation,lr,0.0001,0.0001,32,1,0.7286,0.6834,0.7720,0.2250,0.5663,nan,nan,nan,nan,0
none,cage,1,5,resnet,True,solarisation,lr,0.0001,0.0001,32,2,0.6454,0.7334,0.6808,0.6750,0.4122,nan,nan,nan,nan,0
none,cage,1,5,resnet,True,solarisation,lr,0.0001,0.0001,32,3,0.4940,0.7449,0.9363,0.2250,0.4194,nan,nan,nan,nan,0
none,cage,1,5,resnet,True,solarisation,lr,0.0001,0.0001,32,4,0.3259,0.9906,0.7349,0.7750,0.3763,nan,nan,nan,nan,0
none,cage,1,5,resnet,True,solarisation,lr,0.0001,0.0001,32,5,0.1978,1.3993,0.9426,0.7750,0.5591,nan,nan,nan,nan,1
none,cage,1,5,resnet,True,solarisation,lr,0.0001,0.0001,32,6,0.1148,3.8440,2.4492,0.7750,0.5448,nan,nan,nan,nan,0
none,cage,1,5,resnet,True,solarisation,lr,0.0001,0.0001,32,7,0.0657,2.3558,1.5227,0.7750,0.5806,nan,nan,nan,nan,1
none,cage,1,5,resnet,True,solarisation,lr,0.0001,0.0001,32,8,0.0429,2.8018,1.7770,0.7750,0.5520,nan,nan,nan,nan,1
none,cage,1,5,resnet,True,solarisation,lr,0.0001,0.0001,32,9,0.0769,1.3044,0.9341,0.7750,0.5591,1.2284,0.7820,0.8372,0.4643,1
none,cage,1,5,resnet,True,solarisation,lr,0.0001,0.0001,32,10,0.0570,1.7817,1.2169,0.7750,0.3978,nan,nan,nan,nan,0
none,cage,1,5,resnet,True,solarisation,lr,0.0001,0.0001,32,11,0.0462,1.9541,1.2986,0.7750,0.3871,nan,nan,nan,nan,0
none,cage,1,5,resnet,True,solarisation,lr,0.0001,0.0001,32,12,0.0354,1.2483,0.9581,0.7500,0.4803,nan,nan,nan,nan,0
none,cage,1,5,resnet,True,solarisation,lr,0.0001,0.0001,32,13,0.0276,1.9260,1.3094,0.7750,0.4552,nan,nan,nan,nan,0
none,cage,1,5,resnet,True,solarisation,lr,0.0001,0.0001,32,14,0.0215,1.4308,1.0400,0.7500,0.4194,nan,nan,nan,nan,0
none,cage,1,5,resnet,True,solarisation,lr,0.0001,0.0001,32,15,0.0121,2.1756,1.4359,0.7750,0.4409,nan,nan,nan,nan,0
none,cage,1,5,resnet,True,solarisation,lr,0.0001,0.0001,32,16,0.0939,2.5881,1.6340,0.7750,0.4194,nan,nan,nan,nan,0
none,cage,1,6,resnet,True,solarisation,lr,0.0001,0.0001,32,1,0.7324,0.7113,0.6914,0.7561,0.3190,nan,nan,nan,nan,0
none,cage,1,6,resnet,True,solarisation,lr,0.0001,0.0001,32,2,0.6333,0.7780,0.6302,0.8537,0.3333,nan,nan,nan,nan,0
none,cage,1,6,resnet,True,solarisation,lr,0.0001,0.0001,32,3,0.5134,0.8340,0.6587,0.8537,0.3571,nan,nan,nan,nan,0
none,cage,1,6,resnet,True,solarisation,lr,0.0001,0.0001,32,4,0.3424,1.2190,0.8376,0.8537,0.4619,nan,nan,nan,nan,0
none,cage,1,6,resnet,True,solarisation,lr,0.0001,0.0001,32,5,0.1994,2.4681,1.6248,0.8537,0.4000,nan,nan,nan,nan,1
none,cage,1,6,resnet,True,solarisation,lr,0.0001,0.0001,32,6,0.1157,2.5864,1.7047,0.8537,0.4524,nan,nan,nan,nan,1
none,cage,1,6,resnet,True,solarisation,lr,0.0001,0.0001,32,7,0.0868,2.8410,1.8578,0.8537,0.4571,nan,nan,nan,nan,1
none,cage,1,6,resnet,True,solarisation,lr,0.0001,0.0001,32,8,0.0711,4.0786,2.6580,0.8537,0.4476,nan,nan,nan,nan,1
none,cage,1,6,resnet,True,solarisation,lr,0.0001,0.0001,32,9,0.0599,5.0284,3.2787,0.8537,0.4333,nan,nan,nan,nan,0
none,cage,1,6,resnet,True,solarisation,lr,0.0001,0.0001,32,10,0.0389,5.9265,3.8255,0.8537,0.4190,nan,nan,nan,nan,0
none,cage,1,6,resnet,True,solarisation,lr,0.0001,0.0001,32,11,0.0419,5.4667,3.5193,0.8537,0.4857,nan,nan,nan,nan,0
none,cage,1,6,resnet,True,solarisation,lr,0.0001,0.0001,32,12,0.0387,5.7744,3.7191,0.8537,0.4095,nan,nan,nan,nan,0
none,cage,1,6,resnet,True,solarisation,lr,0.0001,0.0001,32,13,0.0349,4.9391,3.1889,0.8537,0.4667,nan,nan,nan,nan,0
none,cage,1,6,resnet,True,solarisation,lr,0.0001,0.0001,32,14,0.0318,5.0839,3.2529,0.8537,0.5238,nan,nan,nan,nan,1
none,cage,1,6,resnet,True,solarisation,lr,0.0001,0.0001,32,15,0.0463,6.8852,4.3928,0.8537,0.4905,nan,nan,nan,nan,1
none,cage,1,6,resnet,True,solarisation,lr,0.0001,0.0001,32,16,0.0242,6.2336,4.0028,0.8537,0.5143,6.8594,3.7605,0.8372,0.4881,1
none,cage,1,6,resnet,True,solarisation,lr,0.0001,0.0001,32,17,0.0474,5.5703,3.6191,0.8537,0.3905,nan,nan,nan,nan,0
none,cage,1,6,resnet,True,solarisation,lr,0.0001,0.0001,32,18,0.0330,5.3104,3.4414,0.8537,0.4048,nan,nan,nan,nan,0
none,cage,1,6,resnet,True,solarisation,lr,0.0001,0.0001,32,19,0.0329,6.5717,4.2000,0.8537,0.4190,nan,nan,nan,nan,0
none,cage,1,6,resnet,True,solarisation,lr,0.0001,0.0001,32,20,0.0164,9.3935,6.0308,0.8537,0.4524,nan,nan,nan,nan,0
none,cage,1,6,resnet,True,solarisation,lr,0.0001,0.0001,32,21,0.0103,7.4943,4.8052,0.8537,0.4238,nan,nan,nan,nan,0
none,cage,1,7,resnet,True,solarisation,lr,0.0001,0.0001,32,1,0.7361,0.6969,0.7646,0.1591,0.6458,nan,nan,nan,nan,0
none,cage,1,7,resnet,True,solarisation,lr,0.0001,0.0001,32,2,0.6377,0.6790,0.7098,0.5000,0.6146,nan,nan,nan,nan,0
none,cage,1,7,resnet,True,solarisation,lr,0.0001,0.0001,32,3,0.4913,0.7720,0.5907,0.8182,0.6632,nan,nan,nan,nan,0
none,cage,1,7,resnet,True,solarisation,lr,0.0001,0.0001,32,4,0.3321,1.3046,0.7709,0.8182,0.6667,nan,nan,nan,nan,0
none,cage,1,7,resnet,True,solarisation,lr,0.0001,0.0001,32,5,0.1902,2.1284,1.1559,0.8182,0.7257,nan,nan,nan,nan,1
none,cage,1,7,resnet,True,solarisation,lr,0.0001,0.0001,32,6,0.1095,1.7134,0.9751,0.8182,0.7222,nan,nan,nan,nan,1
none,cage,1,7,resnet,True,solarisation,lr,0.0001,0.0001,32,7,0.0987,1.6042,0.9100,0.8182,0.7396,nan,nan,nan,nan,1
none,cage,1,7,resnet,True,solarisation,lr,0.0001,0.0001,32,8,0.0679,1.4751,0.8502,0.8182,0.7431,nan,nan,nan,nan,1
none,cage,1,7,resnet,True,solarisation,lr,0.0001,0.0001,32,9,0.0326,1.6163,0.9118,0.8182,0.7743,nan,nan,nan,nan,1
none,cage,1,7,resnet,True,solarisation,lr,0.0001,0.0001,32,10,0.0184,2.9530,1.6138,0.8182,0.8090,nan,nan,nan,nan,1
none,cage,1,7,resnet,True,solarisation,lr,0.0001,0.0001,32,11,0.0171,2.4823,1.3941,0.8182,0.8056,2.5488,1.4502,0.8372,0.6111,1
none,cage,1,7,resnet,True,solarisation,lr,0.0001,0.0001,32,12,0.0212,2.4477,1.4143,0.8182,0.7014,nan,nan,nan,nan,0
none,cage,1,7,resnet,True,solarisation,lr,0.0001,0.0001,32,13,0.0201,3.1102,1.7109,0.8182,0.7604,nan,nan,nan,nan,0
none,cage,1,7,resnet,True,solarisation,lr,0.0001,0.0001,32,14,0.0700,3.6342,1.9577,0.8182,0.7257,nan,nan,nan,nan,0
none,cage,1,7,resnet,True,solarisation,lr,0.0001,0.0001,32,15,0.1071,6.1311,3.3318,0.8182,0.7257,nan,nan,nan,nan,0
none,cage,1,7,resnet,True,solarisation,lr,0.0001,0.0001,32,16,0.0348,3.6024,1.9109,0.8182,0.7361,nan,nan,nan,nan,0
none,cage,1,8,resnet,True,solarisation,lr,0.0001,0.0001,32,1,0.7217,0.6989,0.7283,0.2340,0.5096,nan,nan,nan,nan,0
none,cage,1,8,resnet,True,solarisation,lr,0.0001,0.0001,32,2,0.6276,0.6942,0.6742,0.6383,0.5192,nan,nan,nan,nan,0
none,cage,1,8,resnet,True,solarisation,lr,0.0001,0.0001,32,3,0.4923,0.8730,1.1375,0.1702,0.5192,nan,nan,nan,nan,0
none,cage,1,8,resnet,True,solarisation,lr,0.0001,0.0001,32,4,0.3179,0.8954,0.6143,0.8085,0.5801,nan,nan,nan,nan,0
none,cage,1,8,resnet,True,solarisation,lr,0.0001,0.0001,32,5,0.2039,0.8637,0.6477,0.7872,0.5321,nan,nan,nan,nan,1
none,cage,1,8,resnet,True,solarisation,lr,0.0001,0.0001,32,6,0.1314,0.8678,1.2453,0.3191,0.5769,nan,nan,nan,nan,1
none,cage,1,8,resnet,True,solarisation,lr,0.0001,0.0001,32,7,0.0866,0.7604,1.0113,0.6170,0.5609,nan,nan,nan,nan,1
none,cage,1,8,resnet,True,solarisation,lr,0.0001,0.0001,32,8,0.0622,1.2978,0.8731,0.8298,0.5545,nan,nan,nan,nan,1
none,cage,1,8,resnet,True,solarisation,lr,0.0001,0.0001,32,9,0.0496,1.9425,1.0885,0.8298,0.5737,nan,nan,nan,nan,0
none,cage,1,8,resnet,True,solarisation,lr,0.0001,0.0001,32,10,0.0222,2.3216,1.2369,0.8298,0.6571,2.5207,1.4403,0.8372,0.4563,1
none,cage,1,8,resnet,True,solarisation,lr,0.0001,0.0001,32,11,0.0306,2.1182,1.1307,0.8298,0.5128,nan,nan,nan,nan,0
none,cage,1,8,resnet,True,solarisation,lr,0.0001,0.0001,32,12,0.0461,1.4983,0.8751,0.8298,0.5096,nan,nan,nan,nan,0
none,cage,1,8,resnet,True,solarisation,lr,0.0001,0.0001,32,13,0.0749,3.9781,1.9954,0.8298,0.4583,nan,nan,nan,nan,0
none,cage,1,8,resnet,True,solarisation,lr,0.0001,0.0001,32,14,0.0455,4.6227,2.3377,0.8298,0.4968,nan,nan,nan,nan,0
none,cage,1,8,resnet,True,solarisation,lr,0.0001,0.0001,32,15,0.0292,4.0981,2.0571,0.8298,0.4295,nan,nan,nan,nan,0
none,cage,1,8,resnet,True,solarisation,lr,0.0001,0.0001,32,16,0.0105,6.0459,3.0292,0.8298,0.4327,nan,nan,nan,nan,0
none,cage,1,9,resnet,True,solarisation,lr,0.0001,0.0001,32,1,0.7290,0.6950,0.7219,0.1667,0.4848,nan,nan,nan,nan,0
none,cage,1,9,resnet,True,solarisation,lr,0.0001,0.0001,32,2,0.6356,0.9405,0.6636,0.7857,0.5387,nan,nan,nan,nan,0
none,cage,1,9,resnet,True,solarisation,lr,0.0001,0.0001,32,3,0.4921,1.1147,0.7399,0.7857,0.5421,nan,nan,nan,nan,0
none,cage,1,9,resnet,True,solarisation,lr,0.0001,0.0001,32,4,0.3018,3.4243,1.9540,0.7857,0.5488,nan,nan,nan,nan,0
none,cage,1,9,resnet,True,solarisation,lr,0.0001,0.0001,32,5,0.1796,1.9234,1.1569,0.7857,0.5017,1.6602,0.9804,0.8372,0.5476,1
none,cage,1,9,resnet,True,solarisation,lr,0.0001,0.0001,32,6,0.0999,2.3134,1.4278,0.7857,0.4444,nan,nan,nan,nan,0
none,cage,1,9,resnet,True,solarisation,lr,0.0001,0.0001,32,7,0.0770,4.1123,2.3501,0.7857,0.4444,nan,nan,nan,nan,0
none,cage,1,9,resnet,True,solarisation,lr,0.0001,0.0001,32,8,0.0530,4.0153,2.3347,0.7857,0.5084,nan,nan,nan,nan,0
none,cage,1,9,resnet,True,solarisation,lr,0.0001,0.0001,32,9,0.0549,6.3648,3.6511,0.7857,0.4108,nan,nan,nan,nan,0
none,cage,1,9,resnet,True,solarisation,lr,0.0001,0.0001,32,10,0.0573,5.6393,3.2262,0.7857,0.4276,nan,nan,nan,nan,0
none,cage,1,9,resnet,True,solarisation,lr,0.0001,0.0001,32,11,0.0401,4.3654,2.5357,0.7857,0.4579,nan,nan,nan,nan,0
none,cage,1,9,resnet,True,solarisation,lr,0.0001,0.0001,32,12,0.0566,6.2784,3.5803,0.7857,0.5421,nan,nan,nan,nan,0
none,cage,1,9,resnet,True,solarisation,lr,0.0001,0.0001,32,13,0.0304,6.2503,3.5335,0.7857,0.5152,nan,nan,nan,nan,0
none,cage,1,9,resnet,True,solarisation,lr,0.0001,0.0001,32,14,0.0227,9.7884,5.5357,0.7857,0.4646,nan,nan,nan,nan,0
none,cage,1,9,resnet,True,solarisation,lr,0.0001,0.0001,32,15,0.0098,7.9605,4.5224,0.7857,0.4781,nan,nan,nan,nan,0
none,cage,1,9,resnet,True,solarisation,lr,0.0001,0.0001,32,16,0.0085,11.1917,6.3072,0.7857,0.4949,nan,nan,nan,nan,0
none,cage,2,0,resnet,True,solarisation,lr,0.0001,0.0001,32,1,0.7187,0.7108,0.7780,0.1628,0.5198,nan,nan,nan,nan,0
none,cage,2,0,resnet,True,solarisation,lr,0.0001,0.0001,32,2,0.6196,0.7268,0.8289,0.1628,0.5992,nan,nan,nan,nan,0
none,cage,2,0,resnet,True,solarisation,lr,0.0001,0.0001,32,3,0.4971,0.6607,0.7189,0.5116,0.7302,nan,nan,nan,nan,0
none,cage,2,0,resnet,True,solarisation,lr,0.0001,0.0001,32,4,0.3447,0.7659,0.6016,0.8372,0.7183,nan,nan,nan,nan,0
none,cage,2,0,resnet,True,solarisation,lr,0.0001,0.0001,32,5,0.2199,1.2671,0.8512,0.8372,0.7262,nan,nan,nan,nan,1
none,cage,2,0,resnet,True,solarisation,lr,0.0001,0.0001,32,6,0.1135,1.1022,0.7828,0.8372,0.6944,nan,nan,nan,nan,1
none,cage,2,0,resnet,True,solarisation,lr,0.0001,0.0001,32,7,0.0903,2.5032,1.5836,0.8372,0.7579,nan,nan,nan,nan,1
none,cage,2,0,resnet,True,solarisation,lr,0.0001,0.0001,32,8,0.0590,1.5828,1.0381,0.8372,0.8214,nan,nan,nan,nan,1
none,cage,2,0,resnet,True,solarisation,lr,0.0001,0.0001,32,9,0.0463,1.3331,0.9314,0.8372,0.7540,nan,nan,nan,nan,1
none,cage,2,0,resnet,True,solarisation,lr,0.0001,0.0001,32,10,0.0450,2.0283,1.3224,0.8372,0.8095,nan,nan,nan,nan,1
none,cage,2,0,resnet,True,solarisation,lr,0.0001,0.0001,32,11,0.0522,1.1324,0.8359,0.8372,0.7778,nan,nan,nan,nan,1
none,cage,2,0,resnet,True,solarisation,lr,0.0001,0.0001,32,12,0.0255,1.7505,1.1495,0.8372,0.8373,nan,nan,nan,nan,1
none,cage,2,0,resnet,True,solarisation,lr,0.0001,0.0001,32,13,0.0240,0.9783,0.7666,0.8140,0.8294,nan,nan,nan,nan,0
none,cage,2,0,resnet,True,solarisation,lr,0.0001,0.0001,32,14,0.0348,1.0908,0.8525,0.8140,0.8452,1.3884,0.9178,0.8095,0.7059,1
none,cage,2,0,resnet,True,solarisation,lr,0.0001,0.0001,32,15,0.0868,2.3852,1.5387,0.8372,0.5238,nan,nan,nan,nan,0
none,cage,2,0,resnet,True,solarisation,lr,0.0001,0.0001,32,16,0.0627,2.9581,1.8955,0.8372,0.6230,nan,nan,nan,nan,0
none,cage,2,0,resnet,True,solarisation,lr,0.0001,0.0001,32,17,0.0153,3.2043,2.0192,0.8372,0.6032,nan,nan,nan,nan,0
none,cage,2,0,resnet,True,solarisation,lr,0.0001,0.0001,32,18,0.0056,2.6207,1.6907,0.8372,0.6706,nan,nan,nan,nan,0
none,cage,2,0,resnet,True,solarisation,lr,0.0001,0.0001,32,19,0.0133,3.0523,1.9169,0.8372,0.6587,nan,nan,nan,nan,0
none,cage,2,1,resnet,True,solarisation,lr,0.0001,0.0001,32,1,0.7146,0.6963,0.7161,0.2791,0.4960,nan,nan,nan,nan,0
none,cage,2,1,resnet,True,solarisation,lr,0.0001,0.0001,32,2,0.6165,0.7141,0.6289,0.8140,0.5119,nan,nan,nan,nan,0
none,cage,2,1,resnet,True,solarisation,lr,0.0001,0.0001,32,3,0.4902,1.2291,0.7646,0.8372,0.5198,nan,nan,nan,nan,0
none,cage,2,1,resnet,True,solarisation,lr,0.0001,0.0001,32,4,0.3021,2.9019,1.6131,0.8372,0.5119,nan,nan,nan,nan,0
none,cage,2,1,resnet,True,solarisation,lr,0.0001,0.0001,32,5,0.1943,3.3619,1.8636,0.8372,0.4405,3.5558,2.0052,0.8095,0.5000,1
none,cage,2,1,resnet,True,solarisation,lr,0.0001,0.0001,32,6,0.1074,4.4939,2.4833,0.8372,0.4325,nan,nan,nan,nan,0
none,cage,2,1,resnet,True,solarisation,lr,0.0001,0.0001,32,7,0.0945,4.2496,2.3519,0.8372,0.4643,nan,nan,nan,nan,0
none,cage,2,1,resnet,True,solarisation,lr,0.0001,0.0001,32,8,0.0845,2.6791,1.5700,0.8372,0.4206,nan,nan,nan,nan,0
none,cage,2,1,resnet,True,solarisation,lr,0.0001,0.0001,32,9,0.0401,6.8019,3.7461,0.8372,0.4444,nan,nan,nan,nan,0
none,cage,2,1,resnet,True,solarisation,lr,0.0001,0.0001,32,10,0.0578,8.0243,4.4350,0.8372,0.4881,nan,nan,nan,nan,0
none,cage,2,1,resnet,True,solarisation,lr,0.0001,0.0001,32,11,0.0493,8.8788,4.9248,0.8372,0.4603,nan,nan,nan,nan,0
none,cage,2,1,resnet,True,solarisation,lr,0.0001,0.0001,32,12,0.0616,10.4578,5.7705,0.8372,0.4802,nan,nan,nan,nan,0
none,cage,2,1,resnet,True,solarisation,lr,0.0001,0.0001,32,13,0.0278,9.0205,4.9801,0.8372,0.4960,nan,nan,nan,nan,0
none,cage,2,1,resnet,True,solarisation,lr,0.0001,0.0001,32,14,0.0154,7.5407,4.1630,0.8372,0.4960,nan,nan,nan,nan,0
none,cage,2,1,resnet,True,solarisation,lr,0.0001,0.0001,32,15,0.0063,8.0250,4.4254,0.8372,0.4881,nan,nan,nan,nan,0
none,cage,2,1,resnet,True,solarisation,lr,0.0001,0.0001,32,16,0.0129,10.7230,5.9221,0.8372,0.5357,nan,nan,nan,nan,0
none,cage,2,3,resnet,True,solarisation,lr,0.0001,0.0001,32,1,0.7169,0.7385,0.8552,0.1667,0.6163,nan,nan,nan,nan,0
none,cage,2,3,resnet,True,solarisation,lr,0.0001,0.0001,32,2,0.6207,0.6843,0.7412,0.3333,0.6327,nan,nan,nan,nan,0
none,cage,2,3,resnet,True,solarisation,lr,0.0001,0.0001,32,3,0.4947,0.7209,0.6419,0.8333,0.6245,nan,nan,nan,nan,0
none,cage,2,3,resnet,True,solarisation,lr,0.0001,0.0001,32,4,0.3127,1.2773,0.9260,0.8333,0.6653,nan,nan,nan,nan,0
none,cage,2,3,resnet,True,solarisation,lr,0.0001,0.0001,32,5,0.1963,3.4408,2.1550,0.8333,0.6857,nan,nan,nan,nan,1
none,cage,2,3,resnet,True,solarisation,lr,0.0001,0.0001,32,6,0.1273,4.1053,2.5823,0.8333,0.7429,nan,nan,nan,nan,1
none,cage,2,3,resnet,True,solarisation,lr,0.0001,0.0001,32,7,0.0962,2.3818,1.5333,0.8333,0.6653,nan,nan,nan,nan,1
none,cage,2,3,resnet,True,solarisation,lr,0.0001,0.0001,32,8,0.0434,3.6663,2.3018,0.8333,0.6735,nan,nan,nan,nan,1
none,cage,2,3,resnet,True,solarisation,lr,0.0001,0.0001,32,9,0.0217,3.2859,2.0694,0.8333,0.6449,nan,nan,nan,nan,0
none,cage,2,3,resnet,True,solarisation,lr,0.0001,0.0001,32,10,0.0187,4.0659,2.5466,0.8333,0.6653,nan,nan,nan,nan,0
none,cage,2,3,resnet,True,solarisation,lr,0.0001,0.0001,32,11,0.0363,2.0532,1.2916,0.8333,0.7184,nan,nan,nan,nan,0
none,cage,2,3,resnet,True,solarisation,lr,0.0001,0.0001,32,12,0.1039,1.1343,0.8758,0.8333,0.6898,nan,nan,nan,nan,0
none,cage,2,3,resnet,True,solarisation,lr,0.0001,0.0001,32,13,0.0722,1.0844,0.8654,0.8333,0.7102,nan,nan,nan,nan,0
none,cage,2,3,resnet,True,solarisation,lr,0.0001,0.0001,32,14,0.0309,2.8499,1.7981,0.8333,0.7469,nan,nan,nan,nan,1
none,cage,2,3,resnet,True,solarisation,lr,0.0001,0.0001,32,15,0.0228,3.1356,2.0026,0.8333,0.7673,nan,nan,nan,nan,1
none,cage,2,3,resnet,True,solarisation,lr,0.0001,0.0001,32,16,0.0076,3.8680,2.4458,0.8333,0.7510,nan,nan,nan,nan,1
none,cage,2,3,resnet,True,solarisation,lr,0.0001,0.0001,32,17,0.0051,2.1262,1.4515,0.8333,0.7388,2.5325,1.5220,0.8095,0.5735,1
none,cage,2,3,resnet,True,solarisation,lr,0.0001,0.0001,32,18,0.0171,4.5961,2.8985,0.8333,0.6735,nan,nan,nan,nan,0
none,cage,2,3,resnet,True,solarisation,lr,0.0001,0.0001,32,19,0.0360,3.9447,2.4780,0.8333,0.6204,nan,nan,nan,nan,0
none,cage,2,3,resnet,True,solarisation,lr,0.0001,0.0001,32,20,0.0872,3.9653,2.5451,0.8333,0.6367,nan,nan,nan,nan,0
none,cage,2,3,resnet,True,solarisation,lr,0.0001,0.0001,32,21,0.0422,6.2244,3.9238,0.8333,0.6327,nan,nan,nan,nan,0
none,cage,2,3,resnet,True,solarisation,lr,0.0001,0.0001,32,22,0.0409,4.9352,3.1773,0.8333,0.6571,nan,nan,nan,nan,0
none,cage,2,4,resnet,True,solarisation,lr,0.0001,0.0001,32,1,0.7280,0.6936,0.7096,0.3256,0.4821,nan,nan,nan,nan,0
none,cage,2,4,resnet,True,solarisation,lr,0.0001,0.0001,32,2,0.6193,0.8018,0.9405,0.1860,0.3607,nan,nan,nan,nan,0
none,cage,2,4,resnet,True,solarisation,lr,0.0001,0.0001,32,3,0.4823,0.8011,0.9596,0.2326,0.3071,nan,nan,nan,nan,0
none,cage,2,4,resnet,True,solarisation,lr,0.0001,0.0001,32,4,0.3153,1.0799,1.1120,0.6977,0.2893,nan,nan,nan,nan,0
none,cage,2,4,resnet,True,solarisation,lr,0.0001,0.0001,32,5,0.2079,0.9199,1.0747,0.6512,0.4071,nan,nan,nan,nan,1
none,cage,2,4,resnet,True,solarisation,lr,0.0001,0.0001,32,6,0.1081,2.6067,2.1085,0.8140,0.3714,nan,nan,nan,nan,0
none,cage,2,4,resnet,True,solarisation,lr,0.0001,0.0001,32,7,0.0927,3.5042,2.6229,0.8140,0.4250,nan,nan,nan,nan,0
none,cage,2,4,resnet,True,solarisation,lr,0.0001,0.0001,32,8,0.0831,2.8576,2.2532,0.8140,0.4357,nan,nan,nan,nan,1
none,cage,2,4,resnet,True,solarisation,lr,0.0001,0.0001,32,9,0.0490,1.6013,1.3880,0.7907,0.3571,1.4012,1.0274,0.8095,0.5074,1
none,cage,2,4,resnet,True,solarisation,lr,0.0001,0.0001,32,10,0.0295,3.7590,2.9187,0.8140,0.3571,nan,nan,nan,nan,0
none,cage,2,4,resnet,True,solarisation,lr,0.0001,0.0001,32,11,0.0341,1.0436,1.4776,0.4651,0.3714,nan,nan,nan,nan,0
none,cage,2,4,resnet,True,solarisation,lr,0.0001,0.0001,32,12,0.0219,1.1967,1.5601,0.4419,0.3143,nan,nan,nan,nan,0
none,cage,2,4,resnet,True,solarisation,lr,0.0001,0.0001,32,13,0.0082,1.1543,1.4687,0.5814,0.3536,nan,nan,nan,nan,0
none,cage,2,4,resnet,True,solarisation,lr,0.0001,0.0001,32,14,0.0411,1.4107,1.9333,0.4884,0.3214,nan,nan,nan,nan,0
none,cage,2,4,resnet,True,solarisation,lr,0.0001,0.0001,32,15,0.0708,6.0745,4.6408,0.8140,0.3036,nan,nan,nan,nan,0
none,cage,2,4,resnet,True,solarisation,lr,0.0001,0.0001,32,16,0.0650,6.8358,5.2708,0.8140,0.2893,nan,nan,nan,nan,0
none,cage,2,5,resnet,True,solarisation,lr,0.0001,0.0001,32,1,0.7252,0.7118,0.6620,0.7250,0.5950,nan,nan,nan,nan,0
none,cage,2,5,resnet,True,solarisation,lr,0.0001,0.0001,32,2,0.6293,0.7595,0.6678,0.7250,0.5950,nan,nan,nan,nan,0
none,cage,2,5,resnet,True,solarisation,lr,0.0001,0.0001,32,3,0.5141,1.8447,1.2199,0.7750,0.4659,nan,nan,nan,nan,0
none,cage,2,5,resnet,True,solarisation,lr,0.0001,0.0001,32,4,0.3621,1.8091,1.2008,0.7750,0.4337,nan,nan,nan,nan,0
none,cage,2,5,resnet,True,solarisation,lr,0.0001,0.0001,32,5,0.2276,1.1693,0.9385,0.7000,0.4875,0.9450,0.7995,0.8095,0.5037,1
none,cage,2,5,resnet,True,solarisation,lr,0.0001,0.0001,32,6,0.1126,4.1772,2.6011,0.7750,0.5018,nan,nan,nan,nan,0
none,cage,2,5,resnet,True,solarisation,lr,0.0001,0.0001,32,7,0.0793,3.5400,2.1460,0.7750,0.4982,nan,nan,nan,nan,0
none,cage,2,5,resnet,True,solarisation,lr,0.0001,0.0001,32,8,0.0723,3.1452,2.0182,0.7750,0.3835,nan,nan,nan,nan,0
none,cage,2,5,resnet,True,solarisation,lr,0.0001,0.0001,32,9,0.0422,2.5091,1.6270,0.7750,0.4839,nan,nan,nan,nan,0
none,cage,2,5,resnet,True,solarisation,lr,0.0001,0.0001,32,10,0.0286,1.1715,1.1953,0.6000,0.4803,nan,nan,nan,nan,0
none,cage,2,5,resnet,True,solarisation,lr,0.0001,0.0001,32,11,0.0466,3.8720,2.4261,0.7750,0.4910,nan,nan,nan,nan,0
none,cage,2,5,resnet,True,solarisation,lr,0.0001,0.0001,32,12,0.0554,1.7805,1.4620,0.7000,0.5269,nan,nan,nan,nan,0
none,cage,2,5,resnet,True,solarisation,lr,0.0001,0.0001,32,13,0.0610,2.9626,1.9684,0.7750,0.4337,nan,nan,nan,nan,0
none,cage,2,5,resnet,True,solarisation,lr,0.0001,0.0001,32,14,0.0485,5.5849,3.4291,0.7750,0.4803,nan,nan,nan,nan,0
none,cage,2,5,resnet,True,solarisation,lr,0.0001,0.0001,32,15,0.0228,5.2551,3.2197,0.7750,0.5412,nan,nan,nan,nan,0
none,cage,2,5,resnet,True,solarisation,lr,0.0001,0.0001,32,16,0.0065,5.1679,3.1627,0.7750,0.4373,nan,nan,nan,nan,0
none,cage,2,6,resnet,True,solarisation,lr,0.0001,0.0001,32,1,0.7302,0.7084,0.7288,0.1951,0.4429,nan,nan,nan,nan,0
none,cage,2,6,resnet,True,solarisation,lr,0.0001,0.0001,32,2,0.6359,0.7142,0.6530,0.8049,0.3667,nan,nan,nan,nan,0
none,cage,2,6,resnet,True,solarisation,lr,0.0001,0.0001,32,3,0.4988,0.8797,0.7586,0.8293,0.3238,nan,nan,nan,nan,0
none,cage,2,6,resnet,True,solarisation,lr,0.0001,0.0001,32,4,0.3501,1.5375,0.9955,0.8537,0.4429,nan,nan,nan,nan,0
none,cage,2,6,resnet,True,solarisation,lr,0.0001,0.0001,32,5,0.2121,2.5585,1.6173,0.8537,0.3857,nan,nan,nan,nan,1
none,cage,2,6,resnet,True,solarisation,lr,0.0001,0.0001,32,6,0.1101,1.7982,1.1641,0.8537,0.4000,nan,nan,nan,nan,0
none,cage,2,6,resnet,True,solarisation,lr,0.0001,0.0001,32,7,0.1035,3.1728,1.9857,0.8537,0.4667,nan,nan,nan,nan,1
none,cage,2,6,resnet,True,solarisation,lr,0.0001,0.0001,32,8,0.0477,3.7587,2.3558,0.8537,0.4571,nan,nan,nan,nan,1
none,cage,2,6,resnet,True,solarisation,lr,0.0001,0.0001,32,9,0.0616,3.2628,2.0229,0.8537,0.5190,nan,nan,nan,nan,1
none,cage,2,6,resnet,True,solarisation,lr,0.0001,0.0001,32,10,0.0605,6.0195,3.7614,0.8537,0.4238,nan,nan,nan,nan,1
none,cage,2,6,resnet,True,solarisation,lr,0.0001,0.0001,32,11,0.0559,8.0608,5.0819,0.8537,0.4571,nan,nan,nan,nan,1
none,cage,2,6,resnet,True,solarisation,lr,0.0001,0.0001,32,12,0.0225,4.7323,2.9700,0.8537,0.4714,nan,nan,nan,nan,0
none,cage,2,6,resnet,True,solarisation,lr,0.0001,0.0001,32,13,0.0220,6.7035,4.2099,0.8537,0.4667,nan,nan,nan,nan,0
none,cage,2,6,resnet,True,solarisation,lr,0.0001,0.0001,32,14,0.0372,5.8013,3.6741,0.8537,0.4667,nan,nan,nan,nan,0
none,cage,2,6,resnet,True,solarisation,lr,0.0001,0.0001,32,15,0.0402,5.9794,3.7803,0.8537,0.4571,nan,nan,nan,nan,0
none,cage,2,6,resnet,True,solarisation,lr,0.0001,0.0001,32,16,0.0589,7.4796,4.7745,0.8537,0.5048,9.0433,5.0485,0.8095,0.5404,1
none,cage,2,6,resnet,True,solarisation,lr,0.0001,0.0001,32,17,0.0203,8.6965,5.5173,0.8537,0.4524,nan,nan,nan,nan,0
none,cage,2,6,resnet,True,solarisation,lr,0.0001,0.0001,32,18,0.0204,7.9186,5.0562,0.8537,0.4333,nan,nan,nan,nan,0
none,cage,2,6,resnet,True,solarisation,lr,0.0001,0.0001,32,19,0.0332,8.3226,5.2844,0.8537,0.4762,nan,nan,nan,nan,0
none,cage,2,6,resnet,True,solarisation,lr,0.0001,0.0001,32,20,0.0414,8.6107,5.4813,0.8537,0.4667,nan,nan,nan,nan,0
none,cage,2,6,resnet,True,solarisation,lr,0.0001,0.0001,32,21,0.0113,10.1648,6.5333,0.8537,0.4810,nan,nan,nan,nan,0
none,cage,2,7,resnet,True,solarisation,lr,0.0001,0.0001,32,1,0.7375,0.7478,0.9224,0.1818,0.5521,nan,nan,nan,nan,0
none,cage,2,7,resnet,True,solarisation,lr,0.0001,0.0001,32,2,0.6185,0.7026,0.7888,0.2045,0.5833,nan,nan,nan,nan,0
none,cage,2,7,resnet,True,solarisation,lr,0.0001,0.0001,32,3,0.5056,0.8583,1.1339,0.1818,0.5729,nan,nan,nan,nan,0
none,cage,2,7,resnet,True,solarisation,lr,0.0001,0.0001,32,4,0.3123,0.7466,0.6401,0.8182,0.5729,nan,nan,nan,nan,0
none,cage,2,7,resnet,True,solarisation,lr,0.0001,0.0001,32,5,0.1920,0.8373,1.1405,0.2045,0.5694,nan,nan,nan,nan,1
none,cage,2,7,resnet,True,solarisation,lr,0.0001,0.0001,32,6,0.1296,1.6214,0.9780,0.8182,0.6597,2.0065,1.1725,0.8095,0.5368,1
none,cage,2,7,resnet,True,solarisation,lr,0.0001,0.0001,32,7,0.0954,1.5456,1.1532,0.7955,0.5764,nan,nan,nan,nan,0
none,cage,2,7,resnet,True,solarisation,lr,0.0001,0.0001,32,8,0.0477,1.0467,0.8567,0.7727,0.5486,nan,nan,nan,nan,0
none,cage,2,7,resnet,True,solarisation,lr,0.0001,0.0001,32,9,0.0289,1.1766,1.0683,0.7500,0.5417,nan,nan,nan,nan,0
none,cage,2,7,resnet,True,solarisation,lr,0.0001,0.0001,32,10,0.0226,1.2268,1.0182,0.7727,0.5417,nan,nan,nan,nan,0
none,cage,2,7,resnet,True,solarisation,lr,0.0001,0.0001,32,11,0.0227,1.5407,1.2056,0.7727,0.5347,nan,nan,nan,nan,0
none,cage,2,7,resnet,True,solarisation,lr,0.0001,0.0001,32,12,0.0481,1.3075,1.1081,0.7273,0.5382,nan,nan,nan,nan,0
none,cage,2,7,resnet,True,solarisation,lr,0.0001,0.0001,32,13,0.0474,1.2472,1.0990,0.7273,0.5035,nan,nan,nan,nan,0
none,cage,2,7,resnet,True,solarisation,lr,0.0001,0.0001,32,14,0.0625,0.7067,0.8008,0.7045,0.6389,nan,nan,nan,nan,0
none,cage,2,7,resnet,True,solarisation,lr,0.0001,0.0001,32,15,0.0580,0.8451,0.9802,0.6591,0.5278,nan,nan,nan,nan,0
none,cage,2,7,resnet,True,solarisation,lr,0.0001,0.0001,32,16,0.0179,1.2853,0.9934,0.7500,0.5278,nan,nan,nan,nan,0
none,cage,2,8,resnet,True,solarisation,lr,0.0001,0.0001,32,1,0.7206,0.7399,0.8663,0.1702,0.4647,nan,nan,nan,nan,0
none,cage,2,8,resnet,True,solarisation,lr,0.0001,0.0001,32,2,0.6117,0.6950,0.7448,0.2979,0.6442,nan,nan,nan,nan,0
none,cage,2,8,resnet,True,solarisation,lr,0.0001,0.0001,32,3,0.4876,1.4040,2.0258,0.1702,0.6282,nan,nan,nan,nan,0
none,cage,2,8,resnet,True,solarisation,lr,0.0001,0.0001,32,4,0.3216,0.8410,1.1264,0.2128,0.6058,nan,nan,nan,nan,0
none,cage,2,8,resnet,True,solarisation,lr,0.0001,0.0001,32,5,0.1958,0.9063,1.0415,0.5319,0.5224,0.7422,1.0728,0.5714,0.5956,1
none,cage,2,8,resnet,True,solarisation,lr,0.0001,0.0001,32,6,0.1462,0.8738,0.7351,0.7234,0.4583,nan,nan,nan,nan,0
none,cage,2,8,resnet,True,solarisation,lr,0.0001,0.0001,32,7,0.0775,0.8781,0.9767,0.4894,0.4840,nan,nan,nan,nan,0
none,cage,2,8,resnet,True,solarisation,lr,0.0001,0.0001,32,8,0.0484,0.8923,1.0690,0.5106,0.4615,nan,nan,nan,nan,0
none,cage,2,8,resnet,True,solarisation,lr,0.0001,0.0001,32,9,0.0380,1.1214,0.9067,0.7660,0.4872,nan,nan,nan,nan,0
none,cage,2,8,resnet,True,solarisation,lr,0.0001,0.0001,32,10,0.0327,1.4266,0.9144,0.8298,0.3910,nan,nan,nan,nan,0
none,cage,2,8,resnet,True,solarisation,lr,0.0001,0.0001,32,11,0.0316,0.9158,1.0404,0.5532,0.4872,nan,nan,nan,nan,0
none,cage,2,8,resnet,True,solarisation,lr,0.0001,0.0001,32,12,0.0504,3.5768,1.7741,0.8298,0.4167,nan,nan,nan,nan,0
none,cage,2,8,resnet,True,solarisation,lr,0.0001,0.0001,32,13,0.0513,1.4170,1.0913,0.8085,0.4647,nan,nan,nan,nan,0
none,cage,2,8,resnet,True,solarisation,lr,0.0001,0.0001,32,14,0.0303,2.6573,1.4479,0.8298,0.4519,nan,nan,nan,nan,0
none,cage,2,8,resnet,True,solarisation,lr,0.0001,0.0001,32,15,0.0272,1.4322,1.3671,0.6596,0.4359,nan,nan,nan,nan,0
none,cage,2,8,resnet,True,solarisation,lr,0.0001,0.0001,32,16,0.0133,1.8578,1.4977,0.7021,0.4263,nan,nan,nan,nan,0
none,cage,2,9,resnet,True,solarisation,lr,0.0001,0.0001,32,1,0.7205,0.7100,0.7656,0.3571,0.3939,nan,nan,nan,nan,0
none,cage,2,9,resnet,True,solarisation,lr,0.0001,0.0001,32,2,0.6194,0.7704,0.7312,0.5238,0.3805,nan,nan,nan,nan,0
none,cage,2,9,resnet,True,solarisation,lr,0.0001,0.0001,32,3,0.4892,1.2169,0.7834,0.7857,0.3569,nan,nan,nan,nan,0
none,cage,2,9,resnet,True,solarisation,lr,0.0001,0.0001,32,4,0.3397,1.9447,1.1651,0.7857,0.4108,nan,nan,nan,nan,0
none,cage,2,9,resnet,True,solarisation,lr,0.0001,0.0001,32,5,0.2014,2.7171,1.5439,0.7857,0.4175,nan,nan,nan,nan,1
none,cage,2,9,resnet,True,solarisation,lr,0.0001,0.0001,32,6,0.1352,3.9105,2.2216,0.7857,0.3939,nan,nan,nan,nan,0
none,cage,2,9,resnet,True,solarisation,lr,0.0001,0.0001,32,7,0.0843,7.3282,4.0504,0.7857,0.3939,nan,nan,nan,nan,0
none,cage,2,9,resnet,True,solarisation,lr,0.0001,0.0001,32,8,0.0312,7.0100,3.8745,0.7857,0.3973,nan,nan,nan,nan,1
none,cage,2,9,resnet,True,solarisation,lr,0.0001,0.0001,32,9,0.0339,6.6798,3.7132,0.7857,0.4310,nan,nan,nan,nan,0
none,cage,2,9,resnet,True,solarisation,lr,0.0001,0.0001,32,10,0.0215,6.8058,3.8260,0.7857,0.4343,7.0474,3.9758,0.8095,0.3971,1
none,cage,2,9,resnet,True,solarisation,lr,0.0001,0.0001,32,11,0.0235,8.8817,4.9723,0.7857,0.4007,nan,nan,nan,nan,0
none,cage,2,9,resnet,True,solarisation,lr,0.0001,0.0001,32,12,0.0746,10.3293,5.6823,0.7857,0.3973,nan,nan,nan,nan,0
none,cage,2,9,resnet,True,solarisation,lr,0.0001,0.0001,32,13,0.0403,9.3170,5.1391,0.7857,0.4007,nan,nan,nan,nan,0
none,cage,2,9,resnet,True,solarisation,lr,0.0001,0.0001,32,14,0.0273,10.4690,5.7902,0.7857,0.4074,nan,nan,nan,nan,0
none,cage,2,9,resnet,True,solarisation,lr,0.0001,0.0001,32,15,0.0254,10.2551,5.6638,0.7857,0.3704,nan,nan,nan,nan,0
none,cage,2,9,resnet,True,solarisation,lr,0.0001,0.0001,32,16,0.0429,13.9708,7.8196,0.7857,0.3906,nan,nan,nan,nan,0
none,cage,3,0,resnet,True,solarisation,lr,0.0001,0.0001,32,1,0.7312,0.6845,0.6758,0.7907,0.6706,nan,nan,nan,nan,0
none,cage,3,0,resnet,True,solarisation,lr,0.0001,0.0001,32,2,0.6391,0.7459,0.6232,0.8372,0.5794,nan,nan,nan,nan,0
none,cage,3,0,resnet,True,solarisation,lr,0.0001,0.0001,32,3,0.5026,0.6906,0.6445,0.8140,0.6151,nan,nan,nan,nan,0
none,cage,3,0,resnet,True,solarisation,lr,0.0001,0.0001,32,4,0.3292,0.9167,0.7031,0.8372,0.5040,nan,nan,nan,nan,0
none,cage,3,0,resnet,True,solarisation,lr,0.0001,0.0001,32,5,0.2068,0.9844,0.7464,0.8372,0.5198,0.8765,0.6868,0.8333,0.6857,1
none,cage,3,0,resnet,True,solarisation,lr,0.0001,0.0001,32,6,0.1194,0.8520,0.7043,0.8372,0.5397,nan,nan,nan,nan,0
none,cage,3,0,resnet,True,solarisation,lr,0.0001,0.0001,32,7,0.0674,2.1539,1.3899,0.8372,0.5635,nan,nan,nan,nan,0
none,cage,3,0,resnet,True,solarisation,lr,0.0001,0.0001,32,8,0.0460,2.2343,1.4379,0.8372,0.5238,nan,nan,nan,nan,0
none,cage,3,0,resnet,True,solarisation,lr,0.0001,0.0001,32,9,0.0876,3.8213,2.4048,0.8372,0.5516,nan,nan,nan,nan,0
none,cage,3,0,resnet,True,solarisation,lr,0.0001,0.0001,32,10,0.0896,3.1304,1.9831,0.8372,0.5516,nan,nan,nan,nan,0
none,cage,3,0,resnet,True,solarisation,lr,0.0001,0.0001,32,11,0.0346,3.6846,2.3880,0.8372,0.5556,nan,nan,nan,nan,0
none,cage,3,0,resnet,True,solarisation,lr,0.0001,0.0001,32,12,0.0241,2.5040,1.6710,0.8372,0.5635,nan,nan,nan,nan,0
none,cage,3,0,resnet,True,solarisation,lr,0.0001,0.0001,32,13,0.0130,3.6232,2.3138,0.8372,0.5040,nan,nan,nan,nan,0
none,cage,3,0,resnet,True,solarisation,lr,0.0001,0.0001,32,14,0.0275,3.1201,1.9858,0.8372,0.5317,nan,nan,nan,nan,0
none,cage,3,0,resnet,True,solarisation,lr,0.0001,0.0001,32,15,0.0582,4.8332,3.1054,0.8372,0.5714,nan,nan,nan,nan,0
none,cage,3,0,resnet,True,solarisation,lr,0.0001,0.0001,32,16,0.0592,4.2278,2.7525,0.8372,0.6310,nan,nan,nan,nan,0
none,cage,3,1,resnet,True,solarisation,lr,0.0001,0.0001,32,1,0.7143,0.7119,0.6218,0.8372,0.4643,nan,nan,nan,nan,0
none,cage,3,1,resnet,True,solarisation,lr,0.0001,0.0001,32,2,0.6343,0.6928,0.7002,0.4884,0.5040,nan,nan,nan,nan,0
none,cage,3,1,resnet,True,solarisation,lr,0.0001,0.0001,32,3,0.5070,0.7256,0.6876,0.6977,0.4802,nan,nan,nan,nan,0
none,cage,3,1,resnet,True,solarisation,lr,0.0001,0.0001,32,4,0.3350,1.4054,0.8977,0.8372,0.4683,nan,nan,nan,nan,0
none,cage,3,1,resnet,True,solarisation,lr,0.0001,0.0001,32,5,0.2116,2.5460,1.4488,0.8372,0.4881,nan,nan,nan,nan,1
none,cage,3,1,resnet,True,solarisation,lr,0.0001,0.0001,32,6,0.1125,2.1181,1.2355,0.8372,0.5556,2.0010,1.3126,0.8333,0.6612,1
none,cage,3,1,resnet,True,solarisation,lr,0.0001,0.0001,32,7,0.1053,3.3126,1.8495,0.8372,0.4444,nan,nan,nan,nan,0
none,cage,3,1,resnet,True,solarisation,lr,0.0001,0.0001,32,8,0.0567,3.5722,2.0289,0.8372,0.5437,nan,nan,nan,nan,0
none,cage,3,1,resnet,True,solarisation,lr,0.0001,0.0001,32,9,0.0444,5.4135,3.0484,0.8372,0.4722,nan,nan,nan,nan,0
none,cage,3,1,resnet,True,solarisation,lr,0.0001,0.0001,32,10,0.0268,4.7585,2.6752,0.8372,0.5000,nan,nan,nan,nan,0
none,cage,3,1,resnet,True,solarisation,lr,0.0001,0.0001,32,11,0.0270,5.9979,3.3761,0.8372,0.5040,nan,nan,nan,nan,0
none,cage,3,1,resnet,True,solarisation,lr,0.0001,0.0001,32,12,0.0664,2.9739,1.7423,0.8372,0.5000,nan,nan,nan,nan,0
none,cage,3,1,resnet,True,solarisation,lr,0.0001,0.0001,32,13,0.0556,5.6014,3.1301,0.8372,0.4881,nan,nan,nan,nan,0
none,cage,3,1,resnet,True,solarisation,lr,0.0001,0.0001,32,14,0.0371,2.9943,1.8572,0.8140,0.4405,nan,nan,nan,nan,0
none,cage,3,1,resnet,True,solarisation,lr,0.0001,0.0001,32,15,0.0135,2.6345,1.7085,0.8140,0.4603,nan,nan,nan,nan,0
none,cage,3,1,resnet,True,solarisation,lr,0.0001,0.0001,32,16,0.0109,3.3861,1.9913,0.8372,0.4563,nan,nan,nan,nan,0
none,cage,3,2,resnet,True,solarisation,lr,0.0001,0.0001,32,1,0.7207,0.7121,0.7875,0.1905,0.4081,nan,nan,nan,nan,0
none,cage,3,2,resnet,True,solarisation,lr,0.0001,0.0001,32,2,0.6277,0.7192,0.6613,0.8095,0.4154,nan,nan,nan,nan,0
none,cage,3,2,resnet,True,solarisation,lr,0.0001,0.0001,32,3,0.5020,0.8174,0.7105,0.7619,0.3934,nan,nan,nan,nan,0
none,cage,3,2,resnet,True,solarisation,lr,0.0001,0.0001,32,4,0.3261,0.8748,0.8465,0.5952,0.4485,nan,nan,nan,nan,0
none,cage,3,2,resnet,True,solarisation,lr,0.0001,0.0001,32,5,0.1756,1.1631,0.9211,0.8095,0.4485,nan,nan,nan,nan,1
none,cage,3,2,resnet,True,solarisation,lr,0.0001,0.0001,32,6,0.1181,1.3187,1.0033,0.8095,0.5037,nan,nan,nan,nan,1
none,cage,3,2,resnet,True,solarisation,lr,0.0001,0.0001,32,7,0.0822,1.9417,1.3364,0.8095,0.4375,nan,nan,nan,nan,0
none,cage,3,2,resnet,True,solarisation,lr,0.0001,0.0001,32,8,0.0629,2.4511,1.6501,0.8095,0.4706,1.9318,1.4267,0.8333,0.6122,1
none,cage,3,2,resnet,True,solarisation,lr,0.0001,0.0001,32,9,0.0561,1.2867,1.1058,0.7143,0.4265,nan,nan,nan,nan,0
none,cage,3,2,resnet,True,solarisation,lr,0.0001,0.0001,32,10,0.0447,2.1662,1.3497,0.8095,0.4853,nan,nan,nan,nan,0
none,cage,3,2,resnet,True,solarisation,lr,0.0001,0.0001,32,11,0.0213,2.4382,1.5167,0.8095,0.4632,nan,nan,nan,nan,0
none,cage,3,2,resnet,True,solarisation,lr,0.0001,0.0001,32,12,0.0273,2.6873,1.5907,0.8095,0.4706,nan,nan,nan,nan,0
none,cage,3,2,resnet,True,solarisation,lr,0.0001,0.0001,32,13,0.0372,4.4814,2.5506,0.8095,0.4596,nan,nan,nan,nan,0
none,cage,3,2,resnet,True,solarisation,lr,0.0001,0.0001,32,14,0.0530,2.6693,1.5972,0.8095,0.3603,nan,nan,nan,nan,0
none,cage,3,2,resnet,True,solarisation,lr,0.0001,0.0001,32,15,0.0596,2.2972,1.4801,0.8095,0.4412,nan,nan,nan,nan,0
none,cage,3,2,resnet,True,solarisation,lr,0.0001,0.0001,32,16,0.0698,5.2027,2.9641,0.8095,0.4522,nan,nan,nan,nan,0
none,cage,3,4,resnet,True,solarisation,lr,0.0001,0.0001,32,1,0.7297,0.7103,0.7087,0.3953,0.2464,nan,nan,nan,nan,0
none,cage,3,4,resnet,True,solarisation,lr,0.0001,0.0001,32,2,0.6302,0.8197,0.7541,0.7674,0.3429,nan,nan,nan,nan,0
none,cage,3,4,resnet,True,solarisation,lr,0.0001,0.0001,32,3,0.5077,0.8229,0.9557,0.1860,0.2750,nan,nan,nan,nan,0
none,cage,3,4,resnet,True,solarisation,lr,0.0001,0.0001,32,4,0.3278,1.8649,1.4470,0.8140,0.4036,nan,nan,nan,nan,0
none,cage,3,4,resnet,True,solarisation,lr,0.0001,0.0001,32,5,0.1871,1.0369,1.0187,0.6977,0.2964,nan,nan,nan,nan,1
none,cage,3,4,resnet,True,solarisation,lr,0.0001,0.0001,32,6,0.1140,2.8075,2.2162,0.8140,0.3964,nan,nan,nan,nan,1
none,cage,3,4,resnet,True,solarisation,lr,0.0001,0.0001,32,7,0.0724,2.0833,1.7151,0.7674,0.2893,nan,nan,nan,nan,0
none,cage,3,4,resnet,True,solarisation,lr,0.0001,0.0001,32,8,0.0437,4.8783,3.5239,0.8140,0.3679,nan,nan,nan,nan,1
none,cage,3,4,resnet,True,solarisation,lr,0.0001,0.0001,32,9,0.0460,5.5086,3.9551,0.8140,0.3071,nan,nan,nan,nan,0
none,cage,3,4,resnet,True,solarisation,lr,0.0001,0.0001,32,10,0.0451,2.8788,2.2295,0.8140,0.3286,nan,nan,nan,nan,0
none,cage,3,4,resnet,True,solarisation,lr,0.0001,0.0001,32,11,0.0310,4.3207,3.0661,0.8140,0.3143,nan,nan,nan,nan,0
none,cage,3,4,resnet,True,solarisation,lr,0.0001,0.0001,32,12,0.0219,5.5128,4.0087,0.8140,0.3643,nan,nan,nan,nan,0
none,cage,3,4,resnet,True,solarisation,lr,0.0001,0.0001,32,13,0.0286,2.7035,1.9805,0.8140,0.4429,nan,nan,nan,nan,0
none,cage,3,4,resnet,True,solarisation,lr,0.0001,0.0001,32,14,0.0335,4.7786,3.3598,0.8140,0.4107,nan,nan,nan,nan,1
none,cage,3,4,resnet,True,solarisation,lr,0.0001,0.0001,32,15,0.0277,3.8672,2.6869,0.8140,0.3464,nan,nan,nan,nan,0
none,cage,3,4,resnet,True,solarisation,lr,0.0001,0.0001,32,16,0.0565,5.2216,3.7394,0.8140,0.4464,4.4460,2.6911,0.8333,0.5388,1
none,cage,3,4,resnet,True,solarisation,lr,0.0001,0.0001,32,17,0.0958,3.9904,2.8152,0.7907,0.3643,nan,nan,nan,nan,0
none,cage,3,4,resnet,True,solarisation,lr,0.0001,0.0001,32,18,0.0677,5.0683,3.5236,0.8140,0.3000,nan,nan,nan,nan,0
none,cage,3,4,resnet,True,solarisation,lr,0.0001,0.0001,32,19,0.0234,5.5757,3.8735,0.8140,0.3357,nan,nan,nan,nan,0
none,cage,3,4,resnet,True,solarisation,lr,0.0001,0.0001,32,20,0.0077,7.0831,4.9557,0.8140,0.3464,nan,nan,nan,nan,0
none,cage,3,4,resnet,True,solarisation,lr,0.0001,0.0001,32,21,0.0040,6.9660,4.8181,0.8140,0.3393,nan,nan,nan,nan,0
none,cage,3,5,resnet,True,solarisation,lr,0.0001,0.0001,32,1,0.7257,0.6931,0.6818,0.6750,0.5950,nan,nan,nan,nan,0
none,cage,3,5,resnet,True,solarisation,lr,0.0001,0.0001,32,2,0.6302,0.7370,0.6733,0.7500,0.4803,nan,nan,nan,nan,0
none,cage,3,5,resnet,True,solarisation,lr,0.0001,0.0001,32,3,0.4881,1.9380,1.3084,0.7750,0.4982,nan,nan,nan,nan,0
none,cage,3,5,resnet,True,solarisation,lr,0.0001,0.0001,32,4,0.3218,1.0553,0.9329,0.6500,0.4050,nan,nan,nan,nan,0
none,cage,3,5,resnet,True,solarisation,lr,0.0001,0.0001,32,5,0.2003,2.6247,1.7025,0.7750,0.4373,2.0623,1.3758,0.8333,0.5796,1
none,cage,3,5,resnet,True,solarisation,lr,0.0001,0.0001,32,6,0.1073,3.3940,2.2133,0.7750,0.5520,nan,nan,nan,nan,0
none,cage,3,5,resnet,True,solarisation,lr,0.0001,0.0001,32,7,0.0659,1.5132,1.4483,0.6750,0.4337,nan,nan,nan,nan,0
none,cage,3,5,resnet,True,solarisation,lr,0.0001,0.0001,32,8,0.0600,4.1272,2.6498,0.7750,0.3978,nan,nan,nan,nan,0
none,cage,3,5,resnet,True,solarisation,lr,0.0001,0.0001,32,9,0.0594,6.5437,4.0859,0.7750,0.5341,nan,nan,nan,nan,0
none,cage,3,5,resnet,True,solarisation,lr,0.0001,0.0001,32,10,0.0338,4.3224,2.7435,0.7750,0.4409,nan,nan,nan,nan,0
none,cage,3,5,resnet,True,solarisation,lr,0.0001,0.0001,32,11,0.0240,3.7916,2.4402,0.7750,0.3871,nan,nan,nan,nan,0
none,cage,3,5,resnet,True,solarisation,lr,0.0001,0.0001,32,12,0.0208,3.0162,2.0142,0.7500,0.4014,nan,nan,nan,nan,0
none,cage,3,5,resnet,True,solarisation,lr,0.0001,0.0001,32,13,0.0153,3.3657,2.2720,0.7500,0.4516,nan,nan,nan,nan,0
none,cage,3,5,resnet,True,solarisation,lr,0.0001,0.0001,32,14,0.0390,1.5630,1.9298,0.5250,0.4265,nan,nan,nan,nan,0
none,cage,3,5,resnet,True,solarisation,lr,0.0001,0.0001,32,15,0.0381,6.2297,3.9843,0.7750,0.4910,nan,nan,nan,nan,0
none,cage,3,5,resnet,True,solarisation,lr,0.0001,0.0001,32,16,0.0700,5.1367,3.2600,0.7750,0.4516,nan,nan,nan,nan,0
none,cage,3,6,resnet,True,solarisation,lr,0.0001,0.0001,32,1,0.7352,0.7434,0.8046,0.1463,0.3857,nan,nan,nan,nan,0
none,cage,3,6,resnet,True,solarisation,lr,0.0001,0.0001,32,2,0.6247,0.7350,0.7355,0.3902,0.3476,nan,nan,nan,nan,0
none,cage,3,6,resnet,True,solarisation,lr,0.0001,0.0001,32,3,0.5037,0.8272,0.9108,0.1707,0.2810,nan,nan,nan,nan,0
none,cage,3,6,resnet,True,solarisation,lr,0.0001,0.0001,32,4,0.3516,1.2289,1.5453,0.1463,0.2476,nan,nan,nan,nan,0
none,cage,3,6,resnet,True,solarisation,lr,0.0001,0.0001,32,5,0.2056,0.9611,1.2384,0.2195,0.2714,nan,nan,nan,nan,1
none,cage,3,6,resnet,True,solarisation,lr,0.0001,0.0001,32,6,0.1380,1.8108,1.4338,0.8537,0.3095,nan,nan,nan,nan,0
none,cage,3,6,resnet,True,solarisation,lr,0.0001,0.0001,32,7,0.0755,1.1050,1.0892,0.7317,0.3857,nan,nan,nan,nan,0
none,cage,3,6,resnet,True,solarisation,lr,0.0001,0.0001,32,8,0.0770,1.5198,1.4560,0.7317,0.2048,nan,nan,nan,nan,0
none,cage,3,6,resnet,True,solarisation,lr,0.0001,0.0001,32,9,0.0461,2.5752,1.9313,0.8537,0.2524,nan,nan,nan,nan,0
none,cage,3,6,resnet,True,solarisation,lr,0.0001,0.0001,32,10,0.0349,3.1021,2.1647,0.8537,0.2429,nan,nan,nan,nan,0
none,cage,3,6,resnet,True,solarisation,lr,0.0001,0.0001,32,11,0.0235,3.2030,2.2537,0.8537,0.2524,nan,nan,nan,nan,0
none,cage,3,6,resnet,True,solarisation,lr,0.0001,0.0001,32,12,0.0734,3.9113,2.5302,0.8537,0.3619,nan,nan,nan,nan,0
none,cage,3,6,resnet,True,solarisation,lr,0.0001,0.0001,32,13,0.0587,2.6606,2.3875,0.6829,0.2857,nan,nan,nan,nan,0
none,cage,3,6,resnet,True,solarisation,lr,0.0001,0.0001,32,14,0.0203,2.1481,1.8207,0.7561,0.3333,nan,nan,nan,nan,0
none,cage,3,6,resnet,True,solarisation,lr,0.0001,0.0001,32,15,0.0205,4.4358,2.8468,0.8537,0.3762,nan,nan,nan,nan,1
none,cage,3,6,resnet,True,solarisation,lr,0.0001,0.0001,32,16,0.0088,4.0386,2.6070,0.8537,0.3619,nan,nan,nan,nan,1
none,cage,3,6,resnet,True,solarisation,lr,0.0001,0.0001,32,17,0.0041,4.5749,2.9608,0.8537,0.3524,nan,nan,nan,nan,0
none,cage,3,6,resnet,True,solarisation,lr,0.0001,0.0001,32,18,0.0073,5.7666,3.7696,0.8293,0.3238,nan,nan,nan,nan,1
none,cage,3,6,resnet,True,solarisation,lr,0.0001,0.0001,32,19,0.0187,8.8088,5.5491,0.8537,0.3429,nan,nan,nan,nan,0
none,cage,3,6,resnet,True,solarisation,lr,0.0001,0.0001,32,20,0.1300,13.2933,8.3303,0.8537,0.3905,nan,nan,nan,nan,0
none,cage,3,6,resnet,True,solarisation,lr,0.0001,0.0001,32,21,0.0632,7.8319,4.8869,0.8537,0.4429,nan,nan,nan,nan,1
none,cage,3,6,resnet,True,solarisation,lr,0.0001,0.0001,32,22,0.0165,7.5255,4.7372,0.8537,0.4333,nan,nan,nan,nan,1
none,cage,3,6,resnet,True,solarisation,lr,0.0001,0.0001,32,23,0.0140,11.6356,7.2582,0.8537,0.3952,nan,nan,nan,nan,1
none,cage,3,6,resnet,True,solarisation,lr,0.0001,0.0001,32,24,0.0104,6.7053,4.3365,0.8537,0.3762,6.0348,4.1270,0.8333,0.5714,1
none,cage,3,6,resnet,True,solarisation,lr,0.0001,0.0001,32,25,0.0043,8.8450,5.6058,0.8537,0.3857,nan,nan,nan,nan,0
none,cage,3,6,resnet,True,solarisation,lr,0.0001,0.0001,32,26,0.0013,8.3345,5.3084,0.8537,0.3905,nan,nan,nan,nan,0
none,cage,3,6,resnet,True,solarisation,lr,0.0001,0.0001,32,27,0.0014,8.7743,5.5642,0.8537,0.3905,nan,nan,nan,nan,0
none,cage,3,6,resnet,True,solarisation,lr,0.0001,0.0001,32,28,0.0018,7.5487,4.8279,0.8537,0.3952,nan,nan,nan,nan,0
none,cage,3,6,resnet,True,solarisation,lr,0.0001,0.0001,32,29,0.0042,6.7394,4.3629,0.8537,0.3714,nan,nan,nan,nan,0
none,cage,3,7,resnet,True,solarisation,lr,0.0001,0.0001,32,1,0.7350,0.6849,0.6966,0.4545,0.5938,nan,nan,nan,nan,0
none,cage,3,7,resnet,True,solarisation,lr,0.0001,0.0001,32,2,0.6460,0.6958,0.6959,0.4773,0.4722,nan,nan,nan,nan,0
none,cage,3,7,resnet,True,solarisation,lr,0.0001,0.0001,32,3,0.5139,0.7000,0.5959,0.7955,0.7361,nan,nan,nan,nan,0
none,cage,3,7,resnet,True,solarisation,lr,0.0001,0.0001,32,4,0.3380,0.9666,1.3278,0.1818,0.6007,nan,nan,nan,nan,0
none,cage,3,7,resnet,True,solarisation,lr,0.0001,0.0001,32,5,0.1936,0.9110,0.6093,0.8182,0.7569,nan,nan,nan,nan,1
none,cage,3,7,resnet,True,solarisation,lr,0.0001,0.0001,32,6,0.1100,0.8688,0.6637,0.8182,0.6701,nan,nan,nan,nan,1
none,cage,3,7,resnet,True,solarisation,lr,0.0001,0.0001,32,7,0.0639,1.6895,0.9530,0.8182,0.6771,1.7834,1.1350,0.8333,0.6041,1
none,cage,3,7,resnet,True,solarisation,lr,0.0001,0.0001,32,8,0.0732,2.4073,1.2720,0.8182,0.6215,nan,nan,nan,nan,0
none,cage,3,7,resnet,True,solarisation,lr,0.0001,0.0001,32,9,0.0617,1.2168,0.8084,0.8182,0.6667,nan,nan,nan,nan,0
none,cage,3,7,resnet,True,solarisation,lr,0.0001,0.0001,32,10,0.0547,2.9732,1.5451,0.8182,0.6771,nan,nan,nan,nan,0
none,cage,3,7,resnet,True,solarisation,lr,0.0001,0.0001,32,11,0.0489,1.0977,0.7615,0.8182,0.6910,nan,nan,nan,nan,0
none,cage,3,7,resnet,True,solarisation,lr,0.0001,0.0001,32,12,0.0639,3.4175,1.8295,0.8182,0.6562,nan,nan,nan,nan,0
none,cage,3,7,resnet,True,solarisation,lr,0.0001,0.0001,32,13,0.0311,2.6431,1.4060,0.8182,0.7083,nan,nan,nan,nan,0
none,cage,3,7,resnet,True,solarisation,lr,0.0001,0.0001,32,14,0.0145,3.6226,1.9488,0.8182,0.6979,nan,nan,nan,nan,0
none,cage,3,7,resnet,True,solarisation,lr,0.0001,0.0001,32,15,0.0131,4.3054,2.3294,0.8182,0.6910,nan,nan,nan,nan,0
none,cage,3,7,resnet,True,solarisation,lr,0.0001,0.0001,32,16,0.0218,3.9474,2.1952,0.8182,0.6910,nan,nan,nan,nan,0
none,cage,3,8,resnet,True,solarisation,lr,0.0001,0.0001,32,1,0.7236,0.6989,0.7451,0.1915,0.5481,nan,nan,nan,nan,0
none,cage,3,8,resnet,True,solarisation,lr,0.0001,0.0001,32,2,0.6263,0.7079,0.7983,0.1915,0.5994,nan,nan,nan,nan,0
none,cage,3,8,resnet,True,solarisation,lr,0.0001,0.0001,32,3,0.4909,0.8064,1.0439,0.1489,0.6122,nan,nan,nan,nan,0
none,cage,3,8,resnet,True,solarisation,lr,0.0001,0.0001,32,4,0.3412,1.0307,1.4236,0.1915,0.5769,nan,nan,nan,nan,0
none,cage,3,8,resnet,True,solarisation,lr,0.0001,0.0001,32,5,0.2039,1.0547,0.7342,0.7660,0.6090,nan,nan,nan,nan,1
none,cage,3,8,resnet,True,solarisation,lr,0.0001,0.0001,32,6,0.1269,1.0411,1.5602,0.2766,0.5705,nan,nan,nan,nan,0
none,cage,3,8,resnet,True,solarisation,lr,0.0001,0.0001,32,7,0.0683,0.8227,0.9200,0.6596,0.6122,nan,nan,nan,nan,1
none,cage,3,8,resnet,True,solarisation,lr,0.0001,0.0001,32,8,0.0530,1.9957,1.1112,0.8298,0.5897,nan,nan,nan,nan,0
none,cage,3,8,resnet,True,solarisation,lr,0.0001,0.0001,32,9,0.0828,0.7996,0.9625,0.7234,0.6474,0.8166,1.1994,0.6667,0.6204,1
none,cage,3,8,resnet,True,solarisation,lr,0.0001,0.0001,32,10,0.0411,0.9648,1.3433,0.5319,0.5833,nan,nan,nan,nan,0
none,cage,3,8,resnet,True,solarisation,lr,0.0001,0.0001,32,11,0.0294,1.0198,1.5643,0.4681,0.5833,nan,nan,nan,nan,0
none,cage,3,8,resnet,True,solarisation,lr,0.0001,0.0001,32,12,0.0349,1.2244,1.1151,0.7021,0.5513,nan,nan,nan,nan,0
none,cage,3,8,resnet,True,solarisation,lr,0.0001,0.0001,32,13,0.0441,1.9211,1.1313,0.7872,0.5224,nan,nan,nan,nan,0
none,cage,3,8,resnet,True,solarisation,lr,0.0001,0.0001,32,14,0.0211,3.2659,1.6799,0.8085,0.5128,nan,nan,nan,nan,0
none,cage,3,8,resnet,True,solarisation,lr,0.0001,0.0001,32,15,0.0358,1.1835,1.2408,0.6383,0.5000,nan,nan,nan,nan,0
none,cage,3,8,resnet,True,solarisation,lr,0.0001,0.0001,32,16,0.0115,1.1101,1.3393,0.6809,0.5577,nan,nan,nan,nan,0
none,cage,3,9,resnet,True,solarisation,lr,0.0001,0.0001,32,1,0.7354,0.6916,0.7259,0.2619,0.4613,nan,nan,nan,nan,0
none,cage,3,9,resnet,True,solarisation,lr,0.0001,0.0001,32,2,0.6187,0.9795,0.6793,0.7857,0.4983,nan,nan,nan,nan,0
none,cage,3,9,resnet,True,solarisation,lr,0.0001,0.0001,32,3,0.4957,1.1238,0.7852,0.7857,0.4781,nan,nan,nan,nan,0
none,cage,3,9,resnet,True,solarisation,lr,0.0001,0.0001,32,4,0.3131,1.0430,0.7967,0.8095,0.4916,nan,nan,nan,nan,0
none,cage,3,9,resnet,True,solarisation,lr,0.0001,0.0001,32,5,0.2025,2.2104,1.4166,0.7857,0.4411,1.7361,1.3083,0.8333,0.5551,1
none,cage,3,9,resnet,True,solarisation,lr,0.0001,0.0001,32,6,0.1063,2.3797,1.5195,0.7857,0.4646,nan,nan,nan,nan,0
none,cage,3,9,resnet,True,solarisation,lr,0.0001,0.0001,32,7,0.0751,2.6343,1.6292,0.7857,0.4848,nan,nan,nan,nan,0
none,cage,3,9,resnet,True,solarisation,lr,0.0001,0.0001,32,8,0.0798,5.5957,3.2746,0.7857,0.4747,nan,nan,nan,nan,0
none,cage,3,9,resnet,True,solarisation,lr,0.0001,0.0001,32,9,0.0513,5.1972,3.0578,0.7857,0.3771,nan,nan,nan,nan,0
none,cage,3,9,resnet,True,solarisation,lr,0.0001,0.0001,32,10,0.0497,5.6368,3.2307,0.7857,0.4343,nan,nan,nan,nan,0
none,cage,3,9,resnet,True,solarisation,lr,0.0001,0.0001,32,11,0.0343,3.9656,2.3926,0.7857,0.4478,nan,nan,nan,nan,0
none,cage,3,9,resnet,True,solarisation,lr,0.0001,0.0001,32,12,0.0434,4.8875,2.8684,0.7857,0.3906,nan,nan,nan,nan,0
none,cage,3,9,resnet,True,solarisation,lr,0.0001,0.0001,32,13,0.0223,8.3329,4.8206,0.7857,0.4040,nan,nan,nan,nan,0
none,cage,3,9,resnet,True,solarisation,lr,0.0001,0.0001,32,14,0.0288,9.4215,5.3941,0.7857,0.4310,nan,nan,nan,nan,0
none,cage,3,9,resnet,True,solarisation,lr,0.0001,0.0001,32,15,0.0101,10.1381,5.7484,0.7857,0.4141,nan,nan,nan,nan,0
none,cage,3,9,resnet,True,solarisation,lr,0.0001,0.0001,32,16,0.0085,9.9154,5.6392,0.7857,0.4242,nan,nan,nan,nan,0
none,cage,4,0,resnet,True,solarisation,lr,0.0001,0.0001,32,1,0.7403,0.6889,0.7031,0.3953,0.5278,nan,nan,nan,nan,0
none,cage,4,0,resnet,True,solarisation,lr,0.0001,0.0001,32,2,0.6364,0.6612,0.6763,0.6279,0.6825,nan,nan,nan,nan,0
none,cage,4,0,resnet,True,solarisation,lr,0.0001,0.0001,32,3,0.4915,1.0533,1.3951,0.1628,0.5992,nan,nan,nan,nan,0
none,cage,4,0,resnet,True,solarisation,lr,0.0001,0.0001,32,4,0.3216,1.0058,0.7661,0.8372,0.6468,nan,nan,nan,nan,0
none,cage,4,0,resnet,True,solarisation,lr,0.0001,0.0001,32,5,0.1967,1.2968,0.9317,0.8372,0.5476,nan,nan,nan,nan,1
none,cage,4,0,resnet,True,solarisation,lr,0.0001,0.0001,32,6,0.1081,1.1187,0.9501,0.8140,0.5675,1.5388,1.3467,0.8140,0.3536,1
none,cage,4,0,resnet,True,solarisation,lr,0.0001,0.0001,32,7,0.1151,1.0239,1.0707,0.7209,0.5437,nan,nan,nan,nan,0
none,cage,4,0,resnet,True,solarisation,lr,0.0001,0.0001,32,8,0.0760,1.8019,1.2951,0.8372,0.5000,nan,nan,nan,nan,0
none,cage,4,0,resnet,True,solarisation,lr,0.0001,0.0001,32,9,0.0349,4.1830,2.5522,0.8372,0.5040,nan,nan,nan,nan,0
none,cage,4,0,resnet,True,solarisation,lr,0.0001,0.0001,32,10,0.0430,6.7718,4.2007,0.8372,0.5159,nan,nan,nan,nan,0
none,cage,4,0,resnet,True,solarisation,lr,0.0001,0.0001,32,11,0.0490,6.3231,3.8605,0.8372,0.4722,nan,nan,nan,nan,0
none,cage,4,0,resnet,True,solarisation,lr,0.0001,0.0001,32,12,0.0483,3.9649,2.4339,0.8372,0.5675,nan,nan,nan,nan,0
none,cage,4,0,resnet,True,solarisation,lr,0.0001,0.0001,32,13,0.0156,6.8751,4.1845,0.8372,0.4841,nan,nan,nan,nan,0
none,cage,4,0,resnet,True,solarisation,lr,0.0001,0.0001,32,14,0.0099,4.9326,3.0148,0.8372,0.5754,nan,nan,nan,nan,0
none,cage,4,0,resnet,True,solarisation,lr,0.0001,0.0001,32,15,0.0130,6.6641,4.1064,0.8372,0.5635,nan,nan,nan,nan,0
none,cage,4,0,resnet,True,solarisation,lr,0.0001,0.0001,32,16,0.0145,3.6531,2.2781,0.8372,0.5198,nan,nan,nan,nan,0
none,cage,4,1,resnet,True,solarisation,lr,0.0001,0.0001,32,1,0.7370,0.6935,0.6823,0.8140,0.4603,nan,nan,nan,nan,0
none,cage,4,1,resnet,True,solarisation,lr,0.0001,0.0001,32,2,0.6390,0.8076,0.6022,0.8372,0.4365,nan,nan,nan,nan,0
none,cage,4,1,resnet,True,solarisation,lr,0.0001,0.0001,32,3,0.5064,0.8864,0.6912,0.8372,0.4643,nan,nan,nan,nan,0
none,cage,4,1,resnet,True,solarisation,lr,0.0001,0.0001,32,4,0.3276,1.5412,0.9169,0.8372,0.4365,nan,nan,nan,nan,0
none,cage,4,1,resnet,True,solarisation,lr,0.0001,0.0001,32,5,0.1870,2.4946,1.4122,0.8372,0.4762,nan,nan,nan,nan,1
none,cage,4,1,resnet,True,solarisation,lr,0.0001,0.0001,32,6,0.1283,3.4996,1.9084,0.8372,0.4802,nan,nan,nan,nan,0
none,cage,4,1,resnet,True,solarisation,lr,0.0001,0.0001,32,7,0.0811,4.6600,2.5348,0.8372,0.4762,nan,nan,nan,nan,1
none,cage,4,1,resnet,True,solarisation,lr,0.0001,0.0001,32,8,0.0490,3.4345,1.8767,0.8372,0.4762,nan,nan,nan,nan,0
none,cage,4,1,resnet,True,solarisation,lr,0.0001,0.0001,32,9,0.0493,7.5059,4.0916,0.8372,0.4841,nan,nan,nan,nan,1
none,cage,4,1,resnet,True,solarisation,lr,0.0001,0.0001,32,10,0.0410,6.0874,3.3139,0.8372,0.4841,nan,nan,nan,nan,0
none,cage,4,1,resnet,True,solarisation,lr,0.0001,0.0001,32,11,0.0445,9.0821,4.9426,0.8372,0.5119,nan,nan,nan,nan,1
none,cage,4,1,resnet,True,solarisation,lr,0.0001,0.0001,32,12,0.0702,5.8444,3.1866,0.8372,0.5317,nan,nan,nan,nan,1
none,cage,4,1,resnet,True,solarisation,lr,0.0001,0.0001,32,13,0.0635,5.0533,2.7458,0.8372,0.5317,nan,nan,nan,nan,1
none,cage,4,1,resnet,True,solarisation,lr,0.0001,0.0001,32,14,0.0208,5.2201,2.8386,0.8372,0.5198,5.9979,4.5468,0.8140,0.4214,1
none,cage,4,1,resnet,True,solarisation,lr,0.0001,0.0001,32,15,0.0142,5.0470,2.7430,0.8372,0.4960,nan,nan,nan,nan,0
none,cage,4,1,resnet,True,solarisation,lr,0.0001,0.0001,32,16,0.0096,5.9239,3.2090,0.8372,0.5079,nan,nan,nan,nan,0
none,cage,4,1,resnet,True,solarisation,lr,0.0001,0.0001,32,17,0.0187,9.7710,5.2847,0.8372,0.5040,nan,nan,nan,nan,0
none,cage,4,1,resnet,True,solarisation,lr,0.0001,0.0001,32,18,0.0339,3.7067,2.0950,0.8372,0.4881,nan,nan,nan,nan,0
none,cage,4,1,resnet,True,solarisation,lr,0.0001,0.0001,32,19,0.1054,11.3867,6.1960,0.8372,0.4643,nan,nan,nan,nan,0
none,cage,4,2,resnet,True,solarisation,lr,0.0001,0.0001,32,1,0.7282,0.6898,0.7200,0.4048,0.5110,nan,nan,nan,nan,0
none,cage,4,2,resnet,True,solarisation,lr,0.0001,0.0001,32,2,0.6077,0.7067,0.6621,0.8333,0.5588,nan,nan,nan,nan,0
none,cage,4,2,resnet,True,solarisation,lr,0.0001,0.0001,32,3,0.4815,0.8399,0.6670,0.8095,0.5515,nan,nan,nan,nan,0
none,cage,4,2,resnet,True,solarisation,lr,0.0001,0.0001,32,4,0.3108,1.3133,0.8400,0.8095,0.5368,nan,nan,nan,nan,0
none,cage,4,2,resnet,True,solarisation,lr,0.0001,0.0001,32,5,0.1970,2.9418,1.6865,0.8095,0.5699,nan,nan,nan,nan,1
none,cage,4,2,resnet,True,solarisation,lr,0.0001,0.0001,32,6,0.1143,3.3518,1.9148,0.8095,0.5772,nan,nan,nan,nan,1
none,cage,4,2,resnet,True,solarisation,lr,0.0001,0.0001,32,7,0.0591,5.4019,3.0547,0.8095,0.5294,nan,nan,nan,nan,0
none,cage,4,2,resnet,True,solarisation,lr,0.0001,0.0001,32,8,0.0616,2.6548,1.5347,0.8095,0.6471,nan,nan,nan,nan,1
none,cage,4,2,resnet,True,solarisation,lr,0.0001,0.0001,32,9,0.0518,4.5717,2.5814,0.8095,0.5699,5.0534,3.6255,0.8140,0.4214,1
none,cage,4,2,resnet,True,solarisation,lr,0.0001,0.0001,32,10,0.0643,4.1809,2.3923,0.8095,0.5625,nan,nan,nan,nan,0
none,cage,4,2,resnet,True,solarisation,lr,0.0001,0.0001,32,11,0.0604,6.4905,3.6683,0.8095,0.5074,nan,nan,nan,nan,0
none,cage,4,2,resnet,True,solarisation,lr,0.0001,0.0001,32,12,0.0267,6.5489,3.6897,0.8095,0.5993,nan,nan,nan,nan,0
none,cage,4,2,resnet,True,solarisation,lr,0.0001,0.0001,32,13,0.0394,7.4872,4.2420,0.8095,0.5551,nan,nan,nan,nan,0
none,cage,4,2,resnet,True,solarisation,lr,0.0001,0.0001,32,14,0.0499,7.6150,4.3045,0.8095,0.5588,nan,nan,nan,nan,0
none,cage,4,2,resnet,True,solarisation,lr,0.0001,0.0001,32,15,0.0712,6.9667,3.9486,0.8095,0.5478,nan,nan,nan,nan,0
none,cage,4,2,resnet,True,solarisation,lr,0.0001,0.0001,32,16,0.0515,6.9185,3.9358,0.8095,0.5882,nan,nan,nan,nan,0
none,cage,4,3,resnet,True,solarisation,lr,0.0001,0.0001,32,1,0.7309,0.7011,0.7194,0.3810,0.4041,nan,nan,nan,nan,0
none,cage,4,3,resnet,True,solarisation,lr,0.0001,0.0001,32,2,0.6349,0.7604,0.6683,0.8333,0.4653,nan,nan,nan,nan,0
none,cage,4,3,resnet,True,solarisation,lr,0.0001,0.0001,32,3,0.5209,0.7335,0.6636,0.8095,0.5429,nan,nan,nan,nan,0
none,cage,4,3,resnet,True,solarisation,lr,0.0001,0.0001,32,4,0.3313,0.7396,0.7147,0.8095,0.5878,nan,nan,nan,nan,0
none,cage,4,3,resnet,True,solarisation,lr,0.0001,0.0001,32,5,0.2152,2.6138,1.6253,0.8333,0.5469,nan,nan,nan,nan,1
none,cage,4,3,resnet,True,solarisation,lr,0.0001,0.0001,32,6,0.1194,3.9596,2.4033,0.8333,0.5796,nan,nan,nan,nan,1
none,cage,4,3,resnet,True,solarisation,lr,0.0001,0.0001,32,7,0.0874,5.5735,3.3484,0.8333,0.5510,nan,nan,nan,nan,1
none,cage,4,3,resnet,True,solarisation,lr,0.0001,0.0001,32,8,0.0568,3.8310,2.3396,0.8333,0.5551,nan,nan,nan,nan,0
none,cage,4,3,resnet,True,solarisation,lr,0.0001,0.0001,32,9,0.0422,5.8854,3.5971,0.8333,0.5592,nan,nan,nan,nan,0
none,cage,4,3,resnet,True,solarisation,lr,0.0001,0.0001,32,10,0.0364,5.9921,3.6420,0.8333,0.6122,nan,nan,nan,nan,1
none,cage,4,3,resnet,True,solarisation,lr,0.0001,0.0001,32,11,0.0424,4.8744,2.9528,0.8333,0.5633,nan,nan,nan,nan,0
none,cage,4,3,resnet,True,solarisation,lr,0.0001,0.0001,32,12,0.0450,7.7944,4.7407,0.8333,0.6122,nan,nan,nan,nan,1
none,cage,4,3,resnet,True,solarisation,lr,0.0001,0.0001,32,13,0.0342,11.2037,6.7850,0.8333,0.5796,nan,nan,nan,nan,0
none,cage,4,3,resnet,True,solarisation,lr,0.0001,0.0001,32,14,0.0416,9.2488,5.6171,0.8333,0.6041,11.8940,8.7383,0.8140,0.3393,1
none,cage,4,3,resnet,True,solarisation,lr,0.0001,0.0001,32,15,0.0168,10.3998,6.3563,0.8333,0.5551,nan,nan,nan,nan,0
none,cage,4,3,resnet,True,solarisation,lr,0.0001,0.0001,32,16,0.0220,5.9284,3.5601,0.8333,0.5551,nan,nan,nan,nan,0
none,cage,4,3,resnet,True,solarisation,lr,0.0001,0.0001,32,17,0.0133,8.4319,5.0799,0.8333,0.5102,nan,nan,nan,nan,0
none,cage,4,3,resnet,True,solarisation,lr,0.0001,0.0001,32,18,0.0577,4.1863,2.5547,0.8333,0.5878,nan,nan,nan,nan,0
none,cage,4,3,resnet,True,solarisation,lr,0.0001,0.0001,32,19,0.0554,4.8779,2.8752,0.8333,0.5592,nan,nan,nan,nan,0
none,cage,4,5,resnet,True,solarisation,lr,0.0001,0.0001,32,1,0.7195,0.7230,0.6650,0.7750,0.6308,nan,nan,nan,nan,0
none,cage,4,5,resnet,True,solarisation,lr,0.0001,0.0001,32,2,0.6023,0.9556,0.7440,0.7750,0.3728,nan,nan,nan,nan,0
none,cage,4,5,resnet,True,solarisation,lr,0.0001,0.0001,32,3,0.4532,0.7095,0.7375,0.5500,0.5305,nan,nan,nan,nan,0
none,cage,4,5,resnet,True,solarisation,lr,0.0001,0.0001,32,4,0.2925,1.8456,1.2651,0.7750,0.3871,nan,nan,nan,nan,0
none,cage,4,5,resnet,True,solarisation,lr,0.0001,0.0001,32,5,0.1611,1.7008,1.2190,0.7750,0.4265,1.8445,1.4475,0.8140,0.2250,1
none,cage,4,5,resnet,True,solarisation,lr,0.0001,0.0001,32,6,0.0848,2.3775,1.5782,0.7750,0.5341,nan,nan,nan,nan,0
none,cage,4,5,resnet,True,solarisation,lr,0.0001,0.0001,32,7,0.0789,0.8961,1.0736,0.5500,0.4373,nan,nan,nan,nan,0
none,cage,4,5,resnet,True,solarisation,lr,0.0001,0.0001,32,8,0.0514,2.9189,1.8972,0.7750,0.4516,nan,nan,nan,nan,0
none,cage,4,5,resnet,True,solarisation,lr,0.0001,0.0001,32,9,0.0318,3.3856,2.1840,0.7750,0.4480,nan,nan,nan,nan,0
none,cage,4,5,resnet,True,solarisation,lr,0.0001,0.0001,32,10,0.0771,1.4555,1.0758,0.7750,0.4444,nan,nan,nan,nan,0
none,cage,4,5,resnet,True,solarisation,lr,0.0001,0.0001,32,11,0.0857,5.4162,3.3800,0.7750,0.3692,nan,nan,nan,nan,0
none,cage,4,5,resnet,True,solarisation,lr,0.0001,0.0001,32,12,0.0395,4.6972,2.9633,0.7750,0.4158,nan,nan,nan,nan,0
none,cage,4,5,resnet,True,solarisation,lr,0.0001,0.0001,32,13,0.0182,5.5985,3.5137,0.7750,0.4194,nan,nan,nan,nan,0
none,cage,4,5,resnet,True,solarisation,lr,0.0001,0.0001,32,14,0.0169,6.2545,3.9150,0.7750,0.4731,nan,nan,nan,nan,0
none,cage,4,5,resnet,True,solarisation,lr,0.0001,0.0001,32,15,0.0112,6.9557,4.3755,0.7750,0.4158,nan,nan,nan,nan,0
none,cage,4,5,resnet,True,solarisation,lr,0.0001,0.0001,32,16,0.0077,7.3087,4.5985,0.7750,0.3799,nan,nan,nan,nan,0
none,cage,4,6,resnet,True,solarisation,lr,0.0001,0.0001,32,1,0.7373,0.7158,0.7335,0.1220,0.2905,nan,nan,nan,nan,0
none,cage,4,6,resnet,True,solarisation,lr,0.0001,0.0001,32,2,0.6293,0.7607,0.6389,0.8537,0.3476,nan,nan,nan,nan,0
none,cage,4,6,resnet,True,solarisation,lr,0.0001,0.0001,32,3,0.4953,1.0212,0.7368,0.8537,0.3667,nan,nan,nan,nan,0
none,cage,4,6,resnet,True,solarisation,lr,0.0001,0.0001,32,4,0.3433,0.9214,0.7309,0.8293,0.4571,nan,nan,nan,nan,0
none,cage,4,6,resnet,True,solarisation,lr,0.0001,0.0001,32,5,0.1829,3.0060,1.8360,0.8537,0.4143,nan,nan,nan,nan,1
none,cage,4,6,resnet,True,solarisation,lr,0.0001,0.0001,32,6,0.1207,2.7950,1.7112,0.8537,0.4571,nan,nan,nan,nan,1
none,cage,4,6,resnet,True,solarisation,lr,0.0001,0.0001,32,7,0.0857,4.0908,2.5052,0.8537,0.4524,nan,nan,nan,nan,1
none,cage,4,6,resnet,True,solarisation,lr,0.0001,0.0001,32,8,0.0774,3.5601,2.1914,0.8537,0.4905,nan,nan,nan,nan,1
none,cage,4,6,resnet,True,solarisation,lr,0.0001,0.0001,32,9,0.0303,2.7053,1.6662,0.8537,0.5524,nan,nan,nan,nan,1
none,cage,4,6,resnet,True,solarisation,lr,0.0001,0.0001,32,10,0.0471,3.3806,2.0731,0.8537,0.5143,nan,nan,nan,nan,1
none,cage,4,6,resnet,True,solarisation,lr,0.0001,0.0001,32,11,0.0608,2.8804,1.7794,0.8537,0.5143,nan,nan,nan,nan,1
none,cage,4,6,resnet,True,solarisation,lr,0.0001,0.0001,32,12,0.0576,2.7079,1.6932,0.8537,0.4762,nan,nan,nan,nan,0
none,cage,4,6,resnet,True,solarisation,lr,0.0001,0.0001,32,13,0.0229,2.8388,1.7439,0.8537,0.5048,3.6193,2.7256,0.8140,0.4286,1
none,cage,4,6,resnet,True,solarisation,lr,0.0001,0.0001,32,14,0.0073,3.3366,2.0549,0.8537,0.5571,nan,nan,nan,nan,0
none,cage,4,6,resnet,True,solarisation,lr,0.0001,0.0001,32,15,0.0259,3.4130,2.1265,0.8537,0.5095,nan,nan,nan,nan,0
none,cage,4,6,resnet,True,solarisation,lr,0.0001,0.0001,32,16,0.0399,3.6909,2.2521,0.8537,0.4476,nan,nan,nan,nan,0
none,cage,4,6,resnet,True,solarisation,lr,0.0001,0.0001,32,17,0.0462,8.5800,5.2224,0.8537,0.4286,nan,nan,nan,nan,0
none,cage,4,6,resnet,True,solarisation,lr,0.0001,0.0001,32,18,0.0525,4.0009,2.4086,0.8537,0.5190,nan,nan,nan,nan,0
none,cage,4,7,resnet,True,solarisation,lr,0.0001,0.0001,32,1,0.7430,0.6900,0.7114,0.2727,0.5521,nan,nan,nan,nan,0
none,cage,4,7,resnet,True,solarisation,lr,0.0001,0.0001,32,2,0.6394,0.7050,0.8243,0.1818,0.6146,nan,nan,nan,nan,0
none,cage,4,7,resnet,True,solarisation,lr,0.0001,0.0001,32,3,0.4973,0.7498,0.9743,0.1818,0.6806,nan,nan,nan,nan,0
none,cage,4,7,resnet,True,solarisation,lr,0.0001,0.0001,32,4,0.3280,0.6763,0.6392,0.7955,0.6528,nan,nan,nan,nan,0
none,cage,4,7,resnet,True,solarisation,lr,0.0001,0.0001,32,5,0.2024,0.6585,0.7051,0.7045,0.7118,nan,nan,nan,nan,1
none,cage,4,7,resnet,True,solarisation,lr,0.0001,0.0001,32,6,0.1123,1.3722,0.8346,0.8182,0.7674,nan,nan,nan,nan,1
none,cage,4,7,resnet,True,solarisation,lr,0.0001,0.0001,32,7,0.0648,1.2731,0.8262,0.8182,0.7569,nan,nan,nan,nan,1
none,cage,4,7,resnet,True,solarisation,lr,0.0001,0.0001,32,8,0.0446,0.6876,0.6757,0.8182,0.7917,nan,nan,nan,nan,1
none,cage,4,7,resnet,True,solarisation,lr,0.0001,0.0001,32,9,0.0716,0.5661,0.7935,0.5909,0.7708,nan,nan,nan,nan,1
none,cage,4,7,resnet,True,solarisation,lr,0.0001,0.0001,32,10,0.0392,2.2024,1.1605,0.8182,0.7396,3.2602,2.3606,0.8140,0.3500,1
none,cage,4,7,resnet,True,solarisation,lr,0.0001,0.0001,32,11,0.0374,3.1651,1.6390,0.8182,0.7396,nan,nan,nan,nan,0
none,cage,4,7,resnet,True,solarisation,lr,0.0001,0.0001,32,12,0.0430,2.2812,1.2442,0.8182,0.6701,nan,nan,nan,nan,0
none,cage,4,7,resnet,True,solarisation,lr,0.0001,0.0001,32,13,0.0350,2.5588,1.3901,0.8182,0.7778,nan,nan,nan,nan,0
none,cage,4,7,resnet,True,solarisation,lr,0.0001,0.0001,32,14,0.0459,0.5837,0.9255,0.5227,0.7708,nan,nan,nan,nan,0
none,cage,4,7,resnet,True,solarisation,lr,0.0001,0.0001,32,15,0.0313,2.0948,1.2026,0.8182,0.7188,nan,nan,nan,nan,0
none,cage,4,7,resnet,True,solarisation,lr,0.0001,0.0001,32,16,0.0176,2.1493,1.2278,0.8182,0.7014,nan,nan,nan,nan,0
none,cage,4,8,resnet,True,solarisation,lr,0.0001,0.0001,32,1,0.7273,0.7832,0.9843,0.1702,0.5160,nan,nan,nan,nan,0
none,cage,4,8,resnet,True,solarisation,lr,0.0001,0.0001,32,2,0.6191,0.7058,0.7968,0.1915,0.5609,nan,nan,nan,nan,0
none,cage,4,8,resnet,True,solarisation,lr,0.0001,0.0001,32,3,0.4923,0.8808,1.1644,0.1702,0.4744,nan,nan,nan,nan,0
none,cage,4,8,resnet,True,solarisation,lr,0.0001,0.0001,32,4,0.3217,0.8857,1.1806,0.2128,0.4968,nan,nan,nan,nan,0
none,cage,4,8,resnet,True,solarisation,lr,0.0001,0.0001,32,5,0.1951,0.7860,0.7726,0.5532,0.4936,0.9649,1.0257,0.4884,0.2500,1
none,cage,4,8,resnet,True,solarisation,lr,0.0001,0.0001,32,6,0.1310,0.8159,0.7606,0.7234,0.4776,nan,nan,nan,nan,0
none,cage,4,8,resnet,True,solarisation,lr,0.0001,0.0001,32,7,0.0851,1.7179,0.9824,0.8298,0.4615,nan,nan,nan,nan,0
none,cage,4,8,resnet,True,solarisation,lr,0.0001,0.0001,32,8,0.0562,1.3629,0.8991,0.7872,0.4551,nan,nan,nan,nan,0
none,cage,4,8,resnet,True,solarisation,lr,0.0001,0.0001,32,9,0.0352,2.5309,1.3111,0.8298,0.4551,nan,nan,nan,nan,0
none,cage,4,8,resnet,True,solarisation,lr,0.0001,0.0001,32,10,0.0213,1.8689,1.0484,0.8298,0.5160,nan,nan,nan,nan,0
none,cage,4,8,resnet,True,solarisation,lr,0.0001,0.0001,32,11,0.0227,2.0233,1.1059,0.8298,0.5064,nan,nan,nan,nan,0
none,cage,4,8,resnet,True,solarisation,lr,0.0001,0.0001,32,12,0.0366,1.6719,0.9657,0.8085,0.5032,nan,nan,nan,nan,0
none,cage,4,8,resnet,True,solarisation,lr,0.0001,0.0001,32,13,0.0622,3.9379,1.9305,0.8085,0.4551,nan,nan,nan,nan,0
none,cage,4,8,resnet,True,solarisation,lr,0.0001,0.0001,32,14,0.0537,2.2156,1.2761,0.7872,0.5096,nan,nan,nan,nan,0
none,cage,4,8,resnet,True,solarisation,lr,0.0001,0.0001,32,15,0.0445,6.0179,2.9953,0.8298,0.5353,nan,nan,nan,nan,0
none,cage,4,8,resnet,True,solarisation,lr,0.0001,0.0001,32,16,0.0140,5.6425,2.8045,0.8298,0.5000,nan,nan,nan,nan,0
none,cage,4,9,resnet,True,solarisation,lr,0.0001,0.0001,32,1,0.7212,0.7152,0.6857,0.7143,0.3872,nan,nan,nan,nan,0
none,cage,4,9,resnet,True,solarisation,lr,0.0001,0.0001,32,2,0.6237,0.7413,0.7306,0.5238,0.3199,nan,nan,nan,nan,0
none,cage,4,9,resnet,True,solarisation,lr,0.0001,0.0001,32,3,0.4673,1.6267,0.9779,0.7857,0.2761,nan,nan,nan,nan,0
none,cage,4,9,resnet,True,solarisation,lr,0.0001,0.0001,32,4,0.3089,1.7475,1.0597,0.7857,0.3973,nan,nan,nan,nan,0
none,cage,4,9,resnet,True,solarisation,lr,0.0001,0.0001,32,5,0.1975,1.0768,0.8184,0.7619,0.3973,1.1006,0.9637,0.7907,0.3357,1
none,cage,4,9,resnet,True,solarisation,lr,0.0001,0.0001,32,6,0.1261,1.7202,1.1036,0.7857,0.3232,nan,nan,nan,nan,0
none,cage,4,9,resnet,True,solarisation,lr,0.0001,0.0001,32,7,0.0733,2.8275,1.6218,0.7857,0.2795,nan,nan,nan,nan,0
none,cage,4,9,resnet,True,solarisation,lr,0.0001,0.0001,32,8,0.0613,2.0580,1.2215,0.7857,0.2997,nan,nan,nan,nan,0
none,cage,4,9,resnet,True,solarisation,lr,0.0001,0.0001,32,9,0.0442,1.2659,0.9496,0.7857,0.4007,nan,nan,nan,nan,0
none,cage,4,9,resnet,True,solarisation,lr,0.0001,0.0001,32,10,0.0368,3.8804,2.1701,0.7857,0.2795,nan,nan,nan,nan,0
none,cage,4,9,resnet,True,solarisation,lr,0.0001,0.0001,32,11,0.0331,4.0783,2.2340,0.7857,0.2795,nan,nan,nan,nan,0
none,cage,4,9,resnet,True,solarisation,lr,0.0001,0.0001,32,12,0.0205,2.0112,1.3031,0.7857,0.2424,nan,nan,nan,nan,0
none,cage,4,9,resnet,True,solarisation,lr,0.0001,0.0001,32,13,0.0374,4.8367,2.6624,0.7857,0.3165,nan,nan,nan,nan,0
none,cage,4,9,resnet,True,solarisation,lr,0.0001,0.0001,32,14,0.0751,4.6600,2.5108,0.7857,0.2929,nan,nan,nan,nan,0
none,cage,4,9,resnet,True,solarisation,lr,0.0001,0.0001,32,15,0.0574,6.4986,3.5522,0.7857,0.3300,nan,nan,nan,nan,0
none,cage,4,9,resnet,True,solarisation,lr,0.0001,0.0001,32,16,0.0210,4.1899,2.3295,0.7857,0.3131,nan,nan,nan,nan,0
none,cage,5,0,resnet,True,solarisation,lr,0.0001,0.0001,32,1,0.7345,0.6855,0.6819,0.6977,0.6627,nan,nan,nan,nan,0
none,cage,5,0,resnet,True,solarisation,lr,0.0001,0.0001,32,2,0.6427,0.7194,0.7950,0.1628,0.6151,nan,nan,nan,nan,0
none,cage,5,0,resnet,True,solarisation,lr,0.0001,0.0001,32,3,0.5075,0.6815,0.6643,0.7674,0.5794,nan,nan,nan,nan,0
none,cage,5,0,resnet,True,solarisation,lr,0.0001,0.0001,32,4,0.3554,0.8446,0.6527,0.8372,0.6349,nan,nan,nan,nan,0
none,cage,5,0,resnet,True,solarisation,lr,0.0001,0.0001,32,5,0.2036,1.3403,0.9513,0.8372,0.6270,1.8862,1.3052,0.7750,0.4409,1
none,cage,5,0,resnet,True,solarisation,lr,0.0001,0.0001,32,6,0.1155,1.4904,0.9860,0.8372,0.5516,nan,nan,nan,nan,0
none,cage,5,0,resnet,True,solarisation,lr,0.0001,0.0001,32,7,0.0736,2.1255,1.3539,0.8372,0.5913,nan,nan,nan,nan,0
none,cage,5,0,resnet,True,solarisation,lr,0.0001,0.0001,32,8,0.0477,1.2107,0.8514,0.8372,0.6587,nan,nan,nan,nan,0
none,cage,5,0,resnet,True,solarisation,lr,0.0001,0.0001,32,9,0.0644,1.8133,1.1724,0.8372,0.6071,nan,nan,nan,nan,0
none,cage,5,0,resnet,True,solarisation,lr,0.0001,0.0001,32,10,0.0530,3.0795,1.9023,0.8372,0.6230,nan,nan,nan,nan,0
none,cage,5,0,resnet,True,solarisation,lr,0.0001,0.0001,32,11,0.0439,1.8658,1.2818,0.8372,0.6627,nan,nan,nan,nan,0
none,cage,5,0,resnet,True,solarisation,lr,0.0001,0.0001,32,12,0.0536,6.2562,3.8772,0.8372,0.5833,nan,nan,nan,nan,0
none,cage,5,0,resnet,True,solarisation,lr,0.0001,0.0001,32,13,0.0527,5.4261,3.3982,0.8372,0.5754,nan,nan,nan,nan,0
none,cage,5,0,resnet,True,solarisation,lr,0.0001,0.0001,32,14,0.0194,5.9291,3.6944,0.8372,0.5714,nan,nan,nan,nan,0
none,cage,5,0,resnet,True,solarisation,lr,0.0001,0.0001,32,15,0.0161,6.0116,3.7112,0.8372,0.6429,nan,nan,nan,nan,0
none,cage,5,0,resnet,True,solarisation,lr,0.0001,0.0001,32,16,0.0175,4.7974,2.9597,0.8372,0.5992,nan,nan,nan,nan,0
none,cage,5,1,resnet,True,solarisation,lr,0.0001,0.0001,32,1,0.7244,0.6991,0.7341,0.1860,0.5992,nan,nan,nan,nan,0
none,cage,5,1,resnet,True,solarisation,lr,0.0001,0.0001,32,2,0.6329,0.6932,0.6526,0.8372,0.5159,nan,nan,nan,nan,0
none,cage,5,1,resnet,True,solarisation,lr,0.0001,0.0001,32,3,0.4830,0.6971,0.6514,0.6744,0.5556,nan,nan,nan,nan,0
none,cage,5,1,resnet,True,solarisation,lr,0.0001,0.0001,32,4,0.3033,0.9281,0.6340,0.8372,0.6270,nan,nan,nan,nan,0
none,cage,5,1,resnet,True,solarisation,lr,0.0001,0.0001,32,5,0.1602,1.0444,0.7695,0.8372,0.5397,1.2527,0.9766,0.7750,0.4552,1
none,cage,5,1,resnet,True,solarisation,lr,0.0001,0.0001,32,6,0.1172,1.9618,1.1454,0.8372,0.5357,nan,nan,nan,nan,0
none,cage,5,1,resnet,True,solarisation,lr,0.0001,0.0001,32,7,0.0900,1.4041,0.9192,0.8372,0.4841,nan,nan,nan,nan,0
none,cage,5,1,resnet,True,solarisation,lr,0.0001,0.0001,32,8,0.0707,1.9283,1.1051,0.8372,0.5278,nan,nan,nan,nan,0
none,cage,5,1,resnet,True,solarisation,lr,0.0001,0.0001,32,9,0.0420,2.3099,1.3210,0.8372,0.4960,nan,nan,nan,nan,0
none,cage,5,1,resnet,True,solarisation,lr,0.0001,0.0001,32,10,0.0304,3.5310,1.9531,0.8372,0.4960,nan,nan,nan,nan,0
none,cage,5,1,resnet,True,solarisation,lr,0.0001,0.0001,32,11,0.0463,3.5448,1.9724,0.8372,0.5198,nan,nan,nan,nan,0
none,cage,5,1,resnet,True,solarisation,lr,0.0001,0.0001,32,12,0.0495,3.8678,2.1476,0.8372,0.5714,nan,nan,nan,nan,0
none,cage,5,1,resnet,True,solarisation,lr,0.0001,0.0001,32,13,0.0466,3.5744,1.9869,0.8372,0.5873,nan,nan,nan,nan,0
none,cage,5,1,resnet,True,solarisation,lr,0.0001,0.0001,32,14,0.0403,2.5338,1.4268,0.8372,0.5040,nan,nan,nan,nan,0
none,cage,5,1,resnet,True,solarisation,lr,0.0001,0.0001,32,15,0.0230,2.2904,1.3116,0.8372,0.4921,nan,nan,nan,nan,0
none,cage,5,1,resnet,True,solarisation,lr,0.0001,0.0001,32,16,0.0148,2.6882,1.5031,0.8372,0.4802,nan,nan,nan,nan,0
none,cage,5,2,resnet,True,solarisation,lr,0.0001,0.0001,32,1,0.7326,0.7157,0.8491,0.1905,0.5735,nan,nan,nan,nan,0
none,cage,5,2,resnet,True,solarisation,lr,0.0001,0.0001,32,2,0.6134,0.6958,0.6435,0.7381,0.6140,nan,nan,nan,nan,0
none,cage,5,2,resnet,True,solarisation,lr,0.0001,0.0001,32,3,0.4778,0.6972,0.7206,0.5714,0.5625,nan,nan,nan,nan,0
none,cage,5,2,resnet,True,solarisation,lr,0.0001,0.0001,32,4,0.3082,1.8708,1.1033,0.8095,0.5368,nan,nan,nan,nan,0
none,cage,5,2,resnet,True,solarisation,lr,0.0001,0.0001,32,5,0.1838,1.0473,0.8051,0.8333,0.5147,nan,nan,nan,nan,1
none,cage,5,2,resnet,True,solarisation,lr,0.0001,0.0001,32,6,0.1196,0.9155,0.7305,0.7857,0.6176,1.3782,1.0749,0.7250,0.4659,1
none,cage,5,2,resnet,True,solarisation,lr,0.0001,0.0001,32,7,0.0735,1.8715,1.1673,0.8095,0.5441,nan,nan,nan,nan,0
none,cage,5,2,resnet,True,solarisation,lr,0.0001,0.0001,32,8,0.0458,3.4544,1.9636,0.8095,0.4191,nan,nan,nan,nan,0
none,cage,5,2,resnet,True,solarisation,lr,0.0001,0.0001,32,9,0.0531,1.4390,1.0219,0.8095,0.5919,nan,nan,nan,nan,0
none,cage,5,2,resnet,True,solarisation,lr,0.0001,0.0001,32,10,0.0564,4.2700,2.3967,0.8095,0.4963,nan,nan,nan,nan,0
none,cage,5,2,resnet,True,solarisation,lr,0.0001,0.0001,32,11,0.0638,5.2290,2.9688,0.8095,0.5074,nan,nan,nan,nan,0
none,cage,5,2,resnet,True,solarisation,lr,0.0001,0.0001,32,12,0.0458,5.7329,3.2486,0.8095,0.5699,nan,nan,nan,nan,0
none,cage,5,2,resnet,True,solarisation,lr,0.0001,0.0001,32,13,0.0171,5.1432,2.9151,0.8095,0.4596,nan,nan,nan,nan,0
none,cage,5,2,resnet,True,solarisation,lr,0.0001,0.0001,32,14,0.0111,6.3419,3.5629,0.8095,0.4779,nan,nan,nan,nan,0
none,cage,5,2,resnet,True,solarisation,lr,0.0001,0.0001,32,15,0.0087,2.9011,1.7236,0.8095,0.4853,nan,nan,nan,nan,0
none,cage,5,2,resnet,True,solarisation,lr,0.0001,0.0001,32,16,0.0099,3.3712,1.9436,0.8095,0.4853,nan,nan,nan,nan,0
none,cage,5,3,resnet,True,solarisation,lr,0.0001,0.0001,32,1,0.7333,0.7046,0.7603,0.1667,0.5020,nan,nan,nan,nan,0
none,cage,5,3,resnet,True,solarisation,lr,0.0001,0.0001,32,2,0.6456,0.7024,0.6434,0.8333,0.5020,nan,nan,nan,nan,0
none,cage,5,3,resnet,True,solarisation,lr,0.0001,0.0001,32,3,0.4924,0.6782,0.7207,0.4524,0.6653,nan,nan,nan,nan,0
none,cage,5,3,resnet,True,solarisation,lr,0.0001,0.0001,32,4,0.3217,0.9795,0.7107,0.8333,0.6082,nan,nan,nan,nan,0
none,cage,5,3,resnet,True,solarisation,lr,0.0001,0.0001,32,5,0.2024,0.7895,0.6666,0.8333,0.6163,nan,nan,nan,nan,1
none,cage,5,3,resnet,True,solarisation,lr,0.0001,0.0001,32,6,0.1075,0.7238,0.6716,0.8333,0.6653,nan,nan,nan,nan,1
none,cage,5,3,resnet,True,solarisation,lr,0.0001,0.0001,32,7,0.0790,1.0052,0.7467,0.8333,0.6327,nan,nan,nan,nan,1
none,cage,5,3,resnet,True,solarisation,lr,0.0001,0.0001,32,8,0.0460,1.1515,0.8968,0.8333,0.6898,nan,nan,nan,nan,0
none,cage,5,3,resnet,True,solarisation,lr,0.0001,0.0001,32,9,0.0699,1.3375,0.9147,0.8333,0.6286,1.7044,1.1703,0.7750,0.4194,1
none,cage,5,3,resnet,True,solarisation,lr,0.0001,0.0001,32,10,0.0486,1.4684,1.0095,0.8333,0.6245,nan,nan,nan,nan,0
none,cage,5,3,resnet,True,solarisation,lr,0.0001,0.0001,32,11,0.0288,2.1389,1.3732,0.8333,0.6367,nan,nan,nan,nan,0
none,cage,5,3,resnet,True,solarisation,lr,0.0001,0.0001,32,12,0.0291,1.8056,1.1800,0.8333,0.6612,nan,nan,nan,nan,0
none,cage,5,3,resnet,True,solarisation,lr,0.0001,0.0001,32,13,0.0384,1.1691,0.8936,0.8333,0.6204,nan,nan,nan,nan,0
none,cage,5,3,resnet,True,solarisation,lr,0.0001,0.0001,32,14,0.0425,1.9181,1.2502,0.8333,0.6041,nan,nan,nan,nan,0
none,cage,5,3,resnet,True,solarisation,lr,0.0001,0.0001,32,15,0.0658,3.4580,2.2048,0.8333,0.5837,nan,nan,nan,nan,0
none,cage,5,3,resnet,True,solarisation,lr,0.0001,0.0001,32,16,0.0190,2.7311,1.8129,0.8333,0.6122,nan,nan,nan,nan,0
none,cage,5,4,resnet,True,solarisation,lr,0.0001,0.0001,32,1,0.7335,0.7654,0.6914,0.8140,0.3107,nan,nan,nan,nan,0
none,cage,5,4,resnet,True,solarisation,lr,0.0001,0.0001,32,2,0.6199,0.7521,0.7348,0.6047,0.3429,nan,nan,nan,nan,0
none,cage,5,4,resnet,True,solarisation,lr,0.0001,0.0001,32,3,0.4828,0.7380,0.7812,0.2791,0.4286,nan,nan,nan,nan,0
none,cage,5,4,resnet,True,solarisation,lr,0.0001,0.0001,32,4,0.3046,1.0381,0.9500,0.8140,0.3500,nan,nan,nan,nan,0
none,cage,5,4,resnet,True,solarisation,lr,0.0001,0.0001,32,5,0.1659,0.8373,1.0414,0.2326,0.3464,nan,nan,nan,nan,1
none,cage,5,4,resnet,True,solarisation,lr,0.0001,0.0001,32,6,0.1003,0.8956,1.2311,0.3721,0.3500,nan,nan,nan,nan,1
none,cage,5,4,resnet,True,solarisation,lr,0.0001,0.0001,32,7,0.0878,2.7116,2.0803,0.8140,0.4500,2.5774,1.6435,0.7750,0.4982,1
none,cage,5,4,resnet,True,solarisation,lr,0.0001,0.0001,32,8,0.0771,2.8120,2.1656,0.8140,0.2750,nan,nan,nan,nan,0
none,cage,5,4,resnet,True,solarisation,lr,0.0001,0.0001,32,9,0.0461,3.3310,2.4669,0.8140,0.2893,nan,nan,nan,nan,0
none,cage,5,4,resnet,True,solarisation,lr,0.0001,0.0001,32,10,0.0397,0.8142,0.9317,0.6977,0.5107,nan,nan,nan,nan,0
none,cage,5,4,resnet,True,solarisation,lr,0.0001,0.0001,32,11,0.0313,1.6469,1.4242,0.8140,0.3393,nan,nan,nan,nan,0
none,cage,5,4,resnet,True,solarisation,lr,0.0001,0.0001,32,12,0.0376,0.9781,1.3076,0.3953,0.3393,nan,nan,nan,nan,0
none,cage,5,4,resnet,True,solarisation,lr,0.0001,0.0001,32,13,0.0529,3.3793,2.5400,0.8140,0.3107,nan,nan,nan,nan,0
none,cage,5,4,resnet,True,solarisation,lr,0.0001,0.0001,32,14,0.0363,2.8430,2.1890,0.8140,0.3107,nan,nan,nan,nan,0
none,cage,5,4,resnet,True,solarisation,lr,0.0001,0.0001,32,15,0.0105,2.1689,1.7989,0.8140,0.3179,nan,nan,nan,nan,0
none,cage,5,4,resnet,True,solarisation,lr,0.0001,0.0001,32,16,0.0226,1.4392,1.4743,0.7907,0.5179,nan,nan,nan,nan,0
none,cage,5,6,resnet,True,solarisation,lr,0.0001,0.0001,32,1,0.7298,0.6908,0.6755,0.6829,0.4429,nan,nan,nan,nan,0
none,cage,5,6,resnet,True,solarisation,lr,0.0001,0.0001,32,2,0.6298,0.9487,0.6899,0.8537,0.4095,nan,nan,nan,nan,0
none,cage,5,6,resnet,True,solarisation,lr,0.0001,0.0001,32,3,0.5157,1.1387,0.8001,0.8537,0.4286,nan,nan,nan,nan,0
none,cage,5,6,resnet,True,solarisation,lr,0.0001,0.0001,32,4,0.3557,3.5964,2.2788,0.8537,0.4476,nan,nan,nan,nan,0
none,cage,5,6,resnet,True,solarisation,lr,0.0001,0.0001,32,5,0.2213,5.3847,3.3693,0.8537,0.4000,6.1689,3.7769,0.7750,0.5556,1
none,cage,5,6,resnet,True,solarisation,lr,0.0001,0.0001,32,6,0.1388,6.1506,3.8058,0.8537,0.4238,nan,nan,nan,nan,0
none,cage,5,6,resnet,True,solarisation,lr,0.0001,0.0001,32,7,0.0922,7.0396,4.4158,0.8537,0.4143,nan,nan,nan,nan,0
none,cage,5,6,resnet,True,solarisation,lr,0.0001,0.0001,32,8,0.0563,7.1758,4.4982,0.8537,0.4238,nan,nan,nan,nan,0
none,cage,5,6,resnet,True,solarisation,lr,0.0001,0.0001,32,9,0.0417,8.0043,4.9856,0.8537,0.4333,nan,nan,nan,nan,0
none,cage,5,6,resnet,True,solarisation,lr,0.0001,0.0001,32,10,0.0463,7.6654,4.7614,0.8537,0.3905,nan,nan,nan,nan,0
none,cage,5,6,resnet,True,solarisation,lr,0.0001,0.0001,32,11,0.0472,6.6145,4.1180,0.8537,0.4095,nan,nan,nan,nan,0
none,cage,5,6,resnet,True,solarisation,lr,0.0001,0.0001,32,12,0.0540,8.0869,5.0658,0.8537,0.4095,nan,nan,nan,nan,0
none,cage,5,6,resnet,True,solarisation,lr,0.0001,0.0001,32,13,0.0216,10.4754,6.5586,0.8537,0.4000,nan,nan,nan,nan,0
none,cage,5,6,resnet,True,solarisation,lr,0.0001,0.0001,32,14,0.0204,4.7251,2.9298,0.8537,0.3857,nan,nan,nan,nan,0
none,cage,5,6,resnet,True,solarisation,lr,0.0001,0.0001,32,15,0.0565,10.8837,6.9157,0.8537,0.4524,nan,nan,nan,nan,0
none,cage,5,6,resnet,True,solarisation,lr,0.0001,0.0001,32,16,0.0473,11.4609,7.1369,0.8537,0.4524,nan,nan,nan,nan,0
none,cage,5,7,resnet,True,solarisation,lr,0.0001,0.0001,32,1,0.7307,0.7296,0.8666,0.1818,0.4896,nan,nan,nan,nan,0
none,cage,5,7,resnet,True,solarisation,lr,0.0001,0.0001,32,2,0.6305,0.7592,0.9387,0.1818,0.4826,nan,nan,nan,nan,0
none,cage,5,7,resnet,True,solarisation,lr,0.0001,0.0001,32,3,0.5161,0.6521,0.6951,0.5227,0.6875,nan,nan,nan,nan,0
none,cage,5,7,resnet,True,solarisation,lr,0.0001,0.0001,32,4,0.3489,0.7102,0.6118,0.8182,0.6389,nan,nan,nan,nan,0
none,cage,5,7,resnet,True,solarisation,lr,0.0001,0.0001,32,5,0.2044,0.7531,0.6098,0.8182,0.6493,nan,nan,nan,nan,1
none,cage,5,7,resnet,True,solarisation,lr,0.0001,0.0001,32,6,0.1378,1.2500,0.7808,0.8182,0.7014,nan,nan,nan,nan,1
none,cage,5,7,resnet,True,solarisation,lr,0.0001,0.0001,32,7,0.0836,1.5631,0.9249,0.8182,0.6944,nan,nan,nan,nan,1
none,cage,5,7,resnet,True,solarisation,lr,0.0001,0.0001,32,8,0.0403,1.2189,0.8164,0.8182,0.6979,nan,nan,nan,nan,0
none,cage,5,7,resnet,True,solarisation,lr,0.0001,0.0001,32,9,0.0401,2.5565,1.3795,0.8182,0.6806,nan,nan,nan,nan,1
none,cage,5,7,resnet,True,solarisation,lr,0.0001,0.0001,32,10,0.0352,1.5065,0.8880,0.8182,0.7257,2.3438,1.5756,0.7750,0.3548,1
none,cage,5,7,resnet,True,solarisation,lr,0.0001,0.0001,32,11,0.0344,1.6588,0.9571,0.8182,0.7188,nan,nan,nan,nan,0
none,cage,5,7,resnet,True,solarisation,lr,0.0001,0.0001,32,12,0.0561,1.6363,1.0008,0.8182,0.6632,nan,nan,nan,nan,0
none,cage,5,7,resnet,True,solarisation,lr,0.0001,0.0001,32,13,0.0415,1.2953,0.8532,0.8182,0.6250,nan,nan,nan,nan,0
none,cage,5,7,resnet,True,solarisation,lr,0.0001,0.0001,32,14,0.0178,1.3870,0.8771,0.8182,0.6771,nan,nan,nan,nan,0
none,cage,5,7,resnet,True,solarisation,lr,0.0001,0.0001,32,15,0.0119,1.8095,1.0234,0.8182,0.6562,nan,nan,nan,nan,0
none,cage,5,7,resnet,True,solarisation,lr,0.0001,0.0001,32,16,0.0060,1.0038,0.7561,0.8182,0.6528,nan,nan,nan,nan,0
none,cage,5,8,resnet,True,solarisation,lr,0.0001,0.0001,32,1,0.7206,0.7083,0.7480,0.1702,0.4199,nan,nan,nan,nan,0
none,cage,5,8,resnet,True,solarisation,lr,0.0001,0.0001,32,2,0.6182,0.7055,0.7409,0.3404,0.5064,nan,nan,nan,nan,0
none,cage,5,8,resnet,True,solarisation,lr,0.0001,0.0001,32,3,0.4804,0.7281,0.6250,0.7660,0.5897,nan,nan,nan,nan,0
none,cage,5,8,resnet,True,solarisation,lr,0.0001,0.0001,32,4,0.3160,1.1857,0.6948,0.8298,0.5994,nan,nan,nan,nan,0
none,cage,5,8,resnet,True,solarisation,lr,0.0001,0.0001,32,5,0.1973,0.9529,0.6483,0.8298,0.5994,nan,nan,nan,nan,1
none,cage,5,8,resnet,True,solarisation,lr,0.0001,0.0001,32,6,0.1326,0.7249,0.7908,0.4468,0.5737,0.7146,0.7776,0.6750,0.5806,1
none,cage,5,8,resnet,True,solarisation,lr,0.0001,0.0001,32,7,0.0712,0.7974,0.7730,0.6809,0.5288,nan,nan,nan,nan,0
none,cage,5,8,resnet,True,solarisation,lr,0.0001,0.0001,32,8,0.0483,1.4854,0.8581,0.8298,0.5897,nan,nan,nan,nan,0
none,cage,5,8,resnet,True,solarisation,lr,0.0001,0.0001,32,9,0.0554,2.3641,1.3091,0.8298,0.5769,nan,nan,nan,nan,0
none,cage,5,8,resnet,True,solarisation,lr,0.0001,0.0001,32,10,0.0428,1.1037,0.8796,0.7872,0.5481,nan,nan,nan,nan,0
none,cage,5,8,resnet,True,solarisation,lr,0.0001,0.0001,32,11,0.0298,1.7990,1.0138,0.8298,0.5641,nan,nan,nan,nan,0
none,cage,5,8,resnet,True,solarisation,lr,0.0001,0.0001,32,12,0.0460,1.7318,1.0563,0.8298,0.5513,nan,nan,nan,nan,0
none,cage,5,8,resnet,True,solarisation,lr,0.0001,0.0001,32,13,0.0294,1.0167,0.8512,0.7447,0.5577,nan,nan,nan,nan,0
none,cage,5,8,resnet,True,solarisation,lr,0.0001,0.0001,32,14,0.0260,2.4387,1.3293,0.8298,0.5737,nan,nan,nan,nan,0
none,cage,5,8,resnet,True,solarisation,lr,0.0001,0.0001,32,15,0.0128,2.0278,1.2301,0.8298,0.5641,nan,nan,nan,nan,0
none,cage,5,8,resnet,True,solarisation,lr,0.0001,0.0001,32,16,0.0265,1.7859,1.0851,0.8298,0.5673,nan,nan,nan,nan,0
none,cage,5,9,resnet,True,solarisation,lr,0.0001,0.0001,32,1,0.7191,0.6887,0.7263,0.2143,0.5455,nan,nan,nan,nan,0
none,cage,5,9,resnet,True,solarisation,lr,0.0001,0.0001,32,2,0.6108,0.7443,0.6878,0.6667,0.4613,nan,nan,nan,nan,0
none,cage,5,9,resnet,True,solarisation,lr,0.0001,0.0001,32,3,0.4567,0.7692,0.8481,0.3571,0.4141,nan,nan,nan,nan,0
none,cage,5,9,resnet,True,solarisation,lr,0.0001,0.0001,32,4,0.3107,2.0363,1.2007,0.7857,0.5354,nan,nan,nan,nan,0
none,cage,5,9,resnet,True,solarisation,lr,0.0001,0.0001,32,5,0.1898,2.8749,1.6790,0.7857,0.4747,nan,nan,nan,nan,1
none,cage,5,9,resnet,True,solarisation,lr,0.0001,0.0001,32,6,0.1164,2.2914,1.3688,0.7857,0.5219,nan,nan,nan,nan,0
none,cage,5,9,resnet,True,solarisation,lr,0.0001,0.0001,32,7,0.0693,3.2599,1.8794,0.7857,0.5556,nan,nan,nan,nan,1
none,cage,5,9,resnet,True,solarisation,lr,0.0001,0.0001,32,8,0.0485,3.7008,2.1070,0.7857,0.5657,nan,nan,nan,nan,1
none,cage,5,9,resnet,True,solarisation,lr,0.0001,0.0001,32,9,0.0184,4.1569,2.3572,0.7857,0.5488,nan,nan,nan,nan,0
none,cage,5,9,resnet,True,solarisation,lr,0.0001,0.0001,32,10,0.0250,3.5222,2.0315,0.7857,0.5825,nan,nan,nan,nan,1
none,cage,5,9,resnet,True,solarisation,lr,0.0001,0.0001,32,11,0.0218,3.5602,2.0423,0.7857,0.5859,4.0321,2.5296,0.7750,0.5018,1
none,cage,5,9,resnet,True,solarisation,lr,0.0001,0.0001,32,12,0.0372,3.6221,2.1399,0.7857,0.5219,nan,nan,nan,nan,0
none,cage,5,9,resnet,True,solarisation,lr,0.0001,0.0001,32,13,0.1035,3.4318,2.0623,0.7857,0.4848,nan,nan,nan,nan,0
none,cage,5,9,resnet,True,solarisation,lr,0.0001,0.0001,32,14,0.0537,5.5928,3.2258,0.7857,0.5455,nan,nan,nan,nan,0
none,cage,5,9,resnet,True,solarisation,lr,0.0001,0.0001,32,15,0.0467,5.6893,3.2181,0.7857,0.5152,nan,nan,nan,nan,0
none,cage,5,9,resnet,True,solarisation,lr,0.0001,0.0001,32,16,0.0371,4.8805,2.7865,0.7857,0.5421,nan,nan,nan,nan,0
none,cage,6,0,resnet,True,solarisation,lr,0.0001,0.0001,32,1,0.7231,0.6924,0.7024,0.4186,0.5794,nan,nan,nan,nan,0
none,cage,6,0,resnet,True,solarisation,lr,0.0001,0.0001,32,2,0.6276,0.7549,0.6277,0.8372,0.6111,nan,nan,nan,nan,0
none,cage,6,0,resnet,True,solarisation,lr,0.0001,0.0001,32,3,0.5174,1.2123,0.8412,0.8372,0.5794,nan,nan,nan,nan,0
none,cage,6,0,resnet,True,solarisation,lr,0.0001,0.0001,32,4,0.3525,0.7670,0.7514,0.7674,0.5357,nan,nan,nan,nan,0
none,cage,6,0,resnet,True,solarisation,lr,0.0001,0.0001,32,5,0.2040,1.5341,1.0263,0.8372,0.5437,nan,nan,nan,nan,1
none,cage,6,0,resnet,True,solarisation,lr,0.0001,0.0001,32,6,0.1382,4.0189,2.4504,0.8372,0.6468,nan,nan,nan,nan,1
none,cage,6,0,resnet,True,solarisation,lr,0.0001,0.0001,32,7,0.0949,3.0958,1.8938,0.8372,0.6349,nan,nan,nan,nan,0
none,cage,6,0,resnet,True,solarisation,lr,0.0001,0.0001,32,8,0.0684,3.8050,2.2948,0.8372,0.5992,nan,nan,nan,nan,1
none,cage,6,0,resnet,True,solarisation,lr,0.0001,0.0001,32,9,0.0522,4.8171,2.9100,0.8372,0.5397,nan,nan,nan,nan,0
none,cage,6,0,resnet,True,solarisation,lr,0.0001,0.0001,32,10,0.0285,3.8681,2.3537,0.8372,0.6310,4.0406,2.6141,0.8537,0.3952,1
none,cage,6,0,resnet,True,solarisation,lr,0.0001,0.0001,32,11,0.0310,6.2306,3.7413,0.8372,0.5476,nan,nan,nan,nan,0
none,cage,6,0,resnet,True,solarisation,lr,0.0001,0.0001,32,12,0.0704,3.5197,2.1407,0.8372,0.5437,nan,nan,nan,nan,0
none,cage,6,0,resnet,True,solarisation,lr,0.0001,0.0001,32,13,0.0567,3.0134,1.8778,0.8372,0.5238,nan,nan,nan,nan,0
none,cage,6,0,resnet,True,solarisation,lr,0.0001,0.0001,32,14,0.0338,3.7468,2.2780,0.8372,0.4802,nan,nan,nan,nan,0
none,cage,6,0,resnet,True,solarisation,lr,0.0001,0.0001,32,15,0.0483,6.5151,3.8998,0.8372,0.5437,nan,nan,nan,nan,0
none,cage,6,0,resnet,True,solarisation,lr,0.0001,0.0001,32,16,0.0473,4.8086,2.9375,0.8372,0.5675,nan,nan,nan,nan,0
none,cage,6,1,resnet,True,solarisation,lr,0.0001,0.0001,32,1,0.7279,0.7073,0.7030,0.5814,0.3770,nan,nan,nan,nan,0
none,cage,6,1,resnet,True,solarisation,lr,0.0001,0.0001,32,2,0.6407,0.7515,0.6549,0.8140,0.3770,nan,nan,nan,nan,0
none,cage,6,1,resnet,True,solarisation,lr,0.0001,0.0001,32,3,0.5033,0.9243,0.6697,0.8372,0.4048,nan,nan,nan,nan,0
none,cage,6,1,resnet,True,solarisation,lr,0.0001,0.0001,32,4,0.3608,2.1988,1.2586,0.8372,0.3611,nan,nan,nan,nan,0
none,cage,6,1,resnet,True,solarisation,lr,0.0001,0.0001,32,5,0.2094,1.6771,1.0044,0.8372,0.4206,nan,nan,nan,nan,1
none,cage,6,1,resnet,True,solarisation,lr,0.0001,0.0001,32,6,0.1354,1.9688,1.1762,0.8372,0.3889,nan,nan,nan,nan,0
none,cage,6,1,resnet,True,solarisation,lr,0.0001,0.0001,32,7,0.0860,1.6683,1.1319,0.8140,0.3571,nan,nan,nan,nan,0
none,cage,6,1,resnet,True,solarisation,lr,0.0001,0.0001,32,8,0.0670,5.2518,2.9104,0.8372,0.4008,nan,nan,nan,nan,0
none,cage,6,1,resnet,True,solarisation,lr,0.0001,0.0001,32,9,0.0409,4.7912,2.6553,0.8372,0.4127,nan,nan,nan,nan,1
none,cage,6,1,resnet,True,solarisation,lr,0.0001,0.0001,32,10,0.0329,6.2385,3.4412,0.8372,0.4206,nan,nan,nan,nan,0
none,cage,6,1,resnet,True,solarisation,lr,0.0001,0.0001,32,11,0.0235,5.7460,3.1776,0.8372,0.4444,nan,nan,nan,nan,1
none,cage,6,1,resnet,True,solarisation,lr,0.0001,0.0001,32,12,0.0401,6.5128,3.5973,0.8372,0.4563,5.8421,3.7222,0.8537,0.4667,1
none,cage,6,1,resnet,True,solarisation,lr,0.0001,0.0001,32,13,0.0302,6.5286,3.5938,0.8372,0.4087,nan,nan,nan,nan,0
none,cage,6,1,resnet,True,solarisation,lr,0.0001,0.0001,32,14,0.0957,2.2185,1.5520,0.7907,0.4286,nan,nan,nan,nan,0
none,cage,6,1,resnet,True,solarisation,lr,0.0001,0.0001,32,15,0.0573,2.8725,1.8017,0.8372,0.4127,nan,nan,nan,nan,0
none,cage,6,1,resnet,True,solarisation,lr,0.0001,0.0001,32,16,0.0250,5.1229,2.8777,0.8372,0.4444,nan,nan,nan,nan,0
none,cage,6,1,resnet,True,solarisation,lr,0.0001,0.0001,32,17,0.0111,3.1317,2.1109,0.8372,0.4206,nan,nan,nan,nan,0
none,cage,6,2,resnet,True,solarisation,lr,0.0001,0.0001,32,1,0.7300,0.6904,0.6945,0.5238,0.5110,nan,nan,nan,nan,0
none,cage,6,2,resnet,True,solarisation,lr,0.0001,0.0001,32,2,0.6182,0.6920,0.6663,0.6905,0.5625,nan,nan,nan,nan,0
none,cage,6,2,resnet,True,solarisation,lr,0.0001,0.0001,32,3,0.4821,0.8358,0.6402,0.8095,0.5221,nan,nan,nan,nan,0
none,cage,6,2,resnet,True,solarisation,lr,0.0001,0.0001,32,4,0.3038,0.9567,0.7348,0.8095,0.3787,nan,nan,nan,nan,0
none,cage,6,2,resnet,True,solarisation,lr,0.0001,0.0001,32,5,0.1902,1.4213,0.8910,0.8095,0.4265,1.1187,0.8023,0.8537,0.4381,1
none,cage,6,2,resnet,True,solarisation,lr,0.0001,0.0001,32,6,0.1349,1.6069,1.0430,0.8095,0.4265,nan,nan,nan,nan,0
none,cage,6,2,resnet,True,solarisation,lr,0.0001,0.0001,32,7,0.0777,3.0286,1.7095,0.8095,0.4890,nan,nan,nan,nan,0
none,cage,6,2,resnet,True,solarisation,lr,0.0001,0.0001,32,8,0.0506,3.1581,1.7885,0.8095,0.5037,nan,nan,nan,nan,0
none,cage,6,2,resnet,True,solarisation,lr,0.0001,0.0001,32,9,0.0441,5.7329,3.2047,0.8095,0.4485,nan,nan,nan,nan,0
none,cage,6,2,resnet,True,solarisation,lr,0.0001,0.0001,32,10,0.0510,6.9077,3.8786,0.8095,0.5037,nan,nan,nan,nan,0
none,cage,6,2,resnet,True,solarisation,lr,0.0001,0.0001,32,11,0.0581,4.0993,2.3404,0.8095,0.3676,nan,nan,nan,nan,0
none,cage,6,2,resnet,True,solarisation,lr,0.0001,0.0001,32,12,0.0475,5.5148,3.1078,0.8095,0.3640,nan,nan,nan,nan,0
none,cage,6,2,resnet,True,solarisation,lr,0.0001,0.0001,32,13,0.0411,1.6169,1.2785,0.7619,0.4890,nan,nan,nan,nan,0
none,cage,6,2,resnet,True,solarisation,lr,0.0001,0.0001,32,14,0.0299,1.8638,1.4302,0.7619,0.5221,nan,nan,nan,nan,0
none,cage,6,2,resnet,True,solarisation,lr,0.0001,0.0001,32,15,0.0512,7.9098,4.4359,0.8095,0.5221,nan,nan,nan,nan,0
none,cage,6,2,resnet,True,solarisation,lr,0.0001,0.0001,32,16,0.0270,5.3009,2.9942,0.8095,0.5184,nan,nan,nan,nan,0
none,cage,6,3,resnet,True,solarisation,lr,0.0001,0.0001,32,1,0.7390,0.6947,0.6896,0.6905,0.4122,nan,nan,nan,nan,0
none,cage,6,3,resnet,True,solarisation,lr,0.0001,0.0001,32,2,0.6398,0.7109,0.6326,0.8333,0.4816,nan,nan,nan,nan,0
none,cage,6,3,resnet,True,solarisation,lr,0.0001,0.0001,32,3,0.5047,0.6922,0.6289,0.8333,0.6490,nan,nan,nan,nan,0
none,cage,6,3,resnet,True,solarisation,lr,0.0001,0.0001,32,4,0.3260,0.9382,0.6762,0.8333,0.6571,nan,nan,nan,nan,0
none,cage,6,3,resnet,True,solarisation,lr,0.0001,0.0001,32,5,0.1929,0.9659,0.7013,0.8333,0.5714,nan,nan,nan,nan,1
none,cage,6,3,resnet,True,solarisation,lr,0.0001,0.0001,32,6,0.1418,1.1823,0.7650,0.8333,0.7714,nan,nan,nan,nan,1
none,cage,6,3,resnet,True,solarisation,lr,0.0001,0.0001,32,7,0.0955,2.1549,1.3286,0.8333,0.7388,nan,nan,nan,nan,1
none,cage,6,3,resnet,True,solarisation,lr,0.0001,0.0001,32,8,0.0534,2.4821,1.5263,0.8333,0.8041,nan,nan,nan,nan,1
none,cage,6,3,resnet,True,solarisation,lr,0.0001,0.0001,32,9,0.0603,2.5922,1.6058,0.8333,0.7061,nan,nan,nan,nan,1
none,cage,6,3,resnet,True,solarisation,lr,0.0001,0.0001,32,10,0.0577,1.0131,0.7656,0.8333,0.6857,1.0619,0.7853,0.8293,0.4952,1
none,cage,6,3,resnet,True,solarisation,lr,0.0001,0.0001,32,11,0.0451,2.9629,1.7947,0.8333,0.6041,nan,nan,nan,nan,0
none,cage,6,3,resnet,True,solarisation,lr,0.0001,0.0001,32,12,0.0552,2.6097,1.6065,0.8333,0.6408,nan,nan,nan,nan,0
none,cage,6,3,resnet,True,solarisation,lr,0.0001,0.0001,32,13,0.0351,2.8789,1.7703,0.8333,0.5714,nan,nan,nan,nan,0
none,cage,6,3,resnet,True,solarisation,lr,0.0001,0.0001,32,14,0.0187,2.8494,1.7497,0.8333,0.6449,nan,nan,nan,nan,0
none,cage,6,3,resnet,True,solarisation,lr,0.0001,0.0001,32,15,0.0131,2.9966,1.8283,0.8333,0.5837,nan,nan,nan,nan,0
none,cage,6,3,resnet,True,solarisation,lr,0.0001,0.0001,32,16,0.0175,2.9954,1.8652,0.8333,0.6367,nan,nan,nan,nan,0
none,cage,6,4,resnet,True,solarisation,lr,0.0001,0.0001,32,1,0.7335,0.6992,0.7316,0.1860,0.4179,nan,nan,nan,nan,0
none,cage,6,4,resnet,True,solarisation,lr,0.0001,0.0001,32,2,0.6273,0.7397,0.8077,0.1860,0.3786,nan,nan,nan,nan,0
none,cage,6,4,resnet,True,solarisation,lr,0.0001,0.0001,32,3,0.4901,0.7431,0.7997,0.3023,0.3179,nan,nan,nan,nan,0
none,cage,6,4,resnet,True,solarisation,lr,0.0001,0.0001,32,4,0.3289,1.3833,1.1972,0.7907,0.2536,nan,nan,nan,nan,0
none,cage,6,4,resnet,True,solarisation,lr,0.0001,0.0001,32,5,0.2121,1.2848,1.1570,0.7907,0.3786,nan,nan,nan,nan,1
none,cage,6,4,resnet,True,solarisation,lr,0.0001,0.0001,32,6,0.1150,1.5158,1.4144,0.7442,0.3714,nan,nan,nan,nan,0
none,cage,6,4,resnet,True,solarisation,lr,0.0001,0.0001,32,7,0.0798,2.0177,1.6705,0.8140,0.3893,nan,nan,nan,nan,0
none,cage,6,4,resnet,True,solarisation,lr,0.0001,0.0001,32,8,0.0728,1.9942,1.5877,0.8140,0.3893,nan,nan,nan,nan,1
none,cage,6,4,resnet,True,solarisation,lr,0.0001,0.0001,32,9,0.0413,1.4647,1.4944,0.6744,0.3714,1.2686,1.1578,0.6829,0.3238,1
none,cage,6,4,resnet,True,solarisation,lr,0.0001,0.0001,32,10,0.0260,1.4610,1.5252,0.5581,0.3036,nan,nan,nan,nan,0
none,cage,6,4,resnet,True,solarisation,lr,0.0001,0.0001,32,11,0.0439,1.4250,1.6787,0.5581,0.3750,nan,nan,nan,nan,0
none,cage,6,4,resnet,True,solarisation,lr,0.0001,0.0001,32,12,0.0789,2.8439,2.2443,0.8140,0.3679,nan,nan,nan,nan,0
none,cage,6,4,resnet,True,solarisation,lr,0.0001,0.0001,32,13,0.0504,3.4961,2.7353,0.8140,0.3821,nan,nan,nan,nan,0
none,cage,6,4,resnet,True,solarisation,lr,0.0001,0.0001,32,14,0.0388,5.5223,4.1919,0.8140,0.3250,nan,nan,nan,nan,0
none,cage,6,4,resnet,True,solarisation,lr,0.0001,0.0001,32,15,0.0229,3.6553,2.8758,0.8140,0.3357,nan,nan,nan,nan,0
none,cage,6,4,resnet,True,solarisation,lr,0.0001,0.0001,32,16,0.0104,3.2330,2.6366,0.7674,0.3571,nan,nan,nan,nan,0
none,cage,6,5,resnet,True,solarisation,lr,0.0001,0.0001,32,1,0.7352,0.7182,0.6700,0.7750,0.5663,nan,nan,nan,nan,0
none,cage,6,5,resnet,True,solarisation,lr,0.0001,0.0001,32,2,0.6369,0.7142,0.7818,0.3000,0.3943,nan,nan,nan,nan,0
none,cage,6,5,resnet,True,solarisation,lr,0.0001,0.0001,32,3,0.5147,0.8597,0.8521,0.6000,0.3548,nan,nan,nan,nan,0
none,cage,6,5,resnet,True,solarisation,lr,0.0001,0.0001,32,4,0.3321,1.5109,1.0196,0.7750,0.4875,nan,nan,nan,nan,0
none,cage,6,5,resnet,True,solarisation,lr,0.0001,0.0001,32,5,0.1877,2.7570,1.7788,0.7750,0.3262,2.1715,1.4175,0.8537,0.3000,1
none,cage,6,5,resnet,True,solarisation,lr,0.0001,0.0001,32,6,0.1258,1.9932,1.4107,0.7500,0.3513,nan,nan,nan,nan,0
none,cage,6,5,resnet,True,solarisation,lr,0.0001,0.0001,32,7,0.0881,5.0670,3.1553,0.7750,0.3656,nan,nan,nan,nan,0
none,cage,6,5,resnet,True,solarisation,lr,0.0001,0.0001,32,8,0.0634,3.7721,2.3802,0.7750,0.4373,nan,nan,nan,nan,0
none,cage,6,5,resnet,True,solarisation,lr,0.0001,0.0001,32,9,0.0627,6.9083,4.3037,0.7750,0.4014,nan,nan,nan,nan,0
none,cage,6,5,resnet,True,solarisation,lr,0.0001,0.0001,32,10,0.0593,6.5844,4.1045,0.7750,0.4409,nan,nan,nan,nan,0
none,cage,6,5,resnet,True,solarisation,lr,0.0001,0.0001,32,11,0.0492,6.1862,3.8893,0.7750,0.4014,nan,nan,nan,nan,0
none,cage,6,5,resnet,True,solarisation,lr,0.0001,0.0001,32,12,0.0170,6.9772,4.4243,0.7750,0.4014,nan,nan,nan,nan,0
none,cage,6,5,resnet,True,solarisation,lr,0.0001,0.0001,32,13,0.0109,7.8636,5.0019,0.7750,0.3978,nan,nan,nan,nan,0
none,cage,6,5,resnet,True,solarisation,lr,0.0001,0.0001,32,14,0.0216,5.5420,3.5099,0.7750,0.3871,nan,nan,nan,nan,0
none,cage,6,5,resnet,True,solarisation,lr,0.0001,0.0001,32,15,0.0475,5.6514,3.6089,0.7750,0.3943,nan,nan,nan,nan,0
none,cage,6,5,resnet,True,solarisation,lr,0.0001,0.0001,32,16,0.0507,5.6329,3.5010,0.7750,0.4014,nan,nan,nan,nan,0
