fusion,dataset,test_set,dev_set,arch,use_pretrained,augmentation,speech_encoder_arch,lr,wd,batch_size,epoch,train_loss,dev_loss_patient,dev_loss_cough,dev_acc,dev_auc,test_loss_patient,test_loss_cough,test_acc,test_auc,is_best
early,cage,0,1,resnet,True,solarisation,lr,1e-05,0.0001,32,1,0.7305,0.7360,0.8768,0.1628,0.5873,nan,nan,nan,nan,0
early,cage,0,1,resnet,True,solarisation,lr,1e-05,0.0001,32,2,0.6749,0.7183,0.8352,0.1860,0.5833,nan,nan,nan,nan,0
early,cage,0,1,resnet,True,solarisation,lr,1e-05,0.0001,32,3,0.6382,0.7370,0.8787,0.1860,0.5595,nan,nan,nan,nan,0
early,cage,0,1,resnet,True,solarisation,lr,1e-05,0.0001,32,4,0.6049,0.7086,0.8025,0.1860,0.5397,nan,nan,nan,nan,0
early,cage,0,1,resnet,True,solarisation,lr,1e-05,0.0001,32,5,0.5604,0.7006,0.7880,0.3023,0.5635,0.7044,0.7827,0.2326,0.5238,1
early,cage,0,1,resnet,True,solarisation,lr,1e-05,0.0001,32,6,0.5229,0.7456,0.9230,0.1860,0.5516,nan,nan,nan,nan,0
early,cage,0,1,resnet,True,solarisation,lr,1e-05,0.0001,32,7,0.4577,0.7335,0.8971,0.2791,0.5357,nan,nan,nan,nan,0
early,cage,0,1,resnet,True,solarisation,lr,1e-05,0.0001,32,8,0.4107,0.7710,0.9916,0.1860,0.5397,nan,nan,nan,nan,0
early,cage,0,1,resnet,True,solarisation,lr,1e-05,0.0001,32,9,0.3746,0.7526,0.9575,0.3023,0.5079,nan,nan,nan,nan,0
early,cage,0,1,resnet,True,solarisation,lr,1e-05,0.0001,32,10,0.3206,0.7979,1.0606,0.2093,0.5079,nan,nan,nan,nan,0
early,cage,0,1,resnet,True,solarisation,lr,1e-05,0.0001,32,11,0.2663,0.7884,1.0680,0.2791,0.5079,nan,nan,nan,nan,0
early,cage,0,1,resnet,True,solarisation,lr,1e-05,0.0001,32,12,0.2180,0.7693,1.0158,0.3256,0.4960,nan,nan,nan,nan,0
early,cage,0,1,resnet,True,solarisation,lr,1e-05,0.0001,32,13,0.1768,0.7956,1.0823,0.3488,0.4762,nan,nan,nan,nan,0
early,cage,0,1,resnet,True,solarisation,lr,1e-05,0.0001,32,14,0.1480,0.7935,1.1013,0.3256,0.4802,nan,nan,nan,nan,0
early,cage,0,1,resnet,True,solarisation,lr,1e-05,0.0001,32,15,0.1226,0.7816,1.0500,0.4186,0.4722,nan,nan,nan,nan,0
early,cage,0,1,resnet,True,solarisation,lr,1e-05,0.0001,32,16,0.1007,0.8132,1.1565,0.4419,0.4881,nan,nan,nan,nan,0
early,cage,0,2,resnet,True,solarisation,lr,1e-05,0.0001,32,1,0.7239,0.6906,0.7202,0.3333,0.5478,nan,nan,nan,nan,0
early,cage,0,2,resnet,True,solarisation,lr,1e-05,0.0001,32,2,0.6664,0.7019,0.6736,0.8095,0.5221,nan,nan,nan,nan,0
early,cage,0,2,resnet,True,solarisation,lr,1e-05,0.0001,32,3,0.6284,0.7124,0.6827,0.7857,0.3750,nan,nan,nan,nan,0
early,cage,0,2,resnet,True,solarisation,lr,1e-05,0.0001,32,4,0.5972,0.7173,0.6728,0.7857,0.3640,nan,nan,nan,nan,0
early,cage,0,2,resnet,True,solarisation,lr,1e-05,0.0001,32,5,0.5492,0.7084,0.7116,0.5952,0.3529,0.6820,0.6841,0.6744,0.5873,1
early,cage,0,2,resnet,True,solarisation,lr,1e-05,0.0001,32,6,0.5023,0.7168,0.7195,0.5238,0.3125,nan,nan,nan,nan,0
early,cage,0,2,resnet,True,solarisation,lr,1e-05,0.0001,32,7,0.4512,0.7206,0.7106,0.6905,0.3419,nan,nan,nan,nan,0
early,cage,0,2,resnet,True,solarisation,lr,1e-05,0.0001,32,8,0.3903,0.7464,0.7072,0.8095,0.3051,nan,nan,nan,nan,0
early,cage,0,2,resnet,True,solarisation,lr,1e-05,0.0001,32,9,0.3525,0.7620,0.6900,0.8095,0.3346,nan,nan,nan,nan,0
early,cage,0,2,resnet,True,solarisation,lr,1e-05,0.0001,32,10,0.2992,0.7308,0.7119,0.7857,0.3750,nan,nan,nan,nan,0
early,cage,0,2,resnet,True,solarisation,lr,1e-05,0.0001,32,11,0.2480,0.7803,0.7045,0.8095,0.3419,nan,nan,nan,nan,0
early,cage,0,2,resnet,True,solarisation,lr,1e-05,0.0001,32,12,0.2035,0.8934,0.7039,0.8333,0.3566,nan,nan,nan,nan,0
early,cage,0,2,resnet,True,solarisation,lr,1e-05,0.0001,32,13,0.1641,0.8571,0.7144,0.8333,0.3713,nan,nan,nan,nan,0
early,cage,0,2,resnet,True,solarisation,lr,1e-05,0.0001,32,14,0.1374,0.9112,0.7182,0.8333,0.4044,nan,nan,nan,nan,0
early,cage,0,2,resnet,True,solarisation,lr,1e-05,0.0001,32,15,0.1104,0.9043,0.7226,0.8095,0.4301,nan,nan,nan,nan,0
early,cage,0,2,resnet,True,solarisation,lr,1e-05,0.0001,32,16,0.0920,1.0916,0.7810,0.8095,0.3971,nan,nan,nan,nan,0
early,cage,0,3,resnet,True,solarisation,lr,1e-05,0.0001,32,1,0.7252,0.7626,0.6301,0.8333,0.4776,nan,nan,nan,nan,0
early,cage,0,3,resnet,True,solarisation,lr,1e-05,0.0001,32,2,0.6733,0.8025,0.6354,0.8333,0.3714,nan,nan,nan,nan,0
early,cage,0,3,resnet,True,solarisation,lr,1e-05,0.0001,32,3,0.6331,0.8482,0.6426,0.8333,0.3755,nan,nan,nan,nan,0
early,cage,0,3,resnet,True,solarisation,lr,1e-05,0.0001,32,4,0.5969,0.9161,0.6624,0.8333,0.3388,nan,nan,nan,nan,0
early,cage,0,3,resnet,True,solarisation,lr,1e-05,0.0001,32,5,0.5619,0.8535,0.6462,0.8333,0.3551,nan,nan,nan,nan,1
early,cage,0,3,resnet,True,solarisation,lr,1e-05,0.0001,32,6,0.4993,0.8602,0.6584,0.8333,0.3878,nan,nan,nan,nan,0
early,cage,0,3,resnet,True,solarisation,lr,1e-05,0.0001,32,7,0.4543,0.9869,0.7086,0.8333,0.3224,nan,nan,nan,nan,0
early,cage,0,3,resnet,True,solarisation,lr,1e-05,0.0001,32,8,0.4051,1.0549,0.7402,0.8333,0.3429,nan,nan,nan,nan,0
early,cage,0,3,resnet,True,solarisation,lr,1e-05,0.0001,32,9,0.3491,1.0610,0.7507,0.8333,0.3224,nan,nan,nan,nan,0
early,cage,0,3,resnet,True,solarisation,lr,1e-05,0.0001,32,10,0.2858,1.1464,0.7903,0.8333,0.3347,nan,nan,nan,nan,0
early,cage,0,3,resnet,True,solarisation,lr,1e-05,0.0001,32,11,0.2575,1.1759,0.8169,0.8333,0.3347,nan,nan,nan,nan,0
early,cage,0,3,resnet,True,solarisation,lr,1e-05,0.0001,32,12,0.2042,1.3252,0.8941,0.8333,0.3510,nan,nan,nan,nan,0
early,cage,0,3,resnet,True,solarisation,lr,1e-05,0.0001,32,13,0.1725,1.5638,1.0205,0.8333,0.3959,nan,nan,nan,nan,0
early,cage,0,3,resnet,True,solarisation,lr,1e-05,0.0001,32,14,0.1369,1.8155,1.1575,0.8333,0.4163,nan,nan,nan,nan,0
early,cage,0,3,resnet,True,solarisation,lr,1e-05,0.0001,32,15,0.1132,1.7496,1.1276,0.8333,0.4286,nan,nan,nan,nan,0
early,cage,0,3,resnet,True,solarisation,lr,1e-05,0.0001,32,16,0.0921,1.7273,1.1238,0.8333,0.4245,1.4324,0.9612,0.8372,0.7540,1
early,cage,0,3,resnet,True,solarisation,lr,1e-05,0.0001,32,17,0.0731,1.9798,1.2622,0.8333,0.3633,nan,nan,nan,nan,0
early,cage,0,3,resnet,True,solarisation,lr,1e-05,0.0001,32,18,0.0614,2.1885,1.3890,0.8333,0.3959,nan,nan,nan,nan,0
early,cage,0,3,resnet,True,solarisation,lr,1e-05,0.0001,32,19,0.0522,1.9536,1.2664,0.8333,0.4122,nan,nan,nan,nan,0
early,cage,0,3,resnet,True,solarisation,lr,1e-05,0.0001,32,20,0.0428,2.4159,1.5228,0.8333,0.4367,nan,nan,nan,nan,0
early,cage,0,3,resnet,True,solarisation,lr,1e-05,0.0001,32,21,0.0384,2.1515,1.3812,0.8333,0.4204,nan,nan,nan,nan,0
early,cage,0,4,resnet,True,solarisation,lr,1e-05,0.0001,32,1,0.7637,0.7046,0.7115,0.6512,0.4321,nan,nan,nan,nan,0
early,cage,0,4,resnet,True,solarisation,lr,1e-05,0.0001,32,2,0.6874,0.6938,0.7182,0.3488,0.5143,nan,nan,nan,nan,0
early,cage,0,4,resnet,True,solarisation,lr,1e-05,0.0001,32,3,0.6406,0.6978,0.7086,0.6512,0.5071,nan,nan,nan,nan,0
early,cage,0,4,resnet,True,solarisation,lr,1e-05,0.0001,32,4,0.6081,0.7106,0.7018,0.7907,0.5071,nan,nan,nan,nan,0
early,cage,0,4,resnet,True,solarisation,lr,1e-05,0.0001,32,5,0.5596,0.7048,0.7080,0.6977,0.5179,nan,nan,nan,nan,1
early,cage,0,4,resnet,True,solarisation,lr,1e-05,0.0001,32,6,0.5244,0.7304,0.7023,0.8140,0.5143,0.7395,0.6635,0.8372,0.3214,1
early,cage,0,4,resnet,True,solarisation,lr,1e-05,0.0001,32,7,0.4783,0.7595,0.7122,0.8140,0.5071,nan,nan,nan,nan,0
early,cage,0,4,resnet,True,solarisation,lr,1e-05,0.0001,32,8,0.4196,0.8127,0.7340,0.8140,0.4786,nan,nan,nan,nan,0
early,cage,0,4,resnet,True,solarisation,lr,1e-05,0.0001,32,9,0.3760,0.9280,0.7911,0.8140,0.4393,nan,nan,nan,nan,0
early,cage,0,4,resnet,True,solarisation,lr,1e-05,0.0001,32,10,0.3113,0.8658,0.7764,0.8140,0.4929,nan,nan,nan,nan,0
early,cage,0,4,resnet,True,solarisation,lr,1e-05,0.0001,32,11,0.2713,0.9513,0.8228,0.8140,0.4750,nan,nan,nan,nan,0
early,cage,0,4,resnet,True,solarisation,lr,1e-05,0.0001,32,12,0.2170,0.9319,0.8186,0.8140,0.4929,nan,nan,nan,nan,0
early,cage,0,4,resnet,True,solarisation,lr,1e-05,0.0001,32,13,0.1836,0.9969,0.8643,0.8140,0.4857,nan,nan,nan,nan,0
early,cage,0,4,resnet,True,solarisation,lr,1e-05,0.0001,32,14,0.1549,1.1582,0.9640,0.8140,0.4893,nan,nan,nan,nan,0
early,cage,0,4,resnet,True,solarisation,lr,1e-05,0.0001,32,15,0.1220,1.1384,0.9635,0.8140,0.4250,nan,nan,nan,nan,0
early,cage,0,4,resnet,True,solarisation,lr,1e-05,0.0001,32,16,0.1006,1.1330,0.9668,0.8140,0.5143,nan,nan,nan,nan,0
early,cage,0,5,resnet,True,solarisation,lr,1e-05,0.0001,32,1,0.7155,0.7026,0.8772,0.2250,0.4731,nan,nan,nan,nan,0
early,cage,0,5,resnet,True,solarisation,lr,1e-05,0.0001,32,2,0.6724,0.6971,0.8422,0.2250,0.3943,nan,nan,nan,nan,0
early,cage,0,5,resnet,True,solarisation,lr,1e-05,0.0001,32,3,0.6202,0.7057,0.8680,0.2250,0.3943,nan,nan,nan,nan,0
early,cage,0,5,resnet,True,solarisation,lr,1e-05,0.0001,32,4,0.5824,0.6979,0.8174,0.2250,0.3620,nan,nan,nan,nan,0
early,cage,0,5,resnet,True,solarisation,lr,1e-05,0.0001,32,5,0.5394,0.7136,0.8626,0.2250,0.3154,0.7446,0.8651,0.1628,0.5317,1
early,cage,0,5,resnet,True,solarisation,lr,1e-05,0.0001,32,6,0.5043,0.7337,0.9399,0.2250,0.3333,nan,nan,nan,nan,0
early,cage,0,5,resnet,True,solarisation,lr,1e-05,0.0001,32,7,0.4515,0.7360,0.9394,0.2250,0.3477,nan,nan,nan,nan,0
early,cage,0,5,resnet,True,solarisation,lr,1e-05,0.0001,32,8,0.3964,0.7460,0.9515,0.2250,0.3154,nan,nan,nan,nan,0
early,cage,0,5,resnet,True,solarisation,lr,1e-05,0.0001,32,9,0.3451,0.7646,0.9960,0.2250,0.3154,nan,nan,nan,nan,0
early,cage,0,5,resnet,True,solarisation,lr,1e-05,0.0001,32,10,0.3056,0.7867,1.0400,0.2250,0.2939,nan,nan,nan,nan,0
early,cage,0,5,resnet,True,solarisation,lr,1e-05,0.0001,32,11,0.2561,0.7809,1.0036,0.2500,0.2616,nan,nan,nan,nan,0
early,cage,0,5,resnet,True,solarisation,lr,1e-05,0.0001,32,12,0.2089,0.8161,1.0237,0.2500,0.2975,nan,nan,nan,nan,0
early,cage,0,5,resnet,True,solarisation,lr,1e-05,0.0001,32,13,0.1761,0.8311,1.1034,0.2750,0.3082,nan,nan,nan,nan,0
early,cage,0,5,resnet,True,solarisation,lr,1e-05,0.0001,32,14,0.1481,0.8445,1.1499,0.2750,0.2939,nan,nan,nan,nan,0
early,cage,0,5,resnet,True,solarisation,lr,1e-05,0.0001,32,15,0.1229,0.8994,1.2052,0.2500,0.2688,nan,nan,nan,nan,0
early,cage,0,5,resnet,True,solarisation,lr,1e-05,0.0001,32,16,0.0978,0.9488,1.3822,0.2750,0.2796,nan,nan,nan,nan,0
early,cage,0,6,resnet,True,solarisation,lr,1e-05,0.0001,32,1,0.7306,0.6988,0.6280,0.8537,0.5667,nan,nan,nan,nan,0
early,cage,0,6,resnet,True,solarisation,lr,1e-05,0.0001,32,2,0.6725,0.6994,0.6130,0.8537,0.5810,nan,nan,nan,nan,0
early,cage,0,6,resnet,True,solarisation,lr,1e-05,0.0001,32,3,0.6288,0.7092,0.6157,0.8537,0.5476,nan,nan,nan,nan,0
early,cage,0,6,resnet,True,solarisation,lr,1e-05,0.0001,32,4,0.5886,0.6981,0.6280,0.8537,0.5333,nan,nan,nan,nan,0
early,cage,0,6,resnet,True,solarisation,lr,1e-05,0.0001,32,5,0.5565,0.7142,0.6076,0.8537,0.5524,0.7570,0.6291,0.8372,0.5000,1
early,cage,0,6,resnet,True,solarisation,lr,1e-05,0.0001,32,6,0.5014,0.7082,0.6205,0.8537,0.5476,nan,nan,nan,nan,0
early,cage,0,6,resnet,True,solarisation,lr,1e-05,0.0001,32,7,0.4545,0.7303,0.6227,0.8537,0.5238,nan,nan,nan,nan,0
early,cage,0,6,resnet,True,solarisation,lr,1e-05,0.0001,32,8,0.3985,0.7317,0.6226,0.8537,0.5190,nan,nan,nan,nan,0
early,cage,0,6,resnet,True,solarisation,lr,1e-05,0.0001,32,9,0.3559,0.7661,0.6327,0.8537,0.4857,nan,nan,nan,nan,0
early,cage,0,6,resnet,True,solarisation,lr,1e-05,0.0001,32,10,0.2996,0.7614,0.6333,0.8537,0.5238,nan,nan,nan,nan,0
early,cage,0,6,resnet,True,solarisation,lr,1e-05,0.0001,32,11,0.2543,0.7853,0.6391,0.8537,0.5143,nan,nan,nan,nan,0
early,cage,0,6,resnet,True,solarisation,lr,1e-05,0.0001,32,12,0.2119,0.8102,0.6589,0.8537,0.4952,nan,nan,nan,nan,0
early,cage,0,6,resnet,True,solarisation,lr,1e-05,0.0001,32,13,0.1667,0.8675,0.6924,0.8537,0.4952,nan,nan,nan,nan,0
early,cage,0,6,resnet,True,solarisation,lr,1e-05,0.0001,32,14,0.1366,0.9613,0.7411,0.8537,0.4762,nan,nan,nan,nan,0
early,cage,0,6,resnet,True,solarisation,lr,1e-05,0.0001,32,15,0.1132,0.9248,0.7424,0.8537,0.4048,nan,nan,nan,nan,0
early,cage,0,6,resnet,True,solarisation,lr,1e-05,0.0001,32,16,0.0978,1.0627,0.7985,0.8537,0.4571,nan,nan,nan,nan,0
early,cage,0,7,resnet,True,solarisation,lr,1e-05,0.0001,32,1,0.7149,0.6991,0.6403,0.8182,0.5833,nan,nan,nan,nan,0
early,cage,0,7,resnet,True,solarisation,lr,1e-05,0.0001,32,2,0.6821,0.7185,0.6203,0.8182,0.5799,nan,nan,nan,nan,0
early,cage,0,7,resnet,True,solarisation,lr,1e-05,0.0001,32,3,0.6497,0.7217,0.6236,0.8182,0.5590,nan,nan,nan,nan,0
early,cage,0,7,resnet,True,solarisation,lr,1e-05,0.0001,32,4,0.6094,0.7560,0.6084,0.8182,0.5556,nan,nan,nan,nan,0
early,cage,0,7,resnet,True,solarisation,lr,1e-05,0.0001,32,5,0.5676,0.7483,0.6097,0.8182,0.5729,0.7119,0.6135,0.8605,0.6111,1
early,cage,0,7,resnet,True,solarisation,lr,1e-05,0.0001,32,6,0.5276,0.7761,0.6137,0.8182,0.5069,nan,nan,nan,nan,0
early,cage,0,7,resnet,True,solarisation,lr,1e-05,0.0001,32,7,0.4887,0.8117,0.6126,0.8182,0.5104,nan,nan,nan,nan,0
early,cage,0,7,resnet,True,solarisation,lr,1e-05,0.0001,32,8,0.4259,0.9096,0.6307,0.8182,0.5312,nan,nan,nan,nan,0
early,cage,0,7,resnet,True,solarisation,lr,1e-05,0.0001,32,9,0.3811,0.9508,0.6403,0.8182,0.5903,nan,nan,nan,nan,0
early,cage,0,7,resnet,True,solarisation,lr,1e-05,0.0001,32,10,0.3261,1.1524,0.7160,0.8182,0.5104,nan,nan,nan,nan,0
early,cage,0,7,resnet,True,solarisation,lr,1e-05,0.0001,32,11,0.2683,1.4363,0.8454,0.8182,0.4722,nan,nan,nan,nan,0
early,cage,0,7,resnet,True,solarisation,lr,1e-05,0.0001,32,12,0.2213,1.2536,0.7705,0.8182,0.4896,nan,nan,nan,nan,0
early,cage,0,7,resnet,True,solarisation,lr,1e-05,0.0001,32,13,0.1858,1.4888,0.8808,0.8182,0.4722,nan,nan,nan,nan,0
early,cage,0,7,resnet,True,solarisation,lr,1e-05,0.0001,32,14,0.1540,1.6599,0.9718,0.8182,0.4549,nan,nan,nan,nan,0
early,cage,0,7,resnet,True,solarisation,lr,1e-05,0.0001,32,15,0.1228,1.9133,1.0947,0.8182,0.4340,nan,nan,nan,nan,0
early,cage,0,7,resnet,True,solarisation,lr,1e-05,0.0001,32,16,0.1027,2.1077,1.1940,0.8182,0.4271,nan,nan,nan,nan,0
early,cage,0,8,resnet,True,solarisation,lr,1e-05,0.0001,32,1,0.7367,0.7146,0.6352,0.8298,0.4487,nan,nan,nan,nan,0
early,cage,0,8,resnet,True,solarisation,lr,1e-05,0.0001,32,2,0.6640,0.7079,0.6582,0.7234,0.4551,nan,nan,nan,nan,0
early,cage,0,8,resnet,True,solarisation,lr,1e-05,0.0001,32,3,0.6416,0.7058,0.6517,0.7872,0.4744,nan,nan,nan,nan,0
early,cage,0,8,resnet,True,solarisation,lr,1e-05,0.0001,32,4,0.6001,0.6964,0.6512,0.7660,0.5000,nan,nan,nan,nan,0
early,cage,0,8,resnet,True,solarisation,lr,1e-05,0.0001,32,5,0.5503,0.6928,0.6624,0.7234,0.5064,nan,nan,nan,nan,1
early,cage,0,8,resnet,True,solarisation,lr,1e-05,0.0001,32,6,0.5120,0.6817,0.6708,0.6383,0.5449,nan,nan,nan,nan,1
early,cage,0,8,resnet,True,solarisation,lr,1e-05,0.0001,32,7,0.4662,0.6765,0.7135,0.5106,0.5929,nan,nan,nan,nan,1
early,cage,0,8,resnet,True,solarisation,lr,1e-05,0.0001,32,8,0.4093,0.6687,0.6499,0.7234,0.6218,nan,nan,nan,nan,1
early,cage,0,8,resnet,True,solarisation,lr,1e-05,0.0001,32,9,0.3572,0.6664,0.6567,0.6596,0.6314,nan,nan,nan,nan,1
early,cage,0,8,resnet,True,solarisation,lr,1e-05,0.0001,32,10,0.3138,0.6892,0.6159,0.8085,0.6474,nan,nan,nan,nan,1
early,cage,0,8,resnet,True,solarisation,lr,1e-05,0.0001,32,11,0.2628,0.6528,0.6748,0.6596,0.6731,nan,nan,nan,nan,1
early,cage,0,8,resnet,True,solarisation,lr,1e-05,0.0001,32,12,0.2174,0.6505,0.6664,0.6809,0.6667,nan,nan,nan,nan,1
early,cage,0,8,resnet,True,solarisation,lr,1e-05,0.0001,32,13,0.1758,0.6583,0.6837,0.6596,0.6699,nan,nan,nan,nan,1
early,cage,0,8,resnet,True,solarisation,lr,1e-05,0.0001,32,14,0.1440,0.7096,0.6541,0.7872,0.6731,nan,nan,nan,nan,1
early,cage,0,8,resnet,True,solarisation,lr,1e-05,0.0001,32,15,0.1203,0.7670,0.6656,0.8298,0.6538,nan,nan,nan,nan,0
early,cage,0,8,resnet,True,solarisation,lr,1e-05,0.0001,32,16,0.0945,0.8194,0.6949,0.8298,0.6731,nan,nan,nan,nan,0
early,cage,0,8,resnet,True,solarisation,lr,1e-05,0.0001,32,17,0.0806,0.7292,0.7187,0.7234,0.6891,nan,nan,nan,nan,1
early,cage,0,8,resnet,True,solarisation,lr,1e-05,0.0001,32,18,0.0682,0.7593,0.7365,0.7660,0.6923,nan,nan,nan,nan,0
early,cage,0,8,resnet,True,solarisation,lr,1e-05,0.0001,32,19,0.0579,0.7103,0.7575,0.7660,0.6795,nan,nan,nan,nan,1
early,cage,0,8,resnet,True,solarisation,lr,1e-05,0.0001,32,20,0.0457,0.7006,0.7803,0.7447,0.6763,nan,nan,nan,nan,0
early,cage,0,8,resnet,True,solarisation,lr,1e-05,0.0001,32,21,0.0383,0.7748,0.7827,0.7660,0.6795,0.7509,0.8957,0.7442,0.6587,1
early,cage,0,8,resnet,True,solarisation,lr,1e-05,0.0001,32,22,0.0336,0.9058,0.7952,0.8085,0.6987,nan,nan,nan,nan,0
early,cage,0,8,resnet,True,solarisation,lr,1e-05,0.0001,32,23,0.0300,0.8010,0.7854,0.7872,0.6955,nan,nan,nan,nan,0
early,cage,0,8,resnet,True,solarisation,lr,1e-05,0.0001,32,24,0.0262,0.9465,0.8417,0.8298,0.6827,nan,nan,nan,nan,0
early,cage,0,8,resnet,True,solarisation,lr,1e-05,0.0001,32,25,0.0234,1.0386,0.8672,0.8298,0.6667,nan,nan,nan,nan,0
early,cage,0,8,resnet,True,solarisation,lr,1e-05,0.0001,32,26,0.0282,1.0987,0.8677,0.8298,0.6731,nan,nan,nan,nan,0
early,cage,0,9,resnet,True,solarisation,lr,1e-05,0.0001,32,1,0.7258,0.7000,0.7045,0.3810,0.4040,nan,nan,nan,nan,0
early,cage,0,9,resnet,True,solarisation,lr,1e-05,0.0001,32,2,0.6737,0.7144,0.6794,0.7143,0.4007,nan,nan,nan,nan,0
early,cage,0,9,resnet,True,solarisation,lr,1e-05,0.0001,32,3,0.6293,0.6989,0.7229,0.3810,0.3737,nan,nan,nan,nan,0
early,cage,0,9,resnet,True,solarisation,lr,1e-05,0.0001,32,4,0.5983,0.7009,0.7328,0.4048,0.4411,nan,nan,nan,nan,0
early,cage,0,9,resnet,True,solarisation,lr,1e-05,0.0001,32,5,0.5550,0.6999,0.7386,0.3810,0.4310,nan,nan,nan,nan,1
early,cage,0,9,resnet,True,solarisation,lr,1e-05,0.0001,32,6,0.5046,0.7012,0.7438,0.3810,0.4646,nan,nan,nan,nan,1
early,cage,0,9,resnet,True,solarisation,lr,1e-05,0.0001,32,7,0.4465,0.7047,0.8168,0.2619,0.4646,nan,nan,nan,nan,1
early,cage,0,9,resnet,True,solarisation,lr,1e-05,0.0001,32,8,0.3832,0.7097,0.7940,0.4286,0.4882,nan,nan,nan,nan,1
early,cage,0,9,resnet,True,solarisation,lr,1e-05,0.0001,32,9,0.3329,0.7286,0.8474,0.3810,0.4545,nan,nan,nan,nan,0
early,cage,0,9,resnet,True,solarisation,lr,1e-05,0.0001,32,10,0.2888,0.7625,0.7795,0.5714,0.4714,nan,nan,nan,nan,1
early,cage,0,9,resnet,True,solarisation,lr,1e-05,0.0001,32,11,0.2478,0.7548,0.8191,0.5238,0.4747,nan,nan,nan,nan,0
early,cage,0,9,resnet,True,solarisation,lr,1e-05,0.0001,32,12,0.2006,0.8085,0.8293,0.5238,0.4747,nan,nan,nan,nan,0
early,cage,0,9,resnet,True,solarisation,lr,1e-05,0.0001,32,13,0.1614,0.8242,0.8338,0.5476,0.4815,nan,nan,nan,nan,0
early,cage,0,9,resnet,True,solarisation,lr,1e-05,0.0001,32,14,0.1340,0.9272,0.8514,0.5714,0.4781,nan,nan,nan,nan,1
early,cage,0,9,resnet,True,solarisation,lr,1e-05,0.0001,32,15,0.1095,0.8503,0.8856,0.5714,0.4613,nan,nan,nan,nan,0
early,cage,0,9,resnet,True,solarisation,lr,1e-05,0.0001,32,16,0.0886,0.8815,0.8817,0.5952,0.5084,nan,nan,nan,nan,0
early,cage,0,9,resnet,True,solarisation,lr,1e-05,0.0001,32,17,0.0720,0.8423,0.9289,0.5476,0.4680,nan,nan,nan,nan,0
early,cage,0,9,resnet,True,solarisation,lr,1e-05,0.0001,32,18,0.0634,0.9138,0.9520,0.5714,0.4646,nan,nan,nan,nan,0
early,cage,0,9,resnet,True,solarisation,lr,1e-05,0.0001,32,19,0.0583,0.9846,0.9313,0.5952,0.5152,nan,nan,nan,nan,1
early,cage,0,9,resnet,True,solarisation,lr,1e-05,0.0001,32,20,0.0406,0.9552,0.9492,0.5714,0.5051,nan,nan,nan,nan,1
early,cage,0,9,resnet,True,solarisation,lr,1e-05,0.0001,32,21,0.0368,0.9937,0.9840,0.5952,0.4916,nan,nan,nan,nan,0
early,cage,0,9,resnet,True,solarisation,lr,1e-05,0.0001,32,22,0.0278,1.0583,0.9948,0.5952,0.5118,0.8402,0.9690,0.7442,0.5675,1
early,cage,0,9,resnet,True,solarisation,lr,1e-05,0.0001,32,23,0.0278,0.9091,1.0246,0.5714,0.4848,nan,nan,nan,nan,0
early,cage,0,9,resnet,True,solarisation,lr,1e-05,0.0001,32,24,0.0218,0.9233,1.0482,0.5476,0.4478,nan,nan,nan,nan,0
early,cage,0,9,resnet,True,solarisation,lr,1e-05,0.0001,32,25,0.0225,0.9538,1.0279,0.5476,0.4916,nan,nan,nan,nan,0
early,cage,0,9,resnet,True,solarisation,lr,1e-05,0.0001,32,26,0.0181,1.0418,1.0799,0.5476,0.4680,nan,nan,nan,nan,0
early,cage,0,9,resnet,True,solarisation,lr,1e-05,0.0001,32,27,0.0182,0.9828,1.0709,0.5238,0.4714,nan,nan,nan,nan,0
early,cage,1,0,resnet,True,solarisation,lr,1e-05,0.0001,32,1,0.7170,0.7147,0.7492,0.1860,0.2937,nan,nan,nan,nan,0
early,cage,1,0,resnet,True,solarisation,lr,1e-05,0.0001,32,2,0.6692,0.7087,0.7338,0.1860,0.3730,nan,nan,nan,nan,0
early,cage,1,0,resnet,True,solarisation,lr,1e-05,0.0001,32,3,0.6396,0.7109,0.7448,0.1628,0.4325,nan,nan,nan,nan,0
early,cage,1,0,resnet,True,solarisation,lr,1e-05,0.0001,32,4,0.6040,0.6995,0.7136,0.3953,0.4762,nan,nan,nan,nan,0
early,cage,1,0,resnet,True,solarisation,lr,1e-05,0.0001,32,5,0.5655,0.7019,0.7366,0.2326,0.5357,nan,nan,nan,nan,1
early,cage,1,0,resnet,True,solarisation,lr,1e-05,0.0001,32,6,0.5222,0.6869,0.7179,0.3488,0.5952,nan,nan,nan,nan,1
early,cage,1,0,resnet,True,solarisation,lr,1e-05,0.0001,32,7,0.4708,0.6962,0.7504,0.2326,0.5833,nan,nan,nan,nan,1
early,cage,1,0,resnet,True,solarisation,lr,1e-05,0.0001,32,8,0.4316,0.7049,0.7840,0.1860,0.5794,nan,nan,nan,nan,1
early,cage,1,0,resnet,True,solarisation,lr,1e-05,0.0001,32,9,0.3664,0.7283,0.8337,0.1628,0.5397,nan,nan,nan,nan,1
early,cage,1,0,resnet,True,solarisation,lr,1e-05,0.0001,32,10,0.3178,0.7116,0.8156,0.2326,0.5992,0.7216,0.8478,0.2791,0.5675,1
early,cage,1,0,resnet,True,solarisation,lr,1e-05,0.0001,32,11,0.2686,0.7187,0.8240,0.2558,0.5595,nan,nan,nan,nan,0
early,cage,1,0,resnet,True,solarisation,lr,1e-05,0.0001,32,12,0.2144,0.7926,0.9718,0.1628,0.5516,nan,nan,nan,nan,0
early,cage,1,0,resnet,True,solarisation,lr,1e-05,0.0001,32,13,0.1837,0.7103,0.8161,0.2791,0.5556,nan,nan,nan,nan,0
early,cage,1,0,resnet,True,solarisation,lr,1e-05,0.0001,32,14,0.1511,0.7500,0.9238,0.2093,0.5675,nan,nan,nan,nan,0
early,cage,1,0,resnet,True,solarisation,lr,1e-05,0.0001,32,15,0.1225,0.7790,0.9867,0.1628,0.5357,nan,nan,nan,nan,0
early,cage,1,0,resnet,True,solarisation,lr,1e-05,0.0001,32,16,0.0991,0.8252,1.0699,0.1628,0.5198,nan,nan,nan,nan,0
early,cage,1,2,resnet,True,solarisation,lr,1e-05,0.0001,32,1,0.7286,0.6919,0.6742,0.7857,0.5404,nan,nan,nan,nan,0
early,cage,1,2,resnet,True,solarisation,lr,1e-05,0.0001,32,2,0.6694,0.6900,0.6820,0.7143,0.5809,nan,nan,nan,nan,0
early,cage,1,2,resnet,True,solarisation,lr,1e-05,0.0001,32,3,0.6345,0.6895,0.6728,0.7619,0.5588,nan,nan,nan,nan,0
early,cage,1,2,resnet,True,solarisation,lr,1e-05,0.0001,32,4,0.5895,0.6961,0.6645,0.7857,0.5478,nan,nan,nan,nan,0
early,cage,1,2,resnet,True,solarisation,lr,1e-05,0.0001,32,5,0.5434,0.7102,0.6546,0.7619,0.5294,nan,nan,nan,nan,1
early,cage,1,2,resnet,True,solarisation,lr,1e-05,0.0001,32,6,0.5020,0.7047,0.6595,0.7619,0.5625,nan,nan,nan,nan,0
early,cage,1,2,resnet,True,solarisation,lr,1e-05,0.0001,32,7,0.4497,0.6942,0.6729,0.7381,0.5809,nan,nan,nan,nan,0
early,cage,1,2,resnet,True,solarisation,lr,1e-05,0.0001,32,8,0.4091,0.7178,0.6440,0.7857,0.5662,nan,nan,nan,nan,1
early,cage,1,2,resnet,True,solarisation,lr,1e-05,0.0001,32,9,0.3490,0.7129,0.6517,0.7143,0.5662,nan,nan,nan,nan,0
early,cage,1,2,resnet,True,solarisation,lr,1e-05,0.0001,32,10,0.2985,0.6958,0.6555,0.7381,0.6140,nan,nan,nan,nan,1
early,cage,1,2,resnet,True,solarisation,lr,1e-05,0.0001,32,11,0.2497,0.7135,0.6587,0.7381,0.6103,nan,nan,nan,nan,1
early,cage,1,2,resnet,True,solarisation,lr,1e-05,0.0001,32,12,0.2153,0.7158,0.6678,0.7619,0.5809,nan,nan,nan,nan,0
early,cage,1,2,resnet,True,solarisation,lr,1e-05,0.0001,32,13,0.1673,0.7421,0.6665,0.8095,0.6029,nan,nan,nan,nan,1
early,cage,1,2,resnet,True,solarisation,lr,1e-05,0.0001,32,14,0.1382,0.6949,0.7019,0.7143,0.5956,nan,nan,nan,nan,1
early,cage,1,2,resnet,True,solarisation,lr,1e-05,0.0001,32,15,0.1138,0.6927,0.7031,0.7143,0.6471,0.7386,0.7195,0.6744,0.5357,1
early,cage,1,2,resnet,True,solarisation,lr,1e-05,0.0001,32,16,0.0960,0.6802,0.7655,0.6905,0.6140,nan,nan,nan,nan,0
early,cage,1,2,resnet,True,solarisation,lr,1e-05,0.0001,32,17,0.0828,0.7450,0.7104,0.7857,0.5919,nan,nan,nan,nan,0
early,cage,1,2,resnet,True,solarisation,lr,1e-05,0.0001,32,18,0.0682,0.7995,0.6989,0.7857,0.6103,nan,nan,nan,nan,0
early,cage,1,2,resnet,True,solarisation,lr,1e-05,0.0001,32,19,0.0510,0.7465,0.7355,0.7381,0.5956,nan,nan,nan,nan,0
early,cage,1,2,resnet,True,solarisation,lr,1e-05,0.0001,32,20,0.0474,0.7532,0.7257,0.8095,0.6140,nan,nan,nan,nan,0
early,cage,1,3,resnet,True,solarisation,lr,1e-05,0.0001,32,1,0.7240,0.6954,0.7496,0.2143,0.6367,nan,nan,nan,nan,0
early,cage,1,3,resnet,True,solarisation,lr,1e-05,0.0001,32,2,0.6795,0.6839,0.7120,0.4048,0.6612,nan,nan,nan,nan,0
early,cage,1,3,resnet,True,solarisation,lr,1e-05,0.0001,32,3,0.6462,0.6812,0.6878,0.5714,0.6204,nan,nan,nan,nan,0
early,cage,1,3,resnet,True,solarisation,lr,1e-05,0.0001,32,4,0.5959,0.6796,0.7065,0.3810,0.6571,nan,nan,nan,nan,0
early,cage,1,3,resnet,True,solarisation,lr,1e-05,0.0001,32,5,0.5643,0.6769,0.6933,0.5000,0.6612,nan,nan,nan,nan,1
early,cage,1,3,resnet,True,solarisation,lr,1e-05,0.0001,32,6,0.5129,0.6754,0.6914,0.6190,0.6490,nan,nan,nan,nan,0
early,cage,1,3,resnet,True,solarisation,lr,1e-05,0.0001,32,7,0.4678,0.6735,0.6531,0.8333,0.6571,nan,nan,nan,nan,0
early,cage,1,3,resnet,True,solarisation,lr,1e-05,0.0001,32,8,0.4070,0.6726,0.6452,0.8333,0.6571,nan,nan,nan,nan,1
early,cage,1,3,resnet,True,solarisation,lr,1e-05,0.0001,32,9,0.3613,0.6643,0.7024,0.4762,0.6816,nan,nan,nan,nan,0
early,cage,1,3,resnet,True,solarisation,lr,1e-05,0.0001,32,10,0.3017,0.6947,0.6234,0.8333,0.6653,nan,nan,nan,nan,1
early,cage,1,3,resnet,True,solarisation,lr,1e-05,0.0001,32,11,0.2400,0.7059,0.6188,0.8333,0.7020,nan,nan,nan,nan,1
early,cage,1,3,resnet,True,solarisation,lr,1e-05,0.0001,32,12,0.2064,0.7471,0.6226,0.8333,0.7224,nan,nan,nan,nan,1
early,cage,1,3,resnet,True,solarisation,lr,1e-05,0.0001,32,13,0.1661,0.6993,0.6443,0.8333,0.6653,nan,nan,nan,nan,0
early,cage,1,3,resnet,True,solarisation,lr,1e-05,0.0001,32,14,0.1408,0.7312,0.6444,0.8333,0.7184,nan,nan,nan,nan,1
early,cage,1,3,resnet,True,solarisation,lr,1e-05,0.0001,32,15,0.1151,0.7799,0.6558,0.8333,0.6939,nan,nan,nan,nan,1
early,cage,1,3,resnet,True,solarisation,lr,1e-05,0.0001,32,16,0.0909,0.7807,0.6592,0.8333,0.7347,nan,nan,nan,nan,1
early,cage,1,3,resnet,True,solarisation,lr,1e-05,0.0001,32,17,0.0724,0.8300,0.6656,0.8333,0.7224,nan,nan,nan,nan,0
early,cage,1,3,resnet,True,solarisation,lr,1e-05,0.0001,32,18,0.0639,0.8111,0.6744,0.8333,0.7102,0.8799,0.7267,0.8140,0.4802,1
early,cage,1,3,resnet,True,solarisation,lr,1e-05,0.0001,32,19,0.0521,0.7472,0.6646,0.8333,0.7265,nan,nan,nan,nan,0
early,cage,1,3,resnet,True,solarisation,lr,1e-05,0.0001,32,20,0.0424,0.8669,0.6951,0.8333,0.6776,nan,nan,nan,nan,0
early,cage,1,3,resnet,True,solarisation,lr,1e-05,0.0001,32,21,0.0362,0.6971,0.6839,0.8095,0.7020,nan,nan,nan,nan,0
early,cage,1,3,resnet,True,solarisation,lr,1e-05,0.0001,32,22,0.0350,0.7681,0.6917,0.8333,0.6980,nan,nan,nan,nan,0
early,cage,1,3,resnet,True,solarisation,lr,1e-05,0.0001,32,23,0.0303,0.6985,0.7150,0.8095,0.6653,nan,nan,nan,nan,0
early,cage,1,4,resnet,True,solarisation,lr,1e-05,0.0001,32,1,0.7307,0.7125,0.6988,0.6744,0.4500,nan,nan,nan,nan,0
early,cage,1,4,resnet,True,solarisation,lr,1e-05,0.0001,32,2,0.6644,0.7262,0.6958,0.7907,0.4464,nan,nan,nan,nan,0
early,cage,1,4,resnet,True,solarisation,lr,1e-05,0.0001,32,3,0.6461,0.7257,0.6932,0.7674,0.4464,nan,nan,nan,nan,0
early,cage,1,4,resnet,True,solarisation,lr,1e-05,0.0001,32,4,0.6082,0.7608,0.6967,0.8140,0.4321,nan,nan,nan,nan,0
early,cage,1,4,resnet,True,solarisation,lr,1e-05,0.0001,32,5,0.5657,0.7619,0.7032,0.7907,0.4571,0.7624,0.6400,0.8372,0.3532,1
early,cage,1,4,resnet,True,solarisation,lr,1e-05,0.0001,32,6,0.5202,0.7753,0.7153,0.7674,0.4250,nan,nan,nan,nan,0
early,cage,1,4,resnet,True,solarisation,lr,1e-05,0.0001,32,7,0.4835,0.7835,0.7310,0.7674,0.4464,nan,nan,nan,nan,0
early,cage,1,4,resnet,True,solarisation,lr,1e-05,0.0001,32,8,0.4257,0.8149,0.7467,0.7907,0.4286,nan,nan,nan,nan,0
early,cage,1,4,resnet,True,solarisation,lr,1e-05,0.0001,32,9,0.3709,0.8641,0.7766,0.7907,0.4321,nan,nan,nan,nan,0
early,cage,1,4,resnet,True,solarisation,lr,1e-05,0.0001,32,10,0.3213,0.9200,0.8090,0.8140,0.4429,nan,nan,nan,nan,0
early,cage,1,4,resnet,True,solarisation,lr,1e-05,0.0001,32,11,0.2651,1.1385,0.9404,0.8140,0.3964,nan,nan,nan,nan,0
early,cage,1,4,resnet,True,solarisation,lr,1e-05,0.0001,32,12,0.2226,1.1109,0.9313,0.8140,0.4179,nan,nan,nan,nan,0
early,cage,1,4,resnet,True,solarisation,lr,1e-05,0.0001,32,13,0.1822,1.3959,1.0960,0.8140,0.4286,nan,nan,nan,nan,0
early,cage,1,4,resnet,True,solarisation,lr,1e-05,0.0001,32,14,0.1483,1.6891,1.2802,0.8140,0.4036,nan,nan,nan,nan,0
early,cage,1,4,resnet,True,solarisation,lr,1e-05,0.0001,32,15,0.1284,1.7977,1.3527,0.8140,0.4214,nan,nan,nan,nan,0
early,cage,1,4,resnet,True,solarisation,lr,1e-05,0.0001,32,16,0.1052,1.7802,1.3560,0.8140,0.4107,nan,nan,nan,nan,0
early,cage,1,5,resnet,True,solarisation,lr,1e-05,0.0001,32,1,0.7331,0.7125,0.6694,0.7500,0.5018,nan,nan,nan,nan,0
early,cage,1,5,resnet,True,solarisation,lr,1e-05,0.0001,32,2,0.6664,0.6952,0.6926,0.5500,0.5018,nan,nan,nan,nan,0
early,cage,1,5,resnet,True,solarisation,lr,1e-05,0.0001,32,3,0.6325,0.6927,0.7150,0.3250,0.4695,nan,nan,nan,nan,0
early,cage,1,5,resnet,True,solarisation,lr,1e-05,0.0001,32,4,0.5927,0.7016,0.7055,0.4500,0.4731,nan,nan,nan,nan,0
early,cage,1,5,resnet,True,solarisation,lr,1e-05,0.0001,32,5,0.5499,0.7047,0.7113,0.4750,0.4624,0.7054,0.7320,0.3953,0.4325,1
early,cage,1,5,resnet,True,solarisation,lr,1e-05,0.0001,32,6,0.5030,0.7152,0.6851,0.7000,0.4731,nan,nan,nan,nan,0
early,cage,1,5,resnet,True,solarisation,lr,1e-05,0.0001,32,7,0.4559,0.7211,0.6935,0.6250,0.4839,nan,nan,nan,nan,0
early,cage,1,5,resnet,True,solarisation,lr,1e-05,0.0001,32,8,0.4044,0.7123,0.7097,0.5000,0.4731,nan,nan,nan,nan,0
early,cage,1,5,resnet,True,solarisation,lr,1e-05,0.0001,32,9,0.3508,0.7401,0.7140,0.7250,0.4588,nan,nan,nan,nan,0
early,cage,1,5,resnet,True,solarisation,lr,1e-05,0.0001,32,10,0.2979,0.7669,0.7145,0.7250,0.4659,nan,nan,nan,nan,0
early,cage,1,5,resnet,True,solarisation,lr,1e-05,0.0001,32,11,0.2514,0.7905,0.7099,0.7750,0.4875,nan,nan,nan,nan,0
early,cage,1,5,resnet,True,solarisation,lr,1e-05,0.0001,32,12,0.2056,0.8286,0.7317,0.7750,0.4659,nan,nan,nan,nan,0
early,cage,1,5,resnet,True,solarisation,lr,1e-05,0.0001,32,13,0.1762,0.8609,0.7660,0.7750,0.4767,nan,nan,nan,nan,0
early,cage,1,5,resnet,True,solarisation,lr,1e-05,0.0001,32,14,0.1340,0.8586,0.7775,0.7750,0.4695,nan,nan,nan,nan,0
early,cage,1,5,resnet,True,solarisation,lr,1e-05,0.0001,32,15,0.1168,0.9292,0.7897,0.7750,0.4767,nan,nan,nan,nan,0
early,cage,1,5,resnet,True,solarisation,lr,1e-05,0.0001,32,16,0.0995,0.9724,0.8193,0.7750,0.4624,nan,nan,nan,nan,0
early,cage,1,6,resnet,True,solarisation,lr,1e-05,0.0001,32,1,0.7489,0.6749,0.6521,0.8537,0.6095,nan,nan,nan,nan,0
early,cage,1,6,resnet,True,solarisation,lr,1e-05,0.0001,32,2,0.6815,0.6733,0.6573,0.8293,0.6524,nan,nan,nan,nan,0
early,cage,1,6,resnet,True,solarisation,lr,1e-05,0.0001,32,3,0.6286,0.6707,0.6375,0.8293,0.6524,nan,nan,nan,nan,0
early,cage,1,6,resnet,True,solarisation,lr,1e-05,0.0001,32,4,0.6005,0.6696,0.6186,0.8780,0.6286,nan,nan,nan,nan,0
early,cage,1,6,resnet,True,solarisation,lr,1e-05,0.0001,32,5,0.5561,0.6701,0.6136,0.8780,0.6048,0.7157,0.6182,0.8140,0.5198,1
early,cage,1,6,resnet,True,solarisation,lr,1e-05,0.0001,32,6,0.5157,0.6966,0.5957,0.8537,0.5905,nan,nan,nan,nan,0
early,cage,1,6,resnet,True,solarisation,lr,1e-05,0.0001,32,7,0.4680,0.7124,0.5911,0.8537,0.5857,nan,nan,nan,nan,0
early,cage,1,6,resnet,True,solarisation,lr,1e-05,0.0001,32,8,0.4187,0.7523,0.6011,0.8537,0.5810,nan,nan,nan,nan,0
early,cage,1,6,resnet,True,solarisation,lr,1e-05,0.0001,32,9,0.3643,0.8129,0.6240,0.8537,0.5714,nan,nan,nan,nan,0
early,cage,1,6,resnet,True,solarisation,lr,1e-05,0.0001,32,10,0.3134,0.7683,0.6153,0.8537,0.5667,nan,nan,nan,nan,0
early,cage,1,6,resnet,True,solarisation,lr,1e-05,0.0001,32,11,0.2658,0.9415,0.6825,0.8537,0.5667,nan,nan,nan,nan,0
early,cage,1,6,resnet,True,solarisation,lr,1e-05,0.0001,32,12,0.2274,1.0378,0.7384,0.8537,0.5476,nan,nan,nan,nan,0
early,cage,1,6,resnet,True,solarisation,lr,1e-05,0.0001,32,13,0.1895,0.9920,0.7155,0.8537,0.5762,nan,nan,nan,nan,0
early,cage,1,6,resnet,True,solarisation,lr,1e-05,0.0001,32,14,0.1525,1.2323,0.8474,0.8537,0.5667,nan,nan,nan,nan,0
early,cage,1,6,resnet,True,solarisation,lr,1e-05,0.0001,32,15,0.1254,1.2835,0.8783,0.8537,0.5429,nan,nan,nan,nan,0
early,cage,1,6,resnet,True,solarisation,lr,1e-05,0.0001,32,16,0.1032,1.2999,0.8881,0.8537,0.5762,nan,nan,nan,nan,0
early,cage,1,7,resnet,True,solarisation,lr,1e-05,0.0001,32,1,0.7656,0.7087,0.7406,0.2955,0.4306,nan,nan,nan,nan,0
early,cage,1,7,resnet,True,solarisation,lr,1e-05,0.0001,32,2,0.6765,0.7108,0.7212,0.4091,0.4375,nan,nan,nan,nan,0
early,cage,1,7,resnet,True,solarisation,lr,1e-05,0.0001,32,3,0.6458,0.7156,0.7431,0.3636,0.4549,nan,nan,nan,nan,0
early,cage,1,7,resnet,True,solarisation,lr,1e-05,0.0001,32,4,0.6076,0.7175,0.6727,0.6591,0.4583,nan,nan,nan,nan,0
early,cage,1,7,resnet,True,solarisation,lr,1e-05,0.0001,32,5,0.5600,0.7022,0.7194,0.5000,0.5069,nan,nan,nan,nan,1
early,cage,1,7,resnet,True,solarisation,lr,1e-05,0.0001,32,6,0.5208,0.7058,0.6767,0.6591,0.5451,nan,nan,nan,nan,1
early,cage,1,7,resnet,True,solarisation,lr,1e-05,0.0001,32,7,0.4808,0.7156,0.6620,0.6818,0.5556,nan,nan,nan,nan,1
early,cage,1,7,resnet,True,solarisation,lr,1e-05,0.0001,32,8,0.4293,0.7163,0.6663,0.6818,0.5382,nan,nan,nan,nan,1
early,cage,1,7,resnet,True,solarisation,lr,1e-05,0.0001,32,9,0.3731,0.7064,0.6845,0.6591,0.5451,0.7320,0.7089,0.6744,0.4921,1
early,cage,1,7,resnet,True,solarisation,lr,1e-05,0.0001,32,10,0.3199,0.7780,0.6804,0.7273,0.5104,nan,nan,nan,nan,0
early,cage,1,7,resnet,True,solarisation,lr,1e-05,0.0001,32,11,0.2719,0.7920,0.6881,0.7273,0.5069,nan,nan,nan,nan,0
early,cage,1,7,resnet,True,solarisation,lr,1e-05,0.0001,32,12,0.2175,0.7757,0.7079,0.7500,0.4931,nan,nan,nan,nan,0
early,cage,1,7,resnet,True,solarisation,lr,1e-05,0.0001,32,13,0.1910,1.0399,0.7867,0.7727,0.4757,nan,nan,nan,nan,0
early,cage,1,7,resnet,True,solarisation,lr,1e-05,0.0001,32,14,0.1478,0.9692,0.7469,0.7955,0.5139,nan,nan,nan,nan,0
early,cage,1,7,resnet,True,solarisation,lr,1e-05,0.0001,32,15,0.1171,1.0337,0.7752,0.7727,0.5174,nan,nan,nan,nan,0
early,cage,1,7,resnet,True,solarisation,lr,1e-05,0.0001,32,16,0.0995,1.0926,0.8185,0.7727,0.4965,nan,nan,nan,nan,0
early,cage,1,8,resnet,True,solarisation,lr,1e-05,0.0001,32,1,0.7204,0.7083,0.7145,0.4468,0.3910,nan,nan,nan,nan,0
early,cage,1,8,resnet,True,solarisation,lr,1e-05,0.0001,32,2,0.6749,0.7062,0.6866,0.6383,0.3974,nan,nan,nan,nan,0
early,cage,1,8,resnet,True,solarisation,lr,1e-05,0.0001,32,3,0.6286,0.7074,0.7411,0.2553,0.4295,nan,nan,nan,nan,0
early,cage,1,8,resnet,True,solarisation,lr,1e-05,0.0001,32,4,0.6004,0.7154,0.7959,0.2128,0.4872,nan,nan,nan,nan,0
early,cage,1,8,resnet,True,solarisation,lr,1e-05,0.0001,32,5,0.5518,0.7129,0.7927,0.2128,0.5064,nan,nan,nan,nan,1
early,cage,1,8,resnet,True,solarisation,lr,1e-05,0.0001,32,6,0.5151,0.7025,0.7810,0.2340,0.5673,nan,nan,nan,nan,1
early,cage,1,8,resnet,True,solarisation,lr,1e-05,0.0001,32,7,0.4622,0.7028,0.8120,0.2128,0.6282,nan,nan,nan,nan,1
early,cage,1,8,resnet,True,solarisation,lr,1e-05,0.0001,32,8,0.4030,0.6839,0.7655,0.3404,0.6378,nan,nan,nan,nan,1
early,cage,1,8,resnet,True,solarisation,lr,1e-05,0.0001,32,9,0.3475,0.7116,0.8736,0.1915,0.6474,nan,nan,nan,nan,1
early,cage,1,8,resnet,True,solarisation,lr,1e-05,0.0001,32,10,0.2992,0.6930,0.8451,0.1915,0.6923,nan,nan,nan,nan,1
early,cage,1,8,resnet,True,solarisation,lr,1e-05,0.0001,32,11,0.2518,0.6894,0.8551,0.2553,0.6891,nan,nan,nan,nan,1
early,cage,1,8,resnet,True,solarisation,lr,1e-05,0.0001,32,12,0.2071,0.6976,0.8905,0.2553,0.6603,nan,nan,nan,nan,1
early,cage,1,8,resnet,True,solarisation,lr,1e-05,0.0001,32,13,0.1655,0.6555,0.7173,0.7021,0.6603,nan,nan,nan,nan,0
early,cage,1,8,resnet,True,solarisation,lr,1e-05,0.0001,32,14,0.1425,0.6444,0.7026,0.8085,0.7244,nan,nan,nan,nan,1
early,cage,1,8,resnet,True,solarisation,lr,1e-05,0.0001,32,15,0.1141,0.6319,0.6929,0.8298,0.7244,nan,nan,nan,nan,1
early,cage,1,8,resnet,True,solarisation,lr,1e-05,0.0001,32,16,0.0916,0.6594,0.6853,0.8298,0.7051,nan,nan,nan,nan,0
early,cage,1,8,resnet,True,solarisation,lr,1e-05,0.0001,32,17,0.0769,0.6375,0.7792,0.7021,0.6987,nan,nan,nan,nan,1
early,cage,1,8,resnet,True,solarisation,lr,1e-05,0.0001,32,18,0.0641,0.6431,0.7936,0.7234,0.6923,0.7756,0.9369,0.5349,0.4563,1
early,cage,1,8,resnet,True,solarisation,lr,1e-05,0.0001,32,19,0.0529,0.6619,0.7527,0.7872,0.6699,nan,nan,nan,nan,0
early,cage,1,8,resnet,True,solarisation,lr,1e-05,0.0001,32,20,0.0465,0.7456,0.7008,0.8298,0.6699,nan,nan,nan,nan,0
early,cage,1,8,resnet,True,solarisation,lr,1e-05,0.0001,32,21,0.0383,0.6683,0.7366,0.7660,0.6955,nan,nan,nan,nan,0
early,cage,1,8,resnet,True,solarisation,lr,1e-05,0.0001,32,22,0.0323,0.7196,0.7276,0.8511,0.6923,nan,nan,nan,nan,0
early,cage,1,8,resnet,True,solarisation,lr,1e-05,0.0001,32,23,0.0262,0.6677,0.7952,0.7660,0.6635,nan,nan,nan,nan,0
early,cage,1,9,resnet,True,solarisation,lr,1e-05,0.0001,32,1,0.7357,0.8344,0.6309,0.7857,0.4916,nan,nan,nan,nan,0
early,cage,1,9,resnet,True,solarisation,lr,1e-05,0.0001,32,2,0.6786,0.8389,0.6300,0.7857,0.5421,nan,nan,nan,nan,0
early,cage,1,9,resnet,True,solarisation,lr,1e-05,0.0001,32,3,0.6247,0.8229,0.6325,0.7857,0.5320,nan,nan,nan,nan,0
early,cage,1,9,resnet,True,solarisation,lr,1e-05,0.0001,32,4,0.6003,0.8211,0.6342,0.7857,0.5354,nan,nan,nan,nan,0
early,cage,1,9,resnet,True,solarisation,lr,1e-05,0.0001,32,5,0.5501,0.9595,0.6508,0.7857,0.6296,nan,nan,nan,nan,1
early,cage,1,9,resnet,True,solarisation,lr,1e-05,0.0001,32,6,0.4975,0.9513,0.6544,0.7857,0.6296,nan,nan,nan,nan,1
early,cage,1,9,resnet,True,solarisation,lr,1e-05,0.0001,32,7,0.4565,0.9901,0.6730,0.7857,0.5859,nan,nan,nan,nan,1
early,cage,1,9,resnet,True,solarisation,lr,1e-05,0.0001,32,8,0.4009,0.9789,0.6734,0.7857,0.5859,nan,nan,nan,nan,1
early,cage,1,9,resnet,True,solarisation,lr,1e-05,0.0001,32,9,0.3493,1.0632,0.7131,0.7857,0.5589,nan,nan,nan,nan,0
early,cage,1,9,resnet,True,solarisation,lr,1e-05,0.0001,32,10,0.2908,1.1581,0.7480,0.7857,0.5791,nan,nan,nan,nan,0
early,cage,1,9,resnet,True,solarisation,lr,1e-05,0.0001,32,11,0.2480,1.3736,0.8395,0.7857,0.5690,nan,nan,nan,nan,0
early,cage,1,9,resnet,True,solarisation,lr,1e-05,0.0001,32,12,0.2053,1.4287,0.8611,0.7857,0.6128,nan,nan,nan,nan,0
early,cage,1,9,resnet,True,solarisation,lr,1e-05,0.0001,32,13,0.1701,1.2488,0.8078,0.7857,0.5960,nan,nan,nan,nan,0
early,cage,1,9,resnet,True,solarisation,lr,1e-05,0.0001,32,14,0.1381,1.5208,0.9234,0.7857,0.5926,nan,nan,nan,nan,0
early,cage,1,9,resnet,True,solarisation,lr,1e-05,0.0001,32,15,0.1080,1.5496,0.9427,0.7857,0.6027,nan,nan,nan,nan,0
early,cage,1,9,resnet,True,solarisation,lr,1e-05,0.0001,32,16,0.0874,1.9133,1.1055,0.7857,0.6431,nan,nan,nan,nan,1
early,cage,1,9,resnet,True,solarisation,lr,1e-05,0.0001,32,17,0.0759,1.9085,1.1064,0.7857,0.6431,nan,nan,nan,nan,1
early,cage,1,9,resnet,True,solarisation,lr,1e-05,0.0001,32,18,0.0693,1.7792,1.0532,0.7857,0.6397,nan,nan,nan,nan,1
early,cage,1,9,resnet,True,solarisation,lr,1e-05,0.0001,32,19,0.0562,1.8785,1.1046,0.7857,0.6263,nan,nan,nan,nan,1
early,cage,1,9,resnet,True,solarisation,lr,1e-05,0.0001,32,20,0.0456,2.2627,1.2883,0.7857,0.6330,2.0966,1.1667,0.8372,0.3452,1
early,cage,1,9,resnet,True,solarisation,lr,1e-05,0.0001,32,21,0.0351,2.1112,1.2244,0.7857,0.6195,nan,nan,nan,nan,0
early,cage,1,9,resnet,True,solarisation,lr,1e-05,0.0001,32,22,0.0334,2.4120,1.3703,0.7857,0.6263,nan,nan,nan,nan,0
early,cage,1,9,resnet,True,solarisation,lr,1e-05,0.0001,32,23,0.0262,2.4648,1.4030,0.7857,0.6061,nan,nan,nan,nan,0
early,cage,1,9,resnet,True,solarisation,lr,1e-05,0.0001,32,24,0.0255,2.4975,1.4178,0.7857,0.6128,nan,nan,nan,nan,0
early,cage,1,9,resnet,True,solarisation,lr,1e-05,0.0001,32,25,0.0217,2.4638,1.4099,0.7857,0.5960,nan,nan,nan,nan,0
early,cage,2,0,resnet,True,solarisation,lr,1e-05,0.0001,32,1,0.7412,0.6939,0.7478,0.1628,0.6786,nan,nan,nan,nan,0
early,cage,2,0,resnet,True,solarisation,lr,1e-05,0.0001,32,2,0.6740,0.7085,0.7875,0.1628,0.7302,nan,nan,nan,nan,0
early,cage,2,0,resnet,True,solarisation,lr,1e-05,0.0001,32,3,0.6330,0.7089,0.7963,0.1628,0.7897,nan,nan,nan,nan,0
early,cage,2,0,resnet,True,solarisation,lr,1e-05,0.0001,32,4,0.5977,0.6904,0.7703,0.1628,0.8373,nan,nan,nan,nan,0
early,cage,2,0,resnet,True,solarisation,lr,1e-05,0.0001,32,5,0.5511,0.7255,0.8560,0.1628,0.8452,nan,nan,nan,nan,1
early,cage,2,0,resnet,True,solarisation,lr,1e-05,0.0001,32,6,0.5098,0.7285,0.8655,0.1628,0.8135,nan,nan,nan,nan,1
early,cage,2,0,resnet,True,solarisation,lr,1e-05,0.0001,32,7,0.4656,0.7430,0.9034,0.1628,0.8056,nan,nan,nan,nan,1
early,cage,2,0,resnet,True,solarisation,lr,1e-05,0.0001,32,8,0.4146,0.7164,0.8650,0.1628,0.8254,0.7166,0.9083,0.1905,0.6066,1
early,cage,2,0,resnet,True,solarisation,lr,1e-05,0.0001,32,9,0.3551,0.7874,0.9905,0.1628,0.7341,nan,nan,nan,nan,0
early,cage,2,0,resnet,True,solarisation,lr,1e-05,0.0001,32,10,0.3139,0.8203,1.0520,0.1628,0.7103,nan,nan,nan,nan,0
early,cage,2,0,resnet,True,solarisation,lr,1e-05,0.0001,32,11,0.2565,0.7603,0.9780,0.1628,0.7381,nan,nan,nan,nan,0
early,cage,2,0,resnet,True,solarisation,lr,1e-05,0.0001,32,12,0.2224,0.7655,0.9887,0.1628,0.6984,nan,nan,nan,nan,0
early,cage,2,0,resnet,True,solarisation,lr,1e-05,0.0001,32,13,0.1767,0.8221,1.0998,0.1628,0.6786,nan,nan,nan,nan,0
early,cage,2,0,resnet,True,solarisation,lr,1e-05,0.0001,32,14,0.1524,0.6958,0.8897,0.2326,0.6746,nan,nan,nan,nan,0
early,cage,2,0,resnet,True,solarisation,lr,1e-05,0.0001,32,15,0.1158,0.7144,0.9569,0.2093,0.6429,nan,nan,nan,nan,0
early,cage,2,0,resnet,True,solarisation,lr,1e-05,0.0001,32,16,0.1027,0.7415,1.0123,0.1860,0.6587,nan,nan,nan,nan,0
early,cage,2,1,resnet,True,solarisation,lr,1e-05,0.0001,32,1,0.7134,0.6925,0.6792,0.6744,0.4960,nan,nan,nan,nan,0
early,cage,2,1,resnet,True,solarisation,lr,1e-05,0.0001,32,2,0.6757,0.6934,0.6679,0.7442,0.4921,nan,nan,nan,nan,0
early,cage,2,1,resnet,True,solarisation,lr,1e-05,0.0001,32,3,0.6239,0.6978,0.6375,0.8140,0.5119,nan,nan,nan,nan,0
early,cage,2,1,resnet,True,solarisation,lr,1e-05,0.0001,32,4,0.5954,0.6924,0.6894,0.6279,0.5000,nan,nan,nan,nan,0
early,cage,2,1,resnet,True,solarisation,lr,1e-05,0.0001,32,5,0.5474,0.6922,0.6682,0.6977,0.5159,nan,nan,nan,nan,1
early,cage,2,1,resnet,True,solarisation,lr,1e-05,0.0001,32,6,0.5145,0.7163,0.6266,0.8140,0.5159,nan,nan,nan,nan,0
early,cage,2,1,resnet,True,solarisation,lr,1e-05,0.0001,32,7,0.4561,0.7189,0.6323,0.7907,0.5397,nan,nan,nan,nan,1
early,cage,2,1,resnet,True,solarisation,lr,1e-05,0.0001,32,8,0.4047,0.7395,0.6277,0.8140,0.5317,nan,nan,nan,nan,0
early,cage,2,1,resnet,True,solarisation,lr,1e-05,0.0001,32,9,0.3481,0.7606,0.6385,0.7907,0.5159,0.7842,0.6642,0.8095,0.4743,1
early,cage,2,1,resnet,True,solarisation,lr,1e-05,0.0001,32,10,0.3020,0.7642,0.6454,0.7674,0.5357,nan,nan,nan,nan,0
early,cage,2,1,resnet,True,solarisation,lr,1e-05,0.0001,32,11,0.2450,0.8863,0.6638,0.8372,0.4881,nan,nan,nan,nan,0
early,cage,2,1,resnet,True,solarisation,lr,1e-05,0.0001,32,12,0.2056,1.0156,0.6997,0.8372,0.4921,nan,nan,nan,nan,0
early,cage,2,1,resnet,True,solarisation,lr,1e-05,0.0001,32,13,0.1692,1.1219,0.7435,0.8372,0.4762,nan,nan,nan,nan,0
early,cage,2,1,resnet,True,solarisation,lr,1e-05,0.0001,32,14,0.1378,1.0667,0.7474,0.8372,0.4722,nan,nan,nan,nan,0
early,cage,2,1,resnet,True,solarisation,lr,1e-05,0.0001,32,15,0.1138,1.1964,0.7906,0.8372,0.4683,nan,nan,nan,nan,0
early,cage,2,1,resnet,True,solarisation,lr,1e-05,0.0001,32,16,0.0880,1.3465,0.8515,0.8372,0.4563,nan,nan,nan,nan,0
early,cage,2,3,resnet,True,solarisation,lr,1e-05,0.0001,32,1,0.7226,0.6932,0.7125,0.3095,0.5755,nan,nan,nan,nan,0
early,cage,2,3,resnet,True,solarisation,lr,1e-05,0.0001,32,2,0.6741,0.6969,0.7447,0.1905,0.6082,nan,nan,nan,nan,0
early,cage,2,3,resnet,True,solarisation,lr,1e-05,0.0001,32,3,0.6306,0.7081,0.7877,0.1905,0.6327,nan,nan,nan,nan,0
early,cage,2,3,resnet,True,solarisation,lr,1e-05,0.0001,32,4,0.6000,0.7019,0.7749,0.2381,0.5959,nan,nan,nan,nan,0
early,cage,2,3,resnet,True,solarisation,lr,1e-05,0.0001,32,5,0.5571,0.7217,0.8410,0.2143,0.6286,nan,nan,nan,nan,1
early,cage,2,3,resnet,True,solarisation,lr,1e-05,0.0001,32,6,0.5155,0.7168,0.8354,0.2143,0.6082,0.7404,0.8815,0.1905,0.3971,1
early,cage,2,3,resnet,True,solarisation,lr,1e-05,0.0001,32,7,0.4604,0.6993,0.7862,0.4048,0.5592,nan,nan,nan,nan,0
early,cage,2,3,resnet,True,solarisation,lr,1e-05,0.0001,32,8,0.4029,0.7022,0.8260,0.3333,0.5510,nan,nan,nan,nan,0
early,cage,2,3,resnet,True,solarisation,lr,1e-05,0.0001,32,9,0.3519,0.6908,0.7981,0.4762,0.6000,nan,nan,nan,nan,0
early,cage,2,3,resnet,True,solarisation,lr,1e-05,0.0001,32,10,0.3054,0.6952,0.7880,0.6667,0.5918,nan,nan,nan,nan,0
early,cage,2,3,resnet,True,solarisation,lr,1e-05,0.0001,32,11,0.2497,0.6976,0.8118,0.6905,0.6163,nan,nan,nan,nan,0
early,cage,2,3,resnet,True,solarisation,lr,1e-05,0.0001,32,12,0.2131,0.8221,0.8081,0.8095,0.5796,nan,nan,nan,nan,0
early,cage,2,3,resnet,True,solarisation,lr,1e-05,0.0001,32,13,0.1765,0.8183,0.8192,0.8095,0.5673,nan,nan,nan,nan,0
early,cage,2,3,resnet,True,solarisation,lr,1e-05,0.0001,32,14,0.1443,0.8463,0.8555,0.8095,0.5755,nan,nan,nan,nan,0
early,cage,2,3,resnet,True,solarisation,lr,1e-05,0.0001,32,15,0.1197,0.8256,0.8572,0.8095,0.6000,nan,nan,nan,nan,0
early,cage,2,3,resnet,True,solarisation,lr,1e-05,0.0001,32,16,0.0976,0.8073,0.8686,0.8095,0.6122,nan,nan,nan,nan,0
early,cage,2,4,resnet,True,solarisation,lr,1e-05,0.0001,32,1,0.7440,0.6948,0.7431,0.1860,0.5786,nan,nan,nan,nan,0
early,cage,2,4,resnet,True,solarisation,lr,1e-05,0.0001,32,2,0.6860,0.6939,0.7346,0.1860,0.5429,nan,nan,nan,nan,0
early,cage,2,4,resnet,True,solarisation,lr,1e-05,0.0001,32,3,0.6423,0.6919,0.7226,0.2326,0.5500,nan,nan,nan,nan,0
early,cage,2,4,resnet,True,solarisation,lr,1e-05,0.0001,32,4,0.6011,0.6955,0.7348,0.2326,0.5036,nan,nan,nan,nan,0
early,cage,2,4,resnet,True,solarisation,lr,1e-05,0.0001,32,5,0.5594,0.7096,0.7819,0.1860,0.4643,0.7088,0.8292,0.1905,0.5257,1
early,cage,2,4,resnet,True,solarisation,lr,1e-05,0.0001,32,6,0.5177,0.7039,0.7556,0.2791,0.4679,nan,nan,nan,nan,0
early,cage,2,4,resnet,True,solarisation,lr,1e-05,0.0001,32,7,0.4638,0.7154,0.8005,0.2558,0.4536,nan,nan,nan,nan,0
early,cage,2,4,resnet,True,solarisation,lr,1e-05,0.0001,32,8,0.4146,0.7209,0.8084,0.2326,0.4107,nan,nan,nan,nan,0
early,cage,2,4,resnet,True,solarisation,lr,1e-05,0.0001,32,9,0.3592,0.7364,0.8661,0.2326,0.4357,nan,nan,nan,nan,0
early,cage,2,4,resnet,True,solarisation,lr,1e-05,0.0001,32,10,0.3120,0.7290,0.8400,0.2326,0.4250,nan,nan,nan,nan,0
early,cage,2,4,resnet,True,solarisation,lr,1e-05,0.0001,32,11,0.2580,0.7411,0.8783,0.2326,0.4036,nan,nan,nan,nan,0
early,cage,2,4,resnet,True,solarisation,lr,1e-05,0.0001,32,12,0.2174,0.7445,0.9081,0.2558,0.4143,nan,nan,nan,nan,0
early,cage,2,4,resnet,True,solarisation,lr,1e-05,0.0001,32,13,0.1724,0.7455,0.8915,0.4419,0.4179,nan,nan,nan,nan,0
early,cage,2,4,resnet,True,solarisation,lr,1e-05,0.0001,32,14,0.1487,0.7679,0.9305,0.4651,0.3536,nan,nan,nan,nan,0
early,cage,2,4,resnet,True,solarisation,lr,1e-05,0.0001,32,15,0.1223,0.7908,0.9504,0.5116,0.3714,nan,nan,nan,nan,0
early,cage,2,4,resnet,True,solarisation,lr,1e-05,0.0001,32,16,0.1046,0.7892,1.0256,0.3721,0.3857,nan,nan,nan,nan,0
early,cage,2,5,resnet,True,solarisation,lr,1e-05,0.0001,32,1,0.7244,0.6963,0.8079,0.2250,0.4409,nan,nan,nan,nan,0
early,cage,2,5,resnet,True,solarisation,lr,1e-05,0.0001,32,2,0.6656,0.7040,0.8283,0.2250,0.4337,nan,nan,nan,nan,0
early,cage,2,5,resnet,True,solarisation,lr,1e-05,0.0001,32,3,0.6298,0.7301,0.9132,0.2250,0.4086,nan,nan,nan,nan,0
early,cage,2,5,resnet,True,solarisation,lr,1e-05,0.0001,32,4,0.5754,0.7434,0.9384,0.2250,0.3728,nan,nan,nan,nan,0
early,cage,2,5,resnet,True,solarisation,lr,1e-05,0.0001,32,5,0.5379,0.7591,0.9679,0.2250,0.3118,0.7938,1.0546,0.1905,0.5735,1
early,cage,2,5,resnet,True,solarisation,lr,1e-05,0.0001,32,6,0.4913,0.7912,1.0372,0.2250,0.3082,nan,nan,nan,nan,0
early,cage,2,5,resnet,True,solarisation,lr,1e-05,0.0001,32,7,0.4353,0.8366,1.1354,0.2250,0.2616,nan,nan,nan,nan,0
early,cage,2,5,resnet,True,solarisation,lr,1e-05,0.0001,32,8,0.3767,0.8252,1.1087,0.2250,0.2796,nan,nan,nan,nan,0
early,cage,2,5,resnet,True,solarisation,lr,1e-05,0.0001,32,9,0.3277,0.8476,1.1524,0.2250,0.2796,nan,nan,nan,nan,0
early,cage,2,5,resnet,True,solarisation,lr,1e-05,0.0001,32,10,0.2826,0.8817,1.2121,0.2250,0.2867,nan,nan,nan,nan,0
early,cage,2,5,resnet,True,solarisation,lr,1e-05,0.0001,32,11,0.2440,0.8670,1.1908,0.2250,0.2509,nan,nan,nan,nan,0
early,cage,2,5,resnet,True,solarisation,lr,1e-05,0.0001,32,12,0.1941,0.8111,1.0663,0.2250,0.2760,nan,nan,nan,nan,0
early,cage,2,5,resnet,True,solarisation,lr,1e-05,0.0001,32,13,0.1539,0.8860,1.2286,0.2250,0.2258,nan,nan,nan,nan,0
early,cage,2,5,resnet,True,solarisation,lr,1e-05,0.0001,32,14,0.1275,0.8847,1.2323,0.2250,0.2437,nan,nan,nan,nan,0
early,cage,2,5,resnet,True,solarisation,lr,1e-05,0.0001,32,15,0.1033,0.8603,1.1971,0.2250,0.2867,nan,nan,nan,nan,0
early,cage,2,5,resnet,True,solarisation,lr,1e-05,0.0001,32,16,0.0897,0.9042,1.2750,0.2250,0.2222,nan,nan,nan,nan,0
early,cage,2,6,resnet,True,solarisation,lr,1e-05,0.0001,32,1,0.7123,0.6895,0.6386,0.8537,0.5000,nan,nan,nan,nan,0
early,cage,2,6,resnet,True,solarisation,lr,1e-05,0.0001,32,2,0.6581,0.6944,0.6530,0.8537,0.4048,nan,nan,nan,nan,0
early,cage,2,6,resnet,True,solarisation,lr,1e-05,0.0001,32,3,0.6287,0.6973,0.6553,0.8293,0.4238,nan,nan,nan,nan,0
early,cage,2,6,resnet,True,solarisation,lr,1e-05,0.0001,32,4,0.5806,0.7111,0.6280,0.8537,0.4190,nan,nan,nan,nan,0
early,cage,2,6,resnet,True,solarisation,lr,1e-05,0.0001,32,5,0.5375,0.7037,0.6434,0.8537,0.4000,0.7143,0.6450,0.8095,0.4926,1
early,cage,2,6,resnet,True,solarisation,lr,1e-05,0.0001,32,6,0.4875,0.7223,0.6359,0.8537,0.3667,nan,nan,nan,nan,0
early,cage,2,6,resnet,True,solarisation,lr,1e-05,0.0001,32,7,0.4474,0.7361,0.6361,0.8537,0.3857,nan,nan,nan,nan,0
early,cage,2,6,resnet,True,solarisation,lr,1e-05,0.0001,32,8,0.4015,0.7449,0.6653,0.8537,0.3333,nan,nan,nan,nan,0
early,cage,2,6,resnet,True,solarisation,lr,1e-05,0.0001,32,9,0.3421,0.7828,0.6522,0.8537,0.3333,nan,nan,nan,nan,0
early,cage,2,6,resnet,True,solarisation,lr,1e-05,0.0001,32,10,0.3037,0.7852,0.6582,0.8537,0.3476,nan,nan,nan,nan,0
early,cage,2,6,resnet,True,solarisation,lr,1e-05,0.0001,32,11,0.2431,0.8254,0.6786,0.8537,0.2952,nan,nan,nan,nan,0
early,cage,2,6,resnet,True,solarisation,lr,1e-05,0.0001,32,12,0.2161,0.8267,0.6951,0.8537,0.2905,nan,nan,nan,nan,0
early,cage,2,6,resnet,True,solarisation,lr,1e-05,0.0001,32,13,0.1778,0.8464,0.7068,0.8537,0.3048,nan,nan,nan,nan,0
early,cage,2,6,resnet,True,solarisation,lr,1e-05,0.0001,32,14,0.1342,0.8640,0.7296,0.8537,0.3048,nan,nan,nan,nan,0
early,cage,2,6,resnet,True,solarisation,lr,1e-05,0.0001,32,15,0.1198,0.9367,0.7659,0.8537,0.3095,nan,nan,nan,nan,0
early,cage,2,6,resnet,True,solarisation,lr,1e-05,0.0001,32,16,0.0956,1.0397,0.8033,0.8537,0.3381,nan,nan,nan,nan,0
early,cage,2,7,resnet,True,solarisation,lr,1e-05,0.0001,32,1,0.7230,0.7315,0.8346,0.1818,0.3403,nan,nan,nan,nan,0
early,cage,2,7,resnet,True,solarisation,lr,1e-05,0.0001,32,2,0.6693,0.7194,0.7306,0.2955,0.3507,nan,nan,nan,nan,0
early,cage,2,7,resnet,True,solarisation,lr,1e-05,0.0001,32,3,0.6306,0.7233,0.7401,0.3636,0.3438,nan,nan,nan,nan,0
early,cage,2,7,resnet,True,solarisation,lr,1e-05,0.0001,32,4,0.5897,0.7328,0.7242,0.4773,0.3576,nan,nan,nan,nan,0
early,cage,2,7,resnet,True,solarisation,lr,1e-05,0.0001,32,5,0.5519,0.7370,0.7501,0.4545,0.3611,nan,nan,nan,nan,1
early,cage,2,7,resnet,True,solarisation,lr,1e-05,0.0001,32,6,0.5062,0.7519,0.7385,0.5909,0.3681,nan,nan,nan,nan,1
early,cage,2,7,resnet,True,solarisation,lr,1e-05,0.0001,32,7,0.4594,0.7727,0.7507,0.6591,0.3403,nan,nan,nan,nan,0
early,cage,2,7,resnet,True,solarisation,lr,1e-05,0.0001,32,8,0.4055,0.7881,0.7785,0.5909,0.3681,nan,nan,nan,nan,0
early,cage,2,7,resnet,True,solarisation,lr,1e-05,0.0001,32,9,0.3522,0.8226,0.7940,0.6136,0.3542,nan,nan,nan,nan,0
early,cage,2,7,resnet,True,solarisation,lr,1e-05,0.0001,32,10,0.2996,0.9311,0.8030,0.6818,0.3542,nan,nan,nan,nan,0
early,cage,2,7,resnet,True,solarisation,lr,1e-05,0.0001,32,11,0.2584,0.8709,0.8125,0.6818,0.3507,nan,nan,nan,nan,0
early,cage,2,7,resnet,True,solarisation,lr,1e-05,0.0001,32,12,0.2054,0.9224,0.8079,0.6818,0.3785,nan,nan,nan,nan,0
early,cage,2,7,resnet,True,solarisation,lr,1e-05,0.0001,32,13,0.1770,1.1498,0.8706,0.7727,0.3507,nan,nan,nan,nan,0
early,cage,2,7,resnet,True,solarisation,lr,1e-05,0.0001,32,14,0.1351,1.2539,0.9183,0.7727,0.3819,nan,nan,nan,nan,1
early,cage,2,7,resnet,True,solarisation,lr,1e-05,0.0001,32,15,0.1180,1.1926,0.9263,0.7045,0.3576,nan,nan,nan,nan,0
early,cage,2,7,resnet,True,solarisation,lr,1e-05,0.0001,32,16,0.0916,1.2099,0.9521,0.6818,0.3507,nan,nan,nan,nan,0
early,cage,2,7,resnet,True,solarisation,lr,1e-05,0.0001,32,17,0.0766,1.2824,0.9711,0.7500,0.3889,nan,nan,nan,nan,0
early,cage,2,7,resnet,True,solarisation,lr,1e-05,0.0001,32,18,0.0645,1.3252,0.9904,0.7500,0.3854,nan,nan,nan,nan,1
early,cage,2,7,resnet,True,solarisation,lr,1e-05,0.0001,32,19,0.0499,1.4942,1.0437,0.7955,0.3924,nan,nan,nan,nan,0
early,cage,2,7,resnet,True,solarisation,lr,1e-05,0.0001,32,20,0.0445,1.2615,0.9838,0.7727,0.4062,nan,nan,nan,nan,1
early,cage,2,7,resnet,True,solarisation,lr,1e-05,0.0001,32,21,0.0375,1.3761,1.0429,0.7727,0.3785,1.1208,0.9264,0.7381,0.4338,1
early,cage,2,7,resnet,True,solarisation,lr,1e-05,0.0001,32,22,0.0310,1.3896,1.0541,0.7273,0.3785,nan,nan,nan,nan,0
early,cage,2,7,resnet,True,solarisation,lr,1e-05,0.0001,32,23,0.0290,1.4126,1.0693,0.7500,0.3924,nan,nan,nan,nan,0
early,cage,2,7,resnet,True,solarisation,lr,1e-05,0.0001,32,24,0.0246,1.6300,1.1514,0.8182,0.3576,nan,nan,nan,nan,0
early,cage,2,7,resnet,True,solarisation,lr,1e-05,0.0001,32,25,0.0238,1.7120,1.2011,0.7955,0.3507,nan,nan,nan,nan,0
early,cage,2,7,resnet,True,solarisation,lr,1e-05,0.0001,32,26,0.0185,1.6873,1.1838,0.8182,0.3368,nan,nan,nan,nan,0
early,cage,2,8,resnet,True,solarisation,lr,1e-05,0.0001,32,1,0.7279,0.7269,0.8372,0.1702,0.4455,nan,nan,nan,nan,0
early,cage,2,8,resnet,True,solarisation,lr,1e-05,0.0001,32,2,0.6673,0.7539,0.9068,0.1702,0.4199,nan,nan,nan,nan,0
early,cage,2,8,resnet,True,solarisation,lr,1e-05,0.0001,32,3,0.6310,0.7827,0.9749,0.1702,0.4551,nan,nan,nan,nan,0
early,cage,2,8,resnet,True,solarisation,lr,1e-05,0.0001,32,4,0.5828,0.8183,1.0520,0.1702,0.4679,nan,nan,nan,nan,0
early,cage,2,8,resnet,True,solarisation,lr,1e-05,0.0001,32,5,0.5432,0.8440,1.1090,0.1702,0.5256,nan,nan,nan,nan,1
early,cage,2,8,resnet,True,solarisation,lr,1e-05,0.0001,32,6,0.4946,0.8877,1.1971,0.1702,0.5673,nan,nan,nan,nan,1
early,cage,2,8,resnet,True,solarisation,lr,1e-05,0.0001,32,7,0.4463,0.9000,1.2258,0.1702,0.5545,nan,nan,nan,nan,1
early,cage,2,8,resnet,True,solarisation,lr,1e-05,0.0001,32,8,0.3986,0.9587,1.3309,0.1702,0.5833,nan,nan,nan,nan,1
early,cage,2,8,resnet,True,solarisation,lr,1e-05,0.0001,32,9,0.3420,1.0662,1.5136,0.1702,0.5737,nan,nan,nan,nan,1
early,cage,2,8,resnet,True,solarisation,lr,1e-05,0.0001,32,10,0.3039,1.0072,1.4294,0.1702,0.6442,nan,nan,nan,nan,1
early,cage,2,8,resnet,True,solarisation,lr,1e-05,0.0001,32,11,0.2470,1.2005,1.7236,0.1702,0.6090,nan,nan,nan,nan,1
early,cage,2,8,resnet,True,solarisation,lr,1e-05,0.0001,32,12,0.2132,1.3456,1.9556,0.1702,0.5929,nan,nan,nan,nan,1
early,cage,2,8,resnet,True,solarisation,lr,1e-05,0.0001,32,13,0.1655,1.2888,1.8639,0.1702,0.5994,nan,nan,nan,nan,0
early,cage,2,8,resnet,True,solarisation,lr,1e-05,0.0001,32,14,0.1414,1.3239,1.9116,0.1702,0.5929,nan,nan,nan,nan,1
early,cage,2,8,resnet,True,solarisation,lr,1e-05,0.0001,32,15,0.1140,1.3168,1.9261,0.1702,0.6795,nan,nan,nan,nan,1
early,cage,2,8,resnet,True,solarisation,lr,1e-05,0.0001,32,16,0.0946,1.2702,1.8578,0.1702,0.6603,nan,nan,nan,nan,1
early,cage,2,8,resnet,True,solarisation,lr,1e-05,0.0001,32,17,0.0790,1.2779,1.8781,0.1702,0.6699,nan,nan,nan,nan,1
early,cage,2,8,resnet,True,solarisation,lr,1e-05,0.0001,32,18,0.0660,1.3579,2.0017,0.1702,0.6763,nan,nan,nan,nan,1
early,cage,2,8,resnet,True,solarisation,lr,1e-05,0.0001,32,19,0.0559,1.4165,2.0923,0.1702,0.6378,1.3499,2.0611,0.1905,0.6397,1
early,cage,2,8,resnet,True,solarisation,lr,1e-05,0.0001,32,20,0.0442,1.3250,1.9548,0.1702,0.6250,nan,nan,nan,nan,0
early,cage,2,8,resnet,True,solarisation,lr,1e-05,0.0001,32,21,0.0386,1.4812,2.2079,0.1702,0.6378,nan,nan,nan,nan,0
early,cage,2,8,resnet,True,solarisation,lr,1e-05,0.0001,32,22,0.0357,1.6131,2.3809,0.1702,0.5801,nan,nan,nan,nan,0
early,cage,2,8,resnet,True,solarisation,lr,1e-05,0.0001,32,23,0.0322,1.4777,2.2078,0.1702,0.6250,nan,nan,nan,nan,0
early,cage,2,8,resnet,True,solarisation,lr,1e-05,0.0001,32,24,0.0261,1.7000,2.5112,0.1702,0.5737,nan,nan,nan,nan,0
early,cage,2,9,resnet,True,solarisation,lr,1e-05,0.0001,32,1,0.7234,0.7605,0.6826,0.7857,0.3704,nan,nan,nan,nan,0
early,cage,2,9,resnet,True,solarisation,lr,1e-05,0.0001,32,2,0.6699,0.7554,0.6889,0.7381,0.3704,nan,nan,nan,nan,0
early,cage,2,9,resnet,True,solarisation,lr,1e-05,0.0001,32,3,0.6294,0.7455,0.7102,0.6905,0.3401,nan,nan,nan,nan,0
early,cage,2,9,resnet,True,solarisation,lr,1e-05,0.0001,32,4,0.5849,0.7431,0.7178,0.6905,0.3333,nan,nan,nan,nan,0
early,cage,2,9,resnet,True,solarisation,lr,1e-05,0.0001,32,5,0.5458,0.7380,0.7424,0.5476,0.3232,nan,nan,nan,nan,1
early,cage,2,9,resnet,True,solarisation,lr,1e-05,0.0001,32,6,0.4943,0.7371,0.7435,0.5238,0.3636,nan,nan,nan,nan,0
early,cage,2,9,resnet,True,solarisation,lr,1e-05,0.0001,32,7,0.4529,0.7386,0.7858,0.4286,0.3401,nan,nan,nan,nan,0
early,cage,2,9,resnet,True,solarisation,lr,1e-05,0.0001,32,8,0.4076,0.7511,0.8130,0.4524,0.3165,nan,nan,nan,nan,0
early,cage,2,9,resnet,True,solarisation,lr,1e-05,0.0001,32,9,0.3569,0.7451,0.8148,0.4286,0.3670,nan,nan,nan,nan,0
early,cage,2,9,resnet,True,solarisation,lr,1e-05,0.0001,32,10,0.2985,0.7919,0.8003,0.5000,0.3569,nan,nan,nan,nan,0
early,cage,2,9,resnet,True,solarisation,lr,1e-05,0.0001,32,11,0.2547,0.8932,0.7990,0.7143,0.3535,nan,nan,nan,nan,0
early,cage,2,9,resnet,True,solarisation,lr,1e-05,0.0001,32,12,0.2058,0.9866,0.7993,0.7857,0.3771,nan,nan,nan,nan,1
early,cage,2,9,resnet,True,solarisation,lr,1e-05,0.0001,32,13,0.1712,1.0597,0.8353,0.7857,0.3737,nan,nan,nan,nan,1
early,cage,2,9,resnet,True,solarisation,lr,1e-05,0.0001,32,14,0.1406,1.1529,0.8511,0.7857,0.3939,nan,nan,nan,nan,1
early,cage,2,9,resnet,True,solarisation,lr,1e-05,0.0001,32,15,0.1116,1.2531,0.8858,0.7857,0.3872,1.0671,0.7877,0.8095,0.5478,1
early,cage,2,9,resnet,True,solarisation,lr,1e-05,0.0001,32,16,0.0942,1.1857,0.8858,0.7857,0.3704,nan,nan,nan,nan,0
early,cage,2,9,resnet,True,solarisation,lr,1e-05,0.0001,32,17,0.0797,1.4413,0.9644,0.7857,0.3771,nan,nan,nan,nan,0
early,cage,2,9,resnet,True,solarisation,lr,1e-05,0.0001,32,18,0.0615,1.5488,1.0155,0.7857,0.3670,nan,nan,nan,nan,0
early,cage,2,9,resnet,True,solarisation,lr,1e-05,0.0001,32,19,0.0540,1.6073,1.0637,0.7857,0.3704,nan,nan,nan,nan,0
early,cage,2,9,resnet,True,solarisation,lr,1e-05,0.0001,32,20,0.0453,1.7223,1.1078,0.7857,0.3704,nan,nan,nan,nan,0
early,cage,3,0,resnet,True,solarisation,lr,1e-05,0.0001,32,1,0.7650,0.7097,0.7415,0.2093,0.3413,nan,nan,nan,nan,0
early,cage,3,0,resnet,True,solarisation,lr,1e-05,0.0001,32,2,0.6701,0.6996,0.7312,0.2558,0.4206,nan,nan,nan,nan,0
early,cage,3,0,resnet,True,solarisation,lr,1e-05,0.0001,32,3,0.6345,0.6882,0.6986,0.6047,0.5516,nan,nan,nan,nan,0
early,cage,3,0,resnet,True,solarisation,lr,1e-05,0.0001,32,4,0.5969,0.6833,0.6756,0.7674,0.6230,nan,nan,nan,nan,0
early,cage,3,0,resnet,True,solarisation,lr,1e-05,0.0001,32,5,0.5620,0.6770,0.6975,0.6047,0.6548,nan,nan,nan,nan,1
early,cage,3,0,resnet,True,solarisation,lr,1e-05,0.0001,32,6,0.5154,0.6715,0.7064,0.6047,0.6706,nan,nan,nan,nan,1
early,cage,3,0,resnet,True,solarisation,lr,1e-05,0.0001,32,7,0.4665,0.6836,0.7638,0.4186,0.6627,nan,nan,nan,nan,1
early,cage,3,0,resnet,True,solarisation,lr,1e-05,0.0001,32,8,0.4139,0.6738,0.7209,0.6279,0.6429,nan,nan,nan,nan,1
early,cage,3,0,resnet,True,solarisation,lr,1e-05,0.0001,32,9,0.3676,0.6791,0.7670,0.4884,0.6548,0.6680,0.7609,0.4048,0.6816,1
early,cage,3,0,resnet,True,solarisation,lr,1e-05,0.0001,32,10,0.3127,0.6727,0.7248,0.6512,0.6389,nan,nan,nan,nan,0
early,cage,3,0,resnet,True,solarisation,lr,1e-05,0.0001,32,11,0.2599,0.6766,0.7625,0.6512,0.6310,nan,nan,nan,nan,0
early,cage,3,0,resnet,True,solarisation,lr,1e-05,0.0001,32,12,0.2192,0.6842,0.7834,0.6047,0.6190,nan,nan,nan,nan,0
early,cage,3,0,resnet,True,solarisation,lr,1e-05,0.0001,32,13,0.1811,0.6904,0.7393,0.6977,0.6349,nan,nan,nan,nan,0
early,cage,3,0,resnet,True,solarisation,lr,1e-05,0.0001,32,14,0.1398,0.6775,0.7710,0.6512,0.6508,nan,nan,nan,nan,0
early,cage,3,0,resnet,True,solarisation,lr,1e-05,0.0001,32,15,0.1256,0.6739,0.8166,0.6279,0.6508,nan,nan,nan,nan,0
early,cage,3,0,resnet,True,solarisation,lr,1e-05,0.0001,32,16,0.0977,0.6758,0.8122,0.6512,0.6468,nan,nan,nan,nan,0
early,cage,3,1,resnet,True,solarisation,lr,1e-05,0.0001,32,1,0.7303,0.6874,0.6936,0.5349,0.5437,nan,nan,nan,nan,0
early,cage,3,1,resnet,True,solarisation,lr,1e-05,0.0001,32,2,0.6836,0.6859,0.6764,0.6744,0.5516,nan,nan,nan,nan,0
early,cage,3,1,resnet,True,solarisation,lr,1e-05,0.0001,32,3,0.6370,0.6851,0.6888,0.5349,0.5714,nan,nan,nan,nan,0
early,cage,3,1,resnet,True,solarisation,lr,1e-05,0.0001,32,4,0.6028,0.6879,0.6539,0.7674,0.5437,nan,nan,nan,nan,0
early,cage,3,1,resnet,True,solarisation,lr,1e-05,0.0001,32,5,0.5663,0.6878,0.6908,0.6047,0.5476,0.6651,0.6556,0.6905,0.6857,1
early,cage,3,1,resnet,True,solarisation,lr,1e-05,0.0001,32,6,0.5114,0.6944,0.6603,0.7674,0.5397,nan,nan,nan,nan,0
early,cage,3,1,resnet,True,solarisation,lr,1e-05,0.0001,32,7,0.4691,0.6971,0.6591,0.7674,0.5198,nan,nan,nan,nan,0
early,cage,3,1,resnet,True,solarisation,lr,1e-05,0.0001,32,8,0.4038,0.6973,0.6977,0.6512,0.5079,nan,nan,nan,nan,0
early,cage,3,1,resnet,True,solarisation,lr,1e-05,0.0001,32,9,0.3452,0.7283,0.6510,0.8140,0.5040,nan,nan,nan,nan,0
early,cage,3,1,resnet,True,solarisation,lr,1e-05,0.0001,32,10,0.3027,0.7173,0.6881,0.7442,0.5079,nan,nan,nan,nan,0
early,cage,3,1,resnet,True,solarisation,lr,1e-05,0.0001,32,11,0.2453,0.7621,0.6705,0.8140,0.4960,nan,nan,nan,nan,0
early,cage,3,1,resnet,True,solarisation,lr,1e-05,0.0001,32,12,0.2028,0.8046,0.6651,0.8140,0.5079,nan,nan,nan,nan,0
early,cage,3,1,resnet,True,solarisation,lr,1e-05,0.0001,32,13,0.1668,0.8293,0.6978,0.8140,0.4960,nan,nan,nan,nan,0
early,cage,3,1,resnet,True,solarisation,lr,1e-05,0.0001,32,14,0.1292,0.8605,0.6965,0.8140,0.5079,nan,nan,nan,nan,0
early,cage,3,1,resnet,True,solarisation,lr,1e-05,0.0001,32,15,0.1123,0.8174,0.7332,0.7907,0.5119,nan,nan,nan,nan,0
early,cage,3,1,resnet,True,solarisation,lr,1e-05,0.0001,32,16,0.0904,1.0219,0.7457,0.8372,0.4841,nan,nan,nan,nan,0
early,cage,3,2,resnet,True,solarisation,lr,1e-05,0.0001,32,1,0.7203,0.7133,0.6713,0.7381,0.3529,nan,nan,nan,nan,0
early,cage,3,2,resnet,True,solarisation,lr,1e-05,0.0001,32,2,0.6811,0.7035,0.6942,0.5714,0.3640,nan,nan,nan,nan,0
early,cage,3,2,resnet,True,solarisation,lr,1e-05,0.0001,32,3,0.6321,0.7007,0.6972,0.5714,0.3971,nan,nan,nan,nan,0
early,cage,3,2,resnet,True,solarisation,lr,1e-05,0.0001,32,4,0.5890,0.7075,0.6612,0.7619,0.4669,nan,nan,nan,nan,0
early,cage,3,2,resnet,True,solarisation,lr,1e-05,0.0001,32,5,0.5579,0.7080,0.6682,0.7143,0.4632,nan,nan,nan,nan,1
early,cage,3,2,resnet,True,solarisation,lr,1e-05,0.0001,32,6,0.5102,0.7051,0.7294,0.4048,0.4412,nan,nan,nan,nan,1
early,cage,3,2,resnet,True,solarisation,lr,1e-05,0.0001,32,7,0.4431,0.7148,0.7052,0.5952,0.4375,nan,nan,nan,nan,1
early,cage,3,2,resnet,True,solarisation,lr,1e-05,0.0001,32,8,0.4011,0.7235,0.7108,0.5952,0.4596,nan,nan,nan,nan,1
early,cage,3,2,resnet,True,solarisation,lr,1e-05,0.0001,32,9,0.3484,0.7150,0.7262,0.5952,0.4926,nan,nan,nan,nan,1
early,cage,3,2,resnet,True,solarisation,lr,1e-05,0.0001,32,10,0.2962,0.7572,0.7225,0.6429,0.4853,nan,nan,nan,nan,0
early,cage,3,2,resnet,True,solarisation,lr,1e-05,0.0001,32,11,0.2577,0.7407,0.7434,0.6190,0.4779,nan,nan,nan,nan,1
early,cage,3,2,resnet,True,solarisation,lr,1e-05,0.0001,32,12,0.2088,0.8027,0.7461,0.6905,0.4853,0.7739,0.7621,0.7381,0.5592,1
early,cage,3,2,resnet,True,solarisation,lr,1e-05,0.0001,32,13,0.1703,0.8441,0.7789,0.6905,0.4449,nan,nan,nan,nan,0
early,cage,3,2,resnet,True,solarisation,lr,1e-05,0.0001,32,14,0.1414,0.8648,0.7784,0.7143,0.4853,nan,nan,nan,nan,0
early,cage,3,2,resnet,True,solarisation,lr,1e-05,0.0001,32,15,0.1198,0.8905,0.8298,0.6667,0.4963,nan,nan,nan,nan,0
early,cage,3,2,resnet,True,solarisation,lr,1e-05,0.0001,32,16,0.0970,0.9714,0.8220,0.7381,0.4926,nan,nan,nan,nan,0
early,cage,3,2,resnet,True,solarisation,lr,1e-05,0.0001,32,17,0.0757,0.9081,0.8651,0.6429,0.4485,nan,nan,nan,nan,0
early,cage,3,4,resnet,True,solarisation,lr,1e-05,0.0001,32,1,0.7356,0.6983,0.6664,0.7907,0.5750,nan,nan,nan,nan,0
early,cage,3,4,resnet,True,solarisation,lr,1e-05,0.0001,32,2,0.6858,0.6943,0.6716,0.7674,0.5571,nan,nan,nan,nan,0
early,cage,3,4,resnet,True,solarisation,lr,1e-05,0.0001,32,3,0.6405,0.7079,0.6647,0.7907,0.5393,nan,nan,nan,nan,0
early,cage,3,4,resnet,True,solarisation,lr,1e-05,0.0001,32,4,0.6077,0.7121,0.6664,0.7907,0.5429,nan,nan,nan,nan,0
early,cage,3,4,resnet,True,solarisation,lr,1e-05,0.0001,32,5,0.5640,0.7284,0.6691,0.7907,0.5357,nan,nan,nan,nan,1
early,cage,3,4,resnet,True,solarisation,lr,1e-05,0.0001,32,6,0.5173,0.7066,0.6708,0.7442,0.5821,nan,nan,nan,nan,0
early,cage,3,4,resnet,True,solarisation,lr,1e-05,0.0001,32,7,0.4620,0.7161,0.6798,0.7442,0.5607,nan,nan,nan,nan,0
early,cage,3,4,resnet,True,solarisation,lr,1e-05,0.0001,32,8,0.4132,0.7052,0.6905,0.7209,0.5714,nan,nan,nan,nan,1
early,cage,3,4,resnet,True,solarisation,lr,1e-05,0.0001,32,9,0.3558,0.7333,0.6819,0.7442,0.5750,nan,nan,nan,nan,1
early,cage,3,4,resnet,True,solarisation,lr,1e-05,0.0001,32,10,0.3083,0.7833,0.7043,0.7442,0.5821,nan,nan,nan,nan,1
early,cage,3,4,resnet,True,solarisation,lr,1e-05,0.0001,32,11,0.2645,0.8576,0.7434,0.7907,0.5786,nan,nan,nan,nan,0
early,cage,3,4,resnet,True,solarisation,lr,1e-05,0.0001,32,12,0.2178,0.9070,0.7798,0.7907,0.5643,nan,nan,nan,nan,0
early,cage,3,4,resnet,True,solarisation,lr,1e-05,0.0001,32,13,0.1818,0.8484,0.7598,0.7907,0.5679,nan,nan,nan,nan,0
early,cage,3,4,resnet,True,solarisation,lr,1e-05,0.0001,32,14,0.1468,0.9675,0.8229,0.8140,0.6000,nan,nan,nan,nan,0
early,cage,3,4,resnet,True,solarisation,lr,1e-05,0.0001,32,15,0.1254,1.0864,0.8828,0.8140,0.6071,nan,nan,nan,nan,1
early,cage,3,4,resnet,True,solarisation,lr,1e-05,0.0001,32,16,0.0989,1.3131,1.0335,0.8140,0.6000,nan,nan,nan,nan,0
early,cage,3,4,resnet,True,solarisation,lr,1e-05,0.0001,32,17,0.0794,1.1006,0.9107,0.8140,0.5893,1.0235,0.7559,0.8333,0.5796,1
early,cage,3,4,resnet,True,solarisation,lr,1e-05,0.0001,32,18,0.0678,1.3760,1.0731,0.8140,0.5821,nan,nan,nan,nan,0
early,cage,3,4,resnet,True,solarisation,lr,1e-05,0.0001,32,19,0.0584,1.5818,1.2005,0.8140,0.5893,nan,nan,nan,nan,0
early,cage,3,4,resnet,True,solarisation,lr,1e-05,0.0001,32,20,0.0486,1.3708,1.0791,0.8140,0.5964,nan,nan,nan,nan,0
early,cage,3,4,resnet,True,solarisation,lr,1e-05,0.0001,32,21,0.0376,1.4610,1.1372,0.8140,0.5750,nan,nan,nan,nan,0
early,cage,3,4,resnet,True,solarisation,lr,1e-05,0.0001,32,22,0.0370,1.6626,1.2537,0.8140,0.5714,nan,nan,nan,nan,0
early,cage,3,5,resnet,True,solarisation,lr,1e-05,0.0001,32,1,0.7443,0.6980,0.7499,0.2250,0.4014,nan,nan,nan,nan,0
early,cage,3,5,resnet,True,solarisation,lr,1e-05,0.0001,32,2,0.6616,0.7022,0.7944,0.2250,0.3548,nan,nan,nan,nan,0
early,cage,3,5,resnet,True,solarisation,lr,1e-05,0.0001,32,3,0.6273,0.7148,0.8053,0.2250,0.3513,nan,nan,nan,nan,0
early,cage,3,5,resnet,True,solarisation,lr,1e-05,0.0001,32,4,0.5860,0.7299,0.8671,0.2250,0.3082,nan,nan,nan,nan,0
early,cage,3,5,resnet,True,solarisation,lr,1e-05,0.0001,32,5,0.5269,0.7387,0.8696,0.2250,0.2939,0.7371,0.8656,0.1667,0.7592,1
early,cage,3,5,resnet,True,solarisation,lr,1e-05,0.0001,32,6,0.4814,0.7566,0.8968,0.2250,0.2939,nan,nan,nan,nan,0
early,cage,3,5,resnet,True,solarisation,lr,1e-05,0.0001,32,7,0.4289,0.7608,0.8669,0.2500,0.2975,nan,nan,nan,nan,0
early,cage,3,5,resnet,True,solarisation,lr,1e-05,0.0001,32,8,0.3824,0.7777,0.8823,0.2000,0.2939,nan,nan,nan,nan,0
early,cage,3,5,resnet,True,solarisation,lr,1e-05,0.0001,32,9,0.3245,0.7940,0.8390,0.3500,0.3226,nan,nan,nan,nan,0
early,cage,3,5,resnet,True,solarisation,lr,1e-05,0.0001,32,10,0.2745,0.8201,0.8887,0.3250,0.3082,nan,nan,nan,nan,0
early,cage,3,5,resnet,True,solarisation,lr,1e-05,0.0001,32,11,0.2370,0.8756,0.9215,0.3000,0.2581,nan,nan,nan,nan,0
early,cage,3,5,resnet,True,solarisation,lr,1e-05,0.0001,32,12,0.1902,0.8799,0.9894,0.3500,0.2437,nan,nan,nan,nan,0
early,cage,3,5,resnet,True,solarisation,lr,1e-05,0.0001,32,13,0.1627,0.9407,0.9328,0.4750,0.3226,nan,nan,nan,nan,0
early,cage,3,5,resnet,True,solarisation,lr,1e-05,0.0001,32,14,0.1275,0.9834,1.0215,0.4000,0.2724,nan,nan,nan,nan,0
early,cage,3,5,resnet,True,solarisation,lr,1e-05,0.0001,32,15,0.1054,1.0571,1.0344,0.5750,0.2581,nan,nan,nan,nan,0
early,cage,3,5,resnet,True,solarisation,lr,1e-05,0.0001,32,16,0.0880,1.0302,1.0689,0.4000,0.2509,nan,nan,nan,nan,0
early,cage,3,6,resnet,True,solarisation,lr,1e-05,0.0001,32,1,0.7307,0.7133,0.7491,0.1463,0.4952,nan,nan,nan,nan,0
early,cage,3,6,resnet,True,solarisation,lr,1e-05,0.0001,32,2,0.6692,0.7158,0.7583,0.1463,0.5095,nan,nan,nan,nan,0
early,cage,3,6,resnet,True,solarisation,lr,1e-05,0.0001,32,3,0.6230,0.7485,0.8272,0.1463,0.4714,nan,nan,nan,nan,0
early,cage,3,6,resnet,True,solarisation,lr,1e-05,0.0001,32,4,0.5768,0.7602,0.8563,0.1463,0.4762,nan,nan,nan,nan,0
early,cage,3,6,resnet,True,solarisation,lr,1e-05,0.0001,32,5,0.5324,0.8016,0.9309,0.1463,0.4714,nan,nan,nan,nan,1
early,cage,3,6,resnet,True,solarisation,lr,1e-05,0.0001,32,6,0.4913,0.8017,0.9457,0.1463,0.4714,nan,nan,nan,nan,0
early,cage,3,6,resnet,True,solarisation,lr,1e-05,0.0001,32,7,0.4358,0.8121,0.9665,0.1463,0.4905,nan,nan,nan,nan,0
early,cage,3,6,resnet,True,solarisation,lr,1e-05,0.0001,32,8,0.3885,0.7799,0.9321,0.1707,0.4952,nan,nan,nan,nan,0
early,cage,3,6,resnet,True,solarisation,lr,1e-05,0.0001,32,9,0.3366,0.8490,1.0514,0.1707,0.4381,nan,nan,nan,nan,0
early,cage,3,6,resnet,True,solarisation,lr,1e-05,0.0001,32,10,0.2870,0.7471,0.9073,0.2683,0.4667,nan,nan,nan,nan,0
early,cage,3,6,resnet,True,solarisation,lr,1e-05,0.0001,32,11,0.2462,0.8118,1.0273,0.1707,0.5048,nan,nan,nan,nan,0
early,cage,3,6,resnet,True,solarisation,lr,1e-05,0.0001,32,12,0.1957,0.7248,0.9068,0.3902,0.5000,nan,nan,nan,nan,0
early,cage,3,6,resnet,True,solarisation,lr,1e-05,0.0001,32,13,0.1684,0.7284,0.8530,0.6098,0.5095,nan,nan,nan,nan,0
early,cage,3,6,resnet,True,solarisation,lr,1e-05,0.0001,32,14,0.1375,0.7146,0.8816,0.6341,0.5000,nan,nan,nan,nan,1
early,cage,3,6,resnet,True,solarisation,lr,1e-05,0.0001,32,15,0.1131,0.7207,0.9328,0.5610,0.5048,nan,nan,nan,nan,1
early,cage,3,6,resnet,True,solarisation,lr,1e-05,0.0001,32,16,0.0882,0.7558,0.8885,0.6098,0.5190,nan,nan,nan,nan,0
early,cage,3,6,resnet,True,solarisation,lr,1e-05,0.0001,32,17,0.0761,0.7492,0.9616,0.6585,0.4857,nan,nan,nan,nan,0
early,cage,3,6,resnet,True,solarisation,lr,1e-05,0.0001,32,18,0.0664,0.7269,0.9396,0.6341,0.5238,nan,nan,nan,nan,0
early,cage,3,6,resnet,True,solarisation,lr,1e-05,0.0001,32,19,0.0511,0.7377,1.0095,0.6341,0.5238,nan,nan,nan,nan,1
early,cage,3,6,resnet,True,solarisation,lr,1e-05,0.0001,32,20,0.0448,0.7517,0.9706,0.6341,0.5143,nan,nan,nan,nan,0
early,cage,3,6,resnet,True,solarisation,lr,1e-05,0.0001,32,21,0.0368,0.7385,0.9372,0.6341,0.5429,nan,nan,nan,nan,1
early,cage,3,6,resnet,True,solarisation,lr,1e-05,0.0001,32,22,0.0335,0.7257,1.0049,0.6098,0.5429,nan,nan,nan,nan,1
early,cage,3,6,resnet,True,solarisation,lr,1e-05,0.0001,32,23,0.0290,0.7587,1.0209,0.6098,0.5429,nan,nan,nan,nan,0
early,cage,3,6,resnet,True,solarisation,lr,1e-05,0.0001,32,24,0.0251,0.7672,0.9907,0.6585,0.5429,nan,nan,nan,nan,1
early,cage,3,6,resnet,True,solarisation,lr,1e-05,0.0001,32,25,0.0224,0.8751,0.9619,0.8049,0.5619,nan,nan,nan,nan,1
early,cage,3,6,resnet,True,solarisation,lr,1e-05,0.0001,32,26,0.0196,0.7680,0.9983,0.6585,0.5810,nan,nan,nan,nan,1
early,cage,3,6,resnet,True,solarisation,lr,1e-05,0.0001,32,27,0.0182,0.9245,0.9630,0.8293,0.5952,nan,nan,nan,nan,1
early,cage,3,6,resnet,True,solarisation,lr,1e-05,0.0001,32,28,0.0127,0.8139,0.9994,0.7561,0.5810,nan,nan,nan,nan,1
early,cage,3,6,resnet,True,solarisation,lr,1e-05,0.0001,32,29,0.0182,0.8680,0.9630,0.8293,0.6000,nan,nan,nan,nan,1
early,cage,3,6,resnet,True,solarisation,lr,1e-05,0.0001,32,30,0.0149,0.8538,0.9909,0.7805,0.6000,0.8037,0.9665,0.7857,0.6531,1
early,cage,3,6,resnet,True,solarisation,lr,1e-05,0.0001,32,31,0.0110,0.7788,1.0118,0.7561,0.5952,nan,nan,nan,nan,0
early,cage,3,6,resnet,True,solarisation,lr,1e-05,0.0001,32,32,0.0111,0.7964,1.0240,0.7317,0.5714,nan,nan,nan,nan,0
early,cage,3,6,resnet,True,solarisation,lr,1e-05,0.0001,32,33,0.0092,0.8484,1.0701,0.7073,0.5571,nan,nan,nan,nan,0
early,cage,3,6,resnet,True,solarisation,lr,1e-05,0.0001,32,34,0.0080,0.7893,1.1104,0.6585,0.5667,nan,nan,nan,nan,0
early,cage,3,6,resnet,True,solarisation,lr,1e-05,0.0001,32,35,0.0108,0.7337,1.1001,0.6341,0.5667,nan,nan,nan,nan,0
early,cage,3,7,resnet,True,solarisation,lr,1e-05,0.0001,32,1,0.7292,0.7391,0.6980,0.5909,0.3299,nan,nan,nan,nan,0
early,cage,3,7,resnet,True,solarisation,lr,1e-05,0.0001,32,2,0.6715,0.7461,0.6841,0.5909,0.3438,nan,nan,nan,nan,0
early,cage,3,7,resnet,True,solarisation,lr,1e-05,0.0001,32,3,0.6388,0.7334,0.7148,0.5000,0.3472,nan,nan,nan,nan,0
early,cage,3,7,resnet,True,solarisation,lr,1e-05,0.0001,32,4,0.5979,0.7350,0.7102,0.5227,0.3611,nan,nan,nan,nan,0
early,cage,3,7,resnet,True,solarisation,lr,1e-05,0.0001,32,5,0.5474,0.7356,0.7505,0.4091,0.3403,nan,nan,nan,nan,1
early,cage,3,7,resnet,True,solarisation,lr,1e-05,0.0001,32,6,0.5024,0.7306,0.7563,0.4318,0.3819,nan,nan,nan,nan,1
early,cage,3,7,resnet,True,solarisation,lr,1e-05,0.0001,32,7,0.4412,0.7364,0.7464,0.4545,0.3958,nan,nan,nan,nan,1
early,cage,3,7,resnet,True,solarisation,lr,1e-05,0.0001,32,8,0.3945,0.7492,0.8111,0.3864,0.4132,nan,nan,nan,nan,1
early,cage,3,7,resnet,True,solarisation,lr,1e-05,0.0001,32,9,0.3503,0.7557,0.7603,0.5000,0.3715,nan,nan,nan,nan,0
early,cage,3,7,resnet,True,solarisation,lr,1e-05,0.0001,32,10,0.2872,0.7627,0.7601,0.5682,0.3715,nan,nan,nan,nan,1
early,cage,3,7,resnet,True,solarisation,lr,1e-05,0.0001,32,11,0.2417,0.7667,0.8277,0.4318,0.3993,nan,nan,nan,nan,0
early,cage,3,7,resnet,True,solarisation,lr,1e-05,0.0001,32,12,0.2072,0.7858,0.8167,0.4773,0.4201,nan,nan,nan,nan,1
early,cage,3,7,resnet,True,solarisation,lr,1e-05,0.0001,32,13,0.1584,0.7861,0.8816,0.3864,0.4201,nan,nan,nan,nan,0
early,cage,3,7,resnet,True,solarisation,lr,1e-05,0.0001,32,14,0.1384,0.8098,0.8458,0.5000,0.4028,nan,nan,nan,nan,1
early,cage,3,7,resnet,True,solarisation,lr,1e-05,0.0001,32,15,0.1081,0.8494,0.8218,0.6136,0.4201,nan,nan,nan,nan,1
early,cage,3,7,resnet,True,solarisation,lr,1e-05,0.0001,32,16,0.0913,0.8734,0.8337,0.6364,0.4306,0.7715,0.7683,0.7857,0.5510,1
early,cage,3,7,resnet,True,solarisation,lr,1e-05,0.0001,32,17,0.0749,0.8690,0.8715,0.6136,0.4062,nan,nan,nan,nan,0
early,cage,3,7,resnet,True,solarisation,lr,1e-05,0.0001,32,18,0.0621,0.8600,0.9020,0.5682,0.4271,nan,nan,nan,nan,0
early,cage,3,7,resnet,True,solarisation,lr,1e-05,0.0001,32,19,0.0491,0.9509,0.9141,0.6364,0.4167,nan,nan,nan,nan,0
early,cage,3,7,resnet,True,solarisation,lr,1e-05,0.0001,32,20,0.0430,0.8866,0.9538,0.5909,0.4375,nan,nan,nan,nan,0
early,cage,3,7,resnet,True,solarisation,lr,1e-05,0.0001,32,21,0.0414,0.9058,0.9648,0.5909,0.3889,nan,nan,nan,nan,0
early,cage,3,8,resnet,True,solarisation,lr,1e-05,0.0001,32,1,0.7371,0.6863,0.7357,0.2340,0.6378,nan,nan,nan,nan,0
early,cage,3,8,resnet,True,solarisation,lr,1e-05,0.0001,32,2,0.6789,0.6892,0.7528,0.2553,0.6218,nan,nan,nan,nan,0
early,cage,3,8,resnet,True,solarisation,lr,1e-05,0.0001,32,3,0.6405,0.7074,0.8220,0.1915,0.6346,nan,nan,nan,nan,0
early,cage,3,8,resnet,True,solarisation,lr,1e-05,0.0001,32,4,0.5969,0.6992,0.8067,0.2128,0.6603,nan,nan,nan,nan,0
early,cage,3,8,resnet,True,solarisation,lr,1e-05,0.0001,32,5,0.5380,0.7324,0.9004,0.1702,0.6699,nan,nan,nan,nan,1
early,cage,3,8,resnet,True,solarisation,lr,1e-05,0.0001,32,6,0.5030,0.7377,0.9232,0.1702,0.6763,nan,nan,nan,nan,1
early,cage,3,8,resnet,True,solarisation,lr,1e-05,0.0001,32,7,0.4458,0.6727,0.7820,0.3617,0.6699,nan,nan,nan,nan,1
early,cage,3,8,resnet,True,solarisation,lr,1e-05,0.0001,32,8,0.3824,0.7074,0.8807,0.2340,0.6603,nan,nan,nan,nan,1
early,cage,3,8,resnet,True,solarisation,lr,1e-05,0.0001,32,9,0.3391,0.6761,0.8328,0.3617,0.6795,nan,nan,nan,nan,0
early,cage,3,8,resnet,True,solarisation,lr,1e-05,0.0001,32,10,0.2914,0.7224,0.9371,0.1915,0.6635,nan,nan,nan,nan,0
early,cage,3,8,resnet,True,solarisation,lr,1e-05,0.0001,32,11,0.2391,0.6791,0.8710,0.3617,0.6891,nan,nan,nan,nan,1
early,cage,3,8,resnet,True,solarisation,lr,1e-05,0.0001,32,12,0.1974,0.6621,0.8504,0.4255,0.6891,nan,nan,nan,nan,0
early,cage,3,8,resnet,True,solarisation,lr,1e-05,0.0001,32,13,0.1662,0.6424,0.7151,0.7021,0.6731,0.7002,0.7285,0.8095,0.5714,1
early,cage,3,8,resnet,True,solarisation,lr,1e-05,0.0001,32,14,0.1371,0.6452,0.6936,0.7872,0.6827,nan,nan,nan,nan,0
early,cage,3,8,resnet,True,solarisation,lr,1e-05,0.0001,32,15,0.1143,0.6381,0.7999,0.5957,0.6763,nan,nan,nan,nan,0
early,cage,3,8,resnet,True,solarisation,lr,1e-05,0.0001,32,16,0.0933,0.6646,0.7071,0.7872,0.6763,nan,nan,nan,nan,0
early,cage,3,8,resnet,True,solarisation,lr,1e-05,0.0001,32,17,0.0756,0.7396,0.6886,0.8936,0.6763,nan,nan,nan,nan,0
early,cage,3,8,resnet,True,solarisation,lr,1e-05,0.0001,32,18,0.0610,0.6841,0.7406,0.8085,0.6603,nan,nan,nan,nan,0
early,cage,3,9,resnet,True,solarisation,lr,1e-05,0.0001,32,1,0.7176,0.7013,0.8159,0.2143,0.4680,nan,nan,nan,nan,0
early,cage,3,9,resnet,True,solarisation,lr,1e-05,0.0001,32,2,0.6678,0.7006,0.7854,0.2381,0.4680,nan,nan,nan,nan,0
early,cage,3,9,resnet,True,solarisation,lr,1e-05,0.0001,32,3,0.6268,0.7054,0.8168,0.2381,0.4781,nan,nan,nan,nan,0
early,cage,3,9,resnet,True,solarisation,lr,1e-05,0.0001,32,4,0.5863,0.7175,0.8591,0.2143,0.4512,nan,nan,nan,nan,0
early,cage,3,9,resnet,True,solarisation,lr,1e-05,0.0001,32,5,0.5416,0.7228,0.8768,0.2143,0.4411,0.7497,0.8815,0.1667,0.5306,1
early,cage,3,9,resnet,True,solarisation,lr,1e-05,0.0001,32,6,0.4969,0.7333,0.9063,0.2143,0.4242,nan,nan,nan,nan,0
early,cage,3,9,resnet,True,solarisation,lr,1e-05,0.0001,32,7,0.4253,0.7388,0.9130,0.2381,0.4175,nan,nan,nan,nan,0
early,cage,3,9,resnet,True,solarisation,lr,1e-05,0.0001,32,8,0.3863,0.7408,0.9199,0.2143,0.4512,nan,nan,nan,nan,0
early,cage,3,9,resnet,True,solarisation,lr,1e-05,0.0001,32,9,0.3273,0.7492,0.9437,0.2381,0.4579,nan,nan,nan,nan,0
early,cage,3,9,resnet,True,solarisation,lr,1e-05,0.0001,32,10,0.2768,0.7647,0.9957,0.2143,0.4343,nan,nan,nan,nan,0
early,cage,3,9,resnet,True,solarisation,lr,1e-05,0.0001,32,11,0.2237,0.7762,1.0288,0.2143,0.4242,nan,nan,nan,nan,0
early,cage,3,9,resnet,True,solarisation,lr,1e-05,0.0001,32,12,0.1976,0.8224,1.1487,0.2143,0.4343,nan,nan,nan,nan,0
early,cage,3,9,resnet,True,solarisation,lr,1e-05,0.0001,32,13,0.1542,0.8027,1.1111,0.2143,0.4512,nan,nan,nan,nan,0
early,cage,3,9,resnet,True,solarisation,lr,1e-05,0.0001,32,14,0.1279,0.7766,1.0320,0.2143,0.4512,nan,nan,nan,nan,0
early,cage,3,9,resnet,True,solarisation,lr,1e-05,0.0001,32,15,0.1042,0.7955,1.0889,0.2381,0.4411,nan,nan,nan,nan,0
early,cage,3,9,resnet,True,solarisation,lr,1e-05,0.0001,32,16,0.0898,0.8067,1.1142,0.2381,0.4141,nan,nan,nan,nan,0
early,cage,4,0,resnet,True,solarisation,lr,1e-05,0.0001,32,1,0.7273,0.7222,0.8014,0.1628,0.4841,nan,nan,nan,nan,0
early,cage,4,0,resnet,True,solarisation,lr,1e-05,0.0001,32,2,0.6840,0.7011,0.7513,0.1628,0.5714,nan,nan,nan,nan,0
early,cage,4,0,resnet,True,solarisation,lr,1e-05,0.0001,32,3,0.6396,0.6910,0.7359,0.2093,0.6310,nan,nan,nan,nan,0
early,cage,4,0,resnet,True,solarisation,lr,1e-05,0.0001,32,4,0.6012,0.6908,0.7442,0.2326,0.6429,nan,nan,nan,nan,0
early,cage,4,0,resnet,True,solarisation,lr,1e-05,0.0001,32,5,0.5670,0.7002,0.7791,0.1628,0.6349,nan,nan,nan,nan,1
early,cage,4,0,resnet,True,solarisation,lr,1e-05,0.0001,32,6,0.5169,0.6811,0.7105,0.5349,0.6429,nan,nan,nan,nan,1
early,cage,4,0,resnet,True,solarisation,lr,1e-05,0.0001,32,7,0.4709,0.6836,0.7394,0.4186,0.6111,nan,nan,nan,nan,1
early,cage,4,0,resnet,True,solarisation,lr,1e-05,0.0001,32,8,0.4194,0.6742,0.7420,0.4651,0.6706,0.7330,0.7807,0.4884,0.3786,1
early,cage,4,0,resnet,True,solarisation,lr,1e-05,0.0001,32,9,0.3704,0.6870,0.7689,0.4651,0.5952,nan,nan,nan,nan,0
early,cage,4,0,resnet,True,solarisation,lr,1e-05,0.0001,32,10,0.3080,0.6822,0.7325,0.6512,0.5952,nan,nan,nan,nan,0
early,cage,4,0,resnet,True,solarisation,lr,1e-05,0.0001,32,11,0.2586,0.6918,0.7948,0.4651,0.5595,nan,nan,nan,nan,0
early,cage,4,0,resnet,True,solarisation,lr,1e-05,0.0001,32,12,0.2152,0.6836,0.8006,0.4884,0.5833,nan,nan,nan,nan,0
early,cage,4,0,resnet,True,solarisation,lr,1e-05,0.0001,32,13,0.1817,0.6862,0.7877,0.6279,0.5913,nan,nan,nan,nan,0
early,cage,4,0,resnet,True,solarisation,lr,1e-05,0.0001,32,14,0.1410,0.7015,0.7784,0.6744,0.5754,nan,nan,nan,nan,0
early,cage,4,0,resnet,True,solarisation,lr,1e-05,0.0001,32,15,0.1224,0.7642,0.7492,0.7907,0.5913,nan,nan,nan,nan,0
early,cage,4,0,resnet,True,solarisation,lr,1e-05,0.0001,32,16,0.0973,0.8015,0.7570,0.7907,0.5794,nan,nan,nan,nan,0
early,cage,4,1,resnet,True,solarisation,lr,1e-05,0.0001,32,1,0.7661,0.7071,0.7002,0.5814,0.4643,nan,nan,nan,nan,0
early,cage,4,1,resnet,True,solarisation,lr,1e-05,0.0001,32,2,0.6802,0.7241,0.6440,0.8140,0.4484,nan,nan,nan,nan,0
early,cage,4,1,resnet,True,solarisation,lr,1e-05,0.0001,32,3,0.6443,0.7241,0.6589,0.7674,0.4484,nan,nan,nan,nan,0
early,cage,4,1,resnet,True,solarisation,lr,1e-05,0.0001,32,4,0.6110,0.7292,0.6491,0.7674,0.4484,nan,nan,nan,nan,0
early,cage,4,1,resnet,True,solarisation,lr,1e-05,0.0001,32,5,0.5675,0.7347,0.6521,0.7674,0.4484,0.7296,0.6675,0.7907,0.5071,1
early,cage,4,1,resnet,True,solarisation,lr,1e-05,0.0001,32,6,0.5143,0.7392,0.6537,0.7674,0.4048,nan,nan,nan,nan,0
early,cage,4,1,resnet,True,solarisation,lr,1e-05,0.0001,32,7,0.4793,0.7638,0.6504,0.7907,0.4206,nan,nan,nan,nan,0
early,cage,4,1,resnet,True,solarisation,lr,1e-05,0.0001,32,8,0.4144,0.8246,0.6543,0.8140,0.3968,nan,nan,nan,nan,0
early,cage,4,1,resnet,True,solarisation,lr,1e-05,0.0001,32,9,0.3744,0.8485,0.6502,0.8140,0.4325,nan,nan,nan,nan,0
early,cage,4,1,resnet,True,solarisation,lr,1e-05,0.0001,32,10,0.3231,0.8979,0.6654,0.8372,0.4206,nan,nan,nan,nan,0
early,cage,4,1,resnet,True,solarisation,lr,1e-05,0.0001,32,11,0.2609,0.9282,0.6891,0.8140,0.4008,nan,nan,nan,nan,0
early,cage,4,1,resnet,True,solarisation,lr,1e-05,0.0001,32,12,0.2196,0.9768,0.7023,0.8372,0.4008,nan,nan,nan,nan,0
early,cage,4,1,resnet,True,solarisation,lr,1e-05,0.0001,32,13,0.1882,1.3172,0.8081,0.8372,0.4246,nan,nan,nan,nan,0
early,cage,4,1,resnet,True,solarisation,lr,1e-05,0.0001,32,14,0.1606,1.2382,0.7941,0.8372,0.4087,nan,nan,nan,nan,0
early,cage,4,1,resnet,True,solarisation,lr,1e-05,0.0001,32,15,0.1253,1.2698,0.8013,0.8372,0.4365,nan,nan,nan,nan,0
early,cage,4,1,resnet,True,solarisation,lr,1e-05,0.0001,32,16,0.0991,1.4033,0.8619,0.8372,0.4365,nan,nan,nan,nan,0
early,cage,4,2,resnet,True,solarisation,lr,1e-05,0.0001,32,1,0.7403,0.7727,0.6395,0.8095,0.3787,nan,nan,nan,nan,0
early,cage,4,2,resnet,True,solarisation,lr,1e-05,0.0001,32,2,0.6868,0.7522,0.6472,0.8095,0.3750,nan,nan,nan,nan,0
early,cage,4,2,resnet,True,solarisation,lr,1e-05,0.0001,32,3,0.6426,0.7447,0.6536,0.8095,0.3860,nan,nan,nan,nan,0
early,cage,4,2,resnet,True,solarisation,lr,1e-05,0.0001,32,4,0.6029,0.7925,0.6374,0.8095,0.3640,nan,nan,nan,nan,0
early,cage,4,2,resnet,True,solarisation,lr,1e-05,0.0001,32,5,0.5658,0.7568,0.6554,0.8095,0.3750,nan,nan,nan,nan,1
early,cage,4,2,resnet,True,solarisation,lr,1e-05,0.0001,32,6,0.5180,0.8149,0.6374,0.8095,0.4044,nan,nan,nan,nan,1
early,cage,4,2,resnet,True,solarisation,lr,1e-05,0.0001,32,7,0.4738,0.8156,0.6526,0.8095,0.3750,nan,nan,nan,nan,0
early,cage,4,2,resnet,True,solarisation,lr,1e-05,0.0001,32,8,0.4225,0.8769,0.6573,0.8095,0.3676,nan,nan,nan,nan,0
early,cage,4,2,resnet,True,solarisation,lr,1e-05,0.0001,32,9,0.3722,0.9021,0.6795,0.8095,0.3493,nan,nan,nan,nan,0
early,cage,4,2,resnet,True,solarisation,lr,1e-05,0.0001,32,10,0.3238,1.0070,0.7046,0.8095,0.3713,nan,nan,nan,nan,0
early,cage,4,2,resnet,True,solarisation,lr,1e-05,0.0001,32,11,0.2691,0.9419,0.7050,0.8095,0.3787,nan,nan,nan,nan,0
early,cage,4,2,resnet,True,solarisation,lr,1e-05,0.0001,32,12,0.2311,1.1236,0.7565,0.8095,0.4228,nan,nan,nan,nan,0
early,cage,4,2,resnet,True,solarisation,lr,1e-05,0.0001,32,13,0.1888,1.0190,0.7361,0.8095,0.4118,nan,nan,nan,nan,1
early,cage,4,2,resnet,True,solarisation,lr,1e-05,0.0001,32,14,0.1493,1.1428,0.7711,0.8095,0.4375,nan,nan,nan,nan,1
early,cage,4,2,resnet,True,solarisation,lr,1e-05,0.0001,32,15,0.1282,1.1897,0.7907,0.8095,0.4485,nan,nan,nan,nan,1
early,cage,4,2,resnet,True,solarisation,lr,1e-05,0.0001,32,16,0.1042,1.1232,0.7843,0.8095,0.4412,nan,nan,nan,nan,1
early,cage,4,2,resnet,True,solarisation,lr,1e-05,0.0001,32,17,0.0835,1.2177,0.8144,0.8095,0.4559,nan,nan,nan,nan,1
early,cage,4,2,resnet,True,solarisation,lr,1e-05,0.0001,32,18,0.0685,1.1562,0.8143,0.8095,0.4706,nan,nan,nan,nan,1
early,cage,4,2,resnet,True,solarisation,lr,1e-05,0.0001,32,19,0.0581,1.3440,0.8738,0.8095,0.4596,nan,nan,nan,nan,0
early,cage,4,2,resnet,True,solarisation,lr,1e-05,0.0001,32,20,0.0482,1.3226,0.8766,0.8095,0.4559,nan,nan,nan,nan,1
early,cage,4,2,resnet,True,solarisation,lr,1e-05,0.0001,32,21,0.0445,1.2944,0.8745,0.8095,0.4338,nan,nan,nan,nan,0
early,cage,4,2,resnet,True,solarisation,lr,1e-05,0.0001,32,22,0.0406,1.2572,0.8760,0.8095,0.4596,nan,nan,nan,nan,0
early,cage,4,2,resnet,True,solarisation,lr,1e-05,0.0001,32,23,0.0308,1.3527,0.8922,0.8095,0.4669,nan,nan,nan,nan,0
early,cage,4,2,resnet,True,solarisation,lr,1e-05,0.0001,32,24,0.0265,1.5484,0.9622,0.8095,0.5000,nan,nan,nan,nan,1
early,cage,4,2,resnet,True,solarisation,lr,1e-05,0.0001,32,25,0.0230,1.6481,1.0108,0.8095,0.4632,nan,nan,nan,nan,0
early,cage,4,2,resnet,True,solarisation,lr,1e-05,0.0001,32,26,0.0225,1.8459,1.1059,0.8095,0.4632,1.8215,1.4358,0.8140,0.4571,1
early,cage,4,2,resnet,True,solarisation,lr,1e-05,0.0001,32,27,0.0192,1.5706,0.9837,0.8095,0.4632,nan,nan,nan,nan,0
early,cage,4,2,resnet,True,solarisation,lr,1e-05,0.0001,32,28,0.0179,1.6343,1.0183,0.8095,0.4669,nan,nan,nan,nan,0
early,cage,4,2,resnet,True,solarisation,lr,1e-05,0.0001,32,29,0.0177,1.6894,1.0506,0.8095,0.4375,nan,nan,nan,nan,0
early,cage,4,2,resnet,True,solarisation,lr,1e-05,0.0001,32,30,0.0140,1.6805,1.0391,0.8095,0.4596,nan,nan,nan,nan,0
early,cage,4,2,resnet,True,solarisation,lr,1e-05,0.0001,32,31,0.0109,1.7608,1.0853,0.8095,0.4449,nan,nan,nan,nan,0
early,cage,4,3,resnet,True,solarisation,lr,1e-05,0.0001,32,1,0.7323,0.7018,0.6776,0.6429,0.4327,nan,nan,nan,nan,0
early,cage,4,3,resnet,True,solarisation,lr,1e-05,0.0001,32,2,0.6843,0.6974,0.7051,0.4524,0.4531,nan,nan,nan,nan,0
early,cage,4,3,resnet,True,solarisation,lr,1e-05,0.0001,32,3,0.6297,0.7082,0.6632,0.7381,0.4735,nan,nan,nan,nan,0
early,cage,4,3,resnet,True,solarisation,lr,1e-05,0.0001,32,4,0.6020,0.6943,0.6849,0.6429,0.5184,nan,nan,nan,nan,0
early,cage,4,3,resnet,True,solarisation,lr,1e-05,0.0001,32,5,0.5615,0.6887,0.6777,0.6429,0.5551,nan,nan,nan,nan,1
early,cage,4,3,resnet,True,solarisation,lr,1e-05,0.0001,32,6,0.5142,0.6968,0.6754,0.7143,0.5306,nan,nan,nan,nan,1
early,cage,4,3,resnet,True,solarisation,lr,1e-05,0.0001,32,7,0.4663,0.7279,0.6601,0.8095,0.5265,nan,nan,nan,nan,1
early,cage,4,3,resnet,True,solarisation,lr,1e-05,0.0001,32,8,0.4066,0.7064,0.6756,0.7857,0.5469,nan,nan,nan,nan,1
early,cage,4,3,resnet,True,solarisation,lr,1e-05,0.0001,32,9,0.3503,0.7529,0.7018,0.8095,0.5224,nan,nan,nan,nan,0
early,cage,4,3,resnet,True,solarisation,lr,1e-05,0.0001,32,10,0.2948,0.8341,0.7433,0.8095,0.5306,nan,nan,nan,nan,0
early,cage,4,3,resnet,True,solarisation,lr,1e-05,0.0001,32,11,0.2492,0.9138,0.7648,0.8333,0.5388,nan,nan,nan,nan,0
early,cage,4,3,resnet,True,solarisation,lr,1e-05,0.0001,32,12,0.2050,1.0007,0.7920,0.8333,0.5796,nan,nan,nan,nan,1
early,cage,4,3,resnet,True,solarisation,lr,1e-05,0.0001,32,13,0.1660,1.1581,0.8771,0.8333,0.5429,nan,nan,nan,nan,0
early,cage,4,3,resnet,True,solarisation,lr,1e-05,0.0001,32,14,0.1401,1.1873,0.9105,0.8333,0.5592,nan,nan,nan,nan,1
early,cage,4,3,resnet,True,solarisation,lr,1e-05,0.0001,32,15,0.1112,1.4188,1.0340,0.8333,0.5755,nan,nan,nan,nan,1
early,cage,4,3,resnet,True,solarisation,lr,1e-05,0.0001,32,16,0.0910,1.3494,1.0034,0.8333,0.5837,nan,nan,nan,nan,1
early,cage,4,3,resnet,True,solarisation,lr,1e-05,0.0001,32,17,0.0782,1.7541,1.2068,0.8333,0.5755,nan,nan,nan,nan,0
early,cage,4,3,resnet,True,solarisation,lr,1e-05,0.0001,32,18,0.0638,1.9367,1.3039,0.8333,0.5796,2.1627,1.6679,0.8140,0.5250,1
early,cage,4,3,resnet,True,solarisation,lr,1e-05,0.0001,32,19,0.0499,1.8800,1.2847,0.8333,0.5714,nan,nan,nan,nan,0
early,cage,4,3,resnet,True,solarisation,lr,1e-05,0.0001,32,20,0.0439,1.9024,1.3103,0.8333,0.5714,nan,nan,nan,nan,0
early,cage,4,3,resnet,True,solarisation,lr,1e-05,0.0001,32,21,0.0388,2.2427,1.4928,0.8333,0.5633,nan,nan,nan,nan,0
early,cage,4,3,resnet,True,solarisation,lr,1e-05,0.0001,32,22,0.0326,2.1529,1.4604,0.8333,0.5673,nan,nan,nan,nan,0
early,cage,4,3,resnet,True,solarisation,lr,1e-05,0.0001,32,23,0.0275,2.3841,1.6000,0.8333,0.5673,nan,nan,nan,nan,0
early,cage,4,5,resnet,True,solarisation,lr,1e-05,0.0001,32,1,0.7099,0.6725,0.7152,0.3000,0.6129,nan,nan,nan,nan,0
early,cage,4,5,resnet,True,solarisation,lr,1e-05,0.0001,32,2,0.6663,0.6727,0.7360,0.2750,0.5627,nan,nan,nan,nan,0
early,cage,4,5,resnet,True,solarisation,lr,1e-05,0.0001,32,3,0.6256,0.6704,0.7687,0.2250,0.5341,nan,nan,nan,nan,0
early,cage,4,5,resnet,True,solarisation,lr,1e-05,0.0001,32,4,0.5823,0.6804,0.8049,0.2250,0.4875,nan,nan,nan,nan,0
early,cage,4,5,resnet,True,solarisation,lr,1e-05,0.0001,32,5,0.5444,0.6858,0.7970,0.2250,0.4516,0.7070,0.7808,0.1860,0.5679,1
early,cage,4,5,resnet,True,solarisation,lr,1e-05,0.0001,32,6,0.4978,0.7052,0.8467,0.2250,0.3728,nan,nan,nan,nan,0
early,cage,4,5,resnet,True,solarisation,lr,1e-05,0.0001,32,7,0.4530,0.7118,0.8645,0.2250,0.3656,nan,nan,nan,nan,0
early,cage,4,5,resnet,True,solarisation,lr,1e-05,0.0001,32,8,0.4014,0.7298,0.8853,0.2500,0.3226,nan,nan,nan,nan,0
early,cage,4,5,resnet,True,solarisation,lr,1e-05,0.0001,32,9,0.3414,0.7481,0.8528,0.2500,0.3262,nan,nan,nan,nan,0
early,cage,4,5,resnet,True,solarisation,lr,1e-05,0.0001,32,10,0.3023,0.7656,0.9200,0.3000,0.3118,nan,nan,nan,nan,0
early,cage,4,5,resnet,True,solarisation,lr,1e-05,0.0001,32,11,0.2541,0.8205,0.9168,0.3250,0.3047,nan,nan,nan,nan,0
early,cage,4,5,resnet,True,solarisation,lr,1e-05,0.0001,32,12,0.2048,0.8319,0.9283,0.3000,0.3011,nan,nan,nan,nan,0
early,cage,4,5,resnet,True,solarisation,lr,1e-05,0.0001,32,13,0.1714,0.8627,0.9888,0.3000,0.2832,nan,nan,nan,nan,0
early,cage,4,5,resnet,True,solarisation,lr,1e-05,0.0001,32,14,0.1395,0.9293,1.0187,0.4250,0.2975,nan,nan,nan,nan,0
early,cage,4,5,resnet,True,solarisation,lr,1e-05,0.0001,32,15,0.1135,0.9956,1.0850,0.4250,0.2975,nan,nan,nan,nan,0
early,cage,4,5,resnet,True,solarisation,lr,1e-05,0.0001,32,16,0.0921,1.0298,1.1168,0.4750,0.2867,nan,nan,nan,nan,0
early,cage,4,6,resnet,True,solarisation,lr,1e-05,0.0001,32,1,0.7351,0.6879,0.7139,0.3902,0.5476,nan,nan,nan,nan,0
early,cage,4,6,resnet,True,solarisation,lr,1e-05,0.0001,32,2,0.6702,0.6935,0.7229,0.3902,0.5095,nan,nan,nan,nan,0
early,cage,4,6,resnet,True,solarisation,lr,1e-05,0.0001,32,3,0.6361,0.7011,0.7477,0.3171,0.4714,nan,nan,nan,nan,0
early,cage,4,6,resnet,True,solarisation,lr,1e-05,0.0001,32,4,0.6024,0.6866,0.7215,0.5366,0.5476,nan,nan,nan,nan,0
early,cage,4,6,resnet,True,solarisation,lr,1e-05,0.0001,32,5,0.5541,0.6925,0.7479,0.3171,0.5476,nan,nan,nan,nan,1
early,cage,4,6,resnet,True,solarisation,lr,1e-05,0.0001,32,6,0.5112,0.6772,0.7128,0.6341,0.5714,nan,nan,nan,nan,0
early,cage,4,6,resnet,True,solarisation,lr,1e-05,0.0001,32,7,0.4569,0.6676,0.7050,0.6585,0.6095,nan,nan,nan,nan,1
early,cage,4,6,resnet,True,solarisation,lr,1e-05,0.0001,32,8,0.4097,0.6629,0.7012,0.7317,0.6190,nan,nan,nan,nan,1
early,cage,4,6,resnet,True,solarisation,lr,1e-05,0.0001,32,9,0.3529,0.6524,0.6722,0.8049,0.6571,nan,nan,nan,nan,1
early,cage,4,6,resnet,True,solarisation,lr,1e-05,0.0001,32,10,0.3053,0.6700,0.6341,0.8537,0.6952,nan,nan,nan,nan,1
early,cage,4,6,resnet,True,solarisation,lr,1e-05,0.0001,32,11,0.2476,0.6892,0.6355,0.8780,0.7238,nan,nan,nan,nan,1
early,cage,4,6,resnet,True,solarisation,lr,1e-05,0.0001,32,12,0.2069,0.7350,0.6645,0.8537,0.6905,nan,nan,nan,nan,1
early,cage,4,6,resnet,True,solarisation,lr,1e-05,0.0001,32,13,0.1779,0.9568,0.7367,0.8537,0.7286,nan,nan,nan,nan,1
early,cage,4,6,resnet,True,solarisation,lr,1e-05,0.0001,32,14,0.1386,0.8907,0.7078,0.8537,0.7238,1.2043,0.9693,0.8140,0.4500,1
early,cage,4,6,resnet,True,solarisation,lr,1e-05,0.0001,32,15,0.1173,0.9938,0.7702,0.8537,0.7000,nan,nan,nan,nan,0
early,cage,4,6,resnet,True,solarisation,lr,1e-05,0.0001,32,16,0.0929,1.0401,0.8016,0.8537,0.6810,nan,nan,nan,nan,0
early,cage,4,6,resnet,True,solarisation,lr,1e-05,0.0001,32,17,0.0802,1.1469,0.8461,0.8537,0.7095,nan,nan,nan,nan,0
early,cage,4,6,resnet,True,solarisation,lr,1e-05,0.0001,32,18,0.0654,1.3517,0.9560,0.8537,0.6952,nan,nan,nan,nan,0
early,cage,4,6,resnet,True,solarisation,lr,1e-05,0.0001,32,19,0.0570,1.3433,0.9518,0.8537,0.7143,nan,nan,nan,nan,0
early,cage,4,7,resnet,True,solarisation,lr,1e-05,0.0001,32,1,0.7295,0.7075,0.6652,0.7727,0.5104,nan,nan,nan,nan,0
early,cage,4,7,resnet,True,solarisation,lr,1e-05,0.0001,32,2,0.6819,0.6978,0.6846,0.5455,0.5278,nan,nan,nan,nan,0
early,cage,4,7,resnet,True,solarisation,lr,1e-05,0.0001,32,3,0.6523,0.6990,0.6717,0.6591,0.5174,nan,nan,nan,nan,0
early,cage,4,7,resnet,True,solarisation,lr,1e-05,0.0001,32,4,0.6052,0.6914,0.7346,0.3636,0.5625,nan,nan,nan,nan,0
early,cage,4,7,resnet,True,solarisation,lr,1e-05,0.0001,32,5,0.5690,0.6915,0.7459,0.3409,0.5903,nan,nan,nan,nan,1
early,cage,4,7,resnet,True,solarisation,lr,1e-05,0.0001,32,6,0.5218,0.6954,0.7115,0.4545,0.5694,nan,nan,nan,nan,1
early,cage,4,7,resnet,True,solarisation,lr,1e-05,0.0001,32,7,0.4692,0.7189,0.6731,0.7273,0.5660,nan,nan,nan,nan,1
early,cage,4,7,resnet,True,solarisation,lr,1e-05,0.0001,32,8,0.4182,0.7171,0.6972,0.7045,0.5486,0.7580,0.7415,0.6047,0.5143,1
early,cage,4,7,resnet,True,solarisation,lr,1e-05,0.0001,32,9,0.3606,0.7429,0.7294,0.6818,0.5382,nan,nan,nan,nan,0
early,cage,4,7,resnet,True,solarisation,lr,1e-05,0.0001,32,10,0.3132,0.7865,0.7086,0.6818,0.5278,nan,nan,nan,nan,0
early,cage,4,7,resnet,True,solarisation,lr,1e-05,0.0001,32,11,0.2615,0.7827,0.7348,0.6818,0.5382,nan,nan,nan,nan,0
early,cage,4,7,resnet,True,solarisation,lr,1e-05,0.0001,32,12,0.2180,0.8619,0.7836,0.6591,0.5243,nan,nan,nan,nan,0
early,cage,4,7,resnet,True,solarisation,lr,1e-05,0.0001,32,13,0.1781,0.7843,0.8262,0.6818,0.5278,nan,nan,nan,nan,0
early,cage,4,7,resnet,True,solarisation,lr,1e-05,0.0001,32,14,0.1348,0.8835,0.8369,0.6818,0.5417,nan,nan,nan,nan,0
early,cage,4,7,resnet,True,solarisation,lr,1e-05,0.0001,32,15,0.1166,0.9139,0.8303,0.7045,0.5382,nan,nan,nan,nan,0
early,cage,4,7,resnet,True,solarisation,lr,1e-05,0.0001,32,16,0.0972,1.0536,0.8990,0.7045,0.5278,nan,nan,nan,nan,0
early,cage,4,8,resnet,True,solarisation,lr,1e-05,0.0001,32,1,0.7171,0.7057,0.7794,0.1702,0.4679,nan,nan,nan,nan,0
early,cage,4,8,resnet,True,solarisation,lr,1e-05,0.0001,32,2,0.6695,0.6942,0.7523,0.1915,0.5769,nan,nan,nan,nan,0
early,cage,4,8,resnet,True,solarisation,lr,1e-05,0.0001,32,3,0.6389,0.6962,0.7670,0.1915,0.5769,nan,nan,nan,nan,0
early,cage,4,8,resnet,True,solarisation,lr,1e-05,0.0001,32,4,0.6009,0.6919,0.7541,0.2340,0.5929,nan,nan,nan,nan,0
early,cage,4,8,resnet,True,solarisation,lr,1e-05,0.0001,32,5,0.5564,0.6932,0.7724,0.2553,0.5705,nan,nan,nan,nan,1
early,cage,4,8,resnet,True,solarisation,lr,1e-05,0.0001,32,6,0.5108,0.6998,0.8016,0.2553,0.5962,nan,nan,nan,nan,1
early,cage,4,8,resnet,True,solarisation,lr,1e-05,0.0001,32,7,0.4623,0.6968,0.8138,0.2553,0.6026,nan,nan,nan,nan,1
early,cage,4,8,resnet,True,solarisation,lr,1e-05,0.0001,32,8,0.4110,0.6840,0.7848,0.3191,0.6026,nan,nan,nan,nan,1
early,cage,4,8,resnet,True,solarisation,lr,1e-05,0.0001,32,9,0.3571,0.6753,0.7670,0.3830,0.5897,nan,nan,nan,nan,0
early,cage,4,8,resnet,True,solarisation,lr,1e-05,0.0001,32,10,0.3061,0.6658,0.7740,0.4468,0.6218,nan,nan,nan,nan,1
early,cage,4,8,resnet,True,solarisation,lr,1e-05,0.0001,32,11,0.2542,0.6693,0.8000,0.4043,0.6186,nan,nan,nan,nan,0
early,cage,4,8,resnet,True,solarisation,lr,1e-05,0.0001,32,12,0.2109,0.6606,0.7350,0.5319,0.6122,nan,nan,nan,nan,1
early,cage,4,8,resnet,True,solarisation,lr,1e-05,0.0001,32,13,0.1762,0.6766,0.6771,0.7660,0.6378,nan,nan,nan,nan,1
early,cage,4,8,resnet,True,solarisation,lr,1e-05,0.0001,32,14,0.1455,0.6670,0.7270,0.7021,0.6314,0.8827,0.9172,0.6047,0.3286,1
early,cage,4,8,resnet,True,solarisation,lr,1e-05,0.0001,32,15,0.1120,0.6708,0.7405,0.6383,0.6058,nan,nan,nan,nan,0
early,cage,4,8,resnet,True,solarisation,lr,1e-05,0.0001,32,16,0.0957,0.6701,0.7554,0.6596,0.6218,nan,nan,nan,nan,0
early,cage,4,8,resnet,True,solarisation,lr,1e-05,0.0001,32,17,0.0797,0.7061,0.7341,0.8085,0.6186,nan,nan,nan,nan,0
early,cage,4,8,resnet,True,solarisation,lr,1e-05,0.0001,32,18,0.0649,0.7147,0.7245,0.8298,0.6282,nan,nan,nan,nan,0
early,cage,4,8,resnet,True,solarisation,lr,1e-05,0.0001,32,19,0.0520,0.7598,0.7267,0.8298,0.6378,nan,nan,nan,nan,0
early,cage,4,9,resnet,True,solarisation,lr,1e-05,0.0001,32,1,0.7308,0.6908,0.8048,0.2143,0.5219,nan,nan,nan,nan,0
early,cage,4,9,resnet,True,solarisation,lr,1e-05,0.0001,32,2,0.6755,0.6969,0.8406,0.2143,0.4949,nan,nan,nan,nan,0
early,cage,4,9,resnet,True,solarisation,lr,1e-05,0.0001,32,3,0.6351,0.7073,0.8776,0.2143,0.5118,nan,nan,nan,nan,0
early,cage,4,9,resnet,True,solarisation,lr,1e-05,0.0001,32,4,0.6011,0.7437,0.9736,0.2143,0.4310,nan,nan,nan,nan,0
early,cage,4,9,resnet,True,solarisation,lr,1e-05,0.0001,32,5,0.5423,0.7303,0.9266,0.2143,0.4377,0.7498,0.8463,0.1860,0.5071,1
early,cage,4,9,resnet,True,solarisation,lr,1e-05,0.0001,32,6,0.4917,0.7345,0.9302,0.2143,0.4377,nan,nan,nan,nan,0
early,cage,4,9,resnet,True,solarisation,lr,1e-05,0.0001,32,7,0.4439,0.7706,1.0335,0.2143,0.4512,nan,nan,nan,nan,0
early,cage,4,9,resnet,True,solarisation,lr,1e-05,0.0001,32,8,0.3971,0.8064,1.1214,0.2143,0.4377,nan,nan,nan,nan,0
early,cage,4,9,resnet,True,solarisation,lr,1e-05,0.0001,32,9,0.3358,0.8023,1.1040,0.2143,0.4478,nan,nan,nan,nan,0
early,cage,4,9,resnet,True,solarisation,lr,1e-05,0.0001,32,10,0.2853,0.7987,1.0871,0.2143,0.4377,nan,nan,nan,nan,0
early,cage,4,9,resnet,True,solarisation,lr,1e-05,0.0001,32,11,0.2387,0.8086,1.1151,0.2143,0.4478,nan,nan,nan,nan,0
early,cage,4,9,resnet,True,solarisation,lr,1e-05,0.0001,32,12,0.2006,0.8333,1.1688,0.2143,0.4444,nan,nan,nan,nan,0
early,cage,4,9,resnet,True,solarisation,lr,1e-05,0.0001,32,13,0.1585,0.8551,1.2152,0.2143,0.4512,nan,nan,nan,nan,0
early,cage,4,9,resnet,True,solarisation,lr,1e-05,0.0001,32,14,0.1370,0.8279,1.1576,0.3333,0.4949,nan,nan,nan,nan,0
early,cage,4,9,resnet,True,solarisation,lr,1e-05,0.0001,32,15,0.1043,0.8513,1.2013,0.3095,0.4545,nan,nan,nan,nan,0
early,cage,4,9,resnet,True,solarisation,lr,1e-05,0.0001,32,16,0.0882,0.8917,1.3092,0.2381,0.4781,nan,nan,nan,nan,0
early,cage,5,0,resnet,True,solarisation,lr,1e-05,0.0001,32,1,0.7299,0.7113,0.6344,0.8372,0.4762,nan,nan,nan,nan,0
early,cage,5,0,resnet,True,solarisation,lr,1e-05,0.0001,32,2,0.6707,0.7159,0.6281,0.8372,0.4960,nan,nan,nan,nan,0
early,cage,5,0,resnet,True,solarisation,lr,1e-05,0.0001,32,3,0.6370,0.7071,0.6156,0.8372,0.6468,nan,nan,nan,nan,0
early,cage,5,0,resnet,True,solarisation,lr,1e-05,0.0001,32,4,0.6002,0.7069,0.6181,0.8372,0.6230,nan,nan,nan,nan,0
early,cage,5,0,resnet,True,solarisation,lr,1e-05,0.0001,32,5,0.5489,0.7071,0.6161,0.8372,0.6667,nan,nan,nan,nan,1
early,cage,5,0,resnet,True,solarisation,lr,1e-05,0.0001,32,6,0.5150,0.7240,0.6079,0.8372,0.6825,nan,nan,nan,nan,1
early,cage,5,0,resnet,True,solarisation,lr,1e-05,0.0001,32,7,0.4690,0.7412,0.6040,0.8372,0.7341,nan,nan,nan,nan,1
early,cage,5,0,resnet,True,solarisation,lr,1e-05,0.0001,32,8,0.4072,0.7397,0.6095,0.8372,0.6905,nan,nan,nan,nan,1
early,cage,5,0,resnet,True,solarisation,lr,1e-05,0.0001,32,9,0.3592,0.8346,0.6337,0.8372,0.6746,nan,nan,nan,nan,1
early,cage,5,0,resnet,True,solarisation,lr,1e-05,0.0001,32,10,0.3057,0.8146,0.6293,0.8372,0.7103,1.0991,0.7887,0.7750,0.3190,1
early,cage,5,0,resnet,True,solarisation,lr,1e-05,0.0001,32,11,0.2677,0.8654,0.6575,0.8372,0.6587,nan,nan,nan,nan,0
early,cage,5,0,resnet,True,solarisation,lr,1e-05,0.0001,32,12,0.2146,0.9256,0.6890,0.8372,0.6429,nan,nan,nan,nan,0
early,cage,5,0,resnet,True,solarisation,lr,1e-05,0.0001,32,13,0.1758,0.9362,0.6978,0.8372,0.6627,nan,nan,nan,nan,0
early,cage,5,0,resnet,True,solarisation,lr,1e-05,0.0001,32,14,0.1413,1.0293,0.7486,0.8372,0.6587,nan,nan,nan,nan,0
early,cage,5,0,resnet,True,solarisation,lr,1e-05,0.0001,32,15,0.1195,1.1495,0.8089,0.8372,0.6349,nan,nan,nan,nan,0
early,cage,5,0,resnet,True,solarisation,lr,1e-05,0.0001,32,16,0.0988,1.2604,0.8656,0.8372,0.6349,nan,nan,nan,nan,0
early,cage,5,1,resnet,True,solarisation,lr,1e-05,0.0001,32,1,0.7243,0.6971,0.7267,0.3256,0.5000,nan,nan,nan,nan,0
early,cage,5,1,resnet,True,solarisation,lr,1e-05,0.0001,32,2,0.6725,0.7134,0.7915,0.1628,0.5357,nan,nan,nan,nan,0
early,cage,5,1,resnet,True,solarisation,lr,1e-05,0.0001,32,3,0.6272,0.7040,0.7615,0.2326,0.5079,nan,nan,nan,nan,0
early,cage,5,1,resnet,True,solarisation,lr,1e-05,0.0001,32,4,0.5930,0.7345,0.8531,0.1628,0.5317,nan,nan,nan,nan,0
early,cage,5,1,resnet,True,solarisation,lr,1e-05,0.0001,32,5,0.5471,0.7412,0.8710,0.1628,0.5278,nan,nan,nan,nan,1
early,cage,5,1,resnet,True,solarisation,lr,1e-05,0.0001,32,6,0.4955,0.7261,0.8300,0.2326,0.5238,nan,nan,nan,nan,0
early,cage,5,1,resnet,True,solarisation,lr,1e-05,0.0001,32,7,0.4511,0.7561,0.9104,0.1628,0.5278,nan,nan,nan,nan,0
early,cage,5,1,resnet,True,solarisation,lr,1e-05,0.0001,32,8,0.3971,0.7688,0.9347,0.1628,0.5198,0.7094,0.8519,0.2250,0.3835,1
early,cage,5,1,resnet,True,solarisation,lr,1e-05,0.0001,32,9,0.3481,0.7551,0.9114,0.2558,0.5278,nan,nan,nan,nan,0
early,cage,5,1,resnet,True,solarisation,lr,1e-05,0.0001,32,10,0.2908,0.7634,0.9272,0.2326,0.5079,nan,nan,nan,nan,0
early,cage,5,1,resnet,True,solarisation,lr,1e-05,0.0001,32,11,0.2509,0.7988,1.0090,0.1860,0.5317,nan,nan,nan,nan,0
early,cage,5,1,resnet,True,solarisation,lr,1e-05,0.0001,32,12,0.1979,0.7907,1.0069,0.2326,0.5119,nan,nan,nan,nan,0
early,cage,5,1,resnet,True,solarisation,lr,1e-05,0.0001,32,13,0.1685,0.8036,1.0234,0.1860,0.5079,nan,nan,nan,nan,0
early,cage,5,1,resnet,True,solarisation,lr,1e-05,0.0001,32,14,0.1374,0.8764,1.1714,0.1860,0.5159,nan,nan,nan,nan,0
early,cage,5,1,resnet,True,solarisation,lr,1e-05,0.0001,32,15,0.1117,0.7985,1.0342,0.2791,0.5159,nan,nan,nan,nan,0
early,cage,5,1,resnet,True,solarisation,lr,1e-05,0.0001,32,16,0.0963,0.8429,1.1360,0.2558,0.5159,nan,nan,nan,nan,0
early,cage,5,2,resnet,True,solarisation,lr,1e-05,0.0001,32,1,0.7201,0.7178,0.7153,0.4524,0.3162,nan,nan,nan,nan,0
early,cage,5,2,resnet,True,solarisation,lr,1e-05,0.0001,32,2,0.6787,0.7190,0.7486,0.2381,0.3346,nan,nan,nan,nan,0
early,cage,5,2,resnet,True,solarisation,lr,1e-05,0.0001,32,3,0.6212,0.7166,0.7482,0.2619,0.3603,nan,nan,nan,nan,0
early,cage,5,2,resnet,True,solarisation,lr,1e-05,0.0001,32,4,0.5827,0.7266,0.7647,0.2619,0.3419,nan,nan,nan,nan,0
early,cage,5,2,resnet,True,solarisation,lr,1e-05,0.0001,32,5,0.5322,0.7268,0.7514,0.3810,0.3566,nan,nan,nan,nan,1
early,cage,5,2,resnet,True,solarisation,lr,1e-05,0.0001,32,6,0.4848,0.7270,0.7734,0.3095,0.3603,nan,nan,nan,nan,1
early,cage,5,2,resnet,True,solarisation,lr,1e-05,0.0001,32,7,0.4248,0.7285,0.8180,0.2143,0.3713,nan,nan,nan,nan,1
early,cage,5,2,resnet,True,solarisation,lr,1e-05,0.0001,32,8,0.3833,0.7330,0.8159,0.2381,0.3750,nan,nan,nan,nan,0
early,cage,5,2,resnet,True,solarisation,lr,1e-05,0.0001,32,9,0.3274,0.7246,0.8290,0.2143,0.4375,nan,nan,nan,nan,1
early,cage,5,2,resnet,True,solarisation,lr,1e-05,0.0001,32,10,0.2724,0.7467,0.8760,0.2143,0.3750,nan,nan,nan,nan,0
early,cage,5,2,resnet,True,solarisation,lr,1e-05,0.0001,32,11,0.2345,0.7379,0.8162,0.3810,0.3934,nan,nan,nan,nan,1
early,cage,5,2,resnet,True,solarisation,lr,1e-05,0.0001,32,12,0.1943,0.7353,0.8405,0.3810,0.4228,0.8006,0.8285,0.4500,0.2939,1
early,cage,5,2,resnet,True,solarisation,lr,1e-05,0.0001,32,13,0.1685,0.8093,0.7919,0.6905,0.3824,nan,nan,nan,nan,0
early,cage,5,2,resnet,True,solarisation,lr,1e-05,0.0001,32,14,0.1360,0.7655,0.8408,0.4762,0.3824,nan,nan,nan,nan,0
early,cage,5,2,resnet,True,solarisation,lr,1e-05,0.0001,32,15,0.1078,0.7762,0.8152,0.6190,0.3971,nan,nan,nan,nan,0
early,cage,5,2,resnet,True,solarisation,lr,1e-05,0.0001,32,16,0.0857,0.7855,0.8291,0.5952,0.3824,nan,nan,nan,nan,0
early,cage,5,2,resnet,True,solarisation,lr,1e-05,0.0001,32,17,0.0714,0.7768,0.8496,0.5476,0.4191,nan,nan,nan,nan,0
early,cage,5,3,resnet,True,solarisation,lr,1e-05,0.0001,32,1,0.7232,0.7234,0.6713,0.7381,0.4571,nan,nan,nan,nan,0
early,cage,5,3,resnet,True,solarisation,lr,1e-05,0.0001,32,2,0.6629,0.7117,0.6779,0.7381,0.4694,nan,nan,nan,nan,0
early,cage,5,3,resnet,True,solarisation,lr,1e-05,0.0001,32,3,0.6289,0.7132,0.6693,0.7619,0.4735,nan,nan,nan,nan,0
early,cage,5,3,resnet,True,solarisation,lr,1e-05,0.0001,32,4,0.5739,0.7250,0.6615,0.7619,0.4898,nan,nan,nan,nan,0
early,cage,5,3,resnet,True,solarisation,lr,1e-05,0.0001,32,5,0.5214,0.7331,0.6675,0.7619,0.4816,nan,nan,nan,nan,1
early,cage,5,3,resnet,True,solarisation,lr,1e-05,0.0001,32,6,0.4858,0.7241,0.6976,0.7857,0.4939,nan,nan,nan,nan,1
early,cage,5,3,resnet,True,solarisation,lr,1e-05,0.0001,32,7,0.4366,0.7474,0.6952,0.7619,0.4939,nan,nan,nan,nan,0
early,cage,5,3,resnet,True,solarisation,lr,1e-05,0.0001,32,8,0.3797,0.7655,0.7088,0.7619,0.4857,nan,nan,nan,nan,1
early,cage,5,3,resnet,True,solarisation,lr,1e-05,0.0001,32,9,0.3298,0.8265,0.7309,0.7619,0.4898,nan,nan,nan,nan,0
early,cage,5,3,resnet,True,solarisation,lr,1e-05,0.0001,32,10,0.2892,0.8783,0.7575,0.7619,0.4939,nan,nan,nan,nan,0
early,cage,5,3,resnet,True,solarisation,lr,1e-05,0.0001,32,11,0.2371,0.7987,0.7464,0.7381,0.5306,nan,nan,nan,nan,1
early,cage,5,3,resnet,True,solarisation,lr,1e-05,0.0001,32,12,0.1971,0.9194,0.7940,0.7619,0.5020,nan,nan,nan,nan,0
early,cage,5,3,resnet,True,solarisation,lr,1e-05,0.0001,32,13,0.1581,0.9718,0.8127,0.7619,0.5143,nan,nan,nan,nan,1
early,cage,5,3,resnet,True,solarisation,lr,1e-05,0.0001,32,14,0.1320,0.9858,0.8552,0.7619,0.5020,nan,nan,nan,nan,0
early,cage,5,3,resnet,True,solarisation,lr,1e-05,0.0001,32,15,0.1117,1.0962,0.9046,0.7619,0.5061,nan,nan,nan,nan,0
early,cage,5,3,resnet,True,solarisation,lr,1e-05,0.0001,32,16,0.0953,1.2555,0.9533,0.8333,0.5224,nan,nan,nan,nan,0
early,cage,5,3,resnet,True,solarisation,lr,1e-05,0.0001,32,17,0.0707,1.2753,1.0024,0.8095,0.5102,nan,nan,nan,nan,0
early,cage,5,3,resnet,True,solarisation,lr,1e-05,0.0001,32,18,0.0631,1.3455,1.0190,0.8333,0.5388,nan,nan,nan,nan,1
early,cage,5,3,resnet,True,solarisation,lr,1e-05,0.0001,32,19,0.0482,1.3857,1.0516,0.8333,0.5469,1.8167,1.2462,0.7750,0.4803,1
early,cage,5,3,resnet,True,solarisation,lr,1e-05,0.0001,32,20,0.0415,1.5052,1.1148,0.8333,0.4939,nan,nan,nan,nan,0
early,cage,5,3,resnet,True,solarisation,lr,1e-05,0.0001,32,21,0.0393,1.3249,1.0872,0.7619,0.5306,nan,nan,nan,nan,0
early,cage,5,3,resnet,True,solarisation,lr,1e-05,0.0001,32,22,0.0287,1.4326,1.1369,0.7619,0.5020,nan,nan,nan,nan,0
early,cage,5,3,resnet,True,solarisation,lr,1e-05,0.0001,32,23,0.0296,1.6128,1.2016,0.8333,0.4857,nan,nan,nan,nan,0
early,cage,5,3,resnet,True,solarisation,lr,1e-05,0.0001,32,24,0.0251,1.8005,1.2888,0.8333,0.5102,nan,nan,nan,nan,0
early,cage,5,4,resnet,True,solarisation,lr,1e-05,0.0001,32,1,0.7317,0.6817,0.6851,0.6279,0.6964,nan,nan,nan,nan,0
early,cage,5,4,resnet,True,solarisation,lr,1e-05,0.0001,32,2,0.6744,0.6811,0.6960,0.3023,0.6393,nan,nan,nan,nan,0
early,cage,5,4,resnet,True,solarisation,lr,1e-05,0.0001,32,3,0.6203,0.6795,0.7085,0.2326,0.6571,nan,nan,nan,nan,0
early,cage,5,4,resnet,True,solarisation,lr,1e-05,0.0001,32,4,0.5845,0.6769,0.6899,0.4186,0.6500,nan,nan,nan,nan,0
early,cage,5,4,resnet,True,solarisation,lr,1e-05,0.0001,32,5,0.5432,0.6806,0.6880,0.4419,0.5643,0.6960,0.7044,0.4250,0.4516,1
early,cage,5,4,resnet,True,solarisation,lr,1e-05,0.0001,32,6,0.5030,0.6821,0.6888,0.4419,0.5750,nan,nan,nan,nan,0
early,cage,5,4,resnet,True,solarisation,lr,1e-05,0.0001,32,7,0.4573,0.6849,0.7162,0.3488,0.5607,nan,nan,nan,nan,0
early,cage,5,4,resnet,True,solarisation,lr,1e-05,0.0001,32,8,0.4037,0.6853,0.6887,0.5581,0.5679,nan,nan,nan,nan,0
early,cage,5,4,resnet,True,solarisation,lr,1e-05,0.0001,32,9,0.3506,0.6894,0.7318,0.3488,0.5464,nan,nan,nan,nan,0
early,cage,5,4,resnet,True,solarisation,lr,1e-05,0.0001,32,10,0.3003,0.7009,0.7122,0.4884,0.5286,nan,nan,nan,nan,0
early,cage,5,4,resnet,True,solarisation,lr,1e-05,0.0001,32,11,0.2598,0.7213,0.7098,0.6279,0.5250,nan,nan,nan,nan,0
early,cage,5,4,resnet,True,solarisation,lr,1e-05,0.0001,32,12,0.2123,0.7116,0.7249,0.5116,0.5179,nan,nan,nan,nan,0
early,cage,5,4,resnet,True,solarisation,lr,1e-05,0.0001,32,13,0.1737,0.7475,0.7251,0.6512,0.5250,nan,nan,nan,nan,0
early,cage,5,4,resnet,True,solarisation,lr,1e-05,0.0001,32,14,0.1494,0.7570,0.7489,0.6744,0.5464,nan,nan,nan,nan,0
early,cage,5,4,resnet,True,solarisation,lr,1e-05,0.0001,32,15,0.1175,0.7913,0.7710,0.6977,0.5321,nan,nan,nan,nan,0
early,cage,5,4,resnet,True,solarisation,lr,1e-05,0.0001,32,16,0.0982,0.8284,0.8047,0.6977,0.5143,nan,nan,nan,nan,0
early,cage,5,6,resnet,True,solarisation,lr,1e-05,0.0001,32,1,0.7277,0.6743,0.6316,0.8537,0.6714,nan,nan,nan,nan,0
early,cage,5,6,resnet,True,solarisation,lr,1e-05,0.0001,32,2,0.6674,0.6702,0.6164,0.8537,0.7333,nan,nan,nan,nan,0
early,cage,5,6,resnet,True,solarisation,lr,1e-05,0.0001,32,3,0.6159,0.6664,0.6306,0.8537,0.7524,nan,nan,nan,nan,0
early,cage,5,6,resnet,True,solarisation,lr,1e-05,0.0001,32,4,0.5739,0.6625,0.6555,0.8049,0.7429,nan,nan,nan,nan,0
early,cage,5,6,resnet,True,solarisation,lr,1e-05,0.0001,32,5,0.5321,0.6660,0.6251,0.8293,0.7048,0.7659,0.6754,0.7750,0.3978,1
early,cage,5,6,resnet,True,solarisation,lr,1e-05,0.0001,32,6,0.4838,0.6662,0.6197,0.8537,0.6619,nan,nan,nan,nan,0
early,cage,5,6,resnet,True,solarisation,lr,1e-05,0.0001,32,7,0.4341,0.6615,0.6443,0.8780,0.6524,nan,nan,nan,nan,0
early,cage,5,6,resnet,True,solarisation,lr,1e-05,0.0001,32,8,0.3900,0.6703,0.6116,0.8537,0.6762,nan,nan,nan,nan,0
early,cage,5,6,resnet,True,solarisation,lr,1e-05,0.0001,32,9,0.3367,0.7434,0.6077,0.8537,0.6524,nan,nan,nan,nan,0
early,cage,5,6,resnet,True,solarisation,lr,1e-05,0.0001,32,10,0.2872,0.7507,0.6137,0.8537,0.6571,nan,nan,nan,nan,0
early,cage,5,6,resnet,True,solarisation,lr,1e-05,0.0001,32,11,0.2495,0.7564,0.6345,0.8537,0.6000,nan,nan,nan,nan,0
early,cage,5,6,resnet,True,solarisation,lr,1e-05,0.0001,32,12,0.2000,0.7954,0.6476,0.8537,0.6095,nan,nan,nan,nan,0
early,cage,5,6,resnet,True,solarisation,lr,1e-05,0.0001,32,13,0.1664,0.8789,0.6863,0.8537,0.6286,nan,nan,nan,nan,0
early,cage,5,6,resnet,True,solarisation,lr,1e-05,0.0001,32,14,0.1423,0.8063,0.6848,0.8537,0.5952,nan,nan,nan,nan,0
early,cage,5,6,resnet,True,solarisation,lr,1e-05,0.0001,32,15,0.1098,0.9236,0.7339,0.8537,0.5857,nan,nan,nan,nan,0
early,cage,5,6,resnet,True,solarisation,lr,1e-05,0.0001,32,16,0.0970,0.9909,0.7771,0.8537,0.5857,nan,nan,nan,nan,0
early,cage,5,7,resnet,True,solarisation,lr,1e-05,0.0001,32,1,0.7266,0.7111,0.7472,0.2273,0.3993,nan,nan,nan,nan,0
early,cage,5,7,resnet,True,solarisation,lr,1e-05,0.0001,32,2,0.6582,0.7179,0.7824,0.1818,0.4028,nan,nan,nan,nan,0
early,cage,5,7,resnet,True,solarisation,lr,1e-05,0.0001,32,3,0.6301,0.7178,0.7780,0.2045,0.3889,nan,nan,nan,nan,0
early,cage,5,7,resnet,True,solarisation,lr,1e-05,0.0001,32,4,0.5861,0.7299,0.8260,0.1818,0.4236,nan,nan,nan,nan,0
early,cage,5,7,resnet,True,solarisation,lr,1e-05,0.0001,32,5,0.5467,0.7367,0.8239,0.2045,0.4028,nan,nan,nan,nan,1
early,cage,5,7,resnet,True,solarisation,lr,1e-05,0.0001,32,6,0.4938,0.7373,0.8268,0.2500,0.4132,nan,nan,nan,nan,0
early,cage,5,7,resnet,True,solarisation,lr,1e-05,0.0001,32,7,0.4439,0.7584,0.8975,0.2045,0.4340,nan,nan,nan,nan,1
early,cage,5,7,resnet,True,solarisation,lr,1e-05,0.0001,32,8,0.3894,0.7826,0.9279,0.2500,0.4132,nan,nan,nan,nan,0
early,cage,5,7,resnet,True,solarisation,lr,1e-05,0.0001,32,9,0.3320,0.7583,0.8841,0.3182,0.4410,nan,nan,nan,nan,1
early,cage,5,7,resnet,True,solarisation,lr,1e-05,0.0001,32,10,0.2769,0.7627,0.9069,0.2727,0.4410,nan,nan,nan,nan,1
early,cage,5,7,resnet,True,solarisation,lr,1e-05,0.0001,32,11,0.2418,0.7501,0.8866,0.2727,0.4549,0.7292,0.8349,0.3250,0.4122,1
early,cage,5,7,resnet,True,solarisation,lr,1e-05,0.0001,32,12,0.1940,0.7803,0.9085,0.2955,0.4201,nan,nan,nan,nan,0
early,cage,5,7,resnet,True,solarisation,lr,1e-05,0.0001,32,13,0.1542,0.7948,0.9804,0.2727,0.4306,nan,nan,nan,nan,0
early,cage,5,7,resnet,True,solarisation,lr,1e-05,0.0001,32,14,0.1319,0.8162,0.9920,0.2955,0.4062,nan,nan,nan,nan,0
early,cage,5,7,resnet,True,solarisation,lr,1e-05,0.0001,32,15,0.1034,0.8410,1.0675,0.2955,0.4375,nan,nan,nan,nan,0
early,cage,5,7,resnet,True,solarisation,lr,1e-05,0.0001,32,16,0.0889,0.8316,1.0218,0.3636,0.4028,nan,nan,nan,nan,0
early,cage,5,8,resnet,True,solarisation,lr,1e-05,0.0001,32,1,0.7207,0.7113,0.7186,0.3404,0.3590,nan,nan,nan,nan,0
early,cage,5,8,resnet,True,solarisation,lr,1e-05,0.0001,32,2,0.6605,0.7200,0.7722,0.1277,0.3846,nan,nan,nan,nan,0
early,cage,5,8,resnet,True,solarisation,lr,1e-05,0.0001,32,3,0.6184,0.7186,0.7667,0.1277,0.4519,nan,nan,nan,nan,0
early,cage,5,8,resnet,True,solarisation,lr,1e-05,0.0001,32,4,0.5833,0.7177,0.7464,0.1702,0.4615,nan,nan,nan,nan,0
early,cage,5,8,resnet,True,solarisation,lr,1e-05,0.0001,32,5,0.5357,0.7280,0.7882,0.1277,0.4647,nan,nan,nan,nan,1
early,cage,5,8,resnet,True,solarisation,lr,1e-05,0.0001,32,6,0.4953,0.7349,0.8098,0.1277,0.4551,nan,nan,nan,nan,1
early,cage,5,8,resnet,True,solarisation,lr,1e-05,0.0001,32,7,0.4364,0.7518,0.8472,0.1277,0.4551,0.7017,0.7817,0.2500,0.4301,1
early,cage,5,8,resnet,True,solarisation,lr,1e-05,0.0001,32,8,0.3913,0.7701,0.9048,0.1489,0.4551,nan,nan,nan,nan,0
early,cage,5,8,resnet,True,solarisation,lr,1e-05,0.0001,32,9,0.3373,0.7540,0.8376,0.1489,0.4487,nan,nan,nan,nan,0
early,cage,5,8,resnet,True,solarisation,lr,1e-05,0.0001,32,10,0.2822,0.7496,0.8242,0.2766,0.4519,nan,nan,nan,nan,0
early,cage,5,8,resnet,True,solarisation,lr,1e-05,0.0001,32,11,0.2385,0.7604,0.7868,0.4894,0.4455,nan,nan,nan,nan,0
early,cage,5,8,resnet,True,solarisation,lr,1e-05,0.0001,32,12,0.1961,0.7626,0.7673,0.5957,0.4391,nan,nan,nan,nan,0
early,cage,5,8,resnet,True,solarisation,lr,1e-05,0.0001,32,13,0.1597,0.7635,0.7831,0.5957,0.4423,nan,nan,nan,nan,0
early,cage,5,8,resnet,True,solarisation,lr,1e-05,0.0001,32,14,0.1418,0.7770,0.8089,0.5957,0.4359,nan,nan,nan,nan,0
early,cage,5,8,resnet,True,solarisation,lr,1e-05,0.0001,32,15,0.1102,0.7869,0.7937,0.6170,0.4423,nan,nan,nan,nan,0
early,cage,5,8,resnet,True,solarisation,lr,1e-05,0.0001,32,16,0.0839,0.7982,0.8555,0.5745,0.4359,nan,nan,nan,nan,0
early,cage,5,9,resnet,True,solarisation,lr,1e-05,0.0001,32,1,0.7237,0.6869,0.6874,0.6429,0.6397,nan,nan,nan,nan,0
early,cage,5,9,resnet,True,solarisation,lr,1e-05,0.0001,32,2,0.6738,0.6903,0.7037,0.5238,0.5421,nan,nan,nan,nan,0
early,cage,5,9,resnet,True,solarisation,lr,1e-05,0.0001,32,3,0.6194,0.6837,0.7560,0.2381,0.5185,nan,nan,nan,nan,0
early,cage,5,9,resnet,True,solarisation,lr,1e-05,0.0001,32,4,0.5708,0.6859,0.7892,0.2143,0.5354,nan,nan,nan,nan,0
early,cage,5,9,resnet,True,solarisation,lr,1e-05,0.0001,32,5,0.5339,0.7067,0.8856,0.2143,0.4882,0.6975,0.8409,0.2250,0.4265,1
early,cage,5,9,resnet,True,solarisation,lr,1e-05,0.0001,32,6,0.4880,0.7099,0.8965,0.2143,0.4949,nan,nan,nan,nan,0
early,cage,5,9,resnet,True,solarisation,lr,1e-05,0.0001,32,7,0.4287,0.7056,0.8645,0.1905,0.5118,nan,nan,nan,nan,0
early,cage,5,9,resnet,True,solarisation,lr,1e-05,0.0001,32,8,0.3879,0.7062,0.8783,0.1905,0.5152,nan,nan,nan,nan,0
early,cage,5,9,resnet,True,solarisation,lr,1e-05,0.0001,32,9,0.3312,0.7101,0.8522,0.2381,0.4882,nan,nan,nan,nan,0
early,cage,5,9,resnet,True,solarisation,lr,1e-05,0.0001,32,10,0.2688,0.7221,0.8308,0.3810,0.4815,nan,nan,nan,nan,0
early,cage,5,9,resnet,True,solarisation,lr,1e-05,0.0001,32,11,0.2355,0.7148,0.8754,0.2619,0.5017,nan,nan,nan,nan,0
early,cage,5,9,resnet,True,solarisation,lr,1e-05,0.0001,32,12,0.1925,0.7307,0.8524,0.4524,0.5017,nan,nan,nan,nan,0
early,cage,5,9,resnet,True,solarisation,lr,1e-05,0.0001,32,13,0.1608,0.7326,0.8633,0.4762,0.5152,nan,nan,nan,nan,0
early,cage,5,9,resnet,True,solarisation,lr,1e-05,0.0001,32,14,0.1330,0.7512,0.9056,0.5238,0.5219,nan,nan,nan,nan,0
early,cage,5,9,resnet,True,solarisation,lr,1e-05,0.0001,32,15,0.1038,0.7625,0.9157,0.5714,0.5084,nan,nan,nan,nan,0
early,cage,5,9,resnet,True,solarisation,lr,1e-05,0.0001,32,16,0.0845,0.7889,0.9287,0.6429,0.5219,nan,nan,nan,nan,0
early,cage,6,0,resnet,True,solarisation,lr,1e-05,0.0001,32,1,0.7184,0.7036,0.6407,0.8372,0.5238,nan,nan,nan,nan,0
early,cage,6,0,resnet,True,solarisation,lr,1e-05,0.0001,32,2,0.6668,0.7074,0.6322,0.8372,0.5913,nan,nan,nan,nan,0
early,cage,6,0,resnet,True,solarisation,lr,1e-05,0.0001,32,3,0.6375,0.6886,0.6441,0.8372,0.6310,nan,nan,nan,nan,0
early,cage,6,0,resnet,True,solarisation,lr,1e-05,0.0001,32,4,0.5958,0.6772,0.6573,0.8605,0.6746,nan,nan,nan,nan,0
early,cage,6,0,resnet,True,solarisation,lr,1e-05,0.0001,32,5,0.5534,0.6722,0.6394,0.8372,0.6825,nan,nan,nan,nan,1
early,cage,6,0,resnet,True,solarisation,lr,1e-05,0.0001,32,6,0.5157,0.6665,0.6521,0.8605,0.7103,nan,nan,nan,nan,1
early,cage,6,0,resnet,True,solarisation,lr,1e-05,0.0001,32,7,0.4636,0.6671,0.6323,0.8372,0.7143,nan,nan,nan,nan,1
early,cage,6,0,resnet,True,solarisation,lr,1e-05,0.0001,32,8,0.4165,0.6562,0.6496,0.8140,0.7024,nan,nan,nan,nan,1
early,cage,6,0,resnet,True,solarisation,lr,1e-05,0.0001,32,9,0.3590,0.6620,0.6386,0.8140,0.6984,nan,nan,nan,nan,0
early,cage,6,0,resnet,True,solarisation,lr,1e-05,0.0001,32,10,0.3111,0.6497,0.6510,0.8140,0.7222,nan,nan,nan,nan,1
early,cage,6,0,resnet,True,solarisation,lr,1e-05,0.0001,32,11,0.2705,0.6738,0.6258,0.8372,0.7341,nan,nan,nan,nan,0
early,cage,6,0,resnet,True,solarisation,lr,1e-05,0.0001,32,12,0.2163,0.6640,0.6340,0.8140,0.7460,nan,nan,nan,nan,1
early,cage,6,0,resnet,True,solarisation,lr,1e-05,0.0001,32,13,0.1767,0.6697,0.6441,0.8140,0.7460,nan,nan,nan,nan,1
early,cage,6,0,resnet,True,solarisation,lr,1e-05,0.0001,32,14,0.1515,0.6782,0.6449,0.8140,0.7421,0.7397,0.6830,0.7805,0.5476,1
early,cage,6,0,resnet,True,solarisation,lr,1e-05,0.0001,32,15,0.1200,0.6990,0.6490,0.8140,0.7302,nan,nan,nan,nan,0
early,cage,6,0,resnet,True,solarisation,lr,1e-05,0.0001,32,16,0.0989,0.8426,0.6795,0.8372,0.7103,nan,nan,nan,nan,0
early,cage,6,0,resnet,True,solarisation,lr,1e-05,0.0001,32,17,0.0816,0.7734,0.6695,0.8372,0.6508,nan,nan,nan,nan,0
early,cage,6,0,resnet,True,solarisation,lr,1e-05,0.0001,32,18,0.0668,0.7610,0.6758,0.8372,0.6786,nan,nan,nan,nan,0
early,cage,6,0,resnet,True,solarisation,lr,1e-05,0.0001,32,19,0.0546,0.8169,0.6941,0.8372,0.6706,nan,nan,nan,nan,0
early,cage,6,1,resnet,True,solarisation,lr,1e-05,0.0001,32,1,0.7254,0.8385,0.5944,0.8372,0.5040,nan,nan,nan,nan,0
early,cage,6,1,resnet,True,solarisation,lr,1e-05,0.0001,32,2,0.6668,0.8316,0.5925,0.8372,0.5040,nan,nan,nan,nan,0
early,cage,6,1,resnet,True,solarisation,lr,1e-05,0.0001,32,3,0.6322,0.8529,0.5965,0.8372,0.5317,nan,nan,nan,nan,0
early,cage,6,1,resnet,True,solarisation,lr,1e-05,0.0001,32,4,0.5924,0.8688,0.6028,0.8372,0.5238,nan,nan,nan,nan,0
early,cage,6,1,resnet,True,solarisation,lr,1e-05,0.0001,32,5,0.5601,0.9315,0.6189,0.8372,0.5000,0.8532,0.6364,0.8537,0.5810,1
early,cage,6,1,resnet,True,solarisation,lr,1e-05,0.0001,32,6,0.5115,1.0377,0.6563,0.8372,0.5040,nan,nan,nan,nan,0
early,cage,6,1,resnet,True,solarisation,lr,1e-05,0.0001,32,7,0.4593,0.9115,0.6248,0.8372,0.5000,nan,nan,nan,nan,0
early,cage,6,1,resnet,True,solarisation,lr,1e-05,0.0001,32,8,0.4085,1.0848,0.6888,0.8372,0.4960,nan,nan,nan,nan,0
early,cage,6,1,resnet,True,solarisation,lr,1e-05,0.0001,32,9,0.3556,1.1544,0.7163,0.8372,0.4444,nan,nan,nan,nan,0
early,cage,6,1,resnet,True,solarisation,lr,1e-05,0.0001,32,10,0.3162,1.3206,0.7983,0.8372,0.4762,nan,nan,nan,nan,0
early,cage,6,1,resnet,True,solarisation,lr,1e-05,0.0001,32,11,0.2604,1.3688,0.8234,0.8372,0.4960,nan,nan,nan,nan,0
early,cage,6,1,resnet,True,solarisation,lr,1e-05,0.0001,32,12,0.2138,1.4655,0.8735,0.8372,0.4722,nan,nan,nan,nan,0
early,cage,6,1,resnet,True,solarisation,lr,1e-05,0.0001,32,13,0.1769,1.4759,0.8808,0.8372,0.4802,nan,nan,nan,nan,0
early,cage,6,1,resnet,True,solarisation,lr,1e-05,0.0001,32,14,0.1449,1.5876,0.9396,0.8372,0.4881,nan,nan,nan,nan,0
early,cage,6,1,resnet,True,solarisation,lr,1e-05,0.0001,32,15,0.1250,1.6788,0.9855,0.8372,0.4524,nan,nan,nan,nan,0
early,cage,6,1,resnet,True,solarisation,lr,1e-05,0.0001,32,16,0.0960,1.8612,1.0781,0.8372,0.4563,nan,nan,nan,nan,0
early,cage,6,2,resnet,True,solarisation,lr,1e-05,0.0001,32,1,0.7211,0.6961,0.8071,0.1905,0.5404,nan,nan,nan,nan,0
early,cage,6,2,resnet,True,solarisation,lr,1e-05,0.0001,32,2,0.6673,0.6999,0.8059,0.2143,0.5037,nan,nan,nan,nan,0
early,cage,6,2,resnet,True,solarisation,lr,1e-05,0.0001,32,3,0.6193,0.7293,0.9053,0.1905,0.5404,nan,nan,nan,nan,0
early,cage,6,2,resnet,True,solarisation,lr,1e-05,0.0001,32,4,0.5779,0.7343,0.9200,0.1905,0.5294,nan,nan,nan,nan,0
early,cage,6,2,resnet,True,solarisation,lr,1e-05,0.0001,32,5,0.5342,0.7651,0.9964,0.1905,0.5368,nan,nan,nan,nan,1
early,cage,6,2,resnet,True,solarisation,lr,1e-05,0.0001,32,6,0.4896,0.7649,0.9894,0.2143,0.4816,nan,nan,nan,nan,0
early,cage,6,2,resnet,True,solarisation,lr,1e-05,0.0001,32,7,0.4535,0.7882,1.0568,0.2143,0.5331,nan,nan,nan,nan,0
early,cage,6,2,resnet,True,solarisation,lr,1e-05,0.0001,32,8,0.3895,0.7658,1.0252,0.2143,0.5588,nan,nan,nan,nan,0
early,cage,6,2,resnet,True,solarisation,lr,1e-05,0.0001,32,9,0.3451,0.8284,1.1533,0.2143,0.5368,nan,nan,nan,nan,0
early,cage,6,2,resnet,True,solarisation,lr,1e-05,0.0001,32,10,0.2944,0.8722,1.2417,0.2143,0.5257,nan,nan,nan,nan,0
early,cage,6,2,resnet,True,solarisation,lr,1e-05,0.0001,32,11,0.2480,0.8197,1.1849,0.2143,0.5551,0.8928,1.1719,0.1951,0.4524,1
early,cage,6,2,resnet,True,solarisation,lr,1e-05,0.0001,32,12,0.2002,0.8922,1.3082,0.2143,0.5331,nan,nan,nan,nan,0
early,cage,6,2,resnet,True,solarisation,lr,1e-05,0.0001,32,13,0.1647,0.9350,1.3965,0.2143,0.5294,nan,nan,nan,nan,0
early,cage,6,2,resnet,True,solarisation,lr,1e-05,0.0001,32,14,0.1337,0.9557,1.4469,0.2143,0.5221,nan,nan,nan,nan,0
early,cage,6,2,resnet,True,solarisation,lr,1e-05,0.0001,32,15,0.1123,0.9879,1.4977,0.2143,0.5184,nan,nan,nan,nan,0
early,cage,6,2,resnet,True,solarisation,lr,1e-05,0.0001,32,16,0.0890,1.0294,1.5521,0.2143,0.5000,nan,nan,nan,nan,0
early,cage,6,3,resnet,True,solarisation,lr,1e-05,0.0001,32,1,0.7251,0.6926,0.6782,0.7381,0.4490,nan,nan,nan,nan,0
early,cage,6,3,resnet,True,solarisation,lr,1e-05,0.0001,32,2,0.6700,0.6899,0.6937,0.4524,0.5388,nan,nan,nan,nan,0
early,cage,6,3,resnet,True,solarisation,lr,1e-05,0.0001,32,3,0.6154,0.6925,0.6679,0.7857,0.4898,nan,nan,nan,nan,0
early,cage,6,3,resnet,True,solarisation,lr,1e-05,0.0001,32,4,0.5887,0.6908,0.6856,0.5952,0.5347,nan,nan,nan,nan,0
early,cage,6,3,resnet,True,solarisation,lr,1e-05,0.0001,32,5,0.5450,0.6906,0.6838,0.5952,0.5429,nan,nan,nan,nan,1
early,cage,6,3,resnet,True,solarisation,lr,1e-05,0.0001,32,6,0.5021,0.6966,0.6705,0.7143,0.5184,nan,nan,nan,nan,1
early,cage,6,3,resnet,True,solarisation,lr,1e-05,0.0001,32,7,0.4387,0.7094,0.6391,0.8095,0.5347,nan,nan,nan,nan,0
early,cage,6,3,resnet,True,solarisation,lr,1e-05,0.0001,32,8,0.3759,0.7311,0.6422,0.8333,0.5184,nan,nan,nan,nan,0
early,cage,6,3,resnet,True,solarisation,lr,1e-05,0.0001,32,9,0.3461,0.7304,0.6393,0.7857,0.5592,nan,nan,nan,nan,1
early,cage,6,3,resnet,True,solarisation,lr,1e-05,0.0001,32,10,0.2914,0.8601,0.6672,0.8333,0.5592,nan,nan,nan,nan,0
early,cage,6,3,resnet,True,solarisation,lr,1e-05,0.0001,32,11,0.2409,0.9378,0.7015,0.8333,0.5510,nan,nan,nan,nan,1
early,cage,6,3,resnet,True,solarisation,lr,1e-05,0.0001,32,12,0.2024,0.9974,0.7244,0.8333,0.5755,nan,nan,nan,nan,1
early,cage,6,3,resnet,True,solarisation,lr,1e-05,0.0001,32,13,0.1640,1.0328,0.7520,0.8333,0.5551,nan,nan,nan,nan,1
early,cage,6,3,resnet,True,solarisation,lr,1e-05,0.0001,32,14,0.1324,1.1446,0.8087,0.8333,0.5796,nan,nan,nan,nan,0
early,cage,6,3,resnet,True,solarisation,lr,1e-05,0.0001,32,15,0.1135,1.2134,0.8435,0.8333,0.5918,nan,nan,nan,nan,1
early,cage,6,3,resnet,True,solarisation,lr,1e-05,0.0001,32,16,0.0973,1.3893,0.9296,0.8333,0.6041,nan,nan,nan,nan,1
early,cage,6,3,resnet,True,solarisation,lr,1e-05,0.0001,32,17,0.0776,1.6005,1.0384,0.8333,0.6000,nan,nan,nan,nan,0
early,cage,6,3,resnet,True,solarisation,lr,1e-05,0.0001,32,18,0.0607,1.7549,1.1344,0.8333,0.5878,1.6022,1.1170,0.8537,0.5429,1
early,cage,6,3,resnet,True,solarisation,lr,1e-05,0.0001,32,19,0.0592,1.8597,1.1969,0.8333,0.5878,nan,nan,nan,nan,0
early,cage,6,3,resnet,True,solarisation,lr,1e-05,0.0001,32,20,0.0473,1.8235,1.1852,0.8333,0.6000,nan,nan,nan,nan,0
early,cage,6,3,resnet,True,solarisation,lr,1e-05,0.0001,32,21,0.0367,2.0296,1.2988,0.8333,0.6000,nan,nan,nan,nan,0
early,cage,6,3,resnet,True,solarisation,lr,1e-05,0.0001,32,22,0.0364,2.0457,1.3061,0.8333,0.5878,nan,nan,nan,nan,0
early,cage,6,3,resnet,True,solarisation,lr,1e-05,0.0001,32,23,0.0300,2.0067,1.2928,0.8333,0.5796,nan,nan,nan,nan,0
early,cage,6,4,resnet,True,solarisation,lr,1e-05,0.0001,32,1,0.7389,0.7090,0.7417,0.1628,0.3286,nan,nan,nan,nan,0
early,cage,6,4,resnet,True,solarisation,lr,1e-05,0.0001,32,2,0.6659,0.7082,0.7328,0.2326,0.3929,nan,nan,nan,nan,0
early,cage,6,4,resnet,True,solarisation,lr,1e-05,0.0001,32,3,0.6268,0.7086,0.7421,0.2093,0.3964,nan,nan,nan,nan,0
early,cage,6,4,resnet,True,solarisation,lr,1e-05,0.0001,32,4,0.5950,0.7159,0.7602,0.2093,0.4071,nan,nan,nan,nan,0
early,cage,6,4,resnet,True,solarisation,lr,1e-05,0.0001,32,5,0.5568,0.7205,0.7645,0.2093,0.3929,nan,nan,nan,nan,1
early,cage,6,4,resnet,True,solarisation,lr,1e-05,0.0001,32,6,0.5082,0.7188,0.7559,0.3023,0.4036,nan,nan,nan,nan,1
early,cage,6,4,resnet,True,solarisation,lr,1e-05,0.0001,32,7,0.4614,0.7281,0.7964,0.2093,0.4071,nan,nan,nan,nan,0
early,cage,6,4,resnet,True,solarisation,lr,1e-05,0.0001,32,8,0.4087,0.7333,0.7942,0.3488,0.3893,nan,nan,nan,nan,0
early,cage,6,4,resnet,True,solarisation,lr,1e-05,0.0001,32,9,0.3594,0.7385,0.8184,0.2791,0.4143,nan,nan,nan,nan,0
early,cage,6,4,resnet,True,solarisation,lr,1e-05,0.0001,32,10,0.3111,0.7576,0.8334,0.3953,0.3929,nan,nan,nan,nan,0
early,cage,6,4,resnet,True,solarisation,lr,1e-05,0.0001,32,11,0.2591,0.7667,0.8640,0.3953,0.3857,nan,nan,nan,nan,0
early,cage,6,4,resnet,True,solarisation,lr,1e-05,0.0001,32,12,0.2170,0.8008,0.8599,0.5349,0.4071,nan,nan,nan,nan,0
early,cage,6,4,resnet,True,solarisation,lr,1e-05,0.0001,32,13,0.1809,0.8012,0.8652,0.5349,0.4214,0.6799,0.7609,0.6829,0.6143,1
early,cage,6,4,resnet,True,solarisation,lr,1e-05,0.0001,32,14,0.1428,0.8125,0.9226,0.5116,0.4036,nan,nan,nan,nan,0
early,cage,6,4,resnet,True,solarisation,lr,1e-05,0.0001,32,15,0.1183,0.8320,0.9551,0.5116,0.3929,nan,nan,nan,nan,0
early,cage,6,4,resnet,True,solarisation,lr,1e-05,0.0001,32,16,0.0982,0.9513,0.9824,0.6279,0.4071,nan,nan,nan,nan,0
early,cage,6,4,resnet,True,solarisation,lr,1e-05,0.0001,32,17,0.0844,1.0185,1.0182,0.6279,0.3857,nan,nan,nan,nan,0
early,cage,6,4,resnet,True,solarisation,lr,1e-05,0.0001,32,18,0.0662,1.0635,1.0706,0.6279,0.3857,nan,nan,nan,nan,0
early,cage,6,5,resnet,True,solarisation,lr,1e-05,0.0001,32,1,0.7280,0.7082,0.8535,0.2250,0.4265,nan,nan,nan,nan,0
early,cage,6,5,resnet,True,solarisation,lr,1e-05,0.0001,32,2,0.6540,0.7050,0.8329,0.2250,0.4194,nan,nan,nan,nan,0
early,cage,6,5,resnet,True,solarisation,lr,1e-05,0.0001,32,3,0.6157,0.7134,0.8475,0.2250,0.3943,nan,nan,nan,nan,0
early,cage,6,5,resnet,True,solarisation,lr,1e-05,0.0001,32,4,0.5748,0.7073,0.7803,0.2250,0.3871,nan,nan,nan,nan,0
early,cage,6,5,resnet,True,solarisation,lr,1e-05,0.0001,32,5,0.5238,0.7124,0.8330,0.2250,0.4265,nan,nan,nan,nan,1
early,cage,6,5,resnet,True,solarisation,lr,1e-05,0.0001,32,6,0.4814,0.7146,0.8325,0.2250,0.4265,nan,nan,nan,nan,0
early,cage,6,5,resnet,True,solarisation,lr,1e-05,0.0001,32,7,0.4415,0.7154,0.8233,0.2250,0.4409,nan,nan,nan,nan,0
early,cage,6,5,resnet,True,solarisation,lr,1e-05,0.0001,32,8,0.3889,0.7241,0.8562,0.2250,0.4409,nan,nan,nan,nan,1
early,cage,6,5,resnet,True,solarisation,lr,1e-05,0.0001,32,9,0.3359,0.7228,0.8182,0.2500,0.4158,nan,nan,nan,nan,1
early,cage,6,5,resnet,True,solarisation,lr,1e-05,0.0001,32,10,0.2880,0.7217,0.8005,0.3250,0.4624,nan,nan,nan,nan,1
early,cage,6,5,resnet,True,solarisation,lr,1e-05,0.0001,32,11,0.2418,0.7462,0.7995,0.4250,0.4480,nan,nan,nan,nan,0
early,cage,6,5,resnet,True,solarisation,lr,1e-05,0.0001,32,12,0.2004,0.7307,0.8295,0.3500,0.4839,nan,nan,nan,nan,1
early,cage,6,5,resnet,True,solarisation,lr,1e-05,0.0001,32,13,0.1671,0.7641,0.7739,0.6000,0.4910,nan,nan,nan,nan,1
early,cage,6,5,resnet,True,solarisation,lr,1e-05,0.0001,32,14,0.1418,0.7765,0.7905,0.5750,0.5054,nan,nan,nan,nan,1
early,cage,6,5,resnet,True,solarisation,lr,1e-05,0.0001,32,15,0.1142,0.7826,0.7780,0.6500,0.5233,nan,nan,nan,nan,1
early,cage,6,5,resnet,True,solarisation,lr,1e-05,0.0001,32,16,0.0943,0.7798,0.8020,0.5750,0.5197,nan,nan,nan,nan,1
early,cage,6,5,resnet,True,solarisation,lr,1e-05,0.0001,32,17,0.0786,0.8174,0.8048,0.6750,0.5341,nan,nan,nan,nan,1
early,cage,6,5,resnet,True,solarisation,lr,1e-05,0.0001,32,18,0.0676,0.7544,0.8594,0.5250,0.5520,nan,nan,nan,nan,1
early,cage,6,5,resnet,True,solarisation,lr,1e-05,0.0001,32,19,0.0545,0.8195,0.8422,0.6500,0.5269,nan,nan,nan,nan,0
early,cage,6,5,resnet,True,solarisation,lr,1e-05,0.0001,32,20,0.0444,0.8483,0.8521,0.6750,0.5448,0.6961,0.8374,0.6829,0.6571,1
early,cage,6,5,resnet,True,solarisation,lr,1e-05,0.0001,32,21,0.0352,0.8018,0.8719,0.6250,0.5376,nan,nan,nan,nan,0
early,cage,6,5,resnet,True,solarisation,lr,1e-05,0.0001,32,22,0.0341,0.8443,0.9057,0.6500,0.5305,nan,nan,nan,nan,0
early,cage,6,5,resnet,True,solarisation,lr,1e-05,0.0001,32,23,0.0269,0.9397,0.9199,0.6750,0.5341,nan,nan,nan,nan,0
early,cage,6,5,resnet,True,solarisation,lr,1e-05,0.0001,32,24,0.0262,0.9361,0.9280,0.6750,0.5520,nan,nan,nan,nan,0
early,cage,6,5,resnet,True,solarisation,lr,1e-05,0.0001,32,25,0.0211,0.8824,0.9371,0.6500,0.5376,nan,nan,nan,nan,0
