fusion,dataset,test_set,dev_set,arch,use_pretrained,augmentation,speech_encoder_arch,lr,wd,batch_size,epoch,train_loss,dev_loss_patient,dev_loss_cough,dev_acc,dev_auc,test_loss_patient,test_loss_cough,test_acc,test_auc,is_best
late,cage,0,1,resnet,False,solarisation,lr,1e-05,0.0001,32,1,0.6940,0.6975,0.6490,0.8372,0.4444,nan,nan,nan,nan,0
late,cage,0,1,resnet,False,solarisation,lr,1e-05,0.0001,32,2,0.6853,0.6953,0.6691,0.7442,0.4881,nan,nan,nan,nan,0
late,cage,0,1,resnet,False,solarisation,lr,1e-05,0.0001,32,3,0.6746,0.6973,0.6872,0.5814,0.4921,nan,nan,nan,nan,0
late,cage,0,1,resnet,False,solarisation,lr,1e-05,0.0001,32,4,0.6476,0.7077,0.6539,0.8372,0.4524,nan,nan,nan,nan,0
late,cage,0,1,resnet,False,solarisation,lr,1e-05,0.0001,32,5,0.5680,0.8349,0.7003,0.8372,0.4048,nan,nan,nan,nan,1
late,cage,0,1,resnet,False,solarisation,lr,1e-05,0.0001,32,6,0.4346,0.7408,0.8445,0.4884,0.4206,nan,nan,nan,nan,0
late,cage,0,1,resnet,False,solarisation,lr,1e-05,0.0001,32,7,0.3150,0.7595,0.8809,0.5814,0.4008,nan,nan,nan,nan,0
late,cage,0,1,resnet,False,solarisation,lr,1e-05,0.0001,32,8,0.2268,0.9348,1.3511,0.1628,0.4722,nan,nan,nan,nan,0
late,cage,0,1,resnet,False,solarisation,lr,1e-05,0.0001,32,9,0.1743,0.7501,0.8694,0.6279,0.4762,nan,nan,nan,nan,0
late,cage,0,1,resnet,False,solarisation,lr,1e-05,0.0001,32,10,0.1262,0.9225,0.8899,0.7907,0.4524,nan,nan,nan,nan,0
late,cage,0,1,resnet,False,solarisation,lr,1e-05,0.0001,32,11,0.0978,0.8169,0.9920,0.6512,0.4524,nan,nan,nan,nan,0
late,cage,0,1,resnet,False,solarisation,lr,1e-05,0.0001,32,12,0.0838,1.0899,0.9343,0.8140,0.4881,nan,nan,nan,nan,1
late,cage,0,1,resnet,False,solarisation,lr,1e-05,0.0001,32,13,0.0677,0.9667,0.9861,0.7907,0.4603,nan,nan,nan,nan,0
late,cage,0,1,resnet,False,solarisation,lr,1e-05,0.0001,32,14,0.0534,0.9811,0.9755,0.7907,0.4960,nan,nan,nan,nan,0
late,cage,0,1,resnet,False,solarisation,lr,1e-05,0.0001,32,15,0.0525,0.8508,1.0841,0.7209,0.4683,nan,nan,nan,nan,0
late,cage,0,1,resnet,False,solarisation,lr,1e-05,0.0001,32,16,0.0468,1.0764,1.0593,0.8140,0.4841,nan,nan,nan,nan,1
late,cage,0,1,resnet,False,solarisation,lr,1e-05,0.0001,32,17,0.0341,1.0522,1.1651,0.7442,0.5000,nan,nan,nan,nan,0
late,cage,0,1,resnet,False,solarisation,lr,1e-05,0.0001,32,18,0.0308,1.1227,1.1473,0.8140,0.4841,1.4429,1.1799,0.8140,0.2897,1
late,cage,0,1,resnet,False,solarisation,lr,1e-05,0.0001,32,19,0.0300,1.1844,1.0426,0.8372,0.4960,nan,nan,nan,nan,0
late,cage,0,1,resnet,False,solarisation,lr,1e-05,0.0001,32,20,0.0234,1.1381,1.3530,0.7442,0.4722,nan,nan,nan,nan,0
late,cage,0,1,resnet,False,solarisation,lr,1e-05,0.0001,32,21,0.0196,1.0608,1.2204,0.7442,0.4881,nan,nan,nan,nan,0
late,cage,0,1,resnet,False,solarisation,lr,1e-05,0.0001,32,22,0.0197,1.0631,1.3222,0.7674,0.4960,nan,nan,nan,nan,0
late,cage,0,1,resnet,False,solarisation,lr,1e-05,0.0001,32,23,0.0183,1.2219,1.2329,0.8140,0.4881,nan,nan,nan,nan,0
late,cage,0,2,resnet,False,solarisation,lr,1e-05,0.0001,32,1,0.6909,0.6974,0.6972,0.4048,0.3346,nan,nan,nan,nan,0
late,cage,0,2,resnet,False,solarisation,lr,1e-05,0.0001,32,2,0.6777,0.7020,0.6624,0.8095,0.5625,nan,nan,nan,nan,0
late,cage,0,2,resnet,False,solarisation,lr,1e-05,0.0001,32,3,0.6575,0.7106,0.6350,0.8095,0.6324,nan,nan,nan,nan,0
late,cage,0,2,resnet,False,solarisation,lr,1e-05,0.0001,32,4,0.6068,0.7202,0.6758,0.7143,0.5662,nan,nan,nan,nan,0
late,cage,0,2,resnet,False,solarisation,lr,1e-05,0.0001,32,5,0.4896,0.7706,0.7308,0.8095,0.5735,nan,nan,nan,nan,1
late,cage,0,2,resnet,False,solarisation,lr,1e-05,0.0001,32,6,0.3527,0.8116,0.8054,0.8095,0.5993,nan,nan,nan,nan,1
late,cage,0,2,resnet,False,solarisation,lr,1e-05,0.0001,32,7,0.2402,1.5548,1.0258,0.8095,0.5735,nan,nan,nan,nan,0
late,cage,0,2,resnet,False,solarisation,lr,1e-05,0.0001,32,8,0.1678,1.4145,0.9998,0.8095,0.5699,nan,nan,nan,nan,0
late,cage,0,2,resnet,False,solarisation,lr,1e-05,0.0001,32,9,0.1292,1.6579,1.0976,0.8095,0.5882,nan,nan,nan,nan,0
late,cage,0,2,resnet,False,solarisation,lr,1e-05,0.0001,32,10,0.0972,1.4161,0.9870,0.8095,0.5993,nan,nan,nan,nan,0
late,cage,0,2,resnet,False,solarisation,lr,1e-05,0.0001,32,11,0.0773,1.6258,1.0951,0.8095,0.6029,nan,nan,nan,nan,0
late,cage,0,2,resnet,False,solarisation,lr,1e-05,0.0001,32,12,0.0615,1.4773,1.0347,0.8095,0.6029,nan,nan,nan,nan,1
late,cage,0,2,resnet,False,solarisation,lr,1e-05,0.0001,32,13,0.0531,1.3927,1.0750,0.8095,0.6140,1.4595,1.2221,0.8140,0.4683,1
late,cage,0,2,resnet,False,solarisation,lr,1e-05,0.0001,32,14,0.0434,1.7580,1.1792,0.8095,0.5919,nan,nan,nan,nan,0
late,cage,0,2,resnet,False,solarisation,lr,1e-05,0.0001,32,15,0.0380,1.8896,1.2242,0.8095,0.5882,nan,nan,nan,nan,0
late,cage,0,2,resnet,False,solarisation,lr,1e-05,0.0001,32,16,0.0343,1.9811,1.2640,0.8095,0.6103,nan,nan,nan,nan,0
late,cage,0,2,resnet,False,solarisation,lr,1e-05,0.0001,32,17,0.0257,1.8706,1.2190,0.8095,0.5956,nan,nan,nan,nan,0
late,cage,0,2,resnet,False,solarisation,lr,1e-05,0.0001,32,18,0.0235,1.5017,1.1233,0.8095,0.6213,nan,nan,nan,nan,0
late,cage,0,3,resnet,False,solarisation,lr,1e-05,0.0001,32,1,0.6924,0.6953,0.6620,0.8333,0.4571,nan,nan,nan,nan,0
late,cage,0,3,resnet,False,solarisation,lr,1e-05,0.0001,32,2,0.6779,0.6925,0.6602,0.8333,0.5429,nan,nan,nan,nan,0
late,cage,0,3,resnet,False,solarisation,lr,1e-05,0.0001,32,3,0.6581,0.6847,0.6724,0.7619,0.5388,nan,nan,nan,nan,0
late,cage,0,3,resnet,False,solarisation,lr,1e-05,0.0001,32,4,0.6036,0.6916,0.7402,0.5000,0.5143,nan,nan,nan,nan,0
late,cage,0,3,resnet,False,solarisation,lr,1e-05,0.0001,32,5,0.4833,0.7846,0.7614,0.8095,0.4816,nan,nan,nan,nan,1
late,cage,0,3,resnet,False,solarisation,lr,1e-05,0.0001,32,6,0.3272,1.1984,0.8581,0.8333,0.6082,nan,nan,nan,nan,1
late,cage,0,3,resnet,False,solarisation,lr,1e-05,0.0001,32,7,0.2096,1.1409,0.8932,0.8333,0.5224,nan,nan,nan,nan,0
late,cage,0,3,resnet,False,solarisation,lr,1e-05,0.0001,32,8,0.1416,1.2691,0.9517,0.8333,0.6204,nan,nan,nan,nan,1
late,cage,0,3,resnet,False,solarisation,lr,1e-05,0.0001,32,9,0.0999,0.9926,0.9442,0.8333,0.5551,nan,nan,nan,nan,1
late,cage,0,3,resnet,False,solarisation,lr,1e-05,0.0001,32,10,0.0803,1.0806,1.0118,0.8333,0.5306,nan,nan,nan,nan,1
late,cage,0,3,resnet,False,solarisation,lr,1e-05,0.0001,32,11,0.0590,0.9331,1.0099,0.8095,0.5551,nan,nan,nan,nan,0
late,cage,0,3,resnet,False,solarisation,lr,1e-05,0.0001,32,12,0.0515,1.4476,1.0773,0.8333,0.5592,nan,nan,nan,nan,0
late,cage,0,3,resnet,False,solarisation,lr,1e-05,0.0001,32,13,0.0387,1.1569,1.0036,0.8333,0.6367,nan,nan,nan,nan,0
late,cage,0,3,resnet,False,solarisation,lr,1e-05,0.0001,32,14,0.0325,1.1895,1.0751,0.8333,0.5184,nan,nan,nan,nan,0
late,cage,0,3,resnet,False,solarisation,lr,1e-05,0.0001,32,15,0.0303,1.0745,1.0396,0.8333,0.6000,nan,nan,nan,nan,1
late,cage,0,3,resnet,False,solarisation,lr,1e-05,0.0001,32,16,0.0240,1.3212,1.0777,0.8333,0.5796,nan,nan,nan,nan,0
late,cage,0,3,resnet,False,solarisation,lr,1e-05,0.0001,32,17,0.0237,1.7089,1.1807,0.8333,0.5918,1.7663,1.2113,0.8372,0.5635,1
late,cage,0,3,resnet,False,solarisation,lr,1e-05,0.0001,32,18,0.0218,1.7497,1.2290,0.8333,0.5714,nan,nan,nan,nan,0
late,cage,0,3,resnet,False,solarisation,lr,1e-05,0.0001,32,19,0.0165,1.5149,1.1699,0.8333,0.5755,nan,nan,nan,nan,0
late,cage,0,3,resnet,False,solarisation,lr,1e-05,0.0001,32,20,0.0219,1.5716,1.2221,0.8333,0.4857,nan,nan,nan,nan,0
late,cage,0,3,resnet,False,solarisation,lr,1e-05,0.0001,32,21,0.0147,1.7780,1.2653,0.8333,0.5592,nan,nan,nan,nan,0
late,cage,0,3,resnet,False,solarisation,lr,1e-05,0.0001,32,22,0.0117,1.4112,1.2138,0.8333,0.5306,nan,nan,nan,nan,0
late,cage,0,4,resnet,False,solarisation,lr,1e-05,0.0001,32,1,0.6939,0.6830,0.6834,0.7674,0.7500,nan,nan,nan,nan,0
late,cage,0,4,resnet,False,solarisation,lr,1e-05,0.0001,32,2,0.6764,0.6726,0.6973,0.3721,0.6929,nan,nan,nan,nan,0
late,cage,0,4,resnet,False,solarisation,lr,1e-05,0.0001,32,3,0.6550,0.6898,0.6798,0.7442,0.6536,nan,nan,nan,nan,0
late,cage,0,4,resnet,False,solarisation,lr,1e-05,0.0001,32,4,0.6033,0.6806,0.7529,0.3023,0.6000,nan,nan,nan,nan,0
late,cage,0,4,resnet,False,solarisation,lr,1e-05,0.0001,32,5,0.4939,0.6804,0.8579,0.4419,0.6429,0.7804,0.9523,0.2326,0.3810,1
late,cage,0,4,resnet,False,solarisation,lr,1e-05,0.0001,32,6,0.3312,0.7450,0.8712,0.7674,0.6107,nan,nan,nan,nan,0
late,cage,0,4,resnet,False,solarisation,lr,1e-05,0.0001,32,7,0.2108,0.8202,0.9684,0.7907,0.6250,nan,nan,nan,nan,0
late,cage,0,4,resnet,False,solarisation,lr,1e-05,0.0001,32,8,0.1372,0.8274,1.0988,0.7442,0.6214,nan,nan,nan,nan,0
late,cage,0,4,resnet,False,solarisation,lr,1e-05,0.0001,32,9,0.0936,1.0602,1.1921,0.8140,0.6143,nan,nan,nan,nan,0
late,cage,0,4,resnet,False,solarisation,lr,1e-05,0.0001,32,10,0.0678,0.9517,1.1781,0.7907,0.5893,nan,nan,nan,nan,0
late,cage,0,4,resnet,False,solarisation,lr,1e-05,0.0001,32,11,0.0553,1.5202,1.4134,0.8140,0.6107,nan,nan,nan,nan,0
late,cage,0,4,resnet,False,solarisation,lr,1e-05,0.0001,32,12,0.0412,1.0666,1.2768,0.7907,0.6286,nan,nan,nan,nan,0
late,cage,0,4,resnet,False,solarisation,lr,1e-05,0.0001,32,13,0.0388,1.8285,1.6310,0.8140,0.5714,nan,nan,nan,nan,0
late,cage,0,4,resnet,False,solarisation,lr,1e-05,0.0001,32,14,0.0344,1.7471,1.5604,0.8140,0.5857,nan,nan,nan,nan,0
late,cage,0,4,resnet,False,solarisation,lr,1e-05,0.0001,32,15,0.0368,1.6247,1.5183,0.8140,0.5500,nan,nan,nan,nan,0
late,cage,0,4,resnet,False,solarisation,lr,1e-05,0.0001,32,16,0.0247,1.3434,1.4131,0.8140,0.5679,nan,nan,nan,nan,0
late,cage,0,5,resnet,False,solarisation,lr,1e-05,0.0001,32,1,0.6913,0.6947,0.6895,0.5250,0.5161,nan,nan,nan,nan,0
late,cage,0,5,resnet,False,solarisation,lr,1e-05,0.0001,32,2,0.6671,0.7625,0.6726,0.7750,0.3692,nan,nan,nan,nan,0
late,cage,0,5,resnet,False,solarisation,lr,1e-05,0.0001,32,3,0.6304,0.7830,0.6793,0.7750,0.4767,nan,nan,nan,nan,0
late,cage,0,5,resnet,False,solarisation,lr,1e-05,0.0001,32,4,0.5611,0.7384,0.7102,0.7750,0.6201,nan,nan,nan,nan,0
late,cage,0,5,resnet,False,solarisation,lr,1e-05,0.0001,32,5,0.4316,1.0962,0.8558,0.7750,0.4229,nan,nan,nan,nan,1
late,cage,0,5,resnet,False,solarisation,lr,1e-05,0.0001,32,6,0.2728,0.9655,0.9536,0.6750,0.4444,nan,nan,nan,nan,0
late,cage,0,5,resnet,False,solarisation,lr,1e-05,0.0001,32,7,0.1646,1.5896,1.2107,0.7750,0.4910,1.4885,1.1629,0.8140,0.4444,1
late,cage,0,5,resnet,False,solarisation,lr,1e-05,0.0001,32,8,0.1102,2.0175,1.4750,0.7750,0.4086,nan,nan,nan,nan,0
late,cage,0,5,resnet,False,solarisation,lr,1e-05,0.0001,32,9,0.0724,1.7309,1.3628,0.7750,0.4588,nan,nan,nan,nan,0
late,cage,0,5,resnet,False,solarisation,lr,1e-05,0.0001,32,10,0.0518,1.3383,1.2992,0.7250,0.4409,nan,nan,nan,nan,0
late,cage,0,5,resnet,False,solarisation,lr,1e-05,0.0001,32,11,0.0402,2.4552,1.7910,0.7750,0.4194,nan,nan,nan,nan,0
late,cage,0,5,resnet,False,solarisation,lr,1e-05,0.0001,32,12,0.0293,2.3117,1.6737,0.7500,0.4229,nan,nan,nan,nan,0
late,cage,0,5,resnet,False,solarisation,lr,1e-05,0.0001,32,13,0.0283,2.5182,1.8423,0.7750,0.4122,nan,nan,nan,nan,0
late,cage,0,5,resnet,False,solarisation,lr,1e-05,0.0001,32,14,0.0179,1.6152,1.6556,0.7000,0.4086,nan,nan,nan,nan,0
late,cage,0,5,resnet,False,solarisation,lr,1e-05,0.0001,32,15,0.0147,2.7450,1.8860,0.7750,0.4444,nan,nan,nan,nan,0
late,cage,0,5,resnet,False,solarisation,lr,1e-05,0.0001,32,16,0.0165,1.9517,1.5918,0.7500,0.4803,nan,nan,nan,nan,0
late,cage,0,6,resnet,False,solarisation,lr,1e-05,0.0001,32,1,0.6996,0.6924,0.6888,0.6341,0.4095,nan,nan,nan,nan,0
late,cage,0,6,resnet,False,solarisation,lr,1e-05,0.0001,32,2,0.6830,0.6936,0.6706,0.8049,0.3857,nan,nan,nan,nan,0
late,cage,0,6,resnet,False,solarisation,lr,1e-05,0.0001,32,3,0.6646,0.7174,0.7600,0.1951,0.4571,nan,nan,nan,nan,0
late,cage,0,6,resnet,False,solarisation,lr,1e-05,0.0001,32,4,0.6299,0.7220,0.7493,0.3902,0.3619,nan,nan,nan,nan,0
late,cage,0,6,resnet,False,solarisation,lr,1e-05,0.0001,32,5,0.5355,0.7320,0.7481,0.7073,0.4190,nan,nan,nan,nan,1
late,cage,0,6,resnet,False,solarisation,lr,1e-05,0.0001,32,6,0.3963,0.7548,0.8362,0.5854,0.4143,nan,nan,nan,nan,0
late,cage,0,6,resnet,False,solarisation,lr,1e-05,0.0001,32,7,0.2606,0.9881,0.8571,0.8293,0.4143,nan,nan,nan,nan,1
late,cage,0,6,resnet,False,solarisation,lr,1e-05,0.0001,32,8,0.1806,0.7833,0.8407,0.6829,0.4810,nan,nan,nan,nan,0
late,cage,0,6,resnet,False,solarisation,lr,1e-05,0.0001,32,9,0.1234,1.3870,1.0304,0.8537,0.4000,nan,nan,nan,nan,1
late,cage,0,6,resnet,False,solarisation,lr,1e-05,0.0001,32,10,0.0991,1.0896,0.9839,0.8293,0.4095,nan,nan,nan,nan,0
late,cage,0,6,resnet,False,solarisation,lr,1e-05,0.0001,32,11,0.0721,1.0326,0.9832,0.8293,0.3952,nan,nan,nan,nan,0
late,cage,0,6,resnet,False,solarisation,lr,1e-05,0.0001,32,12,0.0608,1.4209,1.0839,0.8537,0.4190,nan,nan,nan,nan,0
late,cage,0,6,resnet,False,solarisation,lr,1e-05,0.0001,32,13,0.0546,1.2834,1.0585,0.8537,0.4048,nan,nan,nan,nan,0
late,cage,0,6,resnet,False,solarisation,lr,1e-05,0.0001,32,14,0.0393,1.3013,1.0453,0.8537,0.4381,nan,nan,nan,nan,0
late,cage,0,6,resnet,False,solarisation,lr,1e-05,0.0001,32,15,0.0319,1.0485,1.0190,0.8293,0.4381,nan,nan,nan,nan,0
late,cage,0,6,resnet,False,solarisation,lr,1e-05,0.0001,32,16,0.0278,1.6288,1.1803,0.8537,0.4667,nan,nan,nan,nan,1
late,cage,0,6,resnet,False,solarisation,lr,1e-05,0.0001,32,17,0.0240,1.4358,1.1056,0.8537,0.4810,nan,nan,nan,nan,1
late,cage,0,6,resnet,False,solarisation,lr,1e-05,0.0001,32,18,0.0195,1.7129,1.2422,0.8537,0.4238,nan,nan,nan,nan,0
late,cage,0,6,resnet,False,solarisation,lr,1e-05,0.0001,32,19,0.0206,1.3743,1.1601,0.8537,0.4476,1.2228,1.0509,0.8372,0.5437,1
late,cage,0,6,resnet,False,solarisation,lr,1e-05,0.0001,32,20,0.0193,2.1276,1.4691,0.8537,0.3714,nan,nan,nan,nan,0
late,cage,0,6,resnet,False,solarisation,lr,1e-05,0.0001,32,21,0.0216,0.9726,1.1427,0.7805,0.5333,nan,nan,nan,nan,0
late,cage,0,6,resnet,False,solarisation,lr,1e-05,0.0001,32,22,0.0282,2.1115,1.4654,0.8537,0.4571,nan,nan,nan,nan,0
late,cage,0,6,resnet,False,solarisation,lr,1e-05,0.0001,32,23,0.0179,1.3828,1.2000,0.8537,0.4286,nan,nan,nan,nan,0
late,cage,0,6,resnet,False,solarisation,lr,1e-05,0.0001,32,24,0.0181,1.3693,1.1612,0.8537,0.4524,nan,nan,nan,nan,0
late,cage,0,7,resnet,False,solarisation,lr,1e-05,0.0001,32,1,0.6905,0.6918,0.6736,0.7727,0.5833,nan,nan,nan,nan,0
late,cage,0,7,resnet,False,solarisation,lr,1e-05,0.0001,32,2,0.6716,0.6932,0.6917,0.5227,0.5243,nan,nan,nan,nan,0
late,cage,0,7,resnet,False,solarisation,lr,1e-05,0.0001,32,3,0.6447,0.6764,0.7019,0.5000,0.6840,nan,nan,nan,nan,0
late,cage,0,7,resnet,False,solarisation,lr,1e-05,0.0001,32,4,0.5815,0.6618,0.7833,0.3182,0.7153,nan,nan,nan,nan,0
late,cage,0,7,resnet,False,solarisation,lr,1e-05,0.0001,32,5,0.4629,0.7146,1.0949,0.2273,0.7500,nan,nan,nan,nan,1
late,cage,0,7,resnet,False,solarisation,lr,1e-05,0.0001,32,6,0.3017,0.6750,0.9037,0.7273,0.6875,nan,nan,nan,nan,1
late,cage,0,7,resnet,False,solarisation,lr,1e-05,0.0001,32,7,0.1966,0.6260,1.1559,0.5000,0.7500,nan,nan,nan,nan,1
late,cage,0,7,resnet,False,solarisation,lr,1e-05,0.0001,32,8,0.1343,0.6831,0.9363,0.7727,0.7778,1.2629,1.2742,0.7442,0.2183,1
late,cage,0,7,resnet,False,solarisation,lr,1e-05,0.0001,32,9,0.0992,0.7170,1.3698,0.3864,0.6806,nan,nan,nan,nan,0
late,cage,0,7,resnet,False,solarisation,lr,1e-05,0.0001,32,10,0.0630,0.6276,1.1236,0.7500,0.6979,nan,nan,nan,nan,0
late,cage,0,7,resnet,False,solarisation,lr,1e-05,0.0001,32,11,0.0445,0.6353,1.1557,0.7727,0.7083,nan,nan,nan,nan,0
late,cage,0,7,resnet,False,solarisation,lr,1e-05,0.0001,32,12,0.0353,0.7571,1.1841,0.7500,0.6875,nan,nan,nan,nan,0
late,cage,0,7,resnet,False,solarisation,lr,1e-05,0.0001,32,13,0.0270,0.7881,1.1506,0.7727,0.7153,nan,nan,nan,nan,0
late,cage,0,7,resnet,False,solarisation,lr,1e-05,0.0001,32,14,0.0237,0.9158,1.2335,0.7955,0.6944,nan,nan,nan,nan,0
late,cage,0,7,resnet,False,solarisation,lr,1e-05,0.0001,32,15,0.0245,0.7965,1.3141,0.7727,0.7083,nan,nan,nan,nan,0
late,cage,0,7,resnet,False,solarisation,lr,1e-05,0.0001,32,16,0.0185,0.5925,1.2711,0.7500,0.7986,nan,nan,nan,nan,0
late,cage,0,8,resnet,False,solarisation,lr,1e-05,0.0001,32,1,0.6912,0.7005,0.6561,0.8298,0.4423,nan,nan,nan,nan,0
late,cage,0,8,resnet,False,solarisation,lr,1e-05,0.0001,32,2,0.6710,0.7072,0.6419,0.8085,0.4744,nan,nan,nan,nan,0
late,cage,0,8,resnet,False,solarisation,lr,1e-05,0.0001,32,3,0.6453,0.7167,0.6256,0.8085,0.5032,nan,nan,nan,nan,0
late,cage,0,8,resnet,False,solarisation,lr,1e-05,0.0001,32,4,0.5863,0.9205,0.6309,0.8298,0.4872,nan,nan,nan,nan,0
late,cage,0,8,resnet,False,solarisation,lr,1e-05,0.0001,32,5,0.4674,0.8610,0.6961,0.8298,0.3462,0.8525,0.7479,0.7907,0.4960,1
late,cage,0,8,resnet,False,solarisation,lr,1e-05,0.0001,32,6,0.3221,1.2687,0.8115,0.8298,0.3750,nan,nan,nan,nan,0
late,cage,0,8,resnet,False,solarisation,lr,1e-05,0.0001,32,7,0.2034,1.9242,1.0556,0.8298,0.3750,nan,nan,nan,nan,0
late,cage,0,8,resnet,False,solarisation,lr,1e-05,0.0001,32,8,0.1320,1.6963,0.9762,0.8298,0.4006,nan,nan,nan,nan,0
late,cage,0,8,resnet,False,solarisation,lr,1e-05,0.0001,32,9,0.0890,1.3622,0.9155,0.8298,0.4263,nan,nan,nan,nan,0
late,cage,0,8,resnet,False,solarisation,lr,1e-05,0.0001,32,10,0.0645,1.4043,0.9661,0.8298,0.4167,nan,nan,nan,nan,0
late,cage,0,8,resnet,False,solarisation,lr,1e-05,0.0001,32,11,0.0490,2.1903,1.1891,0.8298,0.4199,nan,nan,nan,nan,0
late,cage,0,8,resnet,False,solarisation,lr,1e-05,0.0001,32,12,0.0416,1.8142,1.0708,0.8298,0.4423,nan,nan,nan,nan,0
late,cage,0,8,resnet,False,solarisation,lr,1e-05,0.0001,32,13,0.0330,2.2912,1.2285,0.8298,0.4327,nan,nan,nan,nan,0
late,cage,0,8,resnet,False,solarisation,lr,1e-05,0.0001,32,14,0.0249,2.2676,1.2312,0.8298,0.4199,nan,nan,nan,nan,0
late,cage,0,8,resnet,False,solarisation,lr,1e-05,0.0001,32,15,0.0202,2.2880,1.2380,0.8298,0.4006,nan,nan,nan,nan,0
late,cage,0,8,resnet,False,solarisation,lr,1e-05,0.0001,32,16,0.0176,1.8827,1.1254,0.8298,0.4071,nan,nan,nan,nan,0
late,cage,0,9,resnet,False,solarisation,lr,1e-05,0.0001,32,1,0.7013,0.6860,0.6795,0.7381,0.7239,nan,nan,nan,nan,0
late,cage,0,9,resnet,False,solarisation,lr,1e-05,0.0001,32,2,0.6843,0.6970,0.6667,0.7857,0.6768,nan,nan,nan,nan,0
late,cage,0,9,resnet,False,solarisation,lr,1e-05,0.0001,32,3,0.6720,0.7172,0.6309,0.7857,0.7172,nan,nan,nan,nan,0
late,cage,0,9,resnet,False,solarisation,lr,1e-05,0.0001,32,4,0.6359,0.9390,0.6475,0.7857,0.6027,nan,nan,nan,nan,0
late,cage,0,9,resnet,False,solarisation,lr,1e-05,0.0001,32,5,0.5297,1.1033,0.7303,0.7857,0.5859,nan,nan,nan,nan,1
late,cage,0,9,resnet,False,solarisation,lr,1e-05,0.0001,32,6,0.3903,1.1110,0.7624,0.7857,0.5825,nan,nan,nan,nan,0
late,cage,0,9,resnet,False,solarisation,lr,1e-05,0.0001,32,7,0.2831,1.2125,0.8063,0.7857,0.6061,nan,nan,nan,nan,0
late,cage,0,9,resnet,False,solarisation,lr,1e-05,0.0001,32,8,0.2180,1.7273,0.9975,0.7857,0.5892,nan,nan,nan,nan,0
late,cage,0,9,resnet,False,solarisation,lr,1e-05,0.0001,32,9,0.1699,1.4982,0.9176,0.7857,0.6296,nan,nan,nan,nan,0
late,cage,0,9,resnet,False,solarisation,lr,1e-05,0.0001,32,10,0.1378,1.5079,0.9234,0.7857,0.6599,nan,nan,nan,nan,0
late,cage,0,9,resnet,False,solarisation,lr,1e-05,0.0001,32,11,0.1061,1.2375,0.8337,0.7857,0.6970,nan,nan,nan,nan,0
late,cage,0,9,resnet,False,solarisation,lr,1e-05,0.0001,32,12,0.0889,1.6312,0.9688,0.7857,0.6936,nan,nan,nan,nan,0
late,cage,0,9,resnet,False,solarisation,lr,1e-05,0.0001,32,13,0.0760,1.4490,0.9281,0.7857,0.6599,nan,nan,nan,nan,1
late,cage,0,9,resnet,False,solarisation,lr,1e-05,0.0001,32,14,0.0722,1.5182,0.9572,0.7857,0.6566,1.3504,0.9605,0.8372,0.5119,1
late,cage,0,9,resnet,False,solarisation,lr,1e-05,0.0001,32,15,0.0545,1.5780,0.9740,0.7857,0.6397,nan,nan,nan,nan,0
late,cage,0,9,resnet,False,solarisation,lr,1e-05,0.0001,32,16,0.0459,1.8563,1.0866,0.7857,0.6768,nan,nan,nan,nan,0
late,cage,0,9,resnet,False,solarisation,lr,1e-05,0.0001,32,17,0.0409,2.0228,1.1668,0.7857,0.6465,nan,nan,nan,nan,0
late,cage,0,9,resnet,False,solarisation,lr,1e-05,0.0001,32,18,0.0335,2.1240,1.2144,0.7857,0.6633,nan,nan,nan,nan,0
late,cage,0,9,resnet,False,solarisation,lr,1e-05,0.0001,32,19,0.0310,2.1667,1.2382,0.7857,0.6599,nan,nan,nan,nan,0
late,cage,1,0,resnet,False,solarisation,lr,1e-05,0.0001,32,1,0.7014,0.6957,0.6840,0.8140,0.3929,nan,nan,nan,nan,0
late,cage,1,0,resnet,False,solarisation,lr,1e-05,0.0001,32,2,0.6869,0.6984,0.6775,0.8372,0.2937,nan,nan,nan,nan,0
late,cage,1,0,resnet,False,solarisation,lr,1e-05,0.0001,32,3,0.6798,0.7114,0.6967,0.6512,0.1905,nan,nan,nan,nan,0
late,cage,1,0,resnet,False,solarisation,lr,1e-05,0.0001,32,4,0.6612,0.7075,0.7018,0.6047,0.4127,nan,nan,nan,nan,0
late,cage,1,0,resnet,False,solarisation,lr,1e-05,0.0001,32,5,0.6072,0.7086,0.6435,0.8372,0.5833,nan,nan,nan,nan,1
late,cage,1,0,resnet,False,solarisation,lr,1e-05,0.0001,32,6,0.5081,0.7255,0.6433,0.8372,0.6349,nan,nan,nan,nan,1
late,cage,1,0,resnet,False,solarisation,lr,1e-05,0.0001,32,7,0.4047,0.6354,0.6672,0.8605,0.7063,nan,nan,nan,nan,1
late,cage,1,0,resnet,False,solarisation,lr,1e-05,0.0001,32,8,0.3216,0.7002,0.6334,0.8372,0.7262,nan,nan,nan,nan,1
late,cage,1,0,resnet,False,solarisation,lr,1e-05,0.0001,32,9,0.2533,0.8242,0.6525,0.8372,0.8016,nan,nan,nan,nan,1
late,cage,1,0,resnet,False,solarisation,lr,1e-05,0.0001,32,10,0.2049,0.7769,0.6641,0.8372,0.7937,nan,nan,nan,nan,1
late,cage,1,0,resnet,False,solarisation,lr,1e-05,0.0001,32,11,0.1613,0.6897,0.6808,0.8140,0.7937,nan,nan,nan,nan,1
late,cage,1,0,resnet,False,solarisation,lr,1e-05,0.0001,32,12,0.1363,0.8881,0.7084,0.8372,0.8214,nan,nan,nan,nan,1
late,cage,1,0,resnet,False,solarisation,lr,1e-05,0.0001,32,13,0.1168,0.8581,0.7074,0.8372,0.7738,nan,nan,nan,nan,1
late,cage,1,0,resnet,False,solarisation,lr,1e-05,0.0001,32,14,0.0953,0.9465,0.7414,0.8372,0.8730,nan,nan,nan,nan,1
late,cage,1,0,resnet,False,solarisation,lr,1e-05,0.0001,32,15,0.0840,0.8390,0.7253,0.8372,0.8452,nan,nan,nan,nan,1
late,cage,1,0,resnet,False,solarisation,lr,1e-05,0.0001,32,16,0.0682,0.9219,0.7628,0.8372,0.8571,nan,nan,nan,nan,1
late,cage,1,0,resnet,False,solarisation,lr,1e-05,0.0001,32,17,0.0567,1.1235,0.8245,0.8372,0.8294,nan,nan,nan,nan,0
late,cage,1,0,resnet,False,solarisation,lr,1e-05,0.0001,32,18,0.0482,1.0468,0.8130,0.8372,0.8452,1.1550,0.7984,0.8372,0.6746,1
late,cage,1,0,resnet,False,solarisation,lr,1e-05,0.0001,32,19,0.0428,0.9911,0.8090,0.8372,0.8452,nan,nan,nan,nan,0
late,cage,1,0,resnet,False,solarisation,lr,1e-05,0.0001,32,20,0.0353,0.9551,0.8015,0.8372,0.8175,nan,nan,nan,nan,0
late,cage,1,0,resnet,False,solarisation,lr,1e-05,0.0001,32,21,0.0371,0.7683,0.8181,0.8605,0.8135,nan,nan,nan,nan,0
late,cage,1,0,resnet,False,solarisation,lr,1e-05,0.0001,32,22,0.0348,1.2931,0.9369,0.8372,0.8373,nan,nan,nan,nan,0
late,cage,1,0,resnet,False,solarisation,lr,1e-05,0.0001,32,23,0.0328,1.3347,0.9589,0.8372,0.8333,nan,nan,nan,nan,0
late,cage,1,2,resnet,False,solarisation,lr,1e-05,0.0001,32,1,0.6952,0.7068,0.6772,0.7857,0.3713,nan,nan,nan,nan,0
late,cage,1,2,resnet,False,solarisation,lr,1e-05,0.0001,32,2,0.6809,0.7128,0.6685,0.8095,0.3750,nan,nan,nan,nan,0
late,cage,1,2,resnet,False,solarisation,lr,1e-05,0.0001,32,3,0.6638,0.7033,0.6841,0.7381,0.4779,nan,nan,nan,nan,0
late,cage,1,2,resnet,False,solarisation,lr,1e-05,0.0001,32,4,0.6165,0.6879,0.7534,0.4762,0.5331,nan,nan,nan,nan,0
late,cage,1,2,resnet,False,solarisation,lr,1e-05,0.0001,32,5,0.4969,0.7368,0.9712,0.2619,0.4890,nan,nan,nan,nan,1
late,cage,1,2,resnet,False,solarisation,lr,1e-05,0.0001,32,6,0.3537,0.7684,0.8130,0.7619,0.5882,nan,nan,nan,nan,1
late,cage,1,2,resnet,False,solarisation,lr,1e-05,0.0001,32,7,0.2537,0.8409,0.8681,0.7619,0.5735,nan,nan,nan,nan,1
late,cage,1,2,resnet,False,solarisation,lr,1e-05,0.0001,32,8,0.1871,0.7329,1.1537,0.3571,0.5882,nan,nan,nan,nan,1
late,cage,1,2,resnet,False,solarisation,lr,1e-05,0.0001,32,9,0.1423,0.8395,0.9067,0.7857,0.5662,nan,nan,nan,nan,1
late,cage,1,2,resnet,False,solarisation,lr,1e-05,0.0001,32,10,0.1044,0.8608,0.9492,0.7619,0.5515,1.0952,1.1777,0.6977,0.2540,1
late,cage,1,2,resnet,False,solarisation,lr,1e-05,0.0001,32,11,0.0813,1.0359,0.9445,0.8333,0.5515,nan,nan,nan,nan,0
late,cage,1,2,resnet,False,solarisation,lr,1e-05,0.0001,32,12,0.0693,1.1491,0.9789,0.8095,0.5662,nan,nan,nan,nan,0
late,cage,1,2,resnet,False,solarisation,lr,1e-05,0.0001,32,13,0.0623,1.0166,0.9915,0.8333,0.5699,nan,nan,nan,nan,0
late,cage,1,2,resnet,False,solarisation,lr,1e-05,0.0001,32,14,0.0459,0.9235,1.0711,0.7619,0.5588,nan,nan,nan,nan,0
late,cage,1,2,resnet,False,solarisation,lr,1e-05,0.0001,32,15,0.0388,0.8399,1.1115,0.7143,0.5551,nan,nan,nan,nan,0
late,cage,1,2,resnet,False,solarisation,lr,1e-05,0.0001,32,16,0.0332,1.1019,1.0887,0.8333,0.5368,nan,nan,nan,nan,0
late,cage,1,3,resnet,False,solarisation,lr,1e-05,0.0001,32,1,0.6950,0.6893,0.6955,0.3810,0.6000,nan,nan,nan,nan,0
late,cage,1,3,resnet,False,solarisation,lr,1e-05,0.0001,32,2,0.6743,0.7061,0.7494,0.2143,0.5306,nan,nan,nan,nan,0
late,cage,1,3,resnet,False,solarisation,lr,1e-05,0.0001,32,3,0.6451,0.6747,0.6447,0.7857,0.7347,nan,nan,nan,nan,0
late,cage,1,3,resnet,False,solarisation,lr,1e-05,0.0001,32,4,0.5676,0.6938,0.7820,0.5238,0.6163,nan,nan,nan,nan,0
late,cage,1,3,resnet,False,solarisation,lr,1e-05,0.0001,32,5,0.4243,0.8556,0.7018,0.8333,0.7020,nan,nan,nan,nan,1
late,cage,1,3,resnet,False,solarisation,lr,1e-05,0.0001,32,6,0.2738,0.9110,0.8007,0.8333,0.7306,nan,nan,nan,nan,1
late,cage,1,3,resnet,False,solarisation,lr,1e-05,0.0001,32,7,0.1747,0.8346,0.8728,0.7619,0.6041,0.8554,0.8848,0.8372,0.5198,1
late,cage,1,3,resnet,False,solarisation,lr,1e-05,0.0001,32,8,0.1143,0.7796,0.9265,0.8333,0.5592,nan,nan,nan,nan,0
late,cage,1,3,resnet,False,solarisation,lr,1e-05,0.0001,32,9,0.0797,0.9015,1.0288,0.7619,0.5061,nan,nan,nan,nan,0
late,cage,1,3,resnet,False,solarisation,lr,1e-05,0.0001,32,10,0.0637,0.8178,0.9754,0.8333,0.6000,nan,nan,nan,nan,0
late,cage,1,3,resnet,False,solarisation,lr,1e-05,0.0001,32,11,0.0449,0.9983,0.9529,0.8333,0.5633,nan,nan,nan,nan,0
late,cage,1,3,resnet,False,solarisation,lr,1e-05,0.0001,32,12,0.0387,0.9883,1.0302,0.8095,0.5429,nan,nan,nan,nan,0
late,cage,1,3,resnet,False,solarisation,lr,1e-05,0.0001,32,13,0.0294,1.5366,1.1216,0.8333,0.6204,nan,nan,nan,nan,0
late,cage,1,3,resnet,False,solarisation,lr,1e-05,0.0001,32,14,0.0293,0.7336,1.1372,0.5238,0.5469,nan,nan,nan,nan,0
late,cage,1,3,resnet,False,solarisation,lr,1e-05,0.0001,32,15,0.0227,0.8817,1.1306,0.7143,0.5837,nan,nan,nan,nan,0
late,cage,1,3,resnet,False,solarisation,lr,1e-05,0.0001,32,16,0.0199,1.0688,1.0646,0.8333,0.6204,nan,nan,nan,nan,0
late,cage,1,4,resnet,False,solarisation,lr,1e-05,0.0001,32,1,0.6984,0.6871,0.7066,0.2093,0.6000,nan,nan,nan,nan,0
late,cage,1,4,resnet,False,solarisation,lr,1e-05,0.0001,32,2,0.6768,0.6969,0.6955,0.5581,0.4321,nan,nan,nan,nan,0
late,cage,1,4,resnet,False,solarisation,lr,1e-05,0.0001,32,3,0.6505,0.6961,0.7092,0.4186,0.4679,nan,nan,nan,nan,0
late,cage,1,4,resnet,False,solarisation,lr,1e-05,0.0001,32,4,0.5980,0.8097,1.0035,0.1860,0.5929,nan,nan,nan,nan,0
late,cage,1,4,resnet,False,solarisation,lr,1e-05,0.0001,32,5,0.4873,0.7684,0.8209,0.6512,0.3821,0.7252,0.7868,0.6047,0.4484,1
late,cage,1,4,resnet,False,solarisation,lr,1e-05,0.0001,32,6,0.3228,1.0775,1.0511,0.8140,0.4071,nan,nan,nan,nan,0
late,cage,1,4,resnet,False,solarisation,lr,1e-05,0.0001,32,7,0.2045,0.8063,1.1753,0.3023,0.4321,nan,nan,nan,nan,0
late,cage,1,4,resnet,False,solarisation,lr,1e-05,0.0001,32,8,0.1232,1.4872,1.3433,0.8140,0.3643,nan,nan,nan,nan,0
late,cage,1,4,resnet,False,solarisation,lr,1e-05,0.0001,32,9,0.0888,1.2831,1.3281,0.8140,0.3714,nan,nan,nan,nan,0
late,cage,1,4,resnet,False,solarisation,lr,1e-05,0.0001,32,10,0.0554,1.0720,1.2791,0.7442,0.4071,nan,nan,nan,nan,0
late,cage,1,4,resnet,False,solarisation,lr,1e-05,0.0001,32,11,0.0346,1.4287,1.5313,0.8140,0.3464,nan,nan,nan,nan,0
late,cage,1,4,resnet,False,solarisation,lr,1e-05,0.0001,32,12,0.0323,1.6511,1.5770,0.8140,0.4179,nan,nan,nan,nan,0
late,cage,1,4,resnet,False,solarisation,lr,1e-05,0.0001,32,13,0.0251,1.2414,1.4394,0.7907,0.4036,nan,nan,nan,nan,0
late,cage,1,4,resnet,False,solarisation,lr,1e-05,0.0001,32,14,0.0258,1.1017,1.4123,0.6744,0.3571,nan,nan,nan,nan,0
late,cage,1,4,resnet,False,solarisation,lr,1e-05,0.0001,32,15,0.0190,2.0114,1.7698,0.8140,0.3714,nan,nan,nan,nan,0
late,cage,1,4,resnet,False,solarisation,lr,1e-05,0.0001,32,16,0.0157,2.3715,1.9900,0.8140,0.3929,nan,nan,nan,nan,0
late,cage,1,5,resnet,False,solarisation,lr,1e-05,0.0001,32,1,0.6967,0.7083,0.6757,0.7750,0.5018,nan,nan,nan,nan,0
late,cage,1,5,resnet,False,solarisation,lr,1e-05,0.0001,32,2,0.6849,0.7110,0.6702,0.7750,0.5341,nan,nan,nan,nan,0
late,cage,1,5,resnet,False,solarisation,lr,1e-05,0.0001,32,3,0.6749,0.7252,0.6566,0.7750,0.5771,nan,nan,nan,nan,0
late,cage,1,5,resnet,False,solarisation,lr,1e-05,0.0001,32,4,0.6398,0.7749,0.6714,0.7750,0.5806,nan,nan,nan,nan,0
late,cage,1,5,resnet,False,solarisation,lr,1e-05,0.0001,32,5,0.5508,0.8849,0.7248,0.7750,0.4229,0.7673,0.6523,0.8372,0.4762,1
late,cage,1,5,resnet,False,solarisation,lr,1e-05,0.0001,32,6,0.4291,0.7249,0.7982,0.4000,0.5054,nan,nan,nan,nan,0
late,cage,1,5,resnet,False,solarisation,lr,1e-05,0.0001,32,7,0.3335,0.8403,0.8118,0.7000,0.4086,nan,nan,nan,nan,0
late,cage,1,5,resnet,False,solarisation,lr,1e-05,0.0001,32,8,0.2692,0.9926,0.8233,0.7750,0.4086,nan,nan,nan,nan,0
late,cage,1,5,resnet,False,solarisation,lr,1e-05,0.0001,32,9,0.2179,0.8646,0.8410,0.7500,0.4444,nan,nan,nan,nan,0
late,cage,1,5,resnet,False,solarisation,lr,1e-05,0.0001,32,10,0.1694,1.0762,0.8469,0.7750,0.4122,nan,nan,nan,nan,0
late,cage,1,5,resnet,False,solarisation,lr,1e-05,0.0001,32,11,0.1388,1.1640,0.8748,0.7750,0.4229,nan,nan,nan,nan,0
late,cage,1,5,resnet,False,solarisation,lr,1e-05,0.0001,32,12,0.1160,1.0284,0.8916,0.7750,0.3907,nan,nan,nan,nan,0
late,cage,1,5,resnet,False,solarisation,lr,1e-05,0.0001,32,13,0.0953,1.2697,0.9260,0.7750,0.4265,nan,nan,nan,nan,0
late,cage,1,5,resnet,False,solarisation,lr,1e-05,0.0001,32,14,0.0843,1.1127,0.9298,0.7750,0.3871,nan,nan,nan,nan,0
late,cage,1,5,resnet,False,solarisation,lr,1e-05,0.0001,32,15,0.0697,1.3379,0.9855,0.7750,0.4301,nan,nan,nan,nan,0
late,cage,1,5,resnet,False,solarisation,lr,1e-05,0.0001,32,16,0.0600,1.4291,1.0195,0.7750,0.4373,nan,nan,nan,nan,0
late,cage,1,6,resnet,False,solarisation,lr,1e-05,0.0001,32,1,0.6994,0.6901,0.6735,0.8537,0.4333,nan,nan,nan,nan,0
late,cage,1,6,resnet,False,solarisation,lr,1e-05,0.0001,32,2,0.6839,0.6879,0.6680,0.8537,0.5381,nan,nan,nan,nan,0
late,cage,1,6,resnet,False,solarisation,lr,1e-05,0.0001,32,3,0.6721,0.6896,0.6757,0.6585,0.5048,nan,nan,nan,nan,0
late,cage,1,6,resnet,False,solarisation,lr,1e-05,0.0001,32,4,0.6406,0.7178,0.6693,0.7805,0.3952,nan,nan,nan,nan,0
late,cage,1,6,resnet,False,solarisation,lr,1e-05,0.0001,32,5,0.5515,0.8967,0.7266,0.8537,0.4143,0.8818,0.6500,0.8372,0.4841,1
late,cage,1,6,resnet,False,solarisation,lr,1e-05,0.0001,32,6,0.4080,0.9526,0.8290,0.8537,0.3857,nan,nan,nan,nan,0
late,cage,1,6,resnet,False,solarisation,lr,1e-05,0.0001,32,7,0.2817,1.0913,0.8659,0.8537,0.4048,nan,nan,nan,nan,0
late,cage,1,6,resnet,False,solarisation,lr,1e-05,0.0001,32,8,0.1972,1.0320,0.8757,0.8537,0.3952,nan,nan,nan,nan,0
late,cage,1,6,resnet,False,solarisation,lr,1e-05,0.0001,32,9,0.1497,1.2371,0.9212,0.8537,0.4190,nan,nan,nan,nan,0
late,cage,1,6,resnet,False,solarisation,lr,1e-05,0.0001,32,10,0.1148,1.3291,0.9897,0.8537,0.3952,nan,nan,nan,nan,0
late,cage,1,6,resnet,False,solarisation,lr,1e-05,0.0001,32,11,0.0844,1.2482,0.9834,0.8537,0.3714,nan,nan,nan,nan,0
late,cage,1,6,resnet,False,solarisation,lr,1e-05,0.0001,32,12,0.0709,1.3917,1.0293,0.8537,0.4143,nan,nan,nan,nan,0
late,cage,1,6,resnet,False,solarisation,lr,1e-05,0.0001,32,13,0.0622,1.3829,1.0299,0.8537,0.4143,nan,nan,nan,nan,0
late,cage,1,6,resnet,False,solarisation,lr,1e-05,0.0001,32,14,0.0495,1.5720,1.1330,0.8537,0.4095,nan,nan,nan,nan,0
late,cage,1,6,resnet,False,solarisation,lr,1e-05,0.0001,32,15,0.0420,1.6353,1.1543,0.8537,0.4143,nan,nan,nan,nan,0
late,cage,1,6,resnet,False,solarisation,lr,1e-05,0.0001,32,16,0.0383,1.9081,1.3056,0.8537,0.3905,nan,nan,nan,nan,0
late,cage,1,7,resnet,False,solarisation,lr,1e-05,0.0001,32,1,0.7010,0.6946,0.6972,0.4318,0.4965,nan,nan,nan,nan,0
late,cage,1,7,resnet,False,solarisation,lr,1e-05,0.0001,32,2,0.6882,0.6937,0.6906,0.5455,0.5174,nan,nan,nan,nan,0
late,cage,1,7,resnet,False,solarisation,lr,1e-05,0.0001,32,3,0.6783,0.6887,0.6786,0.7727,0.7014,nan,nan,nan,nan,0
late,cage,1,7,resnet,False,solarisation,lr,1e-05,0.0001,32,4,0.6527,0.6799,0.6940,0.5909,0.6285,nan,nan,nan,nan,0
late,cage,1,7,resnet,False,solarisation,lr,1e-05,0.0001,32,5,0.5651,0.6901,0.7920,0.3409,0.6181,nan,nan,nan,nan,1
late,cage,1,7,resnet,False,solarisation,lr,1e-05,0.0001,32,6,0.4387,0.7261,0.7817,0.6136,0.5312,nan,nan,nan,nan,1
late,cage,1,7,resnet,False,solarisation,lr,1e-05,0.0001,32,7,0.3355,0.7279,0.6752,0.7955,0.6076,0.7037,0.6982,0.8372,0.5873,1
late,cage,1,7,resnet,False,solarisation,lr,1e-05,0.0001,32,8,0.2532,0.7723,0.6928,0.7727,0.5417,nan,nan,nan,nan,0
late,cage,1,7,resnet,False,solarisation,lr,1e-05,0.0001,32,9,0.1995,0.8294,0.6653,0.8182,0.5451,nan,nan,nan,nan,0
late,cage,1,7,resnet,False,solarisation,lr,1e-05,0.0001,32,10,0.1594,0.8499,0.7061,0.7955,0.5104,nan,nan,nan,nan,0
late,cage,1,7,resnet,False,solarisation,lr,1e-05,0.0001,32,11,0.1271,1.0081,0.7265,0.7955,0.5174,nan,nan,nan,nan,0
late,cage,1,7,resnet,False,solarisation,lr,1e-05,0.0001,32,12,0.1068,0.8859,0.7495,0.8182,0.4722,nan,nan,nan,nan,0
late,cage,1,7,resnet,False,solarisation,lr,1e-05,0.0001,32,13,0.0933,0.8913,0.8137,0.7727,0.5243,nan,nan,nan,nan,0
late,cage,1,7,resnet,False,solarisation,lr,1e-05,0.0001,32,14,0.0749,1.0709,0.7608,0.7955,0.6076,nan,nan,nan,nan,0
late,cage,1,7,resnet,False,solarisation,lr,1e-05,0.0001,32,15,0.0639,1.1903,0.7949,0.7955,0.5521,nan,nan,nan,nan,0
late,cage,1,7,resnet,False,solarisation,lr,1e-05,0.0001,32,16,0.0603,1.1497,0.8185,0.8182,0.5556,nan,nan,nan,nan,0
late,cage,1,8,resnet,False,solarisation,lr,1e-05,0.0001,32,1,0.7011,0.6968,0.6828,0.7660,0.3846,nan,nan,nan,nan,0
late,cage,1,8,resnet,False,solarisation,lr,1e-05,0.0001,32,2,0.6786,0.7011,0.7193,0.2766,0.4199,nan,nan,nan,nan,0
late,cage,1,8,resnet,False,solarisation,lr,1e-05,0.0001,32,3,0.6514,0.6901,0.7078,0.4468,0.5096,nan,nan,nan,nan,0
late,cage,1,8,resnet,False,solarisation,lr,1e-05,0.0001,32,4,0.5914,0.6967,0.7503,0.5106,0.4679,nan,nan,nan,nan,0
late,cage,1,8,resnet,False,solarisation,lr,1e-05,0.0001,32,5,0.4646,0.7258,0.7327,0.8298,0.4936,nan,nan,nan,nan,1
late,cage,1,8,resnet,False,solarisation,lr,1e-05,0.0001,32,6,0.3117,0.8823,0.7906,0.8511,0.4583,nan,nan,nan,nan,1
late,cage,1,8,resnet,False,solarisation,lr,1e-05,0.0001,32,7,0.2098,1.1502,0.8916,0.8298,0.4744,1.0400,0.8594,0.8372,0.4643,1
late,cage,1,8,resnet,False,solarisation,lr,1e-05,0.0001,32,8,0.1352,1.3202,0.9222,0.8298,0.4744,nan,nan,nan,nan,0
late,cage,1,8,resnet,False,solarisation,lr,1e-05,0.0001,32,9,0.0972,0.9396,1.0396,0.7872,0.4487,nan,nan,nan,nan,0
late,cage,1,8,resnet,False,solarisation,lr,1e-05,0.0001,32,10,0.0692,1.0346,1.0120,0.8298,0.4776,nan,nan,nan,nan,0
late,cage,1,8,resnet,False,solarisation,lr,1e-05,0.0001,32,11,0.0572,0.9680,1.0874,0.8298,0.4904,nan,nan,nan,nan,0
late,cage,1,8,resnet,False,solarisation,lr,1e-05,0.0001,32,12,0.0441,1.5306,1.1208,0.8298,0.4840,nan,nan,nan,nan,0
late,cage,1,8,resnet,False,solarisation,lr,1e-05,0.0001,32,13,0.0375,1.4111,1.1097,0.8298,0.4808,nan,nan,nan,nan,0
late,cage,1,8,resnet,False,solarisation,lr,1e-05,0.0001,32,14,0.0276,1.0726,1.1104,0.8511,0.4840,nan,nan,nan,nan,0
late,cage,1,8,resnet,False,solarisation,lr,1e-05,0.0001,32,15,0.0221,2.1220,1.2558,0.8298,0.4744,nan,nan,nan,nan,0
late,cage,1,8,resnet,False,solarisation,lr,1e-05,0.0001,32,16,0.0275,1.3553,1.1570,0.8298,0.4936,nan,nan,nan,nan,0
late,cage,1,9,resnet,False,solarisation,lr,1e-05,0.0001,32,1,0.6936,0.7069,0.6707,0.7857,0.5185,nan,nan,nan,nan,0
late,cage,1,9,resnet,False,solarisation,lr,1e-05,0.0001,32,2,0.6819,0.7043,0.6712,0.7619,0.5320,nan,nan,nan,nan,0
late,cage,1,9,resnet,False,solarisation,lr,1e-05,0.0001,32,3,0.6617,0.6945,0.7260,0.3571,0.4747,nan,nan,nan,nan,0
late,cage,1,9,resnet,False,solarisation,lr,1e-05,0.0001,32,4,0.6103,0.7030,0.8389,0.2381,0.4916,nan,nan,nan,nan,0
late,cage,1,9,resnet,False,solarisation,lr,1e-05,0.0001,32,5,0.4982,0.8682,0.7673,0.7619,0.4007,0.7243,0.7086,0.6977,0.5556,1
late,cage,1,9,resnet,False,solarisation,lr,1e-05,0.0001,32,6,0.3559,0.8036,1.1410,0.1905,0.4276,nan,nan,nan,nan,0
late,cage,1,9,resnet,False,solarisation,lr,1e-05,0.0001,32,7,0.2493,0.8322,0.9287,0.6190,0.4478,nan,nan,nan,nan,0
late,cage,1,9,resnet,False,solarisation,lr,1e-05,0.0001,32,8,0.1764,0.8169,1.1480,0.2619,0.4276,nan,nan,nan,nan,0
late,cage,1,9,resnet,False,solarisation,lr,1e-05,0.0001,32,9,0.1311,0.7821,1.0681,0.5000,0.4646,nan,nan,nan,nan,0
late,cage,1,9,resnet,False,solarisation,lr,1e-05,0.0001,32,10,0.0992,0.8370,1.1139,0.5000,0.4310,nan,nan,nan,nan,0
late,cage,1,9,resnet,False,solarisation,lr,1e-05,0.0001,32,11,0.0743,1.0454,0.9923,0.7619,0.4310,nan,nan,nan,nan,0
late,cage,1,9,resnet,False,solarisation,lr,1e-05,0.0001,32,12,0.0660,0.8577,1.1371,0.5476,0.4377,nan,nan,nan,nan,0
late,cage,1,9,resnet,False,solarisation,lr,1e-05,0.0001,32,13,0.0513,0.9220,1.1093,0.6429,0.4411,nan,nan,nan,nan,0
late,cage,1,9,resnet,False,solarisation,lr,1e-05,0.0001,32,14,0.0370,1.0161,1.0960,0.7143,0.4680,nan,nan,nan,nan,0
late,cage,1,9,resnet,False,solarisation,lr,1e-05,0.0001,32,15,0.0352,0.8824,1.1960,0.5952,0.4478,nan,nan,nan,nan,0
late,cage,1,9,resnet,False,solarisation,lr,1e-05,0.0001,32,16,0.0332,0.8991,1.2475,0.5952,0.4444,nan,nan,nan,nan,0
late,cage,2,0,resnet,False,solarisation,lr,1e-05,0.0001,32,1,0.6927,0.6985,0.6937,0.6279,0.4524,nan,nan,nan,nan,0
late,cage,2,0,resnet,False,solarisation,lr,1e-05,0.0001,32,2,0.6830,0.7023,0.6714,0.8372,0.4206,nan,nan,nan,nan,0
late,cage,2,0,resnet,False,solarisation,lr,1e-05,0.0001,32,3,0.6694,0.6992,0.6768,0.8140,0.4603,nan,nan,nan,nan,0
late,cage,2,0,resnet,False,solarisation,lr,1e-05,0.0001,32,4,0.6424,0.7056,0.7239,0.3488,0.4524,nan,nan,nan,nan,0
late,cage,2,0,resnet,False,solarisation,lr,1e-05,0.0001,32,5,0.5620,0.6886,0.7508,0.4651,0.6071,nan,nan,nan,nan,1
late,cage,2,0,resnet,False,solarisation,lr,1e-05,0.0001,32,6,0.4195,0.6731,0.6974,0.7674,0.6746,nan,nan,nan,nan,1
late,cage,2,0,resnet,False,solarisation,lr,1e-05,0.0001,32,7,0.2926,0.7817,0.6840,0.8140,0.6230,nan,nan,nan,nan,1
late,cage,2,0,resnet,False,solarisation,lr,1e-05,0.0001,32,8,0.2046,1.1230,0.8057,0.8372,0.6190,nan,nan,nan,nan,1
late,cage,2,0,resnet,False,solarisation,lr,1e-05,0.0001,32,9,0.1571,0.7502,0.7067,0.8372,0.7103,nan,nan,nan,nan,1
late,cage,2,0,resnet,False,solarisation,lr,1e-05,0.0001,32,10,0.1281,0.8193,0.7178,0.8140,0.7341,nan,nan,nan,nan,1
late,cage,2,0,resnet,False,solarisation,lr,1e-05,0.0001,32,11,0.0936,1.2701,0.8826,0.8372,0.6111,nan,nan,nan,nan,0
late,cage,2,0,resnet,False,solarisation,lr,1e-05,0.0001,32,12,0.0809,1.0593,0.8004,0.8372,0.6944,nan,nan,nan,nan,0
late,cage,2,0,resnet,False,solarisation,lr,1e-05,0.0001,32,13,0.0627,1.0936,0.8331,0.8140,0.6825,1.3100,0.8720,0.8095,0.5147,1
late,cage,2,0,resnet,False,solarisation,lr,1e-05,0.0001,32,14,0.0530,1.0905,0.8461,0.8140,0.6190,nan,nan,nan,nan,0
late,cage,2,0,resnet,False,solarisation,lr,1e-05,0.0001,32,15,0.0432,1.1604,0.8709,0.8372,0.6230,nan,nan,nan,nan,0
late,cage,2,0,resnet,False,solarisation,lr,1e-05,0.0001,32,16,0.0407,1.3944,0.9625,0.8372,0.6706,nan,nan,nan,nan,0
late,cage,2,0,resnet,False,solarisation,lr,1e-05,0.0001,32,17,0.0345,1.3966,0.9774,0.8372,0.6468,nan,nan,nan,nan,0
late,cage,2,0,resnet,False,solarisation,lr,1e-05,0.0001,32,18,0.0357,1.0122,0.8522,0.8140,0.7302,nan,nan,nan,nan,0
late,cage,2,1,resnet,False,solarisation,lr,1e-05,0.0001,32,1,0.6917,0.6882,0.6388,0.8372,0.6667,nan,nan,nan,nan,0
late,cage,2,1,resnet,False,solarisation,lr,1e-05,0.0001,32,2,0.6744,0.6871,0.6991,0.4186,0.5992,nan,nan,nan,nan,0
late,cage,2,1,resnet,False,solarisation,lr,1e-05,0.0001,32,3,0.6477,0.6843,0.6595,0.7674,0.5754,nan,nan,nan,nan,0
late,cage,2,1,resnet,False,solarisation,lr,1e-05,0.0001,32,4,0.5920,0.6981,0.7007,0.6512,0.5079,nan,nan,nan,nan,0
late,cage,2,1,resnet,False,solarisation,lr,1e-05,0.0001,32,5,0.4737,1.0805,0.7320,0.8372,0.4325,1.0902,0.7394,0.8095,0.6140,1
late,cage,2,1,resnet,False,solarisation,lr,1e-05,0.0001,32,6,0.3303,0.7641,0.8776,0.6279,0.3690,nan,nan,nan,nan,0
late,cage,2,1,resnet,False,solarisation,lr,1e-05,0.0001,32,7,0.2110,0.8044,0.9707,0.6977,0.4127,nan,nan,nan,nan,0
late,cage,2,1,resnet,False,solarisation,lr,1e-05,0.0001,32,8,0.1423,0.8196,1.0371,0.6512,0.3730,nan,nan,nan,nan,0
late,cage,2,1,resnet,False,solarisation,lr,1e-05,0.0001,32,9,0.0945,1.2081,0.9141,0.8372,0.3929,nan,nan,nan,nan,0
late,cage,2,1,resnet,False,solarisation,lr,1e-05,0.0001,32,10,0.0715,1.0231,0.9216,0.8372,0.4127,nan,nan,nan,nan,0
late,cage,2,1,resnet,False,solarisation,lr,1e-05,0.0001,32,11,0.0557,1.2739,0.9907,0.8372,0.3730,nan,nan,nan,nan,0
late,cage,2,1,resnet,False,solarisation,lr,1e-05,0.0001,32,12,0.0461,0.9256,1.1017,0.7674,0.3651,nan,nan,nan,nan,0
late,cage,2,1,resnet,False,solarisation,lr,1e-05,0.0001,32,13,0.0344,0.9400,1.1509,0.7442,0.3889,nan,nan,nan,nan,0
late,cage,2,1,resnet,False,solarisation,lr,1e-05,0.0001,32,14,0.0253,1.6975,1.1682,0.8372,0.3611,nan,nan,nan,nan,0
late,cage,2,1,resnet,False,solarisation,lr,1e-05,0.0001,32,15,0.0276,1.4827,1.2205,0.8372,0.3532,nan,nan,nan,nan,0
late,cage,2,1,resnet,False,solarisation,lr,1e-05,0.0001,32,16,0.0265,1.1823,1.1873,0.8372,0.4048,nan,nan,nan,nan,0
late,cage,2,3,resnet,False,solarisation,lr,1e-05,0.0001,32,1,0.6922,0.6902,0.6813,0.6905,0.4653,nan,nan,nan,nan,0
late,cage,2,3,resnet,False,solarisation,lr,1e-05,0.0001,32,2,0.6735,0.6912,0.6717,0.7143,0.5510,nan,nan,nan,nan,0
late,cage,2,3,resnet,False,solarisation,lr,1e-05,0.0001,32,3,0.6467,0.6873,0.6460,0.8095,0.5878,nan,nan,nan,nan,0
late,cage,2,3,resnet,False,solarisation,lr,1e-05,0.0001,32,4,0.5881,0.8205,0.6302,0.8333,0.6082,nan,nan,nan,nan,0
late,cage,2,3,resnet,False,solarisation,lr,1e-05,0.0001,32,5,0.4805,0.7828,0.7599,0.7857,0.5388,nan,nan,nan,nan,1
late,cage,2,3,resnet,False,solarisation,lr,1e-05,0.0001,32,6,0.3199,0.9063,0.8836,0.7619,0.5061,nan,nan,nan,nan,1
late,cage,2,3,resnet,False,solarisation,lr,1e-05,0.0001,32,7,0.1995,1.2787,1.0298,0.8095,0.5837,nan,nan,nan,nan,1
late,cage,2,3,resnet,False,solarisation,lr,1e-05,0.0001,32,8,0.1246,2.0574,1.3291,0.8333,0.6122,nan,nan,nan,nan,0
late,cage,2,3,resnet,False,solarisation,lr,1e-05,0.0001,32,9,0.0874,2.0373,1.3448,0.8333,0.5714,nan,nan,nan,nan,0
late,cage,2,3,resnet,False,solarisation,lr,1e-05,0.0001,32,10,0.0656,1.7994,1.2590,0.8333,0.4857,nan,nan,nan,nan,0
late,cage,2,3,resnet,False,solarisation,lr,1e-05,0.0001,32,11,0.0452,1.9559,1.3145,0.8333,0.5633,nan,nan,nan,nan,0
late,cage,2,3,resnet,False,solarisation,lr,1e-05,0.0001,32,12,0.0358,2.4151,1.5257,0.8333,0.6122,nan,nan,nan,nan,0
late,cage,2,3,resnet,False,solarisation,lr,1e-05,0.0001,32,13,0.0323,1.8340,1.3020,0.8095,0.5878,nan,nan,nan,nan,0
late,cage,2,3,resnet,False,solarisation,lr,1e-05,0.0001,32,14,0.0312,2.3200,1.5235,0.8333,0.5388,nan,nan,nan,nan,0
late,cage,2,3,resnet,False,solarisation,lr,1e-05,0.0001,32,15,0.0243,2.5370,1.6289,0.8333,0.5633,2.8854,1.7529,0.8095,0.5110,1
late,cage,2,3,resnet,False,solarisation,lr,1e-05,0.0001,32,16,0.0214,2.0252,1.4251,0.8333,0.5347,nan,nan,nan,nan,0
late,cage,2,3,resnet,False,solarisation,lr,1e-05,0.0001,32,17,0.0131,2.2579,1.5159,0.8333,0.5551,nan,nan,nan,nan,0
late,cage,2,3,resnet,False,solarisation,lr,1e-05,0.0001,32,18,0.0136,2.2499,1.5256,0.8333,0.5429,nan,nan,nan,nan,0
late,cage,2,3,resnet,False,solarisation,lr,1e-05,0.0001,32,19,0.0122,2.3267,1.5743,0.8333,0.5755,nan,nan,nan,nan,0
late,cage,2,3,resnet,False,solarisation,lr,1e-05,0.0001,32,20,0.0112,1.9795,1.4327,0.8095,0.5633,nan,nan,nan,nan,0
late,cage,2,4,resnet,False,solarisation,lr,1e-05,0.0001,32,1,0.6935,0.6913,0.6893,0.6744,0.6036,nan,nan,nan,nan,0
late,cage,2,4,resnet,False,solarisation,lr,1e-05,0.0001,32,2,0.6785,0.7035,0.6750,0.8140,0.5786,nan,nan,nan,nan,0
late,cage,2,4,resnet,False,solarisation,lr,1e-05,0.0001,32,3,0.6546,0.6854,0.7056,0.5349,0.5929,nan,nan,nan,nan,0
late,cage,2,4,resnet,False,solarisation,lr,1e-05,0.0001,32,4,0.5960,0.7399,0.7368,0.7442,0.4357,nan,nan,nan,nan,0
late,cage,2,4,resnet,False,solarisation,lr,1e-05,0.0001,32,5,0.4556,0.7397,0.8611,0.6047,0.4000,0.6421,0.7520,0.7381,0.6912,1
late,cage,2,4,resnet,False,solarisation,lr,1e-05,0.0001,32,6,0.3187,0.7499,1.0383,0.3488,0.4250,nan,nan,nan,nan,0
late,cage,2,4,resnet,False,solarisation,lr,1e-05,0.0001,32,7,0.2131,0.8569,0.9665,0.7442,0.4321,nan,nan,nan,nan,0
late,cage,2,4,resnet,False,solarisation,lr,1e-05,0.0001,32,8,0.1508,0.9213,1.0645,0.7209,0.4143,nan,nan,nan,nan,0
late,cage,2,4,resnet,False,solarisation,lr,1e-05,0.0001,32,9,0.1054,0.8387,1.2627,0.4419,0.3643,nan,nan,nan,nan,0
late,cage,2,4,resnet,False,solarisation,lr,1e-05,0.0001,32,10,0.0795,1.0444,1.2071,0.7674,0.3750,nan,nan,nan,nan,0
late,cage,2,4,resnet,False,solarisation,lr,1e-05,0.0001,32,11,0.0620,0.8223,1.3274,0.2558,0.4714,nan,nan,nan,nan,0
late,cage,2,4,resnet,False,solarisation,lr,1e-05,0.0001,32,12,0.0478,0.8482,1.1826,0.6047,0.4000,nan,nan,nan,nan,0
late,cage,2,4,resnet,False,solarisation,lr,1e-05,0.0001,32,13,0.0375,1.0233,1.2389,0.7442,0.3964,nan,nan,nan,nan,0
late,cage,2,4,resnet,False,solarisation,lr,1e-05,0.0001,32,14,0.0298,0.8877,1.2491,0.6512,0.3964,nan,nan,nan,nan,0
late,cage,2,4,resnet,False,solarisation,lr,1e-05,0.0001,32,15,0.0246,1.0188,1.2683,0.7209,0.3893,nan,nan,nan,nan,0
late,cage,2,4,resnet,False,solarisation,lr,1e-05,0.0001,32,16,0.0204,0.9543,1.3376,0.6744,0.3964,nan,nan,nan,nan,0
late,cage,2,5,resnet,False,solarisation,lr,1e-05,0.0001,32,1,0.6914,0.7058,0.6809,0.7500,0.3871,nan,nan,nan,nan,0
late,cage,2,5,resnet,False,solarisation,lr,1e-05,0.0001,32,2,0.6789,0.7063,0.6737,0.6750,0.5591,nan,nan,nan,nan,0
late,cage,2,5,resnet,False,solarisation,lr,1e-05,0.0001,32,3,0.6572,0.7032,0.6846,0.6750,0.5197,nan,nan,nan,nan,0
late,cage,2,5,resnet,False,solarisation,lr,1e-05,0.0001,32,4,0.6022,1.0047,0.7354,0.7750,0.5412,nan,nan,nan,nan,0
late,cage,2,5,resnet,False,solarisation,lr,1e-05,0.0001,32,5,0.4840,0.9875,0.7993,0.8000,0.5269,nan,nan,nan,nan,1
late,cage,2,5,resnet,False,solarisation,lr,1e-05,0.0001,32,6,0.3625,1.4968,1.0164,0.7750,0.5520,nan,nan,nan,nan,1
late,cage,2,5,resnet,False,solarisation,lr,1e-05,0.0001,32,7,0.2536,1.8722,1.2063,0.7750,0.6057,nan,nan,nan,nan,1
late,cage,2,5,resnet,False,solarisation,lr,1e-05,0.0001,32,8,0.1857,1.5008,1.0479,0.7750,0.5556,nan,nan,nan,nan,1
late,cage,2,5,resnet,False,solarisation,lr,1e-05,0.0001,32,9,0.1387,1.9971,1.2971,0.7750,0.6129,nan,nan,nan,nan,1
late,cage,2,5,resnet,False,solarisation,lr,1e-05,0.0001,32,10,0.1108,1.2261,1.0104,0.7750,0.5591,nan,nan,nan,nan,1
late,cage,2,5,resnet,False,solarisation,lr,1e-05,0.0001,32,11,0.0805,1.4439,1.0652,0.7750,0.6165,nan,nan,nan,nan,1
late,cage,2,5,resnet,False,solarisation,lr,1e-05,0.0001,32,12,0.0776,1.5512,1.1460,0.7750,0.5699,nan,nan,nan,nan,0
late,cage,2,5,resnet,False,solarisation,lr,1e-05,0.0001,32,13,0.0613,1.9022,1.2904,0.7750,0.6129,nan,nan,nan,nan,0
late,cage,2,5,resnet,False,solarisation,lr,1e-05,0.0001,32,14,0.0512,2.0537,1.3557,0.7750,0.6165,2.0094,1.2363,0.8095,0.5551,1
late,cage,2,5,resnet,False,solarisation,lr,1e-05,0.0001,32,15,0.0440,2.0202,1.3818,0.7750,0.5305,nan,nan,nan,nan,0
late,cage,2,5,resnet,False,solarisation,lr,1e-05,0.0001,32,16,0.0430,2.1448,1.4537,0.7750,0.5448,nan,nan,nan,nan,0
late,cage,2,5,resnet,False,solarisation,lr,1e-05,0.0001,32,17,0.0375,2.6891,1.7127,0.7750,0.6237,nan,nan,nan,nan,0
late,cage,2,5,resnet,False,solarisation,lr,1e-05,0.0001,32,18,0.0304,2.5262,1.6210,0.7750,0.6272,nan,nan,nan,nan,0
late,cage,2,5,resnet,False,solarisation,lr,1e-05,0.0001,32,19,0.0269,2.4768,1.6077,0.7750,0.5412,nan,nan,nan,nan,0
late,cage,2,6,resnet,False,solarisation,lr,1e-05,0.0001,32,1,0.6933,0.6881,0.6599,0.8537,0.5000,nan,nan,nan,nan,0
late,cage,2,6,resnet,False,solarisation,lr,1e-05,0.0001,32,2,0.6744,0.6969,0.6791,0.7561,0.3952,nan,nan,nan,nan,0
late,cage,2,6,resnet,False,solarisation,lr,1e-05,0.0001,32,3,0.6504,0.7370,0.6516,0.8537,0.3905,nan,nan,nan,nan,0
late,cage,2,6,resnet,False,solarisation,lr,1e-05,0.0001,32,4,0.5967,0.7268,0.7615,0.5610,0.4952,nan,nan,nan,nan,0
late,cage,2,6,resnet,False,solarisation,lr,1e-05,0.0001,32,5,0.4839,0.7524,0.7420,0.7805,0.4190,nan,nan,nan,nan,1
late,cage,2,6,resnet,False,solarisation,lr,1e-05,0.0001,32,6,0.3241,1.5461,1.1173,0.8537,0.4238,nan,nan,nan,nan,0
late,cage,2,6,resnet,False,solarisation,lr,1e-05,0.0001,32,7,0.1997,1.4634,1.1075,0.8537,0.3762,nan,nan,nan,nan,0
late,cage,2,6,resnet,False,solarisation,lr,1e-05,0.0001,32,8,0.1257,1.5603,1.1981,0.8537,0.4476,nan,nan,nan,nan,0
late,cage,2,6,resnet,False,solarisation,lr,1e-05,0.0001,32,9,0.0845,1.7053,1.2987,0.8537,0.4571,nan,nan,nan,nan,0
late,cage,2,6,resnet,False,solarisation,lr,1e-05,0.0001,32,10,0.0603,1.7229,1.2967,0.8537,0.4762,nan,nan,nan,nan,0
late,cage,2,6,resnet,False,solarisation,lr,1e-05,0.0001,32,11,0.0491,1.7211,1.2963,0.8537,0.4905,nan,nan,nan,nan,1
late,cage,2,6,resnet,False,solarisation,lr,1e-05,0.0001,32,12,0.0502,2.4260,1.6356,0.8537,0.4333,nan,nan,nan,nan,1
late,cage,2,6,resnet,False,solarisation,lr,1e-05,0.0001,32,13,0.0366,1.9127,1.3982,0.8537,0.4762,2.1221,1.3889,0.8095,0.5184,1
late,cage,2,6,resnet,False,solarisation,lr,1e-05,0.0001,32,14,0.0281,2.2779,1.5834,0.8537,0.4190,nan,nan,nan,nan,0
late,cage,2,6,resnet,False,solarisation,lr,1e-05,0.0001,32,15,0.0223,2.2342,1.5607,0.8537,0.4238,nan,nan,nan,nan,0
late,cage,2,6,resnet,False,solarisation,lr,1e-05,0.0001,32,16,0.0237,2.0596,1.5066,0.8537,0.4524,nan,nan,nan,nan,0
late,cage,2,6,resnet,False,solarisation,lr,1e-05,0.0001,32,17,0.0153,2.0106,1.4539,0.8537,0.5571,nan,nan,nan,nan,0
late,cage,2,6,resnet,False,solarisation,lr,1e-05,0.0001,32,18,0.0146,2.2820,1.6112,0.8537,0.4762,nan,nan,nan,nan,0
late,cage,2,7,resnet,False,solarisation,lr,1e-05,0.0001,32,1,0.6932,0.6941,0.6752,0.7955,0.5764,nan,nan,nan,nan,0
late,cage,2,7,resnet,False,solarisation,lr,1e-05,0.0001,32,2,0.6805,0.6968,0.6873,0.6364,0.4896,nan,nan,nan,nan,0
late,cage,2,7,resnet,False,solarisation,lr,1e-05,0.0001,32,3,0.6623,0.7141,0.6219,0.8182,0.6111,nan,nan,nan,nan,0
late,cage,2,7,resnet,False,solarisation,lr,1e-05,0.0001,32,4,0.6125,0.6930,0.7334,0.5455,0.5521,nan,nan,nan,nan,0
late,cage,2,7,resnet,False,solarisation,lr,1e-05,0.0001,32,5,0.5029,0.7517,0.8518,0.3636,0.4514,0.6916,0.8244,0.5000,0.5551,1
late,cage,2,7,resnet,False,solarisation,lr,1e-05,0.0001,32,6,0.3631,0.8915,0.8008,0.7727,0.4549,nan,nan,nan,nan,0
late,cage,2,7,resnet,False,solarisation,lr,1e-05,0.0001,32,7,0.2566,0.8320,0.8807,0.6136,0.4306,nan,nan,nan,nan,0
late,cage,2,7,resnet,False,solarisation,lr,1e-05,0.0001,32,8,0.1793,0.8461,1.1776,0.2273,0.4132,nan,nan,nan,nan,0
late,cage,2,7,resnet,False,solarisation,lr,1e-05,0.0001,32,9,0.1346,0.9221,1.0422,0.5909,0.3889,nan,nan,nan,nan,0
late,cage,2,7,resnet,False,solarisation,lr,1e-05,0.0001,32,10,0.1060,0.9020,1.2803,0.2500,0.4201,nan,nan,nan,nan,0
late,cage,2,7,resnet,False,solarisation,lr,1e-05,0.0001,32,11,0.0777,0.8857,1.2226,0.2955,0.3958,nan,nan,nan,nan,0
late,cage,2,7,resnet,False,solarisation,lr,1e-05,0.0001,32,12,0.0699,0.8664,1.1128,0.4545,0.3854,nan,nan,nan,nan,0
late,cage,2,7,resnet,False,solarisation,lr,1e-05,0.0001,32,13,0.0547,1.0457,0.9982,0.7045,0.4132,nan,nan,nan,nan,0
late,cage,2,7,resnet,False,solarisation,lr,1e-05,0.0001,32,14,0.0440,0.9528,1.1508,0.5227,0.4028,nan,nan,nan,nan,0
late,cage,2,7,resnet,False,solarisation,lr,1e-05,0.0001,32,15,0.0386,0.9686,1.1194,0.5909,0.3681,nan,nan,nan,nan,0
late,cage,2,7,resnet,False,solarisation,lr,1e-05,0.0001,32,16,0.0329,1.1490,1.0704,0.7273,0.4201,nan,nan,nan,nan,0
late,cage,2,8,resnet,False,solarisation,lr,1e-05,0.0001,32,1,0.6941,0.6945,0.7086,0.3830,0.5192,nan,nan,nan,nan,0
late,cage,2,8,resnet,False,solarisation,lr,1e-05,0.0001,32,2,0.6681,0.7097,0.6705,0.7872,0.3526,nan,nan,nan,nan,0
late,cage,2,8,resnet,False,solarisation,lr,1e-05,0.0001,32,3,0.6358,0.7426,0.8509,0.2766,0.4359,nan,nan,nan,nan,0
late,cage,2,8,resnet,False,solarisation,lr,1e-05,0.0001,32,4,0.5649,1.0235,0.6757,0.8298,0.3397,nan,nan,nan,nan,0
late,cage,2,8,resnet,False,solarisation,lr,1e-05,0.0001,32,5,0.4528,0.8333,1.0821,0.1277,0.3429,0.7815,1.0035,0.2143,0.3309,1
late,cage,2,8,resnet,False,solarisation,lr,1e-05,0.0001,32,6,0.3094,1.4846,0.9432,0.8298,0.2981,nan,nan,nan,nan,0
late,cage,2,8,resnet,False,solarisation,lr,1e-05,0.0001,32,7,0.1932,1.2658,1.0456,0.7872,0.2692,nan,nan,nan,nan,0
late,cage,2,8,resnet,False,solarisation,lr,1e-05,0.0001,32,8,0.1226,1.4887,1.1396,0.8085,0.3109,nan,nan,nan,nan,0
late,cage,2,8,resnet,False,solarisation,lr,1e-05,0.0001,32,9,0.0789,1.2462,1.2228,0.7660,0.3013,nan,nan,nan,nan,0
late,cage,2,8,resnet,False,solarisation,lr,1e-05,0.0001,32,10,0.0591,1.6827,1.2589,0.8085,0.3141,nan,nan,nan,nan,0
late,cage,2,8,resnet,False,solarisation,lr,1e-05,0.0001,32,11,0.0467,1.0858,1.4162,0.5745,0.3333,nan,nan,nan,nan,0
late,cage,2,8,resnet,False,solarisation,lr,1e-05,0.0001,32,12,0.0288,1.8755,1.3229,0.8298,0.3301,nan,nan,nan,nan,0
late,cage,2,8,resnet,False,solarisation,lr,1e-05,0.0001,32,13,0.0241,1.6044,1.2996,0.7872,0.2821,nan,nan,nan,nan,0
late,cage,2,8,resnet,False,solarisation,lr,1e-05,0.0001,32,14,0.0166,1.8635,1.3595,0.8298,0.3013,nan,nan,nan,nan,0
late,cage,2,8,resnet,False,solarisation,lr,1e-05,0.0001,32,15,0.0158,1.8856,1.3856,0.8298,0.3045,nan,nan,nan,nan,0
late,cage,2,8,resnet,False,solarisation,lr,1e-05,0.0001,32,16,0.0145,1.6667,1.5221,0.7872,0.2917,nan,nan,nan,nan,0
late,cage,2,9,resnet,False,solarisation,lr,1e-05,0.0001,32,1,0.6931,0.6785,0.7120,0.2857,0.6633,nan,nan,nan,nan,0
late,cage,2,9,resnet,False,solarisation,lr,1e-05,0.0001,32,2,0.6745,0.6957,0.6519,0.7619,0.8485,nan,nan,nan,nan,0
late,cage,2,9,resnet,False,solarisation,lr,1e-05,0.0001,32,3,0.6469,0.6635,0.7713,0.2143,0.6768,nan,nan,nan,nan,0
late,cage,2,9,resnet,False,solarisation,lr,1e-05,0.0001,32,4,0.5803,0.6895,0.6513,0.7619,0.7710,nan,nan,nan,nan,0
late,cage,2,9,resnet,False,solarisation,lr,1e-05,0.0001,32,5,0.4588,0.9336,0.7233,0.7619,0.5051,0.9469,0.7397,0.8095,0.4596,1
late,cage,2,9,resnet,False,solarisation,lr,1e-05,0.0001,32,6,0.3017,0.8568,0.8104,0.7619,0.4916,nan,nan,nan,nan,0
late,cage,2,9,resnet,False,solarisation,lr,1e-05,0.0001,32,7,0.1872,1.2002,0.9322,0.8095,0.4478,nan,nan,nan,nan,0
late,cage,2,9,resnet,False,solarisation,lr,1e-05,0.0001,32,8,0.1208,0.8534,0.9897,0.5952,0.5017,nan,nan,nan,nan,0
late,cage,2,9,resnet,False,solarisation,lr,1e-05,0.0001,32,9,0.0822,0.9537,0.9994,0.7619,0.4781,nan,nan,nan,nan,0
late,cage,2,9,resnet,False,solarisation,lr,1e-05,0.0001,32,10,0.0603,0.8693,1.1832,0.4524,0.4613,nan,nan,nan,nan,0
late,cage,2,9,resnet,False,solarisation,lr,1e-05,0.0001,32,11,0.0487,1.0674,1.2075,0.6429,0.4175,nan,nan,nan,nan,0
late,cage,2,9,resnet,False,solarisation,lr,1e-05,0.0001,32,12,0.0392,0.9868,1.3156,0.4762,0.4310,nan,nan,nan,nan,0
late,cage,2,9,resnet,False,solarisation,lr,1e-05,0.0001,32,13,0.0331,1.3621,1.2119,0.7857,0.4478,nan,nan,nan,nan,0
late,cage,2,9,resnet,False,solarisation,lr,1e-05,0.0001,32,14,0.0242,1.2459,1.1797,0.7619,0.4747,nan,nan,nan,nan,0
late,cage,2,9,resnet,False,solarisation,lr,1e-05,0.0001,32,15,0.0207,1.1239,1.3268,0.6190,0.4478,nan,nan,nan,nan,0
late,cage,2,9,resnet,False,solarisation,lr,1e-05,0.0001,32,16,0.0210,1.1020,1.4265,0.5714,0.4579,nan,nan,nan,nan,0
late,cage,3,0,resnet,False,solarisation,lr,1e-05,0.0001,32,1,0.6938,0.7017,0.6688,0.8372,0.1786,nan,nan,nan,nan,0
late,cage,3,0,resnet,False,solarisation,lr,1e-05,0.0001,32,2,0.6811,0.7083,0.6993,0.6744,0.2778,nan,nan,nan,nan,0
late,cage,3,0,resnet,False,solarisation,lr,1e-05,0.0001,32,3,0.6629,0.7725,0.6739,0.8372,0.2421,nan,nan,nan,nan,0
late,cage,3,0,resnet,False,solarisation,lr,1e-05,0.0001,32,4,0.6074,0.7950,0.7601,0.7442,0.3413,nan,nan,nan,nan,0
late,cage,3,0,resnet,False,solarisation,lr,1e-05,0.0001,32,5,0.4913,0.9515,0.8905,0.7674,0.2857,nan,nan,nan,nan,1
late,cage,3,0,resnet,False,solarisation,lr,1e-05,0.0001,32,6,0.3272,1.3051,1.0280,0.8372,0.3532,nan,nan,nan,nan,1
late,cage,3,0,resnet,False,solarisation,lr,1e-05,0.0001,32,7,0.2081,1.8110,1.2563,0.8372,0.3333,nan,nan,nan,nan,1
late,cage,3,0,resnet,False,solarisation,lr,1e-05,0.0001,32,8,0.1473,1.6544,1.2063,0.8372,0.3651,nan,nan,nan,nan,1
late,cage,3,0,resnet,False,solarisation,lr,1e-05,0.0001,32,9,0.1077,1.4719,1.1582,0.8372,0.4365,nan,nan,nan,nan,1
late,cage,3,0,resnet,False,solarisation,lr,1e-05,0.0001,32,10,0.0792,2.1981,1.4638,0.8372,0.4643,nan,nan,nan,nan,1
late,cage,3,0,resnet,False,solarisation,lr,1e-05,0.0001,32,11,0.0613,2.3213,1.5502,0.8372,0.4325,nan,nan,nan,nan,1
late,cage,3,0,resnet,False,solarisation,lr,1e-05,0.0001,32,12,0.0483,2.2403,1.5204,0.8372,0.4048,nan,nan,nan,nan,1
late,cage,3,0,resnet,False,solarisation,lr,1e-05,0.0001,32,13,0.0408,2.2420,1.5172,0.8372,0.4127,2.0507,1.3064,0.8333,0.6286,1
late,cage,3,0,resnet,False,solarisation,lr,1e-05,0.0001,32,14,0.0326,2.0991,1.4792,0.8372,0.4167,nan,nan,nan,nan,0
late,cage,3,0,resnet,False,solarisation,lr,1e-05,0.0001,32,15,0.0306,2.2268,1.5307,0.8372,0.4286,nan,nan,nan,nan,0
late,cage,3,0,resnet,False,solarisation,lr,1e-05,0.0001,32,16,0.0274,2.3609,1.5900,0.8372,0.4286,nan,nan,nan,nan,0
late,cage,3,0,resnet,False,solarisation,lr,1e-05,0.0001,32,17,0.0212,2.5502,1.6830,0.8372,0.4127,nan,nan,nan,nan,0
late,cage,3,0,resnet,False,solarisation,lr,1e-05,0.0001,32,18,0.0181,2.5013,1.6732,0.8372,0.4167,nan,nan,nan,nan,0
late,cage,3,1,resnet,False,solarisation,lr,1e-05,0.0001,32,1,0.6956,0.6934,0.7053,0.4419,0.5198,nan,nan,nan,nan,0
late,cage,3,1,resnet,False,solarisation,lr,1e-05,0.0001,32,2,0.6773,0.6934,0.7153,0.4186,0.5595,nan,nan,nan,nan,0
late,cage,3,1,resnet,False,solarisation,lr,1e-05,0.0001,32,3,0.6563,0.6962,0.7251,0.4419,0.5516,nan,nan,nan,nan,0
late,cage,3,1,resnet,False,solarisation,lr,1e-05,0.0001,32,4,0.6034,0.6926,0.6812,0.7674,0.5635,nan,nan,nan,nan,0
late,cage,3,1,resnet,False,solarisation,lr,1e-05,0.0001,32,5,0.4947,0.7476,0.7896,0.6512,0.5198,0.7066,0.8006,0.6905,0.5837,1
late,cage,3,1,resnet,False,solarisation,lr,1e-05,0.0001,32,6,0.3396,0.7848,1.0217,0.3488,0.4960,nan,nan,nan,nan,0
late,cage,3,1,resnet,False,solarisation,lr,1e-05,0.0001,32,7,0.2192,0.7553,0.9881,0.5116,0.5437,nan,nan,nan,nan,0
late,cage,3,1,resnet,False,solarisation,lr,1e-05,0.0001,32,8,0.1435,0.8457,0.9697,0.7907,0.4683,nan,nan,nan,nan,0
late,cage,3,1,resnet,False,solarisation,lr,1e-05,0.0001,32,9,0.0965,1.2092,0.9911,0.8140,0.4881,nan,nan,nan,nan,0
late,cage,3,1,resnet,False,solarisation,lr,1e-05,0.0001,32,10,0.0709,0.9819,0.9980,0.7907,0.4444,nan,nan,nan,nan,0
late,cage,3,1,resnet,False,solarisation,lr,1e-05,0.0001,32,11,0.0526,0.9573,1.0279,0.7907,0.4881,nan,nan,nan,nan,0
late,cage,3,1,resnet,False,solarisation,lr,1e-05,0.0001,32,12,0.0392,0.8488,1.1520,0.6047,0.4762,nan,nan,nan,nan,0
late,cage,3,1,resnet,False,solarisation,lr,1e-05,0.0001,32,13,0.0341,1.0003,1.0931,0.7907,0.4722,nan,nan,nan,nan,0
late,cage,3,1,resnet,False,solarisation,lr,1e-05,0.0001,32,14,0.0273,0.8812,1.1485,0.6744,0.4960,nan,nan,nan,nan,0
late,cage,3,1,resnet,False,solarisation,lr,1e-05,0.0001,32,15,0.0220,1.2960,1.0929,0.8140,0.4524,nan,nan,nan,nan,0
late,cage,3,1,resnet,False,solarisation,lr,1e-05,0.0001,32,16,0.0210,1.3089,1.0711,0.8140,0.5079,nan,nan,nan,nan,0
late,cage,3,2,resnet,False,solarisation,lr,1e-05,0.0001,32,1,0.6974,0.7020,0.7116,0.2619,0.3676,nan,nan,nan,nan,0
late,cage,3,2,resnet,False,solarisation,lr,1e-05,0.0001,32,2,0.6876,0.7000,0.6931,0.5952,0.3971,nan,nan,nan,nan,0
late,cage,3,2,resnet,False,solarisation,lr,1e-05,0.0001,32,3,0.6737,0.6833,0.7204,0.4762,0.5993,nan,nan,nan,nan,0
late,cage,3,2,resnet,False,solarisation,lr,1e-05,0.0001,32,4,0.6296,0.7462,0.9715,0.2143,0.5809,nan,nan,nan,nan,0
late,cage,3,2,resnet,False,solarisation,lr,1e-05,0.0001,32,5,0.5286,0.6380,0.7358,0.5952,0.6618,nan,nan,nan,nan,1
late,cage,3,2,resnet,False,solarisation,lr,1e-05,0.0001,32,6,0.4093,0.6925,0.9783,0.3571,0.6838,nan,nan,nan,nan,1
late,cage,3,2,resnet,False,solarisation,lr,1e-05,0.0001,32,7,0.3146,0.7940,1.1526,0.2619,0.6213,nan,nan,nan,nan,1
late,cage,3,2,resnet,False,solarisation,lr,1e-05,0.0001,32,8,0.2451,0.8535,0.7063,0.8095,0.7279,nan,nan,nan,nan,1
late,cage,3,2,resnet,False,solarisation,lr,1e-05,0.0001,32,9,0.1913,0.6482,0.8097,0.6905,0.7059,nan,nan,nan,nan,1
late,cage,3,2,resnet,False,solarisation,lr,1e-05,0.0001,32,10,0.1525,0.6870,0.8729,0.6429,0.6507,nan,nan,nan,nan,0
late,cage,3,2,resnet,False,solarisation,lr,1e-05,0.0001,32,11,0.1273,0.6524,0.8892,0.6905,0.6912,nan,nan,nan,nan,0
late,cage,3,2,resnet,False,solarisation,lr,1e-05,0.0001,32,12,0.1077,0.6796,0.8513,0.7381,0.6949,0.7796,0.7862,0.7857,0.5959,1
late,cage,3,2,resnet,False,solarisation,lr,1e-05,0.0001,32,13,0.0856,0.7315,0.8612,0.7143,0.6728,nan,nan,nan,nan,0
late,cage,3,2,resnet,False,solarisation,lr,1e-05,0.0001,32,14,0.0713,0.7580,0.8867,0.7857,0.6949,nan,nan,nan,nan,0
late,cage,3,2,resnet,False,solarisation,lr,1e-05,0.0001,32,15,0.0633,0.7611,0.9004,0.7381,0.6801,nan,nan,nan,nan,0
late,cage,3,2,resnet,False,solarisation,lr,1e-05,0.0001,32,16,0.0541,0.7204,0.9453,0.6905,0.6728,nan,nan,nan,nan,0
late,cage,3,2,resnet,False,solarisation,lr,1e-05,0.0001,32,17,0.0461,0.7961,0.9286,0.7619,0.6838,nan,nan,nan,nan,0
late,cage,3,4,resnet,False,solarisation,lr,1e-05,0.0001,32,1,0.6984,0.6953,0.6769,0.8140,0.6643,nan,nan,nan,nan,0
late,cage,3,4,resnet,False,solarisation,lr,1e-05,0.0001,32,2,0.6774,0.7016,0.6776,0.7907,0.6571,nan,nan,nan,nan,0
late,cage,3,4,resnet,False,solarisation,lr,1e-05,0.0001,32,3,0.6521,0.7385,0.6913,0.7907,0.6000,nan,nan,nan,nan,0
late,cage,3,4,resnet,False,solarisation,lr,1e-05,0.0001,32,4,0.5828,0.7121,0.7575,0.6744,0.6286,nan,nan,nan,nan,0
late,cage,3,4,resnet,False,solarisation,lr,1e-05,0.0001,32,5,0.4519,1.1362,1.0362,0.7907,0.3893,0.9372,0.7123,0.8333,0.6735,1
late,cage,3,4,resnet,False,solarisation,lr,1e-05,0.0001,32,6,0.2861,1.5419,1.3163,0.7907,0.4571,nan,nan,nan,nan,0
late,cage,3,4,resnet,False,solarisation,lr,1e-05,0.0001,32,7,0.1784,1.6352,1.4559,0.7907,0.4893,nan,nan,nan,nan,0
late,cage,3,4,resnet,False,solarisation,lr,1e-05,0.0001,32,8,0.1152,1.5942,1.5239,0.7907,0.4357,nan,nan,nan,nan,0
late,cage,3,4,resnet,False,solarisation,lr,1e-05,0.0001,32,9,0.0855,0.8740,1.3103,0.6047,0.4679,nan,nan,nan,nan,0
late,cage,3,4,resnet,False,solarisation,lr,1e-05,0.0001,32,10,0.0644,1.2805,1.4983,0.7674,0.4321,nan,nan,nan,nan,0
late,cage,3,4,resnet,False,solarisation,lr,1e-05,0.0001,32,11,0.0441,1.4593,1.4783,0.7907,0.4750,nan,nan,nan,nan,0
late,cage,3,4,resnet,False,solarisation,lr,1e-05,0.0001,32,12,0.0343,1.4392,1.5158,0.7907,0.4071,nan,nan,nan,nan,0
late,cage,3,4,resnet,False,solarisation,lr,1e-05,0.0001,32,13,0.0284,1.6425,1.6344,0.7907,0.4500,nan,nan,nan,nan,0
late,cage,3,4,resnet,False,solarisation,lr,1e-05,0.0001,32,14,0.0248,1.8159,1.7601,0.7907,0.4107,nan,nan,nan,nan,0
late,cage,3,4,resnet,False,solarisation,lr,1e-05,0.0001,32,15,0.0231,1.4481,1.5420,0.7907,0.4750,nan,nan,nan,nan,0
late,cage,3,4,resnet,False,solarisation,lr,1e-05,0.0001,32,16,0.0171,1.6418,1.6796,0.7907,0.4536,nan,nan,nan,nan,0
late,cage,3,5,resnet,False,solarisation,lr,1e-05,0.0001,32,1,0.6935,0.6988,0.6956,0.5500,0.3441,nan,nan,nan,nan,0
late,cage,3,5,resnet,False,solarisation,lr,1e-05,0.0001,32,2,0.6754,0.7189,0.6705,0.7250,0.4910,nan,nan,nan,nan,0
late,cage,3,5,resnet,False,solarisation,lr,1e-05,0.0001,32,3,0.6543,0.7000,0.6860,0.6750,0.5448,nan,nan,nan,nan,0
late,cage,3,5,resnet,False,solarisation,lr,1e-05,0.0001,32,4,0.5986,0.9032,0.7205,0.7750,0.3871,nan,nan,nan,nan,0
late,cage,3,5,resnet,False,solarisation,lr,1e-05,0.0001,32,5,0.4857,0.7313,0.7141,0.7500,0.6022,nan,nan,nan,nan,1
late,cage,3,5,resnet,False,solarisation,lr,1e-05,0.0001,32,6,0.3299,1.5778,1.0343,0.7750,0.5520,nan,nan,nan,nan,1
late,cage,3,5,resnet,False,solarisation,lr,1e-05,0.0001,32,7,0.2113,1.2248,0.9369,0.7750,0.5627,nan,nan,nan,nan,1
late,cage,3,5,resnet,False,solarisation,lr,1e-05,0.0001,32,8,0.1368,1.4973,1.0433,0.7750,0.5376,nan,nan,nan,nan,0
late,cage,3,5,resnet,False,solarisation,lr,1e-05,0.0001,32,9,0.0979,1.3677,1.0055,0.7750,0.5376,nan,nan,nan,nan,1
late,cage,3,5,resnet,False,solarisation,lr,1e-05,0.0001,32,10,0.0736,1.3416,1.0068,0.7750,0.5663,nan,nan,nan,nan,0
late,cage,3,5,resnet,False,solarisation,lr,1e-05,0.0001,32,11,0.0566,2.3337,1.4935,0.7750,0.5806,nan,nan,nan,nan,0
late,cage,3,5,resnet,False,solarisation,lr,1e-05,0.0001,32,12,0.0399,1.7455,1.2197,0.7750,0.5520,nan,nan,nan,nan,0
late,cage,3,5,resnet,False,solarisation,lr,1e-05,0.0001,32,13,0.0323,1.8255,1.2624,0.7750,0.5806,nan,nan,nan,nan,1
late,cage,3,5,resnet,False,solarisation,lr,1e-05,0.0001,32,14,0.0295,0.9422,1.0576,0.8000,0.6308,nan,nan,nan,nan,1
late,cage,3,5,resnet,False,solarisation,lr,1e-05,0.0001,32,15,0.0246,1.7903,1.2465,0.7750,0.6308,nan,nan,nan,nan,1
late,cage,3,5,resnet,False,solarisation,lr,1e-05,0.0001,32,16,0.0186,2.1752,1.4281,0.7750,0.6129,nan,nan,nan,nan,1
late,cage,3,5,resnet,False,solarisation,lr,1e-05,0.0001,32,17,0.0328,2.2254,1.4768,0.7750,0.6129,nan,nan,nan,nan,1
late,cage,3,5,resnet,False,solarisation,lr,1e-05,0.0001,32,18,0.0275,2.2651,1.4795,0.7750,0.6165,2.0232,1.2995,0.8333,0.4776,1
late,cage,3,5,resnet,False,solarisation,lr,1e-05,0.0001,32,19,0.0244,2.3377,1.5014,0.7750,0.5914,nan,nan,nan,nan,0
late,cage,3,5,resnet,False,solarisation,lr,1e-05,0.0001,32,20,0.0128,2.0385,1.3980,0.7750,0.6308,nan,nan,nan,nan,0
late,cage,3,5,resnet,False,solarisation,lr,1e-05,0.0001,32,21,0.0126,2.4302,1.5822,0.7750,0.6057,nan,nan,nan,nan,0
late,cage,3,5,resnet,False,solarisation,lr,1e-05,0.0001,32,22,0.0105,2.4040,1.5630,0.7750,0.6201,nan,nan,nan,nan,0
late,cage,3,5,resnet,False,solarisation,lr,1e-05,0.0001,32,23,0.0100,2.1826,1.4799,0.7750,0.5842,nan,nan,nan,nan,0
late,cage,3,6,resnet,False,solarisation,lr,1e-05,0.0001,32,1,0.6949,0.6924,0.6736,0.8537,0.4333,nan,nan,nan,nan,0
late,cage,3,6,resnet,False,solarisation,lr,1e-05,0.0001,32,2,0.6775,0.7095,0.7184,0.2683,0.3524,nan,nan,nan,nan,0
late,cage,3,6,resnet,False,solarisation,lr,1e-05,0.0001,32,3,0.6544,0.7130,0.6820,0.7805,0.3238,nan,nan,nan,nan,0
late,cage,3,6,resnet,False,solarisation,lr,1e-05,0.0001,32,4,0.6051,0.7576,0.7419,0.6585,0.3190,nan,nan,nan,nan,0
late,cage,3,6,resnet,False,solarisation,lr,1e-05,0.0001,32,5,0.4938,0.8447,0.9731,0.1463,0.3048,0.7850,0.9691,0.1429,0.3633,1
late,cage,3,6,resnet,False,solarisation,lr,1e-05,0.0001,32,6,0.3455,1.1028,0.9464,0.8293,0.3143,nan,nan,nan,nan,0
late,cage,3,6,resnet,False,solarisation,lr,1e-05,0.0001,32,7,0.2273,1.1813,1.0079,0.8537,0.3524,nan,nan,nan,nan,0
late,cage,3,6,resnet,False,solarisation,lr,1e-05,0.0001,32,8,0.1480,1.4980,1.1447,0.8537,0.3333,nan,nan,nan,nan,0
late,cage,3,6,resnet,False,solarisation,lr,1e-05,0.0001,32,9,0.0997,1.0796,1.0486,0.8293,0.3286,nan,nan,nan,nan,0
late,cage,3,6,resnet,False,solarisation,lr,1e-05,0.0001,32,10,0.0717,1.1313,1.0814,0.8293,0.3333,nan,nan,nan,nan,0
late,cage,3,6,resnet,False,solarisation,lr,1e-05,0.0001,32,11,0.0566,1.7416,1.2825,0.8537,0.3190,nan,nan,nan,nan,0
late,cage,3,6,resnet,False,solarisation,lr,1e-05,0.0001,32,12,0.0546,1.2838,1.1241,0.8537,0.3333,nan,nan,nan,nan,0
late,cage,3,6,resnet,False,solarisation,lr,1e-05,0.0001,32,13,0.0389,1.1507,1.1574,0.8293,0.3286,nan,nan,nan,nan,0
late,cage,3,6,resnet,False,solarisation,lr,1e-05,0.0001,32,14,0.0308,1.0466,1.1314,0.8293,0.3619,nan,nan,nan,nan,0
late,cage,3,6,resnet,False,solarisation,lr,1e-05,0.0001,32,15,0.0249,1.6991,1.3434,0.8537,0.3762,nan,nan,nan,nan,0
late,cage,3,6,resnet,False,solarisation,lr,1e-05,0.0001,32,16,0.0205,1.7605,1.3755,0.8537,0.3381,nan,nan,nan,nan,0
late,cage,3,7,resnet,False,solarisation,lr,1e-05,0.0001,32,1,0.6944,0.6849,0.6924,0.4545,0.7049,nan,nan,nan,nan,0
late,cage,3,7,resnet,False,solarisation,lr,1e-05,0.0001,32,2,0.6778,0.6917,0.7377,0.1818,0.5833,nan,nan,nan,nan,0
late,cage,3,7,resnet,False,solarisation,lr,1e-05,0.0001,32,3,0.6547,0.6834,0.7109,0.4773,0.6146,nan,nan,nan,nan,0
late,cage,3,7,resnet,False,solarisation,lr,1e-05,0.0001,32,4,0.6037,0.7492,0.8973,0.2045,0.5417,nan,nan,nan,nan,0
late,cage,3,7,resnet,False,solarisation,lr,1e-05,0.0001,32,5,0.5005,1.3837,1.8624,0.1818,0.4722,1.4073,1.8744,0.1667,0.4531,1
late,cage,3,7,resnet,False,solarisation,lr,1e-05,0.0001,32,6,0.3425,0.7528,0.7762,0.7045,0.5243,nan,nan,nan,nan,0
late,cage,3,7,resnet,False,solarisation,lr,1e-05,0.0001,32,7,0.2266,0.7297,0.9074,0.6364,0.5625,nan,nan,nan,nan,0
late,cage,3,7,resnet,False,solarisation,lr,1e-05,0.0001,32,8,0.1465,0.7739,1.0031,0.5682,0.5451,nan,nan,nan,nan,0
late,cage,3,7,resnet,False,solarisation,lr,1e-05,0.0001,32,9,0.1036,0.8134,1.1913,0.3864,0.5035,nan,nan,nan,nan,0
late,cage,3,7,resnet,False,solarisation,lr,1e-05,0.0001,32,10,0.0762,0.9566,1.0011,0.7045,0.5104,nan,nan,nan,nan,0
late,cage,3,7,resnet,False,solarisation,lr,1e-05,0.0001,32,11,0.0560,0.9818,1.0370,0.7273,0.4861,nan,nan,nan,nan,0
late,cage,3,7,resnet,False,solarisation,lr,1e-05,0.0001,32,12,0.0425,1.2536,0.9812,0.7955,0.5243,nan,nan,nan,nan,0
late,cage,3,7,resnet,False,solarisation,lr,1e-05,0.0001,32,13,0.0383,0.8852,1.1516,0.6364,0.4826,nan,nan,nan,nan,0
late,cage,3,7,resnet,False,solarisation,lr,1e-05,0.0001,32,14,0.0319,1.0737,1.0928,0.7273,0.4896,nan,nan,nan,nan,0
late,cage,3,7,resnet,False,solarisation,lr,1e-05,0.0001,32,15,0.0242,0.8592,1.2469,0.5909,0.4931,nan,nan,nan,nan,0
late,cage,3,7,resnet,False,solarisation,lr,1e-05,0.0001,32,16,0.0256,1.1879,1.0851,0.7955,0.4792,nan,nan,nan,nan,0
late,cage,3,8,resnet,False,solarisation,lr,1e-05,0.0001,32,1,0.6877,0.6942,0.6779,0.7021,0.4712,nan,nan,nan,nan,0
late,cage,3,8,resnet,False,solarisation,lr,1e-05,0.0001,32,2,0.6723,0.7069,0.7629,0.2128,0.4744,nan,nan,nan,nan,0
late,cage,3,8,resnet,False,solarisation,lr,1e-05,0.0001,32,3,0.6471,0.6973,0.6848,0.6596,0.5353,nan,nan,nan,nan,0
late,cage,3,8,resnet,False,solarisation,lr,1e-05,0.0001,32,4,0.5882,0.7087,0.7925,0.5532,0.5449,nan,nan,nan,nan,0
late,cage,3,8,resnet,False,solarisation,lr,1e-05,0.0001,32,5,0.4724,0.7344,0.7514,0.8298,0.5545,nan,nan,nan,nan,1
late,cage,3,8,resnet,False,solarisation,lr,1e-05,0.0001,32,6,0.3208,0.7320,1.0275,0.4468,0.4968,nan,nan,nan,nan,1
late,cage,3,8,resnet,False,solarisation,lr,1e-05,0.0001,32,7,0.2119,0.8407,0.8275,0.8511,0.5385,0.7120,0.7767,0.8095,0.6980,1
late,cage,3,8,resnet,False,solarisation,lr,1e-05,0.0001,32,8,0.1357,0.7900,0.9043,0.8085,0.5096,nan,nan,nan,nan,0
late,cage,3,8,resnet,False,solarisation,lr,1e-05,0.0001,32,9,0.1018,1.0692,0.8754,0.8298,0.5192,nan,nan,nan,nan,0
late,cage,3,8,resnet,False,solarisation,lr,1e-05,0.0001,32,10,0.0715,0.8197,0.9558,0.8085,0.5096,nan,nan,nan,nan,0
late,cage,3,8,resnet,False,solarisation,lr,1e-05,0.0001,32,11,0.0578,1.0623,0.9326,0.8298,0.4744,nan,nan,nan,nan,0
late,cage,3,8,resnet,False,solarisation,lr,1e-05,0.0001,32,12,0.0416,0.9165,0.9778,0.8298,0.5128,nan,nan,nan,nan,0
late,cage,3,8,resnet,False,solarisation,lr,1e-05,0.0001,32,13,0.0329,1.1053,0.9628,0.8298,0.5256,nan,nan,nan,nan,0
late,cage,3,8,resnet,False,solarisation,lr,1e-05,0.0001,32,14,0.0317,0.8705,1.1392,0.7872,0.5032,nan,nan,nan,nan,0
late,cage,3,8,resnet,False,solarisation,lr,1e-05,0.0001,32,15,0.0250,1.0663,1.0330,0.8511,0.5385,nan,nan,nan,nan,0
late,cage,3,8,resnet,False,solarisation,lr,1e-05,0.0001,32,16,0.0223,0.9555,1.1127,0.8085,0.5321,nan,nan,nan,nan,0
late,cage,3,9,resnet,False,solarisation,lr,1e-05,0.0001,32,1,0.6934,0.6805,0.6929,0.4048,0.6734,nan,nan,nan,nan,0
late,cage,3,9,resnet,False,solarisation,lr,1e-05,0.0001,32,2,0.6817,0.6711,0.7015,0.3571,0.6801,nan,nan,nan,nan,0
late,cage,3,9,resnet,False,solarisation,lr,1e-05,0.0001,32,3,0.6582,0.6640,0.6745,0.6190,0.7003,nan,nan,nan,nan,0
late,cage,3,9,resnet,False,solarisation,lr,1e-05,0.0001,32,4,0.6095,0.6969,0.9234,0.2857,0.6465,nan,nan,nan,nan,0
late,cage,3,9,resnet,False,solarisation,lr,1e-05,0.0001,32,5,0.4964,0.8180,0.7250,0.6667,0.5185,0.7070,0.6822,0.7857,0.7510,1
late,cage,3,9,resnet,False,solarisation,lr,1e-05,0.0001,32,6,0.3572,0.9873,0.8077,0.7381,0.4815,nan,nan,nan,nan,0
late,cage,3,9,resnet,False,solarisation,lr,1e-05,0.0001,32,7,0.2457,0.8764,0.8570,0.6905,0.5623,nan,nan,nan,nan,0
late,cage,3,9,resnet,False,solarisation,lr,1e-05,0.0001,32,8,0.1757,0.9300,0.9217,0.6905,0.5286,nan,nan,nan,nan,0
late,cage,3,9,resnet,False,solarisation,lr,1e-05,0.0001,32,9,0.1245,1.0494,0.9413,0.7143,0.5589,nan,nan,nan,nan,0
late,cage,3,9,resnet,False,solarisation,lr,1e-05,0.0001,32,10,0.0958,1.5377,1.0667,0.7619,0.5320,nan,nan,nan,nan,0
late,cage,3,9,resnet,False,solarisation,lr,1e-05,0.0001,32,11,0.0774,1.2737,1.0298,0.7381,0.5960,nan,nan,nan,nan,0
late,cage,3,9,resnet,False,solarisation,lr,1e-05,0.0001,32,12,0.0590,1.5277,1.1029,0.7381,0.5556,nan,nan,nan,nan,0
late,cage,3,9,resnet,False,solarisation,lr,1e-05,0.0001,32,13,0.0496,1.3703,1.1164,0.7143,0.5387,nan,nan,nan,nan,0
late,cage,3,9,resnet,False,solarisation,lr,1e-05,0.0001,32,14,0.0428,1.1989,1.0856,0.7143,0.5455,nan,nan,nan,nan,0
late,cage,3,9,resnet,False,solarisation,lr,1e-05,0.0001,32,15,0.0382,1.6155,1.1600,0.7381,0.5320,nan,nan,nan,nan,0
late,cage,3,9,resnet,False,solarisation,lr,1e-05,0.0001,32,16,0.0305,1.8549,1.2179,0.7857,0.5118,nan,nan,nan,nan,0
late,cage,4,0,resnet,False,solarisation,lr,1e-05,0.0001,32,1,0.6977,0.7064,0.6773,0.8140,0.3651,nan,nan,nan,nan,0
late,cage,4,0,resnet,False,solarisation,lr,1e-05,0.0001,32,2,0.6763,0.7045,0.7045,0.4186,0.3571,nan,nan,nan,nan,0
late,cage,4,0,resnet,False,solarisation,lr,1e-05,0.0001,32,3,0.6446,0.7102,0.7513,0.3488,0.4881,nan,nan,nan,nan,0
late,cage,4,0,resnet,False,solarisation,lr,1e-05,0.0001,32,4,0.5794,0.7667,0.8206,0.4651,0.3849,nan,nan,nan,nan,0
late,cage,4,0,resnet,False,solarisation,lr,1e-05,0.0001,32,5,0.4452,0.9481,1.2756,0.1395,0.3611,nan,nan,nan,nan,1
late,cage,4,0,resnet,False,solarisation,lr,1e-05,0.0001,32,6,0.2864,1.0371,1.4806,0.1860,0.3651,nan,nan,nan,nan,0
late,cage,4,0,resnet,False,solarisation,lr,1e-05,0.0001,32,7,0.1729,1.0392,1.4577,0.3721,0.3889,nan,nan,nan,nan,1
late,cage,4,0,resnet,False,solarisation,lr,1e-05,0.0001,32,8,0.1137,1.1918,1.3431,0.6279,0.4048,nan,nan,nan,nan,0
late,cage,4,0,resnet,False,solarisation,lr,1e-05,0.0001,32,9,0.0712,1.0967,1.6339,0.4651,0.4286,nan,nan,nan,nan,0
late,cage,4,0,resnet,False,solarisation,lr,1e-05,0.0001,32,10,0.0547,1.1165,1.5484,0.6047,0.4246,nan,nan,nan,nan,0
late,cage,4,0,resnet,False,solarisation,lr,1e-05,0.0001,32,11,0.0385,1.1572,1.7711,0.3721,0.3929,nan,nan,nan,nan,1
late,cage,4,0,resnet,False,solarisation,lr,1e-05,0.0001,32,12,0.0399,1.2034,1.6664,0.5814,0.4325,nan,nan,nan,nan,1
late,cage,4,0,resnet,False,solarisation,lr,1e-05,0.0001,32,13,0.0262,1.1835,1.9894,0.3721,0.4405,1.0871,1.9682,0.3256,0.4071,1
late,cage,4,0,resnet,False,solarisation,lr,1e-05,0.0001,32,14,0.0184,1.5795,2.5305,0.1395,0.4127,nan,nan,nan,nan,0
late,cage,4,0,resnet,False,solarisation,lr,1e-05,0.0001,32,15,0.0178,1.2040,1.9663,0.3721,0.4167,nan,nan,nan,nan,0
late,cage,4,0,resnet,False,solarisation,lr,1e-05,0.0001,32,16,0.0151,1.3573,2.2862,0.3256,0.4087,nan,nan,nan,nan,0
late,cage,4,0,resnet,False,solarisation,lr,1e-05,0.0001,32,17,0.0104,1.2451,1.9179,0.4884,0.4206,nan,nan,nan,nan,0
late,cage,4,0,resnet,False,solarisation,lr,1e-05,0.0001,32,18,0.0100,1.2980,2.1536,0.3488,0.4087,nan,nan,nan,nan,0
late,cage,4,1,resnet,False,solarisation,lr,1e-05,0.0001,32,1,0.6945,0.6960,0.6764,0.7907,0.4405,nan,nan,nan,nan,0
late,cage,4,1,resnet,False,solarisation,lr,1e-05,0.0001,32,2,0.6778,0.6965,0.6895,0.6512,0.4603,nan,nan,nan,nan,0
late,cage,4,1,resnet,False,solarisation,lr,1e-05,0.0001,32,3,0.6544,0.7125,0.6456,0.8140,0.4643,nan,nan,nan,nan,0
late,cage,4,1,resnet,False,solarisation,lr,1e-05,0.0001,32,4,0.5979,0.8392,0.6447,0.8372,0.4484,nan,nan,nan,nan,0
late,cage,4,1,resnet,False,solarisation,lr,1e-05,0.0001,32,5,0.4834,0.8486,0.7260,0.7907,0.4563,nan,nan,nan,nan,1
late,cage,4,1,resnet,False,solarisation,lr,1e-05,0.0001,32,6,0.3229,0.7866,0.9952,0.5116,0.4167,nan,nan,nan,nan,0
late,cage,4,1,resnet,False,solarisation,lr,1e-05,0.0001,32,7,0.1898,1.5660,0.9683,0.8372,0.4683,nan,nan,nan,nan,0
late,cage,4,1,resnet,False,solarisation,lr,1e-05,0.0001,32,8,0.1266,0.8073,1.1523,0.5581,0.4643,nan,nan,nan,nan,0
late,cage,4,1,resnet,False,solarisation,lr,1e-05,0.0001,32,9,0.0836,0.9723,1.0483,0.7907,0.4762,nan,nan,nan,nan,0
late,cage,4,1,resnet,False,solarisation,lr,1e-05,0.0001,32,10,0.0616,1.2717,1.0584,0.8140,0.4325,nan,nan,nan,nan,0
late,cage,4,1,resnet,False,solarisation,lr,1e-05,0.0001,32,11,0.0496,1.1434,1.0373,0.8140,0.4881,nan,nan,nan,nan,1
late,cage,4,1,resnet,False,solarisation,lr,1e-05,0.0001,32,12,0.0347,1.3204,1.0537,0.8140,0.4762,nan,nan,nan,nan,0
late,cage,4,1,resnet,False,solarisation,lr,1e-05,0.0001,32,13,0.0271,0.9525,1.1168,0.7907,0.5159,nan,nan,nan,nan,1
late,cage,4,1,resnet,False,solarisation,lr,1e-05,0.0001,32,14,0.0249,1.0831,1.0981,0.8140,0.5317,nan,nan,nan,nan,1
late,cage,4,1,resnet,False,solarisation,lr,1e-05,0.0001,32,15,0.0182,1.3543,1.1198,0.8140,0.4921,1.4530,1.5377,0.8140,0.5000,1
late,cage,4,1,resnet,False,solarisation,lr,1e-05,0.0001,32,16,0.0259,1.9823,1.2995,0.8140,0.5040,nan,nan,nan,nan,0
late,cage,4,1,resnet,False,solarisation,lr,1e-05,0.0001,32,17,0.0160,1.7755,1.2546,0.8140,0.4167,nan,nan,nan,nan,0
late,cage,4,1,resnet,False,solarisation,lr,1e-05,0.0001,32,18,0.0110,1.2587,1.2123,0.8140,0.4524,nan,nan,nan,nan,0
late,cage,4,1,resnet,False,solarisation,lr,1e-05,0.0001,32,19,0.0098,1.2665,1.1931,0.8140,0.4603,nan,nan,nan,nan,0
late,cage,4,1,resnet,False,solarisation,lr,1e-05,0.0001,32,20,0.0310,1.2276,1.1793,0.8140,0.5119,nan,nan,nan,nan,0
late,cage,4,2,resnet,False,solarisation,lr,1e-05,0.0001,32,1,0.6954,0.7028,0.6811,0.7143,0.3971,nan,nan,nan,nan,0
late,cage,4,2,resnet,False,solarisation,lr,1e-05,0.0001,32,2,0.6864,0.7015,0.6571,0.8095,0.5662,nan,nan,nan,nan,0
late,cage,4,2,resnet,False,solarisation,lr,1e-05,0.0001,32,3,0.6734,0.6998,0.6712,0.6905,0.5368,nan,nan,nan,nan,0
late,cage,4,2,resnet,False,solarisation,lr,1e-05,0.0001,32,4,0.6357,0.7194,0.6881,0.7143,0.5294,nan,nan,nan,nan,0
late,cage,4,2,resnet,False,solarisation,lr,1e-05,0.0001,32,5,0.5401,0.7255,0.7823,0.6429,0.5441,nan,nan,nan,nan,1
late,cage,4,2,resnet,False,solarisation,lr,1e-05,0.0001,32,6,0.4038,0.7438,0.8132,0.5952,0.5551,nan,nan,nan,nan,1
late,cage,4,2,resnet,False,solarisation,lr,1e-05,0.0001,32,7,0.3007,0.8384,0.7802,0.8095,0.6691,nan,nan,nan,nan,1
late,cage,4,2,resnet,False,solarisation,lr,1e-05,0.0001,32,8,0.2220,0.8267,0.7934,0.8095,0.6360,nan,nan,nan,nan,1
late,cage,4,2,resnet,False,solarisation,lr,1e-05,0.0001,32,9,0.1669,1.2097,0.8794,0.8095,0.6618,nan,nan,nan,nan,1
late,cage,4,2,resnet,False,solarisation,lr,1e-05,0.0001,32,10,0.1316,0.8352,0.8886,0.7619,0.5404,nan,nan,nan,nan,0
late,cage,4,2,resnet,False,solarisation,lr,1e-05,0.0001,32,11,0.1063,0.9478,0.9008,0.7857,0.5919,1.0201,1.0673,0.7907,0.5107,1
late,cage,4,2,resnet,False,solarisation,lr,1e-05,0.0001,32,12,0.0862,1.0089,0.9008,0.8095,0.6103,nan,nan,nan,nan,0
late,cage,4,2,resnet,False,solarisation,lr,1e-05,0.0001,32,13,0.0675,1.1779,0.9334,0.8333,0.6066,nan,nan,nan,nan,0
late,cage,4,2,resnet,False,solarisation,lr,1e-05,0.0001,32,14,0.0651,1.3651,1.0080,0.8333,0.6324,nan,nan,nan,nan,0
late,cage,4,2,resnet,False,solarisation,lr,1e-05,0.0001,32,15,0.0535,1.2569,0.9939,0.8095,0.5735,nan,nan,nan,nan,0
late,cage,4,2,resnet,False,solarisation,lr,1e-05,0.0001,32,16,0.0402,1.3171,0.9915,0.8333,0.6029,nan,nan,nan,nan,0
late,cage,4,3,resnet,False,solarisation,lr,1e-05,0.0001,32,1,0.7130,0.6929,0.7021,0.1905,0.5429,nan,nan,nan,nan,0
late,cage,4,3,resnet,False,solarisation,lr,1e-05,0.0001,32,2,0.6894,0.6963,0.7126,0.1905,0.4571,nan,nan,nan,nan,0
late,cage,4,3,resnet,False,solarisation,lr,1e-05,0.0001,32,3,0.6800,0.6890,0.6900,0.5476,0.6163,nan,nan,nan,nan,0
late,cage,4,3,resnet,False,solarisation,lr,1e-05,0.0001,32,4,0.6502,0.6888,0.7119,0.5000,0.5592,nan,nan,nan,nan,0
late,cage,4,3,resnet,False,solarisation,lr,1e-05,0.0001,32,5,0.5547,0.7185,0.7839,0.4762,0.5102,nan,nan,nan,nan,1
late,cage,4,3,resnet,False,solarisation,lr,1e-05,0.0001,32,6,0.4123,0.6986,0.8132,0.5476,0.5061,nan,nan,nan,nan,0
late,cage,4,3,resnet,False,solarisation,lr,1e-05,0.0001,32,7,0.3196,0.7014,0.7490,0.7381,0.5510,0.8554,0.9067,0.5814,0.3679,1
late,cage,4,3,resnet,False,solarisation,lr,1e-05,0.0001,32,8,0.2388,0.7645,0.7691,0.8333,0.4735,nan,nan,nan,nan,0
late,cage,4,3,resnet,False,solarisation,lr,1e-05,0.0001,32,9,0.1850,0.8267,0.7589,0.8333,0.5143,nan,nan,nan,nan,0
late,cage,4,3,resnet,False,solarisation,lr,1e-05,0.0001,32,10,0.1440,0.8105,0.7761,0.8333,0.5184,nan,nan,nan,nan,0
late,cage,4,3,resnet,False,solarisation,lr,1e-05,0.0001,32,11,0.1164,0.7772,0.8565,0.7619,0.5265,nan,nan,nan,nan,0
late,cage,4,3,resnet,False,solarisation,lr,1e-05,0.0001,32,12,0.0967,0.9360,0.8105,0.8333,0.5224,nan,nan,nan,nan,0
late,cage,4,3,resnet,False,solarisation,lr,1e-05,0.0001,32,13,0.0828,0.9782,0.8370,0.8333,0.4776,nan,nan,nan,nan,0
late,cage,4,3,resnet,False,solarisation,lr,1e-05,0.0001,32,14,0.0665,0.9801,0.8510,0.8333,0.5306,nan,nan,nan,nan,0
late,cage,4,3,resnet,False,solarisation,lr,1e-05,0.0001,32,15,0.0575,0.9161,0.9125,0.8095,0.5102,nan,nan,nan,nan,0
late,cage,4,3,resnet,False,solarisation,lr,1e-05,0.0001,32,16,0.0533,0.9422,0.8984,0.8333,0.4857,nan,nan,nan,nan,0
late,cage,4,5,resnet,False,solarisation,lr,1e-05,0.0001,32,1,0.6905,0.7731,0.6697,0.7750,0.3011,nan,nan,nan,nan,0
late,cage,4,5,resnet,False,solarisation,lr,1e-05,0.0001,32,2,0.6694,0.7270,0.6919,0.6500,0.4122,nan,nan,nan,nan,0
late,cage,4,5,resnet,False,solarisation,lr,1e-05,0.0001,32,3,0.6410,0.7520,0.7001,0.7250,0.4194,nan,nan,nan,nan,0
late,cage,4,5,resnet,False,solarisation,lr,1e-05,0.0001,32,4,0.5848,0.9515,0.7554,0.7750,0.3835,nan,nan,nan,nan,0
late,cage,4,5,resnet,False,solarisation,lr,1e-05,0.0001,32,5,0.4616,1.1508,0.9531,0.7750,0.3871,nan,nan,nan,nan,1
late,cage,4,5,resnet,False,solarisation,lr,1e-05,0.0001,32,6,0.3104,2.1800,1.4721,0.7750,0.4265,nan,nan,nan,nan,1
late,cage,4,5,resnet,False,solarisation,lr,1e-05,0.0001,32,7,0.2022,1.2535,1.1135,0.7750,0.4839,nan,nan,nan,nan,1
late,cage,4,5,resnet,False,solarisation,lr,1e-05,0.0001,32,8,0.1335,1.1282,1.2074,0.6750,0.3943,nan,nan,nan,nan,0
late,cage,4,5,resnet,False,solarisation,lr,1e-05,0.0001,32,9,0.0931,2.5644,1.7366,0.7750,0.4229,nan,nan,nan,nan,0
late,cage,4,5,resnet,False,solarisation,lr,1e-05,0.0001,32,10,0.0648,2.4214,1.6789,0.7750,0.4516,nan,nan,nan,nan,1
late,cage,4,5,resnet,False,solarisation,lr,1e-05,0.0001,32,11,0.0527,2.7176,1.8680,0.7750,0.4516,nan,nan,nan,nan,1
late,cage,4,5,resnet,False,solarisation,lr,1e-05,0.0001,32,12,0.0361,2.5971,1.7519,0.7750,0.4946,nan,nan,nan,nan,0
late,cage,4,5,resnet,False,solarisation,lr,1e-05,0.0001,32,13,0.0291,2.4030,1.7334,0.7750,0.4588,nan,nan,nan,nan,1
late,cage,4,5,resnet,False,solarisation,lr,1e-05,0.0001,32,14,0.0201,2.3740,1.6870,0.7750,0.4659,1.9868,1.7867,0.8140,0.5179,1
late,cage,4,5,resnet,False,solarisation,lr,1e-05,0.0001,32,15,0.0170,2.9717,1.9764,0.7750,0.4480,nan,nan,nan,nan,0
late,cage,4,5,resnet,False,solarisation,lr,1e-05,0.0001,32,16,0.0148,2.2162,1.6611,0.7750,0.4588,nan,nan,nan,nan,0
late,cage,4,5,resnet,False,solarisation,lr,1e-05,0.0001,32,17,0.0145,3.1921,2.1213,0.7750,0.3978,nan,nan,nan,nan,0
late,cage,4,5,resnet,False,solarisation,lr,1e-05,0.0001,32,18,0.0179,1.9439,1.5663,0.7750,0.4265,nan,nan,nan,nan,0
late,cage,4,5,resnet,False,solarisation,lr,1e-05,0.0001,32,19,0.0114,3.0085,2.0149,0.7750,0.4158,nan,nan,nan,nan,0
late,cage,4,6,resnet,False,solarisation,lr,1e-05,0.0001,32,1,0.6931,0.6894,0.6547,0.8537,0.5048,nan,nan,nan,nan,0
late,cage,4,6,resnet,False,solarisation,lr,1e-05,0.0001,32,2,0.6864,0.6881,0.6649,0.8537,0.4952,nan,nan,nan,nan,0
late,cage,4,6,resnet,False,solarisation,lr,1e-05,0.0001,32,3,0.6724,0.6982,0.6462,0.8537,0.4857,nan,nan,nan,nan,0
late,cage,4,6,resnet,False,solarisation,lr,1e-05,0.0001,32,4,0.6345,0.6934,0.6718,0.8537,0.4619,nan,nan,nan,nan,0
late,cage,4,6,resnet,False,solarisation,lr,1e-05,0.0001,32,5,0.5340,0.6954,0.7522,0.6341,0.4714,0.7172,0.7898,0.6512,0.4857,1
late,cage,4,6,resnet,False,solarisation,lr,1e-05,0.0001,32,6,0.4010,0.9717,0.7772,0.8537,0.4238,nan,nan,nan,nan,0
late,cage,4,6,resnet,False,solarisation,lr,1e-05,0.0001,32,7,0.2826,0.9819,0.7828,0.8537,0.4095,nan,nan,nan,nan,0
late,cage,4,6,resnet,False,solarisation,lr,1e-05,0.0001,32,8,0.2118,1.2025,0.8989,0.8537,0.4190,nan,nan,nan,nan,0
late,cage,4,6,resnet,False,solarisation,lr,1e-05,0.0001,32,9,0.1645,1.2396,0.9330,0.8537,0.4143,nan,nan,nan,nan,0
late,cage,4,6,resnet,False,solarisation,lr,1e-05,0.0001,32,10,0.1243,1.2482,0.9547,0.8537,0.4095,nan,nan,nan,nan,0
late,cage,4,6,resnet,False,solarisation,lr,1e-05,0.0001,32,11,0.0909,1.3451,1.0153,0.8537,0.3905,nan,nan,nan,nan,0
late,cage,4,6,resnet,False,solarisation,lr,1e-05,0.0001,32,12,0.0805,1.5541,1.1035,0.8537,0.3810,nan,nan,nan,nan,0
late,cage,4,6,resnet,False,solarisation,lr,1e-05,0.0001,32,13,0.0720,1.6746,1.1739,0.8537,0.3619,nan,nan,nan,nan,0
late,cage,4,6,resnet,False,solarisation,lr,1e-05,0.0001,32,14,0.0571,1.3390,1.0235,0.8537,0.4143,nan,nan,nan,nan,0
late,cage,4,6,resnet,False,solarisation,lr,1e-05,0.0001,32,15,0.0490,1.5420,1.1542,0.8537,0.3762,nan,nan,nan,nan,0
late,cage,4,6,resnet,False,solarisation,lr,1e-05,0.0001,32,16,0.0411,1.5440,1.1440,0.8537,0.3381,nan,nan,nan,nan,0
late,cage,4,7,resnet,False,solarisation,lr,1e-05,0.0001,32,1,0.6959,0.6980,0.6677,0.8182,0.4340,nan,nan,nan,nan,0
late,cage,4,7,resnet,False,solarisation,lr,1e-05,0.0001,32,2,0.6848,0.7098,0.6346,0.8182,0.5590,nan,nan,nan,nan,0
late,cage,4,7,resnet,False,solarisation,lr,1e-05,0.0001,32,3,0.6667,0.6924,0.6994,0.5682,0.5417,nan,nan,nan,nan,0
late,cage,4,7,resnet,False,solarisation,lr,1e-05,0.0001,32,4,0.6145,0.7654,0.7471,0.6136,0.5208,nan,nan,nan,nan,0
late,cage,4,7,resnet,False,solarisation,lr,1e-05,0.0001,32,5,0.5050,1.1398,0.7303,0.8182,0.4931,nan,nan,nan,nan,1
late,cage,4,7,resnet,False,solarisation,lr,1e-05,0.0001,32,6,0.3601,1.0838,0.7581,0.8182,0.5278,nan,nan,nan,nan,1
late,cage,4,7,resnet,False,solarisation,lr,1e-05,0.0001,32,7,0.2562,1.5560,0.9130,0.8182,0.5451,nan,nan,nan,nan,0
late,cage,4,7,resnet,False,solarisation,lr,1e-05,0.0001,32,8,0.1883,1.2361,0.8764,0.8182,0.5382,nan,nan,nan,nan,0
late,cage,4,7,resnet,False,solarisation,lr,1e-05,0.0001,32,9,0.1460,2.0782,1.1469,0.8182,0.5451,nan,nan,nan,nan,0
late,cage,4,7,resnet,False,solarisation,lr,1e-05,0.0001,32,10,0.1083,1.3289,0.8992,0.8182,0.5833,nan,nan,nan,nan,1
late,cage,4,7,resnet,False,solarisation,lr,1e-05,0.0001,32,11,0.0912,1.5167,0.9539,0.8182,0.5694,nan,nan,nan,nan,1
late,cage,4,7,resnet,False,solarisation,lr,1e-05,0.0001,32,12,0.0675,1.1149,0.9325,0.8409,0.5729,nan,nan,nan,nan,1
late,cage,4,7,resnet,False,solarisation,lr,1e-05,0.0001,32,13,0.0573,1.0104,0.9862,0.7727,0.5590,nan,nan,nan,nan,0
late,cage,4,7,resnet,False,solarisation,lr,1e-05,0.0001,32,14,0.0455,1.5854,1.0364,0.8182,0.5694,1.5183,1.3761,0.8140,0.6393,1
late,cage,4,7,resnet,False,solarisation,lr,1e-05,0.0001,32,15,0.0359,1.3750,0.9755,0.8182,0.5729,nan,nan,nan,nan,0
late,cage,4,7,resnet,False,solarisation,lr,1e-05,0.0001,32,16,0.0413,1.7726,1.1163,0.8182,0.5660,nan,nan,nan,nan,0
late,cage,4,7,resnet,False,solarisation,lr,1e-05,0.0001,32,17,0.0329,1.6325,1.0744,0.8182,0.5660,nan,nan,nan,nan,0
late,cage,4,7,resnet,False,solarisation,lr,1e-05,0.0001,32,18,0.0271,1.7673,1.1306,0.8182,0.5625,nan,nan,nan,nan,0
late,cage,4,7,resnet,False,solarisation,lr,1e-05,0.0001,32,19,0.0228,1.8827,1.1508,0.8182,0.5625,nan,nan,nan,nan,0
late,cage,4,8,resnet,False,solarisation,lr,1e-05,0.0001,32,1,0.6975,0.6971,0.6962,0.4681,0.4423,nan,nan,nan,nan,0
late,cage,4,8,resnet,False,solarisation,lr,1e-05,0.0001,32,2,0.6799,0.7027,0.6509,0.8298,0.4231,nan,nan,nan,nan,0
late,cage,4,8,resnet,False,solarisation,lr,1e-05,0.0001,32,3,0.6616,0.7094,0.6848,0.6170,0.4038,nan,nan,nan,nan,0
late,cage,4,8,resnet,False,solarisation,lr,1e-05,0.0001,32,4,0.6155,0.7025,0.7165,0.6383,0.5481,nan,nan,nan,nan,0
late,cage,4,8,resnet,False,solarisation,lr,1e-05,0.0001,32,5,0.5110,0.7758,0.7200,0.7234,0.5224,0.8299,0.8635,0.6744,0.3964,1
late,cage,4,8,resnet,False,solarisation,lr,1e-05,0.0001,32,6,0.3582,1.5059,0.8396,0.8298,0.3782,nan,nan,nan,nan,0
late,cage,4,8,resnet,False,solarisation,lr,1e-05,0.0001,32,7,0.2483,1.5763,0.8915,0.8298,0.4103,nan,nan,nan,nan,0
late,cage,4,8,resnet,False,solarisation,lr,1e-05,0.0001,32,8,0.1727,1.6324,0.9228,0.8298,0.4679,nan,nan,nan,nan,0
late,cage,4,8,resnet,False,solarisation,lr,1e-05,0.0001,32,9,0.1231,1.3669,0.8658,0.8298,0.3654,nan,nan,nan,nan,0
late,cage,4,8,resnet,False,solarisation,lr,1e-05,0.0001,32,10,0.0894,1.0068,0.8415,0.7872,0.4519,nan,nan,nan,nan,0
late,cage,4,8,resnet,False,solarisation,lr,1e-05,0.0001,32,11,0.0739,1.5734,0.9684,0.8298,0.4872,nan,nan,nan,nan,0
late,cage,4,8,resnet,False,solarisation,lr,1e-05,0.0001,32,12,0.0538,2.0256,1.1049,0.8298,0.3910,nan,nan,nan,nan,0
late,cage,4,8,resnet,False,solarisation,lr,1e-05,0.0001,32,13,0.0466,2.3058,1.2308,0.8298,0.4135,nan,nan,nan,nan,0
late,cage,4,8,resnet,False,solarisation,lr,1e-05,0.0001,32,14,0.0419,1.7669,1.0371,0.8298,0.3910,nan,nan,nan,nan,0
late,cage,4,8,resnet,False,solarisation,lr,1e-05,0.0001,32,15,0.0303,2.0320,1.1329,0.8298,0.4487,nan,nan,nan,nan,0
late,cage,4,8,resnet,False,solarisation,lr,1e-05,0.0001,32,16,0.0259,2.3179,1.2442,0.8298,0.4487,nan,nan,nan,nan,0
late,cage,4,9,resnet,False,solarisation,lr,1e-05,0.0001,32,1,0.6917,0.6975,0.6812,0.7857,0.5219,nan,nan,nan,nan,0
late,cage,4,9,resnet,False,solarisation,lr,1e-05,0.0001,32,2,0.6849,0.7142,0.6639,0.7857,0.5118,nan,nan,nan,nan,0
late,cage,4,9,resnet,False,solarisation,lr,1e-05,0.0001,32,3,0.6705,0.7458,0.6480,0.7857,0.5724,nan,nan,nan,nan,0
late,cage,4,9,resnet,False,solarisation,lr,1e-05,0.0001,32,4,0.6258,0.8493,0.6473,0.7857,0.5522,nan,nan,nan,nan,0
late,cage,4,9,resnet,False,solarisation,lr,1e-05,0.0001,32,5,0.5319,0.7200,0.7300,0.6905,0.5118,nan,nan,nan,nan,1
late,cage,4,9,resnet,False,solarisation,lr,1e-05,0.0001,32,6,0.4043,0.6829,0.8279,0.3333,0.5017,nan,nan,nan,nan,0
late,cage,4,9,resnet,False,solarisation,lr,1e-05,0.0001,32,7,0.3063,0.9039,0.7161,0.7381,0.5488,nan,nan,nan,nan,0
late,cage,4,9,resnet,False,solarisation,lr,1e-05,0.0001,32,8,0.2323,0.9241,0.7619,0.7381,0.5320,nan,nan,nan,nan,0
late,cage,4,9,resnet,False,solarisation,lr,1e-05,0.0001,32,9,0.1773,1.2445,0.8136,0.7857,0.4983,nan,nan,nan,nan,0
late,cage,4,9,resnet,False,solarisation,lr,1e-05,0.0001,32,10,0.1457,1.0411,0.8062,0.7381,0.5758,nan,nan,nan,nan,0
late,cage,4,9,resnet,False,solarisation,lr,1e-05,0.0001,32,11,0.1127,1.3228,0.8557,0.7857,0.5859,nan,nan,nan,nan,1
late,cage,4,9,resnet,False,solarisation,lr,1e-05,0.0001,32,12,0.1008,1.1002,0.8285,0.7381,0.5455,nan,nan,nan,nan,0
late,cage,4,9,resnet,False,solarisation,lr,1e-05,0.0001,32,13,0.0784,1.1300,0.8417,0.7381,0.5724,nan,nan,nan,nan,1
late,cage,4,9,resnet,False,solarisation,lr,1e-05,0.0001,32,14,0.0635,1.2583,0.8800,0.7619,0.5892,1.2403,1.1019,0.7907,0.4321,1
late,cage,4,9,resnet,False,solarisation,lr,1e-05,0.0001,32,15,0.0563,1.0758,0.8992,0.7381,0.5758,nan,nan,nan,nan,0
late,cage,4,9,resnet,False,solarisation,lr,1e-05,0.0001,32,16,0.0503,1.4350,0.9520,0.7857,0.5488,nan,nan,nan,nan,0
late,cage,4,9,resnet,False,solarisation,lr,1e-05,0.0001,32,17,0.0452,1.3845,0.9608,0.7857,0.5825,nan,nan,nan,nan,0
late,cage,4,9,resnet,False,solarisation,lr,1e-05,0.0001,32,18,0.0404,1.4890,1.0173,0.7619,0.5522,nan,nan,nan,nan,0
late,cage,4,9,resnet,False,solarisation,lr,1e-05,0.0001,32,19,0.0377,1.3149,0.9905,0.7619,0.5589,nan,nan,nan,nan,0
late,cage,5,0,resnet,False,solarisation,lr,1e-05,0.0001,32,1,0.6943,0.7369,0.6360,0.8372,0.4246,nan,nan,nan,nan,0
late,cage,5,0,resnet,False,solarisation,lr,1e-05,0.0001,32,2,0.6761,0.7023,0.6834,0.7674,0.3532,nan,nan,nan,nan,0
late,cage,5,0,resnet,False,solarisation,lr,1e-05,0.0001,32,3,0.6517,0.7284,0.6752,0.8372,0.3452,nan,nan,nan,nan,0
late,cage,5,0,resnet,False,solarisation,lr,1e-05,0.0001,32,4,0.5964,0.7188,0.7025,0.6977,0.4683,nan,nan,nan,nan,0
late,cage,5,0,resnet,False,solarisation,lr,1e-05,0.0001,32,5,0.4731,1.8163,1.1847,0.8372,0.4206,nan,nan,nan,nan,1
late,cage,5,0,resnet,False,solarisation,lr,1e-05,0.0001,32,6,0.3233,2.3431,1.5086,0.8372,0.4722,nan,nan,nan,nan,1
late,cage,5,0,resnet,False,solarisation,lr,1e-05,0.0001,32,7,0.1969,1.2815,1.0781,0.8140,0.5794,nan,nan,nan,nan,1
late,cage,5,0,resnet,False,solarisation,lr,1e-05,0.0001,32,8,0.1342,2.0950,1.4016,0.8372,0.5516,nan,nan,nan,nan,1
late,cage,5,0,resnet,False,solarisation,lr,1e-05,0.0001,32,9,0.0793,2.6328,1.7089,0.8372,0.4960,nan,nan,nan,nan,1
late,cage,5,0,resnet,False,solarisation,lr,1e-05,0.0001,32,10,0.0660,2.4391,1.6244,0.8372,0.5040,nan,nan,nan,nan,1
late,cage,5,0,resnet,False,solarisation,lr,1e-05,0.0001,32,11,0.0485,3.2152,2.0515,0.8372,0.5992,nan,nan,nan,nan,1
late,cage,5,0,resnet,False,solarisation,lr,1e-05,0.0001,32,12,0.0416,2.0167,1.4071,0.8372,0.5714,nan,nan,nan,nan,0
late,cage,5,0,resnet,False,solarisation,lr,1e-05,0.0001,32,13,0.0357,2.4216,1.6117,0.8372,0.5556,nan,nan,nan,nan,0
late,cage,5,0,resnet,False,solarisation,lr,1e-05,0.0001,32,14,0.0240,2.7799,1.8101,0.8372,0.5714,nan,nan,nan,nan,1
late,cage,5,0,resnet,False,solarisation,lr,1e-05,0.0001,32,15,0.0218,2.8022,1.8313,0.8372,0.5516,3.3904,2.0912,0.7750,0.4444,1
late,cage,5,0,resnet,False,solarisation,lr,1e-05,0.0001,32,16,0.0179,2.7153,1.7853,0.8372,0.5198,nan,nan,nan,nan,0
late,cage,5,0,resnet,False,solarisation,lr,1e-05,0.0001,32,17,0.0153,2.2736,1.6004,0.8372,0.5714,nan,nan,nan,nan,0
late,cage,5,0,resnet,False,solarisation,lr,1e-05,0.0001,32,18,0.0147,2.5822,1.7380,0.8372,0.5278,nan,nan,nan,nan,0
late,cage,5,0,resnet,False,solarisation,lr,1e-05,0.0001,32,19,0.0135,3.7600,2.4025,0.8372,0.5675,nan,nan,nan,nan,0
late,cage,5,0,resnet,False,solarisation,lr,1e-05,0.0001,32,20,0.0194,3.1123,2.0205,0.8372,0.5516,nan,nan,nan,nan,0
late,cage,5,1,resnet,False,solarisation,lr,1e-05,0.0001,32,1,0.6966,0.6979,0.7292,0.1860,0.5794,nan,nan,nan,nan,0
late,cage,5,1,resnet,False,solarisation,lr,1e-05,0.0001,32,2,0.6727,0.6927,0.7022,0.5116,0.5476,nan,nan,nan,nan,0
late,cage,5,1,resnet,False,solarisation,lr,1e-05,0.0001,32,3,0.6467,0.7020,0.7539,0.3488,0.5238,nan,nan,nan,nan,0
late,cage,5,1,resnet,False,solarisation,lr,1e-05,0.0001,32,4,0.5926,0.7048,0.6883,0.6977,0.5119,nan,nan,nan,nan,0
late,cage,5,1,resnet,False,solarisation,lr,1e-05,0.0001,32,5,0.4894,0.7475,0.9024,0.5349,0.5119,0.8181,0.9094,0.4000,0.3656,1
late,cage,5,1,resnet,False,solarisation,lr,1e-05,0.0001,32,6,0.3404,0.7467,1.0330,0.5349,0.5317,nan,nan,nan,nan,0
late,cage,5,1,resnet,False,solarisation,lr,1e-05,0.0001,32,7,0.2213,0.8026,1.0816,0.7209,0.5278,nan,nan,nan,nan,0
late,cage,5,1,resnet,False,solarisation,lr,1e-05,0.0001,32,8,0.1461,0.9465,1.0963,0.7209,0.5000,nan,nan,nan,nan,0
late,cage,5,1,resnet,False,solarisation,lr,1e-05,0.0001,32,9,0.0997,0.9213,1.3841,0.6047,0.4563,nan,nan,nan,nan,0
late,cage,5,1,resnet,False,solarisation,lr,1e-05,0.0001,32,10,0.0605,1.1962,1.2291,0.7674,0.4603,nan,nan,nan,nan,0
late,cage,5,1,resnet,False,solarisation,lr,1e-05,0.0001,32,11,0.0548,1.6154,1.2641,0.8372,0.4683,nan,nan,nan,nan,0
late,cage,5,1,resnet,False,solarisation,lr,1e-05,0.0001,32,12,0.0409,1.0948,1.3166,0.7442,0.4286,nan,nan,nan,nan,0
late,cage,5,1,resnet,False,solarisation,lr,1e-05,0.0001,32,13,0.0371,1.1755,1.3295,0.7907,0.5159,nan,nan,nan,nan,0
late,cage,5,1,resnet,False,solarisation,lr,1e-05,0.0001,32,14,0.0321,1.1045,1.3559,0.7907,0.4960,nan,nan,nan,nan,0
late,cage,5,1,resnet,False,solarisation,lr,1e-05,0.0001,32,15,0.0221,0.9969,1.4459,0.6744,0.4722,nan,nan,nan,nan,0
late,cage,5,1,resnet,False,solarisation,lr,1e-05,0.0001,32,16,0.0155,1.2493,1.4315,0.7674,0.4921,nan,nan,nan,nan,0
late,cage,5,2,resnet,False,solarisation,lr,1e-05,0.0001,32,1,0.6969,0.7226,0.7662,0.2143,0.3015,nan,nan,nan,nan,0
late,cage,5,2,resnet,False,solarisation,lr,1e-05,0.0001,32,2,0.6684,0.7070,0.6853,0.7857,0.3787,nan,nan,nan,nan,0
late,cage,5,2,resnet,False,solarisation,lr,1e-05,0.0001,32,3,0.6354,0.7200,0.6782,0.8095,0.4044,nan,nan,nan,nan,0
late,cage,5,2,resnet,False,solarisation,lr,1e-05,0.0001,32,4,0.5751,0.7552,0.6886,0.8095,0.4044,nan,nan,nan,nan,0
late,cage,5,2,resnet,False,solarisation,lr,1e-05,0.0001,32,5,0.4555,0.7701,0.9345,0.2381,0.3713,nan,nan,nan,nan,1
late,cage,5,2,resnet,False,solarisation,lr,1e-05,0.0001,32,6,0.3023,0.8265,0.8546,0.6190,0.4007,nan,nan,nan,nan,1
late,cage,5,2,resnet,False,solarisation,lr,1e-05,0.0001,32,7,0.1785,0.7340,0.8854,0.7143,0.5515,nan,nan,nan,nan,1
late,cage,5,2,resnet,False,solarisation,lr,1e-05,0.0001,32,8,0.1045,1.3127,0.9762,0.8095,0.5257,nan,nan,nan,nan,1
late,cage,5,2,resnet,False,solarisation,lr,1e-05,0.0001,32,9,0.0720,0.8548,1.0541,0.6667,0.4963,nan,nan,nan,nan,1
late,cage,5,2,resnet,False,solarisation,lr,1e-05,0.0001,32,10,0.0497,1.1303,1.0355,0.8333,0.5368,nan,nan,nan,nan,1
late,cage,5,2,resnet,False,solarisation,lr,1e-05,0.0001,32,11,0.0358,1.5670,1.1373,0.8095,0.5735,2.1435,1.5352,0.7750,0.3441,1
late,cage,5,2,resnet,False,solarisation,lr,1e-05,0.0001,32,12,0.0228,1.0086,1.1554,0.7143,0.4926,nan,nan,nan,nan,0
late,cage,5,2,resnet,False,solarisation,lr,1e-05,0.0001,32,13,0.0185,1.0775,1.1874,0.7619,0.5184,nan,nan,nan,nan,0
late,cage,5,2,resnet,False,solarisation,lr,1e-05,0.0001,32,14,0.0192,1.7548,1.2545,0.8095,0.5699,nan,nan,nan,nan,0
late,cage,5,2,resnet,False,solarisation,lr,1e-05,0.0001,32,15,0.0193,1.7814,1.3363,0.8095,0.4632,nan,nan,nan,nan,0
late,cage,5,2,resnet,False,solarisation,lr,1e-05,0.0001,32,16,0.0192,0.8531,1.4381,0.6429,0.5110,nan,nan,nan,nan,0
late,cage,5,3,resnet,False,solarisation,lr,1e-05,0.0001,32,1,0.6891,0.6907,0.6802,0.6190,0.5224,nan,nan,nan,nan,0
late,cage,5,3,resnet,False,solarisation,lr,1e-05,0.0001,32,2,0.6798,0.6871,0.6716,0.6429,0.5551,nan,nan,nan,nan,0
late,cage,5,3,resnet,False,solarisation,lr,1e-05,0.0001,32,3,0.6656,0.6841,0.6504,0.6905,0.5714,nan,nan,nan,nan,0
late,cage,5,3,resnet,False,solarisation,lr,1e-05,0.0001,32,4,0.6230,0.6809,0.6551,0.6667,0.6245,nan,nan,nan,nan,0
late,cage,5,3,resnet,False,solarisation,lr,1e-05,0.0001,32,5,0.5128,0.7441,0.6281,0.8333,0.6204,nan,nan,nan,nan,1
late,cage,5,3,resnet,False,solarisation,lr,1e-05,0.0001,32,6,0.3801,0.8869,0.6941,0.8333,0.6408,nan,nan,nan,nan,1
late,cage,5,3,resnet,False,solarisation,lr,1e-05,0.0001,32,7,0.2831,1.1150,0.7761,0.8333,0.6286,nan,nan,nan,nan,1
late,cage,5,3,resnet,False,solarisation,lr,1e-05,0.0001,32,8,0.2108,1.2311,0.8280,0.8333,0.6531,nan,nan,nan,nan,1
late,cage,5,3,resnet,False,solarisation,lr,1e-05,0.0001,32,9,0.1633,1.4631,0.9304,0.8333,0.6653,1.9939,1.2782,0.7750,0.3871,1
late,cage,5,3,resnet,False,solarisation,lr,1e-05,0.0001,32,10,0.1245,1.3020,0.8873,0.8333,0.5959,nan,nan,nan,nan,0
late,cage,5,3,resnet,False,solarisation,lr,1e-05,0.0001,32,11,0.1011,1.2091,0.8651,0.8333,0.6082,nan,nan,nan,nan,0
late,cage,5,3,resnet,False,solarisation,lr,1e-05,0.0001,32,12,0.0812,1.4671,0.9698,0.8333,0.6163,nan,nan,nan,nan,0
late,cage,5,3,resnet,False,solarisation,lr,1e-05,0.0001,32,13,0.0705,1.3262,0.9194,0.8333,0.6000,nan,nan,nan,nan,0
late,cage,5,3,resnet,False,solarisation,lr,1e-05,0.0001,32,14,0.0622,1.1562,0.8881,0.8333,0.5878,nan,nan,nan,nan,0
late,cage,5,3,resnet,False,solarisation,lr,1e-05,0.0001,32,15,0.0567,1.4017,0.9800,0.8333,0.5959,nan,nan,nan,nan,0
late,cage,5,3,resnet,False,solarisation,lr,1e-05,0.0001,32,16,0.0492,1.7116,1.1011,0.8333,0.6327,nan,nan,nan,nan,0
late,cage,5,4,resnet,False,solarisation,lr,1e-05,0.0001,32,1,0.6886,0.6787,0.6709,0.8140,0.8036,nan,nan,nan,nan,0
late,cage,5,4,resnet,False,solarisation,lr,1e-05,0.0001,32,2,0.6771,0.7325,0.6624,0.8140,0.6357,nan,nan,nan,nan,0
late,cage,5,4,resnet,False,solarisation,lr,1e-05,0.0001,32,3,0.6594,0.7203,0.6581,0.8140,0.8071,nan,nan,nan,nan,0
late,cage,5,4,resnet,False,solarisation,lr,1e-05,0.0001,32,4,0.6130,0.6666,0.7053,0.6512,0.7000,nan,nan,nan,nan,0
late,cage,5,4,resnet,False,solarisation,lr,1e-05,0.0001,32,5,0.4914,1.3180,1.0611,0.8140,0.5750,1.6328,1.1065,0.7750,0.3011,1
late,cage,5,4,resnet,False,solarisation,lr,1e-05,0.0001,32,6,0.3376,1.5346,1.2315,0.8140,0.5357,nan,nan,nan,nan,0
late,cage,5,4,resnet,False,solarisation,lr,1e-05,0.0001,32,7,0.2309,0.8050,0.9601,0.7442,0.5857,nan,nan,nan,nan,0
late,cage,5,4,resnet,False,solarisation,lr,1e-05,0.0001,32,8,0.1625,1.3655,1.1744,0.7907,0.5429,nan,nan,nan,nan,0
late,cage,5,4,resnet,False,solarisation,lr,1e-05,0.0001,32,9,0.1201,1.0477,1.1170,0.7907,0.5393,nan,nan,nan,nan,0
late,cage,5,4,resnet,False,solarisation,lr,1e-05,0.0001,32,10,0.0902,1.2300,1.2145,0.7907,0.5214,nan,nan,nan,nan,0
late,cage,5,4,resnet,False,solarisation,lr,1e-05,0.0001,32,11,0.0699,1.4131,1.2693,0.7907,0.5179,nan,nan,nan,nan,0
late,cage,5,4,resnet,False,solarisation,lr,1e-05,0.0001,32,12,0.0583,1.6947,1.4179,0.8140,0.5143,nan,nan,nan,nan,0
late,cage,5,4,resnet,False,solarisation,lr,1e-05,0.0001,32,13,0.0495,1.4220,1.3335,0.7907,0.5179,nan,nan,nan,nan,0
late,cage,5,4,resnet,False,solarisation,lr,1e-05,0.0001,32,14,0.0374,2.1485,1.7073,0.8140,0.5036,nan,nan,nan,nan,0
late,cage,5,4,resnet,False,solarisation,lr,1e-05,0.0001,32,15,0.0377,1.1913,1.3470,0.7907,0.5036,nan,nan,nan,nan,0
late,cage,5,4,resnet,False,solarisation,lr,1e-05,0.0001,32,16,0.0282,1.9094,1.6119,0.7907,0.5000,nan,nan,nan,nan,0
late,cage,5,6,resnet,False,solarisation,lr,1e-05,0.0001,32,1,0.6993,0.7005,0.6887,0.7805,0.2143,nan,nan,nan,nan,0
late,cage,5,6,resnet,False,solarisation,lr,1e-05,0.0001,32,2,0.6901,0.7012,0.6594,0.8537,0.2619,nan,nan,nan,nan,0
late,cage,5,6,resnet,False,solarisation,lr,1e-05,0.0001,32,3,0.6732,0.6919,0.6546,0.8293,0.4667,nan,nan,nan,nan,0
late,cage,5,6,resnet,False,solarisation,lr,1e-05,0.0001,32,4,0.6286,0.6909,0.7168,0.4146,0.6000,nan,nan,nan,nan,0
late,cage,5,6,resnet,False,solarisation,lr,1e-05,0.0001,32,5,0.5390,0.7221,0.6440,0.8537,0.5476,nan,nan,nan,nan,1
late,cage,5,6,resnet,False,solarisation,lr,1e-05,0.0001,32,6,0.4213,0.7315,0.6721,0.8537,0.4857,nan,nan,nan,nan,1
late,cage,5,6,resnet,False,solarisation,lr,1e-05,0.0001,32,7,0.3315,0.8042,0.7165,0.8537,0.5000,nan,nan,nan,nan,1
late,cage,5,6,resnet,False,solarisation,lr,1e-05,0.0001,32,8,0.2543,0.9645,0.7412,0.8537,0.5190,nan,nan,nan,nan,1
late,cage,5,6,resnet,False,solarisation,lr,1e-05,0.0001,32,9,0.1962,1.0603,0.7823,0.8537,0.5286,nan,nan,nan,nan,0
late,cage,5,6,resnet,False,solarisation,lr,1e-05,0.0001,32,10,0.1594,1.2256,0.8790,0.8537,0.5000,nan,nan,nan,nan,0
late,cage,5,6,resnet,False,solarisation,lr,1e-05,0.0001,32,11,0.1274,1.0816,0.7972,0.8537,0.5667,nan,nan,nan,nan,0
late,cage,5,6,resnet,False,solarisation,lr,1e-05,0.0001,32,12,0.1072,1.1612,0.8463,0.8537,0.5381,nan,nan,nan,nan,0
late,cage,5,6,resnet,False,solarisation,lr,1e-05,0.0001,32,13,0.0858,0.9851,0.7790,0.8537,0.5952,nan,nan,nan,nan,1
late,cage,5,6,resnet,False,solarisation,lr,1e-05,0.0001,32,14,0.0763,1.2222,0.8668,0.8537,0.5381,nan,nan,nan,nan,0
late,cage,5,6,resnet,False,solarisation,lr,1e-05,0.0001,32,15,0.0631,1.2382,0.8985,0.8537,0.5571,nan,nan,nan,nan,1
late,cage,5,6,resnet,False,solarisation,lr,1e-05,0.0001,32,16,0.0540,1.1543,0.9085,0.8537,0.6143,nan,nan,nan,nan,1
late,cage,5,6,resnet,False,solarisation,lr,1e-05,0.0001,32,17,0.0450,1.3753,0.9647,0.8537,0.5762,nan,nan,nan,nan,1
late,cage,5,6,resnet,False,solarisation,lr,1e-05,0.0001,32,18,0.0379,1.5978,1.0750,0.8537,0.5810,nan,nan,nan,nan,0
late,cage,5,6,resnet,False,solarisation,lr,1e-05,0.0001,32,19,0.0363,1.5499,1.0762,0.8537,0.5619,nan,nan,nan,nan,0
late,cage,5,6,resnet,False,solarisation,lr,1e-05,0.0001,32,20,0.0393,1.5281,1.0927,0.8537,0.6190,nan,nan,nan,nan,1
late,cage,5,6,resnet,False,solarisation,lr,1e-05,0.0001,32,21,0.0311,1.4658,1.0198,0.8537,0.6381,nan,nan,nan,nan,0
late,cage,5,6,resnet,False,solarisation,lr,1e-05,0.0001,32,22,0.0272,1.5535,1.0899,0.8537,0.6429,nan,nan,nan,nan,1
late,cage,5,6,resnet,False,solarisation,lr,1e-05,0.0001,32,23,0.0294,1.6451,1.1286,0.8537,0.5762,nan,nan,nan,nan,0
late,cage,5,6,resnet,False,solarisation,lr,1e-05,0.0001,32,24,0.0287,1.2250,0.9729,0.8537,0.6333,1.5712,1.1481,0.7750,0.5699,1
late,cage,5,6,resnet,False,solarisation,lr,1e-05,0.0001,32,25,0.0319,1.9705,1.3064,0.8537,0.5524,nan,nan,nan,nan,0
late,cage,5,6,resnet,False,solarisation,lr,1e-05,0.0001,32,26,0.0244,1.5880,1.0945,0.8537,0.5571,nan,nan,nan,nan,0
late,cage,5,6,resnet,False,solarisation,lr,1e-05,0.0001,32,27,0.0149,1.7830,1.2262,0.8537,0.5571,nan,nan,nan,nan,0
late,cage,5,6,resnet,False,solarisation,lr,1e-05,0.0001,32,28,0.0150,1.7687,1.2047,0.8537,0.5619,nan,nan,nan,nan,0
late,cage,5,6,resnet,False,solarisation,lr,1e-05,0.0001,32,29,0.0156,1.8643,1.2672,0.8537,0.5952,nan,nan,nan,nan,0
late,cage,5,7,resnet,False,solarisation,lr,1e-05,0.0001,32,1,0.6930,0.7081,0.6870,0.6818,0.3542,nan,nan,nan,nan,0
late,cage,5,7,resnet,False,solarisation,lr,1e-05,0.0001,32,2,0.6815,0.7175,0.6610,0.8182,0.4028,nan,nan,nan,nan,0
late,cage,5,7,resnet,False,solarisation,lr,1e-05,0.0001,32,3,0.6662,0.7157,0.6771,0.6818,0.4132,nan,nan,nan,nan,0
late,cage,5,7,resnet,False,solarisation,lr,1e-05,0.0001,32,4,0.6263,0.7561,0.6248,0.8182,0.5278,nan,nan,nan,nan,0
late,cage,5,7,resnet,False,solarisation,lr,1e-05,0.0001,32,5,0.5333,1.0070,0.6485,0.8182,0.6632,nan,nan,nan,nan,1
late,cage,5,7,resnet,False,solarisation,lr,1e-05,0.0001,32,6,0.3979,1.0489,0.6914,0.8182,0.6354,nan,nan,nan,nan,1
late,cage,5,7,resnet,False,solarisation,lr,1e-05,0.0001,32,7,0.2781,0.8114,0.6757,0.8182,0.6840,nan,nan,nan,nan,1
late,cage,5,7,resnet,False,solarisation,lr,1e-05,0.0001,32,8,0.2006,1.1684,0.7709,0.8182,0.6771,nan,nan,nan,nan,1
late,cage,5,7,resnet,False,solarisation,lr,1e-05,0.0001,32,9,0.1466,1.1899,0.7756,0.8182,0.6771,nan,nan,nan,nan,1
late,cage,5,7,resnet,False,solarisation,lr,1e-05,0.0001,32,10,0.1112,1.5911,0.9229,0.8182,0.6632,nan,nan,nan,nan,0
late,cage,5,7,resnet,False,solarisation,lr,1e-05,0.0001,32,11,0.0864,1.6463,0.9517,0.8182,0.6562,nan,nan,nan,nan,0
late,cage,5,7,resnet,False,solarisation,lr,1e-05,0.0001,32,12,0.0668,1.8108,1.0224,0.8182,0.6944,nan,nan,nan,nan,1
late,cage,5,7,resnet,False,solarisation,lr,1e-05,0.0001,32,13,0.0604,1.9321,1.1049,0.8182,0.6771,nan,nan,nan,nan,0
late,cage,5,7,resnet,False,solarisation,lr,1e-05,0.0001,32,14,0.0502,1.3742,0.9000,0.8182,0.7014,nan,nan,nan,nan,0
late,cage,5,7,resnet,False,solarisation,lr,1e-05,0.0001,32,15,0.0406,2.2950,1.2687,0.8182,0.6667,2.7734,1.7967,0.7750,0.4875,1
late,cage,5,7,resnet,False,solarisation,lr,1e-05,0.0001,32,16,0.0343,1.9677,1.1236,0.8182,0.6354,nan,nan,nan,nan,0
late,cage,5,7,resnet,False,solarisation,lr,1e-05,0.0001,32,17,0.0308,1.8858,1.0986,0.8182,0.6632,nan,nan,nan,nan,0
late,cage,5,7,resnet,False,solarisation,lr,1e-05,0.0001,32,18,0.0302,1.9486,1.1500,0.8182,0.6493,nan,nan,nan,nan,0
late,cage,5,7,resnet,False,solarisation,lr,1e-05,0.0001,32,19,0.0382,2.6758,1.4701,0.8182,0.6875,nan,nan,nan,nan,0
late,cage,5,7,resnet,False,solarisation,lr,1e-05,0.0001,32,20,0.0312,2.3509,1.3085,0.8182,0.6910,nan,nan,nan,nan,0
late,cage,5,8,resnet,False,solarisation,lr,1e-05,0.0001,32,1,0.6985,0.6977,0.6602,0.8298,0.4327,nan,nan,nan,nan,0
late,cage,5,8,resnet,False,solarisation,lr,1e-05,0.0001,32,2,0.6731,0.7073,0.6260,0.8298,0.4712,nan,nan,nan,nan,0
late,cage,5,8,resnet,False,solarisation,lr,1e-05,0.0001,32,3,0.6421,0.7371,0.6010,0.8298,0.5096,nan,nan,nan,nan,0
late,cage,5,8,resnet,False,solarisation,lr,1e-05,0.0001,32,4,0.5680,0.9626,0.6442,0.8298,0.5609,nan,nan,nan,nan,0
late,cage,5,8,resnet,False,solarisation,lr,1e-05,0.0001,32,5,0.4244,1.3754,0.8077,0.8298,0.4679,nan,nan,nan,nan,1
late,cage,5,8,resnet,False,solarisation,lr,1e-05,0.0001,32,6,0.2755,1.5000,0.8882,0.8298,0.4776,1.5505,1.1041,0.7750,0.5627,1
late,cage,5,8,resnet,False,solarisation,lr,1e-05,0.0001,32,7,0.1754,0.8747,0.8996,0.7660,0.4103,nan,nan,nan,nan,0
late,cage,5,8,resnet,False,solarisation,lr,1e-05,0.0001,32,8,0.1147,1.9661,1.0949,0.8298,0.4968,nan,nan,nan,nan,0
late,cage,5,8,resnet,False,solarisation,lr,1e-05,0.0001,32,9,0.0716,1.6835,1.0104,0.8298,0.4936,nan,nan,nan,nan,0
late,cage,5,8,resnet,False,solarisation,lr,1e-05,0.0001,32,10,0.0600,2.2693,1.2311,0.8298,0.4776,nan,nan,nan,nan,0
late,cage,5,8,resnet,False,solarisation,lr,1e-05,0.0001,32,11,0.0434,1.9408,1.1189,0.8298,0.4679,nan,nan,nan,nan,0
late,cage,5,8,resnet,False,solarisation,lr,1e-05,0.0001,32,12,0.0345,2.5072,1.3338,0.8298,0.4487,nan,nan,nan,nan,0
late,cage,5,8,resnet,False,solarisation,lr,1e-05,0.0001,32,13,0.0278,1.7022,1.0852,0.8298,0.4615,nan,nan,nan,nan,0
late,cage,5,8,resnet,False,solarisation,lr,1e-05,0.0001,32,14,0.0246,1.8537,1.1311,0.8298,0.4744,nan,nan,nan,nan,0
late,cage,5,8,resnet,False,solarisation,lr,1e-05,0.0001,32,15,0.0182,1.5440,1.0737,0.8298,0.4455,nan,nan,nan,nan,0
late,cage,5,8,resnet,False,solarisation,lr,1e-05,0.0001,32,16,0.0167,2.3943,1.3257,0.8298,0.4872,nan,nan,nan,nan,0
late,cage,5,9,resnet,False,solarisation,lr,1e-05,0.0001,32,1,0.6954,0.7352,0.6574,0.7857,0.4209,nan,nan,nan,nan,0
late,cage,5,9,resnet,False,solarisation,lr,1e-05,0.0001,32,2,0.6647,0.7278,0.6425,0.7857,0.6229,nan,nan,nan,nan,0
late,cage,5,9,resnet,False,solarisation,lr,1e-05,0.0001,32,3,0.6196,0.8828,0.6474,0.7857,0.5286,nan,nan,nan,nan,0
late,cage,5,9,resnet,False,solarisation,lr,1e-05,0.0001,32,4,0.5280,0.9900,0.7075,0.7857,0.5152,nan,nan,nan,nan,0
late,cage,5,9,resnet,False,solarisation,lr,1e-05,0.0001,32,5,0.3926,1.5640,0.9564,0.7857,0.4141,nan,nan,nan,nan,1
late,cage,5,9,resnet,False,solarisation,lr,1e-05,0.0001,32,6,0.2374,1.9414,1.1336,0.7857,0.5320,nan,nan,nan,nan,1
late,cage,5,9,resnet,False,solarisation,lr,1e-05,0.0001,32,7,0.1418,1.7491,1.0970,0.7857,0.4949,nan,nan,nan,nan,0
late,cage,5,9,resnet,False,solarisation,lr,1e-05,0.0001,32,8,0.0890,2.8873,1.5587,0.7857,0.5219,nan,nan,nan,nan,0
late,cage,5,9,resnet,False,solarisation,lr,1e-05,0.0001,32,9,0.0584,2.3913,1.3523,0.7857,0.5354,nan,nan,nan,nan,0
late,cage,5,9,resnet,False,solarisation,lr,1e-05,0.0001,32,10,0.0380,3.1732,1.7121,0.7857,0.5051,nan,nan,nan,nan,0
late,cage,5,9,resnet,False,solarisation,lr,1e-05,0.0001,32,11,0.0257,2.8994,1.5893,0.7857,0.5118,nan,nan,nan,nan,0
late,cage,5,9,resnet,False,solarisation,lr,1e-05,0.0001,32,12,0.0227,2.8994,1.6076,0.7857,0.5623,nan,nan,nan,nan,0
late,cage,5,9,resnet,False,solarisation,lr,1e-05,0.0001,32,13,0.0222,3.7891,2.0455,0.7857,0.6128,nan,nan,nan,nan,1
late,cage,5,9,resnet,False,solarisation,lr,1e-05,0.0001,32,14,0.0200,4.7883,2.5793,0.7857,0.5354,nan,nan,nan,nan,0
late,cage,5,9,resnet,False,solarisation,lr,1e-05,0.0001,32,15,0.0231,3.1017,1.7097,0.7857,0.5589,nan,nan,nan,nan,1
late,cage,5,9,resnet,False,solarisation,lr,1e-05,0.0001,32,16,0.0135,3.3261,1.8108,0.7857,0.5589,3.4970,2.2534,0.7750,0.4373,1
late,cage,5,9,resnet,False,solarisation,lr,1e-05,0.0001,32,17,0.0108,3.3014,1.8152,0.7857,0.5657,nan,nan,nan,nan,0
late,cage,5,9,resnet,False,solarisation,lr,1e-05,0.0001,32,18,0.0082,3.5152,1.9010,0.7857,0.5017,nan,nan,nan,nan,0
late,cage,5,9,resnet,False,solarisation,lr,1e-05,0.0001,32,19,0.0081,4.1793,2.2344,0.7857,0.5084,nan,nan,nan,nan,0
late,cage,5,9,resnet,False,solarisation,lr,1e-05,0.0001,32,20,0.0069,4.4209,2.3588,0.7857,0.5118,nan,nan,nan,nan,0
late,cage,5,9,resnet,False,solarisation,lr,1e-05,0.0001,32,21,0.0064,3.1532,1.7563,0.7857,0.5387,nan,nan,nan,nan,0
late,cage,6,0,resnet,False,solarisation,lr,1e-05,0.0001,32,1,0.6928,0.7015,0.7195,0.1395,0.3849,nan,nan,nan,nan,0
late,cage,6,0,resnet,False,solarisation,lr,1e-05,0.0001,32,2,0.6741,0.6973,0.6889,0.7442,0.4524,nan,nan,nan,nan,0
late,cage,6,0,resnet,False,solarisation,lr,1e-05,0.0001,32,3,0.6520,0.7064,0.6880,0.7209,0.3889,nan,nan,nan,nan,0
late,cage,6,0,resnet,False,solarisation,lr,1e-05,0.0001,32,4,0.6099,0.7577,0.6837,0.8372,0.3373,nan,nan,nan,nan,0
late,cage,6,0,resnet,False,solarisation,lr,1e-05,0.0001,32,5,0.5182,0.8196,0.7650,0.8140,0.4405,nan,nan,nan,nan,1
late,cage,6,0,resnet,False,solarisation,lr,1e-05,0.0001,32,6,0.3718,0.8673,1.1502,0.1628,0.4405,nan,nan,nan,nan,1
late,cage,6,0,resnet,False,solarisation,lr,1e-05,0.0001,32,7,0.2562,1.2142,0.9837,0.8372,0.4802,nan,nan,nan,nan,1
late,cage,6,0,resnet,False,solarisation,lr,1e-05,0.0001,32,8,0.1713,1.1280,0.9872,0.8372,0.4167,nan,nan,nan,nan,1
late,cage,6,0,resnet,False,solarisation,lr,1e-05,0.0001,32,9,0.1105,1.3453,1.0681,0.8372,0.4444,nan,nan,nan,nan,1
late,cage,6,0,resnet,False,solarisation,lr,1e-05,0.0001,32,10,0.0734,0.8536,1.0884,0.6047,0.4802,nan,nan,nan,nan,1
late,cage,6,0,resnet,False,solarisation,lr,1e-05,0.0001,32,11,0.0567,0.9855,1.0233,0.8140,0.4563,nan,nan,nan,nan,0
late,cage,6,0,resnet,False,solarisation,lr,1e-05,0.0001,32,12,0.0462,0.8689,1.2744,0.3023,0.4683,nan,nan,nan,nan,0
late,cage,6,0,resnet,False,solarisation,lr,1e-05,0.0001,32,13,0.0439,0.8482,1.0718,0.7209,0.5675,nan,nan,nan,nan,1
late,cage,6,0,resnet,False,solarisation,lr,1e-05,0.0001,32,14,0.0340,1.5484,1.1873,0.8372,0.5556,nan,nan,nan,nan,1
late,cage,6,0,resnet,False,solarisation,lr,1e-05,0.0001,32,15,0.0346,0.9649,1.0805,0.7907,0.5556,nan,nan,nan,nan,1
late,cage,6,0,resnet,False,solarisation,lr,1e-05,0.0001,32,16,0.0236,1.0097,1.1523,0.7674,0.5040,nan,nan,nan,nan,1
late,cage,6,0,resnet,False,solarisation,lr,1e-05,0.0001,32,17,0.0175,0.8303,1.2508,0.5581,0.5437,nan,nan,nan,nan,1
late,cage,6,0,resnet,False,solarisation,lr,1e-05,0.0001,32,18,0.0144,1.3583,1.1620,0.8372,0.5476,nan,nan,nan,nan,0
late,cage,6,0,resnet,False,solarisation,lr,1e-05,0.0001,32,19,0.0127,1.3099,1.1730,0.8372,0.5198,nan,nan,nan,nan,0
late,cage,6,0,resnet,False,solarisation,lr,1e-05,0.0001,32,20,0.0109,1.1183,1.1368,0.8140,0.5913,nan,nan,nan,nan,0
late,cage,6,0,resnet,False,solarisation,lr,1e-05,0.0001,32,21,0.0134,1.8104,1.3638,0.8372,0.5317,nan,nan,nan,nan,0
late,cage,6,0,resnet,False,solarisation,lr,1e-05,0.0001,32,22,0.0103,1.2729,1.2050,0.8372,0.5833,nan,nan,nan,nan,1
late,cage,6,0,resnet,False,solarisation,lr,1e-05,0.0001,32,23,0.0087,1.1338,1.2175,0.8372,0.5754,0.9754,1.1635,0.8293,0.5714,1
late,cage,6,0,resnet,False,solarisation,lr,1e-05,0.0001,32,24,0.0176,1.1728,1.2217,0.8372,0.5040,nan,nan,nan,nan,0
late,cage,6,0,resnet,False,solarisation,lr,1e-05,0.0001,32,25,0.0689,2.5722,1.7631,0.8372,0.4643,nan,nan,nan,nan,0
late,cage,6,0,resnet,False,solarisation,lr,1e-05,0.0001,32,26,0.0305,1.3465,1.3054,0.8372,0.5714,nan,nan,nan,nan,0
late,cage,6,0,resnet,False,solarisation,lr,1e-05,0.0001,32,27,0.0151,1.7437,1.4143,0.8372,0.5595,nan,nan,nan,nan,0
late,cage,6,0,resnet,False,solarisation,lr,1e-05,0.0001,32,28,0.0078,1.2460,1.2886,0.8372,0.5714,nan,nan,nan,nan,0
late,cage,6,1,resnet,False,solarisation,lr,1e-05,0.0001,32,1,0.7011,0.6936,0.6639,0.8372,0.4802,nan,nan,nan,nan,0
late,cage,6,1,resnet,False,solarisation,lr,1e-05,0.0001,32,2,0.6815,0.6906,0.6984,0.4651,0.5556,nan,nan,nan,nan,0
late,cage,6,1,resnet,False,solarisation,lr,1e-05,0.0001,32,3,0.6654,0.6883,0.6382,0.8372,0.5952,nan,nan,nan,nan,0
late,cage,6,1,resnet,False,solarisation,lr,1e-05,0.0001,32,4,0.6215,0.7607,0.6090,0.8372,0.4921,nan,nan,nan,nan,0
late,cage,6,1,resnet,False,solarisation,lr,1e-05,0.0001,32,5,0.5103,0.7170,0.6553,0.8372,0.6111,nan,nan,nan,nan,1
late,cage,6,1,resnet,False,solarisation,lr,1e-05,0.0001,32,6,0.3410,0.7988,1.2015,0.3023,0.5159,0.9257,1.2023,0.1951,0.2143,1
late,cage,6,1,resnet,False,solarisation,lr,1e-05,0.0001,32,7,0.2337,1.0022,0.7863,0.8372,0.4841,nan,nan,nan,nan,0
late,cage,6,1,resnet,False,solarisation,lr,1e-05,0.0001,32,8,0.1615,0.7461,0.9210,0.6512,0.5556,nan,nan,nan,nan,0
late,cage,6,1,resnet,False,solarisation,lr,1e-05,0.0001,32,9,0.1178,0.7292,0.9383,0.6744,0.5556,nan,nan,nan,nan,0
late,cage,6,1,resnet,False,solarisation,lr,1e-05,0.0001,32,10,0.0926,0.8354,0.9190,0.7442,0.5040,nan,nan,nan,nan,0
late,cage,6,1,resnet,False,solarisation,lr,1e-05,0.0001,32,11,0.0722,0.7653,1.0031,0.6512,0.4563,nan,nan,nan,nan,0
late,cage,6,1,resnet,False,solarisation,lr,1e-05,0.0001,32,12,0.0567,1.1329,0.9745,0.8372,0.4960,nan,nan,nan,nan,0
late,cage,6,1,resnet,False,solarisation,lr,1e-05,0.0001,32,13,0.0460,0.8435,1.0133,0.7209,0.5397,nan,nan,nan,nan,0
late,cage,6,1,resnet,False,solarisation,lr,1e-05,0.0001,32,14,0.0373,0.8251,1.0400,0.6977,0.5238,nan,nan,nan,nan,0
late,cage,6,1,resnet,False,solarisation,lr,1e-05,0.0001,32,15,0.0297,0.8037,1.2479,0.6512,0.5397,nan,nan,nan,nan,0
late,cage,6,1,resnet,False,solarisation,lr,1e-05,0.0001,32,16,0.0256,0.8821,1.0505,0.6512,0.5040,nan,nan,nan,nan,0
late,cage,6,2,resnet,False,solarisation,lr,1e-05,0.0001,32,1,0.6939,0.7033,0.7329,0.1905,0.2390,nan,nan,nan,nan,0
late,cage,6,2,resnet,False,solarisation,lr,1e-05,0.0001,32,2,0.6816,0.7062,0.7485,0.2143,0.2500,nan,nan,nan,nan,0
late,cage,6,2,resnet,False,solarisation,lr,1e-05,0.0001,32,3,0.6633,0.6984,0.7773,0.1905,0.4890,nan,nan,nan,nan,0
late,cage,6,2,resnet,False,solarisation,lr,1e-05,0.0001,32,4,0.6167,0.6952,0.7653,0.3810,0.5074,nan,nan,nan,nan,0
late,cage,6,2,resnet,False,solarisation,lr,1e-05,0.0001,32,5,0.5118,0.7030,0.8067,0.5000,0.5294,nan,nan,nan,nan,1
late,cage,6,2,resnet,False,solarisation,lr,1e-05,0.0001,32,6,0.3662,0.7660,0.7860,0.7381,0.5404,nan,nan,nan,nan,1
late,cage,6,2,resnet,False,solarisation,lr,1e-05,0.0001,32,7,0.2563,0.7043,0.9135,0.6429,0.5993,nan,nan,nan,nan,1
late,cage,6,2,resnet,False,solarisation,lr,1e-05,0.0001,32,8,0.1799,0.7664,0.8693,0.6905,0.6103,nan,nan,nan,nan,1
late,cage,6,2,resnet,False,solarisation,lr,1e-05,0.0001,32,9,0.1214,0.8629,0.8742,0.7619,0.6066,nan,nan,nan,nan,1
late,cage,6,2,resnet,False,solarisation,lr,1e-05,0.0001,32,10,0.1022,0.8017,0.9242,0.6905,0.6213,nan,nan,nan,nan,1
late,cage,6,2,resnet,False,solarisation,lr,1e-05,0.0001,32,11,0.0774,0.9663,0.9506,0.7619,0.5772,1.0093,1.0032,0.8049,0.4333,1
late,cage,6,2,resnet,False,solarisation,lr,1e-05,0.0001,32,12,0.0618,0.7604,1.2525,0.4286,0.5404,nan,nan,nan,nan,0
late,cage,6,2,resnet,False,solarisation,lr,1e-05,0.0001,32,13,0.0514,1.0813,0.9692,0.7857,0.6103,nan,nan,nan,nan,0
late,cage,6,2,resnet,False,solarisation,lr,1e-05,0.0001,32,14,0.0493,0.8122,1.0137,0.6667,0.6250,nan,nan,nan,nan,0
late,cage,6,2,resnet,False,solarisation,lr,1e-05,0.0001,32,15,0.0392,0.9604,1.0066,0.7381,0.5662,nan,nan,nan,nan,0
late,cage,6,2,resnet,False,solarisation,lr,1e-05,0.0001,32,16,0.0302,0.9778,1.0746,0.7619,0.5956,nan,nan,nan,nan,0
late,cage,6,3,resnet,False,solarisation,lr,1e-05,0.0001,32,1,0.6946,0.6960,0.6771,0.8333,0.3102,nan,nan,nan,nan,0
late,cage,6,3,resnet,False,solarisation,lr,1e-05,0.0001,32,2,0.6909,0.6975,0.6926,0.6429,0.3469,nan,nan,nan,nan,0
late,cage,6,3,resnet,False,solarisation,lr,1e-05,0.0001,32,3,0.6830,0.6936,0.6793,0.7143,0.4898,nan,nan,nan,nan,0
late,cage,6,3,resnet,False,solarisation,lr,1e-05,0.0001,32,4,0.6544,0.6898,0.6538,0.7143,0.5673,nan,nan,nan,nan,0
late,cage,6,3,resnet,False,solarisation,lr,1e-05,0.0001,32,5,0.5884,0.7153,0.5888,0.8333,0.6612,nan,nan,nan,nan,1
late,cage,6,3,resnet,False,solarisation,lr,1e-05,0.0001,32,6,0.5099,0.6654,0.6492,0.7381,0.6408,nan,nan,nan,nan,1
late,cage,6,3,resnet,False,solarisation,lr,1e-05,0.0001,32,7,0.4273,0.6865,0.5982,0.8333,0.7306,nan,nan,nan,nan,1
late,cage,6,3,resnet,False,solarisation,lr,1e-05,0.0001,32,8,0.3550,0.6848,0.5972,0.8333,0.7306,nan,nan,nan,nan,1
late,cage,6,3,resnet,False,solarisation,lr,1e-05,0.0001,32,9,0.2918,0.7003,0.6069,0.8333,0.6980,nan,nan,nan,nan,1
late,cage,6,3,resnet,False,solarisation,lr,1e-05,0.0001,32,10,0.2421,0.8484,0.6127,0.8333,0.7388,nan,nan,nan,nan,1
late,cage,6,3,resnet,False,solarisation,lr,1e-05,0.0001,32,11,0.2026,0.7162,0.6122,0.8333,0.7551,nan,nan,nan,nan,1
late,cage,6,3,resnet,False,solarisation,lr,1e-05,0.0001,32,12,0.1676,0.7421,0.6421,0.8333,0.7347,nan,nan,nan,nan,0
late,cage,6,3,resnet,False,solarisation,lr,1e-05,0.0001,32,13,0.1424,0.9337,0.6779,0.8333,0.7551,nan,nan,nan,nan,1
late,cage,6,3,resnet,False,solarisation,lr,1e-05,0.0001,32,14,0.1271,0.8871,0.6717,0.8333,0.7592,nan,nan,nan,nan,1
late,cage,6,3,resnet,False,solarisation,lr,1e-05,0.0001,32,15,0.1003,0.9645,0.7054,0.8333,0.7755,nan,nan,nan,nan,1
late,cage,6,3,resnet,False,solarisation,lr,1e-05,0.0001,32,16,0.0836,0.9336,0.7209,0.8333,0.7714,nan,nan,nan,nan,0
late,cage,6,3,resnet,False,solarisation,lr,1e-05,0.0001,32,17,0.0750,0.7933,0.7332,0.8333,0.7837,nan,nan,nan,nan,1
late,cage,6,3,resnet,False,solarisation,lr,1e-05,0.0001,32,18,0.0592,0.9152,0.7480,0.8333,0.7755,nan,nan,nan,nan,0
late,cage,6,3,resnet,False,solarisation,lr,1e-05,0.0001,32,19,0.0522,0.9768,0.7674,0.8333,0.7755,1.0382,0.8354,0.8537,0.5810,1
late,cage,6,3,resnet,False,solarisation,lr,1e-05,0.0001,32,20,0.0468,1.0327,0.7889,0.8333,0.7837,nan,nan,nan,nan,0
late,cage,6,3,resnet,False,solarisation,lr,1e-05,0.0001,32,21,0.0398,1.0358,0.8183,0.8333,0.7796,nan,nan,nan,nan,0
late,cage,6,3,resnet,False,solarisation,lr,1e-05,0.0001,32,22,0.0343,1.0330,0.8392,0.8333,0.7796,nan,nan,nan,nan,0
late,cage,6,3,resnet,False,solarisation,lr,1e-05,0.0001,32,23,0.0328,0.9986,0.8634,0.8333,0.7551,nan,nan,nan,nan,0
late,cage,6,3,resnet,False,solarisation,lr,1e-05,0.0001,32,24,0.0283,1.1797,0.8799,0.8333,0.7673,nan,nan,nan,nan,0
late,cage,6,4,resnet,False,solarisation,lr,1e-05,0.0001,32,1,0.6930,0.6990,0.6885,0.8140,0.3321,nan,nan,nan,nan,0
late,cage,6,4,resnet,False,solarisation,lr,1e-05,0.0001,32,2,0.6893,0.6997,0.6830,0.8140,0.4143,nan,nan,nan,nan,0
late,cage,6,4,resnet,False,solarisation,lr,1e-05,0.0001,32,3,0.6833,0.6955,0.6770,0.7907,0.6071,nan,nan,nan,nan,0
late,cage,6,4,resnet,False,solarisation,lr,1e-05,0.0001,32,4,0.6619,0.6944,0.6632,0.8140,0.7357,nan,nan,nan,nan,0
late,cage,6,4,resnet,False,solarisation,lr,1e-05,0.0001,32,5,0.6033,0.6986,0.6791,0.7674,0.6536,nan,nan,nan,nan,1
late,cage,6,4,resnet,False,solarisation,lr,1e-05,0.0001,32,6,0.5182,0.6860,0.7052,0.6744,0.6036,nan,nan,nan,nan,1
late,cage,6,4,resnet,False,solarisation,lr,1e-05,0.0001,32,7,0.4213,0.7372,0.7162,0.8140,0.4929,0.6820,0.6285,0.8537,0.6190,1
late,cage,6,4,resnet,False,solarisation,lr,1e-05,0.0001,32,8,0.3419,0.7879,0.7505,0.8140,0.3679,nan,nan,nan,nan,0
late,cage,6,4,resnet,False,solarisation,lr,1e-05,0.0001,32,9,0.2747,0.7650,0.7611,0.7907,0.4464,nan,nan,nan,nan,0
late,cage,6,4,resnet,False,solarisation,lr,1e-05,0.0001,32,10,0.2205,0.9288,0.8207,0.8140,0.4571,nan,nan,nan,nan,0
late,cage,6,4,resnet,False,solarisation,lr,1e-05,0.0001,32,11,0.1799,0.9277,0.8560,0.8140,0.4393,nan,nan,nan,nan,0
late,cage,6,4,resnet,False,solarisation,lr,1e-05,0.0001,32,12,0.1554,0.9308,0.8676,0.8140,0.4464,nan,nan,nan,nan,0
late,cage,6,4,resnet,False,solarisation,lr,1e-05,0.0001,32,13,0.1261,1.0899,0.9567,0.8140,0.4500,nan,nan,nan,nan,0
late,cage,6,4,resnet,False,solarisation,lr,1e-05,0.0001,32,14,0.1115,1.0845,0.9754,0.8140,0.4536,nan,nan,nan,nan,0
late,cage,6,4,resnet,False,solarisation,lr,1e-05,0.0001,32,15,0.0946,1.1713,1.0211,0.8140,0.4357,nan,nan,nan,nan,0
late,cage,6,4,resnet,False,solarisation,lr,1e-05,0.0001,32,16,0.0786,1.3183,1.1107,0.8140,0.4429,nan,nan,nan,nan,0
late,cage,6,5,resnet,False,solarisation,lr,1e-05,0.0001,32,1,0.6920,0.7083,0.6883,0.7500,0.2473,nan,nan,nan,nan,0
late,cage,6,5,resnet,False,solarisation,lr,1e-05,0.0001,32,2,0.6809,0.7290,0.6773,0.7750,0.3405,nan,nan,nan,nan,0
late,cage,6,5,resnet,False,solarisation,lr,1e-05,0.0001,32,3,0.6592,0.8216,0.6765,0.7750,0.3835,nan,nan,nan,nan,0
late,cage,6,5,resnet,False,solarisation,lr,1e-05,0.0001,32,4,0.5938,0.8508,0.7366,0.7500,0.3118,nan,nan,nan,nan,0
late,cage,6,5,resnet,False,solarisation,lr,1e-05,0.0001,32,5,0.4590,1.1768,0.9131,0.7750,0.3047,nan,nan,nan,nan,1
late,cage,6,5,resnet,False,solarisation,lr,1e-05,0.0001,32,6,0.3196,1.1598,0.8972,0.7750,0.4265,0.9672,0.7821,0.8537,0.4714,1
late,cage,6,5,resnet,False,solarisation,lr,1e-05,0.0001,32,7,0.2273,1.2225,0.9710,0.7750,0.3118,nan,nan,nan,nan,0
late,cage,6,5,resnet,False,solarisation,lr,1e-05,0.0001,32,8,0.1660,1.3831,1.0422,0.7750,0.3297,nan,nan,nan,nan,0
late,cage,6,5,resnet,False,solarisation,lr,1e-05,0.0001,32,9,0.1315,1.6619,1.1583,0.7750,0.3262,nan,nan,nan,nan,0
late,cage,6,5,resnet,False,solarisation,lr,1e-05,0.0001,32,10,0.1001,1.7960,1.2342,0.7750,0.3369,nan,nan,nan,nan,0
late,cage,6,5,resnet,False,solarisation,lr,1e-05,0.0001,32,11,0.0775,1.6700,1.1864,0.7750,0.3333,nan,nan,nan,nan,0
late,cage,6,5,resnet,False,solarisation,lr,1e-05,0.0001,32,12,0.0659,1.5348,1.1622,0.7750,0.3190,nan,nan,nan,nan,0
late,cage,6,5,resnet,False,solarisation,lr,1e-05,0.0001,32,13,0.0530,1.9018,1.3131,0.7750,0.3441,nan,nan,nan,nan,0
late,cage,6,5,resnet,False,solarisation,lr,1e-05,0.0001,32,14,0.0442,1.9558,1.3540,0.7750,0.3441,nan,nan,nan,nan,0
late,cage,6,5,resnet,False,solarisation,lr,1e-05,0.0001,32,15,0.0404,1.6387,1.2334,0.7750,0.3262,nan,nan,nan,nan,0
late,cage,6,5,resnet,False,solarisation,lr,1e-05,0.0001,32,16,0.0339,1.8600,1.3101,0.7750,0.3978,nan,nan,nan,nan,0
