fusion,dataset,test_set,dev_set,arch,use_pretrained,augmentation,speech_encoder_arch,lr,wd,batch_size,epoch,train_loss,dev_loss_patient,dev_loss_cough,dev_acc,dev_auc,test_loss_patient,test_loss_cough,test_acc,test_auc,is_best
early,cage,0,1,resnet,True,solarisation,lr,0.0001,0.0001,32,1,0.7226,0.6763,0.6684,0.7907,0.6746,nan,nan,nan,nan,0
early,cage,0,1,resnet,True,solarisation,lr,0.0001,0.0001,32,2,0.6446,0.6947,0.6354,0.7442,0.5556,nan,nan,nan,nan,0
early,cage,0,1,resnet,True,solarisation,lr,0.0001,0.0001,32,3,0.5448,0.7071,0.6316,0.7907,0.5198,nan,nan,nan,nan,0
early,cage,0,1,resnet,True,solarisation,lr,0.0001,0.0001,32,4,0.3876,1.6381,0.9676,0.8372,0.5397,nan,nan,nan,nan,0
early,cage,0,1,resnet,True,solarisation,lr,0.0001,0.0001,32,5,0.2698,1.0451,0.7047,0.8372,0.5992,1.0433,0.7956,0.8372,0.5357,1
early,cage,0,1,resnet,True,solarisation,lr,0.0001,0.0001,32,6,0.1577,1.2357,0.8056,0.8372,0.5476,nan,nan,nan,nan,0
early,cage,0,1,resnet,True,solarisation,lr,0.0001,0.0001,32,7,0.1036,1.3500,0.9831,0.8372,0.5040,nan,nan,nan,nan,0
early,cage,0,1,resnet,True,solarisation,lr,0.0001,0.0001,32,8,0.0837,2.9296,1.6443,0.8372,0.5635,nan,nan,nan,nan,0
early,cage,0,1,resnet,True,solarisation,lr,0.0001,0.0001,32,9,0.0438,2.2206,1.3123,0.8372,0.5079,nan,nan,nan,nan,0
early,cage,0,1,resnet,True,solarisation,lr,0.0001,0.0001,32,10,0.0452,1.7997,1.1129,0.8372,0.5635,nan,nan,nan,nan,0
early,cage,0,1,resnet,True,solarisation,lr,0.0001,0.0001,32,11,0.0607,2.7384,1.6219,0.8372,0.5000,nan,nan,nan,nan,0
early,cage,0,1,resnet,True,solarisation,lr,0.0001,0.0001,32,12,0.0528,1.7700,1.1508,0.8372,0.4683,nan,nan,nan,nan,0
early,cage,0,1,resnet,True,solarisation,lr,0.0001,0.0001,32,13,0.0611,3.6131,2.0047,0.8372,0.5198,nan,nan,nan,nan,0
early,cage,0,1,resnet,True,solarisation,lr,0.0001,0.0001,32,14,0.0360,3.4530,1.9217,0.8372,0.5278,nan,nan,nan,nan,0
early,cage,0,1,resnet,True,solarisation,lr,0.0001,0.0001,32,15,0.0394,1.9036,1.1372,0.8372,0.5754,nan,nan,nan,nan,0
early,cage,0,1,resnet,True,solarisation,lr,0.0001,0.0001,32,16,0.0896,4.8650,2.6905,0.8372,0.5278,nan,nan,nan,nan,0
early,cage,0,2,resnet,True,solarisation,lr,0.0001,0.0001,32,1,0.7102,0.7805,0.7015,0.7619,0.2831,nan,nan,nan,nan,0
early,cage,0,2,resnet,True,solarisation,lr,0.0001,0.0001,32,2,0.6255,0.7481,0.7189,0.6905,0.2132,nan,nan,nan,nan,0
early,cage,0,2,resnet,True,solarisation,lr,0.0001,0.0001,32,3,0.5380,0.7581,0.7464,0.5476,0.3493,nan,nan,nan,nan,0
early,cage,0,2,resnet,True,solarisation,lr,0.0001,0.0001,32,4,0.3940,0.7699,0.7303,0.7619,0.4485,nan,nan,nan,nan,0
early,cage,0,2,resnet,True,solarisation,lr,0.0001,0.0001,32,5,0.2701,0.8877,0.8641,0.5714,0.2243,nan,nan,nan,nan,1
early,cage,0,2,resnet,True,solarisation,lr,0.0001,0.0001,32,6,0.1550,1.5880,1.0443,0.8095,0.3235,nan,nan,nan,nan,1
early,cage,0,2,resnet,True,solarisation,lr,0.0001,0.0001,32,7,0.1505,0.9770,0.8959,0.7381,0.2868,0.6922,0.7412,0.7907,0.6429,1
early,cage,0,2,resnet,True,solarisation,lr,0.0001,0.0001,32,8,0.0901,1.4836,1.1655,0.7381,0.2904,nan,nan,nan,nan,0
early,cage,0,2,resnet,True,solarisation,lr,0.0001,0.0001,32,9,0.0708,1.4984,1.0109,0.8095,0.3382,nan,nan,nan,nan,0
early,cage,0,2,resnet,True,solarisation,lr,0.0001,0.0001,32,10,0.0256,1.8448,1.1788,0.8095,0.2537,nan,nan,nan,nan,0
early,cage,0,2,resnet,True,solarisation,lr,0.0001,0.0001,32,11,0.0343,1.9680,1.3510,0.8095,0.2574,nan,nan,nan,nan,0
early,cage,0,2,resnet,True,solarisation,lr,0.0001,0.0001,32,12,0.0396,3.3094,1.9218,0.8095,0.2316,nan,nan,nan,nan,0
early,cage,0,2,resnet,True,solarisation,lr,0.0001,0.0001,32,13,0.0845,1.3008,1.0541,0.7381,0.2463,nan,nan,nan,nan,0
early,cage,0,2,resnet,True,solarisation,lr,0.0001,0.0001,32,14,0.0498,3.4365,1.9981,0.8095,0.3162,nan,nan,nan,nan,0
early,cage,0,2,resnet,True,solarisation,lr,0.0001,0.0001,32,15,0.0350,4.0468,2.3398,0.8095,0.3382,nan,nan,nan,nan,0
early,cage,0,2,resnet,True,solarisation,lr,0.0001,0.0001,32,16,0.0255,2.7422,1.6871,0.8095,0.4338,nan,nan,nan,nan,0
early,cage,0,3,resnet,True,solarisation,lr,0.0001,0.0001,32,1,0.7159,0.7458,0.6056,0.8333,0.5306,nan,nan,nan,nan,0
early,cage,0,3,resnet,True,solarisation,lr,0.0001,0.0001,32,2,0.6294,0.6850,0.6043,0.8333,0.7102,nan,nan,nan,nan,0
early,cage,0,3,resnet,True,solarisation,lr,0.0001,0.0001,32,3,0.5110,0.8642,0.6382,0.8333,0.6327,nan,nan,nan,nan,0
early,cage,0,3,resnet,True,solarisation,lr,0.0001,0.0001,32,4,0.3806,0.6626,0.6803,0.8333,0.6408,nan,nan,nan,nan,0
early,cage,0,3,resnet,True,solarisation,lr,0.0001,0.0001,32,5,0.2643,0.7850,0.6445,0.8333,0.6816,nan,nan,nan,nan,1
early,cage,0,3,resnet,True,solarisation,lr,0.0001,0.0001,32,6,0.1339,1.6296,1.0467,0.8333,0.7020,nan,nan,nan,nan,1
early,cage,0,3,resnet,True,solarisation,lr,0.0001,0.0001,32,7,0.1310,1.6971,1.0996,0.8333,0.6939,nan,nan,nan,nan,0
early,cage,0,3,resnet,True,solarisation,lr,0.0001,0.0001,32,8,0.0657,2.2364,1.3948,0.8333,0.7265,nan,nan,nan,nan,1
early,cage,0,3,resnet,True,solarisation,lr,0.0001,0.0001,32,9,0.0318,2.3945,1.5178,0.8333,0.7469,2.6053,1.7006,0.8372,0.5952,1
early,cage,0,3,resnet,True,solarisation,lr,0.0001,0.0001,32,10,0.0250,2.8780,1.7810,0.8333,0.6490,nan,nan,nan,nan,0
early,cage,0,3,resnet,True,solarisation,lr,0.0001,0.0001,32,11,0.0883,1.8374,1.2195,0.8333,0.6449,nan,nan,nan,nan,0
early,cage,0,3,resnet,True,solarisation,lr,0.0001,0.0001,32,12,0.0794,2.4846,1.5406,0.8333,0.6776,nan,nan,nan,nan,0
early,cage,0,3,resnet,True,solarisation,lr,0.0001,0.0001,32,13,0.0382,3.9282,2.3334,0.8333,0.6531,nan,nan,nan,nan,0
early,cage,0,3,resnet,True,solarisation,lr,0.0001,0.0001,32,14,0.0301,2.2142,1.4171,0.8333,0.6122,nan,nan,nan,nan,0
early,cage,0,3,resnet,True,solarisation,lr,0.0001,0.0001,32,15,0.0291,1.4483,1.1006,0.8333,0.6531,nan,nan,nan,nan,0
early,cage,0,3,resnet,True,solarisation,lr,0.0001,0.0001,32,16,0.0285,1.6416,1.2549,0.8333,0.6204,nan,nan,nan,nan,0
early,cage,0,4,resnet,True,solarisation,lr,0.0001,0.0001,32,1,0.7299,0.7165,0.6879,0.6279,0.4393,nan,nan,nan,nan,0
early,cage,0,4,resnet,True,solarisation,lr,0.0001,0.0001,32,2,0.6317,0.7234,0.7093,0.7442,0.3857,nan,nan,nan,nan,0
early,cage,0,4,resnet,True,solarisation,lr,0.0001,0.0001,32,3,0.5258,0.8012,0.7223,0.8140,0.4714,nan,nan,nan,nan,0
early,cage,0,4,resnet,True,solarisation,lr,0.0001,0.0001,32,4,0.3751,1.1501,0.9596,0.8140,0.5714,nan,nan,nan,nan,0
early,cage,0,4,resnet,True,solarisation,lr,0.0001,0.0001,32,5,0.2475,1.2079,1.0401,0.8140,0.4571,nan,nan,nan,nan,1
early,cage,0,4,resnet,True,solarisation,lr,0.0001,0.0001,32,6,0.1773,2.1245,1.6841,0.8140,0.5714,nan,nan,nan,nan,1
early,cage,0,4,resnet,True,solarisation,lr,0.0001,0.0001,32,7,0.1273,2.2714,1.7780,0.8140,0.5429,nan,nan,nan,nan,1
early,cage,0,4,resnet,True,solarisation,lr,0.0001,0.0001,32,8,0.0851,4.2130,3.2334,0.8140,0.5500,nan,nan,nan,nan,1
early,cage,0,4,resnet,True,solarisation,lr,0.0001,0.0001,32,9,0.0729,4.0593,3.0880,0.8140,0.5429,nan,nan,nan,nan,0
early,cage,0,4,resnet,True,solarisation,lr,0.0001,0.0001,32,10,0.0696,3.5614,2.7411,0.8140,0.6607,nan,nan,nan,nan,1
early,cage,0,4,resnet,True,solarisation,lr,0.0001,0.0001,32,11,0.0379,3.7843,2.9360,0.8140,0.6036,nan,nan,nan,nan,1
early,cage,0,4,resnet,True,solarisation,lr,0.0001,0.0001,32,12,0.0200,3.9224,3.0114,0.8140,0.5964,nan,nan,nan,nan,1
early,cage,0,4,resnet,True,solarisation,lr,0.0001,0.0001,32,13,0.0344,5.0139,3.8295,0.8140,0.5786,5.1884,3.2774,0.8372,0.4643,1
early,cage,0,4,resnet,True,solarisation,lr,0.0001,0.0001,32,14,0.0533,4.6652,3.5624,0.8140,0.4857,nan,nan,nan,nan,0
early,cage,0,4,resnet,True,solarisation,lr,0.0001,0.0001,32,15,0.0791,6.6709,5.0581,0.8140,0.5893,nan,nan,nan,nan,0
early,cage,0,4,resnet,True,solarisation,lr,0.0001,0.0001,32,16,0.0372,8.4487,6.4087,0.8140,0.4464,nan,nan,nan,nan,0
early,cage,0,4,resnet,True,solarisation,lr,0.0001,0.0001,32,17,0.0090,5.9257,4.5202,0.8140,0.4679,nan,nan,nan,nan,0
early,cage,0,4,resnet,True,solarisation,lr,0.0001,0.0001,32,18,0.0061,6.7160,5.1190,0.8140,0.4964,nan,nan,nan,nan,0
early,cage,0,5,resnet,True,solarisation,lr,0.0001,0.0001,32,1,0.7100,0.7287,0.6607,0.7500,0.5341,nan,nan,nan,nan,0
early,cage,0,5,resnet,True,solarisation,lr,0.0001,0.0001,32,2,0.6144,0.7193,0.8908,0.2250,0.4301,nan,nan,nan,nan,0
early,cage,0,5,resnet,True,solarisation,lr,0.0001,0.0001,32,3,0.5204,0.7580,0.7842,0.5000,0.3978,nan,nan,nan,nan,0
early,cage,0,5,resnet,True,solarisation,lr,0.0001,0.0001,32,4,0.3844,0.8550,0.7872,0.5750,0.4480,nan,nan,nan,nan,0
early,cage,0,5,resnet,True,solarisation,lr,0.0001,0.0001,32,5,0.2627,0.8255,1.0267,0.3500,0.4050,0.7468,1.0114,0.3488,0.6746,1
early,cage,0,5,resnet,True,solarisation,lr,0.0001,0.0001,32,6,0.1469,1.1780,1.1881,0.5750,0.2975,nan,nan,nan,nan,0
early,cage,0,5,resnet,True,solarisation,lr,0.0001,0.0001,32,7,0.1210,1.5123,1.4627,0.5750,0.3548,nan,nan,nan,nan,0
early,cage,0,5,resnet,True,solarisation,lr,0.0001,0.0001,32,8,0.0994,1.2452,1.1812,0.5750,0.3620,nan,nan,nan,nan,0
early,cage,0,5,resnet,True,solarisation,lr,0.0001,0.0001,32,9,0.0686,1.3097,1.1417,0.6500,0.3118,nan,nan,nan,nan,0
early,cage,0,5,resnet,True,solarisation,lr,0.0001,0.0001,32,10,0.0586,1.1974,1.1385,0.6750,0.3513,nan,nan,nan,nan,0
early,cage,0,5,resnet,True,solarisation,lr,0.0001,0.0001,32,11,0.0589,1.3519,1.0304,0.7750,0.4767,nan,nan,nan,nan,0
early,cage,0,5,resnet,True,solarisation,lr,0.0001,0.0001,32,12,0.0322,1.3808,2.1640,0.2250,0.3907,nan,nan,nan,nan,0
early,cage,0,5,resnet,True,solarisation,lr,0.0001,0.0001,32,13,0.0226,1.0691,1.5743,0.3500,0.3513,nan,nan,nan,nan,0
early,cage,0,5,resnet,True,solarisation,lr,0.0001,0.0001,32,14,0.0158,1.1464,1.6480,0.4000,0.3154,nan,nan,nan,nan,0
early,cage,0,5,resnet,True,solarisation,lr,0.0001,0.0001,32,15,0.0090,1.7967,1.5476,0.6750,0.3441,nan,nan,nan,nan,0
early,cage,0,5,resnet,True,solarisation,lr,0.0001,0.0001,32,16,0.0083,1.7809,1.5953,0.7000,0.3548,nan,nan,nan,nan,0
early,cage,0,6,resnet,True,solarisation,lr,0.0001,0.0001,32,1,0.7160,0.8432,0.9866,0.1463,0.3857,nan,nan,nan,nan,0
early,cage,0,6,resnet,True,solarisation,lr,0.0001,0.0001,32,2,0.6293,0.6999,0.7261,0.3415,0.4810,nan,nan,nan,nan,0
early,cage,0,6,resnet,True,solarisation,lr,0.0001,0.0001,32,3,0.5145,0.8099,0.6587,0.8537,0.3571,nan,nan,nan,nan,0
early,cage,0,6,resnet,True,solarisation,lr,0.0001,0.0001,32,4,0.3894,0.7440,0.6590,0.8537,0.3952,nan,nan,nan,nan,0
early,cage,0,6,resnet,True,solarisation,lr,0.0001,0.0001,32,5,0.2423,0.9787,0.7345,0.8537,0.3524,nan,nan,nan,nan,1
early,cage,0,6,resnet,True,solarisation,lr,0.0001,0.0001,32,6,0.1421,0.8738,0.7732,0.8537,0.3952,nan,nan,nan,nan,0
early,cage,0,6,resnet,True,solarisation,lr,0.0001,0.0001,32,7,0.1198,0.8745,0.8042,0.8293,0.2905,nan,nan,nan,nan,0
early,cage,0,6,resnet,True,solarisation,lr,0.0001,0.0001,32,8,0.0762,0.7708,0.8984,0.3902,0.3429,nan,nan,nan,nan,0
early,cage,0,6,resnet,True,solarisation,lr,0.0001,0.0001,32,9,0.0517,1.1677,0.8945,0.8537,0.4238,nan,nan,nan,nan,0
early,cage,0,6,resnet,True,solarisation,lr,0.0001,0.0001,32,10,0.0524,0.7784,0.7559,0.8049,0.4143,nan,nan,nan,nan,0
early,cage,0,6,resnet,True,solarisation,lr,0.0001,0.0001,32,11,0.0360,1.0177,0.7752,0.8537,0.5857,nan,nan,nan,nan,1
early,cage,0,6,resnet,True,solarisation,lr,0.0001,0.0001,32,12,0.0402,1.0646,0.8214,0.8537,0.4667,nan,nan,nan,nan,1
early,cage,0,6,resnet,True,solarisation,lr,0.0001,0.0001,32,13,0.0760,0.9507,0.8214,0.8537,0.4048,nan,nan,nan,nan,1
early,cage,0,6,resnet,True,solarisation,lr,0.0001,0.0001,32,14,0.0736,1.0370,0.8480,0.8537,0.5381,nan,nan,nan,nan,1
early,cage,0,6,resnet,True,solarisation,lr,0.0001,0.0001,32,15,0.0362,2.6081,1.7788,0.8537,0.4952,2.5450,1.6991,0.8372,0.6786,1
early,cage,0,6,resnet,True,solarisation,lr,0.0001,0.0001,32,16,0.0227,1.5994,1.1801,0.8537,0.3143,nan,nan,nan,nan,0
early,cage,0,6,resnet,True,solarisation,lr,0.0001,0.0001,32,17,0.0248,2.1219,1.4299,0.8537,0.5143,nan,nan,nan,nan,0
early,cage,0,6,resnet,True,solarisation,lr,0.0001,0.0001,32,18,0.0140,1.9036,1.3013,0.8537,0.4714,nan,nan,nan,nan,0
early,cage,0,6,resnet,True,solarisation,lr,0.0001,0.0001,32,19,0.0150,0.8403,0.7777,0.8293,0.4238,nan,nan,nan,nan,0
early,cage,0,6,resnet,True,solarisation,lr,0.0001,0.0001,32,20,0.0282,3.7285,2.4235,0.8537,0.4571,nan,nan,nan,nan,0
early,cage,0,7,resnet,True,solarisation,lr,0.0001,0.0001,32,1,0.7160,0.7198,0.6226,0.8182,0.5139,nan,nan,nan,nan,0
early,cage,0,7,resnet,True,solarisation,lr,0.0001,0.0001,32,2,0.6330,0.7015,0.6481,0.8182,0.5035,nan,nan,nan,nan,0
early,cage,0,7,resnet,True,solarisation,lr,0.0001,0.0001,32,3,0.5288,0.7533,0.6558,0.7727,0.4062,nan,nan,nan,nan,0
early,cage,0,7,resnet,True,solarisation,lr,0.0001,0.0001,32,4,0.4056,0.7633,0.6964,0.7045,0.3368,nan,nan,nan,nan,0
early,cage,0,7,resnet,True,solarisation,lr,0.0001,0.0001,32,5,0.2480,0.6991,0.6694,0.8409,0.6597,0.6784,0.6687,0.7674,0.6429,1
early,cage,0,7,resnet,True,solarisation,lr,0.0001,0.0001,32,6,0.1581,1.2281,0.8530,0.7955,0.3576,nan,nan,nan,nan,0
early,cage,0,7,resnet,True,solarisation,lr,0.0001,0.0001,32,7,0.0971,2.6119,1.5144,0.8182,0.3264,nan,nan,nan,nan,0
early,cage,0,7,resnet,True,solarisation,lr,0.0001,0.0001,32,8,0.0714,1.3950,0.8921,0.8182,0.4549,nan,nan,nan,nan,0
early,cage,0,7,resnet,True,solarisation,lr,0.0001,0.0001,32,9,0.1073,2.1366,1.2192,0.8182,0.5139,nan,nan,nan,nan,0
early,cage,0,7,resnet,True,solarisation,lr,0.0001,0.0001,32,10,0.0777,4.3370,2.4568,0.8182,0.3819,nan,nan,nan,nan,0
early,cage,0,7,resnet,True,solarisation,lr,0.0001,0.0001,32,11,0.0489,6.3849,3.5196,0.8182,0.4653,nan,nan,nan,nan,0
early,cage,0,7,resnet,True,solarisation,lr,0.0001,0.0001,32,12,0.0469,3.2924,1.7967,0.8182,0.4375,nan,nan,nan,nan,0
early,cage,0,7,resnet,True,solarisation,lr,0.0001,0.0001,32,13,0.0303,1.6949,1.0735,0.8182,0.3438,nan,nan,nan,nan,0
early,cage,0,7,resnet,True,solarisation,lr,0.0001,0.0001,32,14,0.0350,3.3728,1.8865,0.8182,0.4965,nan,nan,nan,nan,0
early,cage,0,7,resnet,True,solarisation,lr,0.0001,0.0001,32,15,0.0152,6.3221,3.5059,0.8182,0.5035,nan,nan,nan,nan,0
early,cage,0,7,resnet,True,solarisation,lr,0.0001,0.0001,32,16,0.0225,5.9998,3.2968,0.8182,0.5694,nan,nan,nan,nan,0
early,cage,0,8,resnet,True,solarisation,lr,0.0001,0.0001,32,1,0.7095,0.7067,0.7863,0.1702,0.5192,nan,nan,nan,nan,0
early,cage,0,8,resnet,True,solarisation,lr,0.0001,0.0001,32,2,0.6295,0.8899,1.2145,0.1702,0.5449,nan,nan,nan,nan,0
early,cage,0,8,resnet,True,solarisation,lr,0.0001,0.0001,32,3,0.5149,0.7757,1.0006,0.1702,0.5353,nan,nan,nan,nan,0
early,cage,0,8,resnet,True,solarisation,lr,0.0001,0.0001,32,4,0.3671,1.0323,1.4865,0.1702,0.5737,nan,nan,nan,nan,0
early,cage,0,8,resnet,True,solarisation,lr,0.0001,0.0001,32,5,0.2567,0.7160,0.8989,0.5532,0.5801,nan,nan,nan,nan,1
early,cage,0,8,resnet,True,solarisation,lr,0.0001,0.0001,32,6,0.1634,0.7554,0.9332,0.5957,0.5449,0.6535,0.8753,0.6512,0.6548,1
early,cage,0,8,resnet,True,solarisation,lr,0.0001,0.0001,32,7,0.1019,0.7905,0.9728,0.5745,0.5288,nan,nan,nan,nan,0
early,cage,0,8,resnet,True,solarisation,lr,0.0001,0.0001,32,8,0.0653,1.0476,1.6917,0.3617,0.4744,nan,nan,nan,nan,0
early,cage,0,8,resnet,True,solarisation,lr,0.0001,0.0001,32,9,0.0393,1.1331,1.0720,0.6809,0.4615,nan,nan,nan,nan,0
early,cage,0,8,resnet,True,solarisation,lr,0.0001,0.0001,32,10,0.0381,0.9793,1.0177,0.6170,0.4455,nan,nan,nan,nan,0
early,cage,0,8,resnet,True,solarisation,lr,0.0001,0.0001,32,11,0.0802,0.9118,1.4161,0.4255,0.4872,nan,nan,nan,nan,0
early,cage,0,8,resnet,True,solarisation,lr,0.0001,0.0001,32,12,0.0659,1.6466,1.2913,0.7021,0.4647,nan,nan,nan,nan,0
early,cage,0,8,resnet,True,solarisation,lr,0.0001,0.0001,32,13,0.0858,1.0136,1.1525,0.6809,0.4872,nan,nan,nan,nan,0
early,cage,0,8,resnet,True,solarisation,lr,0.0001,0.0001,32,14,0.0295,0.9902,0.9949,0.6809,0.3974,nan,nan,nan,nan,0
early,cage,0,8,resnet,True,solarisation,lr,0.0001,0.0001,32,15,0.0145,0.9470,1.5296,0.4043,0.4744,nan,nan,nan,nan,0
early,cage,0,8,resnet,True,solarisation,lr,0.0001,0.0001,32,16,0.0212,1.2439,1.0420,0.7660,0.4840,nan,nan,nan,nan,0
early,cage,0,9,resnet,True,solarisation,lr,0.0001,0.0001,32,1,0.7185,0.7033,0.7357,0.2143,0.2997,nan,nan,nan,nan,0
early,cage,0,9,resnet,True,solarisation,lr,0.0001,0.0001,32,2,0.6174,0.7091,0.8147,0.2143,0.2458,nan,nan,nan,nan,0
early,cage,0,9,resnet,True,solarisation,lr,0.0001,0.0001,32,3,0.5307,0.7394,0.7284,0.4048,0.2189,nan,nan,nan,nan,0
early,cage,0,9,resnet,True,solarisation,lr,0.0001,0.0001,32,4,0.3703,0.8143,0.7019,0.7619,0.2795,nan,nan,nan,nan,0
early,cage,0,9,resnet,True,solarisation,lr,0.0001,0.0001,32,5,0.2250,0.8800,0.7580,0.7857,0.3165,nan,nan,nan,nan,1
early,cage,0,9,resnet,True,solarisation,lr,0.0001,0.0001,32,6,0.1627,0.8657,1.0337,0.1667,0.1818,nan,nan,nan,nan,0
early,cage,0,9,resnet,True,solarisation,lr,0.0001,0.0001,32,7,0.1221,0.8841,1.1672,0.1429,0.1515,nan,nan,nan,nan,0
early,cage,0,9,resnet,True,solarisation,lr,0.0001,0.0001,32,8,0.0744,0.8863,1.0154,0.4524,0.3030,nan,nan,nan,nan,0
early,cage,0,9,resnet,True,solarisation,lr,0.0001,0.0001,32,9,0.0842,1.6313,1.0478,0.7857,0.2424,nan,nan,nan,nan,0
early,cage,0,9,resnet,True,solarisation,lr,0.0001,0.0001,32,10,0.0439,1.2256,0.9017,0.7857,0.2963,nan,nan,nan,nan,0
early,cage,0,9,resnet,True,solarisation,lr,0.0001,0.0001,32,11,0.0436,1.6458,1.0024,0.7857,0.3232,nan,nan,nan,nan,0
early,cage,0,9,resnet,True,solarisation,lr,0.0001,0.0001,32,12,0.0409,2.4577,1.3800,0.7857,0.2828,nan,nan,nan,nan,1
early,cage,0,9,resnet,True,solarisation,lr,0.0001,0.0001,32,13,0.0238,1.9125,1.2017,0.7857,0.3805,nan,nan,nan,nan,1
early,cage,0,9,resnet,True,solarisation,lr,0.0001,0.0001,32,14,0.0332,1.3163,1.0390,0.7381,0.3737,nan,nan,nan,nan,1
early,cage,0,9,resnet,True,solarisation,lr,0.0001,0.0001,32,15,0.0823,2.6749,1.8956,0.7619,0.3906,nan,nan,nan,nan,1
early,cage,0,9,resnet,True,solarisation,lr,0.0001,0.0001,32,16,0.0258,1.9982,1.7119,0.5952,0.3401,nan,nan,nan,nan,0
early,cage,0,9,resnet,True,solarisation,lr,0.0001,0.0001,32,17,0.0244,1.4705,1.3442,0.6667,0.3636,1.2131,1.2550,0.7442,0.5119,1
early,cage,0,9,resnet,True,solarisation,lr,0.0001,0.0001,32,18,0.0469,3.3043,2.0166,0.7857,0.3838,nan,nan,nan,nan,0
early,cage,0,9,resnet,True,solarisation,lr,0.0001,0.0001,32,19,0.0568,1.9475,1.2302,0.7857,0.2963,nan,nan,nan,nan,0
early,cage,0,9,resnet,True,solarisation,lr,0.0001,0.0001,32,20,0.0745,2.6423,1.4727,0.7857,0.3098,nan,nan,nan,nan,0
early,cage,0,9,resnet,True,solarisation,lr,0.0001,0.0001,32,21,0.0216,2.9463,1.7861,0.7857,0.3939,nan,nan,nan,nan,0
early,cage,0,9,resnet,True,solarisation,lr,0.0001,0.0001,32,22,0.0119,4.4171,2.4242,0.7857,0.3569,nan,nan,nan,nan,0
early,cage,1,0,resnet,True,solarisation,lr,0.0001,0.0001,32,1,0.7181,0.6906,0.6314,0.8372,0.6825,nan,nan,nan,nan,0
early,cage,1,0,resnet,True,solarisation,lr,0.0001,0.0001,32,2,0.6390,0.7121,0.6481,0.8372,0.6151,nan,nan,nan,nan,0
early,cage,1,0,resnet,True,solarisation,lr,0.0001,0.0001,32,3,0.5134,0.8763,0.7349,0.8372,0.5754,nan,nan,nan,nan,0
early,cage,1,0,resnet,True,solarisation,lr,0.0001,0.0001,32,4,0.3857,1.3487,0.9432,0.8372,0.7659,nan,nan,nan,nan,0
early,cage,1,0,resnet,True,solarisation,lr,0.0001,0.0001,32,5,0.2529,3.5093,2.2789,0.8372,0.5437,3.5149,1.9361,0.8372,0.5198,1
early,cage,1,0,resnet,True,solarisation,lr,0.0001,0.0001,32,6,0.1741,2.3842,1.5905,0.8372,0.5397,nan,nan,nan,nan,0
early,cage,1,0,resnet,True,solarisation,lr,0.0001,0.0001,32,7,0.0994,4.5075,2.9241,0.8372,0.5079,nan,nan,nan,nan,0
early,cage,1,0,resnet,True,solarisation,lr,0.0001,0.0001,32,8,0.1120,5.7655,3.6291,0.8372,0.4683,nan,nan,nan,nan,0
early,cage,1,0,resnet,True,solarisation,lr,0.0001,0.0001,32,9,0.0588,3.6146,2.3212,0.8372,0.4960,nan,nan,nan,nan,0
early,cage,1,0,resnet,True,solarisation,lr,0.0001,0.0001,32,10,0.0343,4.8490,3.0941,0.8372,0.4603,nan,nan,nan,nan,0
early,cage,1,0,resnet,True,solarisation,lr,0.0001,0.0001,32,11,0.0581,2.5051,1.7432,0.8372,0.4960,nan,nan,nan,nan,0
early,cage,1,0,resnet,True,solarisation,lr,0.0001,0.0001,32,12,0.0729,6.6803,4.2424,0.8372,0.5278,nan,nan,nan,nan,0
early,cage,1,0,resnet,True,solarisation,lr,0.0001,0.0001,32,13,0.0335,4.7236,2.9942,0.8372,0.4484,nan,nan,nan,nan,0
early,cage,1,0,resnet,True,solarisation,lr,0.0001,0.0001,32,14,0.0196,5.8905,3.7704,0.8372,0.4921,nan,nan,nan,nan,0
early,cage,1,0,resnet,True,solarisation,lr,0.0001,0.0001,32,15,0.0246,3.3471,2.1896,0.8372,0.4484,nan,nan,nan,nan,0
early,cage,1,0,resnet,True,solarisation,lr,0.0001,0.0001,32,16,0.0198,3.5813,2.3268,0.8372,0.5317,nan,nan,nan,nan,0
early,cage,1,2,resnet,True,solarisation,lr,0.0001,0.0001,32,1,0.7170,0.7091,0.7479,0.1905,0.3125,nan,nan,nan,nan,0
early,cage,1,2,resnet,True,solarisation,lr,0.0001,0.0001,32,2,0.6169,0.7170,0.7246,0.4048,0.3713,nan,nan,nan,nan,0
early,cage,1,2,resnet,True,solarisation,lr,0.0001,0.0001,32,3,0.5002,0.8848,0.8935,0.4762,0.3309,nan,nan,nan,nan,0
early,cage,1,2,resnet,True,solarisation,lr,0.0001,0.0001,32,4,0.3245,0.8755,0.8587,0.5000,0.3787,nan,nan,nan,nan,0
early,cage,1,2,resnet,True,solarisation,lr,0.0001,0.0001,32,5,0.2377,0.9232,0.9964,0.4762,0.3419,nan,nan,nan,nan,1
early,cage,1,2,resnet,True,solarisation,lr,0.0001,0.0001,32,6,0.1382,1.1394,0.8715,0.7619,0.3934,nan,nan,nan,nan,1
early,cage,1,2,resnet,True,solarisation,lr,0.0001,0.0001,32,7,0.1007,1.0953,1.3731,0.4762,0.3971,nan,nan,nan,nan,1
early,cage,1,2,resnet,True,solarisation,lr,0.0001,0.0001,32,8,0.0926,1.4762,2.1109,0.2619,0.4706,nan,nan,nan,nan,1
early,cage,1,2,resnet,True,solarisation,lr,0.0001,0.0001,32,9,0.0547,1.0172,1.1957,0.4762,0.4118,nan,nan,nan,nan,1
early,cage,1,2,resnet,True,solarisation,lr,0.0001,0.0001,32,10,0.0511,0.9417,1.2257,0.4524,0.4596,nan,nan,nan,nan,1
early,cage,1,2,resnet,True,solarisation,lr,0.0001,0.0001,32,11,0.0497,1.5129,1.1327,0.7619,0.4191,nan,nan,nan,nan,1
early,cage,1,2,resnet,True,solarisation,lr,0.0001,0.0001,32,12,0.0431,1.5563,1.1122,0.7381,0.3860,nan,nan,nan,nan,0
early,cage,1,2,resnet,True,solarisation,lr,0.0001,0.0001,32,13,0.0214,1.0455,1.2274,0.5238,0.4559,nan,nan,nan,nan,0
early,cage,1,2,resnet,True,solarisation,lr,0.0001,0.0001,32,14,0.0368,1.0653,1.5310,0.3095,0.4706,0.9879,1.3842,0.3953,0.5714,1
early,cage,1,2,resnet,True,solarisation,lr,0.0001,0.0001,32,15,0.0640,1.3884,1.2953,0.5714,0.3750,nan,nan,nan,nan,0
early,cage,1,2,resnet,True,solarisation,lr,0.0001,0.0001,32,16,0.0359,1.5354,1.2981,0.6667,0.4338,nan,nan,nan,nan,0
early,cage,1,2,resnet,True,solarisation,lr,0.0001,0.0001,32,17,0.0356,1.6513,1.7964,0.5476,0.4265,nan,nan,nan,nan,0
early,cage,1,2,resnet,True,solarisation,lr,0.0001,0.0001,32,18,0.0098,1.5708,2.1337,0.4762,0.4375,nan,nan,nan,nan,0
early,cage,1,2,resnet,True,solarisation,lr,0.0001,0.0001,32,19,0.0140,1.4466,1.7733,0.5000,0.3971,nan,nan,nan,nan,0
early,cage,1,3,resnet,True,solarisation,lr,0.0001,0.0001,32,1,0.7103,0.6871,0.6797,0.6429,0.5714,nan,nan,nan,nan,0
early,cage,1,3,resnet,True,solarisation,lr,0.0001,0.0001,32,2,0.6302,0.6869,0.7139,0.3333,0.6367,nan,nan,nan,nan,0
early,cage,1,3,resnet,True,solarisation,lr,0.0001,0.0001,32,3,0.5284,0.7154,0.6207,0.8333,0.5551,nan,nan,nan,nan,0
early,cage,1,3,resnet,True,solarisation,lr,0.0001,0.0001,32,4,0.3797,0.6699,0.7325,0.5952,0.6041,nan,nan,nan,nan,0
early,cage,1,3,resnet,True,solarisation,lr,0.0001,0.0001,32,5,0.2401,0.6602,0.6564,0.8095,0.7224,nan,nan,nan,nan,1
early,cage,1,3,resnet,True,solarisation,lr,0.0001,0.0001,32,6,0.1682,0.8896,0.7273,0.8333,0.6980,nan,nan,nan,nan,1
early,cage,1,3,resnet,True,solarisation,lr,0.0001,0.0001,32,7,0.1232,0.6506,0.7814,0.8095,0.7347,nan,nan,nan,nan,1
early,cage,1,3,resnet,True,solarisation,lr,0.0001,0.0001,32,8,0.0815,0.8430,0.8068,0.7857,0.7347,nan,nan,nan,nan,1
early,cage,1,3,resnet,True,solarisation,lr,0.0001,0.0001,32,9,0.0587,1.5805,1.0403,0.8333,0.8286,nan,nan,nan,nan,1
early,cage,1,3,resnet,True,solarisation,lr,0.0001,0.0001,32,10,0.0429,2.3591,1.4906,0.8333,0.7306,nan,nan,nan,nan,0
early,cage,1,3,resnet,True,solarisation,lr,0.0001,0.0001,32,11,0.0501,2.2315,1.4496,0.8333,0.7143,nan,nan,nan,nan,0
early,cage,1,3,resnet,True,solarisation,lr,0.0001,0.0001,32,12,0.0345,1.8746,1.2491,0.8333,0.7959,2.2112,1.3254,0.8372,0.5437,1
early,cage,1,3,resnet,True,solarisation,lr,0.0001,0.0001,32,13,0.0572,1.9506,1.2580,0.8333,0.7592,nan,nan,nan,nan,0
early,cage,1,3,resnet,True,solarisation,lr,0.0001,0.0001,32,14,0.0551,3.6560,2.3013,0.8333,0.6776,nan,nan,nan,nan,0
early,cage,1,3,resnet,True,solarisation,lr,0.0001,0.0001,32,15,0.0293,3.4470,2.1814,0.8333,0.7143,nan,nan,nan,nan,0
early,cage,1,3,resnet,True,solarisation,lr,0.0001,0.0001,32,16,0.0362,3.4577,2.1970,0.8333,0.7020,nan,nan,nan,nan,0
early,cage,1,3,resnet,True,solarisation,lr,0.0001,0.0001,32,17,0.0198,2.8319,1.7825,0.8333,0.7469,nan,nan,nan,nan,0
early,cage,1,4,resnet,True,solarisation,lr,0.0001,0.0001,32,1,0.7299,0.6941,0.7105,0.1628,0.5107,nan,nan,nan,nan,0
early,cage,1,4,resnet,True,solarisation,lr,0.0001,0.0001,32,2,0.6416,0.7004,0.7166,0.2558,0.5000,nan,nan,nan,nan,0
early,cage,1,4,resnet,True,solarisation,lr,0.0001,0.0001,32,3,0.5463,0.7102,0.7183,0.6047,0.4429,nan,nan,nan,nan,0
early,cage,1,4,resnet,True,solarisation,lr,0.0001,0.0001,32,4,0.3979,1.1833,0.9376,0.8140,0.6143,nan,nan,nan,nan,0
early,cage,1,4,resnet,True,solarisation,lr,0.0001,0.0001,32,5,0.2533,1.0814,0.9428,0.8140,0.5143,nan,nan,nan,nan,1
early,cage,1,4,resnet,True,solarisation,lr,0.0001,0.0001,32,6,0.1829,1.9404,1.5118,0.8140,0.5179,nan,nan,nan,nan,0
early,cage,1,4,resnet,True,solarisation,lr,0.0001,0.0001,32,7,0.1229,0.9388,1.0593,0.6512,0.5429,nan,nan,nan,nan,1
early,cage,1,4,resnet,True,solarisation,lr,0.0001,0.0001,32,8,0.0710,0.8041,1.0300,0.6744,0.5500,0.8409,1.0016,0.6512,0.5159,1
early,cage,1,4,resnet,True,solarisation,lr,0.0001,0.0001,32,9,0.0539,1.4907,1.4806,0.8140,0.5679,nan,nan,nan,nan,0
early,cage,1,4,resnet,True,solarisation,lr,0.0001,0.0001,32,10,0.0491,1.3136,1.4891,0.7209,0.5429,nan,nan,nan,nan,0
early,cage,1,4,resnet,True,solarisation,lr,0.0001,0.0001,32,11,0.0481,1.0050,1.2866,0.7209,0.4750,nan,nan,nan,nan,0
early,cage,1,4,resnet,True,solarisation,lr,0.0001,0.0001,32,12,0.0329,2.5128,2.2234,0.8140,0.5679,nan,nan,nan,nan,0
early,cage,1,4,resnet,True,solarisation,lr,0.0001,0.0001,32,13,0.0268,1.1375,1.7462,0.5581,0.5143,nan,nan,nan,nan,0
early,cage,1,4,resnet,True,solarisation,lr,0.0001,0.0001,32,14,0.0465,3.0507,2.4030,0.8140,0.5179,nan,nan,nan,nan,0
early,cage,1,4,resnet,True,solarisation,lr,0.0001,0.0001,32,15,0.0640,2.8679,2.2798,0.8140,0.6000,nan,nan,nan,nan,0
early,cage,1,4,resnet,True,solarisation,lr,0.0001,0.0001,32,16,0.0294,1.5055,1.6116,0.7674,0.5214,nan,nan,nan,nan,0
early,cage,1,5,resnet,True,solarisation,lr,0.0001,0.0001,32,1,0.7154,0.7378,0.6820,0.7750,0.3262,nan,nan,nan,nan,0
early,cage,1,5,resnet,True,solarisation,lr,0.0001,0.0001,32,2,0.6018,0.9678,0.7101,0.7750,0.4337,nan,nan,nan,nan,0
early,cage,1,5,resnet,True,solarisation,lr,0.0001,0.0001,32,3,0.4774,0.8253,0.6780,0.7750,0.3763,nan,nan,nan,nan,0
early,cage,1,5,resnet,True,solarisation,lr,0.0001,0.0001,32,4,0.3234,1.2662,0.8864,0.7750,0.3369,nan,nan,nan,nan,0
early,cage,1,5,resnet,True,solarisation,lr,0.0001,0.0001,32,5,0.2111,1.4679,0.9861,0.7750,0.2760,nan,nan,nan,nan,1
early,cage,1,5,resnet,True,solarisation,lr,0.0001,0.0001,32,6,0.1435,1.4042,0.9624,0.7750,0.3333,nan,nan,nan,nan,0
early,cage,1,5,resnet,True,solarisation,lr,0.0001,0.0001,32,7,0.0790,2.0251,1.3127,0.7750,0.2652,nan,nan,nan,nan,0
early,cage,1,5,resnet,True,solarisation,lr,0.0001,0.0001,32,8,0.0625,1.6076,1.0836,0.7750,0.5161,nan,nan,nan,nan,0
early,cage,1,5,resnet,True,solarisation,lr,0.0001,0.0001,32,9,0.0671,1.1150,1.0024,0.6250,0.4086,nan,nan,nan,nan,1
early,cage,1,5,resnet,True,solarisation,lr,0.0001,0.0001,32,10,0.0770,1.6392,1.1226,0.7750,0.4839,nan,nan,nan,nan,1
early,cage,1,5,resnet,True,solarisation,lr,0.0001,0.0001,32,11,0.0663,2.3357,1.5026,0.7750,0.4194,nan,nan,nan,nan,1
early,cage,1,5,resnet,True,solarisation,lr,0.0001,0.0001,32,12,0.0370,1.7869,1.1851,0.7750,0.5161,1.4463,0.8931,0.8372,0.5595,1
early,cage,1,5,resnet,True,solarisation,lr,0.0001,0.0001,32,13,0.0381,1.9846,1.3008,0.7750,0.4194,nan,nan,nan,nan,0
early,cage,1,5,resnet,True,solarisation,lr,0.0001,0.0001,32,14,0.0393,1.9944,1.3166,0.7750,0.4086,nan,nan,nan,nan,0
early,cage,1,5,resnet,True,solarisation,lr,0.0001,0.0001,32,15,0.0386,2.6243,1.6712,0.7750,0.4122,nan,nan,nan,nan,0
early,cage,1,5,resnet,True,solarisation,lr,0.0001,0.0001,32,16,0.0185,1.9800,1.3116,0.7750,0.4265,nan,nan,nan,nan,0
early,cage,1,5,resnet,True,solarisation,lr,0.0001,0.0001,32,17,0.0247,1.0091,1.2176,0.4000,0.3728,nan,nan,nan,nan,0
early,cage,1,6,resnet,True,solarisation,lr,0.0001,0.0001,32,1,0.7233,0.7674,0.8649,0.1463,0.7476,nan,nan,nan,nan,0
early,cage,1,6,resnet,True,solarisation,lr,0.0001,0.0001,32,2,0.6207,0.6996,0.7151,0.4146,0.4762,nan,nan,nan,nan,0
early,cage,1,6,resnet,True,solarisation,lr,0.0001,0.0001,32,3,0.5031,0.6927,0.7330,0.3171,0.6524,nan,nan,nan,nan,0
early,cage,1,6,resnet,True,solarisation,lr,0.0001,0.0001,32,4,0.3759,0.7283,0.8547,0.2927,0.5238,nan,nan,nan,nan,0
early,cage,1,6,resnet,True,solarisation,lr,0.0001,0.0001,32,5,0.2527,0.8406,0.6966,0.8537,0.6333,nan,nan,nan,nan,1
early,cage,1,6,resnet,True,solarisation,lr,0.0001,0.0001,32,6,0.1579,0.7439,0.7443,0.8049,0.6238,nan,nan,nan,nan,0
early,cage,1,6,resnet,True,solarisation,lr,0.0001,0.0001,32,7,0.1201,0.6681,0.8871,0.5366,0.6476,nan,nan,nan,nan,1
early,cage,1,6,resnet,True,solarisation,lr,0.0001,0.0001,32,8,0.0612,0.7923,0.8628,0.8049,0.6333,nan,nan,nan,nan,0
early,cage,1,6,resnet,True,solarisation,lr,0.0001,0.0001,32,9,0.0695,1.3559,0.9302,0.8537,0.6952,nan,nan,nan,nan,1
early,cage,1,6,resnet,True,solarisation,lr,0.0001,0.0001,32,10,0.0458,2.1545,1.4305,0.8537,0.7095,nan,nan,nan,nan,1
early,cage,1,6,resnet,True,solarisation,lr,0.0001,0.0001,32,11,0.0552,1.8940,1.3028,0.8537,0.7000,nan,nan,nan,nan,1
early,cage,1,6,resnet,True,solarisation,lr,0.0001,0.0001,32,12,0.0397,0.9016,1.1308,0.8049,0.6905,nan,nan,nan,nan,1
early,cage,1,6,resnet,True,solarisation,lr,0.0001,0.0001,32,13,0.0718,3.5977,2.2883,0.8537,0.7048,nan,nan,nan,nan,1
early,cage,1,6,resnet,True,solarisation,lr,0.0001,0.0001,32,14,0.0758,1.1679,1.1304,0.8780,0.7238,2.0596,1.5670,0.7442,0.5159,1
early,cage,1,6,resnet,True,solarisation,lr,0.0001,0.0001,32,15,0.0419,2.7731,1.9310,0.8537,0.6524,nan,nan,nan,nan,0
early,cage,1,6,resnet,True,solarisation,lr,0.0001,0.0001,32,16,0.0254,1.5861,1.2706,0.8293,0.6714,nan,nan,nan,nan,0
early,cage,1,6,resnet,True,solarisation,lr,0.0001,0.0001,32,17,0.0145,1.3750,1.2090,0.8293,0.7143,nan,nan,nan,nan,0
early,cage,1,6,resnet,True,solarisation,lr,0.0001,0.0001,32,18,0.0055,0.8138,1.0580,0.8049,0.7095,nan,nan,nan,nan,0
early,cage,1,6,resnet,True,solarisation,lr,0.0001,0.0001,32,19,0.0168,1.0137,1.0898,0.8049,0.6429,nan,nan,nan,nan,0
early,cage,1,7,resnet,True,solarisation,lr,0.0001,0.0001,32,1,0.7242,0.7023,0.6869,0.5909,0.4201,nan,nan,nan,nan,0
early,cage,1,7,resnet,True,solarisation,lr,0.0001,0.0001,32,2,0.6363,0.7220,0.6913,0.7045,0.3507,nan,nan,nan,nan,0
early,cage,1,7,resnet,True,solarisation,lr,0.0001,0.0001,32,3,0.5322,0.7119,0.7262,0.2955,0.3819,nan,nan,nan,nan,0
early,cage,1,7,resnet,True,solarisation,lr,0.0001,0.0001,32,4,0.3976,0.7025,0.7041,0.7273,0.5243,nan,nan,nan,nan,0
early,cage,1,7,resnet,True,solarisation,lr,0.0001,0.0001,32,5,0.2419,1.0296,0.8060,0.8409,0.4062,nan,nan,nan,nan,1
early,cage,1,7,resnet,True,solarisation,lr,0.0001,0.0001,32,6,0.1659,1.7392,1.1099,0.8182,0.3958,nan,nan,nan,nan,0
early,cage,1,7,resnet,True,solarisation,lr,0.0001,0.0001,32,7,0.1295,1.4559,1.0478,0.7955,0.3889,nan,nan,nan,nan,0
early,cage,1,7,resnet,True,solarisation,lr,0.0001,0.0001,32,8,0.0822,1.3675,1.0694,0.7955,0.4201,nan,nan,nan,nan,1
early,cage,1,7,resnet,True,solarisation,lr,0.0001,0.0001,32,9,0.0602,1.9725,1.2715,0.7955,0.4097,nan,nan,nan,nan,0
early,cage,1,7,resnet,True,solarisation,lr,0.0001,0.0001,32,10,0.0451,2.1466,1.3494,0.8182,0.4201,nan,nan,nan,nan,0
early,cage,1,7,resnet,True,solarisation,lr,0.0001,0.0001,32,11,0.0552,3.3849,1.8880,0.8182,0.5312,nan,nan,nan,nan,1
early,cage,1,7,resnet,True,solarisation,lr,0.0001,0.0001,32,12,0.0254,2.9518,1.7540,0.8182,0.4271,nan,nan,nan,nan,1
early,cage,1,7,resnet,True,solarisation,lr,0.0001,0.0001,32,13,0.0387,2.0698,1.3312,0.7955,0.5729,nan,nan,nan,nan,1
early,cage,1,7,resnet,True,solarisation,lr,0.0001,0.0001,32,14,0.0407,1.7879,1.2073,0.7955,0.5833,nan,nan,nan,nan,1
early,cage,1,7,resnet,True,solarisation,lr,0.0001,0.0001,32,15,0.0557,4.3842,2.4242,0.8182,0.6146,4.3109,2.3839,0.8372,0.4802,1
early,cage,1,7,resnet,True,solarisation,lr,0.0001,0.0001,32,16,0.0481,2.4599,1.5931,0.7955,0.4653,nan,nan,nan,nan,0
early,cage,1,7,resnet,True,solarisation,lr,0.0001,0.0001,32,17,0.0331,2.5868,1.6973,0.7955,0.4236,nan,nan,nan,nan,0
early,cage,1,7,resnet,True,solarisation,lr,0.0001,0.0001,32,18,0.0145,2.7246,1.6569,0.7955,0.4618,nan,nan,nan,nan,0
early,cage,1,7,resnet,True,solarisation,lr,0.0001,0.0001,32,19,0.0224,5.4178,3.0290,0.8182,0.5903,nan,nan,nan,nan,0
early,cage,1,7,resnet,True,solarisation,lr,0.0001,0.0001,32,20,0.0076,5.3020,3.0059,0.8182,0.5278,nan,nan,nan,nan,0
early,cage,1,8,resnet,True,solarisation,lr,0.0001,0.0001,32,1,0.7215,0.7874,0.9821,0.1702,0.6346,nan,nan,nan,nan,0
early,cage,1,8,resnet,True,solarisation,lr,0.0001,0.0001,32,2,0.6236,0.7746,0.9695,0.1702,0.5705,nan,nan,nan,nan,0
early,cage,1,8,resnet,True,solarisation,lr,0.0001,0.0001,32,3,0.4999,0.8028,1.0088,0.1702,0.4071,nan,nan,nan,nan,0
early,cage,1,8,resnet,True,solarisation,lr,0.0001,0.0001,32,4,0.3469,0.7845,0.9930,0.2128,0.5096,nan,nan,nan,nan,0
early,cage,1,8,resnet,True,solarisation,lr,0.0001,0.0001,32,5,0.2494,0.9288,1.2776,0.1702,0.4647,0.9544,1.3130,0.1860,0.5675,1
early,cage,1,8,resnet,True,solarisation,lr,0.0001,0.0001,32,6,0.1539,0.9863,1.2340,0.3191,0.4968,nan,nan,nan,nan,0
early,cage,1,8,resnet,True,solarisation,lr,0.0001,0.0001,32,7,0.1165,1.2102,1.7859,0.1702,0.5577,nan,nan,nan,nan,0
early,cage,1,8,resnet,True,solarisation,lr,0.0001,0.0001,32,8,0.0607,1.5825,2.3858,0.1702,0.5224,nan,nan,nan,nan,0
early,cage,1,8,resnet,True,solarisation,lr,0.0001,0.0001,32,9,0.0887,1.2932,1.9244,0.1702,0.4872,nan,nan,nan,nan,0
early,cage,1,8,resnet,True,solarisation,lr,0.0001,0.0001,32,10,0.0761,1.0869,1.6369,0.2766,0.5128,nan,nan,nan,nan,0
early,cage,1,8,resnet,True,solarisation,lr,0.0001,0.0001,32,11,0.0452,1.0636,0.9138,0.7872,0.5224,nan,nan,nan,nan,0
early,cage,1,8,resnet,True,solarisation,lr,0.0001,0.0001,32,12,0.0372,1.3627,1.2247,0.7234,0.4199,nan,nan,nan,nan,0
early,cage,1,8,resnet,True,solarisation,lr,0.0001,0.0001,32,13,0.0294,1.6249,2.5094,0.1915,0.4103,nan,nan,nan,nan,0
early,cage,1,8,resnet,True,solarisation,lr,0.0001,0.0001,32,14,0.0235,1.3916,2.0619,0.1702,0.4199,nan,nan,nan,nan,0
early,cage,1,8,resnet,True,solarisation,lr,0.0001,0.0001,32,15,0.0316,1.2496,1.2171,0.6383,0.3718,nan,nan,nan,nan,0
early,cage,1,8,resnet,True,solarisation,lr,0.0001,0.0001,32,16,0.0365,1.1895,1.8443,0.2128,0.4744,nan,nan,nan,nan,0
early,cage,1,9,resnet,True,solarisation,lr,0.0001,0.0001,32,1,0.7230,0.7056,0.6863,0.5952,0.4882,nan,nan,nan,nan,0
early,cage,1,9,resnet,True,solarisation,lr,0.0001,0.0001,32,2,0.6089,0.8537,0.6810,0.7857,0.3805,nan,nan,nan,nan,0
early,cage,1,9,resnet,True,solarisation,lr,0.0001,0.0001,32,3,0.4739,0.8750,0.6914,0.7857,0.5522,nan,nan,nan,nan,0
early,cage,1,9,resnet,True,solarisation,lr,0.0001,0.0001,32,4,0.3285,0.8220,0.8255,0.6190,0.4983,nan,nan,nan,nan,0
early,cage,1,9,resnet,True,solarisation,lr,0.0001,0.0001,32,5,0.1950,1.3541,0.9990,0.7857,0.4680,nan,nan,nan,nan,1
early,cage,1,9,resnet,True,solarisation,lr,0.0001,0.0001,32,6,0.1480,0.9322,0.9881,0.5952,0.4646,nan,nan,nan,nan,0
early,cage,1,9,resnet,True,solarisation,lr,0.0001,0.0001,32,7,0.1083,1.2654,0.9979,0.7619,0.4714,nan,nan,nan,nan,1
early,cage,1,9,resnet,True,solarisation,lr,0.0001,0.0001,32,8,0.0433,1.8843,1.1850,0.7857,0.4983,nan,nan,nan,nan,0
early,cage,1,9,resnet,True,solarisation,lr,0.0001,0.0001,32,9,0.0920,2.2782,1.4029,0.7857,0.5825,2.1905,1.3193,0.8372,0.5556,1
early,cage,1,9,resnet,True,solarisation,lr,0.0001,0.0001,32,10,0.0646,0.7605,1.0209,0.3810,0.4545,nan,nan,nan,nan,0
early,cage,1,9,resnet,True,solarisation,lr,0.0001,0.0001,32,11,0.0429,0.8814,1.0385,0.6190,0.4983,nan,nan,nan,nan,0
early,cage,1,9,resnet,True,solarisation,lr,0.0001,0.0001,32,12,0.0179,1.5850,1.1902,0.7619,0.4747,nan,nan,nan,nan,0
early,cage,1,9,resnet,True,solarisation,lr,0.0001,0.0001,32,13,0.0234,2.4671,1.5379,0.7619,0.4512,nan,nan,nan,nan,0
early,cage,1,9,resnet,True,solarisation,lr,0.0001,0.0001,32,14,0.0573,1.6097,1.2666,0.7857,0.4983,nan,nan,nan,nan,0
early,cage,1,9,resnet,True,solarisation,lr,0.0001,0.0001,32,15,0.0746,1.1709,1.1422,0.6429,0.5320,nan,nan,nan,nan,0
early,cage,1,9,resnet,True,solarisation,lr,0.0001,0.0001,32,16,0.0508,1.3001,1.6370,0.5714,0.4377,nan,nan,nan,nan,0
early,cage,2,0,resnet,True,solarisation,lr,0.0001,0.0001,32,1,0.6969,0.6803,0.6563,0.8605,0.6349,nan,nan,nan,nan,0
early,cage,2,0,resnet,True,solarisation,lr,0.0001,0.0001,32,2,0.6172,0.6717,0.6696,0.8140,0.6349,nan,nan,nan,nan,0
early,cage,2,0,resnet,True,solarisation,lr,0.0001,0.0001,32,3,0.5206,0.6600,0.6905,0.6512,0.6746,nan,nan,nan,nan,0
early,cage,2,0,resnet,True,solarisation,lr,0.0001,0.0001,32,4,0.3926,0.8711,0.6852,0.8372,0.6111,nan,nan,nan,nan,0
early,cage,2,0,resnet,True,solarisation,lr,0.0001,0.0001,32,5,0.2299,0.7503,0.7798,0.8140,0.6230,nan,nan,nan,nan,1
early,cage,2,0,resnet,True,solarisation,lr,0.0001,0.0001,32,6,0.1773,2.3167,1.6466,0.8372,0.6627,nan,nan,nan,nan,1
early,cage,2,0,resnet,True,solarisation,lr,0.0001,0.0001,32,7,0.1268,1.3708,1.1389,0.8372,0.4802,nan,nan,nan,nan,0
early,cage,2,0,resnet,True,solarisation,lr,0.0001,0.0001,32,8,0.0872,1.6346,1.2121,0.8372,0.6825,nan,nan,nan,nan,0
early,cage,2,0,resnet,True,solarisation,lr,0.0001,0.0001,32,9,0.0646,2.4702,1.7421,0.8372,0.6667,nan,nan,nan,nan,0
early,cage,2,0,resnet,True,solarisation,lr,0.0001,0.0001,32,10,0.0497,2.2556,1.6243,0.8372,0.6468,nan,nan,nan,nan,0
early,cage,2,0,resnet,True,solarisation,lr,0.0001,0.0001,32,11,0.0205,2.1794,1.5915,0.8372,0.6468,nan,nan,nan,nan,0
early,cage,2,0,resnet,True,solarisation,lr,0.0001,0.0001,32,12,0.0330,2.8157,1.8923,0.8372,0.6071,3.2622,1.9638,0.8095,0.2831,1
early,cage,2,0,resnet,True,solarisation,lr,0.0001,0.0001,32,13,0.0270,3.1757,2.1360,0.8372,0.6270,nan,nan,nan,nan,0
early,cage,2,0,resnet,True,solarisation,lr,0.0001,0.0001,32,14,0.0688,2.6942,1.8456,0.8372,0.6825,nan,nan,nan,nan,0
early,cage,2,0,resnet,True,solarisation,lr,0.0001,0.0001,32,15,0.0794,2.4229,1.7995,0.8372,0.6468,nan,nan,nan,nan,0
early,cage,2,0,resnet,True,solarisation,lr,0.0001,0.0001,32,16,0.0341,1.9255,1.5086,0.8372,0.6270,nan,nan,nan,nan,0
early,cage,2,0,resnet,True,solarisation,lr,0.0001,0.0001,32,17,0.0421,1.0572,1.3642,0.7907,0.6865,nan,nan,nan,nan,0
early,cage,2,1,resnet,True,solarisation,lr,0.0001,0.0001,32,1,0.7168,0.6995,0.7514,0.2326,0.5873,nan,nan,nan,nan,0
early,cage,2,1,resnet,True,solarisation,lr,0.0001,0.0001,32,2,0.6225,0.7934,0.6231,0.8372,0.5159,nan,nan,nan,nan,0
early,cage,2,1,resnet,True,solarisation,lr,0.0001,0.0001,32,3,0.4963,0.7408,0.8593,0.4419,0.5675,nan,nan,nan,nan,0
early,cage,2,1,resnet,True,solarisation,lr,0.0001,0.0001,32,4,0.3518,0.8024,0.7266,0.6279,0.5119,nan,nan,nan,nan,0
early,cage,2,1,resnet,True,solarisation,lr,0.0001,0.0001,32,5,0.2258,1.1686,0.8814,0.7442,0.5119,1.0631,0.8463,0.7619,0.5551,1
early,cage,2,1,resnet,True,solarisation,lr,0.0001,0.0001,32,6,0.1479,0.9829,0.8440,0.6977,0.5119,nan,nan,nan,nan,0
early,cage,2,1,resnet,True,solarisation,lr,0.0001,0.0001,32,7,0.0832,0.9275,1.0956,0.5814,0.5238,nan,nan,nan,nan,0
early,cage,2,1,resnet,True,solarisation,lr,0.0001,0.0001,32,8,0.0564,1.9526,1.1900,0.8372,0.4127,nan,nan,nan,nan,0
early,cage,2,1,resnet,True,solarisation,lr,0.0001,0.0001,32,9,0.0477,1.2201,1.0736,0.6744,0.5079,nan,nan,nan,nan,0
early,cage,2,1,resnet,True,solarisation,lr,0.0001,0.0001,32,10,0.0522,1.8964,1.2012,0.8372,0.4286,nan,nan,nan,nan,0
early,cage,2,1,resnet,True,solarisation,lr,0.0001,0.0001,32,11,0.0427,0.9462,1.3333,0.3953,0.3810,nan,nan,nan,nan,0
early,cage,2,1,resnet,True,solarisation,lr,0.0001,0.0001,32,12,0.0732,1.0617,1.1482,0.6512,0.5516,nan,nan,nan,nan,0
early,cage,2,1,resnet,True,solarisation,lr,0.0001,0.0001,32,13,0.0898,1.0561,1.0623,0.6047,0.5000,nan,nan,nan,nan,0
early,cage,2,1,resnet,True,solarisation,lr,0.0001,0.0001,32,14,0.0324,3.5051,2.0223,0.8372,0.5238,nan,nan,nan,nan,0
early,cage,2,1,resnet,True,solarisation,lr,0.0001,0.0001,32,15,0.0201,2.9394,1.8898,0.7442,0.4921,nan,nan,nan,nan,0
early,cage,2,1,resnet,True,solarisation,lr,0.0001,0.0001,32,16,0.0125,3.7741,2.1828,0.8372,0.5040,nan,nan,nan,nan,0
early,cage,2,3,resnet,True,solarisation,lr,0.0001,0.0001,32,1,0.7091,0.7031,0.7771,0.1905,0.6041,nan,nan,nan,nan,0
early,cage,2,3,resnet,True,solarisation,lr,0.0001,0.0001,32,2,0.6181,0.7064,0.7833,0.1905,0.6163,nan,nan,nan,nan,0
early,cage,2,3,resnet,True,solarisation,lr,0.0001,0.0001,32,3,0.4826,0.6568,0.7121,0.4286,0.6490,nan,nan,nan,nan,0
early,cage,2,3,resnet,True,solarisation,lr,0.0001,0.0001,32,4,0.3569,0.6592,0.7424,0.4048,0.7020,nan,nan,nan,nan,0
early,cage,2,3,resnet,True,solarisation,lr,0.0001,0.0001,32,5,0.2239,1.6170,1.0540,0.8333,0.6163,nan,nan,nan,nan,1
early,cage,2,3,resnet,True,solarisation,lr,0.0001,0.0001,32,6,0.1235,1.4710,0.9948,0.8333,0.5796,nan,nan,nan,nan,0
early,cage,2,3,resnet,True,solarisation,lr,0.0001,0.0001,32,7,0.1185,1.7033,1.1149,0.8333,0.6490,nan,nan,nan,nan,0
early,cage,2,3,resnet,True,solarisation,lr,0.0001,0.0001,32,8,0.0936,1.1741,0.8516,0.8571,0.6653,nan,nan,nan,nan,0
early,cage,2,3,resnet,True,solarisation,lr,0.0001,0.0001,32,9,0.0494,1.6769,1.0702,0.8333,0.6122,nan,nan,nan,nan,0
early,cage,2,3,resnet,True,solarisation,lr,0.0001,0.0001,32,10,0.0666,1.2108,0.8521,0.8333,0.7673,nan,nan,nan,nan,1
early,cage,2,3,resnet,True,solarisation,lr,0.0001,0.0001,32,11,0.0566,2.4991,1.5623,0.8333,0.7306,2.8952,1.6770,0.8095,0.5000,1
early,cage,2,3,resnet,True,solarisation,lr,0.0001,0.0001,32,12,0.0318,2.4589,1.5530,0.8333,0.6490,nan,nan,nan,nan,0
early,cage,2,3,resnet,True,solarisation,lr,0.0001,0.0001,32,13,0.0195,2.5573,1.6407,0.8333,0.5347,nan,nan,nan,nan,0
early,cage,2,3,resnet,True,solarisation,lr,0.0001,0.0001,32,14,0.0318,3.4384,2.1399,0.8333,0.5510,nan,nan,nan,nan,0
early,cage,2,3,resnet,True,solarisation,lr,0.0001,0.0001,32,15,0.0569,1.3463,0.9083,0.8333,0.6571,nan,nan,nan,nan,0
early,cage,2,3,resnet,True,solarisation,lr,0.0001,0.0001,32,16,0.0357,2.1629,1.3688,0.8333,0.6816,nan,nan,nan,nan,0
early,cage,2,4,resnet,True,solarisation,lr,0.0001,0.0001,32,1,0.7224,0.7372,0.6659,0.8140,0.5036,nan,nan,nan,nan,0
early,cage,2,4,resnet,True,solarisation,lr,0.0001,0.0001,32,2,0.6105,0.7529,0.6950,0.8140,0.4143,nan,nan,nan,nan,0
early,cage,2,4,resnet,True,solarisation,lr,0.0001,0.0001,32,3,0.5123,1.0621,0.8432,0.8140,0.5286,nan,nan,nan,nan,0
early,cage,2,4,resnet,True,solarisation,lr,0.0001,0.0001,32,4,0.3455,1.4311,1.1131,0.8140,0.4321,nan,nan,nan,nan,0
early,cage,2,4,resnet,True,solarisation,lr,0.0001,0.0001,32,5,0.2312,1.2913,1.0594,0.8140,0.4607,nan,nan,nan,nan,1
early,cage,2,4,resnet,True,solarisation,lr,0.0001,0.0001,32,6,0.1620,1.8631,1.4253,0.8140,0.5393,nan,nan,nan,nan,1
early,cage,2,4,resnet,True,solarisation,lr,0.0001,0.0001,32,7,0.0993,3.4178,2.5410,0.8140,0.4679,nan,nan,nan,nan,1
early,cage,2,4,resnet,True,solarisation,lr,0.0001,0.0001,32,8,0.0817,2.6310,1.9895,0.8140,0.4893,nan,nan,nan,nan,0
early,cage,2,4,resnet,True,solarisation,lr,0.0001,0.0001,32,9,0.0639,3.5655,2.6748,0.8140,0.4750,nan,nan,nan,nan,0
early,cage,2,4,resnet,True,solarisation,lr,0.0001,0.0001,32,10,0.0583,1.5117,1.3985,0.7442,0.4964,1.3010,1.0803,0.7143,0.4853,1
early,cage,2,4,resnet,True,solarisation,lr,0.0001,0.0001,32,11,0.0316,2.3992,1.8597,0.8140,0.4000,nan,nan,nan,nan,0
early,cage,2,4,resnet,True,solarisation,lr,0.0001,0.0001,32,12,0.0234,2.3743,1.8599,0.8140,0.4429,nan,nan,nan,nan,0
early,cage,2,4,resnet,True,solarisation,lr,0.0001,0.0001,32,13,0.0229,2.9174,2.1668,0.8140,0.4107,nan,nan,nan,nan,0
early,cage,2,4,resnet,True,solarisation,lr,0.0001,0.0001,32,14,0.0449,3.7354,2.7900,0.8140,0.4321,nan,nan,nan,nan,0
early,cage,2,4,resnet,True,solarisation,lr,0.0001,0.0001,32,15,0.0831,2.7381,2.0590,0.8140,0.4679,nan,nan,nan,nan,0
early,cage,2,4,resnet,True,solarisation,lr,0.0001,0.0001,32,16,0.0695,2.0178,1.5680,0.8140,0.4643,nan,nan,nan,nan,0
early,cage,2,5,resnet,True,solarisation,lr,0.0001,0.0001,32,1,0.7029,0.7750,0.7042,0.7250,0.2581,nan,nan,nan,nan,0
early,cage,2,5,resnet,True,solarisation,lr,0.0001,0.0001,32,2,0.5915,0.7070,0.7628,0.2250,0.2545,nan,nan,nan,nan,0
early,cage,2,5,resnet,True,solarisation,lr,0.0001,0.0001,32,3,0.4780,0.9590,0.7208,0.7750,0.4301,nan,nan,nan,nan,0
early,cage,2,5,resnet,True,solarisation,lr,0.0001,0.0001,32,4,0.3146,0.9498,0.7926,0.7750,0.3154,nan,nan,nan,nan,0
early,cage,2,5,resnet,True,solarisation,lr,0.0001,0.0001,32,5,0.2171,1.0974,0.8620,0.7750,0.3011,nan,nan,nan,nan,1
early,cage,2,5,resnet,True,solarisation,lr,0.0001,0.0001,32,6,0.1495,1.0033,0.7863,0.7750,0.3943,nan,nan,nan,nan,1
early,cage,2,5,resnet,True,solarisation,lr,0.0001,0.0001,32,7,0.0976,1.2311,0.8938,0.7750,0.4516,nan,nan,nan,nan,1
early,cage,2,5,resnet,True,solarisation,lr,0.0001,0.0001,32,8,0.0738,1.7634,1.2237,0.7750,0.4337,nan,nan,nan,nan,0
early,cage,2,5,resnet,True,solarisation,lr,0.0001,0.0001,32,9,0.0498,1.3816,0.9981,0.7750,0.5125,nan,nan,nan,nan,1
early,cage,2,5,resnet,True,solarisation,lr,0.0001,0.0001,32,10,0.0371,1.8580,1.2560,0.7750,0.4194,nan,nan,nan,nan,1
early,cage,2,5,resnet,True,solarisation,lr,0.0001,0.0001,32,11,0.0756,2.1676,1.3873,0.7750,0.4659,nan,nan,nan,nan,1
early,cage,2,5,resnet,True,solarisation,lr,0.0001,0.0001,32,12,0.0643,1.6313,1.2323,0.7750,0.4409,nan,nan,nan,nan,0
early,cage,2,5,resnet,True,solarisation,lr,0.0001,0.0001,32,13,0.0461,2.0801,1.4098,0.7750,0.4875,2.1265,1.3544,0.8095,0.2978,1
early,cage,2,5,resnet,True,solarisation,lr,0.0001,0.0001,32,14,0.0276,1.4001,1.0811,0.7750,0.4552,nan,nan,nan,nan,0
early,cage,2,5,resnet,True,solarisation,lr,0.0001,0.0001,32,15,0.0439,1.6427,1.1937,0.7750,0.4086,nan,nan,nan,nan,0
early,cage,2,5,resnet,True,solarisation,lr,0.0001,0.0001,32,16,0.0279,1.9770,1.3258,0.7750,0.4337,nan,nan,nan,nan,0
early,cage,2,5,resnet,True,solarisation,lr,0.0001,0.0001,32,17,0.0144,2.2038,1.4732,0.7750,0.4731,nan,nan,nan,nan,0
early,cage,2,5,resnet,True,solarisation,lr,0.0001,0.0001,32,18,0.0111,1.2071,1.1164,0.7000,0.4588,nan,nan,nan,nan,0
early,cage,2,6,resnet,True,solarisation,lr,0.0001,0.0001,32,1,0.7063,0.8290,0.9603,0.1463,0.5619,nan,nan,nan,nan,0
early,cage,2,6,resnet,True,solarisation,lr,0.0001,0.0001,32,2,0.6025,0.7019,0.7394,0.2439,0.5667,nan,nan,nan,nan,0
early,cage,2,6,resnet,True,solarisation,lr,0.0001,0.0001,32,3,0.4757,0.7145,0.5977,0.8537,0.6857,nan,nan,nan,nan,0
early,cage,2,6,resnet,True,solarisation,lr,0.0001,0.0001,32,4,0.3404,0.6668,0.7120,0.4878,0.6143,nan,nan,nan,nan,0
early,cage,2,6,resnet,True,solarisation,lr,0.0001,0.0001,32,5,0.2059,0.8654,0.6952,0.8537,0.6048,nan,nan,nan,nan,1
early,cage,2,6,resnet,True,solarisation,lr,0.0001,0.0001,32,6,0.1553,0.9315,0.7470,0.8293,0.6619,nan,nan,nan,nan,1
early,cage,2,6,resnet,True,solarisation,lr,0.0001,0.0001,32,7,0.1187,1.6278,1.0696,0.8537,0.7667,nan,nan,nan,nan,1
early,cage,2,6,resnet,True,solarisation,lr,0.0001,0.0001,32,8,0.0718,1.1454,0.8130,0.8537,0.7524,nan,nan,nan,nan,1
early,cage,2,6,resnet,True,solarisation,lr,0.0001,0.0001,32,9,0.0356,1.7000,1.2122,0.8537,0.7000,nan,nan,nan,nan,1
early,cage,2,6,resnet,True,solarisation,lr,0.0001,0.0001,32,10,0.0585,1.1273,0.9275,0.8293,0.6810,1.6710,1.1568,0.8095,0.4265,1
early,cage,2,6,resnet,True,solarisation,lr,0.0001,0.0001,32,11,0.0533,1.5653,1.1167,0.8537,0.6619,nan,nan,nan,nan,0
early,cage,2,6,resnet,True,solarisation,lr,0.0001,0.0001,32,12,0.0287,2.2200,1.4699,0.8537,0.6714,nan,nan,nan,nan,0
early,cage,2,6,resnet,True,solarisation,lr,0.0001,0.0001,32,13,0.0173,1.9464,1.3444,0.8537,0.6238,nan,nan,nan,nan,0
early,cage,2,6,resnet,True,solarisation,lr,0.0001,0.0001,32,14,0.0297,2.5643,1.7323,0.8537,0.6619,nan,nan,nan,nan,0
early,cage,2,6,resnet,True,solarisation,lr,0.0001,0.0001,32,15,0.0589,2.2842,1.5943,0.8537,0.6810,nan,nan,nan,nan,0
early,cage,2,6,resnet,True,solarisation,lr,0.0001,0.0001,32,16,0.0946,2.4256,1.7827,0.8537,0.6667,nan,nan,nan,nan,0
early,cage,2,7,resnet,True,solarisation,lr,0.0001,0.0001,32,1,0.7176,0.6686,0.6626,0.7273,0.6701,nan,nan,nan,nan,0
early,cage,2,7,resnet,True,solarisation,lr,0.0001,0.0001,32,2,0.6163,0.7951,1.0684,0.1818,0.5799,nan,nan,nan,nan,0
early,cage,2,7,resnet,True,solarisation,lr,0.0001,0.0001,32,3,0.4954,0.7135,0.8860,0.1818,0.5278,nan,nan,nan,nan,0
early,cage,2,7,resnet,True,solarisation,lr,0.0001,0.0001,32,4,0.3532,0.6926,0.5974,0.8864,0.7049,nan,nan,nan,nan,0
early,cage,2,7,resnet,True,solarisation,lr,0.0001,0.0001,32,5,0.2112,0.9557,0.6566,0.8182,0.7014,nan,nan,nan,nan,1
early,cage,2,7,resnet,True,solarisation,lr,0.0001,0.0001,32,6,0.1362,0.7907,0.9034,0.6364,0.5660,nan,nan,nan,nan,0
early,cage,2,7,resnet,True,solarisation,lr,0.0001,0.0001,32,7,0.1162,1.0389,0.7414,0.8182,0.6736,nan,nan,nan,nan,0
early,cage,2,7,resnet,True,solarisation,lr,0.0001,0.0001,32,8,0.0785,0.8954,0.7826,0.8636,0.6875,1.0503,0.9589,0.7381,0.5110,1
early,cage,2,7,resnet,True,solarisation,lr,0.0001,0.0001,32,9,0.0534,0.6769,0.9494,0.5682,0.7153,nan,nan,nan,nan,0
early,cage,2,7,resnet,True,solarisation,lr,0.0001,0.0001,32,10,0.0471,1.3141,1.9438,0.1591,0.5035,nan,nan,nan,nan,0
early,cage,2,7,resnet,True,solarisation,lr,0.0001,0.0001,32,11,0.0546,0.9947,1.4309,0.2045,0.5382,nan,nan,nan,nan,0
early,cage,2,7,resnet,True,solarisation,lr,0.0001,0.0001,32,12,0.0495,1.2490,0.9117,0.8636,0.5729,nan,nan,nan,nan,0
early,cage,2,7,resnet,True,solarisation,lr,0.0001,0.0001,32,13,0.0363,1.4923,1.0240,0.8409,0.6215,nan,nan,nan,nan,0
early,cage,2,7,resnet,True,solarisation,lr,0.0001,0.0001,32,14,0.0403,2.0453,1.1934,0.8182,0.6181,nan,nan,nan,nan,0
early,cage,2,7,resnet,True,solarisation,lr,0.0001,0.0001,32,15,0.0160,1.0386,0.7667,0.8409,0.7257,nan,nan,nan,nan,0
early,cage,2,7,resnet,True,solarisation,lr,0.0001,0.0001,32,16,0.0173,1.8501,1.0909,0.8182,0.6667,nan,nan,nan,nan,0
early,cage,2,8,resnet,True,solarisation,lr,0.0001,0.0001,32,1,0.7055,0.7014,0.7674,0.1702,0.5897,nan,nan,nan,nan,0
early,cage,2,8,resnet,True,solarisation,lr,0.0001,0.0001,32,2,0.6133,0.7515,0.9220,0.1915,0.4968,nan,nan,nan,nan,0
early,cage,2,8,resnet,True,solarisation,lr,0.0001,0.0001,32,3,0.4826,0.8350,1.0889,0.1702,0.4872,nan,nan,nan,nan,0
early,cage,2,8,resnet,True,solarisation,lr,0.0001,0.0001,32,4,0.3609,0.7446,0.8840,0.4468,0.5513,nan,nan,nan,nan,0
early,cage,2,8,resnet,True,solarisation,lr,0.0001,0.0001,32,5,0.2308,1.0623,0.7562,0.8298,0.5064,nan,nan,nan,nan,1
early,cage,2,8,resnet,True,solarisation,lr,0.0001,0.0001,32,6,0.1530,0.9328,0.8014,0.7660,0.5224,nan,nan,nan,nan,0
early,cage,2,8,resnet,True,solarisation,lr,0.0001,0.0001,32,7,0.1120,1.7209,1.0555,0.8298,0.5481,nan,nan,nan,nan,0
early,cage,2,8,resnet,True,solarisation,lr,0.0001,0.0001,32,8,0.0606,1.0163,1.1335,0.7447,0.6154,nan,nan,nan,nan,1
early,cage,2,8,resnet,True,solarisation,lr,0.0001,0.0001,32,9,0.0458,1.8636,1.2287,0.8298,0.5160,nan,nan,nan,nan,0
early,cage,2,8,resnet,True,solarisation,lr,0.0001,0.0001,32,10,0.0695,1.6816,1.1160,0.8298,0.5160,nan,nan,nan,nan,0
early,cage,2,8,resnet,True,solarisation,lr,0.0001,0.0001,32,11,0.0368,1.6409,1.1916,0.8085,0.5160,nan,nan,nan,nan,0
early,cage,2,8,resnet,True,solarisation,lr,0.0001,0.0001,32,12,0.0401,2.6797,1.6296,0.8298,0.5321,nan,nan,nan,nan,0
early,cage,2,8,resnet,True,solarisation,lr,0.0001,0.0001,32,13,0.0585,2.7144,1.6308,0.8298,0.5513,nan,nan,nan,nan,0
early,cage,2,8,resnet,True,solarisation,lr,0.0001,0.0001,32,14,0.0470,2.3033,1.4842,0.8085,0.6506,nan,nan,nan,nan,0
early,cage,2,8,resnet,True,solarisation,lr,0.0001,0.0001,32,15,0.0302,2.8583,1.8390,0.8085,0.5769,nan,nan,nan,nan,1
early,cage,2,8,resnet,True,solarisation,lr,0.0001,0.0001,32,16,0.0249,1.4749,1.2876,0.7660,0.5897,1.6418,1.3707,0.7381,0.4265,1
early,cage,2,8,resnet,True,solarisation,lr,0.0001,0.0001,32,17,0.0722,5.9250,3.0367,0.8298,0.5000,nan,nan,nan,nan,0
early,cage,2,8,resnet,True,solarisation,lr,0.0001,0.0001,32,18,0.0424,1.2087,1.3311,0.7234,0.5064,nan,nan,nan,nan,0
early,cage,2,8,resnet,True,solarisation,lr,0.0001,0.0001,32,19,0.0199,2.8475,1.7852,0.8085,0.5160,nan,nan,nan,nan,0
early,cage,2,8,resnet,True,solarisation,lr,0.0001,0.0001,32,20,0.0101,1.6041,1.5786,0.7447,0.5064,nan,nan,nan,nan,0
early,cage,2,8,resnet,True,solarisation,lr,0.0001,0.0001,32,21,0.0068,2.0889,1.7168,0.7872,0.5449,nan,nan,nan,nan,0
early,cage,2,9,resnet,True,solarisation,lr,0.0001,0.0001,32,1,0.7076,0.6915,0.7601,0.2143,0.4882,nan,nan,nan,nan,0
early,cage,2,9,resnet,True,solarisation,lr,0.0001,0.0001,32,2,0.5899,0.7446,0.9683,0.2143,0.2121,nan,nan,nan,nan,0
early,cage,2,9,resnet,True,solarisation,lr,0.0001,0.0001,32,3,0.4694,0.7223,0.8503,0.2143,0.2593,nan,nan,nan,nan,0
early,cage,2,9,resnet,True,solarisation,lr,0.0001,0.0001,32,4,0.3209,0.7319,0.9322,0.2143,0.3131,nan,nan,nan,nan,0
early,cage,2,9,resnet,True,solarisation,lr,0.0001,0.0001,32,5,0.1925,0.9955,0.7128,0.7619,0.4175,0.9309,0.6833,0.8095,0.4154,1
early,cage,2,9,resnet,True,solarisation,lr,0.0001,0.0001,32,6,0.1219,0.9522,0.7374,0.7857,0.3333,nan,nan,nan,nan,0
early,cage,2,9,resnet,True,solarisation,lr,0.0001,0.0001,32,7,0.0881,0.9715,0.7988,0.7381,0.2020,nan,nan,nan,nan,0
early,cage,2,9,resnet,True,solarisation,lr,0.0001,0.0001,32,8,0.0623,0.9433,1.0504,0.4286,0.2694,nan,nan,nan,nan,0
early,cage,2,9,resnet,True,solarisation,lr,0.0001,0.0001,32,9,0.0705,0.9035,1.1502,0.2857,0.2559,nan,nan,nan,nan,0
early,cage,2,9,resnet,True,solarisation,lr,0.0001,0.0001,32,10,0.0381,1.1413,1.0305,0.5714,0.1650,nan,nan,nan,nan,0
early,cage,2,9,resnet,True,solarisation,lr,0.0001,0.0001,32,11,0.0423,0.9161,1.2633,0.2381,0.2593,nan,nan,nan,nan,0
early,cage,2,9,resnet,True,solarisation,lr,0.0001,0.0001,32,12,0.0492,1.2897,0.9694,0.7381,0.2896,nan,nan,nan,nan,0
early,cage,2,9,resnet,True,solarisation,lr,0.0001,0.0001,32,13,0.0343,2.7369,1.5233,0.7857,0.3401,nan,nan,nan,nan,0
early,cage,2,9,resnet,True,solarisation,lr,0.0001,0.0001,32,14,0.0244,1.4550,1.1245,0.7381,0.2862,nan,nan,nan,nan,0
early,cage,2,9,resnet,True,solarisation,lr,0.0001,0.0001,32,15,0.0728,0.8053,0.9911,0.4048,0.3434,nan,nan,nan,nan,0
early,cage,2,9,resnet,True,solarisation,lr,0.0001,0.0001,32,16,0.0497,1.4607,1.0685,0.7619,0.2559,nan,nan,nan,nan,0
early,cage,3,0,resnet,True,solarisation,lr,0.0001,0.0001,32,1,0.7157,0.6778,0.6981,0.5814,0.6746,nan,nan,nan,nan,0
early,cage,3,0,resnet,True,solarisation,lr,0.0001,0.0001,32,2,0.6386,0.6768,0.6949,0.6047,0.6825,nan,nan,nan,nan,0
early,cage,3,0,resnet,True,solarisation,lr,0.0001,0.0001,32,3,0.5342,0.7478,0.8815,0.1628,0.6429,nan,nan,nan,nan,0
early,cage,3,0,resnet,True,solarisation,lr,0.0001,0.0001,32,4,0.3840,0.7336,0.8452,0.2326,0.4722,nan,nan,nan,nan,0
early,cage,3,0,resnet,True,solarisation,lr,0.0001,0.0001,32,5,0.2640,0.7972,0.9396,0.3256,0.5000,0.6408,0.8124,0.3810,0.7551,1
early,cage,3,0,resnet,True,solarisation,lr,0.0001,0.0001,32,6,0.1874,1.2160,0.9139,0.8372,0.5516,nan,nan,nan,nan,0
early,cage,3,0,resnet,True,solarisation,lr,0.0001,0.0001,32,7,0.1255,0.9108,1.0972,0.4651,0.5357,nan,nan,nan,nan,0
early,cage,3,0,resnet,True,solarisation,lr,0.0001,0.0001,32,8,0.0601,1.0991,1.0175,0.8372,0.5437,nan,nan,nan,nan,0
early,cage,3,0,resnet,True,solarisation,lr,0.0001,0.0001,32,9,0.0529,1.5346,1.2214,0.8372,0.5000,nan,nan,nan,nan,0
early,cage,3,0,resnet,True,solarisation,lr,0.0001,0.0001,32,10,0.0627,1.9272,1.3664,0.8372,0.4524,nan,nan,nan,nan,0
early,cage,3,0,resnet,True,solarisation,lr,0.0001,0.0001,32,11,0.0562,1.5791,1.2416,0.8372,0.5873,nan,nan,nan,nan,0
early,cage,3,0,resnet,True,solarisation,lr,0.0001,0.0001,32,12,0.0479,4.0985,2.6558,0.8372,0.5278,nan,nan,nan,nan,0
early,cage,3,0,resnet,True,solarisation,lr,0.0001,0.0001,32,13,0.0410,1.8364,1.7948,0.8140,0.5278,nan,nan,nan,nan,0
early,cage,3,0,resnet,True,solarisation,lr,0.0001,0.0001,32,14,0.0492,2.5047,1.9070,0.8372,0.5833,nan,nan,nan,nan,0
early,cage,3,0,resnet,True,solarisation,lr,0.0001,0.0001,32,15,0.0304,0.9796,1.8967,0.3256,0.5873,nan,nan,nan,nan,0
early,cage,3,0,resnet,True,solarisation,lr,0.0001,0.0001,32,16,0.0483,2.2737,1.7334,0.8140,0.5119,nan,nan,nan,nan,0
early,cage,3,1,resnet,True,solarisation,lr,0.0001,0.0001,32,1,0.7045,0.6847,0.6858,0.5814,0.5992,nan,nan,nan,nan,0
early,cage,3,1,resnet,True,solarisation,lr,0.0001,0.0001,32,2,0.6326,0.6969,0.6865,0.6279,0.5357,nan,nan,nan,nan,0
early,cage,3,1,resnet,True,solarisation,lr,0.0001,0.0001,32,3,0.5074,0.8975,0.6387,0.8140,0.5357,nan,nan,nan,nan,0
early,cage,3,1,resnet,True,solarisation,lr,0.0001,0.0001,32,4,0.3601,1.1024,0.7474,0.8140,0.5516,nan,nan,nan,nan,0
early,cage,3,1,resnet,True,solarisation,lr,0.0001,0.0001,32,5,0.2226,1.4761,0.9048,0.8372,0.5397,1.4775,1.0121,0.8333,0.3878,1
early,cage,3,1,resnet,True,solarisation,lr,0.0001,0.0001,32,6,0.1478,0.8343,0.7996,0.6512,0.5516,nan,nan,nan,nan,0
early,cage,3,1,resnet,True,solarisation,lr,0.0001,0.0001,32,7,0.1280,1.0583,0.7956,0.7907,0.4762,nan,nan,nan,nan,0
early,cage,3,1,resnet,True,solarisation,lr,0.0001,0.0001,32,8,0.0759,2.3992,1.3812,0.8372,0.5437,nan,nan,nan,nan,0
early,cage,3,1,resnet,True,solarisation,lr,0.0001,0.0001,32,9,0.0535,2.3988,1.3986,0.8372,0.5794,nan,nan,nan,nan,0
early,cage,3,1,resnet,True,solarisation,lr,0.0001,0.0001,32,10,0.0540,1.7670,1.1131,0.8140,0.5238,nan,nan,nan,nan,0
early,cage,3,1,resnet,True,solarisation,lr,0.0001,0.0001,32,11,0.0342,2.3133,1.3737,0.8372,0.5238,nan,nan,nan,nan,0
early,cage,3,1,resnet,True,solarisation,lr,0.0001,0.0001,32,12,0.0934,2.8043,1.5774,0.8372,0.4841,nan,nan,nan,nan,0
early,cage,3,1,resnet,True,solarisation,lr,0.0001,0.0001,32,13,0.0374,1.5094,1.0592,0.7907,0.5119,nan,nan,nan,nan,0
early,cage,3,1,resnet,True,solarisation,lr,0.0001,0.0001,32,14,0.0255,2.0037,1.2730,0.8140,0.5317,nan,nan,nan,nan,0
early,cage,3,1,resnet,True,solarisation,lr,0.0001,0.0001,32,15,0.0250,2.8235,1.6214,0.8372,0.4921,nan,nan,nan,nan,0
early,cage,3,1,resnet,True,solarisation,lr,0.0001,0.0001,32,16,0.0128,3.0041,1.7010,0.8372,0.4563,nan,nan,nan,nan,0
early,cage,3,2,resnet,True,solarisation,lr,0.0001,0.0001,32,1,0.7114,0.7362,0.8784,0.1905,0.3676,nan,nan,nan,nan,0
early,cage,3,2,resnet,True,solarisation,lr,0.0001,0.0001,32,2,0.5986,0.7012,0.6837,0.6429,0.4706,nan,nan,nan,nan,0
early,cage,3,2,resnet,True,solarisation,lr,0.0001,0.0001,32,3,0.4719,0.6897,0.7721,0.2381,0.5772,nan,nan,nan,nan,0
early,cage,3,2,resnet,True,solarisation,lr,0.0001,0.0001,32,4,0.3255,0.7316,0.9092,0.2143,0.4779,nan,nan,nan,nan,0
early,cage,3,2,resnet,True,solarisation,lr,0.0001,0.0001,32,5,0.2140,1.1746,0.8392,0.8095,0.3566,nan,nan,nan,nan,1
early,cage,3,2,resnet,True,solarisation,lr,0.0001,0.0001,32,6,0.1454,1.8400,1.1088,0.8095,0.4522,1.4857,0.9688,0.8333,0.6490,1
early,cage,3,2,resnet,True,solarisation,lr,0.0001,0.0001,32,7,0.1046,1.7244,1.1125,0.8095,0.3456,nan,nan,nan,nan,0
early,cage,3,2,resnet,True,solarisation,lr,0.0001,0.0001,32,8,0.0648,1.7523,1.1199,0.8095,0.4265,nan,nan,nan,nan,0
early,cage,3,2,resnet,True,solarisation,lr,0.0001,0.0001,32,9,0.0797,2.7368,1.6520,0.8095,0.3640,nan,nan,nan,nan,0
early,cage,3,2,resnet,True,solarisation,lr,0.0001,0.0001,32,10,0.0733,1.9418,1.1988,0.8095,0.4963,nan,nan,nan,nan,0
early,cage,3,2,resnet,True,solarisation,lr,0.0001,0.0001,32,11,0.0384,2.5938,1.5725,0.8095,0.3971,nan,nan,nan,nan,0
early,cage,3,2,resnet,True,solarisation,lr,0.0001,0.0001,32,12,0.0240,3.4539,2.0654,0.8095,0.3676,nan,nan,nan,nan,0
early,cage,3,2,resnet,True,solarisation,lr,0.0001,0.0001,32,13,0.0105,2.4854,1.6000,0.8095,0.4007,nan,nan,nan,nan,0
early,cage,3,2,resnet,True,solarisation,lr,0.0001,0.0001,32,14,0.0084,2.0988,1.4539,0.8333,0.4522,nan,nan,nan,nan,0
early,cage,3,2,resnet,True,solarisation,lr,0.0001,0.0001,32,15,0.0071,1.9748,1.3825,0.8095,0.4669,nan,nan,nan,nan,0
early,cage,3,2,resnet,True,solarisation,lr,0.0001,0.0001,32,16,0.0465,3.1115,1.8547,0.8095,0.4007,nan,nan,nan,nan,0
early,cage,3,4,resnet,True,solarisation,lr,0.0001,0.0001,32,1,0.7201,0.7060,0.7557,0.1860,0.4536,nan,nan,nan,nan,0
early,cage,3,4,resnet,True,solarisation,lr,0.0001,0.0001,32,2,0.6316,0.7239,0.7630,0.2093,0.2429,nan,nan,nan,nan,0
early,cage,3,4,resnet,True,solarisation,lr,0.0001,0.0001,32,3,0.4975,0.7199,0.7118,0.5349,0.4107,nan,nan,nan,nan,0
early,cage,3,4,resnet,True,solarisation,lr,0.0001,0.0001,32,4,0.3611,0.7605,0.8719,0.1860,0.3357,nan,nan,nan,nan,0
early,cage,3,4,resnet,True,solarisation,lr,0.0001,0.0001,32,5,0.2318,0.9294,0.9220,0.7674,0.2571,nan,nan,nan,nan,1
early,cage,3,4,resnet,True,solarisation,lr,0.0001,0.0001,32,6,0.1608,0.8679,0.8479,0.8140,0.3000,nan,nan,nan,nan,0
early,cage,3,4,resnet,True,solarisation,lr,0.0001,0.0001,32,7,0.0833,1.8312,1.4846,0.8140,0.2929,nan,nan,nan,nan,0
early,cage,3,4,resnet,True,solarisation,lr,0.0001,0.0001,32,8,0.1040,2.5642,1.9053,0.8140,0.3536,nan,nan,nan,nan,0
early,cage,3,4,resnet,True,solarisation,lr,0.0001,0.0001,32,9,0.0594,2.9925,2.2221,0.8140,0.2786,nan,nan,nan,nan,0
early,cage,3,4,resnet,True,solarisation,lr,0.0001,0.0001,32,10,0.0393,2.8602,2.1987,0.8140,0.3500,nan,nan,nan,nan,0
early,cage,3,4,resnet,True,solarisation,lr,0.0001,0.0001,32,11,0.0340,2.8142,2.1131,0.8140,0.2786,nan,nan,nan,nan,0
early,cage,3,4,resnet,True,solarisation,lr,0.0001,0.0001,32,12,0.0394,2.3974,1.8250,0.8140,0.3857,nan,nan,nan,nan,0
early,cage,3,4,resnet,True,solarisation,lr,0.0001,0.0001,32,13,0.0528,2.2010,1.7084,0.8140,0.4036,nan,nan,nan,nan,0
early,cage,3,4,resnet,True,solarisation,lr,0.0001,0.0001,32,14,0.0398,5.2783,3.9110,0.8140,0.2821,nan,nan,nan,nan,0
early,cage,3,4,resnet,True,solarisation,lr,0.0001,0.0001,32,15,0.0181,3.6493,2.7203,0.8140,0.3500,nan,nan,nan,nan,0
early,cage,3,4,resnet,True,solarisation,lr,0.0001,0.0001,32,16,0.0281,2.9185,2.1990,0.8140,0.3821,nan,nan,nan,nan,1
early,cage,3,4,resnet,True,solarisation,lr,0.0001,0.0001,32,17,0.0501,2.2091,1.6959,0.8140,0.4000,nan,nan,nan,nan,0
early,cage,3,4,resnet,True,solarisation,lr,0.0001,0.0001,32,18,0.0334,3.2049,2.3763,0.8140,0.3214,nan,nan,nan,nan,0
early,cage,3,4,resnet,True,solarisation,lr,0.0001,0.0001,32,19,0.0385,2.2411,1.7645,0.8140,0.4571,nan,nan,nan,nan,1
early,cage,3,4,resnet,True,solarisation,lr,0.0001,0.0001,32,20,0.0171,1.7655,1.5499,0.8140,0.4464,nan,nan,nan,nan,1
early,cage,3,4,resnet,True,solarisation,lr,0.0001,0.0001,32,21,0.0177,1.8111,1.6415,0.7442,0.3857,nan,nan,nan,nan,0
early,cage,3,4,resnet,True,solarisation,lr,0.0001,0.0001,32,22,0.0070,2.0727,1.8462,0.7907,0.3893,nan,nan,nan,nan,0
early,cage,3,4,resnet,True,solarisation,lr,0.0001,0.0001,32,23,0.0052,1.8607,1.7893,0.7907,0.4000,1.2893,1.1374,0.8810,0.6367,1
early,cage,3,4,resnet,True,solarisation,lr,0.0001,0.0001,32,24,0.0254,2.6217,2.1782,0.8140,0.3821,nan,nan,nan,nan,0
early,cage,3,4,resnet,True,solarisation,lr,0.0001,0.0001,32,25,0.1133,1.3097,1.2135,0.7907,0.4143,nan,nan,nan,nan,0
early,cage,3,4,resnet,True,solarisation,lr,0.0001,0.0001,32,26,0.0230,1.7659,1.4269,0.8140,0.4214,nan,nan,nan,nan,0
early,cage,3,4,resnet,True,solarisation,lr,0.0001,0.0001,32,27,0.0100,2.5581,1.9224,0.8140,0.4643,nan,nan,nan,nan,0
early,cage,3,4,resnet,True,solarisation,lr,0.0001,0.0001,32,28,0.0057,2.3014,1.7933,0.8140,0.3821,nan,nan,nan,nan,0
early,cage,3,5,resnet,True,solarisation,lr,0.0001,0.0001,32,1,0.7051,0.7297,0.7134,0.5750,0.3262,nan,nan,nan,nan,0
early,cage,3,5,resnet,True,solarisation,lr,0.0001,0.0001,32,2,0.6079,0.7473,0.6901,0.6250,0.4014,nan,nan,nan,nan,0
early,cage,3,5,resnet,True,solarisation,lr,0.0001,0.0001,32,3,0.4837,1.3036,0.9141,0.7750,0.4409,nan,nan,nan,nan,0
early,cage,3,5,resnet,True,solarisation,lr,0.0001,0.0001,32,4,0.3468,1.2278,0.9167,0.7250,0.5054,nan,nan,nan,nan,0
early,cage,3,5,resnet,True,solarisation,lr,0.0001,0.0001,32,5,0.2031,2.3080,1.5343,0.7750,0.3835,nan,nan,nan,nan,1
early,cage,3,5,resnet,True,solarisation,lr,0.0001,0.0001,32,6,0.1424,1.1515,1.0333,0.7000,0.4337,nan,nan,nan,nan,1
early,cage,3,5,resnet,True,solarisation,lr,0.0001,0.0001,32,7,0.1207,3.9665,2.4573,0.7750,0.5376,nan,nan,nan,nan,1
early,cage,3,5,resnet,True,solarisation,lr,0.0001,0.0001,32,8,0.0737,2.3624,1.6010,0.7750,0.4373,nan,nan,nan,nan,0
early,cage,3,5,resnet,True,solarisation,lr,0.0001,0.0001,32,9,0.0581,4.4565,2.7721,0.7750,0.5090,nan,nan,nan,nan,0
early,cage,3,5,resnet,True,solarisation,lr,0.0001,0.0001,32,10,0.0445,4.7626,2.9720,0.7750,0.3943,nan,nan,nan,nan,0
early,cage,3,5,resnet,True,solarisation,lr,0.0001,0.0001,32,11,0.0741,1.8448,1.4581,0.7250,0.5591,1.5594,1.2833,0.7857,0.5673,1
early,cage,3,5,resnet,True,solarisation,lr,0.0001,0.0001,32,12,0.0462,4.4523,2.7898,0.7750,0.4839,nan,nan,nan,nan,0
early,cage,3,5,resnet,True,solarisation,lr,0.0001,0.0001,32,13,0.0419,2.6049,1.8034,0.7750,0.3907,nan,nan,nan,nan,0
early,cage,3,5,resnet,True,solarisation,lr,0.0001,0.0001,32,14,0.0623,5.6534,3.4474,0.7750,0.4731,nan,nan,nan,nan,0
early,cage,3,5,resnet,True,solarisation,lr,0.0001,0.0001,32,15,0.0615,6.3788,3.8652,0.7750,0.4480,nan,nan,nan,nan,0
early,cage,3,5,resnet,True,solarisation,lr,0.0001,0.0001,32,16,0.0233,7.3129,4.4156,0.7750,0.4803,nan,nan,nan,nan,0
early,cage,3,6,resnet,True,solarisation,lr,0.0001,0.0001,32,1,0.7039,0.7135,0.7439,0.1463,0.5048,nan,nan,nan,nan,0
early,cage,3,6,resnet,True,solarisation,lr,0.0001,0.0001,32,2,0.6072,0.7297,0.7826,0.1707,0.4238,nan,nan,nan,nan,0
early,cage,3,6,resnet,True,solarisation,lr,0.0001,0.0001,32,3,0.4941,0.7208,0.7228,0.5610,0.3429,nan,nan,nan,nan,0
early,cage,3,6,resnet,True,solarisation,lr,0.0001,0.0001,32,4,0.3541,0.9689,0.7367,0.8537,0.5238,nan,nan,nan,nan,0
early,cage,3,6,resnet,True,solarisation,lr,0.0001,0.0001,32,5,0.2207,0.7627,0.8810,0.4634,0.4143,0.6664,0.7596,0.5476,0.6367,1
early,cage,3,6,resnet,True,solarisation,lr,0.0001,0.0001,32,6,0.1531,1.0804,0.8763,0.8537,0.4143,nan,nan,nan,nan,0
early,cage,3,6,resnet,True,solarisation,lr,0.0001,0.0001,32,7,0.1193,0.8323,0.7857,0.8293,0.3905,nan,nan,nan,nan,0
early,cage,3,6,resnet,True,solarisation,lr,0.0001,0.0001,32,8,0.0609,1.2209,1.0183,0.8537,0.4048,nan,nan,nan,nan,0
early,cage,3,6,resnet,True,solarisation,lr,0.0001,0.0001,32,9,0.0862,0.8817,0.9295,0.7805,0.4095,nan,nan,nan,nan,0
early,cage,3,6,resnet,True,solarisation,lr,0.0001,0.0001,32,10,0.0789,1.3305,1.0220,0.8537,0.5476,nan,nan,nan,nan,0
early,cage,3,6,resnet,True,solarisation,lr,0.0001,0.0001,32,11,0.0301,0.8546,1.1266,0.5366,0.3810,nan,nan,nan,nan,0
early,cage,3,6,resnet,True,solarisation,lr,0.0001,0.0001,32,12,0.0282,1.0522,1.1511,0.7561,0.3857,nan,nan,nan,nan,0
early,cage,3,6,resnet,True,solarisation,lr,0.0001,0.0001,32,13,0.0265,0.8419,1.0898,0.5610,0.4000,nan,nan,nan,nan,0
early,cage,3,6,resnet,True,solarisation,lr,0.0001,0.0001,32,14,0.0473,1.3912,1.2518,0.8537,0.4190,nan,nan,nan,nan,0
early,cage,3,6,resnet,True,solarisation,lr,0.0001,0.0001,32,15,0.0283,2.1148,1.5364,0.8537,0.4476,nan,nan,nan,nan,0
early,cage,3,6,resnet,True,solarisation,lr,0.0001,0.0001,32,16,0.0807,2.5129,1.8658,0.8537,0.4286,nan,nan,nan,nan,0
early,cage,3,7,resnet,True,solarisation,lr,0.0001,0.0001,32,1,0.7143,0.7101,0.7127,0.3636,0.3889,nan,nan,nan,nan,0
early,cage,3,7,resnet,True,solarisation,lr,0.0001,0.0001,32,2,0.6130,0.7563,0.8899,0.1818,0.3819,nan,nan,nan,nan,0
early,cage,3,7,resnet,True,solarisation,lr,0.0001,0.0001,32,3,0.4770,0.6820,0.6946,0.5909,0.5486,nan,nan,nan,nan,0
early,cage,3,7,resnet,True,solarisation,lr,0.0001,0.0001,32,4,0.3315,0.7809,0.8520,0.4318,0.3438,nan,nan,nan,nan,0
early,cage,3,7,resnet,True,solarisation,lr,0.0001,0.0001,32,5,0.2443,0.7599,0.8858,0.2727,0.4410,nan,nan,nan,nan,1
early,cage,3,7,resnet,True,solarisation,lr,0.0001,0.0001,32,6,0.1259,0.7269,1.0416,0.2727,0.6806,nan,nan,nan,nan,1
early,cage,3,7,resnet,True,solarisation,lr,0.0001,0.0001,32,7,0.0992,1.1001,1.1463,0.5455,0.3681,nan,nan,nan,nan,0
early,cage,3,7,resnet,True,solarisation,lr,0.0001,0.0001,32,8,0.0567,1.0175,1.4001,0.2273,0.4306,nan,nan,nan,nan,0
early,cage,3,7,resnet,True,solarisation,lr,0.0001,0.0001,32,9,0.0748,1.4604,2.1596,0.1818,0.5729,1.5096,2.0369,0.1667,0.6449,1
early,cage,3,7,resnet,True,solarisation,lr,0.0001,0.0001,32,10,0.0684,1.2060,1.7344,0.1591,0.3681,nan,nan,nan,nan,0
early,cage,3,7,resnet,True,solarisation,lr,0.0001,0.0001,32,11,0.0615,1.4608,2.0680,0.1818,0.5069,nan,nan,nan,nan,0
early,cage,3,7,resnet,True,solarisation,lr,0.0001,0.0001,32,12,0.0412,0.9301,1.2505,0.2955,0.4167,nan,nan,nan,nan,0
early,cage,3,7,resnet,True,solarisation,lr,0.0001,0.0001,32,13,0.0229,1.2523,1.8314,0.1818,0.4340,nan,nan,nan,nan,0
early,cage,3,7,resnet,True,solarisation,lr,0.0001,0.0001,32,14,0.0373,0.8157,1.2129,0.3636,0.5417,nan,nan,nan,nan,0
early,cage,3,7,resnet,True,solarisation,lr,0.0001,0.0001,32,15,0.0410,3.0939,1.8217,0.8182,0.5104,nan,nan,nan,nan,0
early,cage,3,7,resnet,True,solarisation,lr,0.0001,0.0001,32,16,0.0404,0.8105,1.1918,0.4545,0.5694,nan,nan,nan,nan,0
early,cage,3,8,resnet,True,solarisation,lr,0.0001,0.0001,32,1,0.7201,0.7641,0.8940,0.1702,0.3494,nan,nan,nan,nan,0
early,cage,3,8,resnet,True,solarisation,lr,0.0001,0.0001,32,2,0.6081,0.7892,0.9509,0.1702,0.4615,nan,nan,nan,nan,0
early,cage,3,8,resnet,True,solarisation,lr,0.0001,0.0001,32,3,0.4858,1.0687,1.4746,0.1702,0.4840,nan,nan,nan,nan,0
early,cage,3,8,resnet,True,solarisation,lr,0.0001,0.0001,32,4,0.3288,1.0998,1.5633,0.1702,0.4583,nan,nan,nan,nan,0
early,cage,3,8,resnet,True,solarisation,lr,0.0001,0.0001,32,5,0.2122,0.9921,1.4078,0.2128,0.5385,nan,nan,nan,nan,1
early,cage,3,8,resnet,True,solarisation,lr,0.0001,0.0001,32,6,0.1445,1.1445,1.7181,0.1702,0.4487,nan,nan,nan,nan,1
early,cage,3,8,resnet,True,solarisation,lr,0.0001,0.0001,32,7,0.1138,1.1337,1.6617,0.1702,0.5256,1.0559,1.5350,0.2143,0.4776,1
early,cage,3,8,resnet,True,solarisation,lr,0.0001,0.0001,32,8,0.0945,1.3396,1.0221,0.7660,0.4423,nan,nan,nan,nan,0
early,cage,3,8,resnet,True,solarisation,lr,0.0001,0.0001,32,9,0.0481,0.9264,1.2571,0.2553,0.5000,nan,nan,nan,nan,0
early,cage,3,8,resnet,True,solarisation,lr,0.0001,0.0001,32,10,0.0464,0.9811,1.2783,0.3617,0.4679,nan,nan,nan,nan,0
early,cage,3,8,resnet,True,solarisation,lr,0.0001,0.0001,32,11,0.0258,1.7900,2.6356,0.1702,0.4936,nan,nan,nan,nan,0
early,cage,3,8,resnet,True,solarisation,lr,0.0001,0.0001,32,12,0.0346,0.9730,1.1969,0.6596,0.4487,nan,nan,nan,nan,0
early,cage,3,8,resnet,True,solarisation,lr,0.0001,0.0001,32,13,0.0449,0.9793,1.2046,0.5957,0.4103,nan,nan,nan,nan,0
early,cage,3,8,resnet,True,solarisation,lr,0.0001,0.0001,32,14,0.0377,1.2898,1.9446,0.1489,0.3974,nan,nan,nan,nan,0
early,cage,3,8,resnet,True,solarisation,lr,0.0001,0.0001,32,15,0.0664,1.5482,2.5066,0.1702,0.4038,nan,nan,nan,nan,0
early,cage,3,8,resnet,True,solarisation,lr,0.0001,0.0001,32,16,0.0209,0.9171,1.4520,0.4043,0.4103,nan,nan,nan,nan,0
early,cage,3,9,resnet,True,solarisation,lr,0.0001,0.0001,32,1,0.7219,0.7355,0.6622,0.7857,0.3636,nan,nan,nan,nan,0
early,cage,3,9,resnet,True,solarisation,lr,0.0001,0.0001,32,2,0.6033,0.7130,0.7705,0.2619,0.3131,nan,nan,nan,nan,0
early,cage,3,9,resnet,True,solarisation,lr,0.0001,0.0001,32,3,0.4807,0.7482,0.8895,0.2143,0.2694,nan,nan,nan,nan,0
early,cage,3,9,resnet,True,solarisation,lr,0.0001,0.0001,32,4,0.3157,0.8089,1.1498,0.2143,0.4310,nan,nan,nan,nan,0
early,cage,3,9,resnet,True,solarisation,lr,0.0001,0.0001,32,5,0.2232,1.0151,0.8549,0.7143,0.4310,nan,nan,nan,nan,1
early,cage,3,9,resnet,True,solarisation,lr,0.0001,0.0001,32,6,0.1454,0.8265,1.0067,0.3095,0.3098,nan,nan,nan,nan,0
early,cage,3,9,resnet,True,solarisation,lr,0.0001,0.0001,32,7,0.0914,0.7716,0.8466,0.5476,0.4377,nan,nan,nan,nan,1
early,cage,3,9,resnet,True,solarisation,lr,0.0001,0.0001,32,8,0.0801,0.7637,1.1278,0.2143,0.4747,nan,nan,nan,nan,1
early,cage,3,9,resnet,True,solarisation,lr,0.0001,0.0001,32,9,0.0615,0.8637,0.8573,0.6190,0.4074,nan,nan,nan,nan,0
early,cage,3,9,resnet,True,solarisation,lr,0.0001,0.0001,32,10,0.0615,1.5171,1.0870,0.7619,0.3805,nan,nan,nan,nan,0
early,cage,3,9,resnet,True,solarisation,lr,0.0001,0.0001,32,11,0.0330,1.5113,1.0428,0.7857,0.5286,1.1098,0.8689,0.8333,0.6286,1
early,cage,3,9,resnet,True,solarisation,lr,0.0001,0.0001,32,12,0.0279,0.9128,0.9715,0.6429,0.4242,nan,nan,nan,nan,0
early,cage,3,9,resnet,True,solarisation,lr,0.0001,0.0001,32,13,0.0283,1.0153,1.0322,0.5714,0.4175,nan,nan,nan,nan,0
early,cage,3,9,resnet,True,solarisation,lr,0.0001,0.0001,32,14,0.0242,0.8755,1.4019,0.2381,0.3805,nan,nan,nan,nan,0
early,cage,3,9,resnet,True,solarisation,lr,0.0001,0.0001,32,15,0.0748,1.0312,1.1949,0.5238,0.3502,nan,nan,nan,nan,0
early,cage,3,9,resnet,True,solarisation,lr,0.0001,0.0001,32,16,0.0732,1.6599,2.6669,0.2143,0.2795,nan,nan,nan,nan,0
early,cage,4,0,resnet,True,solarisation,lr,0.0001,0.0001,32,1,0.7212,0.6841,0.7089,0.3023,0.6746,nan,nan,nan,nan,0
early,cage,4,0,resnet,True,solarisation,lr,0.0001,0.0001,32,2,0.6394,0.7186,0.8298,0.1628,0.6389,nan,nan,nan,nan,0
early,cage,4,0,resnet,True,solarisation,lr,0.0001,0.0001,32,3,0.5201,0.7112,0.7919,0.2558,0.5079,nan,nan,nan,nan,0
early,cage,4,0,resnet,True,solarisation,lr,0.0001,0.0001,32,4,0.3959,0.7245,0.6272,0.8372,0.7659,nan,nan,nan,nan,0
early,cage,4,0,resnet,True,solarisation,lr,0.0001,0.0001,32,5,0.2600,0.8340,0.7609,0.7907,0.5040,nan,nan,nan,nan,1
early,cage,4,0,resnet,True,solarisation,lr,0.0001,0.0001,32,6,0.1934,0.6636,0.8391,0.6047,0.6389,nan,nan,nan,nan,0
early,cage,4,0,resnet,True,solarisation,lr,0.0001,0.0001,32,7,0.1128,0.8739,0.7389,0.7907,0.6111,nan,nan,nan,nan,0
early,cage,4,0,resnet,True,solarisation,lr,0.0001,0.0001,32,8,0.0929,0.6559,0.8107,0.6279,0.6429,nan,nan,nan,nan,1
early,cage,4,0,resnet,True,solarisation,lr,0.0001,0.0001,32,9,0.0863,1.9127,1.2715,0.8372,0.6786,nan,nan,nan,nan,0
early,cage,4,0,resnet,True,solarisation,lr,0.0001,0.0001,32,10,0.0600,2.5270,1.6547,0.8372,0.7262,nan,nan,nan,nan,1
early,cage,4,0,resnet,True,solarisation,lr,0.0001,0.0001,32,11,0.0329,2.8496,1.7962,0.8372,0.6746,3.5555,2.6202,0.8140,0.4250,1
early,cage,4,0,resnet,True,solarisation,lr,0.0001,0.0001,32,12,0.0363,1.9875,1.3549,0.8372,0.5595,nan,nan,nan,nan,0
early,cage,4,0,resnet,True,solarisation,lr,0.0001,0.0001,32,13,0.0455,2.0233,1.3256,0.8372,0.5913,nan,nan,nan,nan,0
early,cage,4,0,resnet,True,solarisation,lr,0.0001,0.0001,32,14,0.0297,1.5623,1.1291,0.8372,0.6508,nan,nan,nan,nan,0
early,cage,4,0,resnet,True,solarisation,lr,0.0001,0.0001,32,15,0.0161,2.3085,1.4962,0.8372,0.7024,nan,nan,nan,nan,0
early,cage,4,0,resnet,True,solarisation,lr,0.0001,0.0001,32,16,0.0411,2.4675,1.6321,0.8372,0.5635,nan,nan,nan,nan,0
early,cage,4,1,resnet,True,solarisation,lr,0.0001,0.0001,32,1,0.7227,0.7103,0.6160,0.8372,0.5357,nan,nan,nan,nan,0
early,cage,4,1,resnet,True,solarisation,lr,0.0001,0.0001,32,2,0.6534,0.6992,0.6467,0.7907,0.5000,nan,nan,nan,nan,0
early,cage,4,1,resnet,True,solarisation,lr,0.0001,0.0001,32,3,0.5296,0.7062,0.7358,0.4651,0.4802,nan,nan,nan,nan,0
early,cage,4,1,resnet,True,solarisation,lr,0.0001,0.0001,32,4,0.3705,1.0430,0.7022,0.8372,0.5198,nan,nan,nan,nan,0
early,cage,4,1,resnet,True,solarisation,lr,0.0001,0.0001,32,5,0.2437,1.3350,0.8994,0.8372,0.4206,nan,nan,nan,nan,1
early,cage,4,1,resnet,True,solarisation,lr,0.0001,0.0001,32,6,0.1823,1.1503,0.8687,0.7674,0.5357,nan,nan,nan,nan,0
early,cage,4,1,resnet,True,solarisation,lr,0.0001,0.0001,32,7,0.1114,1.6086,1.0169,0.8372,0.4841,nan,nan,nan,nan,0
early,cage,4,1,resnet,True,solarisation,lr,0.0001,0.0001,32,8,0.0776,1.9541,1.1611,0.8372,0.5040,nan,nan,nan,nan,0
early,cage,4,1,resnet,True,solarisation,lr,0.0001,0.0001,32,9,0.0444,1.5229,1.0959,0.7442,0.5317,nan,nan,nan,nan,0
early,cage,4,1,resnet,True,solarisation,lr,0.0001,0.0001,32,10,0.0607,1.0680,1.0357,0.6977,0.5437,nan,nan,nan,nan,1
early,cage,4,1,resnet,True,solarisation,lr,0.0001,0.0001,32,11,0.0457,1.6827,1.1276,0.7907,0.5397,nan,nan,nan,nan,0
early,cage,4,1,resnet,True,solarisation,lr,0.0001,0.0001,32,12,0.0527,1.5927,1.1138,0.7674,0.5437,nan,nan,nan,nan,1
early,cage,4,1,resnet,True,solarisation,lr,0.0001,0.0001,32,13,0.0272,1.7886,1.1170,0.8372,0.5397,nan,nan,nan,nan,1
early,cage,4,1,resnet,True,solarisation,lr,0.0001,0.0001,32,14,0.0245,2.6147,1.5949,0.8372,0.5675,2.9838,2.4929,0.7907,0.4857,1
early,cage,4,1,resnet,True,solarisation,lr,0.0001,0.0001,32,15,0.0186,1.4727,1.2017,0.7442,0.5317,nan,nan,nan,nan,0
early,cage,4,1,resnet,True,solarisation,lr,0.0001,0.0001,32,16,0.0442,3.6950,2.0763,0.8372,0.5278,nan,nan,nan,nan,0
early,cage,4,1,resnet,True,solarisation,lr,0.0001,0.0001,32,17,0.0594,2.5613,1.6815,0.7907,0.5198,nan,nan,nan,nan,0
early,cage,4,1,resnet,True,solarisation,lr,0.0001,0.0001,32,18,0.1047,2.3510,1.4800,0.8140,0.5476,nan,nan,nan,nan,0
early,cage,4,1,resnet,True,solarisation,lr,0.0001,0.0001,32,19,0.0313,4.3414,2.4166,0.8372,0.5119,nan,nan,nan,nan,0
early,cage,4,2,resnet,True,solarisation,lr,0.0001,0.0001,32,1,0.7303,0.6834,0.7059,0.2619,0.5257,nan,nan,nan,nan,0
early,cage,4,2,resnet,True,solarisation,lr,0.0001,0.0001,32,2,0.6460,0.7169,0.6576,0.7381,0.4559,nan,nan,nan,nan,0
early,cage,4,2,resnet,True,solarisation,lr,0.0001,0.0001,32,3,0.5226,0.7438,0.6980,0.6667,0.4449,nan,nan,nan,nan,0
early,cage,4,2,resnet,True,solarisation,lr,0.0001,0.0001,32,4,0.3864,0.7715,0.7175,0.6429,0.4375,nan,nan,nan,nan,0
early,cage,4,2,resnet,True,solarisation,lr,0.0001,0.0001,32,5,0.2579,1.1329,0.9025,0.7143,0.3199,1.0036,0.9258,0.6977,0.4893,1
early,cage,4,2,resnet,True,solarisation,lr,0.0001,0.0001,32,6,0.1819,1.0847,0.9442,0.6190,0.3897,nan,nan,nan,nan,0
early,cage,4,2,resnet,True,solarisation,lr,0.0001,0.0001,32,7,0.1152,2.2340,1.3425,0.8095,0.4412,nan,nan,nan,nan,0
early,cage,4,2,resnet,True,solarisation,lr,0.0001,0.0001,32,8,0.0673,3.1756,1.8691,0.8095,0.3603,nan,nan,nan,nan,0
early,cage,4,2,resnet,True,solarisation,lr,0.0001,0.0001,32,9,0.0590,2.9470,1.7302,0.8095,0.4044,nan,nan,nan,nan,0
early,cage,4,2,resnet,True,solarisation,lr,0.0001,0.0001,32,10,0.0743,2.4184,1.5797,0.7619,0.4118,nan,nan,nan,nan,0
early,cage,4,2,resnet,True,solarisation,lr,0.0001,0.0001,32,11,0.0552,1.1010,1.1951,0.5952,0.4118,nan,nan,nan,nan,0
early,cage,4,2,resnet,True,solarisation,lr,0.0001,0.0001,32,12,0.0520,2.1992,1.6701,0.6905,0.4191,nan,nan,nan,nan,0
early,cage,4,2,resnet,True,solarisation,lr,0.0001,0.0001,32,13,0.0209,1.7253,1.5396,0.6190,0.4154,nan,nan,nan,nan,0
early,cage,4,2,resnet,True,solarisation,lr,0.0001,0.0001,32,14,0.0084,1.9197,1.5841,0.7143,0.4265,nan,nan,nan,nan,0
early,cage,4,2,resnet,True,solarisation,lr,0.0001,0.0001,32,15,0.0055,2.2005,1.7950,0.6429,0.4338,nan,nan,nan,nan,0
early,cage,4,2,resnet,True,solarisation,lr,0.0001,0.0001,32,16,0.0039,3.2749,2.1259,0.7857,0.4265,nan,nan,nan,nan,0
early,cage,4,3,resnet,True,solarisation,lr,0.0001,0.0001,32,1,0.7347,0.6856,0.7476,0.1667,0.7184,nan,nan,nan,nan,0
early,cage,4,3,resnet,True,solarisation,lr,0.0001,0.0001,32,2,0.6165,0.7092,0.8356,0.1905,0.6898,nan,nan,nan,nan,0
early,cage,4,3,resnet,True,solarisation,lr,0.0001,0.0001,32,3,0.4987,0.6533,0.6950,0.5476,0.7551,nan,nan,nan,nan,0
early,cage,4,3,resnet,True,solarisation,lr,0.0001,0.0001,32,4,0.3614,0.6775,0.7920,0.4286,0.6816,nan,nan,nan,nan,0
early,cage,4,3,resnet,True,solarisation,lr,0.0001,0.0001,32,5,0.2406,0.9796,0.7020,0.8333,0.7143,nan,nan,nan,nan,1
early,cage,4,3,resnet,True,solarisation,lr,0.0001,0.0001,32,6,0.1633,0.6912,0.6437,0.8333,0.7551,nan,nan,nan,nan,1
early,cage,4,3,resnet,True,solarisation,lr,0.0001,0.0001,32,7,0.0979,0.6665,0.6967,0.8095,0.7143,nan,nan,nan,nan,0
early,cage,4,3,resnet,True,solarisation,lr,0.0001,0.0001,32,8,0.0942,1.9133,1.1679,0.8333,0.8163,nan,nan,nan,nan,1
early,cage,4,3,resnet,True,solarisation,lr,0.0001,0.0001,32,9,0.0639,0.6011,0.6820,0.8571,0.7918,nan,nan,nan,nan,1
early,cage,4,3,resnet,True,solarisation,lr,0.0001,0.0001,32,10,0.0667,2.5645,1.5748,0.8333,0.8367,nan,nan,nan,nan,1
early,cage,4,3,resnet,True,solarisation,lr,0.0001,0.0001,32,11,0.0326,2.2876,1.4528,0.8333,0.7755,nan,nan,nan,nan,0
early,cage,4,3,resnet,True,solarisation,lr,0.0001,0.0001,32,12,0.0680,1.8733,1.1472,0.8333,0.7755,nan,nan,nan,nan,1
early,cage,4,3,resnet,True,solarisation,lr,0.0001,0.0001,32,13,0.0708,1.5879,1.0400,0.8333,0.8531,2.3805,1.8251,0.8140,0.4357,1
early,cage,4,3,resnet,True,solarisation,lr,0.0001,0.0001,32,14,0.0432,1.0874,0.8572,0.8095,0.7388,nan,nan,nan,nan,0
early,cage,4,3,resnet,True,solarisation,lr,0.0001,0.0001,32,15,0.0128,1.5223,1.0740,0.8333,0.7306,nan,nan,nan,nan,0
early,cage,4,3,resnet,True,solarisation,lr,0.0001,0.0001,32,16,0.0212,2.0924,1.3380,0.8333,0.7633,nan,nan,nan,nan,0
early,cage,4,3,resnet,True,solarisation,lr,0.0001,0.0001,32,17,0.0143,1.3695,0.9800,0.8333,0.8122,nan,nan,nan,nan,0
early,cage,4,3,resnet,True,solarisation,lr,0.0001,0.0001,32,18,0.0365,0.6431,0.7209,0.8095,0.7755,nan,nan,nan,nan,0
early,cage,4,5,resnet,True,solarisation,lr,0.0001,0.0001,32,1,0.7077,0.7202,0.6693,0.6750,0.5161,nan,nan,nan,nan,0
early,cage,4,5,resnet,True,solarisation,lr,0.0001,0.0001,32,2,0.6150,0.7256,0.6726,0.7500,0.4731,nan,nan,nan,nan,0
early,cage,4,5,resnet,True,solarisation,lr,0.0001,0.0001,32,3,0.4988,0.8640,0.6738,0.7750,0.5591,nan,nan,nan,nan,0
early,cage,4,5,resnet,True,solarisation,lr,0.0001,0.0001,32,4,0.3327,1.0939,0.8118,0.7750,0.4695,nan,nan,nan,nan,0
early,cage,4,5,resnet,True,solarisation,lr,0.0001,0.0001,32,5,0.2266,1.7181,1.1210,0.7750,0.4875,nan,nan,nan,nan,1
early,cage,4,5,resnet,True,solarisation,lr,0.0001,0.0001,32,6,0.1562,1.5275,1.0485,0.7750,0.5986,nan,nan,nan,nan,1
early,cage,4,5,resnet,True,solarisation,lr,0.0001,0.0001,32,7,0.0990,1.6966,1.1738,0.7750,0.5520,nan,nan,nan,nan,1
early,cage,4,5,resnet,True,solarisation,lr,0.0001,0.0001,32,8,0.0732,1.1439,0.9331,0.7750,0.6057,nan,nan,nan,nan,1
early,cage,4,5,resnet,True,solarisation,lr,0.0001,0.0001,32,9,0.0772,1.8769,1.2675,0.7750,0.5878,nan,nan,nan,nan,1
early,cage,4,5,resnet,True,solarisation,lr,0.0001,0.0001,32,10,0.0382,1.8363,1.2306,0.7750,0.6380,nan,nan,nan,nan,1
early,cage,4,5,resnet,True,solarisation,lr,0.0001,0.0001,32,11,0.0192,1.4979,1.1205,0.7750,0.6022,nan,nan,nan,nan,0
early,cage,4,5,resnet,True,solarisation,lr,0.0001,0.0001,32,12,0.0452,1.8202,1.2402,0.7750,0.6129,nan,nan,nan,nan,1
early,cage,4,5,resnet,True,solarisation,lr,0.0001,0.0001,32,13,0.0233,3.0122,1.9224,0.7750,0.5771,nan,nan,nan,nan,0
early,cage,4,5,resnet,True,solarisation,lr,0.0001,0.0001,32,14,0.0756,2.8803,1.8205,0.7750,0.6308,nan,nan,nan,nan,0
early,cage,4,5,resnet,True,solarisation,lr,0.0001,0.0001,32,15,0.0571,2.2476,1.5615,0.7750,0.6237,nan,nan,nan,nan,0
early,cage,4,5,resnet,True,solarisation,lr,0.0001,0.0001,32,16,0.0483,3.3061,2.0941,0.7750,0.6344,3.5646,2.7691,0.8140,0.5643,1
early,cage,4,5,resnet,True,solarisation,lr,0.0001,0.0001,32,17,0.0656,1.9910,1.4917,0.7750,0.5627,nan,nan,nan,nan,0
early,cage,4,5,resnet,True,solarisation,lr,0.0001,0.0001,32,18,0.0249,3.4876,2.2572,0.7750,0.5806,nan,nan,nan,nan,0
early,cage,4,5,resnet,True,solarisation,lr,0.0001,0.0001,32,19,0.0439,4.2536,2.6379,0.7750,0.6165,nan,nan,nan,nan,0
early,cage,4,5,resnet,True,solarisation,lr,0.0001,0.0001,32,20,0.0187,2.4381,1.7572,0.7750,0.6201,nan,nan,nan,nan,0
early,cage,4,5,resnet,True,solarisation,lr,0.0001,0.0001,32,21,0.0133,2.2618,1.8073,0.7750,0.5806,nan,nan,nan,nan,0
early,cage,4,6,resnet,True,solarisation,lr,0.0001,0.0001,32,1,0.7176,0.6892,0.6625,0.7805,0.5238,nan,nan,nan,nan,0
early,cage,4,6,resnet,True,solarisation,lr,0.0001,0.0001,32,2,0.6399,0.6933,0.6871,0.6585,0.5381,nan,nan,nan,nan,0
early,cage,4,6,resnet,True,solarisation,lr,0.0001,0.0001,32,3,0.5204,0.7386,0.8325,0.1951,0.5571,nan,nan,nan,nan,0
early,cage,4,6,resnet,True,solarisation,lr,0.0001,0.0001,32,4,0.3967,0.7591,0.9007,0.2439,0.5190,nan,nan,nan,nan,0
early,cage,4,6,resnet,True,solarisation,lr,0.0001,0.0001,32,5,0.2821,0.7027,0.8351,0.6098,0.6000,nan,nan,nan,nan,1
early,cage,4,6,resnet,True,solarisation,lr,0.0001,0.0001,32,6,0.1753,0.8214,0.9038,0.7805,0.5619,1.0596,1.0611,0.6744,0.3857,1
early,cage,4,6,resnet,True,solarisation,lr,0.0001,0.0001,32,7,0.1179,1.0488,0.9741,0.8293,0.4381,nan,nan,nan,nan,0
early,cage,4,6,resnet,True,solarisation,lr,0.0001,0.0001,32,8,0.0789,1.0871,1.0494,0.8293,0.5238,nan,nan,nan,nan,0
early,cage,4,6,resnet,True,solarisation,lr,0.0001,0.0001,32,9,0.0566,0.8075,1.1839,0.4878,0.5667,nan,nan,nan,nan,0
early,cage,4,6,resnet,True,solarisation,lr,0.0001,0.0001,32,10,0.0605,0.9952,1.3117,0.6341,0.4048,nan,nan,nan,nan,0
early,cage,4,6,resnet,True,solarisation,lr,0.0001,0.0001,32,11,0.0635,1.2011,1.3939,0.8293,0.5429,nan,nan,nan,nan,0
early,cage,4,6,resnet,True,solarisation,lr,0.0001,0.0001,32,12,0.0267,1.3306,1.3917,0.8293,0.4952,nan,nan,nan,nan,0
early,cage,4,6,resnet,True,solarisation,lr,0.0001,0.0001,32,13,0.0249,1.3055,1.4251,0.8049,0.4810,nan,nan,nan,nan,0
early,cage,4,6,resnet,True,solarisation,lr,0.0001,0.0001,32,14,0.0595,1.6913,1.3191,0.8537,0.5095,nan,nan,nan,nan,0
early,cage,4,6,resnet,True,solarisation,lr,0.0001,0.0001,32,15,0.0514,0.9293,1.3707,0.6098,0.4952,nan,nan,nan,nan,0
early,cage,4,6,resnet,True,solarisation,lr,0.0001,0.0001,32,16,0.0386,1.3228,1.3803,0.8293,0.5286,nan,nan,nan,nan,0
early,cage,4,7,resnet,True,solarisation,lr,0.0001,0.0001,32,1,0.7388,0.7488,0.9076,0.1818,0.3542,nan,nan,nan,nan,0
early,cage,4,7,resnet,True,solarisation,lr,0.0001,0.0001,32,2,0.6193,0.7358,0.8284,0.1591,0.3472,nan,nan,nan,nan,0
early,cage,4,7,resnet,True,solarisation,lr,0.0001,0.0001,32,3,0.5172,0.7088,0.8745,0.1818,0.6250,nan,nan,nan,nan,0
early,cage,4,7,resnet,True,solarisation,lr,0.0001,0.0001,32,4,0.3749,0.8453,1.1154,0.1818,0.3750,nan,nan,nan,nan,0
early,cage,4,7,resnet,True,solarisation,lr,0.0001,0.0001,32,5,0.2349,1.0863,1.6364,0.1818,0.5382,nan,nan,nan,nan,1
early,cage,4,7,resnet,True,solarisation,lr,0.0001,0.0001,32,6,0.1404,1.8759,2.8140,0.1818,0.4757,nan,nan,nan,nan,1
early,cage,4,7,resnet,True,solarisation,lr,0.0001,0.0001,32,7,0.1366,0.8506,1.1297,0.1818,0.3750,0.7449,1.0377,0.4419,0.5607,1
early,cage,4,7,resnet,True,solarisation,lr,0.0001,0.0001,32,8,0.0805,1.2297,0.9364,0.7955,0.3368,nan,nan,nan,nan,0
early,cage,4,7,resnet,True,solarisation,lr,0.0001,0.0001,32,9,0.0575,0.8841,1.0891,0.1818,0.3125,nan,nan,nan,nan,0
early,cage,4,7,resnet,True,solarisation,lr,0.0001,0.0001,32,10,0.0490,0.8339,1.1679,0.2727,0.4375,nan,nan,nan,nan,0
early,cage,4,7,resnet,True,solarisation,lr,0.0001,0.0001,32,11,0.0283,0.7995,0.9842,0.5000,0.3681,nan,nan,nan,nan,0
early,cage,4,7,resnet,True,solarisation,lr,0.0001,0.0001,32,12,0.0427,0.9774,1.1792,0.5227,0.3611,nan,nan,nan,nan,0
early,cage,4,7,resnet,True,solarisation,lr,0.0001,0.0001,32,13,0.0462,1.5160,1.0964,0.8182,0.5104,nan,nan,nan,nan,0
early,cage,4,7,resnet,True,solarisation,lr,0.0001,0.0001,32,14,0.0283,1.0470,1.3537,0.3864,0.3368,nan,nan,nan,nan,0
early,cage,4,7,resnet,True,solarisation,lr,0.0001,0.0001,32,15,0.0561,1.4016,2.1389,0.1818,0.3785,nan,nan,nan,nan,0
early,cage,4,7,resnet,True,solarisation,lr,0.0001,0.0001,32,16,0.0524,1.2679,1.9427,0.1591,0.3854,nan,nan,nan,nan,0
early,cage,4,8,resnet,True,solarisation,lr,0.0001,0.0001,32,1,0.7133,0.7094,0.7846,0.1702,0.5128,nan,nan,nan,nan,0
early,cage,4,8,resnet,True,solarisation,lr,0.0001,0.0001,32,2,0.6090,0.6948,0.7177,0.4681,0.5481,nan,nan,nan,nan,0
early,cage,4,8,resnet,True,solarisation,lr,0.0001,0.0001,32,3,0.4898,0.7340,0.6869,0.6809,0.5385,nan,nan,nan,nan,0
early,cage,4,8,resnet,True,solarisation,lr,0.0001,0.0001,32,4,0.3635,0.7529,0.9475,0.2128,0.5833,nan,nan,nan,nan,0
early,cage,4,8,resnet,True,solarisation,lr,0.0001,0.0001,32,5,0.2599,0.7512,0.8131,0.5532,0.5160,0.7568,0.8163,0.5116,0.4571,1
early,cage,4,8,resnet,True,solarisation,lr,0.0001,0.0001,32,6,0.1789,0.9269,0.8029,0.7447,0.4904,nan,nan,nan,nan,0
early,cage,4,8,resnet,True,solarisation,lr,0.0001,0.0001,32,7,0.0952,1.2370,0.8563,0.8298,0.5256,nan,nan,nan,nan,0
early,cage,4,8,resnet,True,solarisation,lr,0.0001,0.0001,32,8,0.0891,2.0058,1.0997,0.8298,0.5192,nan,nan,nan,nan,0
early,cage,4,8,resnet,True,solarisation,lr,0.0001,0.0001,32,9,0.0598,1.4195,1.0041,0.8298,0.4808,nan,nan,nan,nan,0
early,cage,4,8,resnet,True,solarisation,lr,0.0001,0.0001,32,10,0.0545,2.0418,1.1989,0.8298,0.4423,nan,nan,nan,nan,0
early,cage,4,8,resnet,True,solarisation,lr,0.0001,0.0001,32,11,0.0571,1.1073,1.0166,0.7234,0.4936,nan,nan,nan,nan,0
early,cage,4,8,resnet,True,solarisation,lr,0.0001,0.0001,32,12,0.0494,1.7148,2.6047,0.1277,0.4231,nan,nan,nan,nan,0
early,cage,4,8,resnet,True,solarisation,lr,0.0001,0.0001,32,13,0.0340,0.9893,1.1010,0.6596,0.4968,nan,nan,nan,nan,0
early,cage,4,8,resnet,True,solarisation,lr,0.0001,0.0001,32,14,0.0415,2.5757,1.4076,0.8298,0.4712,nan,nan,nan,nan,0
early,cage,4,8,resnet,True,solarisation,lr,0.0001,0.0001,32,15,0.0244,2.5951,1.4984,0.8298,0.4936,nan,nan,nan,nan,0
early,cage,4,8,resnet,True,solarisation,lr,0.0001,0.0001,32,16,0.0312,1.9224,1.7357,0.7021,0.4167,nan,nan,nan,nan,0
early,cage,4,9,resnet,True,solarisation,lr,0.0001,0.0001,32,1,0.7166,0.6990,0.8702,0.2143,0.4545,nan,nan,nan,nan,0
early,cage,4,9,resnet,True,solarisation,lr,0.0001,0.0001,32,2,0.6041,0.6939,0.7214,0.3095,0.4848,nan,nan,nan,nan,0
early,cage,4,9,resnet,True,solarisation,lr,0.0001,0.0001,32,3,0.4801,0.8109,0.6427,0.7857,0.5051,nan,nan,nan,nan,0
early,cage,4,9,resnet,True,solarisation,lr,0.0001,0.0001,32,4,0.3396,0.7583,0.7541,0.5476,0.3704,nan,nan,nan,nan,0
early,cage,4,9,resnet,True,solarisation,lr,0.0001,0.0001,32,5,0.2010,0.7312,0.7064,0.5714,0.4949,nan,nan,nan,nan,1
early,cage,4,9,resnet,True,solarisation,lr,0.0001,0.0001,32,6,0.1208,0.6799,0.8004,0.5714,0.6162,nan,nan,nan,nan,1
early,cage,4,9,resnet,True,solarisation,lr,0.0001,0.0001,32,7,0.1044,1.0112,0.7343,0.7857,0.5455,nan,nan,nan,nan,1
early,cage,4,9,resnet,True,solarisation,lr,0.0001,0.0001,32,8,0.0530,1.0294,0.7382,0.7857,0.5791,nan,nan,nan,nan,1
early,cage,4,9,resnet,True,solarisation,lr,0.0001,0.0001,32,9,0.0626,0.8128,0.9142,0.3333,0.3030,nan,nan,nan,nan,0
early,cage,4,9,resnet,True,solarisation,lr,0.0001,0.0001,32,10,0.0435,1.0758,0.7831,0.7619,0.4545,nan,nan,nan,nan,0
early,cage,4,9,resnet,True,solarisation,lr,0.0001,0.0001,32,11,0.0470,0.7015,0.8429,0.4524,0.5084,nan,nan,nan,nan,0
early,cage,4,9,resnet,True,solarisation,lr,0.0001,0.0001,32,12,0.0330,1.4892,0.9242,0.7857,0.6364,nan,nan,nan,nan,0
early,cage,4,9,resnet,True,solarisation,lr,0.0001,0.0001,32,13,0.0257,2.9260,1.6408,0.7857,0.5657,nan,nan,nan,nan,0
early,cage,4,9,resnet,True,solarisation,lr,0.0001,0.0001,32,14,0.0607,1.3644,0.9548,0.7381,0.4781,1.0826,1.0372,0.7674,0.5714,1
early,cage,4,9,resnet,True,solarisation,lr,0.0001,0.0001,32,15,0.0698,1.7496,1.1883,0.7857,0.4276,nan,nan,nan,nan,0
early,cage,4,9,resnet,True,solarisation,lr,0.0001,0.0001,32,16,0.0650,0.7013,0.9416,0.3810,0.5421,nan,nan,nan,nan,0
early,cage,4,9,resnet,True,solarisation,lr,0.0001,0.0001,32,17,0.0385,2.3302,1.3147,0.7857,0.5522,nan,nan,nan,nan,0
early,cage,4,9,resnet,True,solarisation,lr,0.0001,0.0001,32,18,0.0194,1.7919,1.1247,0.7857,0.4411,nan,nan,nan,nan,0
early,cage,4,9,resnet,True,solarisation,lr,0.0001,0.0001,32,19,0.0039,1.9992,1.1735,0.7857,0.4276,nan,nan,nan,nan,0
early,cage,5,0,resnet,True,solarisation,lr,0.0001,0.0001,32,1,0.7087,0.6603,0.7303,0.2558,0.8294,nan,nan,nan,nan,0
early,cage,5,0,resnet,True,solarisation,lr,0.0001,0.0001,32,2,0.6077,0.6971,0.7855,0.1860,0.7024,nan,nan,nan,nan,0
early,cage,5,0,resnet,True,solarisation,lr,0.0001,0.0001,32,3,0.4911,0.6854,0.5916,0.8372,0.7500,nan,nan,nan,nan,0
early,cage,5,0,resnet,True,solarisation,lr,0.0001,0.0001,32,4,0.3595,1.0595,0.7788,0.8372,0.7460,nan,nan,nan,nan,0
early,cage,5,0,resnet,True,solarisation,lr,0.0001,0.0001,32,5,0.2485,0.8034,0.6819,0.8372,0.6429,1.0549,0.8199,0.7500,0.4910,1
early,cage,5,0,resnet,True,solarisation,lr,0.0001,0.0001,32,6,0.1548,1.2891,0.9142,0.8372,0.6865,nan,nan,nan,nan,0
early,cage,5,0,resnet,True,solarisation,lr,0.0001,0.0001,32,7,0.1064,0.6943,0.7957,0.7442,0.6508,nan,nan,nan,nan,0
early,cage,5,0,resnet,True,solarisation,lr,0.0001,0.0001,32,8,0.0848,0.7841,0.7909,0.7907,0.6706,nan,nan,nan,nan,0
early,cage,5,0,resnet,True,solarisation,lr,0.0001,0.0001,32,9,0.0616,2.2571,1.4779,0.8372,0.6032,nan,nan,nan,nan,0
early,cage,5,0,resnet,True,solarisation,lr,0.0001,0.0001,32,10,0.0532,2.4700,1.6333,0.8372,0.5873,nan,nan,nan,nan,0
early,cage,5,0,resnet,True,solarisation,lr,0.0001,0.0001,32,11,0.0571,3.3871,2.1662,0.8372,0.5833,nan,nan,nan,nan,0
early,cage,5,0,resnet,True,solarisation,lr,0.0001,0.0001,32,12,0.0386,2.1042,1.4217,0.8372,0.6310,nan,nan,nan,nan,0
early,cage,5,0,resnet,True,solarisation,lr,0.0001,0.0001,32,13,0.0346,1.3126,1.0974,0.8140,0.6468,nan,nan,nan,nan,0
early,cage,5,0,resnet,True,solarisation,lr,0.0001,0.0001,32,14,0.0390,2.7931,1.8367,0.8372,0.5476,nan,nan,nan,nan,0
early,cage,5,0,resnet,True,solarisation,lr,0.0001,0.0001,32,15,0.0922,2.9089,1.9187,0.8372,0.5952,nan,nan,nan,nan,0
early,cage,5,0,resnet,True,solarisation,lr,0.0001,0.0001,32,16,0.0451,1.9652,1.4062,0.8372,0.6270,nan,nan,nan,nan,0
early,cage,5,1,resnet,True,solarisation,lr,0.0001,0.0001,32,1,0.7108,0.6875,0.6981,0.5349,0.5992,nan,nan,nan,nan,0
early,cage,5,1,resnet,True,solarisation,lr,0.0001,0.0001,32,2,0.6058,0.6843,0.6659,0.6977,0.6468,nan,nan,nan,nan,0
early,cage,5,1,resnet,True,solarisation,lr,0.0001,0.0001,32,3,0.4953,0.7251,0.6680,0.6977,0.5913,nan,nan,nan,nan,0
early,cage,5,1,resnet,True,solarisation,lr,0.0001,0.0001,32,4,0.3571,0.8640,0.6434,0.7907,0.6032,nan,nan,nan,nan,0
early,cage,5,1,resnet,True,solarisation,lr,0.0001,0.0001,32,5,0.2419,0.8600,0.6973,0.6977,0.6190,1.2200,0.9143,0.7250,0.4480,1
early,cage,5,1,resnet,True,solarisation,lr,0.0001,0.0001,32,6,0.1571,1.1560,0.7640,0.8140,0.6190,nan,nan,nan,nan,0
early,cage,5,1,resnet,True,solarisation,lr,0.0001,0.0001,32,7,0.0930,2.0739,1.2288,0.8140,0.6032,nan,nan,nan,nan,0
early,cage,5,1,resnet,True,solarisation,lr,0.0001,0.0001,32,8,0.1026,0.8384,0.7989,0.7209,0.6111,nan,nan,nan,nan,0
early,cage,5,1,resnet,True,solarisation,lr,0.0001,0.0001,32,9,0.0650,0.7896,0.9522,0.6047,0.6111,nan,nan,nan,nan,0
early,cage,5,1,resnet,True,solarisation,lr,0.0001,0.0001,32,10,0.0583,0.9038,1.3255,0.5349,0.5992,nan,nan,nan,nan,0
early,cage,5,1,resnet,True,solarisation,lr,0.0001,0.0001,32,11,0.0568,1.7225,1.0653,0.8140,0.5675,nan,nan,nan,nan,0
early,cage,5,1,resnet,True,solarisation,lr,0.0001,0.0001,32,12,0.0664,0.8665,0.8638,0.7674,0.6151,nan,nan,nan,nan,0
early,cage,5,1,resnet,True,solarisation,lr,0.0001,0.0001,32,13,0.0276,0.7598,1.0360,0.6279,0.6270,nan,nan,nan,nan,0
early,cage,5,1,resnet,True,solarisation,lr,0.0001,0.0001,32,14,0.0247,0.8898,1.0636,0.6977,0.5952,nan,nan,nan,nan,0
early,cage,5,1,resnet,True,solarisation,lr,0.0001,0.0001,32,15,0.0104,0.8433,1.1999,0.5581,0.6230,nan,nan,nan,nan,0
early,cage,5,1,resnet,True,solarisation,lr,0.0001,0.0001,32,16,0.0052,0.9688,1.2238,0.6512,0.5913,nan,nan,nan,nan,0
early,cage,5,2,resnet,True,solarisation,lr,0.0001,0.0001,32,1,0.7182,0.7024,0.7548,0.2143,0.4706,nan,nan,nan,nan,0
early,cage,5,2,resnet,True,solarisation,lr,0.0001,0.0001,32,2,0.5950,0.7053,0.7872,0.1905,0.4706,nan,nan,nan,nan,0
early,cage,5,2,resnet,True,solarisation,lr,0.0001,0.0001,32,3,0.4712,0.6899,0.7167,0.5952,0.6140,nan,nan,nan,nan,0
early,cage,5,2,resnet,True,solarisation,lr,0.0001,0.0001,32,4,0.3109,0.8162,0.6798,0.8095,0.3603,nan,nan,nan,nan,0
early,cage,5,2,resnet,True,solarisation,lr,0.0001,0.0001,32,5,0.2481,0.7397,0.7435,0.5476,0.4375,0.7445,0.7288,0.7500,0.5090,1
early,cage,5,2,resnet,True,solarisation,lr,0.0001,0.0001,32,6,0.1560,0.8858,0.7838,0.7619,0.3934,nan,nan,nan,nan,0
early,cage,5,2,resnet,True,solarisation,lr,0.0001,0.0001,32,7,0.0965,0.8832,0.8092,0.7143,0.4926,nan,nan,nan,nan,0
early,cage,5,2,resnet,True,solarisation,lr,0.0001,0.0001,32,8,0.0651,0.9796,0.9708,0.5476,0.2868,nan,nan,nan,nan,0
early,cage,5,2,resnet,True,solarisation,lr,0.0001,0.0001,32,9,0.0611,1.0397,0.8662,0.7857,0.4191,nan,nan,nan,nan,0
early,cage,5,2,resnet,True,solarisation,lr,0.0001,0.0001,32,10,0.0738,0.7967,1.0613,0.3095,0.4301,nan,nan,nan,nan,0
early,cage,5,2,resnet,True,solarisation,lr,0.0001,0.0001,32,11,0.0357,0.8554,0.8517,0.6429,0.4963,nan,nan,nan,nan,0
early,cage,5,2,resnet,True,solarisation,lr,0.0001,0.0001,32,12,0.0251,1.0876,0.8473,0.7381,0.4779,nan,nan,nan,nan,0
early,cage,5,2,resnet,True,solarisation,lr,0.0001,0.0001,32,13,0.0546,1.5284,0.9911,0.8095,0.4301,nan,nan,nan,nan,0
early,cage,5,2,resnet,True,solarisation,lr,0.0001,0.0001,32,14,0.0372,1.2925,0.9095,0.8095,0.4044,nan,nan,nan,nan,0
early,cage,5,2,resnet,True,solarisation,lr,0.0001,0.0001,32,15,0.0280,2.1734,1.3243,0.8095,0.2978,nan,nan,nan,nan,0
early,cage,5,2,resnet,True,solarisation,lr,0.0001,0.0001,32,16,0.0394,0.9429,1.1195,0.5476,0.3640,nan,nan,nan,nan,0
early,cage,5,3,resnet,True,solarisation,lr,0.0001,0.0001,32,1,0.7199,0.7711,0.9138,0.1667,0.6163,nan,nan,nan,nan,0
early,cage,5,3,resnet,True,solarisation,lr,0.0001,0.0001,32,2,0.6130,0.7390,0.8492,0.1667,0.5469,nan,nan,nan,nan,0
early,cage,5,3,resnet,True,solarisation,lr,0.0001,0.0001,32,3,0.4877,0.7272,0.8472,0.2857,0.5102,nan,nan,nan,nan,0
early,cage,5,3,resnet,True,solarisation,lr,0.0001,0.0001,32,4,0.3431,0.6951,0.8173,0.4286,0.5878,nan,nan,nan,nan,0
early,cage,5,3,resnet,True,solarisation,lr,0.0001,0.0001,32,5,0.2388,0.9546,0.7717,0.8571,0.5061,nan,nan,nan,nan,1
early,cage,5,3,resnet,True,solarisation,lr,0.0001,0.0001,32,6,0.1598,1.1907,0.8084,0.8333,0.6204,nan,nan,nan,nan,0
early,cage,5,3,resnet,True,solarisation,lr,0.0001,0.0001,32,7,0.1106,0.7306,0.7577,0.7381,0.5469,nan,nan,nan,nan,0
early,cage,5,3,resnet,True,solarisation,lr,0.0001,0.0001,32,8,0.0727,1.6641,1.0875,0.8333,0.6286,nan,nan,nan,nan,1
early,cage,5,3,resnet,True,solarisation,lr,0.0001,0.0001,32,9,0.0546,3.2451,2.0275,0.8333,0.5592,nan,nan,nan,nan,0
early,cage,5,3,resnet,True,solarisation,lr,0.0001,0.0001,32,10,0.0441,3.2070,1.9827,0.8333,0.6449,nan,nan,nan,nan,1
early,cage,5,3,resnet,True,solarisation,lr,0.0001,0.0001,32,11,0.0437,2.1751,1.4000,0.8333,0.6449,nan,nan,nan,nan,0
early,cage,5,3,resnet,True,solarisation,lr,0.0001,0.0001,32,12,0.0369,1.5756,1.0974,0.8333,0.6367,nan,nan,nan,nan,1
early,cage,5,3,resnet,True,solarisation,lr,0.0001,0.0001,32,13,0.0379,1.0768,1.0590,0.7857,0.6449,nan,nan,nan,nan,0
early,cage,5,3,resnet,True,solarisation,lr,0.0001,0.0001,32,14,0.0322,4.9819,3.0311,0.8333,0.6367,6.4015,3.8923,0.7750,0.4552,1
early,cage,5,3,resnet,True,solarisation,lr,0.0001,0.0001,32,15,0.0295,1.1626,0.9945,0.8333,0.5633,nan,nan,nan,nan,0
early,cage,5,3,resnet,True,solarisation,lr,0.0001,0.0001,32,16,0.0530,1.8884,1.5112,0.8333,0.6204,nan,nan,nan,nan,0
early,cage,5,3,resnet,True,solarisation,lr,0.0001,0.0001,32,17,0.0486,4.4809,2.7622,0.8333,0.6327,nan,nan,nan,nan,0
early,cage,5,3,resnet,True,solarisation,lr,0.0001,0.0001,32,18,0.0332,4.7428,2.8616,0.8333,0.6939,nan,nan,nan,nan,0
early,cage,5,3,resnet,True,solarisation,lr,0.0001,0.0001,32,19,0.0451,0.8465,0.9544,0.7143,0.6204,nan,nan,nan,nan,0
early,cage,5,4,resnet,True,solarisation,lr,0.0001,0.0001,32,1,0.7186,0.6789,0.6916,0.3023,0.6393,nan,nan,nan,nan,0
early,cage,5,4,resnet,True,solarisation,lr,0.0001,0.0001,32,2,0.6091,0.6807,0.7329,0.1860,0.7571,nan,nan,nan,nan,0
early,cage,5,4,resnet,True,solarisation,lr,0.0001,0.0001,32,3,0.4972,0.7820,0.9243,0.1860,0.5571,nan,nan,nan,nan,0
early,cage,5,4,resnet,True,solarisation,lr,0.0001,0.0001,32,4,0.3585,0.6867,0.7803,0.1860,0.7571,nan,nan,nan,nan,0
early,cage,5,4,resnet,True,solarisation,lr,0.0001,0.0001,32,5,0.2205,1.0217,0.8721,0.8140,0.5571,1.2819,0.9113,0.7500,0.3978,1
early,cage,5,4,resnet,True,solarisation,lr,0.0001,0.0001,32,6,0.1683,0.7678,0.7971,0.6744,0.5500,nan,nan,nan,nan,0
early,cage,5,4,resnet,True,solarisation,lr,0.0001,0.0001,32,7,0.1074,0.7127,0.8853,0.5581,0.5536,nan,nan,nan,nan,0
early,cage,5,4,resnet,True,solarisation,lr,0.0001,0.0001,32,8,0.0662,0.8984,1.1700,0.4651,0.5643,nan,nan,nan,nan,0
early,cage,5,4,resnet,True,solarisation,lr,0.0001,0.0001,32,9,0.0539,1.0068,1.2633,0.3256,0.5107,nan,nan,nan,nan,0
early,cage,5,4,resnet,True,solarisation,lr,0.0001,0.0001,32,10,0.0501,1.1776,1.1374,0.7442,0.5250,nan,nan,nan,nan,0
early,cage,5,4,resnet,True,solarisation,lr,0.0001,0.0001,32,11,0.0878,0.9805,1.0622,0.7209,0.5143,nan,nan,nan,nan,0
early,cage,5,4,resnet,True,solarisation,lr,0.0001,0.0001,32,12,0.0423,0.9271,1.2729,0.4651,0.5321,nan,nan,nan,nan,0
early,cage,5,4,resnet,True,solarisation,lr,0.0001,0.0001,32,13,0.0373,1.4267,1.7964,0.1860,0.5143,nan,nan,nan,nan,0
early,cage,5,4,resnet,True,solarisation,lr,0.0001,0.0001,32,14,0.0202,1.1636,1.2194,0.6744,0.5393,nan,nan,nan,nan,0
early,cage,5,4,resnet,True,solarisation,lr,0.0001,0.0001,32,15,0.0146,1.2434,1.3028,0.6512,0.5464,nan,nan,nan,nan,0
early,cage,5,4,resnet,True,solarisation,lr,0.0001,0.0001,32,16,0.0318,1.5418,2.0367,0.3023,0.5500,nan,nan,nan,nan,0
early,cage,5,6,resnet,True,solarisation,lr,0.0001,0.0001,32,1,0.6932,0.7370,0.8007,0.1463,0.4333,nan,nan,nan,nan,0
early,cage,5,6,resnet,True,solarisation,lr,0.0001,0.0001,32,2,0.5925,0.7053,0.6813,0.8049,0.5286,nan,nan,nan,nan,0
early,cage,5,6,resnet,True,solarisation,lr,0.0001,0.0001,32,3,0.4606,0.7206,0.6256,0.8537,0.6190,nan,nan,nan,nan,0
early,cage,5,6,resnet,True,solarisation,lr,0.0001,0.0001,32,4,0.3123,1.0909,0.8037,0.8537,0.6524,nan,nan,nan,nan,0
early,cage,5,6,resnet,True,solarisation,lr,0.0001,0.0001,32,5,0.2261,1.1575,0.8599,0.8537,0.5667,1.6173,1.0698,0.7750,0.4946,1
early,cage,5,6,resnet,True,solarisation,lr,0.0001,0.0001,32,6,0.1386,0.9244,1.2441,0.2195,0.4286,nan,nan,nan,nan,0
early,cage,5,6,resnet,True,solarisation,lr,0.0001,0.0001,32,7,0.0984,0.7495,0.7425,0.8293,0.5524,nan,nan,nan,nan,0
early,cage,5,6,resnet,True,solarisation,lr,0.0001,0.0001,32,8,0.0663,0.7608,0.8323,0.7561,0.5190,nan,nan,nan,nan,0
early,cage,5,6,resnet,True,solarisation,lr,0.0001,0.0001,32,9,0.0836,0.8924,0.8670,0.8293,0.5571,nan,nan,nan,nan,0
early,cage,5,6,resnet,True,solarisation,lr,0.0001,0.0001,32,10,0.0376,0.8217,1.0114,0.7561,0.4952,nan,nan,nan,nan,0
early,cage,5,6,resnet,True,solarisation,lr,0.0001,0.0001,32,11,0.0501,0.8244,1.0840,0.5122,0.4810,nan,nan,nan,nan,0
early,cage,5,6,resnet,True,solarisation,lr,0.0001,0.0001,32,12,0.0410,0.7230,0.8480,0.6098,0.4952,nan,nan,nan,nan,0
early,cage,5,6,resnet,True,solarisation,lr,0.0001,0.0001,32,13,0.0302,0.8983,0.9952,0.7561,0.4952,nan,nan,nan,nan,0
early,cage,5,6,resnet,True,solarisation,lr,0.0001,0.0001,32,14,0.0704,1.6384,1.2519,0.8537,0.5524,nan,nan,nan,nan,0
early,cage,5,6,resnet,True,solarisation,lr,0.0001,0.0001,32,15,0.0479,1.5648,1.1535,0.8537,0.6381,nan,nan,nan,nan,0
early,cage,5,6,resnet,True,solarisation,lr,0.0001,0.0001,32,16,0.0270,1.2860,1.1684,0.8293,0.4905,nan,nan,nan,nan,0
early,cage,5,7,resnet,True,solarisation,lr,0.0001,0.0001,32,1,0.7165,0.6886,0.6792,0.6136,0.5590,nan,nan,nan,nan,0
early,cage,5,7,resnet,True,solarisation,lr,0.0001,0.0001,32,2,0.6148,0.6807,0.6891,0.4773,0.5694,nan,nan,nan,nan,0
early,cage,5,7,resnet,True,solarisation,lr,0.0001,0.0001,32,3,0.4905,0.7786,0.6108,0.8182,0.4792,nan,nan,nan,nan,0
early,cage,5,7,resnet,True,solarisation,lr,0.0001,0.0001,32,4,0.3275,1.0427,0.6838,0.8182,0.5590,nan,nan,nan,nan,0
early,cage,5,7,resnet,True,solarisation,lr,0.0001,0.0001,32,5,0.2108,0.6973,0.7711,0.4545,0.5243,0.7705,0.7903,0.5500,0.3763,1
early,cage,5,7,resnet,True,solarisation,lr,0.0001,0.0001,32,6,0.1533,1.2366,0.8351,0.8182,0.5451,nan,nan,nan,nan,0
early,cage,5,7,resnet,True,solarisation,lr,0.0001,0.0001,32,7,0.1143,1.3316,0.8762,0.8182,0.5312,nan,nan,nan,nan,0
early,cage,5,7,resnet,True,solarisation,lr,0.0001,0.0001,32,8,0.0724,1.3849,0.9555,0.7727,0.4306,nan,nan,nan,nan,0
early,cage,5,7,resnet,True,solarisation,lr,0.0001,0.0001,32,9,0.0399,1.3191,0.9467,0.7727,0.4271,nan,nan,nan,nan,0
early,cage,5,7,resnet,True,solarisation,lr,0.0001,0.0001,32,10,0.0433,1.6259,1.0777,0.8182,0.4931,nan,nan,nan,nan,0
early,cage,5,7,resnet,True,solarisation,lr,0.0001,0.0001,32,11,0.0760,1.7588,1.2392,0.7727,0.3715,nan,nan,nan,nan,0
early,cage,5,7,resnet,True,solarisation,lr,0.0001,0.0001,32,12,0.0451,2.0129,1.2560,0.8182,0.4583,nan,nan,nan,nan,0
early,cage,5,7,resnet,True,solarisation,lr,0.0001,0.0001,32,13,0.0271,2.0472,1.3591,0.7955,0.4132,nan,nan,nan,nan,0
early,cage,5,7,resnet,True,solarisation,lr,0.0001,0.0001,32,14,0.0244,3.1425,1.9433,0.8182,0.4097,nan,nan,nan,nan,0
early,cage,5,7,resnet,True,solarisation,lr,0.0001,0.0001,32,15,0.0259,1.2117,1.0853,0.6818,0.4444,nan,nan,nan,nan,0
early,cage,5,7,resnet,True,solarisation,lr,0.0001,0.0001,32,16,0.0222,0.9093,0.9139,0.6136,0.5104,nan,nan,nan,nan,0
early,cage,5,8,resnet,True,solarisation,lr,0.0001,0.0001,32,1,0.7155,0.7004,0.7202,0.3830,0.5256,nan,nan,nan,nan,0
early,cage,5,8,resnet,True,solarisation,lr,0.0001,0.0001,32,2,0.5984,0.7171,0.6456,0.8085,0.4936,nan,nan,nan,nan,0
early,cage,5,8,resnet,True,solarisation,lr,0.0001,0.0001,32,3,0.4762,0.7369,0.8738,0.2128,0.5000,nan,nan,nan,nan,0
early,cage,5,8,resnet,True,solarisation,lr,0.0001,0.0001,32,4,0.3322,0.8254,0.8807,0.5532,0.4583,nan,nan,nan,nan,0
early,cage,5,8,resnet,True,solarisation,lr,0.0001,0.0001,32,5,0.2145,0.7867,0.7409,0.7234,0.4904,0.8859,0.8253,0.7500,0.3118,1
early,cage,5,8,resnet,True,solarisation,lr,0.0001,0.0001,32,6,0.1507,1.4458,0.9690,0.7872,0.4679,nan,nan,nan,nan,0
early,cage,5,8,resnet,True,solarisation,lr,0.0001,0.0001,32,7,0.0952,0.8812,1.3648,0.3191,0.5321,nan,nan,nan,nan,0
early,cage,5,8,resnet,True,solarisation,lr,0.0001,0.0001,32,8,0.0960,1.1162,1.7732,0.2340,0.4263,nan,nan,nan,nan,0
early,cage,5,8,resnet,True,solarisation,lr,0.0001,0.0001,32,9,0.0663,1.1629,1.8514,0.2766,0.4103,nan,nan,nan,nan,0
early,cage,5,8,resnet,True,solarisation,lr,0.0001,0.0001,32,10,0.0552,1.3507,2.1310,0.1702,0.4167,nan,nan,nan,nan,0
early,cage,5,8,resnet,True,solarisation,lr,0.0001,0.0001,32,11,0.0305,1.3617,2.1986,0.2128,0.3974,nan,nan,nan,nan,0
early,cage,5,8,resnet,True,solarisation,lr,0.0001,0.0001,32,12,0.0286,1.1460,1.4787,0.5106,0.4231,nan,nan,nan,nan,0
early,cage,5,8,resnet,True,solarisation,lr,0.0001,0.0001,32,13,0.0239,1.1732,1.6045,0.4043,0.4103,nan,nan,nan,nan,0
early,cage,5,8,resnet,True,solarisation,lr,0.0001,0.0001,32,14,0.0153,1.0960,1.4831,0.2979,0.4231,nan,nan,nan,nan,0
early,cage,5,8,resnet,True,solarisation,lr,0.0001,0.0001,32,15,0.0214,1.2550,1.3165,0.6596,0.4263,nan,nan,nan,nan,0
early,cage,5,8,resnet,True,solarisation,lr,0.0001,0.0001,32,16,0.0514,2.6102,1.6559,0.7660,0.3526,nan,nan,nan,nan,0
early,cage,5,9,resnet,True,solarisation,lr,0.0001,0.0001,32,1,0.7095,0.7039,0.6941,0.6429,0.4377,nan,nan,nan,nan,0
early,cage,5,9,resnet,True,solarisation,lr,0.0001,0.0001,32,2,0.5937,0.7473,0.9965,0.2143,0.5185,nan,nan,nan,nan,0
early,cage,5,9,resnet,True,solarisation,lr,0.0001,0.0001,32,3,0.4539,0.6924,0.7489,0.4762,0.5455,nan,nan,nan,nan,0
early,cage,5,9,resnet,True,solarisation,lr,0.0001,0.0001,32,4,0.3291,0.7364,0.8511,0.5476,0.5387,nan,nan,nan,nan,0
early,cage,5,9,resnet,True,solarisation,lr,0.0001,0.0001,32,5,0.2162,0.9200,0.7930,0.7143,0.5926,nan,nan,nan,nan,1
early,cage,5,9,resnet,True,solarisation,lr,0.0001,0.0001,32,6,0.1109,1.0151,1.0409,0.6429,0.5623,nan,nan,nan,nan,1
early,cage,5,9,resnet,True,solarisation,lr,0.0001,0.0001,32,7,0.1050,2.0029,1.2741,0.7619,0.5859,2.2973,1.5051,0.7750,0.4982,1
early,cage,5,9,resnet,True,solarisation,lr,0.0001,0.0001,32,8,0.0763,1.0241,1.0400,0.6190,0.5623,nan,nan,nan,nan,0
early,cage,5,9,resnet,True,solarisation,lr,0.0001,0.0001,32,9,0.0452,2.0131,1.3766,0.6905,0.4983,nan,nan,nan,nan,0
early,cage,5,9,resnet,True,solarisation,lr,0.0001,0.0001,32,10,0.0512,1.2471,1.7785,0.2857,0.5118,nan,nan,nan,nan,0
early,cage,5,9,resnet,True,solarisation,lr,0.0001,0.0001,32,11,0.0496,2.9736,1.6990,0.7857,0.4848,nan,nan,nan,nan,0
early,cage,5,9,resnet,True,solarisation,lr,0.0001,0.0001,32,12,0.0237,1.4604,1.2940,0.7381,0.4815,nan,nan,nan,nan,0
early,cage,5,9,resnet,True,solarisation,lr,0.0001,0.0001,32,13,0.0345,1.3774,1.3073,0.6190,0.5152,nan,nan,nan,nan,0
early,cage,5,9,resnet,True,solarisation,lr,0.0001,0.0001,32,14,0.0657,1.8958,1.4710,0.6905,0.5522,nan,nan,nan,nan,0
early,cage,5,9,resnet,True,solarisation,lr,0.0001,0.0001,32,15,0.0643,1.0306,1.3642,0.5476,0.5185,nan,nan,nan,nan,0
early,cage,5,9,resnet,True,solarisation,lr,0.0001,0.0001,32,16,0.0637,0.8869,1.0920,0.5952,0.5556,nan,nan,nan,nan,0
early,cage,6,0,resnet,True,solarisation,lr,0.0001,0.0001,32,1,0.7260,0.6563,0.6702,0.6977,0.7698,nan,nan,nan,nan,0
early,cage,6,0,resnet,True,solarisation,lr,0.0001,0.0001,32,2,0.6307,0.6471,0.6738,0.6744,0.7500,nan,nan,nan,nan,0
early,cage,6,0,resnet,True,solarisation,lr,0.0001,0.0001,32,3,0.5217,0.6573,0.7913,0.3953,0.7500,nan,nan,nan,nan,0
early,cage,6,0,resnet,True,solarisation,lr,0.0001,0.0001,32,4,0.3922,0.6541,0.7123,0.8140,0.7262,nan,nan,nan,nan,0
early,cage,6,0,resnet,True,solarisation,lr,0.0001,0.0001,32,5,0.2470,1.1580,0.8978,0.8372,0.7302,1.0452,0.7991,0.8537,0.7048,1
early,cage,6,0,resnet,True,solarisation,lr,0.0001,0.0001,32,6,0.1943,1.8398,1.2469,0.8372,0.5635,nan,nan,nan,nan,0
early,cage,6,0,resnet,True,solarisation,lr,0.0001,0.0001,32,7,0.1074,0.6642,0.8092,0.8140,0.7460,nan,nan,nan,nan,0
early,cage,6,0,resnet,True,solarisation,lr,0.0001,0.0001,32,8,0.1027,0.6634,0.9155,0.5581,0.6389,nan,nan,nan,nan,0
early,cage,6,0,resnet,True,solarisation,lr,0.0001,0.0001,32,9,0.0578,0.7513,0.9535,0.6744,0.7222,nan,nan,nan,nan,0
early,cage,6,0,resnet,True,solarisation,lr,0.0001,0.0001,32,10,0.0490,0.9109,1.5790,0.3953,0.7302,nan,nan,nan,nan,0
early,cage,6,0,resnet,True,solarisation,lr,0.0001,0.0001,32,11,0.0893,1.4109,1.2852,0.7907,0.6706,nan,nan,nan,nan,0
early,cage,6,0,resnet,True,solarisation,lr,0.0001,0.0001,32,12,0.0572,0.6968,1.2833,0.5116,0.7619,nan,nan,nan,nan,0
early,cage,6,0,resnet,True,solarisation,lr,0.0001,0.0001,32,13,0.0257,0.9151,1.4214,0.7442,0.6468,nan,nan,nan,nan,0
early,cage,6,0,resnet,True,solarisation,lr,0.0001,0.0001,32,14,0.0137,0.7345,1.6025,0.6047,0.7183,nan,nan,nan,nan,0
early,cage,6,0,resnet,True,solarisation,lr,0.0001,0.0001,32,15,0.0418,3.9803,2.6105,0.8372,0.6508,nan,nan,nan,nan,0
early,cage,6,0,resnet,True,solarisation,lr,0.0001,0.0001,32,16,0.1369,0.7141,1.1256,0.6744,0.7103,nan,nan,nan,nan,0
early,cage,6,1,resnet,True,solarisation,lr,0.0001,0.0001,32,1,0.7116,0.6993,0.6766,0.7442,0.4286,nan,nan,nan,nan,0
early,cage,6,1,resnet,True,solarisation,lr,0.0001,0.0001,32,2,0.6309,0.7203,0.6138,0.8372,0.5040,nan,nan,nan,nan,0
early,cage,6,1,resnet,True,solarisation,lr,0.0001,0.0001,32,3,0.5107,0.7652,0.6403,0.8372,0.3889,nan,nan,nan,nan,0
early,cage,6,1,resnet,True,solarisation,lr,0.0001,0.0001,32,4,0.3643,0.8465,0.6861,0.7907,0.3929,nan,nan,nan,nan,0
early,cage,6,1,resnet,True,solarisation,lr,0.0001,0.0001,32,5,0.2553,1.0334,0.7676,0.8140,0.3532,nan,nan,nan,nan,1
early,cage,6,1,resnet,True,solarisation,lr,0.0001,0.0001,32,6,0.1562,1.4790,0.8971,0.8372,0.3294,nan,nan,nan,nan,0
early,cage,6,1,resnet,True,solarisation,lr,0.0001,0.0001,32,7,0.1185,1.5497,0.9543,0.8372,0.4762,nan,nan,nan,nan,0
early,cage,6,1,resnet,True,solarisation,lr,0.0001,0.0001,32,8,0.0872,1.5020,0.9379,0.8140,0.4325,nan,nan,nan,nan,0
early,cage,6,1,resnet,True,solarisation,lr,0.0001,0.0001,32,9,0.0582,2.3658,1.3358,0.8372,0.4524,nan,nan,nan,nan,0
early,cage,6,1,resnet,True,solarisation,lr,0.0001,0.0001,32,10,0.0459,2.3007,1.2999,0.8372,0.4127,nan,nan,nan,nan,1
early,cage,6,1,resnet,True,solarisation,lr,0.0001,0.0001,32,11,0.0275,3.6795,2.0362,0.8372,0.4246,3.3012,2.1401,0.8537,0.5333,1
early,cage,6,1,resnet,True,solarisation,lr,0.0001,0.0001,32,12,0.0458,2.4808,1.4131,0.8372,0.3333,nan,nan,nan,nan,0
early,cage,6,1,resnet,True,solarisation,lr,0.0001,0.0001,32,13,0.0395,3.2918,1.8280,0.8372,0.4206,nan,nan,nan,nan,0
early,cage,6,1,resnet,True,solarisation,lr,0.0001,0.0001,32,14,0.0256,3.1444,1.7465,0.8372,0.4087,nan,nan,nan,nan,0
early,cage,6,1,resnet,True,solarisation,lr,0.0001,0.0001,32,15,0.0439,2.9226,1.6575,0.8372,0.3690,nan,nan,nan,nan,0
early,cage,6,1,resnet,True,solarisation,lr,0.0001,0.0001,32,16,0.0548,5.3528,2.9502,0.8372,0.4127,nan,nan,nan,nan,0
early,cage,6,2,resnet,True,solarisation,lr,0.0001,0.0001,32,1,0.7094,0.7244,0.9111,0.1905,0.6250,nan,nan,nan,nan,0
early,cage,6,2,resnet,True,solarisation,lr,0.0001,0.0001,32,2,0.6020,0.7181,0.7169,0.6190,0.3493,nan,nan,nan,nan,0
early,cage,6,2,resnet,True,solarisation,lr,0.0001,0.0001,32,3,0.4904,0.7051,0.8575,0.2143,0.5735,nan,nan,nan,nan,0
early,cage,6,2,resnet,True,solarisation,lr,0.0001,0.0001,32,4,0.3525,0.6841,0.7313,0.6429,0.5588,nan,nan,nan,nan,0
early,cage,6,2,resnet,True,solarisation,lr,0.0001,0.0001,32,5,0.2351,0.7580,0.7636,0.5238,0.3934,nan,nan,nan,nan,1
early,cage,6,2,resnet,True,solarisation,lr,0.0001,0.0001,32,6,0.1684,0.8285,0.7097,0.7857,0.5294,nan,nan,nan,nan,0
early,cage,6,2,resnet,True,solarisation,lr,0.0001,0.0001,32,7,0.1067,0.9640,0.8025,0.8095,0.4963,0.8929,0.7682,0.8537,0.5143,1
early,cage,6,2,resnet,True,solarisation,lr,0.0001,0.0001,32,8,0.0905,0.9765,0.7539,0.7857,0.5000,nan,nan,nan,nan,0
early,cage,6,2,resnet,True,solarisation,lr,0.0001,0.0001,32,9,0.0631,1.2528,0.8622,0.8095,0.5037,nan,nan,nan,nan,0
early,cage,6,2,resnet,True,solarisation,lr,0.0001,0.0001,32,10,0.0446,1.6534,1.0191,0.8095,0.5037,nan,nan,nan,nan,0
early,cage,6,2,resnet,True,solarisation,lr,0.0001,0.0001,32,11,0.0451,1.7231,1.0721,0.8095,0.5221,nan,nan,nan,nan,0
early,cage,6,2,resnet,True,solarisation,lr,0.0001,0.0001,32,12,0.0588,1.5605,1.0029,0.8095,0.4890,nan,nan,nan,nan,0
early,cage,6,2,resnet,True,solarisation,lr,0.0001,0.0001,32,13,0.0397,1.7155,1.0762,0.8095,0.5221,nan,nan,nan,nan,0
early,cage,6,2,resnet,True,solarisation,lr,0.0001,0.0001,32,14,0.0232,1.5823,1.0649,0.7857,0.4963,nan,nan,nan,nan,0
early,cage,6,2,resnet,True,solarisation,lr,0.0001,0.0001,32,15,0.0742,2.2096,1.3900,0.8095,0.4301,nan,nan,nan,nan,0
early,cage,6,2,resnet,True,solarisation,lr,0.0001,0.0001,32,16,0.0503,2.7838,1.6046,0.8095,0.5441,nan,nan,nan,nan,0
early,cage,6,3,resnet,True,solarisation,lr,0.0001,0.0001,32,1,0.7072,0.6838,0.6152,0.8095,0.7388,nan,nan,nan,nan,0
early,cage,6,3,resnet,True,solarisation,lr,0.0001,0.0001,32,2,0.6075,0.6925,0.7610,0.1667,0.7306,nan,nan,nan,nan,0
early,cage,6,3,resnet,True,solarisation,lr,0.0001,0.0001,32,3,0.5022,0.8150,0.6113,0.8333,0.6776,nan,nan,nan,nan,0
early,cage,6,3,resnet,True,solarisation,lr,0.0001,0.0001,32,4,0.3452,0.9842,0.6930,0.8333,0.6776,nan,nan,nan,nan,0
early,cage,6,3,resnet,True,solarisation,lr,0.0001,0.0001,32,5,0.2202,1.5791,1.0323,0.8333,0.5878,1.5900,1.1035,0.8537,0.4429,1
early,cage,6,3,resnet,True,solarisation,lr,0.0001,0.0001,32,6,0.1520,1.4282,0.9471,0.8333,0.5755,nan,nan,nan,nan,0
early,cage,6,3,resnet,True,solarisation,lr,0.0001,0.0001,32,7,0.0975,1.2995,0.8890,0.8333,0.6327,nan,nan,nan,nan,0
early,cage,6,3,resnet,True,solarisation,lr,0.0001,0.0001,32,8,0.0837,2.3401,1.4234,0.8333,0.6653,nan,nan,nan,nan,0
early,cage,6,3,resnet,True,solarisation,lr,0.0001,0.0001,32,9,0.0814,4.0967,2.4806,0.8333,0.6531,nan,nan,nan,nan,0
early,cage,6,3,resnet,True,solarisation,lr,0.0001,0.0001,32,10,0.0451,5.6428,3.3799,0.8333,0.7020,nan,nan,nan,nan,0
early,cage,6,3,resnet,True,solarisation,lr,0.0001,0.0001,32,11,0.0733,3.0627,1.8301,0.8333,0.6041,nan,nan,nan,nan,0
early,cage,6,3,resnet,True,solarisation,lr,0.0001,0.0001,32,12,0.0632,3.0533,1.8603,0.8333,0.6408,nan,nan,nan,nan,0
early,cage,6,3,resnet,True,solarisation,lr,0.0001,0.0001,32,13,0.0353,5.2945,3.1668,0.8333,0.6816,nan,nan,nan,nan,0
early,cage,6,3,resnet,True,solarisation,lr,0.0001,0.0001,32,14,0.0223,4.8399,2.8923,0.8333,0.6857,nan,nan,nan,nan,0
early,cage,6,3,resnet,True,solarisation,lr,0.0001,0.0001,32,15,0.0398,4.7434,2.8760,0.8333,0.6653,nan,nan,nan,nan,0
early,cage,6,3,resnet,True,solarisation,lr,0.0001,0.0001,32,16,0.0244,5.5969,3.3717,0.8333,0.6449,nan,nan,nan,nan,0
early,cage,6,4,resnet,True,solarisation,lr,0.0001,0.0001,32,1,0.7117,0.7103,0.7926,0.1860,0.5643,nan,nan,nan,nan,0
early,cage,6,4,resnet,True,solarisation,lr,0.0001,0.0001,32,2,0.6290,0.7678,0.6872,0.8140,0.5071,nan,nan,nan,nan,0
early,cage,6,4,resnet,True,solarisation,lr,0.0001,0.0001,32,3,0.5239,0.7372,0.7109,0.8140,0.4214,nan,nan,nan,nan,0
early,cage,6,4,resnet,True,solarisation,lr,0.0001,0.0001,32,4,0.3757,0.6987,0.8023,0.3256,0.5214,nan,nan,nan,nan,0
early,cage,6,4,resnet,True,solarisation,lr,0.0001,0.0001,32,5,0.2472,0.8301,0.9010,0.6047,0.3929,0.8208,0.9009,0.6585,0.4381,1
early,cage,6,4,resnet,True,solarisation,lr,0.0001,0.0001,32,6,0.1730,1.1541,0.9477,0.8140,0.4357,nan,nan,nan,nan,0
early,cage,6,4,resnet,True,solarisation,lr,0.0001,0.0001,32,7,0.1011,1.1025,0.9287,0.8140,0.4321,nan,nan,nan,nan,0
early,cage,6,4,resnet,True,solarisation,lr,0.0001,0.0001,32,8,0.0820,0.8486,0.9867,0.6279,0.4679,nan,nan,nan,nan,0
early,cage,6,4,resnet,True,solarisation,lr,0.0001,0.0001,32,9,0.0776,0.7930,0.8907,0.6512,0.5357,nan,nan,nan,nan,0
early,cage,6,4,resnet,True,solarisation,lr,0.0001,0.0001,32,10,0.0703,1.5160,1.2207,0.8140,0.4143,nan,nan,nan,nan,0
early,cage,6,4,resnet,True,solarisation,lr,0.0001,0.0001,32,11,0.0413,1.6457,1.3341,0.8140,0.3929,nan,nan,nan,nan,0
early,cage,6,4,resnet,True,solarisation,lr,0.0001,0.0001,32,12,0.0345,1.4367,1.2719,0.8140,0.3857,nan,nan,nan,nan,0
early,cage,6,4,resnet,True,solarisation,lr,0.0001,0.0001,32,13,0.0395,1.0428,1.0990,0.8140,0.4286,nan,nan,nan,nan,0
early,cage,6,4,resnet,True,solarisation,lr,0.0001,0.0001,32,14,0.0469,3.0228,2.3140,0.8140,0.4786,nan,nan,nan,nan,0
early,cage,6,4,resnet,True,solarisation,lr,0.0001,0.0001,32,15,0.0906,1.2577,1.2490,0.7907,0.4821,nan,nan,nan,nan,0
early,cage,6,4,resnet,True,solarisation,lr,0.0001,0.0001,32,16,0.0307,0.9783,1.1577,0.7209,0.5036,nan,nan,nan,nan,0
early,cage,6,5,resnet,True,solarisation,lr,0.0001,0.0001,32,1,0.6917,0.6910,0.7746,0.2250,0.4695,nan,nan,nan,nan,0
early,cage,6,5,resnet,True,solarisation,lr,0.0001,0.0001,32,2,0.5811,0.7184,0.7521,0.2250,0.3692,nan,nan,nan,nan,0
early,cage,6,5,resnet,True,solarisation,lr,0.0001,0.0001,32,3,0.4651,0.7399,0.9024,0.2500,0.4086,nan,nan,nan,nan,0
early,cage,6,5,resnet,True,solarisation,lr,0.0001,0.0001,32,4,0.3245,0.7711,0.9457,0.2500,0.3548,nan,nan,nan,nan,0
early,cage,6,5,resnet,True,solarisation,lr,0.0001,0.0001,32,5,0.2467,0.7813,0.9557,0.4500,0.4122,nan,nan,nan,nan,1
early,cage,6,5,resnet,True,solarisation,lr,0.0001,0.0001,32,6,0.1522,0.9160,0.8974,0.5750,0.5054,nan,nan,nan,nan,1
early,cage,6,5,resnet,True,solarisation,lr,0.0001,0.0001,32,7,0.0896,0.8575,0.9754,0.5500,0.5233,nan,nan,nan,nan,1
early,cage,6,5,resnet,True,solarisation,lr,0.0001,0.0001,32,8,0.0987,1.3398,1.9874,0.2250,0.4695,nan,nan,nan,nan,1
early,cage,6,5,resnet,True,solarisation,lr,0.0001,0.0001,32,9,0.0713,0.8300,0.9445,0.5750,0.5305,nan,nan,nan,nan,1
early,cage,6,5,resnet,True,solarisation,lr,0.0001,0.0001,32,10,0.0386,0.9005,1.2397,0.4750,0.5341,nan,nan,nan,nan,1
early,cage,6,5,resnet,True,solarisation,lr,0.0001,0.0001,32,11,0.0434,0.9950,1.5630,0.2750,0.4982,nan,nan,nan,nan,0
early,cage,6,5,resnet,True,solarisation,lr,0.0001,0.0001,32,12,0.0491,1.6788,1.2790,0.7250,0.5484,nan,nan,nan,nan,0
early,cage,6,5,resnet,True,solarisation,lr,0.0001,0.0001,32,13,0.0142,1.0948,1.2280,0.6750,0.5269,0.6855,1.0888,0.7073,0.7095,1
early,cage,6,5,resnet,True,solarisation,lr,0.0001,0.0001,32,14,0.0155,1.5804,1.4167,0.6750,0.4982,nan,nan,nan,nan,0
early,cage,6,5,resnet,True,solarisation,lr,0.0001,0.0001,32,15,0.0860,1.6199,2.3929,0.2250,0.3978,nan,nan,nan,nan,0
early,cage,6,5,resnet,True,solarisation,lr,0.0001,0.0001,32,16,0.0765,1.0489,1.2539,0.6000,0.4731,nan,nan,nan,nan,0
early,cage,6,5,resnet,True,solarisation,lr,0.0001,0.0001,32,17,0.0245,0.9784,1.4702,0.5000,0.4982,nan,nan,nan,nan,0
early,cage,6,5,resnet,True,solarisation,lr,0.0001,0.0001,32,18,0.0082,1.1258,1.6024,0.4750,0.4086,nan,nan,nan,nan,0
