fusion,dataset,test_set,dev_set,arch,use_pretrained,augmentation,speech_encoder_arch,lr,wd,batch_size,epoch,train_loss,dev_loss_patient,dev_loss_cough,dev_acc,dev_auc,test_loss_patient,test_loss_cough,test_acc,test_auc,is_best
none,cage,0,1,resnet,False,none,lr,0.0001,0.0001,32,1,0.7374,0.6906,0.6315,0.8372,0.6230,nan,nan,nan,nan,0
none,cage,0,1,resnet,False,none,lr,0.0001,0.0001,32,2,0.7160,0.6965,0.6859,0.6279,0.4643,nan,nan,nan,nan,0
none,cage,0,1,resnet,False,none,lr,0.0001,0.0001,32,3,0.6892,0.6743,0.6855,0.6744,0.6389,nan,nan,nan,nan,0
none,cage,0,1,resnet,False,none,lr,0.0001,0.0001,32,4,0.6648,0.6434,0.6957,0.5581,0.8175,nan,nan,nan,nan,0
none,cage,0,1,resnet,False,none,lr,0.0001,0.0001,32,5,0.6196,0.6548,0.7013,0.6512,0.7024,nan,nan,nan,nan,1
none,cage,0,1,resnet,False,none,lr,0.0001,0.0001,32,6,0.5296,0.6553,0.7987,0.6744,0.6905,nan,nan,nan,nan,1
none,cage,0,1,resnet,False,none,lr,0.0001,0.0001,32,7,0.4904,0.8795,0.7087,0.7907,0.5952,0.7593,0.7062,0.8140,0.7619,1
none,cage,0,1,resnet,False,none,lr,0.0001,0.0001,32,8,0.4223,0.8529,0.7664,0.7442,0.6111,nan,nan,nan,nan,0
none,cage,0,1,resnet,False,none,lr,0.0001,0.0001,32,9,0.3581,0.9798,0.8646,0.8140,0.6111,nan,nan,nan,nan,0
none,cage,0,1,resnet,False,none,lr,0.0001,0.0001,32,10,0.2967,1.0006,1.1680,0.6977,0.5238,nan,nan,nan,nan,0
none,cage,0,1,resnet,False,none,lr,0.0001,0.0001,32,11,0.2674,0.7984,1.0173,0.7442,0.6865,nan,nan,nan,nan,0
none,cage,0,1,resnet,False,none,lr,0.0001,0.0001,32,12,0.2302,1.3360,1.2250,0.7674,0.5952,nan,nan,nan,nan,0
none,cage,0,1,resnet,False,none,lr,0.0001,0.0001,32,13,0.1879,1.4360,1.1093,0.8140,0.6587,nan,nan,nan,nan,0
none,cage,0,1,resnet,False,none,lr,0.0001,0.0001,32,14,0.1609,1.2649,1.1935,0.7907,0.6786,nan,nan,nan,nan,0
none,cage,0,1,resnet,False,none,lr,0.0001,0.0001,32,15,0.1324,0.7639,1.2230,0.7674,0.7222,nan,nan,nan,nan,0
none,cage,0,1,resnet,False,none,lr,0.0001,0.0001,32,16,0.1492,1.3840,1.4620,0.7209,0.5476,nan,nan,nan,nan,0
none,cage,0,2,resnet,False,none,lr,0.0001,0.0001,32,1,0.7239,0.7134,0.8276,0.1905,0.4779,nan,nan,nan,nan,0
none,cage,0,2,resnet,False,none,lr,0.0001,0.0001,32,2,0.6975,0.6968,0.6570,0.7857,0.6324,nan,nan,nan,nan,0
none,cage,0,2,resnet,False,none,lr,0.0001,0.0001,32,3,0.6787,0.7445,0.6625,0.7619,0.5625,nan,nan,nan,nan,0
none,cage,0,2,resnet,False,none,lr,0.0001,0.0001,32,4,0.6367,0.7244,0.8538,0.3333,0.5625,nan,nan,nan,nan,0
none,cage,0,2,resnet,False,none,lr,0.0001,0.0001,32,5,0.5775,0.8519,1.0553,0.2143,0.4338,nan,nan,nan,nan,1
none,cage,0,2,resnet,False,none,lr,0.0001,0.0001,32,6,0.5063,0.8673,0.7274,0.7857,0.6360,nan,nan,nan,nan,1
none,cage,0,2,resnet,False,none,lr,0.0001,0.0001,32,7,0.4373,0.8208,0.8252,0.7619,0.6912,nan,nan,nan,nan,1
none,cage,0,2,resnet,False,none,lr,0.0001,0.0001,32,8,0.3838,1.0512,0.7670,0.7857,0.6912,nan,nan,nan,nan,1
none,cage,0,2,resnet,False,none,lr,0.0001,0.0001,32,9,0.3313,0.9304,0.9082,0.8333,0.7316,nan,nan,nan,nan,1
none,cage,0,2,resnet,False,none,lr,0.0001,0.0001,32,10,0.3095,0.8303,0.8948,0.8571,0.7279,nan,nan,nan,nan,1
none,cage,0,2,resnet,False,none,lr,0.0001,0.0001,32,11,0.2569,1.1888,1.0984,0.7619,0.6581,nan,nan,nan,nan,0
none,cage,0,2,resnet,False,none,lr,0.0001,0.0001,32,12,0.2174,1.4326,1.0326,0.8095,0.7574,nan,nan,nan,nan,1
none,cage,0,2,resnet,False,none,lr,0.0001,0.0001,32,13,0.1742,0.9180,1.1302,0.7619,0.7574,nan,nan,nan,nan,1
none,cage,0,2,resnet,False,none,lr,0.0001,0.0001,32,14,0.1320,0.9936,1.1361,0.8095,0.7794,nan,nan,nan,nan,1
none,cage,0,2,resnet,False,none,lr,0.0001,0.0001,32,15,0.1203,2.1921,1.4663,0.8095,0.7169,nan,nan,nan,nan,0
none,cage,0,2,resnet,False,none,lr,0.0001,0.0001,32,16,0.1286,1.6579,1.3480,0.7857,0.7169,1.4079,1.2928,0.8140,0.7976,1
none,cage,0,2,resnet,False,none,lr,0.0001,0.0001,32,17,0.1131,1.6814,1.2718,0.8333,0.7574,nan,nan,nan,nan,0
none,cage,0,2,resnet,False,none,lr,0.0001,0.0001,32,18,0.1064,1.5454,1.3478,0.7857,0.7353,nan,nan,nan,nan,0
none,cage,0,2,resnet,False,none,lr,0.0001,0.0001,32,19,0.0878,2.1126,1.4975,0.7857,0.7022,nan,nan,nan,nan,0
none,cage,0,2,resnet,False,none,lr,0.0001,0.0001,32,20,0.0808,2.3427,1.5995,0.8095,0.7463,nan,nan,nan,nan,0
none,cage,0,2,resnet,False,none,lr,0.0001,0.0001,32,21,0.0808,1.8203,1.4534,0.7381,0.6581,nan,nan,nan,nan,0
none,cage,0,3,resnet,False,none,lr,0.0001,0.0001,32,1,0.7454,0.7716,0.8993,0.1667,0.3796,nan,nan,nan,nan,0
none,cage,0,3,resnet,False,none,lr,0.0001,0.0001,32,2,0.7170,0.7525,0.8834,0.1667,0.5878,nan,nan,nan,nan,0
none,cage,0,3,resnet,False,none,lr,0.0001,0.0001,32,3,0.7157,0.7084,0.6143,0.8333,0.6082,nan,nan,nan,nan,0
none,cage,0,3,resnet,False,none,lr,0.0001,0.0001,32,4,0.6715,0.6487,0.6456,0.8333,0.6939,nan,nan,nan,nan,0
none,cage,0,3,resnet,False,none,lr,0.0001,0.0001,32,5,0.6293,0.6955,0.7235,0.5952,0.5878,nan,nan,nan,nan,1
none,cage,0,3,resnet,False,none,lr,0.0001,0.0001,32,6,0.5764,0.7390,0.7943,0.5952,0.5551,0.5714,0.6504,0.7674,0.7698,1
none,cage,0,3,resnet,False,none,lr,0.0001,0.0001,32,7,0.4913,1.1606,0.8373,0.8095,0.4776,nan,nan,nan,nan,0
none,cage,0,3,resnet,False,none,lr,0.0001,0.0001,32,8,0.4192,0.9633,1.0109,0.6905,0.4408,nan,nan,nan,nan,0
none,cage,0,3,resnet,False,none,lr,0.0001,0.0001,32,9,0.3599,1.1819,0.9940,0.7619,0.4490,nan,nan,nan,nan,0
none,cage,0,3,resnet,False,none,lr,0.0001,0.0001,32,10,0.3121,1.4965,1.1523,0.7857,0.4122,nan,nan,nan,nan,0
none,cage,0,3,resnet,False,none,lr,0.0001,0.0001,32,11,0.2528,1.2830,1.1989,0.7381,0.5020,nan,nan,nan,nan,0
none,cage,0,3,resnet,False,none,lr,0.0001,0.0001,32,12,0.2049,2.0692,1.3565,0.8333,0.5102,nan,nan,nan,nan,0
none,cage,0,3,resnet,False,none,lr,0.0001,0.0001,32,13,0.1709,2.1589,1.5347,0.7857,0.4000,nan,nan,nan,nan,0
none,cage,0,3,resnet,False,none,lr,0.0001,0.0001,32,14,0.1594,2.1421,1.4743,0.8333,0.4245,nan,nan,nan,nan,0
none,cage,0,3,resnet,False,none,lr,0.0001,0.0001,32,15,0.1156,2.0906,1.5520,0.8333,0.4735,nan,nan,nan,nan,0
none,cage,0,3,resnet,False,none,lr,0.0001,0.0001,32,16,0.1004,1.8567,1.7511,0.7857,0.3918,nan,nan,nan,nan,0
none,cage,0,4,resnet,False,none,lr,0.0001,0.0001,32,1,0.7300,0.7044,0.7017,0.7209,0.4964,nan,nan,nan,nan,0
none,cage,0,4,resnet,False,none,lr,0.0001,0.0001,32,2,0.6957,0.7405,0.7033,0.6512,0.4714,nan,nan,nan,nan,0
none,cage,0,4,resnet,False,none,lr,0.0001,0.0001,32,3,0.6713,0.7691,0.9190,0.2326,0.5857,nan,nan,nan,nan,0
none,cage,0,4,resnet,False,none,lr,0.0001,0.0001,32,4,0.6210,0.7322,0.8533,0.4419,0.4929,nan,nan,nan,nan,0
none,cage,0,4,resnet,False,none,lr,0.0001,0.0001,32,5,0.5619,0.9356,0.7882,0.8140,0.4893,nan,nan,nan,nan,1
none,cage,0,4,resnet,False,none,lr,0.0001,0.0001,32,6,0.4781,0.8970,0.8798,0.7907,0.6964,nan,nan,nan,nan,1
none,cage,0,4,resnet,False,none,lr,0.0001,0.0001,32,7,0.4029,0.7723,1.0573,0.5814,0.5643,0.8028,0.9947,0.6977,0.6111,1
none,cage,0,4,resnet,False,none,lr,0.0001,0.0001,32,8,0.3469,1.0851,1.0766,0.7209,0.4750,nan,nan,nan,nan,0
none,cage,0,4,resnet,False,none,lr,0.0001,0.0001,32,9,0.3046,1.2533,1.1572,0.8140,0.5036,nan,nan,nan,nan,0
none,cage,0,4,resnet,False,none,lr,0.0001,0.0001,32,10,0.2618,1.1454,1.2957,0.7442,0.5393,nan,nan,nan,nan,0
none,cage,0,4,resnet,False,none,lr,0.0001,0.0001,32,11,0.1865,1.2324,1.2682,0.7907,0.5321,nan,nan,nan,nan,0
none,cage,0,4,resnet,False,none,lr,0.0001,0.0001,32,12,0.1802,2.1359,1.7298,0.7907,0.5714,nan,nan,nan,nan,0
none,cage,0,4,resnet,False,none,lr,0.0001,0.0001,32,13,0.1534,1.7044,1.7797,0.7442,0.4893,nan,nan,nan,nan,0
none,cage,0,4,resnet,False,none,lr,0.0001,0.0001,32,14,0.1324,1.9549,1.7508,0.8140,0.5179,nan,nan,nan,nan,0
none,cage,0,4,resnet,False,none,lr,0.0001,0.0001,32,15,0.1237,2.3234,1.9921,0.8140,0.4393,nan,nan,nan,nan,0
none,cage,0,4,resnet,False,none,lr,0.0001,0.0001,32,16,0.1021,2.2141,1.8758,0.7907,0.4321,nan,nan,nan,nan,0
none,cage,0,5,resnet,False,none,lr,0.0001,0.0001,32,1,0.7281,0.6854,0.6829,0.7000,0.6308,nan,nan,nan,nan,0
none,cage,0,5,resnet,False,none,lr,0.0001,0.0001,32,2,0.7005,0.7405,0.6585,0.7000,0.5484,nan,nan,nan,nan,0
none,cage,0,5,resnet,False,none,lr,0.0001,0.0001,32,3,0.6671,0.7505,0.7255,0.5750,0.4767,nan,nan,nan,nan,0
none,cage,0,5,resnet,False,none,lr,0.0001,0.0001,32,4,0.6000,0.7150,0.8481,0.3250,0.4946,nan,nan,nan,nan,0
none,cage,0,5,resnet,False,none,lr,0.0001,0.0001,32,5,0.5264,1.2531,0.8665,0.7250,0.4552,0.8093,0.6706,0.8372,0.7857,1
none,cage,0,5,resnet,False,none,lr,0.0001,0.0001,32,6,0.4556,0.9374,0.9323,0.4750,0.3943,nan,nan,nan,nan,0
none,cage,0,5,resnet,False,none,lr,0.0001,0.0001,32,7,0.4048,1.4209,1.0743,0.7000,0.3978,nan,nan,nan,nan,0
none,cage,0,5,resnet,False,none,lr,0.0001,0.0001,32,8,0.3504,1.6773,1.2439,0.6750,0.3871,nan,nan,nan,nan,0
none,cage,0,5,resnet,False,none,lr,0.0001,0.0001,32,9,0.2792,1.4272,1.3339,0.6250,0.4229,nan,nan,nan,nan,0
none,cage,0,5,resnet,False,none,lr,0.0001,0.0001,32,10,0.2674,2.2337,1.6044,0.7000,0.3978,nan,nan,nan,nan,0
none,cage,0,5,resnet,False,none,lr,0.0001,0.0001,32,11,0.2158,1.8340,1.4636,0.7000,0.4158,nan,nan,nan,nan,0
none,cage,0,5,resnet,False,none,lr,0.0001,0.0001,32,12,0.1930,2.1867,1.6510,0.6750,0.4086,nan,nan,nan,nan,0
none,cage,0,5,resnet,False,none,lr,0.0001,0.0001,32,13,0.1547,2.8210,1.9430,0.7500,0.4803,nan,nan,nan,nan,0
none,cage,0,5,resnet,False,none,lr,0.0001,0.0001,32,14,0.1480,1.6687,1.7475,0.6250,0.4767,nan,nan,nan,nan,0
none,cage,0,5,resnet,False,none,lr,0.0001,0.0001,32,15,0.1397,2.4406,1.9191,0.6500,0.3943,nan,nan,nan,nan,0
none,cage,0,5,resnet,False,none,lr,0.0001,0.0001,32,16,0.0958,2.8748,2.0753,0.7250,0.4516,nan,nan,nan,nan,0
none,cage,0,6,resnet,False,none,lr,0.0001,0.0001,32,1,0.7313,0.6994,0.6286,0.8537,0.5143,nan,nan,nan,nan,0
none,cage,0,6,resnet,False,none,lr,0.0001,0.0001,32,2,0.7100,0.6928,0.7201,0.3902,0.6286,nan,nan,nan,nan,0
none,cage,0,6,resnet,False,none,lr,0.0001,0.0001,32,3,0.6999,0.6990,0.6344,0.8537,0.4905,nan,nan,nan,nan,0
none,cage,0,6,resnet,False,none,lr,0.0001,0.0001,32,4,0.6742,0.7854,0.6509,0.8537,0.5000,nan,nan,nan,nan,0
none,cage,0,6,resnet,False,none,lr,0.0001,0.0001,32,5,0.6463,0.7433,0.6626,0.8049,0.5524,0.6192,0.5874,0.8605,0.8492,1
none,cage,0,6,resnet,False,none,lr,0.0001,0.0001,32,6,0.5653,0.8224,0.7540,0.7317,0.4952,nan,nan,nan,nan,0
none,cage,0,6,resnet,False,none,lr,0.0001,0.0001,32,7,0.4868,0.9078,0.8520,0.8049,0.5333,nan,nan,nan,nan,0
none,cage,0,6,resnet,False,none,lr,0.0001,0.0001,32,8,0.4408,1.0576,0.9707,0.7317,0.3286,nan,nan,nan,nan,0
none,cage,0,6,resnet,False,none,lr,0.0001,0.0001,32,9,0.3532,0.9032,1.0493,0.5610,0.3667,nan,nan,nan,nan,0
none,cage,0,6,resnet,False,none,lr,0.0001,0.0001,32,10,0.3061,1.2150,1.2339,0.7561,0.4095,nan,nan,nan,nan,0
none,cage,0,6,resnet,False,none,lr,0.0001,0.0001,32,11,0.2513,1.4883,1.2727,0.8293,0.4667,nan,nan,nan,nan,0
none,cage,0,6,resnet,False,none,lr,0.0001,0.0001,32,12,0.2134,1.6315,1.5046,0.7317,0.3952,nan,nan,nan,nan,0
none,cage,0,6,resnet,False,none,lr,0.0001,0.0001,32,13,0.1979,2.0766,1.7721,0.8049,0.3048,nan,nan,nan,nan,0
none,cage,0,6,resnet,False,none,lr,0.0001,0.0001,32,14,0.1470,2.4104,1.8845,0.8049,0.2952,nan,nan,nan,nan,0
none,cage,0,6,resnet,False,none,lr,0.0001,0.0001,32,15,0.1402,2.6927,2.0337,0.8049,0.2810,nan,nan,nan,nan,0
none,cage,0,6,resnet,False,none,lr,0.0001,0.0001,32,16,0.1157,2.0099,1.9515,0.7561,0.3476,nan,nan,nan,nan,0
none,cage,0,7,resnet,False,none,lr,0.0001,0.0001,32,1,0.7328,0.6859,0.6603,0.7955,0.6007,nan,nan,nan,nan,0
none,cage,0,7,resnet,False,none,lr,0.0001,0.0001,32,2,0.7074,0.7020,0.6718,0.7045,0.5556,nan,nan,nan,nan,0
none,cage,0,7,resnet,False,none,lr,0.0001,0.0001,32,3,0.6823,0.6539,0.6728,0.6591,0.6667,nan,nan,nan,nan,0
none,cage,0,7,resnet,False,none,lr,0.0001,0.0001,32,4,0.6528,0.6474,0.6676,0.6364,0.6597,nan,nan,nan,nan,0
none,cage,0,7,resnet,False,none,lr,0.0001,0.0001,32,5,0.6114,0.6160,0.8205,0.4091,0.7743,nan,nan,nan,nan,1
none,cage,0,7,resnet,False,none,lr,0.0001,0.0001,32,6,0.5426,0.9412,0.7458,0.7955,0.6354,nan,nan,nan,nan,1
none,cage,0,7,resnet,False,none,lr,0.0001,0.0001,32,7,0.4777,0.6563,0.6238,0.8182,0.7257,nan,nan,nan,nan,1
none,cage,0,7,resnet,False,none,lr,0.0001,0.0001,32,8,0.4090,0.8734,0.6810,0.8182,0.7257,nan,nan,nan,nan,1
none,cage,0,7,resnet,False,none,lr,0.0001,0.0001,32,9,0.3592,0.9635,0.8049,0.7955,0.6944,0.8473,0.8822,0.7907,0.7460,1
none,cage,0,7,resnet,False,none,lr,0.0001,0.0001,32,10,0.2998,0.6640,0.9613,0.7045,0.6701,nan,nan,nan,nan,0
none,cage,0,7,resnet,False,none,lr,0.0001,0.0001,32,11,0.2589,1.0197,0.9066,0.8182,0.6667,nan,nan,nan,nan,0
none,cage,0,7,resnet,False,none,lr,0.0001,0.0001,32,12,0.1805,1.3250,1.0737,0.8182,0.7014,nan,nan,nan,nan,0
none,cage,0,7,resnet,False,none,lr,0.0001,0.0001,32,13,0.1531,2.0537,1.2309,0.8182,0.5903,nan,nan,nan,nan,0
none,cage,0,7,resnet,False,none,lr,0.0001,0.0001,32,14,0.1408,0.8789,1.1449,0.7727,0.7014,nan,nan,nan,nan,0
none,cage,0,7,resnet,False,none,lr,0.0001,0.0001,32,15,0.1581,1.7400,1.1453,0.8182,0.6979,nan,nan,nan,nan,0
none,cage,0,7,resnet,False,none,lr,0.0001,0.0001,32,16,0.0989,1.3871,1.2595,0.8182,0.7569,nan,nan,nan,nan,0
none,cage,0,8,resnet,False,none,lr,0.0001,0.0001,32,1,0.7229,0.7166,0.6880,0.7021,0.3750,nan,nan,nan,nan,0
none,cage,0,8,resnet,False,none,lr,0.0001,0.0001,32,2,0.7109,0.7349,0.6761,0.7447,0.3365,nan,nan,nan,nan,0
none,cage,0,8,resnet,False,none,lr,0.0001,0.0001,32,3,0.6851,0.7220,0.6627,0.8085,0.5192,nan,nan,nan,nan,0
none,cage,0,8,resnet,False,none,lr,0.0001,0.0001,32,4,0.6452,0.7228,0.7004,0.6170,0.5417,nan,nan,nan,nan,0
none,cage,0,8,resnet,False,none,lr,0.0001,0.0001,32,5,0.5706,1.0582,0.7402,0.7872,0.4551,nan,nan,nan,nan,1
none,cage,0,8,resnet,False,none,lr,0.0001,0.0001,32,6,0.4962,0.8681,0.7550,0.7872,0.5545,nan,nan,nan,nan,1
none,cage,0,8,resnet,False,none,lr,0.0001,0.0001,32,7,0.4433,1.2858,0.9360,0.7660,0.4167,nan,nan,nan,nan,1
none,cage,0,8,resnet,False,none,lr,0.0001,0.0001,32,8,0.3549,1.4589,1.0835,0.7021,0.3718,nan,nan,nan,nan,0
none,cage,0,8,resnet,False,none,lr,0.0001,0.0001,32,9,0.3159,0.9968,1.0948,0.7021,0.5288,nan,nan,nan,nan,0
none,cage,0,8,resnet,False,none,lr,0.0001,0.0001,32,10,0.2577,1.7397,1.2331,0.8085,0.4295,nan,nan,nan,nan,0
none,cage,0,8,resnet,False,none,lr,0.0001,0.0001,32,11,0.2290,1.7667,1.3246,0.7872,0.4167,nan,nan,nan,nan,0
none,cage,0,8,resnet,False,none,lr,0.0001,0.0001,32,12,0.1989,1.2043,1.0082,0.7447,0.6122,nan,nan,nan,nan,0
none,cage,0,8,resnet,False,none,lr,0.0001,0.0001,32,13,0.1614,1.2459,1.4044,0.6596,0.5321,nan,nan,nan,nan,1
none,cage,0,8,resnet,False,none,lr,0.0001,0.0001,32,14,0.1174,1.9132,1.5389,0.7447,0.5224,nan,nan,nan,nan,0
none,cage,0,8,resnet,False,none,lr,0.0001,0.0001,32,15,0.1276,1.8282,1.4633,0.7872,0.5032,nan,nan,nan,nan,1
none,cage,0,8,resnet,False,none,lr,0.0001,0.0001,32,16,0.1083,1.7125,1.7135,0.7447,0.5000,1.2806,1.6701,0.7907,0.6270,1
none,cage,0,8,resnet,False,none,lr,0.0001,0.0001,32,17,0.0954,2.4357,1.6636,0.8085,0.5577,nan,nan,nan,nan,0
none,cage,0,8,resnet,False,none,lr,0.0001,0.0001,32,18,0.0892,2.9819,1.7287,0.8298,0.5032,nan,nan,nan,nan,0
none,cage,0,8,resnet,False,none,lr,0.0001,0.0001,32,19,0.0837,1.7200,1.7633,0.7447,0.5417,nan,nan,nan,nan,0
none,cage,0,8,resnet,False,none,lr,0.0001,0.0001,32,20,0.0659,2.7802,1.9423,0.8298,0.4968,nan,nan,nan,nan,0
none,cage,0,8,resnet,False,none,lr,0.0001,0.0001,32,21,0.0525,3.3557,2.0126,0.8298,0.5128,nan,nan,nan,nan,0
none,cage,0,9,resnet,False,none,lr,0.0001,0.0001,32,1,0.7385,0.6850,0.6867,0.6429,0.6566,nan,nan,nan,nan,0
none,cage,0,9,resnet,False,none,lr,0.0001,0.0001,32,2,0.7033,0.7131,0.6647,0.7857,0.5455,nan,nan,nan,nan,0
none,cage,0,9,resnet,False,none,lr,0.0001,0.0001,32,3,0.6757,0.7502,0.7772,0.4762,0.4411,nan,nan,nan,nan,0
none,cage,0,9,resnet,False,none,lr,0.0001,0.0001,32,4,0.6257,0.9272,0.7323,0.7619,0.5791,nan,nan,nan,nan,0
none,cage,0,9,resnet,False,none,lr,0.0001,0.0001,32,5,0.5482,0.7538,0.7925,0.6429,0.6229,0.5420,0.6073,0.7907,0.8294,1
none,cage,0,9,resnet,False,none,lr,0.0001,0.0001,32,6,0.4565,0.9778,0.8522,0.7381,0.5589,nan,nan,nan,nan,0
none,cage,0,9,resnet,False,none,lr,0.0001,0.0001,32,7,0.4009,1.2244,1.3138,0.4762,0.3906,nan,nan,nan,nan,0
none,cage,0,9,resnet,False,none,lr,0.0001,0.0001,32,8,0.3424,1.4807,1.1268,0.6905,0.3805,nan,nan,nan,nan,0
none,cage,0,9,resnet,False,none,lr,0.0001,0.0001,32,9,0.2906,2.0005,1.3613,0.7619,0.4983,nan,nan,nan,nan,0
none,cage,0,9,resnet,False,none,lr,0.0001,0.0001,32,10,0.2399,1.4998,1.3727,0.6667,0.5051,nan,nan,nan,nan,0
none,cage,0,9,resnet,False,none,lr,0.0001,0.0001,32,11,0.1855,1.5959,1.2927,0.6905,0.5051,nan,nan,nan,nan,0
none,cage,0,9,resnet,False,none,lr,0.0001,0.0001,32,12,0.1827,1.9069,1.4739,0.7143,0.4579,nan,nan,nan,nan,0
none,cage,0,9,resnet,False,none,lr,0.0001,0.0001,32,13,0.1432,1.5211,1.7018,0.6667,0.5051,nan,nan,nan,nan,0
none,cage,0,9,resnet,False,none,lr,0.0001,0.0001,32,14,0.1014,2.1743,1.9003,0.7619,0.4983,nan,nan,nan,nan,0
none,cage,0,9,resnet,False,none,lr,0.0001,0.0001,32,15,0.1010,2.5362,2.0045,0.7143,0.4579,nan,nan,nan,nan,0
none,cage,0,9,resnet,False,none,lr,0.0001,0.0001,32,16,0.1064,3.0258,2.0027,0.7857,0.5051,nan,nan,nan,nan,0
none,cage,1,0,resnet,False,none,lr,0.0001,0.0001,32,1,0.7254,0.7024,0.6447,0.8372,0.5238,nan,nan,nan,nan,0
none,cage,1,0,resnet,False,none,lr,0.0001,0.0001,32,2,0.7014,0.6785,0.7213,0.2093,0.8135,nan,nan,nan,nan,0
none,cage,1,0,resnet,False,none,lr,0.0001,0.0001,32,3,0.6713,0.6148,0.6564,0.6279,0.7540,nan,nan,nan,nan,0
none,cage,1,0,resnet,False,none,lr,0.0001,0.0001,32,4,0.6120,0.6044,0.7344,0.5116,0.7937,nan,nan,nan,nan,0
none,cage,1,0,resnet,False,none,lr,0.0001,0.0001,32,5,0.5543,0.6007,0.7195,0.6279,0.7540,nan,nan,nan,nan,1
none,cage,1,0,resnet,False,none,lr,0.0001,0.0001,32,6,0.4693,0.5786,0.7818,0.5814,0.7937,0.6713,0.8727,0.4651,0.6706,1
none,cage,1,0,resnet,False,none,lr,0.0001,0.0001,32,7,0.4094,1.1109,0.9268,0.8140,0.6349,nan,nan,nan,nan,0
none,cage,1,0,resnet,False,none,lr,0.0001,0.0001,32,8,0.3344,1.1541,0.9886,0.8140,0.6349,nan,nan,nan,nan,0
none,cage,1,0,resnet,False,none,lr,0.0001,0.0001,32,9,0.3037,0.8385,1.0633,0.7209,0.5833,nan,nan,nan,nan,0
none,cage,1,0,resnet,False,none,lr,0.0001,0.0001,32,10,0.2555,1.0030,1.0954,0.8372,0.6746,nan,nan,nan,nan,0
none,cage,1,0,resnet,False,none,lr,0.0001,0.0001,32,11,0.2435,1.4910,1.2666,0.8372,0.6270,nan,nan,nan,nan,0
none,cage,1,0,resnet,False,none,lr,0.0001,0.0001,32,12,0.2151,1.6808,1.2478,0.8372,0.7698,nan,nan,nan,nan,0
none,cage,1,0,resnet,False,none,lr,0.0001,0.0001,32,13,0.1704,1.3683,1.2712,0.8140,0.6667,nan,nan,nan,nan,0
none,cage,1,0,resnet,False,none,lr,0.0001,0.0001,32,14,0.1351,2.0318,1.5187,0.8140,0.6468,nan,nan,nan,nan,0
none,cage,1,0,resnet,False,none,lr,0.0001,0.0001,32,15,0.1242,2.0554,1.5638,0.8140,0.6944,nan,nan,nan,nan,0
none,cage,1,0,resnet,False,none,lr,0.0001,0.0001,32,16,0.1090,2.1791,1.6723,0.8140,0.6270,nan,nan,nan,nan,0
none,cage,1,2,resnet,False,none,lr,0.0001,0.0001,32,1,0.7255,0.7466,0.6167,0.8095,0.6434,nan,nan,nan,nan,0
none,cage,1,2,resnet,False,none,lr,0.0001,0.0001,32,2,0.7081,0.6958,0.6800,0.6429,0.5551,nan,nan,nan,nan,0
none,cage,1,2,resnet,False,none,lr,0.0001,0.0001,32,3,0.6781,0.7390,0.6189,0.7857,0.7316,nan,nan,nan,nan,0
none,cage,1,2,resnet,False,none,lr,0.0001,0.0001,32,4,0.6331,0.7276,0.7636,0.5476,0.5515,nan,nan,nan,nan,0
none,cage,1,2,resnet,False,none,lr,0.0001,0.0001,32,5,0.5705,0.7304,0.7230,0.6667,0.6176,nan,nan,nan,nan,1
none,cage,1,2,resnet,False,none,lr,0.0001,0.0001,32,6,0.4790,1.1060,0.8017,0.7857,0.4853,nan,nan,nan,nan,0
none,cage,1,2,resnet,False,none,lr,0.0001,0.0001,32,7,0.4353,0.9077,0.8769,0.8095,0.6912,nan,nan,nan,nan,0
none,cage,1,2,resnet,False,none,lr,0.0001,0.0001,32,8,0.3834,0.9509,0.8919,0.8095,0.6838,nan,nan,nan,nan,0
none,cage,1,2,resnet,False,none,lr,0.0001,0.0001,32,9,0.3181,0.8311,1.0378,0.8095,0.7941,nan,nan,nan,nan,1
none,cage,1,2,resnet,False,none,lr,0.0001,0.0001,32,10,0.2644,1.1027,1.3541,0.6905,0.6176,nan,nan,nan,nan,0
none,cage,1,2,resnet,False,none,lr,0.0001,0.0001,32,11,0.2598,1.2470,1.0762,0.8095,0.6618,1.2361,1.0368,0.8140,0.5119,1
none,cage,1,2,resnet,False,none,lr,0.0001,0.0001,32,12,0.2090,1.6785,1.2446,0.8333,0.6618,nan,nan,nan,nan,0
none,cage,1,2,resnet,False,none,lr,0.0001,0.0001,32,13,0.1785,0.9693,1.2235,0.7381,0.7022,nan,nan,nan,nan,0
none,cage,1,2,resnet,False,none,lr,0.0001,0.0001,32,14,0.1509,1.2034,1.2781,0.7619,0.6985,nan,nan,nan,nan,0
none,cage,1,2,resnet,False,none,lr,0.0001,0.0001,32,15,0.1291,2.1157,1.5629,0.8333,0.6618,nan,nan,nan,nan,0
none,cage,1,2,resnet,False,none,lr,0.0001,0.0001,32,16,0.1240,1.3385,1.2367,0.7619,0.6985,nan,nan,nan,nan,0
none,cage,1,3,resnet,False,none,lr,0.0001,0.0001,32,1,0.7336,0.7028,0.7245,0.2381,0.3959,nan,nan,nan,nan,0
none,cage,1,3,resnet,False,none,lr,0.0001,0.0001,32,2,0.7117,0.6793,0.7026,0.5952,0.6041,nan,nan,nan,nan,0
none,cage,1,3,resnet,False,none,lr,0.0001,0.0001,32,3,0.6594,0.6819,0.6198,0.8571,0.6531,nan,nan,nan,nan,0
none,cage,1,3,resnet,False,none,lr,0.0001,0.0001,32,4,0.6202,0.6663,0.6284,0.8095,0.6612,nan,nan,nan,nan,0
none,cage,1,3,resnet,False,none,lr,0.0001,0.0001,32,5,0.5465,0.6926,0.9357,0.5952,0.6000,nan,nan,nan,nan,1
none,cage,1,3,resnet,False,none,lr,0.0001,0.0001,32,6,0.4749,0.7508,0.8719,0.6190,0.5959,nan,nan,nan,nan,1
none,cage,1,3,resnet,False,none,lr,0.0001,0.0001,32,7,0.3994,0.7495,1.0956,0.5000,0.6245,nan,nan,nan,nan,0
none,cage,1,3,resnet,False,none,lr,0.0001,0.0001,32,8,0.3438,0.7585,1.0670,0.6429,0.5714,nan,nan,nan,nan,0
none,cage,1,3,resnet,False,none,lr,0.0001,0.0001,32,9,0.2927,0.8528,1.0093,0.7143,0.6571,nan,nan,nan,nan,0
none,cage,1,3,resnet,False,none,lr,0.0001,0.0001,32,10,0.2424,1.0613,1.0448,0.7857,0.6653,nan,nan,nan,nan,0
none,cage,1,3,resnet,False,none,lr,0.0001,0.0001,32,11,0.2045,1.3109,1.1932,0.8095,0.5510,nan,nan,nan,nan,0
none,cage,1,3,resnet,False,none,lr,0.0001,0.0001,32,12,0.1878,1.5809,1.3299,0.8333,0.6204,nan,nan,nan,nan,0
none,cage,1,3,resnet,False,none,lr,0.0001,0.0001,32,13,0.1717,0.9005,1.4046,0.6429,0.5633,nan,nan,nan,nan,0
none,cage,1,3,resnet,False,none,lr,0.0001,0.0001,32,14,0.1524,1.5930,1.2286,0.8333,0.7510,nan,nan,nan,nan,1
none,cage,1,3,resnet,False,none,lr,0.0001,0.0001,32,15,0.1224,1.1733,1.4350,0.8095,0.6612,nan,nan,nan,nan,0
none,cage,1,3,resnet,False,none,lr,0.0001,0.0001,32,16,0.1075,0.8381,1.3424,0.7381,0.6816,nan,nan,nan,nan,1
none,cage,1,3,resnet,False,none,lr,0.0001,0.0001,32,17,0.1095,1.7985,1.4730,0.8333,0.6163,nan,nan,nan,nan,0
none,cage,1,3,resnet,False,none,lr,0.0001,0.0001,32,18,0.0925,1.7649,1.5084,0.7857,0.6490,1.4662,1.3111,0.8372,0.6865,1
none,cage,1,3,resnet,False,none,lr,0.0001,0.0001,32,19,0.0885,2.1250,1.7349,0.8095,0.6898,nan,nan,nan,nan,0
none,cage,1,3,resnet,False,none,lr,0.0001,0.0001,32,20,0.0849,1.2998,1.6248,0.7857,0.7184,nan,nan,nan,nan,0
none,cage,1,3,resnet,False,none,lr,0.0001,0.0001,32,21,0.0711,1.7976,1.7528,0.8333,0.5592,nan,nan,nan,nan,0
none,cage,1,3,resnet,False,none,lr,0.0001,0.0001,32,22,0.0626,1.6416,1.6253,0.7619,0.6000,nan,nan,nan,nan,0
none,cage,1,3,resnet,False,none,lr,0.0001,0.0001,32,23,0.0586,2.0287,2.0514,0.7857,0.5429,nan,nan,nan,nan,0
none,cage,1,4,resnet,False,none,lr,0.0001,0.0001,32,1,0.7279,0.6866,0.6967,0.6512,0.6107,nan,nan,nan,nan,0
none,cage,1,4,resnet,False,none,lr,0.0001,0.0001,32,2,0.7009,0.7062,0.6712,0.7907,0.5714,nan,nan,nan,nan,0
none,cage,1,4,resnet,False,none,lr,0.0001,0.0001,32,3,0.6720,0.7246,0.6755,0.7442,0.5643,nan,nan,nan,nan,0
none,cage,1,4,resnet,False,none,lr,0.0001,0.0001,32,4,0.6059,0.7500,0.9065,0.2791,0.5536,nan,nan,nan,nan,0
none,cage,1,4,resnet,False,none,lr,0.0001,0.0001,32,5,0.5314,0.9249,0.8787,0.7209,0.5143,nan,nan,nan,nan,1
none,cage,1,4,resnet,False,none,lr,0.0001,0.0001,32,6,0.4886,0.8680,0.9602,0.6744,0.4821,nan,nan,nan,nan,0
none,cage,1,4,resnet,False,none,lr,0.0001,0.0001,32,7,0.3979,0.9256,0.9555,0.6744,0.5321,nan,nan,nan,nan,0
none,cage,1,4,resnet,False,none,lr,0.0001,0.0001,32,8,0.3757,0.8304,0.9959,0.7442,0.6571,nan,nan,nan,nan,0
none,cage,1,4,resnet,False,none,lr,0.0001,0.0001,32,9,0.2951,0.7768,1.0727,0.6512,0.6393,nan,nan,nan,nan,0
none,cage,1,4,resnet,False,none,lr,0.0001,0.0001,32,10,0.2569,0.7022,1.2987,0.5581,0.6571,nan,nan,nan,nan,1
none,cage,1,4,resnet,False,none,lr,0.0001,0.0001,32,11,0.2241,1.7864,1.5214,0.8140,0.5179,nan,nan,nan,nan,1
none,cage,1,4,resnet,False,none,lr,0.0001,0.0001,32,12,0.1755,1.8532,1.5778,0.8140,0.6679,1.4971,1.1814,0.8140,0.5833,1
none,cage,1,4,resnet,False,none,lr,0.0001,0.0001,32,13,0.1675,1.9616,1.6925,0.8140,0.6143,nan,nan,nan,nan,0
none,cage,1,4,resnet,False,none,lr,0.0001,0.0001,32,14,0.1297,1.9314,1.8828,0.7442,0.5821,nan,nan,nan,nan,0
none,cage,1,4,resnet,False,none,lr,0.0001,0.0001,32,15,0.1271,2.3939,1.8973,0.8140,0.5643,nan,nan,nan,nan,0
none,cage,1,4,resnet,False,none,lr,0.0001,0.0001,32,16,0.1122,2.1658,1.9310,0.8140,0.7214,nan,nan,nan,nan,0
none,cage,1,4,resnet,False,none,lr,0.0001,0.0001,32,17,0.1095,1.5123,1.7938,0.7907,0.6821,nan,nan,nan,nan,0
none,cage,1,5,resnet,False,none,lr,0.0001,0.0001,32,1,0.7254,0.7141,0.8108,0.2250,0.2796,nan,nan,nan,nan,0
none,cage,1,5,resnet,False,none,lr,0.0001,0.0001,32,2,0.7045,0.6817,0.7383,0.2500,0.4910,nan,nan,nan,nan,0
none,cage,1,5,resnet,False,none,lr,0.0001,0.0001,32,3,0.6721,0.7086,0.7746,0.2250,0.3871,nan,nan,nan,nan,0
none,cage,1,5,resnet,False,none,lr,0.0001,0.0001,32,4,0.6124,0.9531,0.7490,0.7250,0.3799,nan,nan,nan,nan,0
none,cage,1,5,resnet,False,none,lr,0.0001,0.0001,32,5,0.5352,1.0330,0.7851,0.7500,0.4337,nan,nan,nan,nan,1
none,cage,1,5,resnet,False,none,lr,0.0001,0.0001,32,6,0.4575,1.1611,0.9327,0.7250,0.4158,nan,nan,nan,nan,1
none,cage,1,5,resnet,False,none,lr,0.0001,0.0001,32,7,0.3993,1.0147,0.9102,0.6500,0.4516,nan,nan,nan,nan,0
none,cage,1,5,resnet,False,none,lr,0.0001,0.0001,32,8,0.3429,1.2160,1.0148,0.7000,0.4373,nan,nan,nan,nan,0
none,cage,1,5,resnet,False,none,lr,0.0001,0.0001,32,9,0.2898,1.4735,1.2887,0.6250,0.4301,nan,nan,nan,nan,1
none,cage,1,5,resnet,False,none,lr,0.0001,0.0001,32,10,0.2320,2.0523,1.4672,0.7500,0.4194,nan,nan,nan,nan,0
none,cage,1,5,resnet,False,none,lr,0.0001,0.0001,32,11,0.2167,1.5757,1.2940,0.6500,0.4050,nan,nan,nan,nan,0
none,cage,1,5,resnet,False,none,lr,0.0001,0.0001,32,12,0.1755,1.8556,1.6218,0.6750,0.4337,nan,nan,nan,nan,0
none,cage,1,5,resnet,False,none,lr,0.0001,0.0001,32,13,0.1526,1.7028,1.7870,0.6250,0.4444,nan,nan,nan,nan,0
none,cage,1,5,resnet,False,none,lr,0.0001,0.0001,32,14,0.1457,1.7265,1.4629,0.7000,0.5090,nan,nan,nan,nan,1
none,cage,1,5,resnet,False,none,lr,0.0001,0.0001,32,15,0.0929,2.0291,1.7524,0.7500,0.4695,nan,nan,nan,nan,1
none,cage,1,5,resnet,False,none,lr,0.0001,0.0001,32,16,0.1031,2.5467,1.8953,0.7250,0.4982,nan,nan,nan,nan,1
none,cage,1,5,resnet,False,none,lr,0.0001,0.0001,32,17,0.1153,2.4966,1.8693,0.7500,0.4552,nan,nan,nan,nan,0
none,cage,1,5,resnet,False,none,lr,0.0001,0.0001,32,18,0.1007,2.6543,2.0727,0.6500,0.4767,nan,nan,nan,nan,1
none,cage,1,5,resnet,False,none,lr,0.0001,0.0001,32,19,0.0605,2.3674,2.1416,0.6500,0.4373,nan,nan,nan,nan,0
none,cage,1,5,resnet,False,none,lr,0.0001,0.0001,32,20,0.0532,1.7404,1.7311,0.6500,0.5735,nan,nan,nan,nan,1
none,cage,1,5,resnet,False,none,lr,0.0001,0.0001,32,21,0.0748,3.1453,2.3662,0.7000,0.4444,nan,nan,nan,nan,0
none,cage,1,5,resnet,False,none,lr,0.0001,0.0001,32,22,0.0521,2.8912,2.3197,0.6500,0.4373,nan,nan,nan,nan,0
none,cage,1,5,resnet,False,none,lr,0.0001,0.0001,32,23,0.0724,1.8520,1.9523,0.6750,0.5269,nan,nan,nan,nan,0
none,cage,1,5,resnet,False,none,lr,0.0001,0.0001,32,24,0.0614,2.7090,2.1058,0.7000,0.5054,1.4885,1.4490,0.8372,0.6667,1
none,cage,1,5,resnet,False,none,lr,0.0001,0.0001,32,25,0.0371,3.2655,2.4011,0.7750,0.4946,nan,nan,nan,nan,0
none,cage,1,5,resnet,False,none,lr,0.0001,0.0001,32,26,0.0584,3.1599,2.4544,0.7000,0.4014,nan,nan,nan,nan,0
none,cage,1,5,resnet,False,none,lr,0.0001,0.0001,32,27,0.0432,2.1074,2.4152,0.6500,0.4946,nan,nan,nan,nan,0
none,cage,1,5,resnet,False,none,lr,0.0001,0.0001,32,28,0.0474,3.6676,2.5390,0.7500,0.4803,nan,nan,nan,nan,0
none,cage,1,5,resnet,False,none,lr,0.0001,0.0001,32,29,0.0240,2.4191,2.2988,0.7000,0.5771,nan,nan,nan,nan,0
none,cage,1,6,resnet,False,none,lr,0.0001,0.0001,32,1,0.7315,0.6813,0.7045,0.4390,0.6286,nan,nan,nan,nan,0
none,cage,1,6,resnet,False,none,lr,0.0001,0.0001,32,2,0.7108,0.7001,0.6833,0.7805,0.4381,nan,nan,nan,nan,0
none,cage,1,6,resnet,False,none,lr,0.0001,0.0001,32,3,0.6976,0.7104,0.7152,0.4634,0.3857,nan,nan,nan,nan,0
none,cage,1,6,resnet,False,none,lr,0.0001,0.0001,32,4,0.6685,0.7518,0.8248,0.1951,0.4857,nan,nan,nan,nan,0
none,cage,1,6,resnet,False,none,lr,0.0001,0.0001,32,5,0.6102,0.8705,1.0948,0.1707,0.5476,nan,nan,nan,nan,1
none,cage,1,6,resnet,False,none,lr,0.0001,0.0001,32,6,0.5643,0.7648,0.7720,0.6098,0.5048,nan,nan,nan,nan,0
none,cage,1,6,resnet,False,none,lr,0.0001,0.0001,32,7,0.5160,0.7172,0.8485,0.5610,0.5476,nan,nan,nan,nan,0
none,cage,1,6,resnet,False,none,lr,0.0001,0.0001,32,8,0.4560,1.1117,0.9372,0.8537,0.4667,0.8825,0.7097,0.8140,0.6548,1
none,cage,1,6,resnet,False,none,lr,0.0001,0.0001,32,9,0.3930,1.1691,1.0243,0.8537,0.4714,nan,nan,nan,nan,0
none,cage,1,6,resnet,False,none,lr,0.0001,0.0001,32,10,0.3618,0.8238,1.1001,0.6341,0.5810,nan,nan,nan,nan,0
none,cage,1,6,resnet,False,none,lr,0.0001,0.0001,32,11,0.3217,0.9646,1.1813,0.5854,0.3619,nan,nan,nan,nan,0
none,cage,1,6,resnet,False,none,lr,0.0001,0.0001,32,12,0.2714,1.0190,1.2221,0.6098,0.4667,nan,nan,nan,nan,0
none,cage,1,6,resnet,False,none,lr,0.0001,0.0001,32,13,0.2400,1.0209,1.3502,0.6829,0.5000,nan,nan,nan,nan,0
none,cage,1,6,resnet,False,none,lr,0.0001,0.0001,32,14,0.1952,0.9077,1.2398,0.6585,0.6190,nan,nan,nan,nan,0
none,cage,1,6,resnet,False,none,lr,0.0001,0.0001,32,15,0.1806,1.4537,1.4003,0.7805,0.4762,nan,nan,nan,nan,0
none,cage,1,6,resnet,False,none,lr,0.0001,0.0001,32,16,0.1620,1.2464,1.3856,0.7073,0.4714,nan,nan,nan,nan,0
none,cage,1,7,resnet,False,none,lr,0.0001,0.0001,32,1,0.7283,0.7287,0.6132,0.8182,0.5556,nan,nan,nan,nan,0
none,cage,1,7,resnet,False,none,lr,0.0001,0.0001,32,2,0.7125,0.6944,0.6692,0.7500,0.5417,nan,nan,nan,nan,0
none,cage,1,7,resnet,False,none,lr,0.0001,0.0001,32,3,0.6781,0.7079,0.7595,0.3182,0.5069,nan,nan,nan,nan,0
none,cage,1,7,resnet,False,none,lr,0.0001,0.0001,32,4,0.6389,0.6910,0.6527,0.6818,0.6285,nan,nan,nan,nan,0
none,cage,1,7,resnet,False,none,lr,0.0001,0.0001,32,5,0.5817,0.6504,0.7624,0.5455,0.6597,nan,nan,nan,nan,1
none,cage,1,7,resnet,False,none,lr,0.0001,0.0001,32,6,0.5283,0.7728,0.6357,0.7955,0.7153,nan,nan,nan,nan,1
none,cage,1,7,resnet,False,none,lr,0.0001,0.0001,32,7,0.4575,0.7804,0.6808,0.8182,0.7083,nan,nan,nan,nan,1
none,cage,1,7,resnet,False,none,lr,0.0001,0.0001,32,8,0.3964,0.7233,0.9483,0.5682,0.5903,nan,nan,nan,nan,1
none,cage,1,7,resnet,False,none,lr,0.0001,0.0001,32,9,0.3555,0.9607,0.8074,0.7727,0.6667,0.9576,0.8442,0.8372,0.6270,1
none,cage,1,7,resnet,False,none,lr,0.0001,0.0001,32,10,0.3094,1.1985,1.0232,0.8182,0.5625,nan,nan,nan,nan,0
none,cage,1,7,resnet,False,none,lr,0.0001,0.0001,32,11,0.2852,1.2493,0.9667,0.7727,0.6806,nan,nan,nan,nan,0
none,cage,1,7,resnet,False,none,lr,0.0001,0.0001,32,12,0.2277,0.8980,1.0506,0.7727,0.6771,nan,nan,nan,nan,0
none,cage,1,7,resnet,False,none,lr,0.0001,0.0001,32,13,0.1995,1.4343,1.0836,0.8182,0.6979,nan,nan,nan,nan,0
none,cage,1,7,resnet,False,none,lr,0.0001,0.0001,32,14,0.1831,0.8373,1.4104,0.6136,0.6250,nan,nan,nan,nan,0
none,cage,1,7,resnet,False,none,lr,0.0001,0.0001,32,15,0.1532,1.6168,1.1846,0.8182,0.6597,nan,nan,nan,nan,0
none,cage,1,7,resnet,False,none,lr,0.0001,0.0001,32,16,0.1430,1.0934,1.5666,0.6591,0.5799,nan,nan,nan,nan,0
none,cage,1,8,resnet,False,none,lr,0.0001,0.0001,32,1,0.7329,0.6994,0.7018,0.5319,0.4904,nan,nan,nan,nan,0
none,cage,1,8,resnet,False,none,lr,0.0001,0.0001,32,2,0.7081,0.7370,0.7243,0.5745,0.4231,nan,nan,nan,nan,0
none,cage,1,8,resnet,False,none,lr,0.0001,0.0001,32,3,0.6574,0.7070,0.7553,0.4255,0.4936,nan,nan,nan,nan,0
none,cage,1,8,resnet,False,none,lr,0.0001,0.0001,32,4,0.5990,0.6997,0.6118,0.8298,0.6154,nan,nan,nan,nan,0
none,cage,1,8,resnet,False,none,lr,0.0001,0.0001,32,5,0.5372,0.8728,0.6794,0.7872,0.5192,nan,nan,nan,nan,1
none,cage,1,8,resnet,False,none,lr,0.0001,0.0001,32,6,0.4631,0.9610,0.7911,0.7660,0.5865,nan,nan,nan,nan,1
none,cage,1,8,resnet,False,none,lr,0.0001,0.0001,32,7,0.4113,0.9350,0.9098,0.7021,0.5160,nan,nan,nan,nan,1
none,cage,1,8,resnet,False,none,lr,0.0001,0.0001,32,8,0.3390,1.3320,1.0385,0.7872,0.5064,nan,nan,nan,nan,0
none,cage,1,8,resnet,False,none,lr,0.0001,0.0001,32,9,0.2913,1.3496,0.9000,0.8085,0.5833,nan,nan,nan,nan,0
none,cage,1,8,resnet,False,none,lr,0.0001,0.0001,32,10,0.2498,1.0083,1.5459,0.5106,0.5833,nan,nan,nan,nan,1
none,cage,1,8,resnet,False,none,lr,0.0001,0.0001,32,11,0.2095,1.1383,1.1501,0.8085,0.6442,nan,nan,nan,nan,1
none,cage,1,8,resnet,False,none,lr,0.0001,0.0001,32,12,0.1929,2.0017,1.2970,0.7872,0.5865,nan,nan,nan,nan,1
none,cage,1,8,resnet,False,none,lr,0.0001,0.0001,32,13,0.1637,1.4217,1.3350,0.7021,0.5353,0.9976,1.1298,0.7442,0.6151,1
none,cage,1,8,resnet,False,none,lr,0.0001,0.0001,32,14,0.1508,1.9695,1.4721,0.8085,0.4840,nan,nan,nan,nan,0
none,cage,1,8,resnet,False,none,lr,0.0001,0.0001,32,15,0.1149,1.5174,1.3769,0.8085,0.6410,nan,nan,nan,nan,0
none,cage,1,8,resnet,False,none,lr,0.0001,0.0001,32,16,0.1179,2.6971,1.6147,0.8298,0.5769,nan,nan,nan,nan,0
none,cage,1,8,resnet,False,none,lr,0.0001,0.0001,32,17,0.0969,1.9530,1.5110,0.8085,0.6282,nan,nan,nan,nan,0
none,cage,1,8,resnet,False,none,lr,0.0001,0.0001,32,18,0.0795,2.1793,1.6709,0.8298,0.5353,nan,nan,nan,nan,0
none,cage,1,9,resnet,False,none,lr,0.0001,0.0001,32,1,0.7246,0.6981,0.6575,0.8095,0.5825,nan,nan,nan,nan,0
none,cage,1,9,resnet,False,none,lr,0.0001,0.0001,32,2,0.6947,0.7148,0.8024,0.3571,0.4444,nan,nan,nan,nan,0
none,cage,1,9,resnet,False,none,lr,0.0001,0.0001,32,3,0.6475,0.7231,1.0312,0.2857,0.5791,nan,nan,nan,nan,0
none,cage,1,9,resnet,False,none,lr,0.0001,0.0001,32,4,0.5883,0.7334,1.0665,0.3095,0.5219,nan,nan,nan,nan,0
none,cage,1,9,resnet,False,none,lr,0.0001,0.0001,32,5,0.5036,1.3903,0.9401,0.7857,0.5657,nan,nan,nan,nan,1
none,cage,1,9,resnet,False,none,lr,0.0001,0.0001,32,6,0.4248,0.7718,0.9824,0.5238,0.5825,nan,nan,nan,nan,0
none,cage,1,9,resnet,False,none,lr,0.0001,0.0001,32,7,0.3755,1.3960,1.0518,0.7619,0.5589,1.0903,0.7895,0.8140,0.6548,1
none,cage,1,9,resnet,False,none,lr,0.0001,0.0001,32,8,0.3033,1.5409,1.2253,0.7381,0.4444,nan,nan,nan,nan,0
none,cage,1,9,resnet,False,none,lr,0.0001,0.0001,32,9,0.2453,2.3590,1.6341,0.7619,0.4949,nan,nan,nan,nan,0
none,cage,1,9,resnet,False,none,lr,0.0001,0.0001,32,10,0.2058,1.6296,1.6894,0.6429,0.5051,nan,nan,nan,nan,0
none,cage,1,9,resnet,False,none,lr,0.0001,0.0001,32,11,0.1857,1.3846,1.6981,0.5714,0.4747,nan,nan,nan,nan,0
none,cage,1,9,resnet,False,none,lr,0.0001,0.0001,32,12,0.1494,1.8785,1.7426,0.7143,0.4882,nan,nan,nan,nan,0
none,cage,1,9,resnet,False,none,lr,0.0001,0.0001,32,13,0.1458,2.3282,1.7138,0.7619,0.4007,nan,nan,nan,nan,0
none,cage,1,9,resnet,False,none,lr,0.0001,0.0001,32,14,0.1135,1.2298,2.1878,0.3571,0.4007,nan,nan,nan,nan,0
none,cage,1,9,resnet,False,none,lr,0.0001,0.0001,32,15,0.1375,2.4140,1.9357,0.6667,0.4444,nan,nan,nan,nan,0
none,cage,1,9,resnet,False,none,lr,0.0001,0.0001,32,16,0.0812,2.2538,1.9392,0.7381,0.5657,nan,nan,nan,nan,0
none,cage,2,0,resnet,False,none,lr,0.0001,0.0001,32,1,0.7268,0.6964,0.6669,0.8140,0.5595,nan,nan,nan,nan,0
none,cage,2,0,resnet,False,none,lr,0.0001,0.0001,32,2,0.7025,0.6899,0.6382,0.7907,0.6310,nan,nan,nan,nan,0
none,cage,2,0,resnet,False,none,lr,0.0001,0.0001,32,3,0.6754,0.6535,0.6455,0.8605,0.7183,nan,nan,nan,nan,0
none,cage,2,0,resnet,False,none,lr,0.0001,0.0001,32,4,0.6358,0.6125,0.6112,0.7674,0.8095,nan,nan,nan,nan,0
none,cage,2,0,resnet,False,none,lr,0.0001,0.0001,32,5,0.5709,0.5514,0.5838,0.8837,0.9246,nan,nan,nan,nan,1
none,cage,2,0,resnet,False,none,lr,0.0001,0.0001,32,6,0.5185,0.5436,0.6671,0.6977,0.8532,nan,nan,nan,nan,1
none,cage,2,0,resnet,False,none,lr,0.0001,0.0001,32,7,0.4407,0.6900,0.6801,0.8372,0.9365,nan,nan,nan,nan,1
none,cage,2,0,resnet,False,none,lr,0.0001,0.0001,32,8,0.3895,0.7002,0.7913,0.8140,0.7897,nan,nan,nan,nan,1
none,cage,2,0,resnet,False,none,lr,0.0001,0.0001,32,9,0.3381,0.4929,0.6944,0.8837,0.9127,0.8139,0.8023,0.7857,0.7537,1
none,cage,2,0,resnet,False,none,lr,0.0001,0.0001,32,10,0.2677,1.5188,1.1006,0.8372,0.7817,nan,nan,nan,nan,0
none,cage,2,0,resnet,False,none,lr,0.0001,0.0001,32,11,0.2393,0.5226,1.0339,0.6279,0.7937,nan,nan,nan,nan,0
none,cage,2,0,resnet,False,none,lr,0.0001,0.0001,32,12,0.2031,1.0942,1.0651,0.8372,0.7540,nan,nan,nan,nan,0
none,cage,2,0,resnet,False,none,lr,0.0001,0.0001,32,13,0.1724,0.7922,0.9227,0.8372,0.8175,nan,nan,nan,nan,0
none,cage,2,0,resnet,False,none,lr,0.0001,0.0001,32,14,0.1577,1.1746,1.0895,0.8372,0.8571,nan,nan,nan,nan,0
none,cage,2,0,resnet,False,none,lr,0.0001,0.0001,32,15,0.1224,1.0038,1.1242,0.8140,0.8532,nan,nan,nan,nan,0
none,cage,2,0,resnet,False,none,lr,0.0001,0.0001,32,16,0.1291,1.7022,1.3028,0.8372,0.7500,nan,nan,nan,nan,0
none,cage,2,1,resnet,False,none,lr,0.0001,0.0001,32,1,0.7229,0.6907,0.7167,0.3023,0.6548,nan,nan,nan,nan,0
none,cage,2,1,resnet,False,none,lr,0.0001,0.0001,32,2,0.7093,0.7269,0.8284,0.1628,0.5754,nan,nan,nan,nan,0
none,cage,2,1,resnet,False,none,lr,0.0001,0.0001,32,3,0.6976,0.6735,0.6584,0.7442,0.6230,nan,nan,nan,nan,0
none,cage,2,1,resnet,False,none,lr,0.0001,0.0001,32,4,0.6524,0.7528,0.8685,0.2558,0.4167,nan,nan,nan,nan,0
none,cage,2,1,resnet,False,none,lr,0.0001,0.0001,32,5,0.5945,0.8375,0.6992,0.7674,0.5040,nan,nan,nan,nan,1
none,cage,2,1,resnet,False,none,lr,0.0001,0.0001,32,6,0.5281,0.8655,0.6992,0.7907,0.4683,nan,nan,nan,nan,0
none,cage,2,1,resnet,False,none,lr,0.0001,0.0001,32,7,0.4709,0.7073,0.8154,0.6512,0.5992,nan,nan,nan,nan,0
none,cage,2,1,resnet,False,none,lr,0.0001,0.0001,32,8,0.4013,0.6908,0.8163,0.7209,0.6667,nan,nan,nan,nan,0
none,cage,2,1,resnet,False,none,lr,0.0001,0.0001,32,9,0.3498,0.9017,0.9048,0.7209,0.5595,nan,nan,nan,nan,0
none,cage,2,1,resnet,False,none,lr,0.0001,0.0001,32,10,0.2983,1.0803,1.0168,0.7907,0.5357,nan,nan,nan,nan,1
none,cage,2,1,resnet,False,none,lr,0.0001,0.0001,32,11,0.2704,1.3233,0.9031,0.8372,0.6984,1.5498,1.1074,0.8095,0.7059,1
none,cage,2,1,resnet,False,none,lr,0.0001,0.0001,32,12,0.2214,1.1744,0.9777,0.8372,0.5794,nan,nan,nan,nan,0
none,cage,2,1,resnet,False,none,lr,0.0001,0.0001,32,13,0.1917,1.3212,1.0454,0.8372,0.5516,nan,nan,nan,nan,0
none,cage,2,1,resnet,False,none,lr,0.0001,0.0001,32,14,0.1797,1.2908,1.2006,0.7907,0.5238,nan,nan,nan,nan,0
none,cage,2,1,resnet,False,none,lr,0.0001,0.0001,32,15,0.1477,1.3467,1.2081,0.7907,0.5556,nan,nan,nan,nan,0
none,cage,2,1,resnet,False,none,lr,0.0001,0.0001,32,16,0.1217,1.4748,1.1780,0.8605,0.5913,nan,nan,nan,nan,0
none,cage,2,3,resnet,False,none,lr,0.0001,0.0001,32,1,0.7287,0.6941,0.6421,0.8571,0.4816,nan,nan,nan,nan,0
none,cage,2,3,resnet,False,none,lr,0.0001,0.0001,32,2,0.7058,0.6838,0.7095,0.5476,0.6082,nan,nan,nan,nan,0
none,cage,2,3,resnet,False,none,lr,0.0001,0.0001,32,3,0.6587,0.6855,0.7109,0.6905,0.6000,nan,nan,nan,nan,0
none,cage,2,3,resnet,False,none,lr,0.0001,0.0001,32,4,0.5972,0.7351,0.6383,0.8333,0.6286,nan,nan,nan,nan,0
none,cage,2,3,resnet,False,none,lr,0.0001,0.0001,32,5,0.5257,0.7768,0.7567,0.8095,0.5714,nan,nan,nan,nan,1
none,cage,2,3,resnet,False,none,lr,0.0001,0.0001,32,6,0.4614,0.6986,0.7912,0.6190,0.6571,0.6838,0.8073,0.6667,0.7022,1
none,cage,2,3,resnet,False,none,lr,0.0001,0.0001,32,7,0.3792,0.9536,1.0200,0.6905,0.5265,nan,nan,nan,nan,0
none,cage,2,3,resnet,False,none,lr,0.0001,0.0001,32,8,0.3301,1.4158,1.1003,0.7857,0.5224,nan,nan,nan,nan,0
none,cage,2,3,resnet,False,none,lr,0.0001,0.0001,32,9,0.2836,0.9647,1.0294,0.7857,0.6694,nan,nan,nan,nan,0
none,cage,2,3,resnet,False,none,lr,0.0001,0.0001,32,10,0.2511,1.9490,1.2621,0.8333,0.5592,nan,nan,nan,nan,0
none,cage,2,3,resnet,False,none,lr,0.0001,0.0001,32,11,0.2052,1.1620,1.2296,0.7143,0.5633,nan,nan,nan,nan,0
none,cage,2,3,resnet,False,none,lr,0.0001,0.0001,32,12,0.1785,1.4581,1.2741,0.7857,0.5714,nan,nan,nan,nan,0
none,cage,2,3,resnet,False,none,lr,0.0001,0.0001,32,13,0.1494,1.0503,1.3705,0.6429,0.5347,nan,nan,nan,nan,0
none,cage,2,3,resnet,False,none,lr,0.0001,0.0001,32,14,0.1321,1.6398,1.3291,0.8095,0.5878,nan,nan,nan,nan,0
none,cage,2,3,resnet,False,none,lr,0.0001,0.0001,32,15,0.0980,1.5581,1.4175,0.7619,0.5061,nan,nan,nan,nan,0
none,cage,2,3,resnet,False,none,lr,0.0001,0.0001,32,16,0.1045,1.9711,1.4609,0.8095,0.4898,nan,nan,nan,nan,0
none,cage,2,4,resnet,False,none,lr,0.0001,0.0001,32,1,0.7339,0.6788,0.6819,0.6279,0.6250,nan,nan,nan,nan,0
none,cage,2,4,resnet,False,none,lr,0.0001,0.0001,32,2,0.7050,0.7930,0.7114,0.8140,0.4607,nan,nan,nan,nan,0
none,cage,2,4,resnet,False,none,lr,0.0001,0.0001,32,3,0.6725,0.7537,0.6861,0.7907,0.5214,nan,nan,nan,nan,0
none,cage,2,4,resnet,False,none,lr,0.0001,0.0001,32,4,0.6253,0.7737,0.6965,0.7907,0.6071,nan,nan,nan,nan,0
none,cage,2,4,resnet,False,none,lr,0.0001,0.0001,32,5,0.5523,0.7953,0.8406,0.5814,0.4679,nan,nan,nan,nan,1
none,cage,2,4,resnet,False,none,lr,0.0001,0.0001,32,6,0.4909,0.8620,0.8746,0.6279,0.4250,nan,nan,nan,nan,0
none,cage,2,4,resnet,False,none,lr,0.0001,0.0001,32,7,0.4287,1.6911,1.3140,0.8140,0.3893,nan,nan,nan,nan,0
none,cage,2,4,resnet,False,none,lr,0.0001,0.0001,32,8,0.3833,0.8212,0.9946,0.5581,0.5393,nan,nan,nan,nan,0
none,cage,2,4,resnet,False,none,lr,0.0001,0.0001,32,9,0.3179,1.1145,1.0797,0.7674,0.5250,nan,nan,nan,nan,0
none,cage,2,4,resnet,False,none,lr,0.0001,0.0001,32,10,0.2792,1.4188,1.2702,0.8140,0.5500,nan,nan,nan,nan,0
none,cage,2,4,resnet,False,none,lr,0.0001,0.0001,32,11,0.2368,1.5059,1.3045,0.7674,0.4357,nan,nan,nan,nan,0
none,cage,2,4,resnet,False,none,lr,0.0001,0.0001,32,12,0.1822,1.8301,1.5310,0.8140,0.5893,nan,nan,nan,nan,0
none,cage,2,4,resnet,False,none,lr,0.0001,0.0001,32,13,0.1624,1.7897,1.5329,0.8140,0.5893,nan,nan,nan,nan,0
none,cage,2,4,resnet,False,none,lr,0.0001,0.0001,32,14,0.1517,1.1089,1.5238,0.7209,0.5571,1.0574,1.5714,0.6190,0.6066,1
none,cage,2,4,resnet,False,none,lr,0.0001,0.0001,32,15,0.1236,1.7397,1.8419,0.6512,0.4321,nan,nan,nan,nan,0
none,cage,2,4,resnet,False,none,lr,0.0001,0.0001,32,16,0.1224,1.5059,1.7350,0.6279,0.4714,nan,nan,nan,nan,0
none,cage,2,4,resnet,False,none,lr,0.0001,0.0001,32,17,0.0841,2.0884,1.9584,0.7674,0.5250,nan,nan,nan,nan,0
none,cage,2,4,resnet,False,none,lr,0.0001,0.0001,32,18,0.1014,2.9086,2.2712,0.8140,0.6536,nan,nan,nan,nan,0
none,cage,2,4,resnet,False,none,lr,0.0001,0.0001,32,19,0.0768,2.0616,1.9545,0.7907,0.6036,nan,nan,nan,nan,0
none,cage,2,5,resnet,False,none,lr,0.0001,0.0001,32,1,0.7312,0.7051,0.6823,0.6750,0.4659,nan,nan,nan,nan,0
none,cage,2,5,resnet,False,none,lr,0.0001,0.0001,32,2,0.6915,0.7531,0.6783,0.7000,0.4731,nan,nan,nan,nan,0
none,cage,2,5,resnet,False,none,lr,0.0001,0.0001,32,3,0.6362,0.8763,0.7227,0.7250,0.4875,nan,nan,nan,nan,0
none,cage,2,5,resnet,False,none,lr,0.0001,0.0001,32,4,0.5698,0.8681,0.7797,0.7000,0.4659,nan,nan,nan,nan,0
none,cage,2,5,resnet,False,none,lr,0.0001,0.0001,32,5,0.4941,0.9214,0.8162,0.6250,0.4480,0.7264,0.7306,0.7381,0.6691,1
none,cage,2,5,resnet,False,none,lr,0.0001,0.0001,32,6,0.4313,0.9830,0.9451,0.5250,0.4122,nan,nan,nan,nan,0
none,cage,2,5,resnet,False,none,lr,0.0001,0.0001,32,7,0.3683,1.1259,0.9348,0.6250,0.4480,nan,nan,nan,nan,0
none,cage,2,5,resnet,False,none,lr,0.0001,0.0001,32,8,0.3213,1.2442,1.2308,0.5250,0.3871,nan,nan,nan,nan,0
none,cage,2,5,resnet,False,none,lr,0.0001,0.0001,32,9,0.2653,1.6131,1.2617,0.6750,0.4516,nan,nan,nan,nan,0
none,cage,2,5,resnet,False,none,lr,0.0001,0.0001,32,10,0.2657,2.1864,1.5454,0.6500,0.3871,nan,nan,nan,nan,0
none,cage,2,5,resnet,False,none,lr,0.0001,0.0001,32,11,0.1817,1.6843,1.6934,0.5750,0.3871,nan,nan,nan,nan,0
none,cage,2,5,resnet,False,none,lr,0.0001,0.0001,32,12,0.1643,2.2880,1.7674,0.6750,0.4086,nan,nan,nan,nan,0
none,cage,2,5,resnet,False,none,lr,0.0001,0.0001,32,13,0.1361,3.1106,2.1595,0.7500,0.3656,nan,nan,nan,nan,0
none,cage,2,5,resnet,False,none,lr,0.0001,0.0001,32,14,0.1333,2.5056,1.9200,0.6500,0.4086,nan,nan,nan,nan,0
none,cage,2,5,resnet,False,none,lr,0.0001,0.0001,32,15,0.1028,2.3444,1.8635,0.6750,0.3907,nan,nan,nan,nan,0
none,cage,2,5,resnet,False,none,lr,0.0001,0.0001,32,16,0.1276,2.1679,1.8397,0.6250,0.3513,nan,nan,nan,nan,0
none,cage,2,6,resnet,False,none,lr,0.0001,0.0001,32,1,0.7270,0.7176,0.6623,0.7805,0.3857,nan,nan,nan,nan,0
none,cage,2,6,resnet,False,none,lr,0.0001,0.0001,32,2,0.7057,0.6781,0.6275,0.8537,0.5952,nan,nan,nan,nan,0
none,cage,2,6,resnet,False,none,lr,0.0001,0.0001,32,3,0.6804,0.7080,0.6806,0.7073,0.4667,nan,nan,nan,nan,0
none,cage,2,6,resnet,False,none,lr,0.0001,0.0001,32,4,0.6334,0.6617,0.6744,0.7561,0.6333,nan,nan,nan,nan,0
none,cage,2,6,resnet,False,none,lr,0.0001,0.0001,32,5,0.5708,0.8991,0.7523,0.8293,0.5524,nan,nan,nan,nan,1
none,cage,2,6,resnet,False,none,lr,0.0001,0.0001,32,6,0.5018,0.7931,0.7821,0.7073,0.5952,nan,nan,nan,nan,1
none,cage,2,6,resnet,False,none,lr,0.0001,0.0001,32,7,0.4256,0.7847,0.8742,0.6585,0.6095,nan,nan,nan,nan,0
none,cage,2,6,resnet,False,none,lr,0.0001,0.0001,32,8,0.3807,1.5190,1.0954,0.8537,0.6143,nan,nan,nan,nan,1
none,cage,2,6,resnet,False,none,lr,0.0001,0.0001,32,9,0.3317,0.7855,0.8553,0.6829,0.6952,nan,nan,nan,nan,1
none,cage,2,6,resnet,False,none,lr,0.0001,0.0001,32,10,0.2894,1.0858,0.9852,0.8049,0.6333,1.2545,1.0245,0.7857,0.6765,1
none,cage,2,6,resnet,False,none,lr,0.0001,0.0001,32,11,0.2265,1.1838,1.3646,0.7561,0.4333,nan,nan,nan,nan,0
none,cage,2,6,resnet,False,none,lr,0.0001,0.0001,32,12,0.2004,1.2321,1.1245,0.8049,0.6286,nan,nan,nan,nan,0
none,cage,2,6,resnet,False,none,lr,0.0001,0.0001,32,13,0.1865,1.8057,1.4193,0.8293,0.4571,nan,nan,nan,nan,0
none,cage,2,6,resnet,False,none,lr,0.0001,0.0001,32,14,0.1632,1.7675,1.4545,0.7805,0.4095,nan,nan,nan,nan,0
none,cage,2,6,resnet,False,none,lr,0.0001,0.0001,32,15,0.1758,1.5027,1.3211,0.8293,0.5190,nan,nan,nan,nan,0
none,cage,2,6,resnet,False,none,lr,0.0001,0.0001,32,16,0.1109,1.7433,1.5467,0.7561,0.5619,nan,nan,nan,nan,0
none,cage,2,7,resnet,False,none,lr,0.0001,0.0001,32,1,0.7360,0.7284,0.6198,0.8182,0.5174,nan,nan,nan,nan,0
none,cage,2,7,resnet,False,none,lr,0.0001,0.0001,32,2,0.7029,0.7379,0.6319,0.8182,0.4479,nan,nan,nan,nan,0
none,cage,2,7,resnet,False,none,lr,0.0001,0.0001,32,3,0.6637,0.7101,0.8363,0.2045,0.4965,nan,nan,nan,nan,0
none,cage,2,7,resnet,False,none,lr,0.0001,0.0001,32,4,0.6426,0.6401,0.6468,0.7500,0.7257,nan,nan,nan,nan,0
none,cage,2,7,resnet,False,none,lr,0.0001,0.0001,32,5,0.5666,0.7352,0.6611,0.8409,0.5799,nan,nan,nan,nan,1
none,cage,2,7,resnet,False,none,lr,0.0001,0.0001,32,6,0.5124,0.7920,0.6263,0.8409,0.6493,nan,nan,nan,nan,1
none,cage,2,7,resnet,False,none,lr,0.0001,0.0001,32,7,0.4273,0.5137,0.7860,0.6591,0.7951,nan,nan,nan,nan,1
none,cage,2,7,resnet,False,none,lr,0.0001,0.0001,32,8,0.3944,0.7668,0.8938,0.6591,0.5521,nan,nan,nan,nan,1
none,cage,2,7,resnet,False,none,lr,0.0001,0.0001,32,9,0.3396,0.8690,0.8722,0.7955,0.6215,nan,nan,nan,nan,0
none,cage,2,7,resnet,False,none,lr,0.0001,0.0001,32,10,0.3194,1.1236,0.8342,0.7955,0.7083,nan,nan,nan,nan,0
none,cage,2,7,resnet,False,none,lr,0.0001,0.0001,32,11,0.2380,0.9077,1.1003,0.6591,0.5833,nan,nan,nan,nan,0
none,cage,2,7,resnet,False,none,lr,0.0001,0.0001,32,12,0.2364,0.8531,1.0560,0.6818,0.6458,nan,nan,nan,nan,0
none,cage,2,7,resnet,False,none,lr,0.0001,0.0001,32,13,0.2076,0.9717,0.9527,0.7727,0.7118,nan,nan,nan,nan,0
none,cage,2,7,resnet,False,none,lr,0.0001,0.0001,32,14,0.1742,1.3758,1.1570,0.8409,0.5903,nan,nan,nan,nan,0
none,cage,2,7,resnet,False,none,lr,0.0001,0.0001,32,15,0.1627,1.7169,1.1483,0.8182,0.7257,nan,nan,nan,nan,0
none,cage,2,7,resnet,False,none,lr,0.0001,0.0001,32,16,0.1475,1.6425,1.3425,0.7955,0.6597,nan,nan,nan,nan,1
none,cage,2,7,resnet,False,none,lr,0.0001,0.0001,32,17,0.1190,1.3599,1.2273,0.8182,0.7674,nan,nan,nan,nan,1
none,cage,2,7,resnet,False,none,lr,0.0001,0.0001,32,18,0.1237,1.4402,1.1904,0.8182,0.7083,nan,nan,nan,nan,0
none,cage,2,7,resnet,False,none,lr,0.0001,0.0001,32,19,0.0981,1.2249,1.3995,0.7955,0.6771,1.2277,1.4284,0.7381,0.6765,1
none,cage,2,7,resnet,False,none,lr,0.0001,0.0001,32,20,0.1044,1.7715,1.4997,0.8409,0.5000,nan,nan,nan,nan,0
none,cage,2,7,resnet,False,none,lr,0.0001,0.0001,32,21,0.1107,1.8804,1.4578,0.8409,0.6458,nan,nan,nan,nan,0
none,cage,2,7,resnet,False,none,lr,0.0001,0.0001,32,22,0.0701,1.5136,1.2610,0.8182,0.7118,nan,nan,nan,nan,0
none,cage,2,7,resnet,False,none,lr,0.0001,0.0001,32,23,0.0824,1.9342,1.6429,0.8182,0.5521,nan,nan,nan,nan,0
none,cage,2,7,resnet,False,none,lr,0.0001,0.0001,32,24,0.0629,2.4717,1.7130,0.8182,0.6736,nan,nan,nan,nan,0
none,cage,2,8,resnet,False,none,lr,0.0001,0.0001,32,1,0.7300,0.7673,0.9242,0.2128,0.4391,nan,nan,nan,nan,0
none,cage,2,8,resnet,False,none,lr,0.0001,0.0001,32,2,0.7038,0.7260,0.7383,0.3404,0.2949,nan,nan,nan,nan,0
none,cage,2,8,resnet,False,none,lr,0.0001,0.0001,32,3,0.6791,0.7465,0.6954,0.7447,0.5288,nan,nan,nan,nan,0
none,cage,2,8,resnet,False,none,lr,0.0001,0.0001,32,4,0.6472,0.7743,0.6362,0.7872,0.5096,nan,nan,nan,nan,0
none,cage,2,8,resnet,False,none,lr,0.0001,0.0001,32,5,0.5767,0.7374,0.6797,0.7447,0.5577,nan,nan,nan,nan,1
none,cage,2,8,resnet,False,none,lr,0.0001,0.0001,32,6,0.4983,0.7973,0.8286,0.6383,0.5288,nan,nan,nan,nan,1
none,cage,2,8,resnet,False,none,lr,0.0001,0.0001,32,7,0.4348,0.8729,0.8887,0.5957,0.5224,0.8211,0.8873,0.6429,0.6066,1
none,cage,2,8,resnet,False,none,lr,0.0001,0.0001,32,8,0.3633,1.8016,1.0661,0.8298,0.4038,nan,nan,nan,nan,0
none,cage,2,8,resnet,False,none,lr,0.0001,0.0001,32,9,0.2894,1.5816,1.0125,0.8085,0.5353,nan,nan,nan,nan,0
none,cage,2,8,resnet,False,none,lr,0.0001,0.0001,32,10,0.2449,1.7575,1.1941,0.8085,0.4647,nan,nan,nan,nan,0
none,cage,2,8,resnet,False,none,lr,0.0001,0.0001,32,11,0.2203,1.6735,1.2375,0.7447,0.4647,nan,nan,nan,nan,0
none,cage,2,8,resnet,False,none,lr,0.0001,0.0001,32,12,0.1679,1.4739,1.4839,0.6809,0.4712,nan,nan,nan,nan,0
none,cage,2,8,resnet,False,none,lr,0.0001,0.0001,32,13,0.1480,1.4663,1.3761,0.6596,0.4936,nan,nan,nan,nan,0
none,cage,2,8,resnet,False,none,lr,0.0001,0.0001,32,14,0.1365,2.7681,1.5642,0.8298,0.5641,nan,nan,nan,nan,0
none,cage,2,8,resnet,False,none,lr,0.0001,0.0001,32,15,0.1075,2.0245,1.5657,0.7447,0.4968,nan,nan,nan,nan,0
none,cage,2,8,resnet,False,none,lr,0.0001,0.0001,32,16,0.1211,2.2537,1.5505,0.8085,0.5256,nan,nan,nan,nan,0
none,cage,2,9,resnet,False,none,lr,0.0001,0.0001,32,1,0.7359,0.6742,0.7665,0.2143,0.6027,nan,nan,nan,nan,0
none,cage,2,9,resnet,False,none,lr,0.0001,0.0001,32,2,0.6969,0.6775,0.7584,0.2857,0.5758,nan,nan,nan,nan,0
none,cage,2,9,resnet,False,none,lr,0.0001,0.0001,32,3,0.6412,0.8281,0.8121,0.6667,0.4579,nan,nan,nan,nan,0
none,cage,2,9,resnet,False,none,lr,0.0001,0.0001,32,4,0.5763,0.7544,0.7875,0.6190,0.5253,nan,nan,nan,nan,0
none,cage,2,9,resnet,False,none,lr,0.0001,0.0001,32,5,0.4935,0.9420,0.9388,0.6190,0.5118,0.7792,0.7796,0.7143,0.6287,1
none,cage,2,9,resnet,False,none,lr,0.0001,0.0001,32,6,0.4315,1.5529,1.1056,0.7381,0.4781,nan,nan,nan,nan,0
none,cage,2,9,resnet,False,none,lr,0.0001,0.0001,32,7,0.3532,1.4093,1.1511,0.6667,0.4512,nan,nan,nan,nan,0
none,cage,2,9,resnet,False,none,lr,0.0001,0.0001,32,8,0.3162,2.1971,1.5297,0.7143,0.4411,nan,nan,nan,nan,0
none,cage,2,9,resnet,False,none,lr,0.0001,0.0001,32,9,0.2585,1.8236,1.3494,0.7381,0.5421,nan,nan,nan,nan,0
none,cage,2,9,resnet,False,none,lr,0.0001,0.0001,32,10,0.2095,1.3375,1.6159,0.5238,0.4848,nan,nan,nan,nan,0
none,cage,2,9,resnet,False,none,lr,0.0001,0.0001,32,11,0.1640,2.4592,1.7321,0.7381,0.4310,nan,nan,nan,nan,0
none,cage,2,9,resnet,False,none,lr,0.0001,0.0001,32,12,0.1591,2.2808,1.6238,0.7381,0.4411,nan,nan,nan,nan,0
none,cage,2,9,resnet,False,none,lr,0.0001,0.0001,32,13,0.1218,2.2933,1.6818,0.7143,0.4815,nan,nan,nan,nan,0
none,cage,2,9,resnet,False,none,lr,0.0001,0.0001,32,14,0.1194,2.6293,1.8998,0.7619,0.4444,nan,nan,nan,nan,0
none,cage,2,9,resnet,False,none,lr,0.0001,0.0001,32,15,0.1113,2.1327,1.9353,0.6905,0.4815,nan,nan,nan,nan,0
none,cage,2,9,resnet,False,none,lr,0.0001,0.0001,32,16,0.0897,2.5447,2.2361,0.6667,0.4815,nan,nan,nan,nan,0
none,cage,3,0,resnet,False,none,lr,0.0001,0.0001,32,1,0.7304,0.7351,0.8233,0.1628,0.4563,nan,nan,nan,nan,0
none,cage,3,0,resnet,False,none,lr,0.0001,0.0001,32,2,0.7063,0.6892,0.6305,0.8372,0.6825,nan,nan,nan,nan,0
none,cage,3,0,resnet,False,none,lr,0.0001,0.0001,32,3,0.6653,0.7258,0.5966,0.8372,0.7262,nan,nan,nan,nan,0
none,cage,3,0,resnet,False,none,lr,0.0001,0.0001,32,4,0.6176,0.5764,0.6504,0.7209,0.8730,nan,nan,nan,nan,0
none,cage,3,0,resnet,False,none,lr,0.0001,0.0001,32,5,0.5511,0.5287,0.6233,0.8372,0.8690,nan,nan,nan,nan,1
none,cage,3,0,resnet,False,none,lr,0.0001,0.0001,32,6,0.4729,0.6157,0.6582,0.8605,0.8452,nan,nan,nan,nan,1
none,cage,3,0,resnet,False,none,lr,0.0001,0.0001,32,7,0.3897,0.5593,0.9542,0.6047,0.8135,nan,nan,nan,nan,1
none,cage,3,0,resnet,False,none,lr,0.0001,0.0001,32,8,0.3182,0.7614,0.8699,0.8372,0.7976,0.9912,0.9948,0.8095,0.5714,1
none,cage,3,0,resnet,False,none,lr,0.0001,0.0001,32,9,0.2817,0.6719,0.9177,0.7442,0.6944,nan,nan,nan,nan,0
none,cage,3,0,resnet,False,none,lr,0.0001,0.0001,32,10,0.2344,0.6298,0.8982,0.8140,0.8373,nan,nan,nan,nan,0
none,cage,3,0,resnet,False,none,lr,0.0001,0.0001,32,11,0.1994,2.0170,1.4329,0.8372,0.6746,nan,nan,nan,nan,0
none,cage,3,0,resnet,False,none,lr,0.0001,0.0001,32,12,0.1508,1.6002,1.2567,0.8372,0.7302,nan,nan,nan,nan,0
none,cage,3,0,resnet,False,none,lr,0.0001,0.0001,32,13,0.1265,1.1884,1.1982,0.8605,0.7778,nan,nan,nan,nan,0
none,cage,3,0,resnet,False,none,lr,0.0001,0.0001,32,14,0.0973,1.8706,1.5626,0.8372,0.7500,nan,nan,nan,nan,0
none,cage,3,0,resnet,False,none,lr,0.0001,0.0001,32,15,0.1077,1.6950,1.5890,0.8372,0.6825,nan,nan,nan,nan,0
none,cage,3,0,resnet,False,none,lr,0.0001,0.0001,32,16,0.0995,1.4321,1.3973,0.8372,0.7817,nan,nan,nan,nan,0
none,cage,3,1,resnet,False,none,lr,0.0001,0.0001,32,1,0.7214,0.6854,0.6364,0.8140,0.5794,nan,nan,nan,nan,0
none,cage,3,1,resnet,False,none,lr,0.0001,0.0001,32,2,0.7024,0.6738,0.6404,0.7442,0.6349,nan,nan,nan,nan,0
none,cage,3,1,resnet,False,none,lr,0.0001,0.0001,32,3,0.6691,0.7234,0.8138,0.2326,0.5040,nan,nan,nan,nan,0
none,cage,3,1,resnet,False,none,lr,0.0001,0.0001,32,4,0.5839,0.7726,0.7046,0.6047,0.4563,nan,nan,nan,nan,0
none,cage,3,1,resnet,False,none,lr,0.0001,0.0001,32,5,0.5201,0.6498,0.7064,0.6279,0.6389,nan,nan,nan,nan,1
none,cage,3,1,resnet,False,none,lr,0.0001,0.0001,32,6,0.4585,0.6985,0.7691,0.7209,0.6349,nan,nan,nan,nan,1
none,cage,3,1,resnet,False,none,lr,0.0001,0.0001,32,7,0.3825,0.8183,0.7936,0.8372,0.6310,nan,nan,nan,nan,0
none,cage,3,1,resnet,False,none,lr,0.0001,0.0001,32,8,0.3205,0.5745,0.9477,0.6047,0.8373,nan,nan,nan,nan,1
none,cage,3,1,resnet,False,none,lr,0.0001,0.0001,32,9,0.2693,1.0268,0.9528,0.7209,0.5952,1.0258,1.0484,0.7619,0.6163,1
none,cage,3,1,resnet,False,none,lr,0.0001,0.0001,32,10,0.2373,0.7803,1.0967,0.6512,0.6111,nan,nan,nan,nan,0
none,cage,3,1,resnet,False,none,lr,0.0001,0.0001,32,11,0.2038,0.9591,1.1344,0.6977,0.6032,nan,nan,nan,nan,0
none,cage,3,1,resnet,False,none,lr,0.0001,0.0001,32,12,0.1822,1.1120,1.1665,0.8140,0.6190,nan,nan,nan,nan,0
none,cage,3,1,resnet,False,none,lr,0.0001,0.0001,32,13,0.1367,1.1930,1.1307,0.7907,0.6310,nan,nan,nan,nan,0
none,cage,3,1,resnet,False,none,lr,0.0001,0.0001,32,14,0.1344,0.8147,0.9717,0.7907,0.7381,nan,nan,nan,nan,0
none,cage,3,1,resnet,False,none,lr,0.0001,0.0001,32,15,0.1328,1.4177,1.2557,0.8372,0.6548,nan,nan,nan,nan,0
none,cage,3,1,resnet,False,none,lr,0.0001,0.0001,32,16,0.0846,0.8113,1.2779,0.6512,0.6667,nan,nan,nan,nan,0
none,cage,3,2,resnet,False,none,lr,0.0001,0.0001,32,1,0.7209,0.7266,0.7051,0.5476,0.3566,nan,nan,nan,nan,0
none,cage,3,2,resnet,False,none,lr,0.0001,0.0001,32,2,0.7174,0.7097,0.6835,0.7143,0.4228,nan,nan,nan,nan,0
none,cage,3,2,resnet,False,none,lr,0.0001,0.0001,32,3,0.6692,0.7813,0.6249,0.8095,0.6765,nan,nan,nan,nan,0
none,cage,3,2,resnet,False,none,lr,0.0001,0.0001,32,4,0.6160,0.6555,0.6267,0.7619,0.7096,nan,nan,nan,nan,0
none,cage,3,2,resnet,False,none,lr,0.0001,0.0001,32,5,0.5380,0.7576,0.7552,0.7143,0.6765,nan,nan,nan,nan,1
none,cage,3,2,resnet,False,none,lr,0.0001,0.0001,32,6,0.4700,0.9679,0.7789,0.7619,0.6434,nan,nan,nan,nan,1
none,cage,3,2,resnet,False,none,lr,0.0001,0.0001,32,7,0.4303,0.8387,0.8102,0.7381,0.6912,nan,nan,nan,nan,1
none,cage,3,2,resnet,False,none,lr,0.0001,0.0001,32,8,0.3406,0.7071,0.8541,0.8095,0.7500,nan,nan,nan,nan,1
none,cage,3,2,resnet,False,none,lr,0.0001,0.0001,32,9,0.2985,1.0107,0.9401,0.8095,0.7316,nan,nan,nan,nan,0
none,cage,3,2,resnet,False,none,lr,0.0001,0.0001,32,10,0.2446,1.0980,1.0265,0.7619,0.7463,nan,nan,nan,nan,1
none,cage,3,2,resnet,False,none,lr,0.0001,0.0001,32,11,0.2221,1.1736,1.0168,0.7857,0.7757,1.3286,1.1156,0.7857,0.5224,1
none,cage,3,2,resnet,False,none,lr,0.0001,0.0001,32,12,0.1931,1.5164,1.1739,0.7857,0.6654,nan,nan,nan,nan,0
none,cage,3,2,resnet,False,none,lr,0.0001,0.0001,32,13,0.1559,1.3068,1.1753,0.7857,0.7243,nan,nan,nan,nan,0
none,cage,3,2,resnet,False,none,lr,0.0001,0.0001,32,14,0.1414,1.3852,1.1639,0.8095,0.7868,nan,nan,nan,nan,0
none,cage,3,2,resnet,False,none,lr,0.0001,0.0001,32,15,0.1241,1.6184,1.3426,0.8095,0.7390,nan,nan,nan,nan,0
none,cage,3,2,resnet,False,none,lr,0.0001,0.0001,32,16,0.0943,1.7560,1.4374,0.7857,0.6838,nan,nan,nan,nan,0
none,cage,3,4,resnet,False,none,lr,0.0001,0.0001,32,1,0.7228,0.6994,0.7503,0.1860,0.5750,nan,nan,nan,nan,0
none,cage,3,4,resnet,False,none,lr,0.0001,0.0001,32,2,0.7116,0.7315,0.6755,0.8140,0.4750,nan,nan,nan,nan,0
none,cage,3,4,resnet,False,none,lr,0.0001,0.0001,32,3,0.6809,0.7127,0.6669,0.7907,0.5714,nan,nan,nan,nan,0
none,cage,3,4,resnet,False,none,lr,0.0001,0.0001,32,4,0.6252,0.6908,0.6771,0.6744,0.5893,nan,nan,nan,nan,0
none,cage,3,4,resnet,False,none,lr,0.0001,0.0001,32,5,0.5688,0.7512,0.7005,0.7674,0.6821,nan,nan,nan,nan,1
none,cage,3,4,resnet,False,none,lr,0.0001,0.0001,32,6,0.5043,0.6987,0.7399,0.7209,0.6786,nan,nan,nan,nan,1
none,cage,3,4,resnet,False,none,lr,0.0001,0.0001,32,7,0.4193,0.7491,0.8809,0.8140,0.7036,nan,nan,nan,nan,1
none,cage,3,4,resnet,False,none,lr,0.0001,0.0001,32,8,0.3706,1.3395,1.1210,0.8140,0.5786,nan,nan,nan,nan,0
none,cage,3,4,resnet,False,none,lr,0.0001,0.0001,32,9,0.3028,1.1120,1.2102,0.7907,0.5893,nan,nan,nan,nan,0
none,cage,3,4,resnet,False,none,lr,0.0001,0.0001,32,10,0.2681,0.8570,1.1537,0.7674,0.6786,nan,nan,nan,nan,0
none,cage,3,4,resnet,False,none,lr,0.0001,0.0001,32,11,0.2337,1.0473,1.1612,0.7907,0.7500,nan,nan,nan,nan,1
none,cage,3,4,resnet,False,none,lr,0.0001,0.0001,32,12,0.2113,1.4536,1.4471,0.8140,0.7214,nan,nan,nan,nan,0
none,cage,3,4,resnet,False,none,lr,0.0001,0.0001,32,13,0.1692,0.9360,1.2406,0.7442,0.7607,nan,nan,nan,nan,1
none,cage,3,4,resnet,False,none,lr,0.0001,0.0001,32,14,0.1375,1.1636,1.3694,0.7907,0.6500,1.1414,1.2461,0.8095,0.5714,1
none,cage,3,4,resnet,False,none,lr,0.0001,0.0001,32,15,0.1178,1.0795,1.5158,0.7442,0.6429,nan,nan,nan,nan,0
none,cage,3,4,resnet,False,none,lr,0.0001,0.0001,32,16,0.1059,1.8985,1.7951,0.7907,0.6857,nan,nan,nan,nan,0
none,cage,3,4,resnet,False,none,lr,0.0001,0.0001,32,17,0.0969,0.9282,1.7022,0.6512,0.6786,nan,nan,nan,nan,0
none,cage,3,4,resnet,False,none,lr,0.0001,0.0001,32,18,0.1105,1.7517,1.7525,0.8372,0.7107,nan,nan,nan,nan,0
none,cage,3,4,resnet,False,none,lr,0.0001,0.0001,32,19,0.0807,1.6764,1.6762,0.8140,0.7429,nan,nan,nan,nan,0
none,cage,3,5,resnet,False,none,lr,0.0001,0.0001,32,1,0.7277,0.6763,0.7778,0.2250,0.6380,nan,nan,nan,nan,0
none,cage,3,5,resnet,False,none,lr,0.0001,0.0001,32,2,0.6987,0.7520,0.7017,0.7250,0.3656,nan,nan,nan,nan,0
none,cage,3,5,resnet,False,none,lr,0.0001,0.0001,32,3,0.6544,0.9846,0.7406,0.7500,0.4158,nan,nan,nan,nan,0
none,cage,3,5,resnet,False,none,lr,0.0001,0.0001,32,4,0.5941,0.7836,0.7971,0.5250,0.4767,nan,nan,nan,nan,0
none,cage,3,5,resnet,False,none,lr,0.0001,0.0001,32,5,0.5281,1.4094,0.9639,0.7750,0.3907,0.9028,0.6990,0.8333,0.6694,1
none,cage,3,5,resnet,False,none,lr,0.0001,0.0001,32,6,0.4472,0.9874,1.0162,0.5000,0.4373,nan,nan,nan,nan,0
none,cage,3,5,resnet,False,none,lr,0.0001,0.0001,32,7,0.3701,1.5113,1.1315,0.7000,0.4409,nan,nan,nan,nan,0
none,cage,3,5,resnet,False,none,lr,0.0001,0.0001,32,8,0.3161,1.4987,1.1860,0.6500,0.3943,nan,nan,nan,nan,0
none,cage,3,5,resnet,False,none,lr,0.0001,0.0001,32,9,0.2515,1.4810,1.2509,0.7000,0.4229,nan,nan,nan,nan,0
none,cage,3,5,resnet,False,none,lr,0.0001,0.0001,32,10,0.2232,1.3539,1.4147,0.5750,0.4409,nan,nan,nan,nan,0
none,cage,3,5,resnet,False,none,lr,0.0001,0.0001,32,11,0.1974,1.5833,1.5052,0.6000,0.4265,nan,nan,nan,nan,0
none,cage,3,5,resnet,False,none,lr,0.0001,0.0001,32,12,0.1585,2.0471,1.5849,0.7000,0.4229,nan,nan,nan,nan,0
none,cage,3,5,resnet,False,none,lr,0.0001,0.0001,32,13,0.1347,1.9007,1.5880,0.7500,0.5090,nan,nan,nan,nan,0
none,cage,3,5,resnet,False,none,lr,0.0001,0.0001,32,14,0.1249,2.4615,1.9056,0.7500,0.4014,nan,nan,nan,nan,0
none,cage,3,5,resnet,False,none,lr,0.0001,0.0001,32,15,0.1213,2.2568,1.7211,0.7500,0.4444,nan,nan,nan,nan,0
none,cage,3,5,resnet,False,none,lr,0.0001,0.0001,32,16,0.0873,2.4308,1.7692,0.7500,0.4695,nan,nan,nan,nan,0
none,cage,3,6,resnet,False,none,lr,0.0001,0.0001,32,1,0.7285,0.7191,0.7282,0.4878,0.3238,nan,nan,nan,nan,0
none,cage,3,6,resnet,False,none,lr,0.0001,0.0001,32,2,0.7086,0.7163,0.7138,0.5854,0.3952,nan,nan,nan,nan,0
none,cage,3,6,resnet,False,none,lr,0.0001,0.0001,32,3,0.6870,0.7094,0.7231,0.4878,0.5429,nan,nan,nan,nan,0
none,cage,3,6,resnet,False,none,lr,0.0001,0.0001,32,4,0.6425,0.7202,0.6252,0.8049,0.6286,nan,nan,nan,nan,0
none,cage,3,6,resnet,False,none,lr,0.0001,0.0001,32,5,0.5817,0.6796,0.7009,0.5366,0.5714,nan,nan,nan,nan,1
none,cage,3,6,resnet,False,none,lr,0.0001,0.0001,32,6,0.4974,0.8255,0.7564,0.6829,0.5667,nan,nan,nan,nan,1
none,cage,3,6,resnet,False,none,lr,0.0001,0.0001,32,7,0.4469,0.8359,0.7688,0.8049,0.6381,0.9580,0.8123,0.8333,0.5673,1
none,cage,3,6,resnet,False,none,lr,0.0001,0.0001,32,8,0.3735,0.8622,1.0197,0.6341,0.5048,nan,nan,nan,nan,0
none,cage,3,6,resnet,False,none,lr,0.0001,0.0001,32,9,0.3360,0.9959,1.0275,0.7561,0.4952,nan,nan,nan,nan,0
none,cage,3,6,resnet,False,none,lr,0.0001,0.0001,32,10,0.2716,0.9882,1.2587,0.4878,0.5000,nan,nan,nan,nan,0
none,cage,3,6,resnet,False,none,lr,0.0001,0.0001,32,11,0.2433,1.2017,1.0553,0.7805,0.4524,nan,nan,nan,nan,0
none,cage,3,6,resnet,False,none,lr,0.0001,0.0001,32,12,0.2078,1.5073,1.3673,0.7561,0.4429,nan,nan,nan,nan,0
none,cage,3,6,resnet,False,none,lr,0.0001,0.0001,32,13,0.2030,1.3527,1.1941,0.8049,0.4952,nan,nan,nan,nan,0
none,cage,3,6,resnet,False,none,lr,0.0001,0.0001,32,14,0.1498,1.4807,1.4980,0.6585,0.5238,nan,nan,nan,nan,0
none,cage,3,6,resnet,False,none,lr,0.0001,0.0001,32,15,0.1211,1.7971,1.5780,0.7561,0.4762,nan,nan,nan,nan,0
none,cage,3,6,resnet,False,none,lr,0.0001,0.0001,32,16,0.1064,1.8128,1.5308,0.8049,0.5000,nan,nan,nan,nan,0
none,cage,3,7,resnet,False,none,lr,0.0001,0.0001,32,1,0.7207,0.7266,0.6260,0.8182,0.4722,nan,nan,nan,nan,0
none,cage,3,7,resnet,False,none,lr,0.0001,0.0001,32,2,0.7096,0.6839,0.6621,0.8182,0.6007,nan,nan,nan,nan,0
none,cage,3,7,resnet,False,none,lr,0.0001,0.0001,32,3,0.6589,0.7141,0.8046,0.3864,0.5000,nan,nan,nan,nan,0
none,cage,3,7,resnet,False,none,lr,0.0001,0.0001,32,4,0.5996,0.6478,0.6823,0.7273,0.6736,nan,nan,nan,nan,0
none,cage,3,7,resnet,False,none,lr,0.0001,0.0001,32,5,0.5058,0.7656,0.7154,0.7955,0.5625,nan,nan,nan,nan,1
none,cage,3,7,resnet,False,none,lr,0.0001,0.0001,32,6,0.4325,0.8007,0.7173,0.7955,0.6910,nan,nan,nan,nan,1
none,cage,3,7,resnet,False,none,lr,0.0001,0.0001,32,7,0.3569,1.4795,0.9201,0.8182,0.6528,nan,nan,nan,nan,1
none,cage,3,7,resnet,False,none,lr,0.0001,0.0001,32,8,0.2991,0.5521,0.9157,0.7045,0.7674,nan,nan,nan,nan,1
none,cage,3,7,resnet,False,none,lr,0.0001,0.0001,32,9,0.2501,1.0428,1.0651,0.7727,0.6181,nan,nan,nan,nan,0
none,cage,3,7,resnet,False,none,lr,0.0001,0.0001,32,10,0.2135,0.8621,0.9794,0.8182,0.6944,nan,nan,nan,nan,1
none,cage,3,7,resnet,False,none,lr,0.0001,0.0001,32,11,0.1822,1.3193,0.9557,0.8409,0.7083,nan,nan,nan,nan,0
none,cage,3,7,resnet,False,none,lr,0.0001,0.0001,32,12,0.1510,0.9127,0.9891,0.8409,0.7986,nan,nan,nan,nan,1
none,cage,3,7,resnet,False,none,lr,0.0001,0.0001,32,13,0.1310,0.7954,1.1156,0.7727,0.7257,nan,nan,nan,nan,0
none,cage,3,7,resnet,False,none,lr,0.0001,0.0001,32,14,0.1255,1.7388,1.1641,0.8182,0.6979,nan,nan,nan,nan,1
none,cage,3,7,resnet,False,none,lr,0.0001,0.0001,32,15,0.0907,1.3773,1.2338,0.8409,0.7465,1.5970,1.4328,0.8571,0.5673,1
none,cage,3,7,resnet,False,none,lr,0.0001,0.0001,32,16,0.0882,1.1780,1.2173,0.8409,0.7083,nan,nan,nan,nan,0
none,cage,3,7,resnet,False,none,lr,0.0001,0.0001,32,17,0.0835,1.9256,1.2443,0.8182,0.6875,nan,nan,nan,nan,0
none,cage,3,7,resnet,False,none,lr,0.0001,0.0001,32,18,0.0710,2.2699,1.6325,0.7955,0.6528,nan,nan,nan,nan,0
none,cage,3,7,resnet,False,none,lr,0.0001,0.0001,32,19,0.0962,1.7082,1.2267,0.8182,0.7326,nan,nan,nan,nan,0
none,cage,3,7,resnet,False,none,lr,0.0001,0.0001,32,20,0.0677,1.5261,1.4482,0.8182,0.7222,nan,nan,nan,nan,0
none,cage,3,8,resnet,False,none,lr,0.0001,0.0001,32,1,0.7167,0.6987,0.7108,0.3830,0.5032,nan,nan,nan,nan,0
none,cage,3,8,resnet,False,none,lr,0.0001,0.0001,32,2,0.6943,0.7122,0.6999,0.5532,0.4423,nan,nan,nan,nan,0
none,cage,3,8,resnet,False,none,lr,0.0001,0.0001,32,3,0.6547,0.7980,1.0606,0.2128,0.6282,nan,nan,nan,nan,0
none,cage,3,8,resnet,False,none,lr,0.0001,0.0001,32,4,0.5844,0.7172,0.7913,0.5532,0.5769,nan,nan,nan,nan,0
none,cage,3,8,resnet,False,none,lr,0.0001,0.0001,32,5,0.5123,0.8338,0.7185,0.7660,0.6154,nan,nan,nan,nan,1
none,cage,3,8,resnet,False,none,lr,0.0001,0.0001,32,6,0.4376,0.8626,0.8493,0.7021,0.5481,nan,nan,nan,nan,1
none,cage,3,8,resnet,False,none,lr,0.0001,0.0001,32,7,0.3588,0.8441,1.0411,0.5319,0.5769,nan,nan,nan,nan,1
none,cage,3,8,resnet,False,none,lr,0.0001,0.0001,32,8,0.3167,1.0363,0.8220,0.7872,0.6827,nan,nan,nan,nan,1
none,cage,3,8,resnet,False,none,lr,0.0001,0.0001,32,9,0.2794,1.1005,1.0121,0.7660,0.6186,nan,nan,nan,nan,1
none,cage,3,8,resnet,False,none,lr,0.0001,0.0001,32,10,0.2275,1.5793,1.2048,0.7234,0.5673,nan,nan,nan,nan,0
none,cage,3,8,resnet,False,none,lr,0.0001,0.0001,32,11,0.1818,1.5304,1.3333,0.7660,0.5737,nan,nan,nan,nan,0
none,cage,3,8,resnet,False,none,lr,0.0001,0.0001,32,12,0.1469,1.4514,1.2473,0.8298,0.6026,nan,nan,nan,nan,0
none,cage,3,8,resnet,False,none,lr,0.0001,0.0001,32,13,0.1384,1.8242,1.3927,0.8085,0.5801,nan,nan,nan,nan,0
none,cage,3,8,resnet,False,none,lr,0.0001,0.0001,32,14,0.1262,1.3094,1.4382,0.6596,0.5833,nan,nan,nan,nan,0
none,cage,3,8,resnet,False,none,lr,0.0001,0.0001,32,15,0.1140,1.9407,1.3559,0.8298,0.6891,nan,nan,nan,nan,0
none,cage,3,8,resnet,False,none,lr,0.0001,0.0001,32,16,0.0856,1.9268,1.4078,0.8298,0.6250,nan,nan,nan,nan,1
none,cage,3,8,resnet,False,none,lr,0.0001,0.0001,32,17,0.0706,2.0925,1.4689,0.8298,0.7083,nan,nan,nan,nan,1
none,cage,3,8,resnet,False,none,lr,0.0001,0.0001,32,18,0.0779,1.6674,1.5014,0.7447,0.6378,nan,nan,nan,nan,1
none,cage,3,8,resnet,False,none,lr,0.0001,0.0001,32,19,0.0673,1.5488,1.4068,0.7660,0.7083,1.4240,1.5172,0.8333,0.5755,1
none,cage,3,8,resnet,False,none,lr,0.0001,0.0001,32,20,0.0804,1.6332,1.3743,0.7872,0.6186,nan,nan,nan,nan,0
none,cage,3,8,resnet,False,none,lr,0.0001,0.0001,32,21,0.0632,2.1666,1.5440,0.8298,0.6603,nan,nan,nan,nan,0
none,cage,3,8,resnet,False,none,lr,0.0001,0.0001,32,22,0.0491,2.4460,1.7371,0.8085,0.6410,nan,nan,nan,nan,0
none,cage,3,8,resnet,False,none,lr,0.0001,0.0001,32,23,0.0482,2.2004,1.5529,0.8298,0.6731,nan,nan,nan,nan,0
none,cage,3,8,resnet,False,none,lr,0.0001,0.0001,32,24,0.0528,2.0983,1.5197,0.8298,0.6282,nan,nan,nan,nan,0
none,cage,3,9,resnet,False,none,lr,0.0001,0.0001,32,1,0.7426,0.7279,0.7287,0.5238,0.4175,nan,nan,nan,nan,0
none,cage,3,9,resnet,False,none,lr,0.0001,0.0001,32,2,0.7008,0.6725,0.7404,0.3810,0.5892,nan,nan,nan,nan,0
none,cage,3,9,resnet,False,none,lr,0.0001,0.0001,32,3,0.6497,0.7265,0.6940,0.8095,0.5623,nan,nan,nan,nan,0
none,cage,3,9,resnet,False,none,lr,0.0001,0.0001,32,4,0.5846,0.6880,0.9019,0.5000,0.5791,nan,nan,nan,nan,0
none,cage,3,9,resnet,False,none,lr,0.0001,0.0001,32,5,0.4880,1.3599,0.9979,0.7619,0.5320,nan,nan,nan,nan,1
none,cage,3,9,resnet,False,none,lr,0.0001,0.0001,32,6,0.4166,0.9975,1.0795,0.6190,0.4815,0.6734,0.7876,0.6667,0.7306,1
none,cage,3,9,resnet,False,none,lr,0.0001,0.0001,32,7,0.3577,1.1333,1.4621,0.6429,0.4983,nan,nan,nan,nan,0
none,cage,3,9,resnet,False,none,lr,0.0001,0.0001,32,8,0.2884,1.3925,1.5957,0.5714,0.4108,nan,nan,nan,nan,0
none,cage,3,9,resnet,False,none,lr,0.0001,0.0001,32,9,0.2396,1.3262,1.6889,0.5952,0.3973,nan,nan,nan,nan,0
none,cage,3,9,resnet,False,none,lr,0.0001,0.0001,32,10,0.2119,1.2634,1.7245,0.5476,0.4040,nan,nan,nan,nan,0
none,cage,3,9,resnet,False,none,lr,0.0001,0.0001,32,11,0.1687,1.8020,1.6309,0.6905,0.3939,nan,nan,nan,nan,0
none,cage,3,9,resnet,False,none,lr,0.0001,0.0001,32,12,0.1323,3.0985,2.1798,0.6905,0.3502,nan,nan,nan,nan,0
none,cage,3,9,resnet,False,none,lr,0.0001,0.0001,32,13,0.1219,2.7834,2.0928,0.7143,0.3266,nan,nan,nan,nan,0
none,cage,3,9,resnet,False,none,lr,0.0001,0.0001,32,14,0.0915,3.2842,2.1624,0.7619,0.4579,nan,nan,nan,nan,0
none,cage,3,9,resnet,False,none,lr,0.0001,0.0001,32,15,0.1090,2.7016,1.9023,0.7381,0.5152,nan,nan,nan,nan,0
none,cage,3,9,resnet,False,none,lr,0.0001,0.0001,32,16,0.0903,3.3107,2.0550,0.7619,0.4276,nan,nan,nan,nan,0
none,cage,4,0,resnet,False,none,lr,0.0001,0.0001,32,1,0.7390,0.6917,0.7379,0.2093,0.6190,nan,nan,nan,nan,0
none,cage,4,0,resnet,False,none,lr,0.0001,0.0001,32,2,0.7096,0.7138,0.6722,0.7674,0.4563,nan,nan,nan,nan,0
none,cage,4,0,resnet,False,none,lr,0.0001,0.0001,32,3,0.7013,0.6644,0.6702,0.7209,0.6865,nan,nan,nan,nan,0
none,cage,4,0,resnet,False,none,lr,0.0001,0.0001,32,4,0.6598,0.7099,0.6789,0.8140,0.6548,nan,nan,nan,nan,0
none,cage,4,0,resnet,False,none,lr,0.0001,0.0001,32,5,0.6191,0.6554,0.8259,0.3488,0.7897,nan,nan,nan,nan,1
none,cage,4,0,resnet,False,none,lr,0.0001,0.0001,32,6,0.5548,0.6068,0.7374,0.6744,0.7222,nan,nan,nan,nan,1
none,cage,4,0,resnet,False,none,lr,0.0001,0.0001,32,7,0.5026,0.9351,0.7989,0.8605,0.6548,1.0706,1.0604,0.7674,0.4750,1
none,cage,4,0,resnet,False,none,lr,0.0001,0.0001,32,8,0.4267,0.7481,0.9008,0.6279,0.6548,nan,nan,nan,nan,0
none,cage,4,0,resnet,False,none,lr,0.0001,0.0001,32,9,0.3666,0.6934,0.8310,0.7907,0.6865,nan,nan,nan,nan,0
none,cage,4,0,resnet,False,none,lr,0.0001,0.0001,32,10,0.3088,1.1370,0.9458,0.7907,0.6786,nan,nan,nan,nan,0
none,cage,4,0,resnet,False,none,lr,0.0001,0.0001,32,11,0.2631,0.9856,1.0342,0.7907,0.7103,nan,nan,nan,nan,0
none,cage,4,0,resnet,False,none,lr,0.0001,0.0001,32,12,0.2398,1.4708,1.3262,0.7907,0.6032,nan,nan,nan,nan,0
none,cage,4,0,resnet,False,none,lr,0.0001,0.0001,32,13,0.1870,2.0261,1.3983,0.8372,0.6667,nan,nan,nan,nan,0
none,cage,4,0,resnet,False,none,lr,0.0001,0.0001,32,14,0.1549,1.8057,1.3739,0.8372,0.6984,nan,nan,nan,nan,0
none,cage,4,0,resnet,False,none,lr,0.0001,0.0001,32,15,0.1578,1.4417,1.3531,0.8140,0.6944,nan,nan,nan,nan,0
none,cage,4,0,resnet,False,none,lr,0.0001,0.0001,32,16,0.1077,1.7106,1.5005,0.8140,0.6548,nan,nan,nan,nan,0
none,cage,4,1,resnet,False,none,lr,0.0001,0.0001,32,1,0.7327,0.6974,0.6535,0.7907,0.5317,nan,nan,nan,nan,0
none,cage,4,1,resnet,False,none,lr,0.0001,0.0001,32,2,0.6961,0.6909,0.7154,0.3256,0.5794,nan,nan,nan,nan,0
none,cage,4,1,resnet,False,none,lr,0.0001,0.0001,32,3,0.6697,0.6614,0.7179,0.5349,0.6468,nan,nan,nan,nan,0
none,cage,4,1,resnet,False,none,lr,0.0001,0.0001,32,4,0.6070,0.6508,0.6955,0.6279,0.6587,nan,nan,nan,nan,0
none,cage,4,1,resnet,False,none,lr,0.0001,0.0001,32,5,0.5299,0.7524,0.6679,0.7674,0.5714,nan,nan,nan,nan,1
none,cage,4,1,resnet,False,none,lr,0.0001,0.0001,32,6,0.4696,0.6467,0.7457,0.7209,0.7103,nan,nan,nan,nan,1
none,cage,4,1,resnet,False,none,lr,0.0001,0.0001,32,7,0.4119,0.8977,0.8027,0.7907,0.6349,nan,nan,nan,nan,1
none,cage,4,1,resnet,False,none,lr,0.0001,0.0001,32,8,0.3665,1.3181,0.9016,0.8372,0.6825,nan,nan,nan,nan,1
none,cage,4,1,resnet,False,none,lr,0.0001,0.0001,32,9,0.3095,0.7015,0.8798,0.8140,0.7381,nan,nan,nan,nan,1
none,cage,4,1,resnet,False,none,lr,0.0001,0.0001,32,10,0.2490,1.0759,0.8683,0.8372,0.7341,nan,nan,nan,nan,1
none,cage,4,1,resnet,False,none,lr,0.0001,0.0001,32,11,0.2363,0.8268,0.8469,0.8372,0.7341,nan,nan,nan,nan,0
none,cage,4,1,resnet,False,none,lr,0.0001,0.0001,32,12,0.1765,0.9592,1.0489,0.7674,0.6508,nan,nan,nan,nan,1
none,cage,4,1,resnet,False,none,lr,0.0001,0.0001,32,13,0.1866,0.9344,1.0006,0.8605,0.7500,1.4591,1.4517,0.8140,0.5429,1
none,cage,4,1,resnet,False,none,lr,0.0001,0.0001,32,14,0.1233,1.5017,1.3527,0.8140,0.6667,nan,nan,nan,nan,0
none,cage,4,1,resnet,False,none,lr,0.0001,0.0001,32,15,0.1454,0.9194,1.2693,0.6744,0.6190,nan,nan,nan,nan,0
none,cage,4,1,resnet,False,none,lr,0.0001,0.0001,32,16,0.1168,1.7448,1.2153,0.8372,0.7381,nan,nan,nan,nan,0
none,cage,4,1,resnet,False,none,lr,0.0001,0.0001,32,17,0.1101,1.0027,1.2108,0.8372,0.7143,nan,nan,nan,nan,0
none,cage,4,1,resnet,False,none,lr,0.0001,0.0001,32,18,0.0933,1.3874,1.3976,0.8372,0.7143,nan,nan,nan,nan,0
none,cage,4,2,resnet,False,none,lr,0.0001,0.0001,32,1,0.7210,0.6994,0.6626,0.6667,0.5735,nan,nan,nan,nan,0
none,cage,4,2,resnet,False,none,lr,0.0001,0.0001,32,2,0.6910,0.8017,0.6383,0.8095,0.5846,nan,nan,nan,nan,0
none,cage,4,2,resnet,False,none,lr,0.0001,0.0001,32,3,0.6449,0.6537,0.7157,0.6190,0.6912,nan,nan,nan,nan,0
none,cage,4,2,resnet,False,none,lr,0.0001,0.0001,32,4,0.5764,0.6984,0.7449,0.6429,0.6507,nan,nan,nan,nan,0
none,cage,4,2,resnet,False,none,lr,0.0001,0.0001,32,5,0.5129,0.6740,0.8819,0.4762,0.6618,nan,nan,nan,nan,1
none,cage,4,2,resnet,False,none,lr,0.0001,0.0001,32,6,0.4465,0.7137,0.8464,0.6190,0.5956,nan,nan,nan,nan,0
none,cage,4,2,resnet,False,none,lr,0.0001,0.0001,32,7,0.3796,1.2914,0.9935,0.7619,0.6654,nan,nan,nan,nan,1
none,cage,4,2,resnet,False,none,lr,0.0001,0.0001,32,8,0.3280,1.6216,1.0689,0.8095,0.7243,nan,nan,nan,nan,1
none,cage,4,2,resnet,False,none,lr,0.0001,0.0001,32,9,0.2808,1.0894,0.9758,0.7857,0.6691,nan,nan,nan,nan,0
none,cage,4,2,resnet,False,none,lr,0.0001,0.0001,32,10,0.2591,1.1027,1.2145,0.7381,0.6103,nan,nan,nan,nan,0
none,cage,4,2,resnet,False,none,lr,0.0001,0.0001,32,11,0.2244,1.3219,1.0934,0.7857,0.6618,nan,nan,nan,nan,1
none,cage,4,2,resnet,False,none,lr,0.0001,0.0001,32,12,0.1801,0.9833,1.0785,0.7381,0.6985,nan,nan,nan,nan,1
none,cage,4,2,resnet,False,none,lr,0.0001,0.0001,32,13,0.1491,1.1925,1.1873,0.7143,0.6985,nan,nan,nan,nan,0
none,cage,4,2,resnet,False,none,lr,0.0001,0.0001,32,14,0.1421,1.6594,1.2925,0.7381,0.7500,nan,nan,nan,nan,1
none,cage,4,2,resnet,False,none,lr,0.0001,0.0001,32,15,0.0994,1.6340,1.3745,0.8095,0.6912,nan,nan,nan,nan,1
none,cage,4,2,resnet,False,none,lr,0.0001,0.0001,32,16,0.1049,1.3436,1.3256,0.7619,0.7316,nan,nan,nan,nan,1
none,cage,4,2,resnet,False,none,lr,0.0001,0.0001,32,17,0.0932,1.3097,1.3714,0.7619,0.7206,nan,nan,nan,nan,0
none,cage,4,2,resnet,False,none,lr,0.0001,0.0001,32,18,0.0912,1.8257,1.4637,0.7619,0.7022,1.8788,1.9201,0.7907,0.6500,1
none,cage,4,2,resnet,False,none,lr,0.0001,0.0001,32,19,0.0912,1.1112,1.3704,0.7381,0.7169,nan,nan,nan,nan,0
none,cage,4,2,resnet,False,none,lr,0.0001,0.0001,32,20,0.0725,1.1706,1.3914,0.7381,0.6691,nan,nan,nan,nan,0
none,cage,4,2,resnet,False,none,lr,0.0001,0.0001,32,21,0.0703,2.4733,1.8254,0.7857,0.6360,nan,nan,nan,nan,0
none,cage,4,2,resnet,False,none,lr,0.0001,0.0001,32,22,0.0735,1.5204,1.6077,0.7619,0.6985,nan,nan,nan,nan,0
none,cage,4,2,resnet,False,none,lr,0.0001,0.0001,32,23,0.0809,1.8675,1.5789,0.8333,0.7206,nan,nan,nan,nan,0
none,cage,4,3,resnet,False,none,lr,0.0001,0.0001,32,1,0.7334,0.6976,0.7667,0.2143,0.5388,nan,nan,nan,nan,0
none,cage,4,3,resnet,False,none,lr,0.0001,0.0001,32,2,0.7084,0.7697,0.5965,0.8333,0.6367,nan,nan,nan,nan,0
none,cage,4,3,resnet,False,none,lr,0.0001,0.0001,32,3,0.6867,0.6776,0.6267,0.8333,0.6490,nan,nan,nan,nan,0
none,cage,4,3,resnet,False,none,lr,0.0001,0.0001,32,4,0.6216,0.6874,0.7870,0.5000,0.6449,nan,nan,nan,nan,0
none,cage,4,3,resnet,False,none,lr,0.0001,0.0001,32,5,0.5534,0.8945,0.7495,0.8095,0.5429,0.8815,0.7838,0.8140,0.6250,1
none,cage,4,3,resnet,False,none,lr,0.0001,0.0001,32,6,0.5048,0.7216,0.9061,0.5000,0.5633,nan,nan,nan,nan,0
none,cage,4,3,resnet,False,none,lr,0.0001,0.0001,32,7,0.4216,0.8463,0.9168,0.7143,0.5224,nan,nan,nan,nan,0
none,cage,4,3,resnet,False,none,lr,0.0001,0.0001,32,8,0.3651,1.1173,1.0352,0.7619,0.5633,nan,nan,nan,nan,0
none,cage,4,3,resnet,False,none,lr,0.0001,0.0001,32,9,0.3276,1.0919,1.1868,0.6905,0.5184,nan,nan,nan,nan,0
none,cage,4,3,resnet,False,none,lr,0.0001,0.0001,32,10,0.2648,1.0129,1.1900,0.7381,0.5592,nan,nan,nan,nan,0
none,cage,4,3,resnet,False,none,lr,0.0001,0.0001,32,11,0.2449,1.1056,1.1528,0.7619,0.5551,nan,nan,nan,nan,0
none,cage,4,3,resnet,False,none,lr,0.0001,0.0001,32,12,0.2108,1.1936,1.2713,0.7619,0.5388,nan,nan,nan,nan,0
none,cage,4,3,resnet,False,none,lr,0.0001,0.0001,32,13,0.1653,1.1553,1.3158,0.6190,0.4898,nan,nan,nan,nan,0
none,cage,4,3,resnet,False,none,lr,0.0001,0.0001,32,14,0.1698,1.8297,1.4179,0.8333,0.5714,nan,nan,nan,nan,0
none,cage,4,3,resnet,False,none,lr,0.0001,0.0001,32,15,0.1319,1.6785,1.5627,0.8095,0.4245,nan,nan,nan,nan,0
none,cage,4,3,resnet,False,none,lr,0.0001,0.0001,32,16,0.1203,2.6604,1.8035,0.8333,0.4571,nan,nan,nan,nan,0
none,cage,4,5,resnet,False,none,lr,0.0001,0.0001,32,1,0.7261,0.7268,0.7192,0.4250,0.2975,nan,nan,nan,nan,0
none,cage,4,5,resnet,False,none,lr,0.0001,0.0001,32,2,0.6920,0.7090,0.6993,0.5500,0.4158,nan,nan,nan,nan,0
none,cage,4,5,resnet,False,none,lr,0.0001,0.0001,32,3,0.6478,0.7659,0.7120,0.5750,0.4552,nan,nan,nan,nan,0
none,cage,4,5,resnet,False,none,lr,0.0001,0.0001,32,4,0.5835,0.9431,0.8282,0.5750,0.3692,nan,nan,nan,nan,0
none,cage,4,5,resnet,False,none,lr,0.0001,0.0001,32,5,0.5016,0.9129,1.0246,0.3750,0.3333,nan,nan,nan,nan,1
none,cage,4,5,resnet,False,none,lr,0.0001,0.0001,32,6,0.4570,1.2640,1.0019,0.6000,0.3728,0.8240,0.8487,0.7209,0.5893,1
none,cage,4,5,resnet,False,none,lr,0.0001,0.0001,32,7,0.3850,1.4828,1.1454,0.6250,0.4337,nan,nan,nan,nan,0
none,cage,4,5,resnet,False,none,lr,0.0001,0.0001,32,8,0.3230,1.8126,1.3096,0.7250,0.3620,nan,nan,nan,nan,0
none,cage,4,5,resnet,False,none,lr,0.0001,0.0001,32,9,0.3087,2.1132,1.4100,0.7250,0.3584,nan,nan,nan,nan,0
none,cage,4,5,resnet,False,none,lr,0.0001,0.0001,32,10,0.2441,1.5546,1.4521,0.5750,0.3978,nan,nan,nan,nan,0
none,cage,4,5,resnet,False,none,lr,0.0001,0.0001,32,11,0.2189,2.1986,1.5771,0.7250,0.3943,nan,nan,nan,nan,0
none,cage,4,5,resnet,False,none,lr,0.0001,0.0001,32,12,0.1877,3.0241,2.0377,0.7250,0.3369,nan,nan,nan,nan,0
none,cage,4,5,resnet,False,none,lr,0.0001,0.0001,32,13,0.1580,2.3164,1.7878,0.7250,0.4086,nan,nan,nan,nan,0
none,cage,4,5,resnet,False,none,lr,0.0001,0.0001,32,14,0.1341,2.5353,1.8192,0.7000,0.3692,nan,nan,nan,nan,0
none,cage,4,5,resnet,False,none,lr,0.0001,0.0001,32,15,0.1092,3.6730,2.3982,0.7250,0.3584,nan,nan,nan,nan,0
none,cage,4,5,resnet,False,none,lr,0.0001,0.0001,32,16,0.1257,2.4803,2.0211,0.6750,0.4301,nan,nan,nan,nan,0
none,cage,4,6,resnet,False,none,lr,0.0001,0.0001,32,1,0.7200,0.7031,0.7270,0.1951,0.4952,nan,nan,nan,nan,0
none,cage,4,6,resnet,False,none,lr,0.0001,0.0001,32,2,0.7062,0.7351,0.7897,0.1220,0.6286,nan,nan,nan,nan,0
none,cage,4,6,resnet,False,none,lr,0.0001,0.0001,32,3,0.6660,0.7156,0.6758,0.6585,0.4905,nan,nan,nan,nan,0
none,cage,4,6,resnet,False,none,lr,0.0001,0.0001,32,4,0.6039,0.7186,0.6751,0.6829,0.5714,nan,nan,nan,nan,0
none,cage,4,6,resnet,False,none,lr,0.0001,0.0001,32,5,0.5472,0.7362,0.7837,0.4634,0.4381,0.5880,0.6872,0.5814,0.8393,1
none,cage,4,6,resnet,False,none,lr,0.0001,0.0001,32,6,0.4741,0.9223,0.9157,0.7073,0.3952,nan,nan,nan,nan,0
none,cage,4,6,resnet,False,none,lr,0.0001,0.0001,32,7,0.4176,1.1779,1.0638,0.7805,0.3000,nan,nan,nan,nan,0
none,cage,4,6,resnet,False,none,lr,0.0001,0.0001,32,8,0.3509,1.4198,1.2618,0.8049,0.2905,nan,nan,nan,nan,0
none,cage,4,6,resnet,False,none,lr,0.0001,0.0001,32,9,0.3184,0.9574,1.1198,0.6098,0.5048,nan,nan,nan,nan,0
none,cage,4,6,resnet,False,none,lr,0.0001,0.0001,32,10,0.2508,1.3893,1.4299,0.5854,0.2952,nan,nan,nan,nan,0
none,cage,4,6,resnet,False,none,lr,0.0001,0.0001,32,11,0.2292,1.9263,1.5384,0.7805,0.4286,nan,nan,nan,nan,0
none,cage,4,6,resnet,False,none,lr,0.0001,0.0001,32,12,0.1898,1.9501,1.5742,0.7317,0.3286,nan,nan,nan,nan,0
none,cage,4,6,resnet,False,none,lr,0.0001,0.0001,32,13,0.1598,1.8620,1.6023,0.7561,0.4238,nan,nan,nan,nan,0
none,cage,4,6,resnet,False,none,lr,0.0001,0.0001,32,14,0.1442,1.5391,1.5888,0.6829,0.4857,nan,nan,nan,nan,0
none,cage,4,6,resnet,False,none,lr,0.0001,0.0001,32,15,0.0981,1.9891,1.7928,0.7317,0.4571,nan,nan,nan,nan,0
none,cage,4,6,resnet,False,none,lr,0.0001,0.0001,32,16,0.0819,2.1413,1.8788,0.7561,0.5048,nan,nan,nan,nan,0
none,cage,4,7,resnet,False,none,lr,0.0001,0.0001,32,1,0.7332,0.6938,0.6651,0.7500,0.5903,nan,nan,nan,nan,0
none,cage,4,7,resnet,False,none,lr,0.0001,0.0001,32,2,0.6983,0.7355,0.6090,0.8182,0.6146,nan,nan,nan,nan,0
none,cage,4,7,resnet,False,none,lr,0.0001,0.0001,32,3,0.6797,0.6610,0.6784,0.6136,0.6840,nan,nan,nan,nan,0
none,cage,4,7,resnet,False,none,lr,0.0001,0.0001,32,4,0.6198,1.2177,0.7123,0.8182,0.7083,nan,nan,nan,nan,0
none,cage,4,7,resnet,False,none,lr,0.0001,0.0001,32,5,0.5594,0.6685,0.7482,0.7045,0.6354,nan,nan,nan,nan,1
none,cage,4,7,resnet,False,none,lr,0.0001,0.0001,32,6,0.4891,0.8360,0.7327,0.8409,0.6493,nan,nan,nan,nan,1
none,cage,4,7,resnet,False,none,lr,0.0001,0.0001,32,7,0.4304,0.6387,0.7623,0.6818,0.7361,nan,nan,nan,nan,1
none,cage,4,7,resnet,False,none,lr,0.0001,0.0001,32,8,0.3685,0.8443,0.7948,0.7500,0.6875,nan,nan,nan,nan,0
none,cage,4,7,resnet,False,none,lr,0.0001,0.0001,32,9,0.3466,0.6614,0.8240,0.7500,0.7083,nan,nan,nan,nan,0
none,cage,4,7,resnet,False,none,lr,0.0001,0.0001,32,10,0.2981,0.9788,0.8570,0.8182,0.6806,nan,nan,nan,nan,1
none,cage,4,7,resnet,False,none,lr,0.0001,0.0001,32,11,0.2394,0.6408,0.8498,0.8409,0.8056,0.7238,1.0666,0.7674,0.7393,1
none,cage,4,7,resnet,False,none,lr,0.0001,0.0001,32,12,0.2281,1.3251,0.9745,0.8182,0.7153,nan,nan,nan,nan,0
none,cage,4,7,resnet,False,none,lr,0.0001,0.0001,32,13,0.1971,1.4558,1.0099,0.8182,0.7326,nan,nan,nan,nan,0
none,cage,4,7,resnet,False,none,lr,0.0001,0.0001,32,14,0.1605,1.6415,1.1624,0.8182,0.6528,nan,nan,nan,nan,0
none,cage,4,7,resnet,False,none,lr,0.0001,0.0001,32,15,0.1407,0.6557,1.2924,0.7045,0.7361,nan,nan,nan,nan,0
none,cage,4,7,resnet,False,none,lr,0.0001,0.0001,32,16,0.1544,0.9902,1.3764,0.7955,0.6806,nan,nan,nan,nan,0
none,cage,4,8,resnet,False,none,lr,0.0001,0.0001,32,1,0.7352,0.7293,0.8470,0.1915,0.4615,nan,nan,nan,nan,0
none,cage,4,8,resnet,False,none,lr,0.0001,0.0001,32,2,0.7058,0.7154,0.6707,0.7234,0.4423,nan,nan,nan,nan,0
none,cage,4,8,resnet,False,none,lr,0.0001,0.0001,32,3,0.6612,0.6901,0.7021,0.5745,0.5641,nan,nan,nan,nan,0
none,cage,4,8,resnet,False,none,lr,0.0001,0.0001,32,4,0.6051,0.7255,0.6286,0.8298,0.6282,nan,nan,nan,nan,0
none,cage,4,8,resnet,False,none,lr,0.0001,0.0001,32,5,0.5463,0.8650,0.7948,0.6596,0.5481,nan,nan,nan,nan,1
none,cage,4,8,resnet,False,none,lr,0.0001,0.0001,32,6,0.4846,0.9958,0.7112,0.8085,0.5737,nan,nan,nan,nan,1
none,cage,4,8,resnet,False,none,lr,0.0001,0.0001,32,7,0.4085,1.0559,0.8724,0.8298,0.5641,nan,nan,nan,nan,1
none,cage,4,8,resnet,False,none,lr,0.0001,0.0001,32,8,0.3411,1.4955,0.9668,0.7660,0.5513,nan,nan,nan,nan,0
none,cage,4,8,resnet,False,none,lr,0.0001,0.0001,32,9,0.3155,0.9963,1.0740,0.6170,0.5609,nan,nan,nan,nan,0
none,cage,4,8,resnet,False,none,lr,0.0001,0.0001,32,10,0.2772,1.2254,1.0317,0.7447,0.5096,nan,nan,nan,nan,0
none,cage,4,8,resnet,False,none,lr,0.0001,0.0001,32,11,0.2388,1.5144,1.0928,0.7660,0.5897,nan,nan,nan,nan,0
none,cage,4,8,resnet,False,none,lr,0.0001,0.0001,32,12,0.1944,2.0162,1.2381,0.8298,0.5513,nan,nan,nan,nan,0
none,cage,4,8,resnet,False,none,lr,0.0001,0.0001,32,13,0.1801,1.2001,1.1907,0.7447,0.5929,nan,nan,nan,nan,0
none,cage,4,8,resnet,False,none,lr,0.0001,0.0001,32,14,0.1558,1.6593,1.1867,0.8085,0.6603,nan,nan,nan,nan,1
none,cage,4,8,resnet,False,none,lr,0.0001,0.0001,32,15,0.1274,1.7179,1.4142,0.8298,0.6122,nan,nan,nan,nan,1
none,cage,4,8,resnet,False,none,lr,0.0001,0.0001,32,16,0.1026,2.4251,1.5113,0.8298,0.5353,nan,nan,nan,nan,0
none,cage,4,8,resnet,False,none,lr,0.0001,0.0001,32,17,0.1306,1.8639,1.4675,0.8723,0.5705,nan,nan,nan,nan,0
none,cage,4,8,resnet,False,none,lr,0.0001,0.0001,32,18,0.1032,1.7943,1.3635,0.8511,0.6538,nan,nan,nan,nan,1
none,cage,4,8,resnet,False,none,lr,0.0001,0.0001,32,19,0.0801,2.2093,1.3791,0.8298,0.6699,nan,nan,nan,nan,0
none,cage,4,8,resnet,False,none,lr,0.0001,0.0001,32,20,0.0653,2.0390,1.3446,0.8298,0.6506,nan,nan,nan,nan,1
none,cage,4,8,resnet,False,none,lr,0.0001,0.0001,32,21,0.0757,2.1327,1.4116,0.8298,0.7147,nan,nan,nan,nan,1
none,cage,4,8,resnet,False,none,lr,0.0001,0.0001,32,22,0.0702,1.9848,1.5655,0.8298,0.6346,1.8387,2.0774,0.7674,0.6679,1
none,cage,4,8,resnet,False,none,lr,0.0001,0.0001,32,23,0.0727,2.9406,1.6811,0.8298,0.6378,nan,nan,nan,nan,0
none,cage,4,8,resnet,False,none,lr,0.0001,0.0001,32,24,0.0772,2.3434,1.6902,0.8085,0.6378,nan,nan,nan,nan,0
none,cage,4,8,resnet,False,none,lr,0.0001,0.0001,32,25,0.0597,2.6367,1.7113,0.8298,0.6186,nan,nan,nan,nan,0
none,cage,4,8,resnet,False,none,lr,0.0001,0.0001,32,26,0.0542,2.1301,1.5909,0.8511,0.6442,nan,nan,nan,nan,0
none,cage,4,8,resnet,False,none,lr,0.0001,0.0001,32,27,0.0633,3.0088,1.7899,0.8298,0.6571,nan,nan,nan,nan,0
none,cage,4,9,resnet,False,none,lr,0.0001,0.0001,32,1,0.7381,0.6676,0.6653,0.6190,0.6633,nan,nan,nan,nan,0
none,cage,4,9,resnet,False,none,lr,0.0001,0.0001,32,2,0.6967,0.7147,0.7596,0.5000,0.4781,nan,nan,nan,nan,0
none,cage,4,9,resnet,False,none,lr,0.0001,0.0001,32,3,0.6247,0.9247,0.7460,0.7619,0.5488,nan,nan,nan,nan,0
none,cage,4,9,resnet,False,none,lr,0.0001,0.0001,32,4,0.5552,0.8653,0.9281,0.5476,0.4781,nan,nan,nan,nan,0
none,cage,4,9,resnet,False,none,lr,0.0001,0.0001,32,5,0.4733,1.2032,0.9607,0.7381,0.5185,0.9923,0.8969,0.7907,0.5321,1
none,cage,4,9,resnet,False,none,lr,0.0001,0.0001,32,6,0.4110,1.1832,1.1663,0.5476,0.3906,nan,nan,nan,nan,0
none,cage,4,9,resnet,False,none,lr,0.0001,0.0001,32,7,0.3533,1.6061,1.2239,0.7857,0.4579,nan,nan,nan,nan,0
none,cage,4,9,resnet,False,none,lr,0.0001,0.0001,32,8,0.3046,1.6197,1.2478,0.7857,0.4848,nan,nan,nan,nan,0
none,cage,4,9,resnet,False,none,lr,0.0001,0.0001,32,9,0.2710,1.2588,1.4169,0.6190,0.4916,nan,nan,nan,nan,0
none,cage,4,9,resnet,False,none,lr,0.0001,0.0001,32,10,0.2143,1.6896,1.4348,0.7381,0.4310,nan,nan,nan,nan,0
none,cage,4,9,resnet,False,none,lr,0.0001,0.0001,32,11,0.1864,1.8691,1.5962,0.7143,0.5387,nan,nan,nan,nan,0
none,cage,4,9,resnet,False,none,lr,0.0001,0.0001,32,12,0.1406,2.0593,1.5464,0.7619,0.5455,nan,nan,nan,nan,0
none,cage,4,9,resnet,False,none,lr,0.0001,0.0001,32,13,0.1280,3.1441,1.9951,0.7381,0.4478,nan,nan,nan,nan,0
none,cage,4,9,resnet,False,none,lr,0.0001,0.0001,32,14,0.1186,2.9882,1.9140,0.7619,0.4545,nan,nan,nan,nan,0
none,cage,4,9,resnet,False,none,lr,0.0001,0.0001,32,15,0.1104,2.6829,1.8251,0.7619,0.4949,nan,nan,nan,nan,0
none,cage,4,9,resnet,False,none,lr,0.0001,0.0001,32,16,0.0861,3.0128,2.0433,0.7381,0.4108,nan,nan,nan,nan,0
none,cage,5,0,resnet,False,none,lr,0.0001,0.0001,32,1,0.7218,0.6914,0.6725,0.7442,0.5476,nan,nan,nan,nan,0
none,cage,5,0,resnet,False,none,lr,0.0001,0.0001,32,2,0.7042,0.6672,0.6937,0.4884,0.7063,nan,nan,nan,nan,0
none,cage,5,0,resnet,False,none,lr,0.0001,0.0001,32,3,0.6785,0.6632,0.6151,0.8140,0.6905,nan,nan,nan,nan,0
none,cage,5,0,resnet,False,none,lr,0.0001,0.0001,32,4,0.6166,0.6431,0.6473,0.6977,0.7302,nan,nan,nan,nan,0
none,cage,5,0,resnet,False,none,lr,0.0001,0.0001,32,5,0.5436,0.6182,0.5933,0.8605,0.7817,nan,nan,nan,nan,1
none,cage,5,0,resnet,False,none,lr,0.0001,0.0001,32,6,0.4796,0.7393,0.6728,0.8605,0.7937,nan,nan,nan,nan,1
none,cage,5,0,resnet,False,none,lr,0.0001,0.0001,32,7,0.4234,0.5296,0.6662,0.8605,0.8373,nan,nan,nan,nan,1
none,cage,5,0,resnet,False,none,lr,0.0001,0.0001,32,8,0.3516,0.9159,0.8073,0.8372,0.7381,nan,nan,nan,nan,1
none,cage,5,0,resnet,False,none,lr,0.0001,0.0001,32,9,0.3095,0.7069,0.7680,0.8605,0.8611,nan,nan,nan,nan,1
none,cage,5,0,resnet,False,none,lr,0.0001,0.0001,32,10,0.2496,0.4732,0.9004,0.8372,0.8611,nan,nan,nan,nan,1
none,cage,5,0,resnet,False,none,lr,0.0001,0.0001,32,11,0.2223,1.0374,1.0831,0.7907,0.8056,nan,nan,nan,nan,0
none,cage,5,0,resnet,False,none,lr,0.0001,0.0001,32,12,0.1906,0.6835,0.8928,0.8372,0.8571,1.6787,1.3180,0.7250,0.4946,1
none,cage,5,0,resnet,False,none,lr,0.0001,0.0001,32,13,0.1468,1.5639,1.2442,0.8140,0.7619,nan,nan,nan,nan,0
none,cage,5,0,resnet,False,none,lr,0.0001,0.0001,32,14,0.1299,0.9905,1.0407,0.8372,0.8095,nan,nan,nan,nan,0
none,cage,5,0,resnet,False,none,lr,0.0001,0.0001,32,15,0.1240,1.0739,1.2541,0.8605,0.7579,nan,nan,nan,nan,0
none,cage,5,0,resnet,False,none,lr,0.0001,0.0001,32,16,0.1061,1.2649,1.3357,0.8140,0.8056,nan,nan,nan,nan,0
none,cage,5,0,resnet,False,none,lr,0.0001,0.0001,32,17,0.1008,1.3585,1.3238,0.8140,0.8294,nan,nan,nan,nan,0
none,cage,5,1,resnet,False,none,lr,0.0001,0.0001,32,1,0.7337,0.6758,0.6867,0.5349,0.6627,nan,nan,nan,nan,0
none,cage,5,1,resnet,False,none,lr,0.0001,0.0001,32,2,0.6945,0.7385,0.6293,0.8140,0.5397,nan,nan,nan,nan,0
none,cage,5,1,resnet,False,none,lr,0.0001,0.0001,32,3,0.6405,0.6736,0.6723,0.6512,0.6230,nan,nan,nan,nan,0
none,cage,5,1,resnet,False,none,lr,0.0001,0.0001,32,4,0.5692,0.6860,0.5858,0.8140,0.7817,nan,nan,nan,nan,0
none,cage,5,1,resnet,False,none,lr,0.0001,0.0001,32,5,0.5057,0.6386,0.6198,0.7674,0.7143,nan,nan,nan,nan,1
none,cage,5,1,resnet,False,none,lr,0.0001,0.0001,32,6,0.4161,0.6940,0.6630,0.7674,0.7024,nan,nan,nan,nan,1
none,cage,5,1,resnet,False,none,lr,0.0001,0.0001,32,7,0.3699,0.6038,0.7298,0.7907,0.7500,nan,nan,nan,nan,1
none,cage,5,1,resnet,False,none,lr,0.0001,0.0001,32,8,0.3184,0.7860,0.7777,0.8837,0.7500,1.2750,1.0490,0.6750,0.5305,1
none,cage,5,1,resnet,False,none,lr,0.0001,0.0001,32,9,0.2604,0.6391,0.8883,0.7442,0.7302,nan,nan,nan,nan,0
none,cage,5,1,resnet,False,none,lr,0.0001,0.0001,32,10,0.2353,0.7924,1.0098,0.7674,0.6905,nan,nan,nan,nan,0
none,cage,5,1,resnet,False,none,lr,0.0001,0.0001,32,11,0.1854,1.7990,1.1236,0.8372,0.7183,nan,nan,nan,nan,0
none,cage,5,1,resnet,False,none,lr,0.0001,0.0001,32,12,0.1617,0.9459,0.9209,0.9070,0.7738,nan,nan,nan,nan,0
none,cage,5,1,resnet,False,none,lr,0.0001,0.0001,32,13,0.1385,1.1418,1.1194,0.8837,0.6944,nan,nan,nan,nan,0
none,cage,5,1,resnet,False,none,lr,0.0001,0.0001,32,14,0.1181,1.5066,1.1541,0.8372,0.8175,nan,nan,nan,nan,0
none,cage,5,1,resnet,False,none,lr,0.0001,0.0001,32,15,0.1106,1.5544,1.2463,0.8372,0.6786,nan,nan,nan,nan,0
none,cage,5,1,resnet,False,none,lr,0.0001,0.0001,32,16,0.0941,0.8096,1.2152,0.7674,0.7460,nan,nan,nan,nan,0
none,cage,5,2,resnet,False,none,lr,0.0001,0.0001,32,1,0.7230,0.8215,0.6390,0.8095,0.2279,nan,nan,nan,nan,0
none,cage,5,2,resnet,False,none,lr,0.0001,0.0001,32,2,0.7116,0.6950,0.6976,0.5000,0.5147,nan,nan,nan,nan,0
none,cage,5,2,resnet,False,none,lr,0.0001,0.0001,32,3,0.6725,0.7496,0.6336,0.7619,0.6250,nan,nan,nan,nan,0
none,cage,5,2,resnet,False,none,lr,0.0001,0.0001,32,4,0.6122,0.6855,0.7212,0.5000,0.6397,nan,nan,nan,nan,0
none,cage,5,2,resnet,False,none,lr,0.0001,0.0001,32,5,0.5489,0.6502,0.6937,0.5714,0.6507,nan,nan,nan,nan,1
none,cage,5,2,resnet,False,none,lr,0.0001,0.0001,32,6,0.4745,0.6916,0.7099,0.7143,0.6985,nan,nan,nan,nan,1
none,cage,5,2,resnet,False,none,lr,0.0001,0.0001,32,7,0.4007,0.7186,0.8181,0.8333,0.7574,nan,nan,nan,nan,1
none,cage,5,2,resnet,False,none,lr,0.0001,0.0001,32,8,0.3404,0.8140,0.9042,0.6429,0.6213,nan,nan,nan,nan,0
none,cage,5,2,resnet,False,none,lr,0.0001,0.0001,32,9,0.2903,0.8364,0.9309,0.7857,0.6618,nan,nan,nan,nan,0
none,cage,5,2,resnet,False,none,lr,0.0001,0.0001,32,10,0.2422,0.7972,1.0040,0.7143,0.7132,nan,nan,nan,nan,1
none,cage,5,2,resnet,False,none,lr,0.0001,0.0001,32,11,0.2115,1.2919,1.1169,0.7619,0.7132,nan,nan,nan,nan,0
none,cage,5,2,resnet,False,none,lr,0.0001,0.0001,32,12,0.1923,2.0474,1.3410,0.8333,0.7463,nan,nan,nan,nan,0
none,cage,5,2,resnet,False,none,lr,0.0001,0.0001,32,13,0.1438,0.9375,1.1080,0.7857,0.7721,nan,nan,nan,nan,1
none,cage,5,2,resnet,False,none,lr,0.0001,0.0001,32,14,0.1458,1.7121,1.2603,0.8095,0.7610,nan,nan,nan,nan,1
none,cage,5,2,resnet,False,none,lr,0.0001,0.0001,32,15,0.1186,1.5770,1.2706,0.8333,0.7500,nan,nan,nan,nan,1
none,cage,5,2,resnet,False,none,lr,0.0001,0.0001,32,16,0.1100,1.3816,1.2202,0.8095,0.7610,2.8138,1.9809,0.7250,0.3763,1
none,cage,5,2,resnet,False,none,lr,0.0001,0.0001,32,17,0.0919,1.5197,1.5065,0.7619,0.6507,nan,nan,nan,nan,0
none,cage,5,2,resnet,False,none,lr,0.0001,0.0001,32,18,0.1076,1.6442,1.3152,0.8333,0.7574,nan,nan,nan,nan,0
none,cage,5,2,resnet,False,none,lr,0.0001,0.0001,32,19,0.0657,1.9802,1.4097,0.8333,0.7574,nan,nan,nan,nan,0
none,cage,5,2,resnet,False,none,lr,0.0001,0.0001,32,20,0.0607,1.7352,1.4871,0.7857,0.7426,nan,nan,nan,nan,0
none,cage,5,2,resnet,False,none,lr,0.0001,0.0001,32,21,0.0456,1.8795,1.6024,0.7619,0.6765,nan,nan,nan,nan,0
none,cage,5,3,resnet,False,none,lr,0.0001,0.0001,32,1,0.7299,0.7139,0.6104,0.8333,0.6898,nan,nan,nan,nan,0
none,cage,5,3,resnet,False,none,lr,0.0001,0.0001,32,2,0.7085,0.6719,0.6071,0.8333,0.7061,nan,nan,nan,nan,0
none,cage,5,3,resnet,False,none,lr,0.0001,0.0001,32,3,0.6659,0.6644,0.6479,0.6905,0.6449,nan,nan,nan,nan,0
none,cage,5,3,resnet,False,none,lr,0.0001,0.0001,32,4,0.6102,0.8944,0.6602,0.8333,0.6327,nan,nan,nan,nan,0
none,cage,5,3,resnet,False,none,lr,0.0001,0.0001,32,5,0.5203,0.6628,0.6691,0.7143,0.6694,0.8790,0.7394,0.7500,0.4337,1
none,cage,5,3,resnet,False,none,lr,0.0001,0.0001,32,6,0.4511,0.7688,0.8061,0.7619,0.6612,nan,nan,nan,nan,0
none,cage,5,3,resnet,False,none,lr,0.0001,0.0001,32,7,0.3778,0.9507,0.9914,0.6905,0.5755,nan,nan,nan,nan,0
none,cage,5,3,resnet,False,none,lr,0.0001,0.0001,32,8,0.3375,0.8723,1.2977,0.5714,0.5429,nan,nan,nan,nan,0
none,cage,5,3,resnet,False,none,lr,0.0001,0.0001,32,9,0.2573,0.9070,1.4264,0.5000,0.4776,nan,nan,nan,nan,0
none,cage,5,3,resnet,False,none,lr,0.0001,0.0001,32,10,0.2472,1.8017,1.1878,0.8333,0.4980,nan,nan,nan,nan,0
none,cage,5,3,resnet,False,none,lr,0.0001,0.0001,32,11,0.2068,0.8696,1.2985,0.6905,0.6000,nan,nan,nan,nan,0
none,cage,5,3,resnet,False,none,lr,0.0001,0.0001,32,12,0.1703,1.6325,1.4614,0.7619,0.5469,nan,nan,nan,nan,0
none,cage,5,3,resnet,False,none,lr,0.0001,0.0001,32,13,0.1399,1.0985,1.5036,0.5952,0.4898,nan,nan,nan,nan,0
none,cage,5,3,resnet,False,none,lr,0.0001,0.0001,32,14,0.1137,2.2644,1.7120,0.8333,0.4612,nan,nan,nan,nan,0
none,cage,5,3,resnet,False,none,lr,0.0001,0.0001,32,15,0.1158,2.0030,1.5604,0.8333,0.5878,nan,nan,nan,nan,0
none,cage,5,3,resnet,False,none,lr,0.0001,0.0001,32,16,0.0889,1.9327,1.7091,0.8095,0.4776,nan,nan,nan,nan,0
none,cage,5,4,resnet,False,none,lr,0.0001,0.0001,32,1,0.7226,0.7042,0.7128,0.1628,0.3893,nan,nan,nan,nan,0
none,cage,5,4,resnet,False,none,lr,0.0001,0.0001,32,2,0.6989,0.7043,0.7388,0.3488,0.4964,nan,nan,nan,nan,0
none,cage,5,4,resnet,False,none,lr,0.0001,0.0001,32,3,0.6434,0.7770,0.7422,0.7442,0.4786,nan,nan,nan,nan,0
none,cage,5,4,resnet,False,none,lr,0.0001,0.0001,32,4,0.5806,0.7624,0.8208,0.3721,0.4571,nan,nan,nan,nan,0
none,cage,5,4,resnet,False,none,lr,0.0001,0.0001,32,5,0.5150,0.7020,0.8156,0.6047,0.5536,nan,nan,nan,nan,1
none,cage,5,4,resnet,False,none,lr,0.0001,0.0001,32,6,0.4430,0.6872,0.9166,0.3256,0.6143,nan,nan,nan,nan,1
none,cage,5,4,resnet,False,none,lr,0.0001,0.0001,32,7,0.3536,1.1173,1.3293,0.5349,0.4321,nan,nan,nan,nan,0
none,cage,5,4,resnet,False,none,lr,0.0001,0.0001,32,8,0.3246,1.2099,1.3285,0.6744,0.4607,nan,nan,nan,nan,0
none,cage,5,4,resnet,False,none,lr,0.0001,0.0001,32,9,0.2646,1.3075,1.1521,0.8140,0.6071,2.0392,1.3856,0.7000,0.3871,1
none,cage,5,4,resnet,False,none,lr,0.0001,0.0001,32,10,0.2357,1.4733,1.3240,0.7907,0.4714,nan,nan,nan,nan,0
none,cage,5,4,resnet,False,none,lr,0.0001,0.0001,32,11,0.1786,1.7771,1.5677,0.7674,0.5357,nan,nan,nan,nan,0
none,cage,5,4,resnet,False,none,lr,0.0001,0.0001,32,12,0.1968,1.7622,1.4518,0.8140,0.4821,nan,nan,nan,nan,0
none,cage,5,4,resnet,False,none,lr,0.0001,0.0001,32,13,0.1563,2.2914,1.7715,0.7907,0.4393,nan,nan,nan,nan,0
none,cage,5,4,resnet,False,none,lr,0.0001,0.0001,32,14,0.1207,1.7477,1.7417,0.7442,0.5143,nan,nan,nan,nan,0
none,cage,5,4,resnet,False,none,lr,0.0001,0.0001,32,15,0.1271,2.8258,2.3124,0.8140,0.5143,nan,nan,nan,nan,0
none,cage,5,4,resnet,False,none,lr,0.0001,0.0001,32,16,0.0961,2.0252,1.7801,0.8140,0.5500,nan,nan,nan,nan,0
none,cage,5,6,resnet,False,none,lr,0.0001,0.0001,32,1,0.7222,0.6978,0.7140,0.3902,0.4667,nan,nan,nan,nan,0
none,cage,5,6,resnet,False,none,lr,0.0001,0.0001,32,2,0.7054,0.7226,0.6496,0.8537,0.5190,nan,nan,nan,nan,0
none,cage,5,6,resnet,False,none,lr,0.0001,0.0001,32,3,0.6592,0.7372,0.6875,0.7561,0.5190,nan,nan,nan,nan,0
none,cage,5,6,resnet,False,none,lr,0.0001,0.0001,32,4,0.5988,0.7288,0.7085,0.6585,0.5619,nan,nan,nan,nan,0
none,cage,5,6,resnet,False,none,lr,0.0001,0.0001,32,5,0.5226,0.8549,0.7531,0.8049,0.5238,nan,nan,nan,nan,1
none,cage,5,6,resnet,False,none,lr,0.0001,0.0001,32,6,0.4683,1.0079,0.9259,0.8293,0.4476,nan,nan,nan,nan,0
none,cage,5,6,resnet,False,none,lr,0.0001,0.0001,32,7,0.3921,1.6184,1.1358,0.8537,0.5143,nan,nan,nan,nan,0
none,cage,5,6,resnet,False,none,lr,0.0001,0.0001,32,8,0.3390,0.8436,1.1190,0.6585,0.5619,nan,nan,nan,nan,0
none,cage,5,6,resnet,False,none,lr,0.0001,0.0001,32,9,0.2918,0.7651,1.0165,0.7073,0.6000,nan,nan,nan,nan,1
none,cage,5,6,resnet,False,none,lr,0.0001,0.0001,32,10,0.2345,0.9635,1.2434,0.7073,0.5333,nan,nan,nan,nan,0
none,cage,5,6,resnet,False,none,lr,0.0001,0.0001,32,11,0.2092,2.1160,1.6222,0.8537,0.4857,nan,nan,nan,nan,1
none,cage,5,6,resnet,False,none,lr,0.0001,0.0001,32,12,0.1759,1.3564,1.2731,0.7805,0.6238,2.0729,1.5860,0.6750,0.4373,1
none,cage,5,6,resnet,False,none,lr,0.0001,0.0001,32,13,0.1581,1.5682,1.3564,0.8293,0.5810,nan,nan,nan,nan,0
none,cage,5,6,resnet,False,none,lr,0.0001,0.0001,32,14,0.1370,1.8890,1.9015,0.7073,0.3095,nan,nan,nan,nan,0
none,cage,5,6,resnet,False,none,lr,0.0001,0.0001,32,15,0.1197,1.1955,1.4637,0.6829,0.5143,nan,nan,nan,nan,0
none,cage,5,6,resnet,False,none,lr,0.0001,0.0001,32,16,0.0860,1.8859,1.8099,0.8293,0.4857,nan,nan,nan,nan,0
none,cage,5,6,resnet,False,none,lr,0.0001,0.0001,32,17,0.0895,2.0466,1.9118,0.7805,0.4333,nan,nan,nan,nan,0
none,cage,5,7,resnet,False,none,lr,0.0001,0.0001,32,1,0.7238,0.6808,0.7237,0.4091,0.5972,nan,nan,nan,nan,0
none,cage,5,7,resnet,False,none,lr,0.0001,0.0001,32,2,0.6958,0.6765,0.6575,0.7727,0.7049,nan,nan,nan,nan,0
none,cage,5,7,resnet,False,none,lr,0.0001,0.0001,32,3,0.6589,0.6072,0.7045,0.6136,0.7743,nan,nan,nan,nan,0
none,cage,5,7,resnet,False,none,lr,0.0001,0.0001,32,4,0.5814,0.6450,0.5830,0.7955,0.7743,nan,nan,nan,nan,0
none,cage,5,7,resnet,False,none,lr,0.0001,0.0001,32,5,0.5057,0.8796,0.6578,0.8182,0.6875,nan,nan,nan,nan,1
none,cage,5,7,resnet,False,none,lr,0.0001,0.0001,32,6,0.4351,0.6397,0.7514,0.7500,0.7257,0.9532,0.9330,0.5250,0.4552,1
none,cage,5,7,resnet,False,none,lr,0.0001,0.0001,32,7,0.3595,1.1009,0.9532,0.7727,0.5972,nan,nan,nan,nan,0
none,cage,5,7,resnet,False,none,lr,0.0001,0.0001,32,8,0.3232,0.6593,0.9043,0.6364,0.6597,nan,nan,nan,nan,0
none,cage,5,7,resnet,False,none,lr,0.0001,0.0001,32,9,0.2553,0.9570,0.9260,0.7727,0.6944,nan,nan,nan,nan,0
none,cage,5,7,resnet,False,none,lr,0.0001,0.0001,32,10,0.2286,0.9932,0.9883,0.7955,0.7083,nan,nan,nan,nan,0
none,cage,5,7,resnet,False,none,lr,0.0001,0.0001,32,11,0.1680,0.9894,1.3213,0.6364,0.6319,nan,nan,nan,nan,0
none,cage,5,7,resnet,False,none,lr,0.0001,0.0001,32,12,0.1708,1.3466,1.0872,0.8182,0.6875,nan,nan,nan,nan,0
none,cage,5,7,resnet,False,none,lr,0.0001,0.0001,32,13,0.1366,1.8041,1.2328,0.8182,0.6181,nan,nan,nan,nan,0
none,cage,5,7,resnet,False,none,lr,0.0001,0.0001,32,14,0.1256,1.4662,1.1099,0.8182,0.7708,nan,nan,nan,nan,0
none,cage,5,7,resnet,False,none,lr,0.0001,0.0001,32,15,0.1066,1.8961,1.3465,0.7955,0.7118,nan,nan,nan,nan,0
none,cage,5,7,resnet,False,none,lr,0.0001,0.0001,32,16,0.1011,1.9824,1.3174,0.8182,0.6701,nan,nan,nan,nan,0
none,cage,5,8,resnet,False,none,lr,0.0001,0.0001,32,1,0.7262,0.7045,0.7540,0.2553,0.5256,nan,nan,nan,nan,0
none,cage,5,8,resnet,False,none,lr,0.0001,0.0001,32,2,0.7009,0.7751,0.6036,0.8298,0.4519,nan,nan,nan,nan,0
none,cage,5,8,resnet,False,none,lr,0.0001,0.0001,32,3,0.6529,0.9448,0.6461,0.8085,0.5288,nan,nan,nan,nan,0
none,cage,5,8,resnet,False,none,lr,0.0001,0.0001,32,4,0.5998,0.8021,0.7098,0.7021,0.5128,nan,nan,nan,nan,0
none,cage,5,8,resnet,False,none,lr,0.0001,0.0001,32,5,0.4982,0.7400,1.0830,0.3404,0.6442,nan,nan,nan,nan,1
none,cage,5,8,resnet,False,none,lr,0.0001,0.0001,32,6,0.4568,0.7816,0.7386,0.7234,0.5962,nan,nan,nan,nan,1
none,cage,5,8,resnet,False,none,lr,0.0001,0.0001,32,7,0.3746,1.1170,0.8640,0.8298,0.5929,nan,nan,nan,nan,1
none,cage,5,8,resnet,False,none,lr,0.0001,0.0001,32,8,0.3036,0.7529,0.9689,0.7021,0.6987,nan,nan,nan,nan,1
none,cage,5,8,resnet,False,none,lr,0.0001,0.0001,32,9,0.2726,1.5420,1.0617,0.7872,0.5929,nan,nan,nan,nan,1
none,cage,5,8,resnet,False,none,lr,0.0001,0.0001,32,10,0.2248,1.2964,1.1637,0.7234,0.6378,nan,nan,nan,nan,0
none,cage,5,8,resnet,False,none,lr,0.0001,0.0001,32,11,0.1884,2.1194,1.3024,0.8298,0.6090,nan,nan,nan,nan,0
none,cage,5,8,resnet,False,none,lr,0.0001,0.0001,32,12,0.1558,1.2259,1.2361,0.7021,0.6154,nan,nan,nan,nan,1
none,cage,5,8,resnet,False,none,lr,0.0001,0.0001,32,13,0.1157,1.7239,1.2984,0.8298,0.6635,nan,nan,nan,nan,0
none,cage,5,8,resnet,False,none,lr,0.0001,0.0001,32,14,0.1140,1.6683,1.3204,0.8298,0.7051,nan,nan,nan,nan,1
none,cage,5,8,resnet,False,none,lr,0.0001,0.0001,32,15,0.1377,1.5593,1.2476,0.7872,0.6442,nan,nan,nan,nan,0
none,cage,5,8,resnet,False,none,lr,0.0001,0.0001,32,16,0.0871,2.0214,1.4251,0.7872,0.6827,3.2525,2.2017,0.7000,0.3763,1
none,cage,5,8,resnet,False,none,lr,0.0001,0.0001,32,17,0.0753,2.2200,1.5286,0.7872,0.5897,nan,nan,nan,nan,0
none,cage,5,8,resnet,False,none,lr,0.0001,0.0001,32,18,0.0756,2.1462,1.5176,0.7872,0.5929,nan,nan,nan,nan,0
none,cage,5,8,resnet,False,none,lr,0.0001,0.0001,32,19,0.0709,1.8380,1.4319,0.7872,0.6891,nan,nan,nan,nan,0
none,cage,5,8,resnet,False,none,lr,0.0001,0.0001,32,20,0.0548,1.7055,1.4952,0.7872,0.6474,nan,nan,nan,nan,0
none,cage,5,8,resnet,False,none,lr,0.0001,0.0001,32,21,0.0829,1.6583,1.5016,0.8298,0.6795,nan,nan,nan,nan,0
none,cage,5,9,resnet,False,none,lr,0.0001,0.0001,32,1,0.7209,0.7171,0.6660,0.7857,0.4949,nan,nan,nan,nan,0
none,cage,5,9,resnet,False,none,lr,0.0001,0.0001,32,2,0.6833,1.0172,0.7092,0.7857,0.4613,nan,nan,nan,nan,0
none,cage,5,9,resnet,False,none,lr,0.0001,0.0001,32,3,0.6208,0.7589,1.0775,0.3810,0.5051,nan,nan,nan,nan,0
none,cage,5,9,resnet,False,none,lr,0.0001,0.0001,32,4,0.5340,1.3354,1.0118,0.7381,0.4209,nan,nan,nan,nan,0
none,cage,5,9,resnet,False,none,lr,0.0001,0.0001,32,5,0.4430,1.1346,1.1589,0.5476,0.4781,nan,nan,nan,nan,1
none,cage,5,9,resnet,False,none,lr,0.0001,0.0001,32,6,0.3848,1.2684,1.2571,0.5952,0.4411,nan,nan,nan,nan,0
none,cage,5,9,resnet,False,none,lr,0.0001,0.0001,32,7,0.3264,1.0569,1.3693,0.4762,0.4545,nan,nan,nan,nan,0
none,cage,5,9,resnet,False,none,lr,0.0001,0.0001,32,8,0.2614,1.1314,1.5000,0.5476,0.4781,nan,nan,nan,nan,0
none,cage,5,9,resnet,False,none,lr,0.0001,0.0001,32,9,0.2258,2.3796,1.6566,0.7381,0.4680,nan,nan,nan,nan,0
none,cage,5,9,resnet,False,none,lr,0.0001,0.0001,32,10,0.1860,2.0088,1.4689,0.6905,0.4882,nan,nan,nan,nan,0
none,cage,5,9,resnet,False,none,lr,0.0001,0.0001,32,11,0.1409,2.5499,1.8832,0.6667,0.3704,nan,nan,nan,nan,0
none,cage,5,9,resnet,False,none,lr,0.0001,0.0001,32,12,0.1327,2.3164,1.7461,0.7381,0.4714,nan,nan,nan,nan,0
none,cage,5,9,resnet,False,none,lr,0.0001,0.0001,32,13,0.1041,2.1997,2.0800,0.6667,0.4242,nan,nan,nan,nan,0
none,cage,5,9,resnet,False,none,lr,0.0001,0.0001,32,14,0.0972,2.4324,1.7441,0.7619,0.5286,nan,nan,nan,nan,0
none,cage,5,9,resnet,False,none,lr,0.0001,0.0001,32,15,0.0867,2.5306,2.0627,0.7381,0.4714,nan,nan,nan,nan,0
none,cage,5,9,resnet,False,none,lr,0.0001,0.0001,32,16,0.1021,3.2231,2.2017,0.7381,0.5320,nan,nan,nan,nan,1
none,cage,5,9,resnet,False,none,lr,0.0001,0.0001,32,17,0.0535,3.0010,2.2802,0.7381,0.4848,nan,nan,nan,nan,0
none,cage,5,9,resnet,False,none,lr,0.0001,0.0001,32,18,0.0631,3.3527,2.2322,0.7381,0.4949,3.4018,2.4026,0.7000,0.5090,1
none,cage,5,9,resnet,False,none,lr,0.0001,0.0001,32,19,0.0525,3.3614,2.3774,0.7381,0.4512,nan,nan,nan,nan,0
none,cage,5,9,resnet,False,none,lr,0.0001,0.0001,32,20,0.0634,3.2892,2.3462,0.7381,0.4141,nan,nan,nan,nan,0
none,cage,5,9,resnet,False,none,lr,0.0001,0.0001,32,21,0.0587,2.3380,2.4703,0.5952,0.4545,nan,nan,nan,nan,0
none,cage,5,9,resnet,False,none,lr,0.0001,0.0001,32,22,0.0711,3.1119,2.3621,0.7143,0.4343,nan,nan,nan,nan,0
none,cage,5,9,resnet,False,none,lr,0.0001,0.0001,32,23,0.0172,3.3084,2.6320,0.7381,0.4949,nan,nan,nan,nan,0
none,cage,6,0,resnet,False,none,lr,0.0001,0.0001,32,1,0.7273,0.7079,0.7677,0.1628,0.6310,nan,nan,nan,nan,0
none,cage,6,0,resnet,False,none,lr,0.0001,0.0001,32,2,0.7070,0.6991,0.6488,0.8372,0.5238,nan,nan,nan,nan,0
none,cage,6,0,resnet,False,none,lr,0.0001,0.0001,32,3,0.6894,0.6744,0.6599,0.7209,0.6548,nan,nan,nan,nan,0
none,cage,6,0,resnet,False,none,lr,0.0001,0.0001,32,4,0.6565,0.6327,0.7022,0.5116,0.7857,nan,nan,nan,nan,0
none,cage,6,0,resnet,False,none,lr,0.0001,0.0001,32,5,0.6032,0.6120,0.5758,0.8372,0.8214,nan,nan,nan,nan,1
none,cage,6,0,resnet,False,none,lr,0.0001,0.0001,32,6,0.5381,0.5245,0.6744,0.8140,0.8651,nan,nan,nan,nan,1
none,cage,6,0,resnet,False,none,lr,0.0001,0.0001,32,7,0.4717,0.5501,0.7282,0.8140,0.8095,nan,nan,nan,nan,1
none,cage,6,0,resnet,False,none,lr,0.0001,0.0001,32,8,0.3896,0.6992,0.8818,0.7442,0.7024,1.0543,1.1471,0.7561,0.3810,1
none,cage,6,0,resnet,False,none,lr,0.0001,0.0001,32,9,0.3458,0.8191,0.8003,0.8372,0.7381,nan,nan,nan,nan,0
none,cage,6,0,resnet,False,none,lr,0.0001,0.0001,32,10,0.2736,0.7976,1.1010,0.6744,0.6190,nan,nan,nan,nan,0
none,cage,6,0,resnet,False,none,lr,0.0001,0.0001,32,11,0.2475,1.2432,1.2761,0.8372,0.6706,nan,nan,nan,nan,0
none,cage,6,0,resnet,False,none,lr,0.0001,0.0001,32,12,0.2209,1.0543,1.0919,0.8372,0.6230,nan,nan,nan,nan,0
none,cage,6,0,resnet,False,none,lr,0.0001,0.0001,32,13,0.1718,1.9081,1.5357,0.8140,0.5952,nan,nan,nan,nan,0
none,cage,6,0,resnet,False,none,lr,0.0001,0.0001,32,14,0.1581,1.7998,1.4597,0.8140,0.5873,nan,nan,nan,nan,0
none,cage,6,0,resnet,False,none,lr,0.0001,0.0001,32,15,0.1261,1.4503,1.4360,0.8140,0.6429,nan,nan,nan,nan,0
none,cage,6,0,resnet,False,none,lr,0.0001,0.0001,32,16,0.1149,1.4199,1.5858,0.7907,0.6111,nan,nan,nan,nan,0
none,cage,6,1,resnet,False,none,lr,0.0001,0.0001,32,1,0.7252,0.7314,0.8232,0.1628,0.4563,nan,nan,nan,nan,0
none,cage,6,1,resnet,False,none,lr,0.0001,0.0001,32,2,0.7093,0.6966,0.7235,0.2791,0.5198,nan,nan,nan,nan,0
none,cage,6,1,resnet,False,none,lr,0.0001,0.0001,32,3,0.6837,0.7231,0.6744,0.6977,0.4603,nan,nan,nan,nan,0
none,cage,6,1,resnet,False,none,lr,0.0001,0.0001,32,4,0.6326,0.7933,0.6807,0.7907,0.5159,nan,nan,nan,nan,0
none,cage,6,1,resnet,False,none,lr,0.0001,0.0001,32,5,0.5584,0.7847,0.9670,0.3953,0.5079,nan,nan,nan,nan,1
none,cage,6,1,resnet,False,none,lr,0.0001,0.0001,32,6,0.4983,0.8434,0.7342,0.8372,0.5317,nan,nan,nan,nan,1
none,cage,6,1,resnet,False,none,lr,0.0001,0.0001,32,7,0.4323,0.7866,0.9163,0.6512,0.5952,nan,nan,nan,nan,1
none,cage,6,1,resnet,False,none,lr,0.0001,0.0001,32,8,0.3776,0.9149,0.8201,0.8140,0.7540,nan,nan,nan,nan,1
none,cage,6,1,resnet,False,none,lr,0.0001,0.0001,32,9,0.3345,1.0070,0.9696,0.8140,0.6349,nan,nan,nan,nan,1
none,cage,6,1,resnet,False,none,lr,0.0001,0.0001,32,10,0.2713,0.9322,1.2931,0.5814,0.5794,nan,nan,nan,nan,1
none,cage,6,1,resnet,False,none,lr,0.0001,0.0001,32,11,0.2495,0.9144,1.1954,0.5814,0.5873,nan,nan,nan,nan,1
none,cage,6,1,resnet,False,none,lr,0.0001,0.0001,32,12,0.2121,1.3678,1.0863,0.8140,0.6508,nan,nan,nan,nan,1
none,cage,6,1,resnet,False,none,lr,0.0001,0.0001,32,13,0.1913,0.6489,1.0775,0.8372,0.7976,nan,nan,nan,nan,1
none,cage,6,1,resnet,False,none,lr,0.0001,0.0001,32,14,0.1602,2.0594,1.4003,0.7907,0.6270,nan,nan,nan,nan,0
none,cage,6,1,resnet,False,none,lr,0.0001,0.0001,32,15,0.1398,1.0950,1.3299,0.7674,0.6508,nan,nan,nan,nan,1
none,cage,6,1,resnet,False,none,lr,0.0001,0.0001,32,16,0.1391,1.6278,1.2869,0.8372,0.6508,2.0572,1.6696,0.8537,0.4286,1
none,cage,6,1,resnet,False,none,lr,0.0001,0.0001,32,17,0.1020,1.5573,1.3650,0.8140,0.6111,nan,nan,nan,nan,0
none,cage,6,1,resnet,False,none,lr,0.0001,0.0001,32,18,0.1085,1.0410,1.5590,0.6977,0.6429,nan,nan,nan,nan,0
none,cage,6,1,resnet,False,none,lr,0.0001,0.0001,32,19,0.1013,1.0634,1.3876,0.7209,0.6508,nan,nan,nan,nan,0
none,cage,6,1,resnet,False,none,lr,0.0001,0.0001,32,20,0.0840,1.3839,1.3385,0.8837,0.6429,nan,nan,nan,nan,0
none,cage,6,1,resnet,False,none,lr,0.0001,0.0001,32,21,0.0917,1.5659,1.3514,0.8605,0.6548,nan,nan,nan,nan,0
none,cage,6,2,resnet,False,none,lr,0.0001,0.0001,32,1,0.7399,0.6923,0.6822,0.7381,0.5441,nan,nan,nan,nan,0
none,cage,6,2,resnet,False,none,lr,0.0001,0.0001,32,2,0.7032,0.6991,0.7034,0.4524,0.4743,nan,nan,nan,nan,0
none,cage,6,2,resnet,False,none,lr,0.0001,0.0001,32,3,0.6976,0.7141,0.7368,0.4286,0.4485,nan,nan,nan,nan,0
none,cage,6,2,resnet,False,none,lr,0.0001,0.0001,32,4,0.6601,0.7215,0.6755,0.7619,0.6250,nan,nan,nan,nan,0
none,cage,6,2,resnet,False,none,lr,0.0001,0.0001,32,5,0.6025,0.7796,0.7651,0.6905,0.4963,nan,nan,nan,nan,1
none,cage,6,2,resnet,False,none,lr,0.0001,0.0001,32,6,0.5442,0.7707,0.7006,0.7381,0.6250,nan,nan,nan,nan,1
none,cage,6,2,resnet,False,none,lr,0.0001,0.0001,32,7,0.4877,0.7211,0.7481,0.7143,0.6544,nan,nan,nan,nan,1
none,cage,6,2,resnet,False,none,lr,0.0001,0.0001,32,8,0.4119,0.9127,0.8581,0.7857,0.6581,nan,nan,nan,nan,1
none,cage,6,2,resnet,False,none,lr,0.0001,0.0001,32,9,0.3827,1.0257,1.0099,0.7619,0.6618,nan,nan,nan,nan,1
none,cage,6,2,resnet,False,none,lr,0.0001,0.0001,32,10,0.3175,0.8065,0.9845,0.7857,0.6213,nan,nan,nan,nan,1
none,cage,6,2,resnet,False,none,lr,0.0001,0.0001,32,11,0.2703,1.0606,1.1421,0.8333,0.6949,nan,nan,nan,nan,1
none,cage,6,2,resnet,False,none,lr,0.0001,0.0001,32,12,0.2532,1.0640,1.1033,0.7857,0.7316,nan,nan,nan,nan,1
none,cage,6,2,resnet,False,none,lr,0.0001,0.0001,32,13,0.2122,1.1176,1.1439,0.7619,0.6949,nan,nan,nan,nan,1
none,cage,6,2,resnet,False,none,lr,0.0001,0.0001,32,14,0.1887,1.6415,1.1963,0.7857,0.6912,nan,nan,nan,nan,1
none,cage,6,2,resnet,False,none,lr,0.0001,0.0001,32,15,0.1430,1.6768,1.3165,0.7857,0.6949,nan,nan,nan,nan,1
none,cage,6,2,resnet,False,none,lr,0.0001,0.0001,32,16,0.1358,1.6334,1.3812,0.8095,0.7463,1.9752,1.6732,0.8293,0.3857,1
none,cage,6,2,resnet,False,none,lr,0.0001,0.0001,32,17,0.1111,1.1574,1.4745,0.7381,0.6360,nan,nan,nan,nan,0
none,cage,6,2,resnet,False,none,lr,0.0001,0.0001,32,18,0.1109,1.5337,1.3669,0.7857,0.6875,nan,nan,nan,nan,0
none,cage,6,2,resnet,False,none,lr,0.0001,0.0001,32,19,0.1126,1.5702,1.5938,0.7381,0.6801,nan,nan,nan,nan,0
none,cage,6,2,resnet,False,none,lr,0.0001,0.0001,32,20,0.0764,1.4358,1.5228,0.8095,0.6728,nan,nan,nan,nan,0
none,cage,6,2,resnet,False,none,lr,0.0001,0.0001,32,21,0.0787,2.0672,1.6383,0.8095,0.6985,nan,nan,nan,nan,0
none,cage,6,3,resnet,False,none,lr,0.0001,0.0001,32,1,0.7352,0.7168,0.7438,0.3333,0.4204,nan,nan,nan,nan,0
none,cage,6,3,resnet,False,none,lr,0.0001,0.0001,32,2,0.7044,0.6842,0.6448,0.8333,0.6000,nan,nan,nan,nan,0
none,cage,6,3,resnet,False,none,lr,0.0001,0.0001,32,3,0.6796,0.7401,0.8391,0.3095,0.5347,nan,nan,nan,nan,0
none,cage,6,3,resnet,False,none,lr,0.0001,0.0001,32,4,0.6273,0.7259,0.8727,0.3095,0.5551,nan,nan,nan,nan,0
none,cage,6,3,resnet,False,none,lr,0.0001,0.0001,32,5,0.5581,0.7403,0.9418,0.5238,0.5551,nan,nan,nan,nan,1
none,cage,6,3,resnet,False,none,lr,0.0001,0.0001,32,6,0.4780,0.7074,0.8514,0.6429,0.6204,nan,nan,nan,nan,1
none,cage,6,3,resnet,False,none,lr,0.0001,0.0001,32,7,0.4287,0.9152,0.8170,0.8333,0.5673,nan,nan,nan,nan,0
none,cage,6,3,resnet,False,none,lr,0.0001,0.0001,32,8,0.3650,0.8643,0.9042,0.7619,0.6122,nan,nan,nan,nan,1
none,cage,6,3,resnet,False,none,lr,0.0001,0.0001,32,9,0.3139,1.1846,0.9445,0.8333,0.5796,nan,nan,nan,nan,0
none,cage,6,3,resnet,False,none,lr,0.0001,0.0001,32,10,0.2589,1.5789,1.1589,0.8333,0.7224,2.1251,1.6398,0.8537,0.4143,1
none,cage,6,3,resnet,False,none,lr,0.0001,0.0001,32,11,0.2624,1.0158,1.0693,0.7857,0.5510,nan,nan,nan,nan,0
none,cage,6,3,resnet,False,none,lr,0.0001,0.0001,32,12,0.1959,1.7425,1.2971,0.8095,0.4816,nan,nan,nan,nan,0
none,cage,6,3,resnet,False,none,lr,0.0001,0.0001,32,13,0.1697,1.7327,1.3568,0.7857,0.4939,nan,nan,nan,nan,0
none,cage,6,3,resnet,False,none,lr,0.0001,0.0001,32,14,0.1535,1.5243,1.2402,0.7857,0.6245,nan,nan,nan,nan,0
none,cage,6,3,resnet,False,none,lr,0.0001,0.0001,32,15,0.1344,1.4709,1.3252,0.7857,0.4980,nan,nan,nan,nan,0
none,cage,6,3,resnet,False,none,lr,0.0001,0.0001,32,16,0.1272,1.9895,1.4487,0.8095,0.4939,nan,nan,nan,nan,0
none,cage,6,4,resnet,False,none,lr,0.0001,0.0001,32,1,0.7303,0.6917,0.7142,0.3023,0.4893,nan,nan,nan,nan,0
none,cage,6,4,resnet,False,none,lr,0.0001,0.0001,32,2,0.7063,0.6931,0.7065,0.4884,0.4929,nan,nan,nan,nan,0
none,cage,6,4,resnet,False,none,lr,0.0001,0.0001,32,3,0.6719,0.6545,0.6483,0.6977,0.7179,nan,nan,nan,nan,0
none,cage,6,4,resnet,False,none,lr,0.0001,0.0001,32,4,0.6033,0.6804,0.7930,0.3023,0.7071,nan,nan,nan,nan,0
none,cage,6,4,resnet,False,none,lr,0.0001,0.0001,32,5,0.5216,0.6014,0.7254,0.6512,0.7321,nan,nan,nan,nan,1
none,cage,6,4,resnet,False,none,lr,0.0001,0.0001,32,6,0.4571,0.7930,0.8105,0.8140,0.7357,nan,nan,nan,nan,1
none,cage,6,4,resnet,False,none,lr,0.0001,0.0001,32,7,0.3921,1.2813,1.0453,0.8140,0.6679,1.3383,1.0392,0.7805,0.4905,1
none,cage,6,4,resnet,False,none,lr,0.0001,0.0001,32,8,0.3382,1.4410,1.2404,0.8140,0.4964,nan,nan,nan,nan,0
none,cage,6,4,resnet,False,none,lr,0.0001,0.0001,32,9,0.2962,1.4816,1.2980,0.8140,0.4786,nan,nan,nan,nan,0
none,cage,6,4,resnet,False,none,lr,0.0001,0.0001,32,10,0.2542,1.4636,1.3079,0.8372,0.5607,nan,nan,nan,nan,0
none,cage,6,4,resnet,False,none,lr,0.0001,0.0001,32,11,0.2165,1.5928,1.4474,0.8140,0.5964,nan,nan,nan,nan,0
none,cage,6,4,resnet,False,none,lr,0.0001,0.0001,32,12,0.2016,0.8951,1.3102,0.6047,0.5929,nan,nan,nan,nan,0
none,cage,6,4,resnet,False,none,lr,0.0001,0.0001,32,13,0.1586,1.2142,1.3919,0.7442,0.7179,nan,nan,nan,nan,0
none,cage,6,4,resnet,False,none,lr,0.0001,0.0001,32,14,0.1418,2.0559,1.7204,0.8140,0.7286,nan,nan,nan,nan,0
none,cage,6,4,resnet,False,none,lr,0.0001,0.0001,32,15,0.1444,1.5972,1.5769,0.8140,0.6321,nan,nan,nan,nan,0
none,cage,6,4,resnet,False,none,lr,0.0001,0.0001,32,16,0.1097,2.0466,1.7121,0.8140,0.6786,nan,nan,nan,nan,0
none,cage,6,5,resnet,False,none,lr,0.0001,0.0001,32,1,0.7306,0.7368,0.6530,0.7750,0.6738,nan,nan,nan,nan,0
none,cage,6,5,resnet,False,none,lr,0.0001,0.0001,32,2,0.7150,0.7543,0.6835,0.7500,0.4373,nan,nan,nan,nan,0
none,cage,6,5,resnet,False,none,lr,0.0001,0.0001,32,3,0.6764,0.6978,0.7317,0.3750,0.4659,nan,nan,nan,nan,0
none,cage,6,5,resnet,False,none,lr,0.0001,0.0001,32,4,0.6355,0.7136,0.7713,0.4000,0.4050,nan,nan,nan,nan,0
none,cage,6,5,resnet,False,none,lr,0.0001,0.0001,32,5,0.5729,0.7862,0.9078,0.3250,0.3333,0.6840,0.8305,0.4390,0.6286,1
none,cage,6,5,resnet,False,none,lr,0.0001,0.0001,32,6,0.5120,1.0575,0.8901,0.6250,0.4158,nan,nan,nan,nan,0
none,cage,6,5,resnet,False,none,lr,0.0001,0.0001,32,7,0.4320,0.9724,0.9429,0.5750,0.4767,nan,nan,nan,nan,0
none,cage,6,5,resnet,False,none,lr,0.0001,0.0001,32,8,0.3471,1.2217,1.2036,0.4750,0.3978,nan,nan,nan,nan,0
none,cage,6,5,resnet,False,none,lr,0.0001,0.0001,32,9,0.3170,1.4224,1.3123,0.5500,0.3799,nan,nan,nan,nan,0
none,cage,6,5,resnet,False,none,lr,0.0001,0.0001,32,10,0.2411,1.3940,1.3673,0.6250,0.4588,nan,nan,nan,nan,0
none,cage,6,5,resnet,False,none,lr,0.0001,0.0001,32,11,0.2249,1.9788,1.6548,0.6750,0.3871,nan,nan,nan,nan,0
none,cage,6,5,resnet,False,none,lr,0.0001,0.0001,32,12,0.1694,1.7137,1.7106,0.6250,0.3584,nan,nan,nan,nan,0
none,cage,6,5,resnet,False,none,lr,0.0001,0.0001,32,13,0.1607,1.8899,1.5154,0.6750,0.4229,nan,nan,nan,nan,0
none,cage,6,5,resnet,False,none,lr,0.0001,0.0001,32,14,0.1373,1.5125,2.1578,0.4750,0.4229,nan,nan,nan,nan,0
none,cage,6,5,resnet,False,none,lr,0.0001,0.0001,32,15,0.0962,2.6247,2.1415,0.6750,0.3835,nan,nan,nan,nan,0
none,cage,6,5,resnet,False,none,lr,0.0001,0.0001,32,16,0.1024,2.8658,2.0815,0.7000,0.3190,nan,nan,nan,nan,0
