fusion,dataset,test_set,dev_set,arch,use_pretrained,augmentation,speech_encoder_arch,lr,wd,batch_size,epoch,train_loss,dev_loss_patient,dev_loss_cough,dev_acc,dev_auc,test_loss_patient,test_loss_cough,test_acc,test_auc,is_best
none,cage,0,1,resnet,True,solarisation,lr,1e-05,0.0001,32,1,0.7335,0.6775,0.6693,0.7442,0.6905,nan,nan,nan,nan,0
none,cage,0,1,resnet,True,solarisation,lr,1e-05,0.0001,32,2,0.6882,0.6814,0.6755,0.7209,0.6468,nan,nan,nan,nan,0
none,cage,0,1,resnet,True,solarisation,lr,1e-05,0.0001,32,3,0.6554,0.6820,0.6413,0.7674,0.6627,nan,nan,nan,nan,0
none,cage,0,1,resnet,True,solarisation,lr,1e-05,0.0001,32,4,0.6172,0.6810,0.6429,0.7674,0.6587,nan,nan,nan,nan,0
none,cage,0,1,resnet,True,solarisation,lr,1e-05,0.0001,32,5,0.5697,0.6900,0.6296,0.8372,0.6190,0.6847,0.6595,0.8140,0.6230,1
none,cage,0,1,resnet,True,solarisation,lr,1e-05,0.0001,32,6,0.5321,0.6839,0.6466,0.7442,0.6270,nan,nan,nan,nan,0
none,cage,0,1,resnet,True,solarisation,lr,1e-05,0.0001,32,7,0.4832,0.6860,0.6501,0.7907,0.6071,nan,nan,nan,nan,0
none,cage,0,1,resnet,True,solarisation,lr,1e-05,0.0001,32,8,0.4314,0.7518,0.6135,0.8372,0.5714,nan,nan,nan,nan,0
none,cage,0,1,resnet,True,solarisation,lr,1e-05,0.0001,32,9,0.3859,0.7286,0.6256,0.8372,0.5913,nan,nan,nan,nan,0
none,cage,0,1,resnet,True,solarisation,lr,1e-05,0.0001,32,10,0.3293,0.7695,0.6343,0.8372,0.5913,nan,nan,nan,nan,0
none,cage,0,1,resnet,True,solarisation,lr,1e-05,0.0001,32,11,0.2758,0.9473,0.6612,0.8372,0.5873,nan,nan,nan,nan,0
none,cage,0,1,resnet,True,solarisation,lr,1e-05,0.0001,32,12,0.2307,1.0150,0.6892,0.8372,0.5873,nan,nan,nan,nan,0
none,cage,0,1,resnet,True,solarisation,lr,1e-05,0.0001,32,13,0.1877,1.1272,0.7358,0.8372,0.5833,nan,nan,nan,nan,0
none,cage,0,1,resnet,True,solarisation,lr,1e-05,0.0001,32,14,0.1533,1.2093,0.7765,0.8372,0.5794,nan,nan,nan,nan,0
none,cage,0,1,resnet,True,solarisation,lr,1e-05,0.0001,32,15,0.1223,1.2616,0.8134,0.8372,0.6032,nan,nan,nan,nan,0
none,cage,0,1,resnet,True,solarisation,lr,1e-05,0.0001,32,16,0.1001,1.4881,0.9140,0.8372,0.6032,nan,nan,nan,nan,0
none,cage,0,2,resnet,True,solarisation,lr,1e-05,0.0001,32,1,0.7521,0.6897,0.7065,0.4524,0.5000,nan,nan,nan,nan,0
none,cage,0,2,resnet,True,solarisation,lr,1e-05,0.0001,32,2,0.6732,0.6892,0.6872,0.5952,0.5368,nan,nan,nan,nan,0
none,cage,0,2,resnet,True,solarisation,lr,1e-05,0.0001,32,3,0.6351,0.6865,0.6916,0.5714,0.5331,nan,nan,nan,nan,0
none,cage,0,2,resnet,True,solarisation,lr,1e-05,0.0001,32,4,0.6038,0.6840,0.7288,0.4286,0.5625,nan,nan,nan,nan,0
none,cage,0,2,resnet,True,solarisation,lr,1e-05,0.0001,32,5,0.5621,0.6841,0.7050,0.5952,0.5515,nan,nan,nan,nan,1
none,cage,0,2,resnet,True,solarisation,lr,1e-05,0.0001,32,6,0.5102,0.7290,0.6544,0.8333,0.5662,nan,nan,nan,nan,1
none,cage,0,2,resnet,True,solarisation,lr,1e-05,0.0001,32,7,0.4642,0.7472,0.6616,0.8333,0.5993,nan,nan,nan,nan,1
none,cage,0,2,resnet,True,solarisation,lr,1e-05,0.0001,32,8,0.4207,0.8066,0.6678,0.8333,0.6029,nan,nan,nan,nan,1
none,cage,0,2,resnet,True,solarisation,lr,1e-05,0.0001,32,9,0.3526,0.9025,0.7053,0.8095,0.5919,nan,nan,nan,nan,1
none,cage,0,2,resnet,True,solarisation,lr,1e-05,0.0001,32,10,0.3053,1.1450,0.7897,0.8095,0.5772,0.9865,0.7604,0.8372,0.6190,1
none,cage,0,2,resnet,True,solarisation,lr,1e-05,0.0001,32,11,0.2483,1.0948,0.7963,0.8095,0.5772,nan,nan,nan,nan,0
none,cage,0,2,resnet,True,solarisation,lr,1e-05,0.0001,32,12,0.2140,1.3286,0.8879,0.8095,0.5882,nan,nan,nan,nan,0
none,cage,0,2,resnet,True,solarisation,lr,1e-05,0.0001,32,13,0.1787,1.2936,0.8933,0.8095,0.5993,nan,nan,nan,nan,0
none,cage,0,2,resnet,True,solarisation,lr,1e-05,0.0001,32,14,0.1376,1.3669,0.9319,0.8095,0.5919,nan,nan,nan,nan,0
none,cage,0,2,resnet,True,solarisation,lr,1e-05,0.0001,32,15,0.1110,1.6096,1.0438,0.8095,0.5699,nan,nan,nan,nan,0
none,cage,0,2,resnet,True,solarisation,lr,1e-05,0.0001,32,16,0.0898,1.8509,1.1684,0.8095,0.5551,nan,nan,nan,nan,0
none,cage,0,3,resnet,True,solarisation,lr,1e-05,0.0001,32,1,0.7425,0.7076,0.6346,0.8333,0.4898,nan,nan,nan,nan,0
none,cage,0,3,resnet,True,solarisation,lr,1e-05,0.0001,32,2,0.6865,0.6967,0.6546,0.8095,0.5020,nan,nan,nan,nan,0
none,cage,0,3,resnet,True,solarisation,lr,1e-05,0.0001,32,3,0.6508,0.7109,0.6379,0.8333,0.4571,nan,nan,nan,nan,0
none,cage,0,3,resnet,True,solarisation,lr,1e-05,0.0001,32,4,0.6178,0.7096,0.6433,0.8333,0.4653,nan,nan,nan,nan,0
none,cage,0,3,resnet,True,solarisation,lr,1e-05,0.0001,32,5,0.5774,0.7034,0.6501,0.8333,0.4776,nan,nan,nan,nan,1
none,cage,0,3,resnet,True,solarisation,lr,1e-05,0.0001,32,6,0.5352,0.7212,0.6389,0.8333,0.4939,nan,nan,nan,nan,0
none,cage,0,3,resnet,True,solarisation,lr,1e-05,0.0001,32,7,0.4799,0.7750,0.6296,0.8333,0.5020,nan,nan,nan,nan,0
none,cage,0,3,resnet,True,solarisation,lr,1e-05,0.0001,32,8,0.4252,0.7521,0.6455,0.8333,0.4776,nan,nan,nan,nan,0
none,cage,0,3,resnet,True,solarisation,lr,1e-05,0.0001,32,9,0.3804,0.8976,0.6750,0.8333,0.5020,nan,nan,nan,nan,1
none,cage,0,3,resnet,True,solarisation,lr,1e-05,0.0001,32,10,0.3119,0.9287,0.6993,0.8333,0.5143,nan,nan,nan,nan,1
none,cage,0,3,resnet,True,solarisation,lr,1e-05,0.0001,32,11,0.2733,1.1740,0.8033,0.8333,0.5102,nan,nan,nan,nan,0
none,cage,0,3,resnet,True,solarisation,lr,1e-05,0.0001,32,12,0.2205,1.1742,0.8170,0.8333,0.4980,nan,nan,nan,nan,0
none,cage,0,3,resnet,True,solarisation,lr,1e-05,0.0001,32,13,0.1795,1.3967,0.9264,0.8333,0.5388,nan,nan,nan,nan,1
none,cage,0,3,resnet,True,solarisation,lr,1e-05,0.0001,32,14,0.1475,1.3620,0.9249,0.8333,0.5306,nan,nan,nan,nan,1
none,cage,0,3,resnet,True,solarisation,lr,1e-05,0.0001,32,15,0.1142,1.4784,1.0012,0.8333,0.5429,nan,nan,nan,nan,1
none,cage,0,3,resnet,True,solarisation,lr,1e-05,0.0001,32,16,0.0986,1.7040,1.1106,0.8333,0.5633,nan,nan,nan,nan,1
none,cage,0,3,resnet,True,solarisation,lr,1e-05,0.0001,32,17,0.0772,1.7245,1.1316,0.8333,0.5633,nan,nan,nan,nan,1
none,cage,0,3,resnet,True,solarisation,lr,1e-05,0.0001,32,18,0.0607,1.9988,1.2852,0.8333,0.5429,nan,nan,nan,nan,0
none,cage,0,3,resnet,True,solarisation,lr,1e-05,0.0001,32,19,0.0573,2.0306,1.3015,0.8333,0.5551,1.9789,1.2998,0.8372,0.6627,1
none,cage,0,3,resnet,True,solarisation,lr,1e-05,0.0001,32,20,0.0459,2.1307,1.3680,0.8333,0.5306,nan,nan,nan,nan,0
none,cage,0,3,resnet,True,solarisation,lr,1e-05,0.0001,32,21,0.0412,2.5390,1.6053,0.8333,0.5429,nan,nan,nan,nan,0
none,cage,0,3,resnet,True,solarisation,lr,1e-05,0.0001,32,22,0.0317,2.3474,1.4963,0.8333,0.5551,nan,nan,nan,nan,0
none,cage,0,3,resnet,True,solarisation,lr,1e-05,0.0001,32,23,0.0303,2.5691,1.6218,0.8333,0.5469,nan,nan,nan,nan,0
none,cage,0,3,resnet,True,solarisation,lr,1e-05,0.0001,32,24,0.0277,2.2687,1.4466,0.8333,0.5510,nan,nan,nan,nan,0
none,cage,0,4,resnet,True,solarisation,lr,1e-05,0.0001,32,1,0.7224,0.6848,0.7169,0.3721,0.5500,nan,nan,nan,nan,0
none,cage,0,4,resnet,True,solarisation,lr,1e-05,0.0001,32,2,0.6872,0.6940,0.6930,0.6744,0.5286,nan,nan,nan,nan,0
none,cage,0,4,resnet,True,solarisation,lr,1e-05,0.0001,32,3,0.6491,0.6864,0.7165,0.3721,0.5357,nan,nan,nan,nan,0
none,cage,0,4,resnet,True,solarisation,lr,1e-05,0.0001,32,4,0.6000,0.6896,0.7088,0.5349,0.5250,nan,nan,nan,nan,0
none,cage,0,4,resnet,True,solarisation,lr,1e-05,0.0001,32,5,0.5696,0.6981,0.7225,0.4419,0.4464,0.6603,0.6904,0.5814,0.7302,1
none,cage,0,4,resnet,True,solarisation,lr,1e-05,0.0001,32,6,0.5110,0.7010,0.7230,0.5349,0.4571,nan,nan,nan,nan,0
none,cage,0,4,resnet,True,solarisation,lr,1e-05,0.0001,32,7,0.4580,0.7123,0.7316,0.6279,0.4607,nan,nan,nan,nan,0
none,cage,0,4,resnet,True,solarisation,lr,1e-05,0.0001,32,8,0.4023,0.7264,0.7293,0.7907,0.4500,nan,nan,nan,nan,0
none,cage,0,4,resnet,True,solarisation,lr,1e-05,0.0001,32,9,0.3531,0.8289,0.7807,0.8140,0.4964,nan,nan,nan,nan,0
none,cage,0,4,resnet,True,solarisation,lr,1e-05,0.0001,32,10,0.2956,0.9602,0.8779,0.8140,0.4607,nan,nan,nan,nan,0
none,cage,0,4,resnet,True,solarisation,lr,1e-05,0.0001,32,11,0.2574,0.9084,0.8713,0.8140,0.5107,nan,nan,nan,nan,0
none,cage,0,4,resnet,True,solarisation,lr,1e-05,0.0001,32,12,0.2063,1.1151,1.0099,0.8140,0.4250,nan,nan,nan,nan,0
none,cage,0,4,resnet,True,solarisation,lr,1e-05,0.0001,32,13,0.1677,1.6990,1.3573,0.8140,0.4250,nan,nan,nan,nan,0
none,cage,0,4,resnet,True,solarisation,lr,1e-05,0.0001,32,14,0.1343,1.7093,1.3751,0.8140,0.4179,nan,nan,nan,nan,0
none,cage,0,4,resnet,True,solarisation,lr,1e-05,0.0001,32,15,0.1112,1.8354,1.4733,0.8140,0.5179,nan,nan,nan,nan,0
none,cage,0,4,resnet,True,solarisation,lr,1e-05,0.0001,32,16,0.0895,1.8381,1.4867,0.8140,0.5321,nan,nan,nan,nan,0
none,cage,0,5,resnet,True,solarisation,lr,1e-05,0.0001,32,1,0.7303,0.7021,0.6812,0.6500,0.5305,nan,nan,nan,nan,0
none,cage,0,5,resnet,True,solarisation,lr,1e-05,0.0001,32,2,0.6793,0.6981,0.6869,0.6000,0.5376,nan,nan,nan,nan,0
none,cage,0,5,resnet,True,solarisation,lr,1e-05,0.0001,32,3,0.6484,0.6991,0.6975,0.5000,0.4659,nan,nan,nan,nan,0
none,cage,0,5,resnet,True,solarisation,lr,1e-05,0.0001,32,4,0.6109,0.7219,0.7020,0.6500,0.4516,nan,nan,nan,nan,0
none,cage,0,5,resnet,True,solarisation,lr,1e-05,0.0001,32,5,0.5615,0.7438,0.6966,0.6750,0.4265,0.7007,0.6630,0.7907,0.5754,1
none,cage,0,5,resnet,True,solarisation,lr,1e-05,0.0001,32,6,0.5288,0.7381,0.7275,0.5500,0.4194,nan,nan,nan,nan,0
none,cage,0,5,resnet,True,solarisation,lr,1e-05,0.0001,32,7,0.4674,0.8086,0.7265,0.7250,0.4265,nan,nan,nan,nan,0
none,cage,0,5,resnet,True,solarisation,lr,1e-05,0.0001,32,8,0.4092,0.9668,0.7770,0.7750,0.4194,nan,nan,nan,nan,0
none,cage,0,5,resnet,True,solarisation,lr,1e-05,0.0001,32,9,0.3516,1.0610,0.8231,0.7750,0.4122,nan,nan,nan,nan,0
none,cage,0,5,resnet,True,solarisation,lr,1e-05,0.0001,32,10,0.2978,1.2077,0.8972,0.7750,0.4014,nan,nan,nan,nan,0
none,cage,0,5,resnet,True,solarisation,lr,1e-05,0.0001,32,11,0.2471,1.6921,1.1392,0.7750,0.4122,nan,nan,nan,nan,0
none,cage,0,5,resnet,True,solarisation,lr,1e-05,0.0001,32,12,0.1999,1.9249,1.2768,0.7750,0.4122,nan,nan,nan,nan,0
none,cage,0,5,resnet,True,solarisation,lr,1e-05,0.0001,32,13,0.1604,2.3410,1.5136,0.7750,0.4409,nan,nan,nan,nan,0
none,cage,0,5,resnet,True,solarisation,lr,1e-05,0.0001,32,14,0.1333,2.6335,1.6872,0.7750,0.4516,nan,nan,nan,nan,0
none,cage,0,5,resnet,True,solarisation,lr,1e-05,0.0001,32,15,0.1031,3.1027,1.9673,0.7750,0.4373,nan,nan,nan,nan,0
none,cage,0,5,resnet,True,solarisation,lr,1e-05,0.0001,32,16,0.0882,3.2198,2.0374,0.7750,0.4050,nan,nan,nan,nan,0
none,cage,0,6,resnet,True,solarisation,lr,1e-05,0.0001,32,1,0.7343,0.7071,0.6831,0.6829,0.4286,nan,nan,nan,nan,0
none,cage,0,6,resnet,True,solarisation,lr,1e-05,0.0001,32,2,0.6911,0.7125,0.6790,0.7317,0.3762,nan,nan,nan,nan,0
none,cage,0,6,resnet,True,solarisation,lr,1e-05,0.0001,32,3,0.6461,0.7139,0.6743,0.7317,0.3762,nan,nan,nan,nan,0
none,cage,0,6,resnet,True,solarisation,lr,1e-05,0.0001,32,4,0.6029,0.7232,0.6766,0.7317,0.3095,nan,nan,nan,nan,0
none,cage,0,6,resnet,True,solarisation,lr,1e-05,0.0001,32,5,0.5737,0.7314,0.6738,0.7805,0.3429,nan,nan,nan,nan,1
none,cage,0,6,resnet,True,solarisation,lr,1e-05,0.0001,32,6,0.5203,0.7430,0.6638,0.7805,0.3429,nan,nan,nan,nan,0
none,cage,0,6,resnet,True,solarisation,lr,1e-05,0.0001,32,7,0.4691,0.7751,0.6644,0.8049,0.3333,nan,nan,nan,nan,0
none,cage,0,6,resnet,True,solarisation,lr,1e-05,0.0001,32,8,0.4157,0.7955,0.6776,0.8293,0.3429,nan,nan,nan,nan,0
none,cage,0,6,resnet,True,solarisation,lr,1e-05,0.0001,32,9,0.3634,0.9251,0.7043,0.8537,0.3905,nan,nan,nan,nan,0
none,cage,0,6,resnet,True,solarisation,lr,1e-05,0.0001,32,10,0.2977,0.9897,0.7335,0.8537,0.4429,nan,nan,nan,nan,0
none,cage,0,6,resnet,True,solarisation,lr,1e-05,0.0001,32,11,0.2601,1.2947,0.8888,0.8537,0.4333,nan,nan,nan,nan,1
none,cage,0,6,resnet,True,solarisation,lr,1e-05,0.0001,32,12,0.2107,1.3100,0.9055,0.8537,0.4381,nan,nan,nan,nan,1
none,cage,0,6,resnet,True,solarisation,lr,1e-05,0.0001,32,13,0.1747,1.4542,0.9913,0.8537,0.4190,nan,nan,nan,nan,1
none,cage,0,6,resnet,True,solarisation,lr,1e-05,0.0001,32,14,0.1413,1.5353,1.0460,0.8537,0.4524,nan,nan,nan,nan,1
none,cage,0,6,resnet,True,solarisation,lr,1e-05,0.0001,32,15,0.1139,1.9503,1.2736,0.8537,0.4190,nan,nan,nan,nan,0
none,cage,0,6,resnet,True,solarisation,lr,1e-05,0.0001,32,16,0.0894,2.1651,1.4103,0.8537,0.4476,nan,nan,nan,nan,0
none,cage,0,6,resnet,True,solarisation,lr,1e-05,0.0001,32,17,0.0789,2.2037,1.4344,0.8537,0.4857,nan,nan,nan,nan,1
none,cage,0,6,resnet,True,solarisation,lr,1e-05,0.0001,32,18,0.0622,2.3786,1.5504,0.8537,0.4524,nan,nan,nan,nan,1
none,cage,0,6,resnet,True,solarisation,lr,1e-05,0.0001,32,19,0.0490,2.5737,1.6686,0.8537,0.4714,nan,nan,nan,nan,0
none,cage,0,6,resnet,True,solarisation,lr,1e-05,0.0001,32,20,0.0428,2.6790,1.7350,0.8537,0.4905,nan,nan,nan,nan,1
none,cage,0,6,resnet,True,solarisation,lr,1e-05,0.0001,32,21,0.0325,2.8093,1.8175,0.8537,0.4810,nan,nan,nan,nan,1
none,cage,0,6,resnet,True,solarisation,lr,1e-05,0.0001,32,22,0.0333,2.7542,1.7954,0.8537,0.4667,nan,nan,nan,nan,0
none,cage,0,6,resnet,True,solarisation,lr,1e-05,0.0001,32,23,0.0262,2.9241,1.8943,0.8537,0.5000,nan,nan,nan,nan,1
none,cage,0,6,resnet,True,solarisation,lr,1e-05,0.0001,32,24,0.0237,3.1077,2.0142,0.8537,0.5000,nan,nan,nan,nan,1
none,cage,0,6,resnet,True,solarisation,lr,1e-05,0.0001,32,25,0.0240,3.5144,2.2566,0.8537,0.4667,nan,nan,nan,nan,0
none,cage,0,6,resnet,True,solarisation,lr,1e-05,0.0001,32,26,0.0175,3.3958,2.1923,0.8537,0.4905,nan,nan,nan,nan,0
none,cage,0,6,resnet,True,solarisation,lr,1e-05,0.0001,32,27,0.0170,3.5302,2.2733,0.8537,0.5190,nan,nan,nan,nan,1
none,cage,0,6,resnet,True,solarisation,lr,1e-05,0.0001,32,28,0.0128,3.8425,2.4724,0.8537,0.4952,nan,nan,nan,nan,0
none,cage,0,6,resnet,True,solarisation,lr,1e-05,0.0001,32,29,0.0132,3.8644,2.4876,0.8537,0.5095,nan,nan,nan,nan,0
none,cage,0,6,resnet,True,solarisation,lr,1e-05,0.0001,32,30,0.0117,3.8101,2.4557,0.8537,0.5381,nan,nan,nan,nan,1
none,cage,0,6,resnet,True,solarisation,lr,1e-05,0.0001,32,31,0.0093,4.0370,2.5986,0.8537,0.5571,nan,nan,nan,nan,1
none,cage,0,6,resnet,True,solarisation,lr,1e-05,0.0001,32,32,0.0090,4.5785,2.9374,0.8537,0.4952,nan,nan,nan,nan,0
none,cage,0,6,resnet,True,solarisation,lr,1e-05,0.0001,32,33,0.0073,4.0735,2.6276,0.8537,0.5381,nan,nan,nan,nan,0
none,cage,0,6,resnet,True,solarisation,lr,1e-05,0.0001,32,34,0.0090,4.3126,2.7750,0.8537,0.5667,4.9979,3.1673,0.8372,0.6151,1
none,cage,0,6,resnet,True,solarisation,lr,1e-05,0.0001,32,35,0.0061,4.3264,2.7948,0.8537,0.5524,nan,nan,nan,nan,0
none,cage,0,6,resnet,True,solarisation,lr,1e-05,0.0001,32,36,0.0097,4.7819,3.0782,0.8537,0.5190,nan,nan,nan,nan,0
none,cage,0,6,resnet,True,solarisation,lr,1e-05,0.0001,32,37,0.0057,5.1492,3.3169,0.8537,0.5143,nan,nan,nan,nan,0
none,cage,0,6,resnet,True,solarisation,lr,1e-05,0.0001,32,38,0.0062,4.8056,3.0886,0.8537,0.5048,nan,nan,nan,nan,0
none,cage,0,6,resnet,True,solarisation,lr,1e-05,0.0001,32,39,0.0061,4.8400,3.1142,0.8537,0.4524,nan,nan,nan,nan,0
none,cage,0,7,resnet,True,solarisation,lr,1e-05,0.0001,32,1,0.7391,0.7884,0.6185,0.8182,0.4132,nan,nan,nan,nan,0
none,cage,0,7,resnet,True,solarisation,lr,1e-05,0.0001,32,2,0.6845,0.7687,0.6195,0.8182,0.4236,nan,nan,nan,nan,0
none,cage,0,7,resnet,True,solarisation,lr,1e-05,0.0001,32,3,0.6542,0.7734,0.6182,0.8182,0.4618,nan,nan,nan,nan,0
none,cage,0,7,resnet,True,solarisation,lr,1e-05,0.0001,32,4,0.6142,0.7809,0.6189,0.8182,0.4514,nan,nan,nan,nan,0
none,cage,0,7,resnet,True,solarisation,lr,1e-05,0.0001,32,5,0.5780,0.8007,0.6102,0.8182,0.5104,nan,nan,nan,nan,1
none,cage,0,7,resnet,True,solarisation,lr,1e-05,0.0001,32,6,0.5290,0.8184,0.6111,0.8182,0.5312,nan,nan,nan,nan,1
none,cage,0,7,resnet,True,solarisation,lr,1e-05,0.0001,32,7,0.4819,0.8790,0.6229,0.8182,0.5069,nan,nan,nan,nan,1
none,cage,0,7,resnet,True,solarisation,lr,1e-05,0.0001,32,8,0.4249,1.0278,0.6609,0.8182,0.4931,nan,nan,nan,nan,1
none,cage,0,7,resnet,True,solarisation,lr,1e-05,0.0001,32,9,0.3729,1.1421,0.7024,0.8182,0.4722,nan,nan,nan,nan,0
none,cage,0,7,resnet,True,solarisation,lr,1e-05,0.0001,32,10,0.3223,1.1715,0.7112,0.8182,0.5451,nan,nan,nan,nan,1
none,cage,0,7,resnet,True,solarisation,lr,1e-05,0.0001,32,11,0.2603,1.5044,0.8658,0.8182,0.4965,nan,nan,nan,nan,0
none,cage,0,7,resnet,True,solarisation,lr,1e-05,0.0001,32,12,0.2190,1.4311,0.8313,0.8182,0.5069,nan,nan,nan,nan,0
none,cage,0,7,resnet,True,solarisation,lr,1e-05,0.0001,32,13,0.1810,1.5595,0.8913,0.8182,0.5417,nan,nan,nan,nan,0
none,cage,0,7,resnet,True,solarisation,lr,1e-05,0.0001,32,14,0.1414,1.6107,0.9195,0.8182,0.5312,1.5214,1.0107,0.8372,0.5595,1
none,cage,0,7,resnet,True,solarisation,lr,1e-05,0.0001,32,15,0.1178,1.9748,1.1017,0.8182,0.5243,nan,nan,nan,nan,0
none,cage,0,7,resnet,True,solarisation,lr,1e-05,0.0001,32,16,0.0950,2.1072,1.1725,0.8182,0.5208,nan,nan,nan,nan,0
none,cage,0,7,resnet,True,solarisation,lr,1e-05,0.0001,32,17,0.0767,2.3629,1.3117,0.8182,0.4931,nan,nan,nan,nan,0
none,cage,0,7,resnet,True,solarisation,lr,1e-05,0.0001,32,18,0.0639,2.2923,1.2722,0.8182,0.4965,nan,nan,nan,nan,0
none,cage,0,7,resnet,True,solarisation,lr,1e-05,0.0001,32,19,0.0537,2.4350,1.3465,0.8182,0.4965,nan,nan,nan,nan,0
none,cage,0,8,resnet,True,solarisation,lr,1e-05,0.0001,32,1,0.7327,0.6879,0.7111,0.3617,0.5545,nan,nan,nan,nan,0
none,cage,0,8,resnet,True,solarisation,lr,1e-05,0.0001,32,2,0.6760,0.6892,0.7223,0.2766,0.5224,nan,nan,nan,nan,0
none,cage,0,8,resnet,True,solarisation,lr,1e-05,0.0001,32,3,0.6470,0.6983,0.7816,0.2128,0.5545,nan,nan,nan,nan,0
none,cage,0,8,resnet,True,solarisation,lr,1e-05,0.0001,32,4,0.6130,0.6806,0.6881,0.6383,0.5705,nan,nan,nan,nan,0
none,cage,0,8,resnet,True,solarisation,lr,1e-05,0.0001,32,5,0.5769,0.6931,0.7880,0.2340,0.6218,nan,nan,nan,nan,1
none,cage,0,8,resnet,True,solarisation,lr,1e-05,0.0001,32,6,0.5289,0.6815,0.7696,0.2553,0.6571,nan,nan,nan,nan,1
none,cage,0,8,resnet,True,solarisation,lr,1e-05,0.0001,32,7,0.4711,0.6714,0.7632,0.2766,0.6795,nan,nan,nan,nan,1
none,cage,0,8,resnet,True,solarisation,lr,1e-05,0.0001,32,8,0.4151,0.6846,0.8196,0.2766,0.6410,nan,nan,nan,nan,1
none,cage,0,8,resnet,True,solarisation,lr,1e-05,0.0001,32,9,0.3658,0.6524,0.7295,0.5319,0.6603,nan,nan,nan,nan,1
none,cage,0,8,resnet,True,solarisation,lr,1e-05,0.0001,32,10,0.3103,0.6748,0.8300,0.3830,0.6603,nan,nan,nan,nan,1
none,cage,0,8,resnet,True,solarisation,lr,1e-05,0.0001,32,11,0.2568,0.6745,0.8560,0.3830,0.6571,nan,nan,nan,nan,0
none,cage,0,8,resnet,True,solarisation,lr,1e-05,0.0001,32,12,0.2073,0.6417,0.7872,0.5532,0.6763,nan,nan,nan,nan,0
none,cage,0,8,resnet,True,solarisation,lr,1e-05,0.0001,32,13,0.1718,0.6451,0.8130,0.5957,0.6474,nan,nan,nan,nan,0
none,cage,0,8,resnet,True,solarisation,lr,1e-05,0.0001,32,14,0.1388,0.6505,0.8640,0.5957,0.6827,nan,nan,nan,nan,1
none,cage,0,8,resnet,True,solarisation,lr,1e-05,0.0001,32,15,0.1145,0.6445,0.8248,0.6383,0.6731,nan,nan,nan,nan,0
none,cage,0,8,resnet,True,solarisation,lr,1e-05,0.0001,32,16,0.0905,0.6619,0.9188,0.6383,0.6667,nan,nan,nan,nan,0
none,cage,0,8,resnet,True,solarisation,lr,1e-05,0.0001,32,17,0.0782,0.6550,0.9291,0.5957,0.6763,nan,nan,nan,nan,0
none,cage,0,8,resnet,True,solarisation,lr,1e-05,0.0001,32,18,0.0615,0.7089,1.0838,0.4043,0.6795,0.7938,1.1419,0.3953,0.6151,1
none,cage,0,8,resnet,True,solarisation,lr,1e-05,0.0001,32,19,0.0489,0.6901,1.0582,0.5745,0.6763,nan,nan,nan,nan,0
none,cage,0,8,resnet,True,solarisation,lr,1e-05,0.0001,32,20,0.0465,0.6868,1.0676,0.5745,0.6795,nan,nan,nan,nan,0
none,cage,0,8,resnet,True,solarisation,lr,1e-05,0.0001,32,21,0.0337,0.7807,1.2685,0.3830,0.6667,nan,nan,nan,nan,0
none,cage,0,8,resnet,True,solarisation,lr,1e-05,0.0001,32,22,0.0305,0.7426,1.1772,0.5319,0.6538,nan,nan,nan,nan,0
none,cage,0,8,resnet,True,solarisation,lr,1e-05,0.0001,32,23,0.0277,0.7910,1.3173,0.3830,0.6667,nan,nan,nan,nan,0
none,cage,0,9,resnet,True,solarisation,lr,1e-05,0.0001,32,1,0.7362,0.6937,0.7416,0.2143,0.4175,nan,nan,nan,nan,0
none,cage,0,9,resnet,True,solarisation,lr,1e-05,0.0001,32,2,0.6754,0.7018,0.7687,0.2143,0.3232,nan,nan,nan,nan,0
none,cage,0,9,resnet,True,solarisation,lr,1e-05,0.0001,32,3,0.6497,0.7055,0.7661,0.2143,0.3333,nan,nan,nan,nan,0
none,cage,0,9,resnet,True,solarisation,lr,1e-05,0.0001,32,4,0.6188,0.7166,0.8380,0.2143,0.3165,nan,nan,nan,nan,0
none,cage,0,9,resnet,True,solarisation,lr,1e-05,0.0001,32,5,0.5641,0.7183,0.7777,0.1905,0.3131,nan,nan,nan,nan,1
none,cage,0,9,resnet,True,solarisation,lr,1e-05,0.0001,32,6,0.5289,0.7224,0.8126,0.1667,0.3670,nan,nan,nan,nan,0
none,cage,0,9,resnet,True,solarisation,lr,1e-05,0.0001,32,7,0.4703,0.7328,0.8288,0.1905,0.3502,nan,nan,nan,nan,0
none,cage,0,9,resnet,True,solarisation,lr,1e-05,0.0001,32,8,0.4112,0.7447,0.8760,0.1905,0.3771,nan,nan,nan,nan,0
none,cage,0,9,resnet,True,solarisation,lr,1e-05,0.0001,32,9,0.3648,0.7501,0.9148,0.1905,0.3906,nan,nan,nan,nan,1
none,cage,0,9,resnet,True,solarisation,lr,1e-05,0.0001,32,10,0.3087,0.8000,0.8313,0.6190,0.4310,nan,nan,nan,nan,1
none,cage,0,9,resnet,True,solarisation,lr,1e-05,0.0001,32,11,0.2548,0.7906,0.8985,0.4524,0.4714,nan,nan,nan,nan,1
none,cage,0,9,resnet,True,solarisation,lr,1e-05,0.0001,32,12,0.2148,0.8390,0.8879,0.6190,0.4781,nan,nan,nan,nan,1
none,cage,0,9,resnet,True,solarisation,lr,1e-05,0.0001,32,13,0.1699,0.8892,0.9192,0.6429,0.5051,nan,nan,nan,nan,1
none,cage,0,9,resnet,True,solarisation,lr,1e-05,0.0001,32,14,0.1452,0.9789,0.9784,0.7143,0.5185,nan,nan,nan,nan,1
none,cage,0,9,resnet,True,solarisation,lr,1e-05,0.0001,32,15,0.1183,0.8954,1.0485,0.5714,0.5084,nan,nan,nan,nan,1
none,cage,0,9,resnet,True,solarisation,lr,1e-05,0.0001,32,16,0.0924,0.9772,1.0340,0.6429,0.5286,nan,nan,nan,nan,1
none,cage,0,9,resnet,True,solarisation,lr,1e-05,0.0001,32,17,0.0783,1.2003,1.0871,0.7381,0.5354,nan,nan,nan,nan,1
none,cage,0,9,resnet,True,solarisation,lr,1e-05,0.0001,32,18,0.0624,1.2156,1.1544,0.6905,0.5286,nan,nan,nan,nan,0
none,cage,0,9,resnet,True,solarisation,lr,1e-05,0.0001,32,19,0.0495,1.3384,1.2322,0.7143,0.5286,nan,nan,nan,nan,1
none,cage,0,9,resnet,True,solarisation,lr,1e-05,0.0001,32,20,0.0411,1.4453,1.3033,0.7143,0.5320,nan,nan,nan,nan,0
none,cage,0,9,resnet,True,solarisation,lr,1e-05,0.0001,32,21,0.0339,1.3798,1.3362,0.6905,0.5286,nan,nan,nan,nan,0
none,cage,0,9,resnet,True,solarisation,lr,1e-05,0.0001,32,22,0.0312,1.4148,1.3596,0.6905,0.5354,nan,nan,nan,nan,0
none,cage,0,9,resnet,True,solarisation,lr,1e-05,0.0001,32,23,0.0242,1.4417,1.3913,0.6667,0.5286,nan,nan,nan,nan,0
none,cage,0,9,resnet,True,solarisation,lr,1e-05,0.0001,32,24,0.0229,1.2804,1.4016,0.6429,0.5320,0.6190,1.0727,0.7442,0.7262,1
none,cage,0,9,resnet,True,solarisation,lr,1e-05,0.0001,32,25,0.0218,1.4988,1.4962,0.6429,0.5185,nan,nan,nan,nan,0
none,cage,0,9,resnet,True,solarisation,lr,1e-05,0.0001,32,26,0.0179,1.5005,1.5431,0.6429,0.5219,nan,nan,nan,nan,0
none,cage,0,9,resnet,True,solarisation,lr,1e-05,0.0001,32,27,0.0137,1.3673,1.4995,0.6905,0.5421,nan,nan,nan,nan,0
none,cage,0,9,resnet,True,solarisation,lr,1e-05,0.0001,32,28,0.0142,1.4989,1.5421,0.6429,0.5455,nan,nan,nan,nan,0
none,cage,0,9,resnet,True,solarisation,lr,1e-05,0.0001,32,29,0.0112,1.4635,1.5162,0.6429,0.5488,nan,nan,nan,nan,0
none,cage,1,0,resnet,True,solarisation,lr,1e-05,0.0001,32,1,0.7263,0.7191,0.7829,0.1628,0.4960,nan,nan,nan,nan,0
none,cage,1,0,resnet,True,solarisation,lr,1e-05,0.0001,32,2,0.6831,0.7178,0.7852,0.1860,0.5119,nan,nan,nan,nan,0
none,cage,1,0,resnet,True,solarisation,lr,1e-05,0.0001,32,3,0.6468,0.7109,0.7718,0.1628,0.5238,nan,nan,nan,nan,0
none,cage,1,0,resnet,True,solarisation,lr,1e-05,0.0001,32,4,0.6169,0.7053,0.7559,0.2093,0.5397,nan,nan,nan,nan,0
none,cage,1,0,resnet,True,solarisation,lr,1e-05,0.0001,32,5,0.5811,0.7107,0.7776,0.2326,0.5516,nan,nan,nan,nan,1
none,cage,1,0,resnet,True,solarisation,lr,1e-05,0.0001,32,6,0.5388,0.7020,0.7405,0.5116,0.5595,nan,nan,nan,nan,1
none,cage,1,0,resnet,True,solarisation,lr,1e-05,0.0001,32,7,0.4838,0.7048,0.7602,0.5116,0.5635,nan,nan,nan,nan,1
none,cage,1,0,resnet,True,solarisation,lr,1e-05,0.0001,32,8,0.4260,0.6982,0.7227,0.6279,0.6032,0.7005,0.6946,0.6744,0.5556,1
none,cage,1,0,resnet,True,solarisation,lr,1e-05,0.0001,32,9,0.3729,0.7245,0.7558,0.5814,0.5516,nan,nan,nan,nan,0
none,cage,1,0,resnet,True,solarisation,lr,1e-05,0.0001,32,10,0.3093,0.7401,0.7618,0.6047,0.5437,nan,nan,nan,nan,0
none,cage,1,0,resnet,True,solarisation,lr,1e-05,0.0001,32,11,0.2585,0.7600,0.7480,0.7674,0.5476,nan,nan,nan,nan,0
none,cage,1,0,resnet,True,solarisation,lr,1e-05,0.0001,32,12,0.2111,0.8113,0.7787,0.8140,0.5516,nan,nan,nan,nan,0
none,cage,1,0,resnet,True,solarisation,lr,1e-05,0.0001,32,13,0.1712,0.9391,0.8321,0.8140,0.5159,nan,nan,nan,nan,0
none,cage,1,0,resnet,True,solarisation,lr,1e-05,0.0001,32,14,0.1351,1.0390,0.9070,0.8372,0.5357,nan,nan,nan,nan,0
none,cage,1,0,resnet,True,solarisation,lr,1e-05,0.0001,32,15,0.1089,1.1426,0.9508,0.8372,0.5238,nan,nan,nan,nan,0
none,cage,1,0,resnet,True,solarisation,lr,1e-05,0.0001,32,16,0.0948,1.4744,1.0965,0.8372,0.5476,nan,nan,nan,nan,0
none,cage,1,2,resnet,True,solarisation,lr,1e-05,0.0001,32,1,0.7240,0.7301,0.6714,0.8095,0.3419,nan,nan,nan,nan,0
none,cage,1,2,resnet,True,solarisation,lr,1e-05,0.0001,32,2,0.6692,0.7171,0.6926,0.6190,0.3971,nan,nan,nan,nan,0
none,cage,1,2,resnet,True,solarisation,lr,1e-05,0.0001,32,3,0.6284,0.7358,0.6717,0.7619,0.3750,nan,nan,nan,nan,0
none,cage,1,2,resnet,True,solarisation,lr,1e-05,0.0001,32,4,0.5941,0.7391,0.6666,0.8095,0.4118,nan,nan,nan,nan,0
none,cage,1,2,resnet,True,solarisation,lr,1e-05,0.0001,32,5,0.5493,0.7538,0.6611,0.8095,0.4007,nan,nan,nan,nan,1
none,cage,1,2,resnet,True,solarisation,lr,1e-05,0.0001,32,6,0.4934,0.8792,0.6590,0.8095,0.4191,nan,nan,nan,nan,1
none,cage,1,2,resnet,True,solarisation,lr,1e-05,0.0001,32,7,0.4425,0.9426,0.6726,0.8095,0.4154,nan,nan,nan,nan,0
none,cage,1,2,resnet,True,solarisation,lr,1e-05,0.0001,32,8,0.3984,1.0588,0.7186,0.8095,0.4044,nan,nan,nan,nan,1
none,cage,1,2,resnet,True,solarisation,lr,1e-05,0.0001,32,9,0.3548,1.3855,0.8570,0.8095,0.4265,nan,nan,nan,nan,0
none,cage,1,2,resnet,True,solarisation,lr,1e-05,0.0001,32,10,0.2914,1.5720,0.9567,0.8095,0.4375,1.4114,0.8432,0.8372,0.5476,1
none,cage,1,2,resnet,True,solarisation,lr,1e-05,0.0001,32,11,0.2471,1.8725,1.1075,0.8095,0.4007,nan,nan,nan,nan,0
none,cage,1,2,resnet,True,solarisation,lr,1e-05,0.0001,32,12,0.2021,2.3493,1.3633,0.8095,0.3934,nan,nan,nan,nan,0
none,cage,1,2,resnet,True,solarisation,lr,1e-05,0.0001,32,13,0.1711,2.6877,1.5498,0.8095,0.4044,nan,nan,nan,nan,0
none,cage,1,2,resnet,True,solarisation,lr,1e-05,0.0001,32,14,0.1357,2.5052,1.4552,0.8095,0.4118,nan,nan,nan,nan,0
none,cage,1,2,resnet,True,solarisation,lr,1e-05,0.0001,32,15,0.1130,3.1018,1.7821,0.8095,0.4007,nan,nan,nan,nan,0
none,cage,1,2,resnet,True,solarisation,lr,1e-05,0.0001,32,16,0.0901,3.3589,1.9267,0.8095,0.4191,nan,nan,nan,nan,0
none,cage,1,3,resnet,True,solarisation,lr,1e-05,0.0001,32,1,0.7407,0.6985,0.6915,0.5238,0.4571,nan,nan,nan,nan,0
none,cage,1,3,resnet,True,solarisation,lr,1e-05,0.0001,32,2,0.6846,0.6975,0.6961,0.4762,0.4531,nan,nan,nan,nan,0
none,cage,1,3,resnet,True,solarisation,lr,1e-05,0.0001,32,3,0.6533,0.6983,0.6804,0.6190,0.4776,nan,nan,nan,nan,0
none,cage,1,3,resnet,True,solarisation,lr,1e-05,0.0001,32,4,0.6085,0.7016,0.6676,0.7143,0.4776,nan,nan,nan,nan,0
none,cage,1,3,resnet,True,solarisation,lr,1e-05,0.0001,32,5,0.5760,0.7221,0.6439,0.8095,0.5020,nan,nan,nan,nan,1
none,cage,1,3,resnet,True,solarisation,lr,1e-05,0.0001,32,6,0.5216,0.7297,0.6344,0.8095,0.5469,nan,nan,nan,nan,1
none,cage,1,3,resnet,True,solarisation,lr,1e-05,0.0001,32,7,0.4671,0.8400,0.6419,0.8333,0.5673,nan,nan,nan,nan,1
none,cage,1,3,resnet,True,solarisation,lr,1e-05,0.0001,32,8,0.4103,0.8988,0.6720,0.8333,0.5673,nan,nan,nan,nan,1
none,cage,1,3,resnet,True,solarisation,lr,1e-05,0.0001,32,9,0.3629,1.0280,0.7313,0.8333,0.5796,nan,nan,nan,nan,1
none,cage,1,3,resnet,True,solarisation,lr,1e-05,0.0001,32,10,0.2973,1.1751,0.7990,0.8333,0.5796,nan,nan,nan,nan,1
none,cage,1,3,resnet,True,solarisation,lr,1e-05,0.0001,32,11,0.2431,1.3238,0.8807,0.8333,0.6041,nan,nan,nan,nan,1
none,cage,1,3,resnet,True,solarisation,lr,1e-05,0.0001,32,12,0.2033,1.6086,1.0381,0.8333,0.5796,nan,nan,nan,nan,0
none,cage,1,3,resnet,True,solarisation,lr,1e-05,0.0001,32,13,0.1658,1.8653,1.1753,0.8333,0.5918,1.8070,1.0475,0.8372,0.5833,1
none,cage,1,3,resnet,True,solarisation,lr,1e-05,0.0001,32,14,0.1367,1.9880,1.2482,0.8333,0.5633,nan,nan,nan,nan,0
none,cage,1,3,resnet,True,solarisation,lr,1e-05,0.0001,32,15,0.1087,2.1038,1.3210,0.8333,0.5510,nan,nan,nan,nan,0
none,cage,1,3,resnet,True,solarisation,lr,1e-05,0.0001,32,16,0.0930,2.3210,1.4409,0.8333,0.5673,nan,nan,nan,nan,0
none,cage,1,3,resnet,True,solarisation,lr,1e-05,0.0001,32,17,0.0696,2.2852,1.4248,0.8333,0.5878,nan,nan,nan,nan,0
none,cage,1,3,resnet,True,solarisation,lr,1e-05,0.0001,32,18,0.0596,2.5214,1.5669,0.8333,0.5755,nan,nan,nan,nan,0
none,cage,1,4,resnet,True,solarisation,lr,1e-05,0.0001,32,1,0.7396,0.7410,0.6725,0.8140,0.5286,nan,nan,nan,nan,0
none,cage,1,4,resnet,True,solarisation,lr,1e-05,0.0001,32,2,0.6879,0.7591,0.6772,0.8140,0.5179,nan,nan,nan,nan,0
none,cage,1,4,resnet,True,solarisation,lr,1e-05,0.0001,32,3,0.6538,0.7476,0.6782,0.8140,0.5107,nan,nan,nan,nan,0
none,cage,1,4,resnet,True,solarisation,lr,1e-05,0.0001,32,4,0.6089,0.7582,0.6836,0.8140,0.5107,nan,nan,nan,nan,0
none,cage,1,4,resnet,True,solarisation,lr,1e-05,0.0001,32,5,0.5631,0.7738,0.6980,0.8140,0.4571,0.7474,0.6077,0.8372,0.4881,1
none,cage,1,4,resnet,True,solarisation,lr,1e-05,0.0001,32,6,0.5165,0.8485,0.7403,0.8140,0.4679,nan,nan,nan,nan,0
none,cage,1,4,resnet,True,solarisation,lr,1e-05,0.0001,32,7,0.4722,0.8664,0.7567,0.8140,0.4357,nan,nan,nan,nan,0
none,cage,1,4,resnet,True,solarisation,lr,1e-05,0.0001,32,8,0.4133,0.8706,0.7723,0.8140,0.4571,nan,nan,nan,nan,0
none,cage,1,4,resnet,True,solarisation,lr,1e-05,0.0001,32,9,0.3516,1.0465,0.8823,0.8140,0.4429,nan,nan,nan,nan,0
none,cage,1,4,resnet,True,solarisation,lr,1e-05,0.0001,32,10,0.2940,1.1077,0.9237,0.8140,0.4536,nan,nan,nan,nan,0
none,cage,1,4,resnet,True,solarisation,lr,1e-05,0.0001,32,11,0.2532,1.1721,0.9872,0.8140,0.4679,nan,nan,nan,nan,0
none,cage,1,4,resnet,True,solarisation,lr,1e-05,0.0001,32,12,0.2076,1.4036,1.1281,0.8140,0.4536,nan,nan,nan,nan,0
none,cage,1,4,resnet,True,solarisation,lr,1e-05,0.0001,32,13,0.1632,1.5665,1.2627,0.8140,0.4357,nan,nan,nan,nan,0
none,cage,1,4,resnet,True,solarisation,lr,1e-05,0.0001,32,14,0.1308,1.8839,1.4792,0.8140,0.4607,nan,nan,nan,nan,0
none,cage,1,4,resnet,True,solarisation,lr,1e-05,0.0001,32,15,0.1055,2.0448,1.6020,0.8140,0.4679,nan,nan,nan,nan,0
none,cage,1,4,resnet,True,solarisation,lr,1e-05,0.0001,32,16,0.0848,2.1633,1.6909,0.8140,0.4536,nan,nan,nan,nan,0
none,cage,1,5,resnet,True,solarisation,lr,1e-05,0.0001,32,1,0.7309,0.6815,0.6477,0.7500,0.7061,nan,nan,nan,nan,0
none,cage,1,5,resnet,True,solarisation,lr,1e-05,0.0001,32,2,0.6710,0.6893,0.6428,0.7250,0.7061,nan,nan,nan,nan,0
none,cage,1,5,resnet,True,solarisation,lr,1e-05,0.0001,32,3,0.6489,0.7079,0.6359,0.7500,0.7025,nan,nan,nan,nan,0
none,cage,1,5,resnet,True,solarisation,lr,1e-05,0.0001,32,4,0.6081,0.7652,0.6385,0.7750,0.6846,nan,nan,nan,nan,0
none,cage,1,5,resnet,True,solarisation,lr,1e-05,0.0001,32,5,0.5631,0.7914,0.6444,0.7750,0.6918,0.7969,0.6088,0.8372,0.4563,1
none,cage,1,5,resnet,True,solarisation,lr,1e-05,0.0001,32,6,0.5200,0.8053,0.6522,0.7750,0.6703,nan,nan,nan,nan,0
none,cage,1,5,resnet,True,solarisation,lr,1e-05,0.0001,32,7,0.4637,0.9376,0.6992,0.7750,0.6487,nan,nan,nan,nan,0
none,cage,1,5,resnet,True,solarisation,lr,1e-05,0.0001,32,8,0.4039,0.9636,0.7142,0.7750,0.6452,nan,nan,nan,nan,0
none,cage,1,5,resnet,True,solarisation,lr,1e-05,0.0001,32,9,0.3540,1.0755,0.7696,0.7750,0.6452,nan,nan,nan,nan,0
none,cage,1,5,resnet,True,solarisation,lr,1e-05,0.0001,32,10,0.2958,1.1306,0.8074,0.7750,0.6416,nan,nan,nan,nan,0
none,cage,1,5,resnet,True,solarisation,lr,1e-05,0.0001,32,11,0.2477,1.4309,0.9550,0.7750,0.6308,nan,nan,nan,nan,0
none,cage,1,5,resnet,True,solarisation,lr,1e-05,0.0001,32,12,0.2023,1.8259,1.1696,0.7750,0.6165,nan,nan,nan,nan,0
none,cage,1,5,resnet,True,solarisation,lr,1e-05,0.0001,32,13,0.1699,2.0829,1.3167,0.7750,0.5914,nan,nan,nan,nan,0
none,cage,1,5,resnet,True,solarisation,lr,1e-05,0.0001,32,14,0.1368,2.4455,1.5250,0.7750,0.5950,nan,nan,nan,nan,0
none,cage,1,5,resnet,True,solarisation,lr,1e-05,0.0001,32,15,0.1124,2.5988,1.6160,0.7750,0.6022,nan,nan,nan,nan,0
none,cage,1,5,resnet,True,solarisation,lr,1e-05,0.0001,32,16,0.0866,2.6128,1.6357,0.7750,0.6057,nan,nan,nan,nan,0
none,cage,1,6,resnet,True,solarisation,lr,1e-05,0.0001,32,1,0.7404,0.7030,0.6550,0.8049,0.4095,nan,nan,nan,nan,0
none,cage,1,6,resnet,True,solarisation,lr,1e-05,0.0001,32,2,0.6912,0.7051,0.6637,0.7561,0.4048,nan,nan,nan,nan,0
none,cage,1,6,resnet,True,solarisation,lr,1e-05,0.0001,32,3,0.6488,0.7080,0.6603,0.8049,0.4143,nan,nan,nan,nan,0
none,cage,1,6,resnet,True,solarisation,lr,1e-05,0.0001,32,4,0.6047,0.7225,0.6559,0.7805,0.3952,nan,nan,nan,nan,0
none,cage,1,6,resnet,True,solarisation,lr,1e-05,0.0001,32,5,0.5676,0.7543,0.6508,0.7805,0.3762,0.7650,0.6389,0.7674,0.4881,1
none,cage,1,6,resnet,True,solarisation,lr,1e-05,0.0001,32,6,0.5092,0.8850,0.6820,0.8537,0.3857,nan,nan,nan,nan,0
none,cage,1,6,resnet,True,solarisation,lr,1e-05,0.0001,32,7,0.4590,0.9495,0.7134,0.8537,0.4048,nan,nan,nan,nan,0
none,cage,1,6,resnet,True,solarisation,lr,1e-05,0.0001,32,8,0.4000,1.0977,0.7860,0.8537,0.3810,nan,nan,nan,nan,0
none,cage,1,6,resnet,True,solarisation,lr,1e-05,0.0001,32,9,0.3479,1.2595,0.8805,0.8537,0.3810,nan,nan,nan,nan,0
none,cage,1,6,resnet,True,solarisation,lr,1e-05,0.0001,32,10,0.2908,1.2369,0.8759,0.8537,0.4000,nan,nan,nan,nan,0
none,cage,1,6,resnet,True,solarisation,lr,1e-05,0.0001,32,11,0.2437,1.5097,1.0270,0.8537,0.3905,nan,nan,nan,nan,0
none,cage,1,6,resnet,True,solarisation,lr,1e-05,0.0001,32,12,0.1949,1.7457,1.1593,0.8537,0.4048,nan,nan,nan,nan,0
none,cage,1,6,resnet,True,solarisation,lr,1e-05,0.0001,32,13,0.1637,2.2443,1.4511,0.8537,0.3952,nan,nan,nan,nan,0
none,cage,1,6,resnet,True,solarisation,lr,1e-05,0.0001,32,14,0.1334,2.0904,1.3648,0.8537,0.4000,nan,nan,nan,nan,0
none,cage,1,6,resnet,True,solarisation,lr,1e-05,0.0001,32,15,0.1029,2.4479,1.5897,0.8537,0.4190,nan,nan,nan,nan,0
none,cage,1,6,resnet,True,solarisation,lr,1e-05,0.0001,32,16,0.0837,2.6775,1.7333,0.8537,0.3714,nan,nan,nan,nan,0
none,cage,1,7,resnet,True,solarisation,lr,1e-05,0.0001,32,1,0.7338,0.6953,0.7555,0.2045,0.5174,nan,nan,nan,nan,0
none,cage,1,7,resnet,True,solarisation,lr,1e-05,0.0001,32,2,0.6937,0.6979,0.7689,0.1818,0.5104,nan,nan,nan,nan,0
none,cage,1,7,resnet,True,solarisation,lr,1e-05,0.0001,32,3,0.6571,0.6947,0.7677,0.1818,0.5521,nan,nan,nan,nan,0
none,cage,1,7,resnet,True,solarisation,lr,1e-05,0.0001,32,4,0.6183,0.6945,0.7856,0.1818,0.5625,nan,nan,nan,nan,0
none,cage,1,7,resnet,True,solarisation,lr,1e-05,0.0001,32,5,0.5692,0.6992,0.8179,0.1818,0.5938,nan,nan,nan,nan,1
none,cage,1,7,resnet,True,solarisation,lr,1e-05,0.0001,32,6,0.5306,0.6707,0.7447,0.3182,0.7049,nan,nan,nan,nan,1
none,cage,1,7,resnet,True,solarisation,lr,1e-05,0.0001,32,7,0.4751,0.6720,0.7809,0.2500,0.6875,nan,nan,nan,nan,1
none,cage,1,7,resnet,True,solarisation,lr,1e-05,0.0001,32,8,0.4280,0.6581,0.7505,0.3409,0.7431,nan,nan,nan,nan,1
none,cage,1,7,resnet,True,solarisation,lr,1e-05,0.0001,32,9,0.3726,0.6480,0.7319,0.5000,0.7674,nan,nan,nan,nan,1
none,cage,1,7,resnet,True,solarisation,lr,1e-05,0.0001,32,10,0.3128,0.6436,0.7161,0.6818,0.7257,nan,nan,nan,nan,1
none,cage,1,7,resnet,True,solarisation,lr,1e-05,0.0001,32,11,0.2577,0.6487,0.6721,0.8409,0.7326,nan,nan,nan,nan,1
none,cage,1,7,resnet,True,solarisation,lr,1e-05,0.0001,32,12,0.2113,0.6454,0.7060,0.8182,0.7222,nan,nan,nan,nan,1
none,cage,1,7,resnet,True,solarisation,lr,1e-05,0.0001,32,13,0.1753,0.6297,0.7060,0.8409,0.7639,nan,nan,nan,nan,0
none,cage,1,7,resnet,True,solarisation,lr,1e-05,0.0001,32,14,0.1368,0.6743,0.6849,0.8636,0.7431,nan,nan,nan,nan,0
none,cage,1,7,resnet,True,solarisation,lr,1e-05,0.0001,32,15,0.1111,0.6904,0.6915,0.8636,0.7326,nan,nan,nan,nan,0
none,cage,1,7,resnet,True,solarisation,lr,1e-05,0.0001,32,16,0.0906,0.7362,0.6836,0.8182,0.7674,nan,nan,nan,nan,1
none,cage,1,7,resnet,True,solarisation,lr,1e-05,0.0001,32,17,0.0749,0.6465,0.7402,0.8182,0.7396,nan,nan,nan,nan,0
none,cage,1,7,resnet,True,solarisation,lr,1e-05,0.0001,32,18,0.0637,0.8328,0.7104,0.8182,0.7847,nan,nan,nan,nan,1
none,cage,1,7,resnet,True,solarisation,lr,1e-05,0.0001,32,19,0.0485,0.6980,0.7252,0.8636,0.7639,nan,nan,nan,nan,0
none,cage,1,7,resnet,True,solarisation,lr,1e-05,0.0001,32,20,0.0412,0.8380,0.7452,0.8182,0.7535,nan,nan,nan,nan,1
none,cage,1,7,resnet,True,solarisation,lr,1e-05,0.0001,32,21,0.0360,0.7445,0.7488,0.8636,0.7431,nan,nan,nan,nan,0
none,cage,1,7,resnet,True,solarisation,lr,1e-05,0.0001,32,22,0.0311,0.7732,0.7581,0.8636,0.7813,nan,nan,nan,nan,0
none,cage,1,7,resnet,True,solarisation,lr,1e-05,0.0001,32,23,0.0257,0.8276,0.7741,0.8409,0.7500,nan,nan,nan,nan,0
none,cage,1,7,resnet,True,solarisation,lr,1e-05,0.0001,32,24,0.0205,0.9620,0.7989,0.8182,0.7674,nan,nan,nan,nan,0
none,cage,1,7,resnet,True,solarisation,lr,1e-05,0.0001,32,25,0.0222,0.7705,0.7737,0.8409,0.7951,nan,nan,nan,nan,1
none,cage,1,7,resnet,True,solarisation,lr,1e-05,0.0001,32,26,0.0175,0.7205,0.7792,0.8636,0.7882,nan,nan,nan,nan,1
none,cage,1,7,resnet,True,solarisation,lr,1e-05,0.0001,32,27,0.0167,0.7669,0.7851,0.8636,0.7917,nan,nan,nan,nan,0
none,cage,1,7,resnet,True,solarisation,lr,1e-05,0.0001,32,28,0.0139,0.7597,0.7939,0.8636,0.7674,0.9182,0.8036,0.7907,0.6786,1
none,cage,1,7,resnet,True,solarisation,lr,1e-05,0.0001,32,29,0.0139,0.8502,0.8165,0.8409,0.7674,nan,nan,nan,nan,0
none,cage,1,7,resnet,True,solarisation,lr,1e-05,0.0001,32,30,0.0100,0.7118,0.8215,0.8636,0.7778,nan,nan,nan,nan,0
none,cage,1,7,resnet,True,solarisation,lr,1e-05,0.0001,32,31,0.0100,0.8680,0.8161,0.8409,0.7674,nan,nan,nan,nan,0
none,cage,1,7,resnet,True,solarisation,lr,1e-05,0.0001,32,32,0.0089,0.8875,0.8488,0.8409,0.7639,nan,nan,nan,nan,0
none,cage,1,7,resnet,True,solarisation,lr,1e-05,0.0001,32,33,0.0089,0.6856,0.8219,0.8636,0.7986,nan,nan,nan,nan,0
none,cage,1,8,resnet,True,solarisation,lr,1e-05,0.0001,32,1,0.7195,0.7350,0.8313,0.1702,0.4006,nan,nan,nan,nan,0
none,cage,1,8,resnet,True,solarisation,lr,1e-05,0.0001,32,2,0.6798,0.7180,0.7749,0.1489,0.4103,nan,nan,nan,nan,0
none,cage,1,8,resnet,True,solarisation,lr,1e-05,0.0001,32,3,0.6436,0.7230,0.7887,0.1489,0.4583,nan,nan,nan,nan,0
none,cage,1,8,resnet,True,solarisation,lr,1e-05,0.0001,32,4,0.6068,0.7133,0.7611,0.1489,0.4487,nan,nan,nan,nan,0
none,cage,1,8,resnet,True,solarisation,lr,1e-05,0.0001,32,5,0.5661,0.7092,0.7653,0.1915,0.5032,nan,nan,nan,nan,1
none,cage,1,8,resnet,True,solarisation,lr,1e-05,0.0001,32,6,0.5123,0.7009,0.7035,0.5532,0.5321,nan,nan,nan,nan,1
none,cage,1,8,resnet,True,solarisation,lr,1e-05,0.0001,32,7,0.4511,0.7072,0.7615,0.2340,0.5449,nan,nan,nan,nan,1
none,cage,1,8,resnet,True,solarisation,lr,1e-05,0.0001,32,8,0.4032,0.6981,0.6691,0.7447,0.5481,nan,nan,nan,nan,1
none,cage,1,8,resnet,True,solarisation,lr,1e-05,0.0001,32,9,0.3484,0.7211,0.6069,0.8298,0.6378,nan,nan,nan,nan,1
none,cage,1,8,resnet,True,solarisation,lr,1e-05,0.0001,32,10,0.2963,0.7112,0.6286,0.8085,0.5929,nan,nan,nan,nan,1
none,cage,1,8,resnet,True,solarisation,lr,1e-05,0.0001,32,11,0.2484,0.7185,0.6240,0.8085,0.6442,nan,nan,nan,nan,1
none,cage,1,8,resnet,True,solarisation,lr,1e-05,0.0001,32,12,0.2030,0.7857,0.5968,0.8298,0.6571,nan,nan,nan,nan,1
none,cage,1,8,resnet,True,solarisation,lr,1e-05,0.0001,32,13,0.1689,0.8178,0.6068,0.8298,0.6667,nan,nan,nan,nan,1
none,cage,1,8,resnet,True,solarisation,lr,1e-05,0.0001,32,14,0.1302,0.7991,0.6152,0.8298,0.6795,nan,nan,nan,nan,1
none,cage,1,8,resnet,True,solarisation,lr,1e-05,0.0001,32,15,0.1110,0.8406,0.6221,0.8298,0.6763,nan,nan,nan,nan,1
none,cage,1,8,resnet,True,solarisation,lr,1e-05,0.0001,32,16,0.0842,1.0735,0.6811,0.8298,0.6699,1.1372,0.7573,0.8372,0.5833,1
none,cage,1,8,resnet,True,solarisation,lr,1e-05,0.0001,32,17,0.0709,1.0850,0.6954,0.8298,0.6635,nan,nan,nan,nan,0
none,cage,1,8,resnet,True,solarisation,lr,1e-05,0.0001,32,18,0.0558,1.0087,0.6801,0.8298,0.6571,nan,nan,nan,nan,0
none,cage,1,8,resnet,True,solarisation,lr,1e-05,0.0001,32,19,0.0514,1.1870,0.7332,0.8298,0.6667,nan,nan,nan,nan,0
none,cage,1,8,resnet,True,solarisation,lr,1e-05,0.0001,32,20,0.0413,1.1126,0.7229,0.8298,0.6923,nan,nan,nan,nan,0
none,cage,1,8,resnet,True,solarisation,lr,1e-05,0.0001,32,21,0.0327,1.2103,0.7697,0.8298,0.6699,nan,nan,nan,nan,0
none,cage,1,9,resnet,True,solarisation,lr,1e-05,0.0001,32,1,0.7228,0.6774,0.7848,0.2143,0.6566,nan,nan,nan,nan,0
none,cage,1,9,resnet,True,solarisation,lr,1e-05,0.0001,32,2,0.6839,0.6693,0.7501,0.2143,0.7172,nan,nan,nan,nan,0
none,cage,1,9,resnet,True,solarisation,lr,1e-05,0.0001,32,3,0.6366,0.6766,0.8028,0.2143,0.6566,nan,nan,nan,nan,0
none,cage,1,9,resnet,True,solarisation,lr,1e-05,0.0001,32,4,0.5966,0.6716,0.7481,0.2619,0.6296,nan,nan,nan,nan,0
none,cage,1,9,resnet,True,solarisation,lr,1e-05,0.0001,32,5,0.5555,0.6798,0.7015,0.5238,0.5960,0.6982,0.7147,0.4884,0.4841,1
none,cage,1,9,resnet,True,solarisation,lr,1e-05,0.0001,32,6,0.5050,0.7319,0.6543,0.7619,0.5320,nan,nan,nan,nan,0
none,cage,1,9,resnet,True,solarisation,lr,1e-05,0.0001,32,7,0.4565,0.6960,0.6859,0.6190,0.5825,nan,nan,nan,nan,0
none,cage,1,9,resnet,True,solarisation,lr,1e-05,0.0001,32,8,0.3856,0.8120,0.6587,0.7619,0.5354,nan,nan,nan,nan,0
none,cage,1,9,resnet,True,solarisation,lr,1e-05,0.0001,32,9,0.3198,0.8763,0.6691,0.7619,0.5690,nan,nan,nan,nan,0
none,cage,1,9,resnet,True,solarisation,lr,1e-05,0.0001,32,10,0.2683,1.0853,0.7408,0.7857,0.5488,nan,nan,nan,nan,0
none,cage,1,9,resnet,True,solarisation,lr,1e-05,0.0001,32,11,0.2311,1.1968,0.7904,0.7857,0.5657,nan,nan,nan,nan,0
none,cage,1,9,resnet,True,solarisation,lr,1e-05,0.0001,32,12,0.1826,1.1741,0.8004,0.7857,0.5589,nan,nan,nan,nan,0
none,cage,1,9,resnet,True,solarisation,lr,1e-05,0.0001,32,13,0.1432,1.4499,0.9168,0.7857,0.5690,nan,nan,nan,nan,0
none,cage,1,9,resnet,True,solarisation,lr,1e-05,0.0001,32,14,0.1191,1.6019,0.9846,0.7857,0.5690,nan,nan,nan,nan,0
none,cage,1,9,resnet,True,solarisation,lr,1e-05,0.0001,32,15,0.1028,1.6327,1.0074,0.7857,0.5892,nan,nan,nan,nan,0
none,cage,1,9,resnet,True,solarisation,lr,1e-05,0.0001,32,16,0.0788,1.4972,0.9611,0.7857,0.6061,nan,nan,nan,nan,0
none,cage,2,0,resnet,True,solarisation,lr,1e-05,0.0001,32,1,0.7206,0.7005,0.6905,0.6512,0.3889,nan,nan,nan,nan,0
none,cage,2,0,resnet,True,solarisation,lr,1e-05,0.0001,32,2,0.6843,0.7029,0.6654,0.8140,0.4444,nan,nan,nan,nan,0
none,cage,2,0,resnet,True,solarisation,lr,1e-05,0.0001,32,3,0.6334,0.7066,0.6442,0.8372,0.5198,nan,nan,nan,nan,0
none,cage,2,0,resnet,True,solarisation,lr,1e-05,0.0001,32,4,0.6058,0.7052,0.6465,0.8372,0.5397,nan,nan,nan,nan,0
none,cage,2,0,resnet,True,solarisation,lr,1e-05,0.0001,32,5,0.5559,0.7211,0.6415,0.8372,0.5119,nan,nan,nan,nan,1
none,cage,2,0,resnet,True,solarisation,lr,1e-05,0.0001,32,6,0.5186,0.7343,0.6516,0.8372,0.5000,nan,nan,nan,nan,1
none,cage,2,0,resnet,True,solarisation,lr,1e-05,0.0001,32,7,0.4626,0.7906,0.6475,0.8372,0.5159,nan,nan,nan,nan,1
none,cage,2,0,resnet,True,solarisation,lr,1e-05,0.0001,32,8,0.4124,0.9357,0.6958,0.8372,0.5437,nan,nan,nan,nan,0
none,cage,2,0,resnet,True,solarisation,lr,1e-05,0.0001,32,9,0.3610,0.9815,0.7275,0.8372,0.5278,nan,nan,nan,nan,0
none,cage,2,0,resnet,True,solarisation,lr,1e-05,0.0001,32,10,0.3065,1.1374,0.8050,0.8372,0.5476,nan,nan,nan,nan,1
none,cage,2,0,resnet,True,solarisation,lr,1e-05,0.0001,32,11,0.2557,1.5857,1.0455,0.8372,0.5913,nan,nan,nan,nan,1
none,cage,2,0,resnet,True,solarisation,lr,1e-05,0.0001,32,12,0.2066,1.9044,1.2396,0.8372,0.6032,nan,nan,nan,nan,1
none,cage,2,0,resnet,True,solarisation,lr,1e-05,0.0001,32,13,0.1742,1.8788,1.2253,0.8372,0.6151,nan,nan,nan,nan,1
none,cage,2,0,resnet,True,solarisation,lr,1e-05,0.0001,32,14,0.1404,2.3716,1.5228,0.8372,0.6190,nan,nan,nan,nan,1
none,cage,2,0,resnet,True,solarisation,lr,1e-05,0.0001,32,15,0.1146,2.4437,1.5679,0.8372,0.6190,nan,nan,nan,nan,1
none,cage,2,0,resnet,True,solarisation,lr,1e-05,0.0001,32,16,0.0882,2.4867,1.5955,0.8372,0.6230,nan,nan,nan,nan,1
none,cage,2,0,resnet,True,solarisation,lr,1e-05,0.0001,32,17,0.0788,2.5545,1.6493,0.8372,0.6587,nan,nan,nan,nan,1
none,cage,2,0,resnet,True,solarisation,lr,1e-05,0.0001,32,18,0.0651,3.2298,2.0649,0.8372,0.6349,nan,nan,nan,nan,0
none,cage,2,0,resnet,True,solarisation,lr,1e-05,0.0001,32,19,0.0525,3.3280,2.1272,0.8372,0.6111,nan,nan,nan,nan,0
none,cage,2,0,resnet,True,solarisation,lr,1e-05,0.0001,32,20,0.0431,3.3359,2.1365,0.8372,0.6468,3.8169,2.1545,0.8095,0.5110,1
none,cage,2,0,resnet,True,solarisation,lr,1e-05,0.0001,32,21,0.0389,3.5760,2.2855,0.8372,0.6310,nan,nan,nan,nan,0
none,cage,2,0,resnet,True,solarisation,lr,1e-05,0.0001,32,22,0.0332,3.4388,2.2043,0.8372,0.6349,nan,nan,nan,nan,0
none,cage,2,0,resnet,True,solarisation,lr,1e-05,0.0001,32,23,0.0251,3.9263,2.5067,0.8372,0.6389,nan,nan,nan,nan,0
none,cage,2,0,resnet,True,solarisation,lr,1e-05,0.0001,32,24,0.0257,4.0259,2.5727,0.8372,0.6349,nan,nan,nan,nan,0
none,cage,2,0,resnet,True,solarisation,lr,1e-05,0.0001,32,25,0.0222,4.5863,2.9342,0.8372,0.6468,nan,nan,nan,nan,0
none,cage,2,1,resnet,True,solarisation,lr,1e-05,0.0001,32,1,0.7330,0.6924,0.6469,0.7907,0.6032,nan,nan,nan,nan,0
none,cage,2,1,resnet,True,solarisation,lr,1e-05,0.0001,32,2,0.6847,0.6988,0.6232,0.8372,0.5833,nan,nan,nan,nan,0
none,cage,2,1,resnet,True,solarisation,lr,1e-05,0.0001,32,3,0.6383,0.6967,0.6372,0.8140,0.5278,nan,nan,nan,nan,0
none,cage,2,1,resnet,True,solarisation,lr,1e-05,0.0001,32,4,0.6073,0.7080,0.6114,0.8372,0.5317,nan,nan,nan,nan,0
none,cage,2,1,resnet,True,solarisation,lr,1e-05,0.0001,32,5,0.5579,0.7215,0.6050,0.8372,0.5278,0.7502,0.6445,0.8095,0.4265,1
none,cage,2,1,resnet,True,solarisation,lr,1e-05,0.0001,32,6,0.5046,0.7970,0.5866,0.8372,0.5119,nan,nan,nan,nan,0
none,cage,2,1,resnet,True,solarisation,lr,1e-05,0.0001,32,7,0.4613,0.7524,0.6049,0.8372,0.5000,nan,nan,nan,nan,0
none,cage,2,1,resnet,True,solarisation,lr,1e-05,0.0001,32,8,0.3941,0.7603,0.6097,0.8372,0.5198,nan,nan,nan,nan,0
none,cage,2,1,resnet,True,solarisation,lr,1e-05,0.0001,32,9,0.3457,0.7929,0.6150,0.8372,0.5000,nan,nan,nan,nan,0
none,cage,2,1,resnet,True,solarisation,lr,1e-05,0.0001,32,10,0.2895,0.8915,0.6334,0.8372,0.5119,nan,nan,nan,nan,0
none,cage,2,1,resnet,True,solarisation,lr,1e-05,0.0001,32,11,0.2413,0.9227,0.6533,0.8372,0.5159,nan,nan,nan,nan,0
none,cage,2,1,resnet,True,solarisation,lr,1e-05,0.0001,32,12,0.1870,0.9838,0.6773,0.8372,0.5278,nan,nan,nan,nan,0
none,cage,2,1,resnet,True,solarisation,lr,1e-05,0.0001,32,13,0.1561,1.0628,0.7182,0.8372,0.5357,nan,nan,nan,nan,0
none,cage,2,1,resnet,True,solarisation,lr,1e-05,0.0001,32,14,0.1222,1.2103,0.7802,0.8372,0.5516,nan,nan,nan,nan,0
none,cage,2,1,resnet,True,solarisation,lr,1e-05,0.0001,32,15,0.1058,1.2891,0.8162,0.8372,0.5516,nan,nan,nan,nan,0
none,cage,2,1,resnet,True,solarisation,lr,1e-05,0.0001,32,16,0.0827,1.3313,0.8463,0.8372,0.5437,nan,nan,nan,nan,0
none,cage,2,3,resnet,True,solarisation,lr,1e-05,0.0001,32,1,0.7184,0.6922,0.7419,0.1667,0.6327,nan,nan,nan,nan,0
none,cage,2,3,resnet,True,solarisation,lr,1e-05,0.0001,32,2,0.6679,0.6797,0.6753,0.8095,0.6327,nan,nan,nan,nan,0
none,cage,2,3,resnet,True,solarisation,lr,1e-05,0.0001,32,3,0.6426,0.6799,0.7065,0.4524,0.6531,nan,nan,nan,nan,0
none,cage,2,3,resnet,True,solarisation,lr,1e-05,0.0001,32,4,0.5965,0.6775,0.7131,0.4286,0.6776,nan,nan,nan,nan,0
none,cage,2,3,resnet,True,solarisation,lr,1e-05,0.0001,32,5,0.5550,0.6694,0.7058,0.5238,0.7224,nan,nan,nan,nan,1
none,cage,2,3,resnet,True,solarisation,lr,1e-05,0.0001,32,6,0.5104,0.6665,0.7044,0.6190,0.7020,nan,nan,nan,nan,1
none,cage,2,3,resnet,True,solarisation,lr,1e-05,0.0001,32,7,0.4594,0.6596,0.6728,0.7619,0.7184,nan,nan,nan,nan,1
none,cage,2,3,resnet,True,solarisation,lr,1e-05,0.0001,32,8,0.3944,0.6600,0.6790,0.7381,0.6939,nan,nan,nan,nan,1
none,cage,2,3,resnet,True,solarisation,lr,1e-05,0.0001,32,9,0.3375,0.6525,0.6596,0.8333,0.7265,nan,nan,nan,nan,1
none,cage,2,3,resnet,True,solarisation,lr,1e-05,0.0001,32,10,0.2939,0.6531,0.6734,0.7857,0.6980,nan,nan,nan,nan,0
none,cage,2,3,resnet,True,solarisation,lr,1e-05,0.0001,32,11,0.2401,0.6673,0.6735,0.8333,0.6939,nan,nan,nan,nan,0
none,cage,2,3,resnet,True,solarisation,lr,1e-05,0.0001,32,12,0.2033,0.7497,0.6629,0.8333,0.6939,nan,nan,nan,nan,0
none,cage,2,3,resnet,True,solarisation,lr,1e-05,0.0001,32,13,0.1610,0.6868,0.6817,0.8095,0.7143,nan,nan,nan,nan,0
none,cage,2,3,resnet,True,solarisation,lr,1e-05,0.0001,32,14,0.1291,0.7359,0.6844,0.8571,0.7388,nan,nan,nan,nan,0
none,cage,2,3,resnet,True,solarisation,lr,1e-05,0.0001,32,15,0.1023,0.8486,0.7194,0.8333,0.7510,1.0758,0.8011,0.8095,0.4338,1
none,cage,2,3,resnet,True,solarisation,lr,1e-05,0.0001,32,16,0.0875,0.8552,0.7437,0.8333,0.6980,nan,nan,nan,nan,0
none,cage,2,3,resnet,True,solarisation,lr,1e-05,0.0001,32,17,0.0705,0.9765,0.7927,0.8333,0.6857,nan,nan,nan,nan,0
none,cage,2,3,resnet,True,solarisation,lr,1e-05,0.0001,32,18,0.0583,0.8903,0.7768,0.8571,0.7020,nan,nan,nan,nan,0
none,cage,2,3,resnet,True,solarisation,lr,1e-05,0.0001,32,19,0.0497,1.0226,0.8227,0.8333,0.7469,nan,nan,nan,nan,0
none,cage,2,3,resnet,True,solarisation,lr,1e-05,0.0001,32,20,0.0363,0.8878,0.8115,0.8571,0.7551,nan,nan,nan,nan,0
none,cage,2,4,resnet,True,solarisation,lr,1e-05,0.0001,32,1,0.7344,0.7216,0.6821,0.8140,0.4286,nan,nan,nan,nan,0
none,cage,2,4,resnet,True,solarisation,lr,1e-05,0.0001,32,2,0.6807,0.7123,0.6881,0.7674,0.4107,nan,nan,nan,nan,0
none,cage,2,4,resnet,True,solarisation,lr,1e-05,0.0001,32,3,0.6403,0.7168,0.6960,0.7907,0.3679,nan,nan,nan,nan,0
none,cage,2,4,resnet,True,solarisation,lr,1e-05,0.0001,32,4,0.5949,0.7226,0.6970,0.7907,0.3536,nan,nan,nan,nan,0
none,cage,2,4,resnet,True,solarisation,lr,1e-05,0.0001,32,5,0.5593,0.7351,0.7013,0.8140,0.3357,0.6898,0.6420,0.8333,0.6287,1
none,cage,2,4,resnet,True,solarisation,lr,1e-05,0.0001,32,6,0.5029,0.7301,0.7104,0.7907,0.3250,nan,nan,nan,nan,0
none,cage,2,4,resnet,True,solarisation,lr,1e-05,0.0001,32,7,0.4602,0.7913,0.7312,0.8140,0.2714,nan,nan,nan,nan,0
none,cage,2,4,resnet,True,solarisation,lr,1e-05,0.0001,32,8,0.3986,0.7621,0.7345,0.8140,0.3250,nan,nan,nan,nan,0
none,cage,2,4,resnet,True,solarisation,lr,1e-05,0.0001,32,9,0.3506,0.8442,0.7681,0.8140,0.3214,nan,nan,nan,nan,0
none,cage,2,4,resnet,True,solarisation,lr,1e-05,0.0001,32,10,0.2897,0.8945,0.8057,0.8140,0.3357,nan,nan,nan,nan,0
none,cage,2,4,resnet,True,solarisation,lr,1e-05,0.0001,32,11,0.2389,0.9623,0.8603,0.8140,0.3679,nan,nan,nan,nan,0
none,cage,2,4,resnet,True,solarisation,lr,1e-05,0.0001,32,12,0.2052,1.0227,0.9117,0.8140,0.3393,nan,nan,nan,nan,0
none,cage,2,4,resnet,True,solarisation,lr,1e-05,0.0001,32,13,0.1655,1.1202,0.9678,0.8140,0.3429,nan,nan,nan,nan,0
none,cage,2,4,resnet,True,solarisation,lr,1e-05,0.0001,32,14,0.1260,1.0788,0.9592,0.8140,0.3500,nan,nan,nan,nan,0
none,cage,2,4,resnet,True,solarisation,lr,1e-05,0.0001,32,15,0.1063,1.2944,1.1044,0.8140,0.3214,nan,nan,nan,nan,0
none,cage,2,4,resnet,True,solarisation,lr,1e-05,0.0001,32,16,0.0804,1.3075,1.1187,0.8140,0.3571,nan,nan,nan,nan,0
none,cage,2,5,resnet,True,solarisation,lr,1e-05,0.0001,32,1,0.7232,0.7071,0.6945,0.6000,0.4875,nan,nan,nan,nan,0
none,cage,2,5,resnet,True,solarisation,lr,1e-05,0.0001,32,2,0.6675,0.7249,0.6882,0.6750,0.4767,nan,nan,nan,nan,0
none,cage,2,5,resnet,True,solarisation,lr,1e-05,0.0001,32,3,0.6351,0.7158,0.6832,0.6750,0.5305,nan,nan,nan,nan,0
none,cage,2,5,resnet,True,solarisation,lr,1e-05,0.0001,32,4,0.5958,0.7495,0.6815,0.7250,0.5269,nan,nan,nan,nan,0
none,cage,2,5,resnet,True,solarisation,lr,1e-05,0.0001,32,5,0.5548,0.8062,0.6889,0.7750,0.5269,nan,nan,nan,nan,1
none,cage,2,5,resnet,True,solarisation,lr,1e-05,0.0001,32,6,0.5068,0.8661,0.7078,0.7750,0.5771,nan,nan,nan,nan,1
none,cage,2,5,resnet,True,solarisation,lr,1e-05,0.0001,32,7,0.4484,0.9492,0.7373,0.7750,0.5806,nan,nan,nan,nan,1
none,cage,2,5,resnet,True,solarisation,lr,1e-05,0.0001,32,8,0.3963,1.0891,0.8095,0.7750,0.5842,nan,nan,nan,nan,1
none,cage,2,5,resnet,True,solarisation,lr,1e-05,0.0001,32,9,0.3350,1.2034,0.8717,0.7750,0.5950,nan,nan,nan,nan,1
none,cage,2,5,resnet,True,solarisation,lr,1e-05,0.0001,32,10,0.2782,1.5351,1.0355,0.7750,0.6165,nan,nan,nan,nan,1
none,cage,2,5,resnet,True,solarisation,lr,1e-05,0.0001,32,11,0.2345,1.9806,1.2928,0.7750,0.6093,nan,nan,nan,nan,1
none,cage,2,5,resnet,True,solarisation,lr,1e-05,0.0001,32,12,0.1922,1.9005,1.2528,0.7750,0.6272,nan,nan,nan,nan,1
none,cage,2,5,resnet,True,solarisation,lr,1e-05,0.0001,32,13,0.1518,2.2738,1.4625,0.7750,0.6308,nan,nan,nan,nan,1
none,cage,2,5,resnet,True,solarisation,lr,1e-05,0.0001,32,14,0.1243,2.7597,1.7489,0.7750,0.6272,2.9206,1.6863,0.8095,0.3676,1
none,cage,2,5,resnet,True,solarisation,lr,1e-05,0.0001,32,15,0.1004,2.7569,1.7590,0.7750,0.6308,nan,nan,nan,nan,0
none,cage,2,5,resnet,True,solarisation,lr,1e-05,0.0001,32,16,0.0869,3.4374,2.1610,0.7750,0.6057,nan,nan,nan,nan,0
none,cage,2,5,resnet,True,solarisation,lr,1e-05,0.0001,32,17,0.0722,3.3090,2.0793,0.7750,0.6380,nan,nan,nan,nan,0
none,cage,2,5,resnet,True,solarisation,lr,1e-05,0.0001,32,18,0.0577,3.2870,2.0841,0.7750,0.6272,nan,nan,nan,nan,0
none,cage,2,5,resnet,True,solarisation,lr,1e-05,0.0001,32,19,0.0484,3.8486,2.4266,0.7750,0.6022,nan,nan,nan,nan,0
none,cage,2,6,resnet,True,solarisation,lr,1e-05,0.0001,32,1,0.7311,0.6824,0.6771,0.7073,0.6667,nan,nan,nan,nan,0
none,cage,2,6,resnet,True,solarisation,lr,1e-05,0.0001,32,2,0.6779,0.6909,0.7014,0.4634,0.6000,nan,nan,nan,nan,0
none,cage,2,6,resnet,True,solarisation,lr,1e-05,0.0001,32,3,0.6324,0.6894,0.6455,0.8293,0.5381,nan,nan,nan,nan,0
none,cage,2,6,resnet,True,solarisation,lr,1e-05,0.0001,32,4,0.5973,0.7020,0.6416,0.8293,0.5238,nan,nan,nan,nan,0
none,cage,2,6,resnet,True,solarisation,lr,1e-05,0.0001,32,5,0.5515,0.7366,0.6263,0.8293,0.5048,0.8664,0.6662,0.8095,0.4191,1
none,cage,2,6,resnet,True,solarisation,lr,1e-05,0.0001,32,6,0.5049,0.7835,0.6450,0.8293,0.4810,nan,nan,nan,nan,0
none,cage,2,6,resnet,True,solarisation,lr,1e-05,0.0001,32,7,0.4414,0.7928,0.6670,0.8293,0.4857,nan,nan,nan,nan,0
none,cage,2,6,resnet,True,solarisation,lr,1e-05,0.0001,32,8,0.3884,0.9219,0.7171,0.8293,0.4762,nan,nan,nan,nan,0
none,cage,2,6,resnet,True,solarisation,lr,1e-05,0.0001,32,9,0.3271,1.0997,0.8015,0.8293,0.4762,nan,nan,nan,nan,0
none,cage,2,6,resnet,True,solarisation,lr,1e-05,0.0001,32,10,0.2753,1.3600,0.9402,0.8537,0.4810,nan,nan,nan,nan,0
none,cage,2,6,resnet,True,solarisation,lr,1e-05,0.0001,32,11,0.2347,1.3024,0.9294,0.8293,0.5143,nan,nan,nan,nan,0
none,cage,2,6,resnet,True,solarisation,lr,1e-05,0.0001,32,12,0.1865,1.6156,1.1029,0.8537,0.5048,nan,nan,nan,nan,0
none,cage,2,6,resnet,True,solarisation,lr,1e-05,0.0001,32,13,0.1556,1.7903,1.2149,0.8293,0.5143,nan,nan,nan,nan,0
none,cage,2,6,resnet,True,solarisation,lr,1e-05,0.0001,32,14,0.1166,2.2815,1.4781,0.8537,0.5095,nan,nan,nan,nan,0
none,cage,2,6,resnet,True,solarisation,lr,1e-05,0.0001,32,15,0.1009,2.0065,1.3413,0.8537,0.5286,nan,nan,nan,nan,0
none,cage,2,6,resnet,True,solarisation,lr,1e-05,0.0001,32,16,0.0832,2.7614,1.7681,0.8537,0.5286,nan,nan,nan,nan,0
none,cage,2,7,resnet,True,solarisation,lr,1e-05,0.0001,32,1,0.7240,0.7145,0.6307,0.8182,0.5278,nan,nan,nan,nan,0
none,cage,2,7,resnet,True,solarisation,lr,1e-05,0.0001,32,2,0.6727,0.7191,0.6285,0.8182,0.5312,nan,nan,nan,nan,0
none,cage,2,7,resnet,True,solarisation,lr,1e-05,0.0001,32,3,0.6462,0.7222,0.6268,0.8182,0.5556,nan,nan,nan,nan,0
none,cage,2,7,resnet,True,solarisation,lr,1e-05,0.0001,32,4,0.6020,0.7447,0.6178,0.8182,0.5451,nan,nan,nan,nan,0
none,cage,2,7,resnet,True,solarisation,lr,1e-05,0.0001,32,5,0.5641,0.7726,0.6171,0.8182,0.5347,nan,nan,nan,nan,1
none,cage,2,7,resnet,True,solarisation,lr,1e-05,0.0001,32,6,0.5179,0.7612,0.6273,0.8182,0.5382,nan,nan,nan,nan,0
none,cage,2,7,resnet,True,solarisation,lr,1e-05,0.0001,32,7,0.4684,0.8065,0.6324,0.8182,0.5312,nan,nan,nan,nan,0
none,cage,2,7,resnet,True,solarisation,lr,1e-05,0.0001,32,8,0.4150,0.8400,0.6351,0.8182,0.5556,nan,nan,nan,nan,0
none,cage,2,7,resnet,True,solarisation,lr,1e-05,0.0001,32,9,0.3468,0.8212,0.6407,0.8182,0.5382,nan,nan,nan,nan,0
none,cage,2,7,resnet,True,solarisation,lr,1e-05,0.0001,32,10,0.2970,0.8438,0.6429,0.8182,0.5694,0.8617,0.6565,0.8333,0.5074,1
none,cage,2,7,resnet,True,solarisation,lr,1e-05,0.0001,32,11,0.2405,0.8918,0.6738,0.8182,0.5312,nan,nan,nan,nan,0
none,cage,2,7,resnet,True,solarisation,lr,1e-05,0.0001,32,12,0.2039,0.9047,0.6885,0.8182,0.5278,nan,nan,nan,nan,0
none,cage,2,7,resnet,True,solarisation,lr,1e-05,0.0001,32,13,0.1618,1.0190,0.7225,0.8182,0.5347,nan,nan,nan,nan,0
none,cage,2,7,resnet,True,solarisation,lr,1e-05,0.0001,32,14,0.1298,1.1553,0.7730,0.8182,0.5243,nan,nan,nan,nan,0
none,cage,2,7,resnet,True,solarisation,lr,1e-05,0.0001,32,15,0.1047,1.0527,0.7450,0.8182,0.5451,nan,nan,nan,nan,0
none,cage,2,7,resnet,True,solarisation,lr,1e-05,0.0001,32,16,0.0806,1.1339,0.7766,0.8182,0.5417,nan,nan,nan,nan,0
none,cage,2,8,resnet,True,solarisation,lr,1e-05,0.0001,32,1,0.7246,0.7415,0.8520,0.1702,0.3718,nan,nan,nan,nan,0
none,cage,2,8,resnet,True,solarisation,lr,1e-05,0.0001,32,2,0.6731,0.7554,0.8966,0.1702,0.3910,nan,nan,nan,nan,0
none,cage,2,8,resnet,True,solarisation,lr,1e-05,0.0001,32,3,0.6367,0.7326,0.8358,0.1915,0.4519,nan,nan,nan,nan,0
none,cage,2,8,resnet,True,solarisation,lr,1e-05,0.0001,32,4,0.5950,0.7677,0.9296,0.1702,0.4423,nan,nan,nan,nan,0
none,cage,2,8,resnet,True,solarisation,lr,1e-05,0.0001,32,5,0.5418,0.7771,0.9555,0.1702,0.4359,nan,nan,nan,nan,1
none,cage,2,8,resnet,True,solarisation,lr,1e-05,0.0001,32,6,0.5109,0.8326,1.0796,0.1915,0.4519,nan,nan,nan,nan,1
none,cage,2,8,resnet,True,solarisation,lr,1e-05,0.0001,32,7,0.4619,0.8201,1.0628,0.1915,0.4712,nan,nan,nan,nan,1
none,cage,2,8,resnet,True,solarisation,lr,1e-05,0.0001,32,8,0.4058,0.8919,1.2147,0.1702,0.4808,nan,nan,nan,nan,1
none,cage,2,8,resnet,True,solarisation,lr,1e-05,0.0001,32,9,0.3450,0.8789,1.1953,0.1915,0.4840,nan,nan,nan,nan,1
none,cage,2,8,resnet,True,solarisation,lr,1e-05,0.0001,32,10,0.2992,0.9682,1.3651,0.1702,0.4904,nan,nan,nan,nan,1
none,cage,2,8,resnet,True,solarisation,lr,1e-05,0.0001,32,11,0.2520,0.9959,1.4252,0.1915,0.4808,nan,nan,nan,nan,1
none,cage,2,8,resnet,True,solarisation,lr,1e-05,0.0001,32,12,0.2090,1.0454,1.5282,0.1915,0.4936,nan,nan,nan,nan,0
none,cage,2,8,resnet,True,solarisation,lr,1e-05,0.0001,32,13,0.1700,1.0520,1.5414,0.1915,0.4904,nan,nan,nan,nan,1
none,cage,2,8,resnet,True,solarisation,lr,1e-05,0.0001,32,14,0.1431,0.9781,1.4363,0.2128,0.5192,nan,nan,nan,nan,1
none,cage,2,8,resnet,True,solarisation,lr,1e-05,0.0001,32,15,0.1160,0.9848,1.4704,0.2340,0.5128,nan,nan,nan,nan,0
none,cage,2,8,resnet,True,solarisation,lr,1e-05,0.0001,32,16,0.0876,0.9537,1.4338,0.2340,0.5321,nan,nan,nan,nan,1
none,cage,2,8,resnet,True,solarisation,lr,1e-05,0.0001,32,17,0.0772,1.1285,1.7339,0.1915,0.5288,nan,nan,nan,nan,1
none,cage,2,8,resnet,True,solarisation,lr,1e-05,0.0001,32,18,0.0667,1.0635,1.6288,0.1915,0.5160,nan,nan,nan,nan,1
none,cage,2,8,resnet,True,solarisation,lr,1e-05,0.0001,32,19,0.0532,0.9063,1.3835,0.2979,0.5417,nan,nan,nan,nan,0
none,cage,2,8,resnet,True,solarisation,lr,1e-05,0.0001,32,20,0.0471,0.9024,1.3975,0.3191,0.5545,nan,nan,nan,nan,1
none,cage,2,8,resnet,True,solarisation,lr,1e-05,0.0001,32,21,0.0371,1.0239,1.6203,0.2766,0.5321,nan,nan,nan,nan,0
none,cage,2,8,resnet,True,solarisation,lr,1e-05,0.0001,32,22,0.0335,0.9138,1.4396,0.3191,0.5385,nan,nan,nan,nan,0
none,cage,2,8,resnet,True,solarisation,lr,1e-05,0.0001,32,23,0.0276,0.9189,1.4694,0.3191,0.5705,0.9168,1.5257,0.2143,0.5441,1
none,cage,2,8,resnet,True,solarisation,lr,1e-05,0.0001,32,24,0.0269,1.1470,1.8400,0.2128,0.5481,nan,nan,nan,nan,0
none,cage,2,8,resnet,True,solarisation,lr,1e-05,0.0001,32,25,0.0219,1.2046,1.9456,0.2128,0.5160,nan,nan,nan,nan,0
none,cage,2,8,resnet,True,solarisation,lr,1e-05,0.0001,32,26,0.0166,1.1089,1.8260,0.2553,0.5353,nan,nan,nan,nan,0
none,cage,2,8,resnet,True,solarisation,lr,1e-05,0.0001,32,27,0.0149,1.0227,1.6687,0.3191,0.5096,nan,nan,nan,nan,0
none,cage,2,8,resnet,True,solarisation,lr,1e-05,0.0001,32,28,0.0203,1.0115,1.6965,0.3404,0.5160,nan,nan,nan,nan,0
none,cage,2,9,resnet,True,solarisation,lr,1e-05,0.0001,32,1,0.7403,0.6872,0.6750,0.7381,0.6835,nan,nan,nan,nan,0
none,cage,2,9,resnet,True,solarisation,lr,1e-05,0.0001,32,2,0.6795,0.6997,0.6654,0.7857,0.6162,nan,nan,nan,nan,0
none,cage,2,9,resnet,True,solarisation,lr,1e-05,0.0001,32,3,0.6468,0.7031,0.6777,0.7619,0.5387,nan,nan,nan,nan,0
none,cage,2,9,resnet,True,solarisation,lr,1e-05,0.0001,32,4,0.6046,0.7095,0.6791,0.7619,0.4983,nan,nan,nan,nan,0
none,cage,2,9,resnet,True,solarisation,lr,1e-05,0.0001,32,5,0.5662,0.7589,0.6546,0.7857,0.4680,0.7391,0.6504,0.8095,0.4963,1
none,cage,2,9,resnet,True,solarisation,lr,1e-05,0.0001,32,6,0.5127,0.7920,0.6608,0.7857,0.4680,nan,nan,nan,nan,0
none,cage,2,9,resnet,True,solarisation,lr,1e-05,0.0001,32,7,0.4641,0.9088,0.6828,0.7857,0.4646,nan,nan,nan,nan,0
none,cage,2,9,resnet,True,solarisation,lr,1e-05,0.0001,32,8,0.4031,0.9135,0.7074,0.7857,0.4377,nan,nan,nan,nan,0
none,cage,2,9,resnet,True,solarisation,lr,1e-05,0.0001,32,9,0.3441,1.0875,0.7614,0.7857,0.4478,nan,nan,nan,nan,0
none,cage,2,9,resnet,True,solarisation,lr,1e-05,0.0001,32,10,0.3004,1.0992,0.7725,0.7857,0.4714,nan,nan,nan,nan,0
none,cage,2,9,resnet,True,solarisation,lr,1e-05,0.0001,32,11,0.2496,1.3122,0.8589,0.7857,0.4411,nan,nan,nan,nan,0
none,cage,2,9,resnet,True,solarisation,lr,1e-05,0.0001,32,12,0.1990,1.4549,0.9293,0.7857,0.4815,nan,nan,nan,nan,0
none,cage,2,9,resnet,True,solarisation,lr,1e-05,0.0001,32,13,0.1632,1.6997,1.0443,0.7857,0.4882,nan,nan,nan,nan,0
none,cage,2,9,resnet,True,solarisation,lr,1e-05,0.0001,32,14,0.1275,1.9618,1.1741,0.7857,0.4848,nan,nan,nan,nan,0
none,cage,2,9,resnet,True,solarisation,lr,1e-05,0.0001,32,15,0.1042,2.1152,1.2525,0.7857,0.5185,nan,nan,nan,nan,0
none,cage,2,9,resnet,True,solarisation,lr,1e-05,0.0001,32,16,0.0870,2.2756,1.3267,0.7857,0.4916,nan,nan,nan,nan,0
none,cage,3,0,resnet,True,solarisation,lr,1e-05,0.0001,32,1,0.7271,0.6896,0.6820,0.7209,0.5040,nan,nan,nan,nan,0
none,cage,3,0,resnet,True,solarisation,lr,1e-05,0.0001,32,2,0.6821,0.6955,0.7120,0.3953,0.4524,nan,nan,nan,nan,0
none,cage,3,0,resnet,True,solarisation,lr,1e-05,0.0001,32,3,0.6480,0.6964,0.7177,0.3953,0.4643,nan,nan,nan,nan,0
none,cage,3,0,resnet,True,solarisation,lr,1e-05,0.0001,32,4,0.6195,0.6998,0.7414,0.3023,0.4881,nan,nan,nan,nan,0
none,cage,3,0,resnet,True,solarisation,lr,1e-05,0.0001,32,5,0.5806,0.7037,0.7605,0.2558,0.5000,nan,nan,nan,nan,1
none,cage,3,0,resnet,True,solarisation,lr,1e-05,0.0001,32,6,0.5375,0.6933,0.7186,0.4419,0.5079,nan,nan,nan,nan,0
none,cage,3,0,resnet,True,solarisation,lr,1e-05,0.0001,32,7,0.4785,0.6980,0.7586,0.3256,0.5437,nan,nan,nan,nan,1
none,cage,3,0,resnet,True,solarisation,lr,1e-05,0.0001,32,8,0.4301,0.6921,0.6709,0.7442,0.5476,nan,nan,nan,nan,1
none,cage,3,0,resnet,True,solarisation,lr,1e-05,0.0001,32,9,0.3697,0.6868,0.7064,0.5814,0.5357,nan,nan,nan,nan,1
none,cage,3,0,resnet,True,solarisation,lr,1e-05,0.0001,32,10,0.3065,0.7713,0.6613,0.8372,0.5873,nan,nan,nan,nan,1
none,cage,3,0,resnet,True,solarisation,lr,1e-05,0.0001,32,11,0.2617,0.7770,0.6748,0.8372,0.5675,nan,nan,nan,nan,1
none,cage,3,0,resnet,True,solarisation,lr,1e-05,0.0001,32,12,0.2172,0.8474,0.6934,0.8372,0.5952,nan,nan,nan,nan,1
none,cage,3,0,resnet,True,solarisation,lr,1e-05,0.0001,32,13,0.1755,0.9969,0.7569,0.8372,0.5556,nan,nan,nan,nan,0
none,cage,3,0,resnet,True,solarisation,lr,1e-05,0.0001,32,14,0.1413,1.0205,0.7710,0.8372,0.5635,1.0756,0.8008,0.8333,0.5633,1
none,cage,3,0,resnet,True,solarisation,lr,1e-05,0.0001,32,15,0.1143,1.0291,0.7887,0.8372,0.5714,nan,nan,nan,nan,0
none,cage,3,0,resnet,True,solarisation,lr,1e-05,0.0001,32,16,0.0916,1.1286,0.8475,0.8372,0.5516,nan,nan,nan,nan,0
none,cage,3,0,resnet,True,solarisation,lr,1e-05,0.0001,32,17,0.0810,1.4926,1.0192,0.8372,0.5675,nan,nan,nan,nan,0
none,cage,3,0,resnet,True,solarisation,lr,1e-05,0.0001,32,18,0.0613,1.3530,0.9632,0.8372,0.5556,nan,nan,nan,nan,0
none,cage,3,0,resnet,True,solarisation,lr,1e-05,0.0001,32,19,0.0544,1.2260,0.9100,0.8372,0.5675,nan,nan,nan,nan,0
none,cage,3,1,resnet,True,solarisation,lr,1e-05,0.0001,32,1,0.7409,0.6860,0.6796,0.6279,0.5952,nan,nan,nan,nan,0
none,cage,3,1,resnet,True,solarisation,lr,1e-05,0.0001,32,2,0.6853,0.6919,0.7025,0.4884,0.5714,nan,nan,nan,nan,0
none,cage,3,1,resnet,True,solarisation,lr,1e-05,0.0001,32,3,0.6544,0.7000,0.7298,0.3023,0.5714,nan,nan,nan,nan,0
none,cage,3,1,resnet,True,solarisation,lr,1e-05,0.0001,32,4,0.6193,0.6965,0.7088,0.4651,0.5437,nan,nan,nan,nan,0
none,cage,3,1,resnet,True,solarisation,lr,1e-05,0.0001,32,5,0.5749,0.6946,0.6732,0.6279,0.5040,0.7134,0.7034,0.6667,0.4653,1
none,cage,3,1,resnet,True,solarisation,lr,1e-05,0.0001,32,6,0.5255,0.7029,0.6822,0.6512,0.5040,nan,nan,nan,nan,0
none,cage,3,1,resnet,True,solarisation,lr,1e-05,0.0001,32,7,0.4835,0.7205,0.6635,0.6977,0.4444,nan,nan,nan,nan,0
none,cage,3,1,resnet,True,solarisation,lr,1e-05,0.0001,32,8,0.4188,0.7594,0.6614,0.7209,0.4444,nan,nan,nan,nan,0
none,cage,3,1,resnet,True,solarisation,lr,1e-05,0.0001,32,9,0.3693,0.7801,0.6783,0.7209,0.4444,nan,nan,nan,nan,0
none,cage,3,1,resnet,True,solarisation,lr,1e-05,0.0001,32,10,0.3151,0.8745,0.6844,0.8372,0.4722,nan,nan,nan,nan,0
none,cage,3,1,resnet,True,solarisation,lr,1e-05,0.0001,32,11,0.2655,0.9396,0.7225,0.8372,0.4365,nan,nan,nan,nan,0
none,cage,3,1,resnet,True,solarisation,lr,1e-05,0.0001,32,12,0.2152,1.1916,0.8154,0.8140,0.4444,nan,nan,nan,nan,0
none,cage,3,1,resnet,True,solarisation,lr,1e-05,0.0001,32,13,0.1825,1.4339,0.9199,0.8140,0.4603,nan,nan,nan,nan,0
none,cage,3,1,resnet,True,solarisation,lr,1e-05,0.0001,32,14,0.1442,1.7625,1.0949,0.8372,0.4603,nan,nan,nan,nan,0
none,cage,3,1,resnet,True,solarisation,lr,1e-05,0.0001,32,15,0.1158,1.5144,0.9921,0.8140,0.4484,nan,nan,nan,nan,0
none,cage,3,1,resnet,True,solarisation,lr,1e-05,0.0001,32,16,0.0942,1.6258,1.0508,0.8140,0.4365,nan,nan,nan,nan,0
none,cage,3,2,resnet,True,solarisation,lr,1e-05,0.0001,32,1,0.7510,0.7075,0.7945,0.1905,0.4412,nan,nan,nan,nan,0
none,cage,3,2,resnet,True,solarisation,lr,1e-05,0.0001,32,2,0.6813,0.7158,0.8183,0.1905,0.4007,nan,nan,nan,nan,0
none,cage,3,2,resnet,True,solarisation,lr,1e-05,0.0001,32,3,0.6519,0.7247,0.8483,0.1905,0.3934,nan,nan,nan,nan,0
none,cage,3,2,resnet,True,solarisation,lr,1e-05,0.0001,32,4,0.6086,0.7199,0.8341,0.1905,0.4191,nan,nan,nan,nan,0
none,cage,3,2,resnet,True,solarisation,lr,1e-05,0.0001,32,5,0.5614,0.7106,0.7788,0.2381,0.4044,nan,nan,nan,nan,1
none,cage,3,2,resnet,True,solarisation,lr,1e-05,0.0001,32,6,0.5182,0.7192,0.8234,0.1905,0.4007,nan,nan,nan,nan,0
none,cage,3,2,resnet,True,solarisation,lr,1e-05,0.0001,32,7,0.4667,0.7082,0.7752,0.4048,0.4375,nan,nan,nan,nan,0
none,cage,3,2,resnet,True,solarisation,lr,1e-05,0.0001,32,8,0.4153,0.7123,0.7419,0.5714,0.4596,0.6831,0.7218,0.5000,0.5429,1
none,cage,3,2,resnet,True,solarisation,lr,1e-05,0.0001,32,9,0.3646,0.7171,0.7928,0.5000,0.4338,nan,nan,nan,nan,0
none,cage,3,2,resnet,True,solarisation,lr,1e-05,0.0001,32,10,0.3085,0.7514,0.7627,0.5952,0.4118,nan,nan,nan,nan,0
none,cage,3,2,resnet,True,solarisation,lr,1e-05,0.0001,32,11,0.2610,0.7552,0.8118,0.5000,0.3419,nan,nan,nan,nan,0
none,cage,3,2,resnet,True,solarisation,lr,1e-05,0.0001,32,12,0.2189,0.7881,0.8536,0.4762,0.2610,nan,nan,nan,nan,0
none,cage,3,2,resnet,True,solarisation,lr,1e-05,0.0001,32,13,0.1777,0.7781,0.8712,0.4524,0.2941,nan,nan,nan,nan,0
none,cage,3,2,resnet,True,solarisation,lr,1e-05,0.0001,32,14,0.1338,0.7954,0.8823,0.4524,0.2647,nan,nan,nan,nan,0
none,cage,3,2,resnet,True,solarisation,lr,1e-05,0.0001,32,15,0.1174,0.8453,0.8773,0.6667,0.3125,nan,nan,nan,nan,0
none,cage,3,2,resnet,True,solarisation,lr,1e-05,0.0001,32,16,0.0910,0.9002,0.9226,0.6905,0.2831,nan,nan,nan,nan,0
none,cage,3,4,resnet,True,solarisation,lr,1e-05,0.0001,32,1,0.7249,0.7040,0.7426,0.1860,0.3536,nan,nan,nan,nan,0
none,cage,3,4,resnet,True,solarisation,lr,1e-05,0.0001,32,2,0.6735,0.7147,0.7719,0.1860,0.3500,nan,nan,nan,nan,0
none,cage,3,4,resnet,True,solarisation,lr,1e-05,0.0001,32,3,0.6499,0.7131,0.7550,0.2093,0.3464,nan,nan,nan,nan,0
none,cage,3,4,resnet,True,solarisation,lr,1e-05,0.0001,32,4,0.6023,0.7144,0.7633,0.2093,0.3607,nan,nan,nan,nan,0
none,cage,3,4,resnet,True,solarisation,lr,1e-05,0.0001,32,5,0.5632,0.7235,0.7919,0.2093,0.3893,nan,nan,nan,nan,1
none,cage,3,4,resnet,True,solarisation,lr,1e-05,0.0001,32,6,0.5125,0.7261,0.7749,0.3023,0.4000,nan,nan,nan,nan,1
none,cage,3,4,resnet,True,solarisation,lr,1e-05,0.0001,32,7,0.4630,0.7331,0.7919,0.3023,0.4071,nan,nan,nan,nan,1
none,cage,3,4,resnet,True,solarisation,lr,1e-05,0.0001,32,8,0.4000,0.7837,0.8156,0.6047,0.3643,nan,nan,nan,nan,0
none,cage,3,4,resnet,True,solarisation,lr,1e-05,0.0001,32,9,0.3413,0.8703,0.8492,0.7907,0.4143,nan,nan,nan,nan,1
none,cage,3,4,resnet,True,solarisation,lr,1e-05,0.0001,32,10,0.2836,0.9387,0.8957,0.7907,0.4000,nan,nan,nan,nan,0
none,cage,3,4,resnet,True,solarisation,lr,1e-05,0.0001,32,11,0.2428,1.1274,1.0039,0.8140,0.3893,nan,nan,nan,nan,0
none,cage,3,4,resnet,True,solarisation,lr,1e-05,0.0001,32,12,0.1949,0.9984,0.9513,0.7907,0.4393,nan,nan,nan,nan,1
none,cage,3,4,resnet,True,solarisation,lr,1e-05,0.0001,32,13,0.1662,1.2242,1.0899,0.8140,0.4214,nan,nan,nan,nan,1
none,cage,3,4,resnet,True,solarisation,lr,1e-05,0.0001,32,14,0.1318,1.3718,1.1852,0.8140,0.4286,nan,nan,nan,nan,0
none,cage,3,4,resnet,True,solarisation,lr,1e-05,0.0001,32,15,0.1055,1.3979,1.2360,0.8140,0.4250,nan,nan,nan,nan,1
none,cage,3,4,resnet,True,solarisation,lr,1e-05,0.0001,32,16,0.0831,1.4893,1.2738,0.8140,0.4500,nan,nan,nan,nan,1
none,cage,3,4,resnet,True,solarisation,lr,1e-05,0.0001,32,17,0.0741,1.4853,1.3030,0.8140,0.4643,nan,nan,nan,nan,1
none,cage,3,4,resnet,True,solarisation,lr,1e-05,0.0001,32,18,0.0547,1.5867,1.3523,0.8140,0.4679,1.3370,1.0119,0.8333,0.5184,1
none,cage,3,4,resnet,True,solarisation,lr,1e-05,0.0001,32,19,0.0478,1.8971,1.5389,0.8140,0.4429,nan,nan,nan,nan,0
none,cage,3,4,resnet,True,solarisation,lr,1e-05,0.0001,32,20,0.0398,2.2631,1.7819,0.8140,0.4036,nan,nan,nan,nan,0
none,cage,3,4,resnet,True,solarisation,lr,1e-05,0.0001,32,21,0.0401,2.3712,1.8553,0.8140,0.4071,nan,nan,nan,nan,0
none,cage,3,4,resnet,True,solarisation,lr,1e-05,0.0001,32,22,0.0307,2.3764,1.8641,0.8140,0.4321,nan,nan,nan,nan,0
none,cage,3,4,resnet,True,solarisation,lr,1e-05,0.0001,32,23,0.0269,2.0783,1.7106,0.8140,0.4286,nan,nan,nan,nan,0
none,cage,3,5,resnet,True,solarisation,lr,1e-05,0.0001,32,1,0.7288,0.7088,0.6781,0.6500,0.5197,nan,nan,nan,nan,0
none,cage,3,5,resnet,True,solarisation,lr,1e-05,0.0001,32,2,0.6854,0.7021,0.6762,0.7000,0.5627,nan,nan,nan,nan,0
none,cage,3,5,resnet,True,solarisation,lr,1e-05,0.0001,32,3,0.6442,0.7133,0.6803,0.7250,0.4982,nan,nan,nan,nan,0
none,cage,3,5,resnet,True,solarisation,lr,1e-05,0.0001,32,4,0.6185,0.7055,0.6992,0.6000,0.4731,nan,nan,nan,nan,0
none,cage,3,5,resnet,True,solarisation,lr,1e-05,0.0001,32,5,0.5587,0.7000,0.7267,0.4500,0.4516,0.6809,0.7164,0.5000,0.5184,1
none,cage,3,5,resnet,True,solarisation,lr,1e-05,0.0001,32,6,0.5203,0.7326,0.7230,0.6000,0.3835,nan,nan,nan,nan,0
none,cage,3,5,resnet,True,solarisation,lr,1e-05,0.0001,32,7,0.4669,0.8498,0.7383,0.7750,0.3333,nan,nan,nan,nan,0
none,cage,3,5,resnet,True,solarisation,lr,1e-05,0.0001,32,8,0.4110,0.9107,0.7823,0.7750,0.3011,nan,nan,nan,nan,0
none,cage,3,5,resnet,True,solarisation,lr,1e-05,0.0001,32,9,0.3555,1.0802,0.8429,0.7750,0.3190,nan,nan,nan,nan,0
none,cage,3,5,resnet,True,solarisation,lr,1e-05,0.0001,32,10,0.2956,0.9844,0.8267,0.7750,0.3548,nan,nan,nan,nan,0
none,cage,3,5,resnet,True,solarisation,lr,1e-05,0.0001,32,11,0.2536,1.1691,0.8931,0.7750,0.3513,nan,nan,nan,nan,0
none,cage,3,5,resnet,True,solarisation,lr,1e-05,0.0001,32,12,0.2101,1.5847,1.1231,0.7750,0.3154,nan,nan,nan,nan,0
none,cage,3,5,resnet,True,solarisation,lr,1e-05,0.0001,32,13,0.1671,1.3706,1.0201,0.7750,0.3584,nan,nan,nan,nan,0
none,cage,3,5,resnet,True,solarisation,lr,1e-05,0.0001,32,14,0.1338,1.6008,1.1439,0.7750,0.3799,nan,nan,nan,nan,0
none,cage,3,5,resnet,True,solarisation,lr,1e-05,0.0001,32,15,0.1056,1.8473,1.2886,0.7750,0.3763,nan,nan,nan,nan,0
none,cage,3,5,resnet,True,solarisation,lr,1e-05,0.0001,32,16,0.0869,1.9545,1.3593,0.7750,0.3584,nan,nan,nan,nan,0
none,cage,3,6,resnet,True,solarisation,lr,1e-05,0.0001,32,1,0.7225,0.6826,0.6647,0.7805,0.5762,nan,nan,nan,nan,0
none,cage,3,6,resnet,True,solarisation,lr,1e-05,0.0001,32,2,0.6763,0.6895,0.6808,0.6341,0.5381,nan,nan,nan,nan,0
none,cage,3,6,resnet,True,solarisation,lr,1e-05,0.0001,32,3,0.6424,0.6956,0.6834,0.5854,0.5048,nan,nan,nan,nan,0
none,cage,3,6,resnet,True,solarisation,lr,1e-05,0.0001,32,4,0.6104,0.7092,0.7064,0.4390,0.4286,nan,nan,nan,nan,0
none,cage,3,6,resnet,True,solarisation,lr,1e-05,0.0001,32,5,0.5622,0.7123,0.6915,0.5610,0.3857,0.7130,0.7076,0.6190,0.3796,1
none,cage,3,6,resnet,True,solarisation,lr,1e-05,0.0001,32,6,0.5213,0.7405,0.7645,0.3171,0.3952,nan,nan,nan,nan,0
none,cage,3,6,resnet,True,solarisation,lr,1e-05,0.0001,32,7,0.4614,0.7511,0.7717,0.3659,0.3571,nan,nan,nan,nan,0
none,cage,3,6,resnet,True,solarisation,lr,1e-05,0.0001,32,8,0.4117,0.7457,0.7271,0.5122,0.3524,nan,nan,nan,nan,0
none,cage,3,6,resnet,True,solarisation,lr,1e-05,0.0001,32,9,0.3592,0.7577,0.7580,0.3902,0.3571,nan,nan,nan,nan,0
none,cage,3,6,resnet,True,solarisation,lr,1e-05,0.0001,32,10,0.3048,0.7779,0.7320,0.6341,0.3571,nan,nan,nan,nan,0
none,cage,3,6,resnet,True,solarisation,lr,1e-05,0.0001,32,11,0.2524,0.7915,0.7283,0.6585,0.3857,nan,nan,nan,nan,0
none,cage,3,6,resnet,True,solarisation,lr,1e-05,0.0001,32,12,0.2052,0.7934,0.7365,0.6829,0.3476,nan,nan,nan,nan,0
none,cage,3,6,resnet,True,solarisation,lr,1e-05,0.0001,32,13,0.1651,0.8454,0.7505,0.7561,0.3762,nan,nan,nan,nan,0
none,cage,3,6,resnet,True,solarisation,lr,1e-05,0.0001,32,14,0.1339,0.9031,0.7579,0.7561,0.3905,nan,nan,nan,nan,0
none,cage,3,6,resnet,True,solarisation,lr,1e-05,0.0001,32,15,0.1090,0.9476,0.7897,0.7561,0.3714,nan,nan,nan,nan,0
none,cage,3,6,resnet,True,solarisation,lr,1e-05,0.0001,32,16,0.0888,0.9867,0.8074,0.7805,0.3429,nan,nan,nan,nan,0
none,cage,3,7,resnet,True,solarisation,lr,1e-05,0.0001,32,1,0.7315,0.6831,0.6781,0.6818,0.6389,nan,nan,nan,nan,0
none,cage,3,7,resnet,True,solarisation,lr,1e-05,0.0001,32,2,0.6914,0.6830,0.6819,0.6136,0.6528,nan,nan,nan,nan,0
none,cage,3,7,resnet,True,solarisation,lr,1e-05,0.0001,32,3,0.6552,0.6795,0.7062,0.4091,0.6250,nan,nan,nan,nan,0
none,cage,3,7,resnet,True,solarisation,lr,1e-05,0.0001,32,4,0.6195,0.6784,0.7022,0.4773,0.6354,nan,nan,nan,nan,0
none,cage,3,7,resnet,True,solarisation,lr,1e-05,0.0001,32,5,0.5766,0.6714,0.6997,0.5000,0.6701,nan,nan,nan,nan,1
none,cage,3,7,resnet,True,solarisation,lr,1e-05,0.0001,32,6,0.5432,0.6698,0.7103,0.4091,0.6701,nan,nan,nan,nan,1
none,cage,3,7,resnet,True,solarisation,lr,1e-05,0.0001,32,7,0.4820,0.6629,0.7067,0.4318,0.7049,nan,nan,nan,nan,1
none,cage,3,7,resnet,True,solarisation,lr,1e-05,0.0001,32,8,0.4268,0.6686,0.6450,0.7955,0.7153,nan,nan,nan,nan,1
none,cage,3,7,resnet,True,solarisation,lr,1e-05,0.0001,32,9,0.3724,0.6653,0.6921,0.6364,0.6667,nan,nan,nan,nan,1
none,cage,3,7,resnet,True,solarisation,lr,1e-05,0.0001,32,10,0.3135,0.6590,0.6889,0.6136,0.6840,nan,nan,nan,nan,0
none,cage,3,7,resnet,True,solarisation,lr,1e-05,0.0001,32,11,0.2539,0.6561,0.6958,0.6591,0.7014,nan,nan,nan,nan,1
none,cage,3,7,resnet,True,solarisation,lr,1e-05,0.0001,32,12,0.2103,0.6719,0.6284,0.8182,0.7604,nan,nan,nan,nan,1
none,cage,3,7,resnet,True,solarisation,lr,1e-05,0.0001,32,13,0.1701,0.6423,0.7148,0.7045,0.7049,nan,nan,nan,nan,0
none,cage,3,7,resnet,True,solarisation,lr,1e-05,0.0001,32,14,0.1400,0.6468,0.6912,0.7500,0.7326,nan,nan,nan,nan,1
none,cage,3,7,resnet,True,solarisation,lr,1e-05,0.0001,32,15,0.1092,0.6418,0.7464,0.6818,0.7014,nan,nan,nan,nan,0
none,cage,3,7,resnet,True,solarisation,lr,1e-05,0.0001,32,16,0.0929,0.6899,0.6757,0.7955,0.7639,nan,nan,nan,nan,1
none,cage,3,7,resnet,True,solarisation,lr,1e-05,0.0001,32,17,0.0739,0.6866,0.6909,0.7955,0.7431,nan,nan,nan,nan,0
none,cage,3,7,resnet,True,solarisation,lr,1e-05,0.0001,32,18,0.0569,0.7183,0.6810,0.8182,0.7361,nan,nan,nan,nan,0
none,cage,3,7,resnet,True,solarisation,lr,1e-05,0.0001,32,19,0.0484,0.6809,0.7245,0.7955,0.7361,nan,nan,nan,nan,0
none,cage,3,7,resnet,True,solarisation,lr,1e-05,0.0001,32,20,0.0440,0.7298,0.7036,0.7955,0.7465,0.8249,0.7785,0.7857,0.5061,1
none,cage,3,7,resnet,True,solarisation,lr,1e-05,0.0001,32,21,0.0366,0.6363,0.7817,0.7500,0.7118,nan,nan,nan,nan,0
none,cage,3,7,resnet,True,solarisation,lr,1e-05,0.0001,32,22,0.0315,0.8058,0.6932,0.8182,0.7847,nan,nan,nan,nan,0
none,cage,3,7,resnet,True,solarisation,lr,1e-05,0.0001,32,23,0.0314,0.6865,0.7468,0.7955,0.7326,nan,nan,nan,nan,0
none,cage,3,7,resnet,True,solarisation,lr,1e-05,0.0001,32,24,0.0213,0.6782,0.7477,0.7955,0.7465,nan,nan,nan,nan,0
none,cage,3,7,resnet,True,solarisation,lr,1e-05,0.0001,32,25,0.0201,0.7939,0.7441,0.8182,0.7222,nan,nan,nan,nan,0
none,cage,3,8,resnet,True,solarisation,lr,1e-05,0.0001,32,1,0.7260,0.7299,0.7855,0.2553,0.3622,nan,nan,nan,nan,0
none,cage,3,8,resnet,True,solarisation,lr,1e-05,0.0001,32,2,0.6640,0.7200,0.7501,0.2766,0.3878,nan,nan,nan,nan,0
none,cage,3,8,resnet,True,solarisation,lr,1e-05,0.0001,32,3,0.6504,0.7278,0.7778,0.2128,0.4071,nan,nan,nan,nan,0
none,cage,3,8,resnet,True,solarisation,lr,1e-05,0.0001,32,4,0.5957,0.7243,0.7706,0.2766,0.4263,nan,nan,nan,nan,0
none,cage,3,8,resnet,True,solarisation,lr,1e-05,0.0001,32,5,0.5593,0.7402,0.8142,0.2128,0.4327,nan,nan,nan,nan,1
none,cage,3,8,resnet,True,solarisation,lr,1e-05,0.0001,32,6,0.5152,0.7278,0.7741,0.3404,0.4455,nan,nan,nan,nan,1
none,cage,3,8,resnet,True,solarisation,lr,1e-05,0.0001,32,7,0.4605,0.7293,0.7862,0.3404,0.4551,nan,nan,nan,nan,1
none,cage,3,8,resnet,True,solarisation,lr,1e-05,0.0001,32,8,0.3982,0.7228,0.7304,0.4681,0.4615,nan,nan,nan,nan,1
none,cage,3,8,resnet,True,solarisation,lr,1e-05,0.0001,32,9,0.3486,0.7261,0.7765,0.3617,0.4679,nan,nan,nan,nan,1
none,cage,3,8,resnet,True,solarisation,lr,1e-05,0.0001,32,10,0.2935,0.7282,0.6775,0.6809,0.4936,nan,nan,nan,nan,1
none,cage,3,8,resnet,True,solarisation,lr,1e-05,0.0001,32,11,0.2472,0.7256,0.7072,0.6170,0.5128,nan,nan,nan,nan,1
none,cage,3,8,resnet,True,solarisation,lr,1e-05,0.0001,32,12,0.2027,0.7327,0.7438,0.5745,0.4968,nan,nan,nan,nan,1
none,cage,3,8,resnet,True,solarisation,lr,1e-05,0.0001,32,13,0.1658,0.7876,0.6663,0.7660,0.5256,nan,nan,nan,nan,1
none,cage,3,8,resnet,True,solarisation,lr,1e-05,0.0001,32,14,0.1383,0.7898,0.6961,0.7447,0.5192,0.8049,0.8244,0.8810,0.5878,1
none,cage,3,8,resnet,True,solarisation,lr,1e-05,0.0001,32,15,0.1105,0.8387,0.7088,0.7660,0.5000,nan,nan,nan,nan,0
none,cage,3,8,resnet,True,solarisation,lr,1e-05,0.0001,32,16,0.0888,0.8102,0.7684,0.6809,0.5032,nan,nan,nan,nan,0
none,cage,3,8,resnet,True,solarisation,lr,1e-05,0.0001,32,17,0.0749,0.8326,0.7891,0.6809,0.5064,nan,nan,nan,nan,0
none,cage,3,8,resnet,True,solarisation,lr,1e-05,0.0001,32,18,0.0537,0.8348,0.8047,0.7021,0.4872,nan,nan,nan,nan,0
none,cage,3,8,resnet,True,solarisation,lr,1e-05,0.0001,32,19,0.0533,0.9788,0.8142,0.7447,0.4872,nan,nan,nan,nan,0
none,cage,3,9,resnet,True,solarisation,lr,1e-05,0.0001,32,1,0.7300,0.6799,0.7303,0.2381,0.5859,nan,nan,nan,nan,0
none,cage,3,9,resnet,True,solarisation,lr,1e-05,0.0001,32,2,0.6880,0.6800,0.7304,0.2619,0.5926,nan,nan,nan,nan,0
none,cage,3,9,resnet,True,solarisation,lr,1e-05,0.0001,32,3,0.6468,0.6807,0.7510,0.2381,0.5825,nan,nan,nan,nan,0
none,cage,3,9,resnet,True,solarisation,lr,1e-05,0.0001,32,4,0.5936,0.6799,0.7416,0.3333,0.5758,nan,nan,nan,nan,0
none,cage,3,9,resnet,True,solarisation,lr,1e-05,0.0001,32,5,0.5597,0.6834,0.7417,0.4286,0.5724,0.6976,0.7412,0.2381,0.5469,1
none,cage,3,9,resnet,True,solarisation,lr,1e-05,0.0001,32,6,0.5118,0.6861,0.8090,0.2619,0.5421,nan,nan,nan,nan,0
none,cage,3,9,resnet,True,solarisation,lr,1e-05,0.0001,32,7,0.4631,0.6938,0.8001,0.4762,0.5185,nan,nan,nan,nan,0
none,cage,3,9,resnet,True,solarisation,lr,1e-05,0.0001,32,8,0.3992,0.6990,0.8449,0.4048,0.5152,nan,nan,nan,nan,0
none,cage,3,9,resnet,True,solarisation,lr,1e-05,0.0001,32,9,0.3319,0.7110,0.8988,0.3810,0.5219,nan,nan,nan,nan,0
none,cage,3,9,resnet,True,solarisation,lr,1e-05,0.0001,32,10,0.2829,0.7263,0.8744,0.4524,0.5253,nan,nan,nan,nan,0
none,cage,3,9,resnet,True,solarisation,lr,1e-05,0.0001,32,11,0.2372,0.7356,0.9188,0.4762,0.5455,nan,nan,nan,nan,0
none,cage,3,9,resnet,True,solarisation,lr,1e-05,0.0001,32,12,0.1919,0.7636,0.9364,0.5238,0.5421,nan,nan,nan,nan,0
none,cage,3,9,resnet,True,solarisation,lr,1e-05,0.0001,32,13,0.1625,0.8037,0.9906,0.5714,0.5354,nan,nan,nan,nan,0
none,cage,3,9,resnet,True,solarisation,lr,1e-05,0.0001,32,14,0.1266,0.8137,1.0943,0.5238,0.5354,nan,nan,nan,nan,0
none,cage,3,9,resnet,True,solarisation,lr,1e-05,0.0001,32,15,0.1055,0.9161,1.1115,0.5952,0.5354,nan,nan,nan,nan,0
none,cage,3,9,resnet,True,solarisation,lr,1e-05,0.0001,32,16,0.0796,0.8822,1.1713,0.5714,0.5455,nan,nan,nan,nan,0
none,cage,4,0,resnet,True,solarisation,lr,1e-05,0.0001,32,1,0.7391,0.6902,0.6541,0.8372,0.5556,nan,nan,nan,nan,0
none,cage,4,0,resnet,True,solarisation,lr,1e-05,0.0001,32,2,0.6930,0.6851,0.7098,0.3953,0.5595,nan,nan,nan,nan,0
none,cage,4,0,resnet,True,solarisation,lr,1e-05,0.0001,32,3,0.6550,0.6850,0.6780,0.7442,0.5714,nan,nan,nan,nan,0
none,cage,4,0,resnet,True,solarisation,lr,1e-05,0.0001,32,4,0.6046,0.6803,0.6566,0.8372,0.6151,nan,nan,nan,nan,0
none,cage,4,0,resnet,True,solarisation,lr,1e-05,0.0001,32,5,0.5749,0.6737,0.6512,0.8372,0.6548,nan,nan,nan,nan,1
none,cage,4,0,resnet,True,solarisation,lr,1e-05,0.0001,32,6,0.5315,0.6750,0.7057,0.6279,0.6230,nan,nan,nan,nan,1
none,cage,4,0,resnet,True,solarisation,lr,1e-05,0.0001,32,7,0.4755,0.6711,0.6838,0.7442,0.6190,nan,nan,nan,nan,1
none,cage,4,0,resnet,True,solarisation,lr,1e-05,0.0001,32,8,0.4246,0.6962,0.6407,0.8372,0.6349,0.7914,0.7570,0.7907,0.4500,1
none,cage,4,0,resnet,True,solarisation,lr,1e-05,0.0001,32,9,0.3721,0.7019,0.6540,0.8372,0.6190,nan,nan,nan,nan,0
none,cage,4,0,resnet,True,solarisation,lr,1e-05,0.0001,32,10,0.3168,0.6975,0.6786,0.8140,0.6230,nan,nan,nan,nan,0
none,cage,4,0,resnet,True,solarisation,lr,1e-05,0.0001,32,11,0.2674,0.8106,0.6573,0.8372,0.6151,nan,nan,nan,nan,0
none,cage,4,0,resnet,True,solarisation,lr,1e-05,0.0001,32,12,0.2200,0.9200,0.7118,0.8372,0.6151,nan,nan,nan,nan,0
none,cage,4,0,resnet,True,solarisation,lr,1e-05,0.0001,32,13,0.1769,1.0070,0.7589,0.8372,0.6071,nan,nan,nan,nan,0
none,cage,4,0,resnet,True,solarisation,lr,1e-05,0.0001,32,14,0.1485,0.9766,0.7629,0.8605,0.6071,nan,nan,nan,nan,0
none,cage,4,0,resnet,True,solarisation,lr,1e-05,0.0001,32,15,0.1144,1.1778,0.8561,0.8372,0.5754,nan,nan,nan,nan,0
none,cage,4,0,resnet,True,solarisation,lr,1e-05,0.0001,32,16,0.0984,1.2583,0.8895,0.8372,0.6230,nan,nan,nan,nan,0
none,cage,4,1,resnet,True,solarisation,lr,1e-05,0.0001,32,1,0.7380,0.7284,0.8003,0.1628,0.3492,nan,nan,nan,nan,0
none,cage,4,1,resnet,True,solarisation,lr,1e-05,0.0001,32,2,0.6837,0.7221,0.7689,0.1860,0.3016,nan,nan,nan,nan,0
none,cage,4,1,resnet,True,solarisation,lr,1e-05,0.0001,32,3,0.6431,0.7236,0.7648,0.3023,0.2976,nan,nan,nan,nan,0
none,cage,4,1,resnet,True,solarisation,lr,1e-05,0.0001,32,4,0.5994,0.7279,0.7517,0.3023,0.3095,nan,nan,nan,nan,0
none,cage,4,1,resnet,True,solarisation,lr,1e-05,0.0001,32,5,0.5582,0.7331,0.7392,0.3953,0.3254,nan,nan,nan,nan,1
none,cage,4,1,resnet,True,solarisation,lr,1e-05,0.0001,32,6,0.5069,0.7495,0.7158,0.6512,0.3214,nan,nan,nan,nan,0
none,cage,4,1,resnet,True,solarisation,lr,1e-05,0.0001,32,7,0.4509,0.7879,0.7058,0.7674,0.2937,nan,nan,nan,nan,0
none,cage,4,1,resnet,True,solarisation,lr,1e-05,0.0001,32,8,0.4003,0.7994,0.7335,0.6977,0.3492,nan,nan,nan,nan,0
none,cage,4,1,resnet,True,solarisation,lr,1e-05,0.0001,32,9,0.3430,0.8437,0.7431,0.7442,0.3611,nan,nan,nan,nan,1
none,cage,4,1,resnet,True,solarisation,lr,1e-05,0.0001,32,10,0.2875,0.9449,0.7491,0.8140,0.3810,nan,nan,nan,nan,1
none,cage,4,1,resnet,True,solarisation,lr,1e-05,0.0001,32,11,0.2423,1.1151,0.7857,0.8372,0.4008,nan,nan,nan,nan,1
none,cage,4,1,resnet,True,solarisation,lr,1e-05,0.0001,32,12,0.2002,1.2932,0.8546,0.8372,0.4167,nan,nan,nan,nan,1
none,cage,4,1,resnet,True,solarisation,lr,1e-05,0.0001,32,13,0.1597,1.4123,0.8966,0.8372,0.4286,nan,nan,nan,nan,1
none,cage,4,1,resnet,True,solarisation,lr,1e-05,0.0001,32,14,0.1302,1.6788,1.0060,0.8372,0.4286,nan,nan,nan,nan,1
none,cage,4,1,resnet,True,solarisation,lr,1e-05,0.0001,32,15,0.1048,1.6823,1.0228,0.8372,0.4405,nan,nan,nan,nan,1
none,cage,4,1,resnet,True,solarisation,lr,1e-05,0.0001,32,16,0.0853,1.7721,1.0653,0.8372,0.4405,nan,nan,nan,nan,1
none,cage,4,1,resnet,True,solarisation,lr,1e-05,0.0001,32,17,0.0720,2.0604,1.2036,0.8372,0.4444,nan,nan,nan,nan,1
none,cage,4,1,resnet,True,solarisation,lr,1e-05,0.0001,32,18,0.0561,2.1412,1.2431,0.8372,0.4484,nan,nan,nan,nan,0
none,cage,4,1,resnet,True,solarisation,lr,1e-05,0.0001,32,19,0.0473,2.3818,1.3582,0.8372,0.4524,nan,nan,nan,nan,1
none,cage,4,1,resnet,True,solarisation,lr,1e-05,0.0001,32,20,0.0374,2.3324,1.3392,0.8372,0.4643,nan,nan,nan,nan,0
none,cage,4,1,resnet,True,solarisation,lr,1e-05,0.0001,32,21,0.0331,2.6781,1.5063,0.8372,0.5040,nan,nan,nan,nan,1
none,cage,4,1,resnet,True,solarisation,lr,1e-05,0.0001,32,22,0.0294,2.5273,1.4440,0.8372,0.4643,nan,nan,nan,nan,0
none,cage,4,1,resnet,True,solarisation,lr,1e-05,0.0001,32,23,0.0232,2.7725,1.5697,0.8372,0.4563,3.0785,2.2720,0.8140,0.4000,1
none,cage,4,1,resnet,True,solarisation,lr,1e-05,0.0001,32,24,0.0246,2.4643,1.4189,0.8372,0.4484,nan,nan,nan,nan,0
none,cage,4,1,resnet,True,solarisation,lr,1e-05,0.0001,32,25,0.0207,2.7003,1.5337,0.8372,0.4841,nan,nan,nan,nan,0
none,cage,4,1,resnet,True,solarisation,lr,1e-05,0.0001,32,26,0.0185,3.1481,1.7637,0.8372,0.4762,nan,nan,nan,nan,0
none,cage,4,1,resnet,True,solarisation,lr,1e-05,0.0001,32,27,0.0166,3.3183,1.8500,0.8372,0.4921,nan,nan,nan,nan,0
none,cage,4,1,resnet,True,solarisation,lr,1e-05,0.0001,32,28,0.0143,3.3648,1.8751,0.8372,0.4643,nan,nan,nan,nan,0
none,cage,4,2,resnet,True,solarisation,lr,1e-05,0.0001,32,1,0.7430,0.7191,0.6871,0.7857,0.5147,nan,nan,nan,nan,0
none,cage,4,2,resnet,True,solarisation,lr,1e-05,0.0001,32,2,0.6718,0.7401,0.6696,0.7857,0.4522,nan,nan,nan,nan,0
none,cage,4,2,resnet,True,solarisation,lr,1e-05,0.0001,32,3,0.6392,0.7241,0.6832,0.7619,0.4853,nan,nan,nan,nan,0
none,cage,4,2,resnet,True,solarisation,lr,1e-05,0.0001,32,4,0.6141,0.7318,0.6723,0.7619,0.5110,nan,nan,nan,nan,0
none,cage,4,2,resnet,True,solarisation,lr,1e-05,0.0001,32,5,0.5595,0.7602,0.6671,0.8095,0.4706,nan,nan,nan,nan,1
none,cage,4,2,resnet,True,solarisation,lr,1e-05,0.0001,32,6,0.5198,0.7821,0.6625,0.8095,0.5037,nan,nan,nan,nan,0
none,cage,4,2,resnet,True,solarisation,lr,1e-05,0.0001,32,7,0.4666,0.8822,0.6764,0.8095,0.5074,nan,nan,nan,nan,1
none,cage,4,2,resnet,True,solarisation,lr,1e-05,0.0001,32,8,0.4050,0.8502,0.7049,0.8095,0.5404,nan,nan,nan,nan,1
none,cage,4,2,resnet,True,solarisation,lr,1e-05,0.0001,32,9,0.3426,1.0466,0.7404,0.8095,0.5331,nan,nan,nan,nan,0
none,cage,4,2,resnet,True,solarisation,lr,1e-05,0.0001,32,10,0.2945,1.0102,0.7599,0.8095,0.5184,nan,nan,nan,nan,1
none,cage,4,2,resnet,True,solarisation,lr,1e-05,0.0001,32,11,0.2432,1.3132,0.8621,0.8095,0.5294,nan,nan,nan,nan,1
none,cage,4,2,resnet,True,solarisation,lr,1e-05,0.0001,32,12,0.2049,1.2469,0.8658,0.8095,0.5221,nan,nan,nan,nan,0
none,cage,4,2,resnet,True,solarisation,lr,1e-05,0.0001,32,13,0.1667,1.4525,0.9518,0.8095,0.5588,nan,nan,nan,nan,1
none,cage,4,2,resnet,True,solarisation,lr,1e-05,0.0001,32,14,0.1344,1.5486,1.0191,0.8095,0.5441,nan,nan,nan,nan,0
none,cage,4,2,resnet,True,solarisation,lr,1e-05,0.0001,32,15,0.1121,1.4115,0.9749,0.8095,0.5551,nan,nan,nan,nan,1
none,cage,4,2,resnet,True,solarisation,lr,1e-05,0.0001,32,16,0.0903,1.6328,1.0792,0.8095,0.5551,nan,nan,nan,nan,1
none,cage,4,2,resnet,True,solarisation,lr,1e-05,0.0001,32,17,0.0729,1.9458,1.2032,0.8095,0.5441,nan,nan,nan,nan,0
none,cage,4,2,resnet,True,solarisation,lr,1e-05,0.0001,32,18,0.0648,1.7291,1.1353,0.8095,0.5662,nan,nan,nan,nan,1
none,cage,4,2,resnet,True,solarisation,lr,1e-05,0.0001,32,19,0.0550,1.9310,1.2147,0.8095,0.5735,1.9667,1.5876,0.8140,0.6357,1
none,cage,4,2,resnet,True,solarisation,lr,1e-05,0.0001,32,20,0.0451,2.2597,1.3619,0.8095,0.5551,nan,nan,nan,nan,0
none,cage,4,2,resnet,True,solarisation,lr,1e-05,0.0001,32,21,0.0377,2.2787,1.3897,0.8095,0.5257,nan,nan,nan,nan,0
none,cage,4,2,resnet,True,solarisation,lr,1e-05,0.0001,32,22,0.0296,2.2453,1.3778,0.8095,0.5588,nan,nan,nan,nan,0
none,cage,4,2,resnet,True,solarisation,lr,1e-05,0.0001,32,23,0.0272,2.1268,1.3265,0.8095,0.5441,nan,nan,nan,nan,0
none,cage,4,2,resnet,True,solarisation,lr,1e-05,0.0001,32,24,0.0225,2.7216,1.6091,0.8095,0.5257,nan,nan,nan,nan,0
none,cage,4,3,resnet,True,solarisation,lr,1e-05,0.0001,32,1,0.7256,0.7052,0.6886,0.6429,0.4041,nan,nan,nan,nan,0
none,cage,4,3,resnet,True,solarisation,lr,1e-05,0.0001,32,2,0.6835,0.7060,0.7128,0.4762,0.4163,nan,nan,nan,nan,0
none,cage,4,3,resnet,True,solarisation,lr,1e-05,0.0001,32,3,0.6485,0.7060,0.7092,0.5000,0.4449,nan,nan,nan,nan,0
none,cage,4,3,resnet,True,solarisation,lr,1e-05,0.0001,32,4,0.6083,0.7094,0.7393,0.2619,0.4857,nan,nan,nan,nan,0
none,cage,4,3,resnet,True,solarisation,lr,1e-05,0.0001,32,5,0.5617,0.7116,0.7335,0.5000,0.4898,nan,nan,nan,nan,1
none,cage,4,3,resnet,True,solarisation,lr,1e-05,0.0001,32,6,0.5246,0.7221,0.7687,0.3333,0.4816,nan,nan,nan,nan,1
none,cage,4,3,resnet,True,solarisation,lr,1e-05,0.0001,32,7,0.4618,0.7300,0.7589,0.4762,0.4653,0.7737,0.8115,0.2558,0.2857,1
none,cage,4,3,resnet,True,solarisation,lr,1e-05,0.0001,32,8,0.4110,0.7406,0.7830,0.4524,0.4612,nan,nan,nan,nan,0
none,cage,4,3,resnet,True,solarisation,lr,1e-05,0.0001,32,9,0.3564,0.7523,0.8582,0.3095,0.4939,nan,nan,nan,nan,0
none,cage,4,3,resnet,True,solarisation,lr,1e-05,0.0001,32,10,0.2964,0.7664,0.7384,0.6667,0.4816,nan,nan,nan,nan,0
none,cage,4,3,resnet,True,solarisation,lr,1e-05,0.0001,32,11,0.2384,0.7903,0.7794,0.6667,0.4653,nan,nan,nan,nan,0
none,cage,4,3,resnet,True,solarisation,lr,1e-05,0.0001,32,12,0.2008,0.7822,0.8322,0.6190,0.4735,nan,nan,nan,nan,0
none,cage,4,3,resnet,True,solarisation,lr,1e-05,0.0001,32,13,0.1569,0.7925,0.8480,0.6190,0.4612,nan,nan,nan,nan,0
none,cage,4,3,resnet,True,solarisation,lr,1e-05,0.0001,32,14,0.1273,0.8261,0.8262,0.6667,0.4816,nan,nan,nan,nan,0
none,cage,4,3,resnet,True,solarisation,lr,1e-05,0.0001,32,15,0.1074,0.8279,0.8707,0.6667,0.4776,nan,nan,nan,nan,0
none,cage,4,3,resnet,True,solarisation,lr,1e-05,0.0001,32,16,0.0901,0.9024,0.8708,0.6667,0.4653,nan,nan,nan,nan,0
none,cage,4,5,resnet,True,solarisation,lr,1e-05,0.0001,32,1,0.7374,0.6821,0.7134,0.4750,0.5663,nan,nan,nan,nan,0
none,cage,4,5,resnet,True,solarisation,lr,1e-05,0.0001,32,2,0.6798,0.6746,0.7233,0.3750,0.5699,nan,nan,nan,nan,0
none,cage,4,5,resnet,True,solarisation,lr,1e-05,0.0001,32,3,0.6466,0.6744,0.7217,0.4250,0.5842,nan,nan,nan,nan,0
none,cage,4,5,resnet,True,solarisation,lr,1e-05,0.0001,32,4,0.6003,0.6753,0.7259,0.5250,0.5950,nan,nan,nan,nan,0
none,cage,4,5,resnet,True,solarisation,lr,1e-05,0.0001,32,5,0.5617,0.6911,0.7004,0.7000,0.6022,nan,nan,nan,nan,1
none,cage,4,5,resnet,True,solarisation,lr,1e-05,0.0001,32,6,0.5175,0.6818,0.7091,0.6000,0.5986,nan,nan,nan,nan,1
none,cage,4,5,resnet,True,solarisation,lr,1e-05,0.0001,32,7,0.4627,0.6799,0.7074,0.6500,0.6237,nan,nan,nan,nan,1
none,cage,4,5,resnet,True,solarisation,lr,1e-05,0.0001,32,8,0.4041,0.6986,0.7061,0.7250,0.6201,nan,nan,nan,nan,1
none,cage,4,5,resnet,True,solarisation,lr,1e-05,0.0001,32,9,0.3600,0.7623,0.6954,0.7000,0.6165,nan,nan,nan,nan,0
none,cage,4,5,resnet,True,solarisation,lr,1e-05,0.0001,32,10,0.2968,0.7638,0.6969,0.7250,0.6380,nan,nan,nan,nan,1
none,cage,4,5,resnet,True,solarisation,lr,1e-05,0.0001,32,11,0.2519,0.8325,0.7238,0.7500,0.6201,nan,nan,nan,nan,0
none,cage,4,5,resnet,True,solarisation,lr,1e-05,0.0001,32,12,0.1976,0.9581,0.7616,0.7750,0.6308,nan,nan,nan,nan,1
none,cage,4,5,resnet,True,solarisation,lr,1e-05,0.0001,32,13,0.1665,0.9853,0.7770,0.7750,0.6452,1.2102,1.0546,0.8140,0.4143,1
none,cage,4,5,resnet,True,solarisation,lr,1e-05,0.0001,32,14,0.1323,0.9664,0.7830,0.7750,0.6272,nan,nan,nan,nan,0
none,cage,4,5,resnet,True,solarisation,lr,1e-05,0.0001,32,15,0.1136,1.1632,0.8612,0.7750,0.6272,nan,nan,nan,nan,0
none,cage,4,5,resnet,True,solarisation,lr,1e-05,0.0001,32,16,0.0908,1.1081,0.8432,0.7750,0.6308,nan,nan,nan,nan,0
none,cage,4,5,resnet,True,solarisation,lr,1e-05,0.0001,32,17,0.0746,1.0400,0.8362,0.7750,0.6272,nan,nan,nan,nan,0
none,cage,4,5,resnet,True,solarisation,lr,1e-05,0.0001,32,18,0.0610,1.2814,0.9396,0.7750,0.6272,nan,nan,nan,nan,0
none,cage,4,6,resnet,True,solarisation,lr,1e-05,0.0001,32,1,0.7396,0.6950,0.6761,0.7561,0.4619,nan,nan,nan,nan,0
none,cage,4,6,resnet,True,solarisation,lr,1e-05,0.0001,32,2,0.6867,0.7063,0.6518,0.8537,0.4000,nan,nan,nan,nan,0
none,cage,4,6,resnet,True,solarisation,lr,1e-05,0.0001,32,3,0.6505,0.7106,0.6821,0.7317,0.4095,nan,nan,nan,nan,0
none,cage,4,6,resnet,True,solarisation,lr,1e-05,0.0001,32,4,0.6152,0.7268,0.6727,0.7561,0.3905,nan,nan,nan,nan,0
none,cage,4,6,resnet,True,solarisation,lr,1e-05,0.0001,32,5,0.5715,0.7312,0.6821,0.7317,0.4000,nan,nan,nan,nan,1
none,cage,4,6,resnet,True,solarisation,lr,1e-05,0.0001,32,6,0.5259,0.7545,0.6840,0.8049,0.3810,nan,nan,nan,nan,0
none,cage,4,6,resnet,True,solarisation,lr,1e-05,0.0001,32,7,0.4598,0.8088,0.6835,0.8293,0.4095,nan,nan,nan,nan,0
none,cage,4,6,resnet,True,solarisation,lr,1e-05,0.0001,32,8,0.4062,0.8564,0.7011,0.8293,0.3714,nan,nan,nan,nan,0
none,cage,4,6,resnet,True,solarisation,lr,1e-05,0.0001,32,9,0.3504,0.8987,0.7177,0.8293,0.4333,nan,nan,nan,nan,0
none,cage,4,6,resnet,True,solarisation,lr,1e-05,0.0001,32,10,0.2852,1.0008,0.7627,0.8293,0.4333,nan,nan,nan,nan,0
none,cage,4,6,resnet,True,solarisation,lr,1e-05,0.0001,32,11,0.2397,1.1928,0.8587,0.8293,0.4286,nan,nan,nan,nan,0
none,cage,4,6,resnet,True,solarisation,lr,1e-05,0.0001,32,12,0.1919,1.3980,0.9567,0.8537,0.4095,nan,nan,nan,nan,0
none,cage,4,6,resnet,True,solarisation,lr,1e-05,0.0001,32,13,0.1630,1.6033,1.0661,0.8537,0.4286,nan,nan,nan,nan,1
none,cage,4,6,resnet,True,solarisation,lr,1e-05,0.0001,32,14,0.1256,1.8170,1.1780,0.8537,0.4238,nan,nan,nan,nan,0
none,cage,4,6,resnet,True,solarisation,lr,1e-05,0.0001,32,15,0.1032,1.6303,1.0923,0.8293,0.4571,nan,nan,nan,nan,0
none,cage,4,6,resnet,True,solarisation,lr,1e-05,0.0001,32,16,0.0884,2.1869,1.3932,0.8537,0.4190,nan,nan,nan,nan,0
none,cage,4,6,resnet,True,solarisation,lr,1e-05,0.0001,32,17,0.0650,2.0733,1.3287,0.8537,0.4524,nan,nan,nan,nan,1
none,cage,4,6,resnet,True,solarisation,lr,1e-05,0.0001,32,18,0.0562,2.0924,1.3444,0.8537,0.4810,nan,nan,nan,nan,1
none,cage,4,6,resnet,True,solarisation,lr,1e-05,0.0001,32,19,0.0445,1.8907,1.2455,0.8537,0.4762,nan,nan,nan,nan,1
none,cage,4,6,resnet,True,solarisation,lr,1e-05,0.0001,32,20,0.0397,2.3672,1.4988,0.8537,0.4429,nan,nan,nan,nan,0
none,cage,4,6,resnet,True,solarisation,lr,1e-05,0.0001,32,21,0.0324,2.3599,1.4981,0.8537,0.5000,2.7324,2.1546,0.8140,0.5393,1
none,cage,4,6,resnet,True,solarisation,lr,1e-05,0.0001,32,22,0.0287,2.7668,1.7344,0.8537,0.4381,nan,nan,nan,nan,0
none,cage,4,6,resnet,True,solarisation,lr,1e-05,0.0001,32,23,0.0240,2.5767,1.6253,0.8537,0.4429,nan,nan,nan,nan,0
none,cage,4,6,resnet,True,solarisation,lr,1e-05,0.0001,32,24,0.0258,2.8976,1.8108,0.8537,0.4571,nan,nan,nan,nan,0
none,cage,4,6,resnet,True,solarisation,lr,1e-05,0.0001,32,25,0.0212,2.8699,1.7973,0.8537,0.4476,nan,nan,nan,nan,0
none,cage,4,6,resnet,True,solarisation,lr,1e-05,0.0001,32,26,0.0174,2.9863,1.8681,0.8537,0.4667,nan,nan,nan,nan,0
none,cage,4,7,resnet,True,solarisation,lr,1e-05,0.0001,32,1,0.7386,0.7021,0.6328,0.8409,0.6111,nan,nan,nan,nan,0
none,cage,4,7,resnet,True,solarisation,lr,1e-05,0.0001,32,2,0.6922,0.6999,0.6293,0.8182,0.6111,nan,nan,nan,nan,0
none,cage,4,7,resnet,True,solarisation,lr,1e-05,0.0001,32,3,0.6455,0.6942,0.6411,0.8182,0.6215,nan,nan,nan,nan,0
none,cage,4,7,resnet,True,solarisation,lr,1e-05,0.0001,32,4,0.6150,0.7298,0.6074,0.8182,0.6389,nan,nan,nan,nan,0
none,cage,4,7,resnet,True,solarisation,lr,1e-05,0.0001,32,5,0.5678,0.7519,0.6096,0.8182,0.6146,nan,nan,nan,nan,1
none,cage,4,7,resnet,True,solarisation,lr,1e-05,0.0001,32,6,0.5272,0.7491,0.6099,0.8182,0.6215,nan,nan,nan,nan,0
none,cage,4,7,resnet,True,solarisation,lr,1e-05,0.0001,32,7,0.4644,0.7806,0.6126,0.8182,0.6354,nan,nan,nan,nan,1
none,cage,4,7,resnet,True,solarisation,lr,1e-05,0.0001,32,8,0.4043,0.8032,0.6208,0.8182,0.6458,nan,nan,nan,nan,0
none,cage,4,7,resnet,True,solarisation,lr,1e-05,0.0001,32,9,0.3420,0.8498,0.6363,0.8182,0.6493,nan,nan,nan,nan,1
none,cage,4,7,resnet,True,solarisation,lr,1e-05,0.0001,32,10,0.2929,0.8975,0.6611,0.8182,0.6701,nan,nan,nan,nan,1
none,cage,4,7,resnet,True,solarisation,lr,1e-05,0.0001,32,11,0.2430,1.0683,0.7210,0.8182,0.6632,nan,nan,nan,nan,1
none,cage,4,7,resnet,True,solarisation,lr,1e-05,0.0001,32,12,0.1977,1.2925,0.8272,0.8182,0.6285,nan,nan,nan,nan,0
none,cage,4,7,resnet,True,solarisation,lr,1e-05,0.0001,32,13,0.1611,1.3103,0.8483,0.8182,0.6597,nan,nan,nan,nan,0
none,cage,4,7,resnet,True,solarisation,lr,1e-05,0.0001,32,14,0.1239,1.4733,0.9149,0.8182,0.6736,1.9472,1.4752,0.8140,0.3036,1
none,cage,4,7,resnet,True,solarisation,lr,1e-05,0.0001,32,15,0.1015,1.3432,0.8742,0.8182,0.6528,nan,nan,nan,nan,0
none,cage,4,7,resnet,True,solarisation,lr,1e-05,0.0001,32,16,0.0881,1.2805,0.8507,0.8182,0.6701,nan,nan,nan,nan,0
none,cage,4,7,resnet,True,solarisation,lr,1e-05,0.0001,32,17,0.0744,1.8091,1.1070,0.8182,0.6562,nan,nan,nan,nan,0
none,cage,4,7,resnet,True,solarisation,lr,1e-05,0.0001,32,18,0.0583,2.0317,1.2094,0.8182,0.6424,nan,nan,nan,nan,0
none,cage,4,7,resnet,True,solarisation,lr,1e-05,0.0001,32,19,0.0486,1.8212,1.1260,0.8182,0.6354,nan,nan,nan,nan,0
none,cage,4,8,resnet,True,solarisation,lr,1e-05,0.0001,32,1,0.7355,0.7710,0.9618,0.1702,0.5096,nan,nan,nan,nan,0
none,cage,4,8,resnet,True,solarisation,lr,1e-05,0.0001,32,2,0.6863,0.7825,0.9828,0.1702,0.5160,nan,nan,nan,nan,0
none,cage,4,8,resnet,True,solarisation,lr,1e-05,0.0001,32,3,0.6500,0.8178,1.0549,0.1702,0.5160,nan,nan,nan,nan,0
none,cage,4,8,resnet,True,solarisation,lr,1e-05,0.0001,32,4,0.6082,0.8453,1.1129,0.1702,0.5192,nan,nan,nan,nan,0
none,cage,4,8,resnet,True,solarisation,lr,1e-05,0.0001,32,5,0.5606,0.8730,1.1617,0.1702,0.5032,nan,nan,nan,nan,1
none,cage,4,8,resnet,True,solarisation,lr,1e-05,0.0001,32,6,0.5172,0.9879,1.3681,0.1702,0.5321,nan,nan,nan,nan,0
none,cage,4,8,resnet,True,solarisation,lr,1e-05,0.0001,32,7,0.4716,0.9428,1.2879,0.1702,0.5929,nan,nan,nan,nan,1
none,cage,4,8,resnet,True,solarisation,lr,1e-05,0.0001,32,8,0.4101,1.0254,1.4287,0.1702,0.5737,nan,nan,nan,nan,1
none,cage,4,8,resnet,True,solarisation,lr,1e-05,0.0001,32,9,0.3659,1.0561,1.4826,0.1702,0.5705,nan,nan,nan,nan,1
none,cage,4,8,resnet,True,solarisation,lr,1e-05,0.0001,32,10,0.2995,1.1392,1.6206,0.1702,0.5994,nan,nan,nan,nan,1
none,cage,4,8,resnet,True,solarisation,lr,1e-05,0.0001,32,11,0.2558,1.1673,1.6573,0.1702,0.6058,nan,nan,nan,nan,1
none,cage,4,8,resnet,True,solarisation,lr,1e-05,0.0001,32,12,0.2124,1.1754,1.6764,0.1702,0.6090,nan,nan,nan,nan,0
none,cage,4,8,resnet,True,solarisation,lr,1e-05,0.0001,32,13,0.1752,1.1691,1.6736,0.1702,0.6026,nan,nan,nan,nan,1
none,cage,4,8,resnet,True,solarisation,lr,1e-05,0.0001,32,14,0.1387,1.2740,1.8329,0.1702,0.6122,nan,nan,nan,nan,1
none,cage,4,8,resnet,True,solarisation,lr,1e-05,0.0001,32,15,0.1192,1.3757,1.9675,0.1702,0.6218,nan,nan,nan,nan,0
none,cage,4,8,resnet,True,solarisation,lr,1e-05,0.0001,32,16,0.0953,1.3169,1.8899,0.1702,0.6346,nan,nan,nan,nan,1
none,cage,4,8,resnet,True,solarisation,lr,1e-05,0.0001,32,17,0.0768,1.4201,2.0342,0.1702,0.6378,nan,nan,nan,nan,1
none,cage,4,8,resnet,True,solarisation,lr,1e-05,0.0001,32,18,0.0643,1.4049,2.0242,0.1702,0.6474,nan,nan,nan,nan,1
none,cage,4,8,resnet,True,solarisation,lr,1e-05,0.0001,32,19,0.0513,1.3601,1.9681,0.1702,0.6538,nan,nan,nan,nan,1
none,cage,4,8,resnet,True,solarisation,lr,1e-05,0.0001,32,20,0.0398,1.2637,1.8405,0.1702,0.6538,nan,nan,nan,nan,1
none,cage,4,8,resnet,True,solarisation,lr,1e-05,0.0001,32,21,0.0362,1.2530,1.8382,0.1915,0.6571,nan,nan,nan,nan,0
none,cage,4,8,resnet,True,solarisation,lr,1e-05,0.0001,32,22,0.0314,1.4232,2.0836,0.1702,0.6442,1.4299,1.8916,0.1860,0.4107,1
none,cage,4,8,resnet,True,solarisation,lr,1e-05,0.0001,32,23,0.0264,1.4119,2.0692,0.1702,0.6603,nan,nan,nan,nan,0
none,cage,4,8,resnet,True,solarisation,lr,1e-05,0.0001,32,24,0.0216,1.4837,2.1595,0.1702,0.6474,nan,nan,nan,nan,0
none,cage,4,8,resnet,True,solarisation,lr,1e-05,0.0001,32,25,0.0206,1.4942,2.1853,0.1702,0.6378,nan,nan,nan,nan,0
none,cage,4,8,resnet,True,solarisation,lr,1e-05,0.0001,32,26,0.0169,1.4522,2.1218,0.1702,0.6314,nan,nan,nan,nan,0
none,cage,4,8,resnet,True,solarisation,lr,1e-05,0.0001,32,27,0.0147,1.3090,1.9490,0.2128,0.6506,nan,nan,nan,nan,0
none,cage,4,9,resnet,True,solarisation,lr,1e-05,0.0001,32,1,0.7255,0.6910,0.7721,0.2143,0.4983,nan,nan,nan,nan,0
none,cage,4,9,resnet,True,solarisation,lr,1e-05,0.0001,32,2,0.6862,0.6959,0.7878,0.2143,0.4444,nan,nan,nan,nan,0
none,cage,4,9,resnet,True,solarisation,lr,1e-05,0.0001,32,3,0.6386,0.7010,0.7531,0.2381,0.4007,nan,nan,nan,nan,0
none,cage,4,9,resnet,True,solarisation,lr,1e-05,0.0001,32,4,0.6019,0.7120,0.8517,0.2143,0.3906,nan,nan,nan,nan,0
none,cage,4,9,resnet,True,solarisation,lr,1e-05,0.0001,32,5,0.5537,0.7154,0.8458,0.2143,0.3805,nan,nan,nan,nan,1
none,cage,4,9,resnet,True,solarisation,lr,1e-05,0.0001,32,6,0.5002,0.7300,0.8988,0.1905,0.4108,nan,nan,nan,nan,0
none,cage,4,9,resnet,True,solarisation,lr,1e-05,0.0001,32,7,0.4461,0.7339,0.8738,0.2143,0.3805,nan,nan,nan,nan,0
none,cage,4,9,resnet,True,solarisation,lr,1e-05,0.0001,32,8,0.3858,0.7390,0.9054,0.2143,0.3805,nan,nan,nan,nan,0
none,cage,4,9,resnet,True,solarisation,lr,1e-05,0.0001,32,9,0.3364,0.7497,0.9584,0.1905,0.3872,nan,nan,nan,nan,0
none,cage,4,9,resnet,True,solarisation,lr,1e-05,0.0001,32,10,0.2797,0.7615,0.9162,0.2857,0.3838,nan,nan,nan,nan,0
none,cage,4,9,resnet,True,solarisation,lr,1e-05,0.0001,32,11,0.2295,0.7503,0.8808,0.3571,0.4175,nan,nan,nan,nan,0
none,cage,4,9,resnet,True,solarisation,lr,1e-05,0.0001,32,12,0.1937,0.7431,0.9324,0.2857,0.4444,nan,nan,nan,nan,0
none,cage,4,9,resnet,True,solarisation,lr,1e-05,0.0001,32,13,0.1544,0.7662,0.8394,0.4286,0.4613,nan,nan,nan,nan,0
none,cage,4,9,resnet,True,solarisation,lr,1e-05,0.0001,32,14,0.1252,0.7732,0.8564,0.4524,0.4276,nan,nan,nan,nan,0
none,cage,4,9,resnet,True,solarisation,lr,1e-05,0.0001,32,15,0.1026,0.7727,0.9074,0.4286,0.4478,nan,nan,nan,nan,1
none,cage,4,9,resnet,True,solarisation,lr,1e-05,0.0001,32,16,0.0808,0.7880,0.9366,0.3810,0.4276,nan,nan,nan,nan,0
none,cage,4,9,resnet,True,solarisation,lr,1e-05,0.0001,32,17,0.0693,0.8637,0.8716,0.5952,0.4680,nan,nan,nan,nan,1
none,cage,4,9,resnet,True,solarisation,lr,1e-05,0.0001,32,18,0.0558,0.8032,0.9224,0.4524,0.4512,nan,nan,nan,nan,0
none,cage,4,9,resnet,True,solarisation,lr,1e-05,0.0001,32,19,0.0488,0.8843,0.9039,0.5714,0.4613,nan,nan,nan,nan,0
none,cage,4,9,resnet,True,solarisation,lr,1e-05,0.0001,32,20,0.0396,1.0142,0.8831,0.7143,0.4848,nan,nan,nan,nan,1
none,cage,4,9,resnet,True,solarisation,lr,1e-05,0.0001,32,21,0.0332,0.9997,0.9082,0.7381,0.4949,nan,nan,nan,nan,1
none,cage,4,9,resnet,True,solarisation,lr,1e-05,0.0001,32,22,0.0304,0.8754,0.9400,0.5714,0.4949,nan,nan,nan,nan,1
none,cage,4,9,resnet,True,solarisation,lr,1e-05,0.0001,32,23,0.0247,0.8831,0.9514,0.5714,0.4983,nan,nan,nan,nan,1
none,cage,4,9,resnet,True,solarisation,lr,1e-05,0.0001,32,24,0.0198,0.8123,0.9766,0.5238,0.5455,0.7784,1.0384,0.5116,0.5393,1
none,cage,4,9,resnet,True,solarisation,lr,1e-05,0.0001,32,25,0.0183,0.8961,0.9940,0.5714,0.4815,nan,nan,nan,nan,0
none,cage,4,9,resnet,True,solarisation,lr,1e-05,0.0001,32,26,0.0161,1.1367,0.9830,0.7619,0.4411,nan,nan,nan,nan,0
none,cage,4,9,resnet,True,solarisation,lr,1e-05,0.0001,32,27,0.0128,0.9347,1.0476,0.5714,0.4646,nan,nan,nan,nan,0
none,cage,4,9,resnet,True,solarisation,lr,1e-05,0.0001,32,28,0.0137,1.1207,0.9986,0.7143,0.4848,nan,nan,nan,nan,0
none,cage,4,9,resnet,True,solarisation,lr,1e-05,0.0001,32,29,0.0134,0.8997,1.0358,0.5476,0.5084,nan,nan,nan,nan,0
none,cage,5,0,resnet,True,solarisation,lr,1e-05,0.0001,32,1,0.7358,0.7497,0.6290,0.8372,0.4048,nan,nan,nan,nan,0
none,cage,5,0,resnet,True,solarisation,lr,1e-05,0.0001,32,2,0.6805,0.7460,0.6275,0.8372,0.4643,nan,nan,nan,nan,0
none,cage,5,0,resnet,True,solarisation,lr,1e-05,0.0001,32,3,0.6470,0.7872,0.6275,0.8372,0.4683,nan,nan,nan,nan,0
none,cage,5,0,resnet,True,solarisation,lr,1e-05,0.0001,32,4,0.6092,0.7883,0.6273,0.8372,0.5278,nan,nan,nan,nan,0
none,cage,5,0,resnet,True,solarisation,lr,1e-05,0.0001,32,5,0.5689,0.8279,0.6433,0.8372,0.4683,nan,nan,nan,nan,1
none,cage,5,0,resnet,True,solarisation,lr,1e-05,0.0001,32,6,0.5159,0.8556,0.6558,0.8372,0.4762,nan,nan,nan,nan,1
none,cage,5,0,resnet,True,solarisation,lr,1e-05,0.0001,32,7,0.4686,0.9688,0.6922,0.8372,0.5476,nan,nan,nan,nan,1
none,cage,5,0,resnet,True,solarisation,lr,1e-05,0.0001,32,8,0.4123,1.0615,0.7400,0.8372,0.5159,nan,nan,nan,nan,1
none,cage,5,0,resnet,True,solarisation,lr,1e-05,0.0001,32,9,0.3559,1.2409,0.8356,0.8372,0.5357,nan,nan,nan,nan,0
none,cage,5,0,resnet,True,solarisation,lr,1e-05,0.0001,32,10,0.2971,1.4410,0.9495,0.8372,0.5278,nan,nan,nan,nan,1
none,cage,5,0,resnet,True,solarisation,lr,1e-05,0.0001,32,11,0.2529,1.5558,1.0108,0.8372,0.5278,nan,nan,nan,nan,1
none,cage,5,0,resnet,True,solarisation,lr,1e-05,0.0001,32,12,0.2057,1.9056,1.2220,0.8372,0.5476,nan,nan,nan,nan,0
none,cage,5,0,resnet,True,solarisation,lr,1e-05,0.0001,32,13,0.1683,2.0697,1.3256,0.8372,0.5476,nan,nan,nan,nan,1
none,cage,5,0,resnet,True,solarisation,lr,1e-05,0.0001,32,14,0.1392,2.1629,1.3819,0.8372,0.5556,nan,nan,nan,nan,0
none,cage,5,0,resnet,True,solarisation,lr,1e-05,0.0001,32,15,0.1082,2.5617,1.6309,0.8372,0.5595,nan,nan,nan,nan,1
none,cage,5,0,resnet,True,solarisation,lr,1e-05,0.0001,32,16,0.0892,2.6286,1.6747,0.8372,0.5595,3.0499,1.8930,0.7750,0.5197,1
none,cage,5,0,resnet,True,solarisation,lr,1e-05,0.0001,32,17,0.0771,2.7447,1.7486,0.8372,0.5476,nan,nan,nan,nan,0
none,cage,5,0,resnet,True,solarisation,lr,1e-05,0.0001,32,18,0.0604,3.0725,1.9577,0.8372,0.5476,nan,nan,nan,nan,0
none,cage,5,0,resnet,True,solarisation,lr,1e-05,0.0001,32,19,0.0525,3.3894,2.1563,0.8372,0.5516,nan,nan,nan,nan,0
none,cage,5,0,resnet,True,solarisation,lr,1e-05,0.0001,32,20,0.0444,3.2485,2.0706,0.8372,0.5317,nan,nan,nan,nan,0
none,cage,5,0,resnet,True,solarisation,lr,1e-05,0.0001,32,21,0.0393,3.1588,2.0137,0.8372,0.5357,nan,nan,nan,nan,0
none,cage,5,1,resnet,True,solarisation,lr,1e-05,0.0001,32,1,0.7385,0.6870,0.6158,0.8140,0.6706,nan,nan,nan,nan,0
none,cage,5,1,resnet,True,solarisation,lr,1e-05,0.0001,32,2,0.6863,0.6966,0.6006,0.8372,0.6587,nan,nan,nan,nan,0
none,cage,5,1,resnet,True,solarisation,lr,1e-05,0.0001,32,3,0.6530,0.6975,0.6008,0.8372,0.6587,nan,nan,nan,nan,0
none,cage,5,1,resnet,True,solarisation,lr,1e-05,0.0001,32,4,0.6169,0.6887,0.6209,0.8372,0.6230,nan,nan,nan,nan,0
none,cage,5,1,resnet,True,solarisation,lr,1e-05,0.0001,32,5,0.5664,0.7218,0.5838,0.8372,0.6548,nan,nan,nan,nan,1
none,cage,5,1,resnet,True,solarisation,lr,1e-05,0.0001,32,6,0.5207,0.7363,0.5833,0.8372,0.6548,nan,nan,nan,nan,0
none,cage,5,1,resnet,True,solarisation,lr,1e-05,0.0001,32,7,0.4753,0.7769,0.5800,0.8372,0.6468,nan,nan,nan,nan,0
none,cage,5,1,resnet,True,solarisation,lr,1e-05,0.0001,32,8,0.4154,0.8463,0.5998,0.8372,0.6587,nan,nan,nan,nan,0
none,cage,5,1,resnet,True,solarisation,lr,1e-05,0.0001,32,9,0.3721,0.9615,0.6320,0.8372,0.7024,nan,nan,nan,nan,1
none,cage,5,1,resnet,True,solarisation,lr,1e-05,0.0001,32,10,0.3146,1.0443,0.6709,0.8372,0.6786,nan,nan,nan,nan,0
none,cage,5,1,resnet,True,solarisation,lr,1e-05,0.0001,32,11,0.2668,1.0549,0.6845,0.8372,0.6706,nan,nan,nan,nan,1
none,cage,5,1,resnet,True,solarisation,lr,1e-05,0.0001,32,12,0.2213,1.3212,0.7970,0.8372,0.7143,nan,nan,nan,nan,1
none,cage,5,1,resnet,True,solarisation,lr,1e-05,0.0001,32,13,0.1741,1.3932,0.8397,0.8372,0.6865,1.7947,1.1669,0.7750,0.4910,1
none,cage,5,1,resnet,True,solarisation,lr,1e-05,0.0001,32,14,0.1514,1.4932,0.8930,0.8372,0.6865,nan,nan,nan,nan,0
none,cage,5,1,resnet,True,solarisation,lr,1e-05,0.0001,32,15,0.1147,1.7416,1.0158,0.8372,0.6905,nan,nan,nan,nan,0
none,cage,5,1,resnet,True,solarisation,lr,1e-05,0.0001,32,16,0.0952,2.1679,1.2373,0.8372,0.6905,nan,nan,nan,nan,0
none,cage,5,1,resnet,True,solarisation,lr,1e-05,0.0001,32,17,0.0785,1.9176,1.1077,0.8372,0.7024,nan,nan,nan,nan,0
none,cage,5,1,resnet,True,solarisation,lr,1e-05,0.0001,32,18,0.0641,2.1049,1.2063,0.8372,0.6786,nan,nan,nan,nan,0
none,cage,5,2,resnet,True,solarisation,lr,1e-05,0.0001,32,1,0.7161,0.7408,0.9203,0.1905,0.5699,nan,nan,nan,nan,0
none,cage,5,2,resnet,True,solarisation,lr,1e-05,0.0001,32,2,0.6737,0.7356,0.9055,0.1905,0.5441,nan,nan,nan,nan,0
none,cage,5,2,resnet,True,solarisation,lr,1e-05,0.0001,32,3,0.6359,0.7532,0.9593,0.1905,0.5699,nan,nan,nan,nan,0
none,cage,5,2,resnet,True,solarisation,lr,1e-05,0.0001,32,4,0.6036,0.7336,0.9151,0.1905,0.5588,nan,nan,nan,nan,0
none,cage,5,2,resnet,True,solarisation,lr,1e-05,0.0001,32,5,0.5517,0.7711,1.0011,0.1905,0.5478,nan,nan,nan,nan,1
none,cage,5,2,resnet,True,solarisation,lr,1e-05,0.0001,32,6,0.5059,0.7745,1.0248,0.1905,0.5625,nan,nan,nan,nan,0
none,cage,5,2,resnet,True,solarisation,lr,1e-05,0.0001,32,7,0.4491,0.7219,0.9139,0.2381,0.5772,0.7234,0.8824,0.2250,0.4265,1
none,cage,5,2,resnet,True,solarisation,lr,1e-05,0.0001,32,8,0.3974,0.7465,0.9735,0.2381,0.5441,nan,nan,nan,nan,0
none,cage,5,2,resnet,True,solarisation,lr,1e-05,0.0001,32,9,0.3381,0.7233,0.9271,0.2619,0.5294,nan,nan,nan,nan,0
none,cage,5,2,resnet,True,solarisation,lr,1e-05,0.0001,32,10,0.2847,0.7255,0.9131,0.3095,0.4926,nan,nan,nan,nan,0
none,cage,5,2,resnet,True,solarisation,lr,1e-05,0.0001,32,11,0.2286,0.7223,0.8832,0.4048,0.4926,nan,nan,nan,nan,0
none,cage,5,2,resnet,True,solarisation,lr,1e-05,0.0001,32,12,0.1967,0.7439,0.9256,0.4048,0.4596,nan,nan,nan,nan,0
none,cage,5,2,resnet,True,solarisation,lr,1e-05,0.0001,32,13,0.1621,0.7657,1.0090,0.3095,0.4412,nan,nan,nan,nan,0
none,cage,5,2,resnet,True,solarisation,lr,1e-05,0.0001,32,14,0.1248,0.7788,0.9665,0.4286,0.4118,nan,nan,nan,nan,0
none,cage,5,2,resnet,True,solarisation,lr,1e-05,0.0001,32,15,0.0978,0.7858,0.9556,0.4524,0.4301,nan,nan,nan,nan,0
none,cage,5,2,resnet,True,solarisation,lr,1e-05,0.0001,32,16,0.0844,0.8241,0.9230,0.6190,0.4375,nan,nan,nan,nan,0
none,cage,5,3,resnet,True,solarisation,lr,1e-05,0.0001,32,1,0.7291,0.7507,0.8663,0.1667,0.3959,nan,nan,nan,nan,0
none,cage,5,3,resnet,True,solarisation,lr,1e-05,0.0001,32,2,0.6832,0.7512,0.8663,0.1667,0.4122,nan,nan,nan,nan,0
none,cage,5,3,resnet,True,solarisation,lr,1e-05,0.0001,32,3,0.6528,0.8015,0.9669,0.1667,0.3837,nan,nan,nan,nan,0
none,cage,5,3,resnet,True,solarisation,lr,1e-05,0.0001,32,4,0.6095,0.8143,0.9903,0.1667,0.3796,nan,nan,nan,nan,0
none,cage,5,3,resnet,True,solarisation,lr,1e-05,0.0001,32,5,0.5635,0.8242,1.0122,0.1667,0.4449,nan,nan,nan,nan,1
none,cage,5,3,resnet,True,solarisation,lr,1e-05,0.0001,32,6,0.5184,0.8353,1.0416,0.1905,0.5143,nan,nan,nan,nan,1
none,cage,5,3,resnet,True,solarisation,lr,1e-05,0.0001,32,7,0.4647,0.9376,1.2134,0.1667,0.5061,nan,nan,nan,nan,1
none,cage,5,3,resnet,True,solarisation,lr,1e-05,0.0001,32,8,0.4120,0.8603,1.1006,0.1905,0.5224,nan,nan,nan,nan,1
none,cage,5,3,resnet,True,solarisation,lr,1e-05,0.0001,32,9,0.3513,0.8844,1.1490,0.1905,0.4816,nan,nan,nan,nan,1
none,cage,5,3,resnet,True,solarisation,lr,1e-05,0.0001,32,10,0.2978,0.7867,0.9972,0.1905,0.5061,nan,nan,nan,nan,1
none,cage,5,3,resnet,True,solarisation,lr,1e-05,0.0001,32,11,0.2457,0.7799,0.9892,0.2381,0.5102,nan,nan,nan,nan,0
none,cage,5,3,resnet,True,solarisation,lr,1e-05,0.0001,32,12,0.2022,0.7620,0.9651,0.3333,0.5184,nan,nan,nan,nan,0
none,cage,5,3,resnet,True,solarisation,lr,1e-05,0.0001,32,13,0.1661,0.7395,0.9131,0.3810,0.5224,nan,nan,nan,nan,0
none,cage,5,3,resnet,True,solarisation,lr,1e-05,0.0001,32,14,0.1272,0.7447,0.9293,0.4286,0.5143,0.7810,0.9953,0.4750,0.4875,1
none,cage,5,3,resnet,True,solarisation,lr,1e-05,0.0001,32,15,0.1047,0.7646,1.0124,0.3810,0.4939,nan,nan,nan,nan,0
none,cage,5,3,resnet,True,solarisation,lr,1e-05,0.0001,32,16,0.0865,0.7668,0.9772,0.5000,0.4735,nan,nan,nan,nan,0
none,cage,5,3,resnet,True,solarisation,lr,1e-05,0.0001,32,17,0.0759,0.7539,1.0056,0.4524,0.5510,nan,nan,nan,nan,0
none,cage,5,3,resnet,True,solarisation,lr,1e-05,0.0001,32,18,0.0584,0.7661,1.0110,0.5000,0.5102,nan,nan,nan,nan,0
none,cage,5,3,resnet,True,solarisation,lr,1e-05,0.0001,32,19,0.0470,0.7746,1.0502,0.4524,0.4857,nan,nan,nan,nan,0
none,cage,5,4,resnet,True,solarisation,lr,1e-05,0.0001,32,1,0.7334,0.7275,0.6893,0.8140,0.3250,nan,nan,nan,nan,0
none,cage,5,4,resnet,True,solarisation,lr,1e-05,0.0001,32,2,0.6870,0.7492,0.6919,0.8140,0.3143,nan,nan,nan,nan,0
none,cage,5,4,resnet,True,solarisation,lr,1e-05,0.0001,32,3,0.6468,0.7180,0.7084,0.6744,0.3321,nan,nan,nan,nan,0
none,cage,5,4,resnet,True,solarisation,lr,1e-05,0.0001,32,4,0.6177,0.7362,0.7121,0.7907,0.2964,nan,nan,nan,nan,0
none,cage,5,4,resnet,True,solarisation,lr,1e-05,0.0001,32,5,0.5616,0.7478,0.7175,0.7907,0.2607,nan,nan,nan,nan,1
none,cage,5,4,resnet,True,solarisation,lr,1e-05,0.0001,32,6,0.5199,0.7862,0.7319,0.7674,0.2929,nan,nan,nan,nan,0
none,cage,5,4,resnet,True,solarisation,lr,1e-05,0.0001,32,7,0.4705,0.8136,0.7475,0.7907,0.3143,nan,nan,nan,nan,0
none,cage,5,4,resnet,True,solarisation,lr,1e-05,0.0001,32,8,0.4062,0.8115,0.7631,0.7907,0.3143,nan,nan,nan,nan,0
none,cage,5,4,resnet,True,solarisation,lr,1e-05,0.0001,32,9,0.3541,0.8933,0.8108,0.7674,0.3393,nan,nan,nan,nan,0
none,cage,5,4,resnet,True,solarisation,lr,1e-05,0.0001,32,10,0.2985,0.9555,0.8527,0.7907,0.3643,nan,nan,nan,nan,1
none,cage,5,4,resnet,True,solarisation,lr,1e-05,0.0001,32,11,0.2427,1.0353,0.9096,0.7907,0.3464,nan,nan,nan,nan,1
none,cage,5,4,resnet,True,solarisation,lr,1e-05,0.0001,32,12,0.2098,1.1434,0.9899,0.7907,0.3571,nan,nan,nan,nan,1
none,cage,5,4,resnet,True,solarisation,lr,1e-05,0.0001,32,13,0.1620,1.3043,1.0815,0.8140,0.3500,1.2748,0.9223,0.7750,0.5269,1
none,cage,5,4,resnet,True,solarisation,lr,1e-05,0.0001,32,14,0.1362,1.2524,1.0684,0.7907,0.3500,nan,nan,nan,nan,0
none,cage,5,4,resnet,True,solarisation,lr,1e-05,0.0001,32,15,0.1087,1.3408,1.1258,0.8140,0.3179,nan,nan,nan,nan,0
none,cage,5,4,resnet,True,solarisation,lr,1e-05,0.0001,32,16,0.0904,1.4016,1.1764,0.7907,0.3036,nan,nan,nan,nan,0
none,cage,5,4,resnet,True,solarisation,lr,1e-05,0.0001,32,17,0.0721,1.6434,1.3327,0.8140,0.3107,nan,nan,nan,nan,0
none,cage,5,4,resnet,True,solarisation,lr,1e-05,0.0001,32,18,0.0559,1.6881,1.3678,0.8140,0.3429,nan,nan,nan,nan,0
none,cage,5,6,resnet,True,solarisation,lr,1e-05,0.0001,32,1,0.7190,0.6846,0.7183,0.2195,0.6762,nan,nan,nan,nan,0
none,cage,5,6,resnet,True,solarisation,lr,1e-05,0.0001,32,2,0.6772,0.6947,0.7227,0.3171,0.5810,nan,nan,nan,nan,0
none,cage,5,6,resnet,True,solarisation,lr,1e-05,0.0001,32,3,0.6363,0.7139,0.7626,0.1463,0.5476,nan,nan,nan,nan,0
none,cage,5,6,resnet,True,solarisation,lr,1e-05,0.0001,32,4,0.5995,0.7210,0.7736,0.1463,0.4952,nan,nan,nan,nan,0
none,cage,5,6,resnet,True,solarisation,lr,1e-05,0.0001,32,5,0.5523,0.7526,0.8356,0.1463,0.4762,0.7336,0.8261,0.2250,0.2509,1
none,cage,5,6,resnet,True,solarisation,lr,1e-05,0.0001,32,6,0.5114,0.7568,0.8479,0.1463,0.4810,nan,nan,nan,nan,0
none,cage,5,6,resnet,True,solarisation,lr,1e-05,0.0001,32,7,0.4556,0.7393,0.8276,0.1707,0.5333,nan,nan,nan,nan,0
none,cage,5,6,resnet,True,solarisation,lr,1e-05,0.0001,32,8,0.3961,0.7555,0.8459,0.1707,0.4762,nan,nan,nan,nan,0
none,cage,5,6,resnet,True,solarisation,lr,1e-05,0.0001,32,9,0.3435,0.7787,0.9009,0.1707,0.5190,nan,nan,nan,nan,0
none,cage,5,6,resnet,True,solarisation,lr,1e-05,0.0001,32,10,0.2969,0.8136,0.9716,0.1707,0.5048,nan,nan,nan,nan,0
none,cage,5,6,resnet,True,solarisation,lr,1e-05,0.0001,32,11,0.2316,0.7854,0.9368,0.1951,0.5571,nan,nan,nan,nan,0
none,cage,5,6,resnet,True,solarisation,lr,1e-05,0.0001,32,12,0.1887,0.7425,0.8807,0.3415,0.5667,nan,nan,nan,nan,0
none,cage,5,6,resnet,True,solarisation,lr,1e-05,0.0001,32,13,0.1600,0.7958,0.9886,0.1951,0.5476,nan,nan,nan,nan,0
none,cage,5,6,resnet,True,solarisation,lr,1e-05,0.0001,32,14,0.1279,0.7765,0.9723,0.3171,0.5429,nan,nan,nan,nan,0
none,cage,5,6,resnet,True,solarisation,lr,1e-05,0.0001,32,15,0.1060,0.7249,0.8862,0.5610,0.5714,nan,nan,nan,nan,0
none,cage,5,6,resnet,True,solarisation,lr,1e-05,0.0001,32,16,0.0898,0.7410,0.9233,0.5854,0.5619,nan,nan,nan,nan,0
none,cage,5,7,resnet,True,solarisation,lr,1e-05,0.0001,32,1,0.7378,0.6991,0.7957,0.1818,0.6562,nan,nan,nan,nan,0
none,cage,5,7,resnet,True,solarisation,lr,1e-05,0.0001,32,2,0.6901,0.6953,0.7838,0.2045,0.6389,nan,nan,nan,nan,0
none,cage,5,7,resnet,True,solarisation,lr,1e-05,0.0001,32,3,0.6418,0.7004,0.8060,0.1818,0.6458,nan,nan,nan,nan,0
none,cage,5,7,resnet,True,solarisation,lr,1e-05,0.0001,32,4,0.6192,0.7000,0.8134,0.1818,0.6597,nan,nan,nan,nan,0
none,cage,5,7,resnet,True,solarisation,lr,1e-05,0.0001,32,5,0.5698,0.6980,0.8131,0.2045,0.6528,nan,nan,nan,nan,1
none,cage,5,7,resnet,True,solarisation,lr,1e-05,0.0001,32,6,0.5099,0.6832,0.7818,0.3182,0.6597,nan,nan,nan,nan,0
none,cage,5,7,resnet,True,solarisation,lr,1e-05,0.0001,32,7,0.4559,0.6813,0.7787,0.4318,0.6562,nan,nan,nan,nan,0
none,cage,5,7,resnet,True,solarisation,lr,1e-05,0.0001,32,8,0.4032,0.6609,0.7253,0.5909,0.6840,nan,nan,nan,nan,1
none,cage,5,7,resnet,True,solarisation,lr,1e-05,0.0001,32,9,0.3581,0.6779,0.6571,0.7727,0.7083,nan,nan,nan,nan,1
none,cage,5,7,resnet,True,solarisation,lr,1e-05,0.0001,32,10,0.2850,0.6722,0.6659,0.7273,0.6910,nan,nan,nan,nan,1
none,cage,5,7,resnet,True,solarisation,lr,1e-05,0.0001,32,11,0.2379,0.7316,0.6614,0.7955,0.7014,0.8787,0.7794,0.7750,0.5125,1
none,cage,5,7,resnet,True,solarisation,lr,1e-05,0.0001,32,12,0.1926,0.7463,0.6914,0.7727,0.6562,nan,nan,nan,nan,0
none,cage,5,7,resnet,True,solarisation,lr,1e-05,0.0001,32,13,0.1554,0.8379,0.7033,0.7955,0.6840,nan,nan,nan,nan,0
none,cage,5,7,resnet,True,solarisation,lr,1e-05,0.0001,32,14,0.1267,0.9299,0.7328,0.8182,0.6979,nan,nan,nan,nan,0
none,cage,5,7,resnet,True,solarisation,lr,1e-05,0.0001,32,15,0.1053,0.8863,0.7434,0.7955,0.6875,nan,nan,nan,nan,0
none,cage,5,7,resnet,True,solarisation,lr,1e-05,0.0001,32,16,0.0833,0.8253,0.7342,0.7955,0.7188,nan,nan,nan,nan,0
none,cage,5,8,resnet,True,solarisation,lr,1e-05,0.0001,32,1,0.7534,0.6862,0.6290,0.8085,0.6186,nan,nan,nan,nan,0
none,cage,5,8,resnet,True,solarisation,lr,1e-05,0.0001,32,2,0.6809,0.6932,0.6134,0.8298,0.6282,nan,nan,nan,nan,0
none,cage,5,8,resnet,True,solarisation,lr,1e-05,0.0001,32,3,0.6439,0.6834,0.6232,0.8298,0.6346,nan,nan,nan,nan,0
none,cage,5,8,resnet,True,solarisation,lr,1e-05,0.0001,32,4,0.6031,0.6789,0.6298,0.8298,0.6442,nan,nan,nan,nan,0
none,cage,5,8,resnet,True,solarisation,lr,1e-05,0.0001,32,5,0.5619,0.6782,0.6224,0.8298,0.6378,nan,nan,nan,nan,1
none,cage,5,8,resnet,True,solarisation,lr,1e-05,0.0001,32,6,0.5191,0.6814,0.6030,0.8298,0.6474,nan,nan,nan,nan,1
none,cage,5,8,resnet,True,solarisation,lr,1e-05,0.0001,32,7,0.4657,0.7529,0.5780,0.8298,0.6218,nan,nan,nan,nan,0
none,cage,5,8,resnet,True,solarisation,lr,1e-05,0.0001,32,8,0.4122,0.7470,0.5832,0.8298,0.6506,nan,nan,nan,nan,0
none,cage,5,8,resnet,True,solarisation,lr,1e-05,0.0001,32,9,0.3644,0.7508,0.5896,0.8511,0.6571,nan,nan,nan,nan,0
none,cage,5,8,resnet,True,solarisation,lr,1e-05,0.0001,32,10,0.3046,0.8775,0.6197,0.8298,0.6442,1.2725,0.9239,0.7750,0.4301,1
none,cage,5,8,resnet,True,solarisation,lr,1e-05,0.0001,32,11,0.2556,0.9741,0.6580,0.8298,0.6474,nan,nan,nan,nan,0
none,cage,5,8,resnet,True,solarisation,lr,1e-05,0.0001,32,12,0.2106,1.1423,0.7322,0.8298,0.6442,nan,nan,nan,nan,0
none,cage,5,8,resnet,True,solarisation,lr,1e-05,0.0001,32,13,0.1721,1.1552,0.7483,0.8298,0.6410,nan,nan,nan,nan,0
none,cage,5,8,resnet,True,solarisation,lr,1e-05,0.0001,32,14,0.1431,1.2322,0.7920,0.8298,0.6474,nan,nan,nan,nan,0
none,cage,5,8,resnet,True,solarisation,lr,1e-05,0.0001,32,15,0.1202,1.5345,0.9322,0.8298,0.6378,nan,nan,nan,nan,0
none,cage,5,8,resnet,True,solarisation,lr,1e-05,0.0001,32,16,0.0950,1.6550,0.9916,0.8298,0.6186,nan,nan,nan,nan,0
none,cage,5,9,resnet,True,solarisation,lr,1e-05,0.0001,32,1,0.7591,0.6963,0.8065,0.2143,0.4141,nan,nan,nan,nan,0
none,cage,5,9,resnet,True,solarisation,lr,1e-05,0.0001,32,2,0.6853,0.7042,0.8488,0.2143,0.4377,nan,nan,nan,nan,0
none,cage,5,9,resnet,True,solarisation,lr,1e-05,0.0001,32,3,0.6338,0.6959,0.8024,0.2143,0.4444,nan,nan,nan,nan,0
none,cage,5,9,resnet,True,solarisation,lr,1e-05,0.0001,32,4,0.5932,0.6980,0.7835,0.2143,0.4343,nan,nan,nan,nan,0
none,cage,5,9,resnet,True,solarisation,lr,1e-05,0.0001,32,5,0.5500,0.7069,0.8470,0.2143,0.4242,nan,nan,nan,nan,1
none,cage,5,9,resnet,True,solarisation,lr,1e-05,0.0001,32,6,0.4983,0.7099,0.8304,0.2143,0.3973,nan,nan,nan,nan,0
none,cage,5,9,resnet,True,solarisation,lr,1e-05,0.0001,32,7,0.4518,0.7138,0.7886,0.3095,0.4377,nan,nan,nan,nan,0
none,cage,5,9,resnet,True,solarisation,lr,1e-05,0.0001,32,8,0.3906,0.7370,0.7756,0.5000,0.4310,nan,nan,nan,nan,0
none,cage,5,9,resnet,True,solarisation,lr,1e-05,0.0001,32,9,0.3393,0.7535,0.8225,0.4286,0.3973,nan,nan,nan,nan,0
none,cage,5,9,resnet,True,solarisation,lr,1e-05,0.0001,32,10,0.2871,0.8408,0.7801,0.7143,0.4276,nan,nan,nan,nan,0
none,cage,5,9,resnet,True,solarisation,lr,1e-05,0.0001,32,11,0.2365,0.8803,0.8040,0.7143,0.4478,nan,nan,nan,nan,0
none,cage,5,9,resnet,True,solarisation,lr,1e-05,0.0001,32,12,0.1988,1.1092,0.8403,0.7619,0.4613,nan,nan,nan,nan,0
none,cage,5,9,resnet,True,solarisation,lr,1e-05,0.0001,32,13,0.1561,1.0847,0.8605,0.8095,0.4613,nan,nan,nan,nan,1
none,cage,5,9,resnet,True,solarisation,lr,1e-05,0.0001,32,14,0.1278,1.2920,0.9369,0.7619,0.4747,nan,nan,nan,nan,1
none,cage,5,9,resnet,True,solarisation,lr,1e-05,0.0001,32,15,0.1028,1.5152,1.0341,0.7857,0.4714,nan,nan,nan,nan,1
none,cage,5,9,resnet,True,solarisation,lr,1e-05,0.0001,32,16,0.0863,1.6807,1.0960,0.7857,0.4848,nan,nan,nan,nan,1
none,cage,5,9,resnet,True,solarisation,lr,1e-05,0.0001,32,17,0.0684,2.0146,1.2520,0.7857,0.4848,nan,nan,nan,nan,0
none,cage,5,9,resnet,True,solarisation,lr,1e-05,0.0001,32,18,0.0572,1.7153,1.1332,0.7857,0.5017,nan,nan,nan,nan,1
none,cage,5,9,resnet,True,solarisation,lr,1e-05,0.0001,32,19,0.0475,1.7327,1.1582,0.7857,0.4882,nan,nan,nan,nan,0
none,cage,5,9,resnet,True,solarisation,lr,1e-05,0.0001,32,20,0.0392,1.8366,1.2264,0.7857,0.5017,nan,nan,nan,nan,1
none,cage,5,9,resnet,True,solarisation,lr,1e-05,0.0001,32,21,0.0343,2.1005,1.3373,0.7857,0.4949,nan,nan,nan,nan,0
none,cage,5,9,resnet,True,solarisation,lr,1e-05,0.0001,32,22,0.0293,2.0541,1.3304,0.7857,0.5051,nan,nan,nan,nan,1
none,cage,5,9,resnet,True,solarisation,lr,1e-05,0.0001,32,23,0.0249,2.0520,1.3331,0.7857,0.5051,nan,nan,nan,nan,0
none,cage,5,9,resnet,True,solarisation,lr,1e-05,0.0001,32,24,0.0213,2.3739,1.4704,0.7857,0.5286,nan,nan,nan,nan,1
none,cage,5,9,resnet,True,solarisation,lr,1e-05,0.0001,32,25,0.0211,2.2161,1.4288,0.7857,0.5219,nan,nan,nan,nan,0
none,cage,5,9,resnet,True,solarisation,lr,1e-05,0.0001,32,26,0.0155,2.2771,1.4675,0.7857,0.5118,nan,nan,nan,nan,1
none,cage,5,9,resnet,True,solarisation,lr,1e-05,0.0001,32,27,0.0140,2.1995,1.4337,0.7857,0.5219,nan,nan,nan,nan,0
none,cage,5,9,resnet,True,solarisation,lr,1e-05,0.0001,32,28,0.0146,2.5042,1.5777,0.7857,0.5152,nan,nan,nan,nan,1
none,cage,5,9,resnet,True,solarisation,lr,1e-05,0.0001,32,29,0.0110,2.5490,1.6143,0.7857,0.5320,nan,nan,nan,nan,0
none,cage,5,9,resnet,True,solarisation,lr,1e-05,0.0001,32,30,0.0106,2.8295,1.7346,0.7857,0.5253,nan,nan,nan,nan,0
none,cage,5,9,resnet,True,solarisation,lr,1e-05,0.0001,32,31,0.0102,3.2014,1.9188,0.7857,0.5421,nan,nan,nan,nan,1
none,cage,5,9,resnet,True,solarisation,lr,1e-05,0.0001,32,32,0.0088,2.4423,1.5867,0.7857,0.5354,nan,nan,nan,nan,0
none,cage,5,9,resnet,True,solarisation,lr,1e-05,0.0001,32,33,0.0072,3.1753,1.9130,0.7857,0.5387,nan,nan,nan,nan,1
none,cage,5,9,resnet,True,solarisation,lr,1e-05,0.0001,32,34,0.0085,2.6138,1.6633,0.7857,0.5589,nan,nan,nan,nan,1
none,cage,5,9,resnet,True,solarisation,lr,1e-05,0.0001,32,35,0.0069,2.9687,1.8363,0.7857,0.5522,3.1657,2.1000,0.7750,0.5699,1
none,cage,5,9,resnet,True,solarisation,lr,1e-05,0.0001,32,36,0.0064,2.7188,1.7221,0.7857,0.5455,nan,nan,nan,nan,0
none,cage,5,9,resnet,True,solarisation,lr,1e-05,0.0001,32,37,0.0058,2.6713,1.7020,0.7857,0.5387,nan,nan,nan,nan,0
none,cage,5,9,resnet,True,solarisation,lr,1e-05,0.0001,32,38,0.0049,2.7571,1.7661,0.7619,0.5320,nan,nan,nan,nan,0
none,cage,5,9,resnet,True,solarisation,lr,1e-05,0.0001,32,39,0.0053,3.1653,1.9736,0.7857,0.5320,nan,nan,nan,nan,0
none,cage,5,9,resnet,True,solarisation,lr,1e-05,0.0001,32,40,0.0061,2.9958,1.8970,0.7857,0.5690,nan,nan,nan,nan,0
none,cage,6,0,resnet,True,solarisation,lr,1e-05,0.0001,32,1,0.7375,0.7067,0.7515,0.2093,0.4286,nan,nan,nan,nan,0
none,cage,6,0,resnet,True,solarisation,lr,1e-05,0.0001,32,2,0.6824,0.6997,0.7372,0.3023,0.4802,nan,nan,nan,nan,0
none,cage,6,0,resnet,True,solarisation,lr,1e-05,0.0001,32,3,0.6450,0.6966,0.7414,0.2558,0.5317,nan,nan,nan,nan,0
none,cage,6,0,resnet,True,solarisation,lr,1e-05,0.0001,32,4,0.6040,0.6927,0.7536,0.2326,0.6111,nan,nan,nan,nan,0
none,cage,6,0,resnet,True,solarisation,lr,1e-05,0.0001,32,5,0.5740,0.6873,0.7443,0.3488,0.5992,nan,nan,nan,nan,1
none,cage,6,0,resnet,True,solarisation,lr,1e-05,0.0001,32,6,0.5146,0.6906,0.7767,0.2326,0.6349,nan,nan,nan,nan,1
none,cage,6,0,resnet,True,solarisation,lr,1e-05,0.0001,32,7,0.4689,0.6733,0.7450,0.4186,0.6468,nan,nan,nan,nan,1
none,cage,6,0,resnet,True,solarisation,lr,1e-05,0.0001,32,8,0.3967,0.6540,0.7215,0.5349,0.6984,nan,nan,nan,nan,1
none,cage,6,0,resnet,True,solarisation,lr,1e-05,0.0001,32,9,0.3464,0.6504,0.7252,0.5349,0.6825,nan,nan,nan,nan,1
none,cage,6,0,resnet,True,solarisation,lr,1e-05,0.0001,32,10,0.2882,0.6455,0.6967,0.7674,0.7024,nan,nan,nan,nan,1
none,cage,6,0,resnet,True,solarisation,lr,1e-05,0.0001,32,11,0.2414,0.6643,0.6956,0.7907,0.6706,nan,nan,nan,nan,1
none,cage,6,0,resnet,True,solarisation,lr,1e-05,0.0001,32,12,0.2042,0.6865,0.7052,0.8140,0.6825,nan,nan,nan,nan,1
none,cage,6,0,resnet,True,solarisation,lr,1e-05,0.0001,32,13,0.1573,0.6797,0.7098,0.7907,0.6944,nan,nan,nan,nan,0
none,cage,6,0,resnet,True,solarisation,lr,1e-05,0.0001,32,14,0.1292,0.6698,0.7494,0.7209,0.6786,nan,nan,nan,nan,0
none,cage,6,0,resnet,True,solarisation,lr,1e-05,0.0001,32,15,0.1020,0.6388,0.7790,0.7442,0.6905,nan,nan,nan,nan,0
none,cage,6,0,resnet,True,solarisation,lr,1e-05,0.0001,32,16,0.0801,0.6348,0.7853,0.7674,0.6905,nan,nan,nan,nan,0
none,cage,6,0,resnet,True,solarisation,lr,1e-05,0.0001,32,17,0.0706,0.6489,0.7856,0.7442,0.7183,nan,nan,nan,nan,1
none,cage,6,0,resnet,True,solarisation,lr,1e-05,0.0001,32,18,0.0565,0.6352,0.8310,0.7442,0.7024,nan,nan,nan,nan,0
none,cage,6,0,resnet,True,solarisation,lr,1e-05,0.0001,32,19,0.0475,0.7282,0.8290,0.8140,0.7103,nan,nan,nan,nan,1
none,cage,6,0,resnet,True,solarisation,lr,1e-05,0.0001,32,20,0.0473,0.6595,0.8604,0.7442,0.6984,nan,nan,nan,nan,0
none,cage,6,0,resnet,True,solarisation,lr,1e-05,0.0001,32,21,0.0338,0.7077,0.8802,0.7674,0.7143,1.2254,1.1930,0.6585,0.2714,1
none,cage,6,0,resnet,True,solarisation,lr,1e-05,0.0001,32,22,0.0294,0.6367,0.9206,0.7209,0.6905,nan,nan,nan,nan,0
none,cage,6,0,resnet,True,solarisation,lr,1e-05,0.0001,32,23,0.0247,0.8562,0.9105,0.8372,0.6944,nan,nan,nan,nan,0
none,cage,6,0,resnet,True,solarisation,lr,1e-05,0.0001,32,24,0.0274,0.8362,0.9266,0.8372,0.6905,nan,nan,nan,nan,0
none,cage,6,0,resnet,True,solarisation,lr,1e-05,0.0001,32,25,0.0217,0.6961,0.9718,0.6977,0.6905,nan,nan,nan,nan,0
none,cage,6,0,resnet,True,solarisation,lr,1e-05,0.0001,32,26,0.0170,0.7178,0.9366,0.7209,0.7143,nan,nan,nan,nan,0
none,cage,6,1,resnet,True,solarisation,lr,1e-05,0.0001,32,1,0.7274,0.6860,0.6979,0.4651,0.6468,nan,nan,nan,nan,0
none,cage,6,1,resnet,True,solarisation,lr,1e-05,0.0001,32,2,0.6767,0.6853,0.6803,0.6977,0.5952,nan,nan,nan,nan,0
none,cage,6,1,resnet,True,solarisation,lr,1e-05,0.0001,32,3,0.6526,0.6872,0.6538,0.8140,0.5635,nan,nan,nan,nan,0
none,cage,6,1,resnet,True,solarisation,lr,1e-05,0.0001,32,4,0.6075,0.6884,0.6952,0.6279,0.5516,nan,nan,nan,nan,0
none,cage,6,1,resnet,True,solarisation,lr,1e-05,0.0001,32,5,0.5709,0.6909,0.7010,0.5814,0.5317,nan,nan,nan,nan,1
none,cage,6,1,resnet,True,solarisation,lr,1e-05,0.0001,32,6,0.5176,0.6969,0.6671,0.7907,0.5079,nan,nan,nan,nan,0
none,cage,6,1,resnet,True,solarisation,lr,1e-05,0.0001,32,7,0.4688,0.7112,0.6460,0.8140,0.5119,nan,nan,nan,nan,0
none,cage,6,1,resnet,True,solarisation,lr,1e-05,0.0001,32,8,0.4118,0.7225,0.6455,0.8140,0.5238,nan,nan,nan,nan,0
none,cage,6,1,resnet,True,solarisation,lr,1e-05,0.0001,32,9,0.3554,0.7586,0.6356,0.8372,0.5198,nan,nan,nan,nan,0
none,cage,6,1,resnet,True,solarisation,lr,1e-05,0.0001,32,10,0.2974,0.7655,0.6394,0.8372,0.5476,nan,nan,nan,nan,0
none,cage,6,1,resnet,True,solarisation,lr,1e-05,0.0001,32,11,0.2480,0.7642,0.6569,0.8140,0.5516,nan,nan,nan,nan,0
none,cage,6,1,resnet,True,solarisation,lr,1e-05,0.0001,32,12,0.1960,0.9339,0.6780,0.8372,0.5635,nan,nan,nan,nan,0
none,cage,6,1,resnet,True,solarisation,lr,1e-05,0.0001,32,13,0.1690,0.9952,0.7074,0.8372,0.5794,nan,nan,nan,nan,0
none,cage,6,1,resnet,True,solarisation,lr,1e-05,0.0001,32,14,0.1276,0.9544,0.7033,0.8372,0.5952,nan,nan,nan,nan,0
none,cage,6,1,resnet,True,solarisation,lr,1e-05,0.0001,32,15,0.1096,1.1930,0.7772,0.8372,0.5913,nan,nan,nan,nan,0
none,cage,6,1,resnet,True,solarisation,lr,1e-05,0.0001,32,16,0.0864,1.1234,0.7656,0.8372,0.6032,nan,nan,nan,nan,1
none,cage,6,1,resnet,True,solarisation,lr,1e-05,0.0001,32,17,0.0683,1.1234,0.7895,0.8372,0.5992,nan,nan,nan,nan,1
none,cage,6,1,resnet,True,solarisation,lr,1e-05,0.0001,32,18,0.0580,1.3144,0.8646,0.8372,0.5913,nan,nan,nan,nan,0
none,cage,6,1,resnet,True,solarisation,lr,1e-05,0.0001,32,19,0.0449,1.1799,0.8207,0.8372,0.6111,nan,nan,nan,nan,1
none,cage,6,1,resnet,True,solarisation,lr,1e-05,0.0001,32,20,0.0404,1.3372,0.8763,0.8372,0.6270,nan,nan,nan,nan,1
none,cage,6,1,resnet,True,solarisation,lr,1e-05,0.0001,32,21,0.0337,1.4958,0.9419,0.8372,0.6032,nan,nan,nan,nan,0
none,cage,6,1,resnet,True,solarisation,lr,1e-05,0.0001,32,22,0.0331,1.5782,0.9975,0.8372,0.6190,nan,nan,nan,nan,0
none,cage,6,1,resnet,True,solarisation,lr,1e-05,0.0001,32,23,0.0270,1.7037,1.0437,0.8372,0.6111,1.6513,1.1598,0.8537,0.4000,1
none,cage,6,1,resnet,True,solarisation,lr,1e-05,0.0001,32,24,0.0199,1.9399,1.1542,0.8372,0.6071,nan,nan,nan,nan,0
none,cage,6,1,resnet,True,solarisation,lr,1e-05,0.0001,32,25,0.0204,1.8007,1.0946,0.8372,0.6111,nan,nan,nan,nan,0
none,cage,6,1,resnet,True,solarisation,lr,1e-05,0.0001,32,26,0.0189,1.7788,1.1098,0.8372,0.6190,nan,nan,nan,nan,0
none,cage,6,1,resnet,True,solarisation,lr,1e-05,0.0001,32,27,0.0159,1.7272,1.0759,0.8372,0.6190,nan,nan,nan,nan,0
none,cage,6,1,resnet,True,solarisation,lr,1e-05,0.0001,32,28,0.0174,2.2362,1.3101,0.8372,0.5992,nan,nan,nan,nan,0
none,cage,6,2,resnet,True,solarisation,lr,1e-05,0.0001,32,1,0.7382,0.6884,0.7019,0.5000,0.5956,nan,nan,nan,nan,0
none,cage,6,2,resnet,True,solarisation,lr,1e-05,0.0001,32,2,0.6819,0.6998,0.6747,0.7619,0.5588,nan,nan,nan,nan,0
none,cage,6,2,resnet,True,solarisation,lr,1e-05,0.0001,32,3,0.6458,0.6942,0.6898,0.6905,0.5257,nan,nan,nan,nan,0
none,cage,6,2,resnet,True,solarisation,lr,1e-05,0.0001,32,4,0.6050,0.6981,0.6693,0.7381,0.5294,nan,nan,nan,nan,0
none,cage,6,2,resnet,True,solarisation,lr,1e-05,0.0001,32,5,0.5617,0.7063,0.6611,0.8095,0.5515,nan,nan,nan,nan,1
none,cage,6,2,resnet,True,solarisation,lr,1e-05,0.0001,32,6,0.5035,0.7131,0.6575,0.8095,0.5993,nan,nan,nan,nan,0
none,cage,6,2,resnet,True,solarisation,lr,1e-05,0.0001,32,7,0.4595,0.7386,0.6532,0.8095,0.5882,nan,nan,nan,nan,1
none,cage,6,2,resnet,True,solarisation,lr,1e-05,0.0001,32,8,0.4057,0.7439,0.6608,0.8095,0.5735,nan,nan,nan,nan,1
none,cage,6,2,resnet,True,solarisation,lr,1e-05,0.0001,32,9,0.3394,0.7449,0.6680,0.8095,0.5956,0.7794,0.7281,0.7561,0.2476,1
none,cage,6,2,resnet,True,solarisation,lr,1e-05,0.0001,32,10,0.2863,0.7815,0.6904,0.8095,0.5699,nan,nan,nan,nan,0
none,cage,6,2,resnet,True,solarisation,lr,1e-05,0.0001,32,11,0.2385,0.9432,0.7131,0.8095,0.5699,nan,nan,nan,nan,0
none,cage,6,2,resnet,True,solarisation,lr,1e-05,0.0001,32,12,0.1902,0.8432,0.7141,0.8095,0.5993,nan,nan,nan,nan,0
none,cage,6,2,resnet,True,solarisation,lr,1e-05,0.0001,32,13,0.1500,1.0397,0.7691,0.8095,0.5588,nan,nan,nan,nan,0
none,cage,6,2,resnet,True,solarisation,lr,1e-05,0.0001,32,14,0.1223,1.0679,0.8023,0.8095,0.5074,nan,nan,nan,nan,0
none,cage,6,2,resnet,True,solarisation,lr,1e-05,0.0001,32,15,0.1010,1.1149,0.8382,0.8095,0.5074,nan,nan,nan,nan,0
none,cage,6,2,resnet,True,solarisation,lr,1e-05,0.0001,32,16,0.0855,1.1572,0.8416,0.8095,0.5515,nan,nan,nan,nan,0
none,cage,6,3,resnet,True,solarisation,lr,1e-05,0.0001,32,1,0.7218,0.6866,0.7187,0.2619,0.6408,nan,nan,nan,nan,0
none,cage,6,3,resnet,True,solarisation,lr,1e-05,0.0001,32,2,0.6872,0.6877,0.7198,0.3333,0.6041,nan,nan,nan,nan,0
none,cage,6,3,resnet,True,solarisation,lr,1e-05,0.0001,32,3,0.6469,0.6915,0.7330,0.2857,0.5469,nan,nan,nan,nan,0
none,cage,6,3,resnet,True,solarisation,lr,1e-05,0.0001,32,4,0.6102,0.6850,0.6996,0.5238,0.5510,nan,nan,nan,nan,0
none,cage,6,3,resnet,True,solarisation,lr,1e-05,0.0001,32,5,0.5616,0.6839,0.6940,0.6190,0.5388,0.7165,0.7161,0.4390,0.3429,1
none,cage,6,3,resnet,True,solarisation,lr,1e-05,0.0001,32,6,0.5283,0.6900,0.7360,0.4286,0.5388,nan,nan,nan,nan,0
none,cage,6,3,resnet,True,solarisation,lr,1e-05,0.0001,32,7,0.4709,0.6897,0.7144,0.5714,0.5265,nan,nan,nan,nan,0
none,cage,6,3,resnet,True,solarisation,lr,1e-05,0.0001,32,8,0.4185,0.7019,0.7024,0.7619,0.5143,nan,nan,nan,nan,0
none,cage,6,3,resnet,True,solarisation,lr,1e-05,0.0001,32,9,0.3541,0.7148,0.7261,0.6905,0.4735,nan,nan,nan,nan,0
none,cage,6,3,resnet,True,solarisation,lr,1e-05,0.0001,32,10,0.3062,0.7159,0.7876,0.6190,0.5020,nan,nan,nan,nan,0
none,cage,6,3,resnet,True,solarisation,lr,1e-05,0.0001,32,11,0.2544,0.7550,0.7672,0.7381,0.4898,nan,nan,nan,nan,0
none,cage,6,3,resnet,True,solarisation,lr,1e-05,0.0001,32,12,0.2097,0.9790,0.8152,0.8333,0.4898,nan,nan,nan,nan,0
none,cage,6,3,resnet,True,solarisation,lr,1e-05,0.0001,32,13,0.1643,0.9445,0.8438,0.8333,0.4939,nan,nan,nan,nan,0
none,cage,6,3,resnet,True,solarisation,lr,1e-05,0.0001,32,14,0.1410,0.9033,0.8680,0.8095,0.4898,nan,nan,nan,nan,0
none,cage,6,3,resnet,True,solarisation,lr,1e-05,0.0001,32,15,0.1127,1.1750,0.9695,0.8333,0.5020,nan,nan,nan,nan,0
none,cage,6,3,resnet,True,solarisation,lr,1e-05,0.0001,32,16,0.0947,1.2262,1.0048,0.8333,0.5102,nan,nan,nan,nan,0
none,cage,6,4,resnet,True,solarisation,lr,1e-05,0.0001,32,1,0.7206,0.6819,0.6979,0.5349,0.6357,nan,nan,nan,nan,0
none,cage,6,4,resnet,True,solarisation,lr,1e-05,0.0001,32,2,0.6767,0.6867,0.7420,0.1860,0.6321,nan,nan,nan,nan,0
none,cage,6,4,resnet,True,solarisation,lr,1e-05,0.0001,32,3,0.6387,0.6832,0.7223,0.2558,0.5964,nan,nan,nan,nan,0
none,cage,6,4,resnet,True,solarisation,lr,1e-05,0.0001,32,4,0.5964,0.6997,0.7799,0.1860,0.5536,nan,nan,nan,nan,0
none,cage,6,4,resnet,True,solarisation,lr,1e-05,0.0001,32,5,0.5534,0.6964,0.7786,0.1860,0.5536,0.7591,0.8338,0.1463,0.3857,1
none,cage,6,4,resnet,True,solarisation,lr,1e-05,0.0001,32,6,0.5089,0.7120,0.8181,0.1860,0.5071,nan,nan,nan,nan,0
none,cage,6,4,resnet,True,solarisation,lr,1e-05,0.0001,32,7,0.4468,0.7577,0.9089,0.1860,0.4964,nan,nan,nan,nan,0
none,cage,6,4,resnet,True,solarisation,lr,1e-05,0.0001,32,8,0.3933,0.7497,0.9070,0.1860,0.5214,nan,nan,nan,nan,0
none,cage,6,4,resnet,True,solarisation,lr,1e-05,0.0001,32,9,0.3250,0.7671,0.9505,0.2093,0.5107,nan,nan,nan,nan,0
none,cage,6,4,resnet,True,solarisation,lr,1e-05,0.0001,32,10,0.2750,0.7633,0.9597,0.2093,0.5429,nan,nan,nan,nan,0
none,cage,6,4,resnet,True,solarisation,lr,1e-05,0.0001,32,11,0.2292,0.8291,1.0772,0.1860,0.5393,nan,nan,nan,nan,0
none,cage,6,4,resnet,True,solarisation,lr,1e-05,0.0001,32,12,0.1835,0.8097,1.0659,0.2093,0.5250,nan,nan,nan,nan,0
none,cage,6,4,resnet,True,solarisation,lr,1e-05,0.0001,32,13,0.1458,0.9445,1.2584,0.1860,0.5071,nan,nan,nan,nan,0
none,cage,6,4,resnet,True,solarisation,lr,1e-05,0.0001,32,14,0.1205,0.9845,1.3361,0.1860,0.5393,nan,nan,nan,nan,0
none,cage,6,4,resnet,True,solarisation,lr,1e-05,0.0001,32,15,0.0981,0.9559,1.3111,0.2093,0.5179,nan,nan,nan,nan,0
none,cage,6,4,resnet,True,solarisation,lr,1e-05,0.0001,32,16,0.0782,0.7876,1.0899,0.2791,0.5036,nan,nan,nan,nan,0
none,cage,6,5,resnet,True,solarisation,lr,1e-05,0.0001,32,1,0.7272,0.6600,0.7202,0.2750,0.6989,nan,nan,nan,nan,0
none,cage,6,5,resnet,True,solarisation,lr,1e-05,0.0001,32,2,0.6776,0.6585,0.7328,0.2500,0.7133,nan,nan,nan,nan,0
none,cage,6,5,resnet,True,solarisation,lr,1e-05,0.0001,32,3,0.6343,0.6627,0.7541,0.2500,0.6774,nan,nan,nan,nan,0
none,cage,6,5,resnet,True,solarisation,lr,1e-05,0.0001,32,4,0.5954,0.6608,0.7573,0.2500,0.6774,nan,nan,nan,nan,0
none,cage,6,5,resnet,True,solarisation,lr,1e-05,0.0001,32,5,0.5504,0.6673,0.7166,0.3750,0.6344,0.7058,0.7414,0.3171,0.4571,1
none,cage,6,5,resnet,True,solarisation,lr,1e-05,0.0001,32,6,0.5020,0.6699,0.7481,0.4000,0.5950,nan,nan,nan,nan,0
none,cage,6,5,resnet,True,solarisation,lr,1e-05,0.0001,32,7,0.4481,0.6843,0.7666,0.3750,0.5376,nan,nan,nan,nan,0
none,cage,6,5,resnet,True,solarisation,lr,1e-05,0.0001,32,8,0.3894,0.7051,0.7662,0.5250,0.4839,nan,nan,nan,nan,0
none,cage,6,5,resnet,True,solarisation,lr,1e-05,0.0001,32,9,0.3367,0.7427,0.7219,0.6000,0.5376,nan,nan,nan,nan,0
none,cage,6,5,resnet,True,solarisation,lr,1e-05,0.0001,32,10,0.2913,0.7498,0.7312,0.6500,0.5412,nan,nan,nan,nan,0
none,cage,6,5,resnet,True,solarisation,lr,1e-05,0.0001,32,11,0.2372,0.9324,0.7962,0.7250,0.5161,nan,nan,nan,nan,0
none,cage,6,5,resnet,True,solarisation,lr,1e-05,0.0001,32,12,0.1903,0.9127,0.8091,0.7000,0.5233,nan,nan,nan,nan,0
none,cage,6,5,resnet,True,solarisation,lr,1e-05,0.0001,32,13,0.1499,1.1036,0.8869,0.7500,0.4982,nan,nan,nan,nan,0
none,cage,6,5,resnet,True,solarisation,lr,1e-05,0.0001,32,14,0.1265,1.1771,0.9219,0.7500,0.5018,nan,nan,nan,nan,0
none,cage,6,5,resnet,True,solarisation,lr,1e-05,0.0001,32,15,0.1016,1.0980,0.9266,0.7000,0.5197,nan,nan,nan,nan,0
none,cage,6,5,resnet,True,solarisation,lr,1e-05,0.0001,32,16,0.0837,1.1664,0.9630,0.7500,0.5305,nan,nan,nan,nan,0
