fusion,dataset,test_set,dev_set,arch,use_pretrained,augmentation,speech_encoder_arch,lr,wd,batch_size,epoch,train_loss,dev_loss_patient,dev_loss_cough,dev_acc,dev_auc,test_loss_patient,test_loss_cough,test_acc,test_auc,is_best
late,cage,0,1,resnet,True,none,lr,1e-05,0.0001,32,1,0.6908,0.6859,0.6782,0.7209,0.6230,nan,nan,nan,nan,0
late,cage,0,1,resnet,True,none,lr,1e-05,0.0001,32,2,0.6703,0.6812,0.6734,0.6512,0.6310,nan,nan,nan,nan,0
late,cage,0,1,resnet,True,none,lr,1e-05,0.0001,32,3,0.6500,0.6804,0.6495,0.7209,0.6111,nan,nan,nan,nan,0
late,cage,0,1,resnet,True,none,lr,1e-05,0.0001,32,4,0.6254,0.6736,0.6556,0.6512,0.6310,nan,nan,nan,nan,0
late,cage,0,1,resnet,True,none,lr,1e-05,0.0001,32,5,0.5919,0.6832,0.6494,0.7209,0.5992,0.6550,0.6393,0.8372,0.6746,1
late,cage,0,1,resnet,True,none,lr,1e-05,0.0001,32,6,0.5531,0.6783,0.6496,0.7674,0.6071,nan,nan,nan,nan,0
late,cage,0,1,resnet,True,none,lr,1e-05,0.0001,32,7,0.5053,0.6879,0.6618,0.7209,0.5992,nan,nan,nan,nan,0
late,cage,0,1,resnet,True,none,lr,1e-05,0.0001,32,8,0.4571,0.6946,0.6558,0.8140,0.6190,nan,nan,nan,nan,0
late,cage,0,1,resnet,True,none,lr,1e-05,0.0001,32,9,0.4081,0.7106,0.6850,0.8140,0.5913,nan,nan,nan,nan,0
late,cage,0,1,resnet,True,none,lr,1e-05,0.0001,32,10,0.3600,0.7734,0.6750,0.8140,0.5952,nan,nan,nan,nan,0
late,cage,0,1,resnet,True,none,lr,1e-05,0.0001,32,11,0.3154,0.8232,0.7041,0.8140,0.5635,nan,nan,nan,nan,0
late,cage,0,1,resnet,True,none,lr,1e-05,0.0001,32,12,0.2737,0.8188,0.7095,0.8372,0.6032,nan,nan,nan,nan,0
late,cage,0,1,resnet,True,none,lr,1e-05,0.0001,32,13,0.2358,0.8662,0.7404,0.8372,0.5516,nan,nan,nan,nan,0
late,cage,0,1,resnet,True,none,lr,1e-05,0.0001,32,14,0.2070,0.9248,0.7553,0.8372,0.5873,nan,nan,nan,nan,0
late,cage,0,1,resnet,True,none,lr,1e-05,0.0001,32,15,0.1738,0.9607,0.7978,0.8372,0.5913,nan,nan,nan,nan,0
late,cage,0,1,resnet,True,none,lr,1e-05,0.0001,32,16,0.1508,1.0066,0.8144,0.8140,0.6032,nan,nan,nan,nan,0
late,cage,0,2,resnet,True,none,lr,1e-05,0.0001,32,1,0.7190,0.7142,0.7181,0.2143,0.2022,nan,nan,nan,nan,0
late,cage,0,2,resnet,True,none,lr,1e-05,0.0001,32,2,0.6799,0.7267,0.6923,0.7381,0.2353,nan,nan,nan,nan,0
late,cage,0,2,resnet,True,none,lr,1e-05,0.0001,32,3,0.6645,0.7431,0.6906,0.7619,0.2096,nan,nan,nan,nan,0
late,cage,0,2,resnet,True,none,lr,1e-05,0.0001,32,4,0.6418,0.7388,0.7140,0.5952,0.2500,nan,nan,nan,nan,0
late,cage,0,2,resnet,True,none,lr,1e-05,0.0001,32,5,0.6104,0.7499,0.7071,0.6667,0.3566,nan,nan,nan,nan,1
late,cage,0,2,resnet,True,none,lr,1e-05,0.0001,32,6,0.5740,0.7833,0.7328,0.6667,0.3051,nan,nan,nan,nan,1
late,cage,0,2,resnet,True,none,lr,1e-05,0.0001,32,7,0.5284,0.7724,0.7244,0.7143,0.4632,nan,nan,nan,nan,1
late,cage,0,2,resnet,True,none,lr,1e-05,0.0001,32,8,0.4830,0.7765,0.7270,0.7143,0.5331,nan,nan,nan,nan,1
late,cage,0,2,resnet,True,none,lr,1e-05,0.0001,32,9,0.4310,0.7919,0.7295,0.7619,0.5588,nan,nan,nan,nan,1
late,cage,0,2,resnet,True,none,lr,1e-05,0.0001,32,10,0.3904,0.8063,0.7639,0.7143,0.5331,nan,nan,nan,nan,1
late,cage,0,2,resnet,True,none,lr,1e-05,0.0001,32,11,0.3423,0.8262,0.7643,0.7381,0.5588,nan,nan,nan,nan,1
late,cage,0,2,resnet,True,none,lr,1e-05,0.0001,32,12,0.3026,0.8170,0.7606,0.7857,0.6029,nan,nan,nan,nan,1
late,cage,0,2,resnet,True,none,lr,1e-05,0.0001,32,13,0.2677,0.9466,0.8158,0.7857,0.5368,nan,nan,nan,nan,0
late,cage,0,2,resnet,True,none,lr,1e-05,0.0001,32,14,0.2253,0.8941,0.7972,0.7857,0.6103,nan,nan,nan,nan,1
late,cage,0,2,resnet,True,none,lr,1e-05,0.0001,32,15,0.1918,1.0248,0.8466,0.7857,0.5404,nan,nan,nan,nan,0
late,cage,0,2,resnet,True,none,lr,1e-05,0.0001,32,16,0.1719,0.9580,0.8482,0.7857,0.5919,0.8143,0.7813,0.7907,0.6627,1
late,cage,0,2,resnet,True,none,lr,1e-05,0.0001,32,17,0.1470,1.1592,0.9124,0.7857,0.5588,nan,nan,nan,nan,0
late,cage,0,2,resnet,True,none,lr,1e-05,0.0001,32,18,0.1277,1.1768,0.9358,0.7857,0.5735,nan,nan,nan,nan,0
late,cage,0,2,resnet,True,none,lr,1e-05,0.0001,32,19,0.1162,1.1080,0.9595,0.7619,0.5662,nan,nan,nan,nan,0
late,cage,0,2,resnet,True,none,lr,1e-05,0.0001,32,20,0.0979,1.1755,0.9826,0.7857,0.5110,nan,nan,nan,nan,0
late,cage,0,2,resnet,True,none,lr,1e-05,0.0001,32,21,0.0892,1.2379,0.9849,0.7857,0.5809,nan,nan,nan,nan,0
late,cage,0,3,resnet,True,none,lr,1e-05,0.0001,32,1,0.7585,0.7181,0.7990,0.1667,0.6490,nan,nan,nan,nan,0
late,cage,0,3,resnet,True,none,lr,1e-05,0.0001,32,2,0.7036,0.6942,0.7280,0.1667,0.6408,nan,nan,nan,nan,0
late,cage,0,3,resnet,True,none,lr,1e-05,0.0001,32,3,0.6881,0.6881,0.7034,0.3333,0.6694,nan,nan,nan,nan,0
late,cage,0,3,resnet,True,none,lr,1e-05,0.0001,32,4,0.6765,0.6882,0.6974,0.5238,0.6163,nan,nan,nan,nan,0
late,cage,0,3,resnet,True,none,lr,1e-05,0.0001,32,5,0.6612,0.6857,0.7008,0.4762,0.5918,0.6929,0.6907,0.6279,0.5159,1
late,cage,0,3,resnet,True,none,lr,1e-05,0.0001,32,6,0.6398,0.6780,0.6859,0.5952,0.6449,nan,nan,nan,nan,0
late,cage,0,3,resnet,True,none,lr,1e-05,0.0001,32,7,0.6065,0.6823,0.6956,0.6667,0.6286,nan,nan,nan,nan,0
late,cage,0,3,resnet,True,none,lr,1e-05,0.0001,32,8,0.5709,0.6801,0.6911,0.7143,0.6327,nan,nan,nan,nan,0
late,cage,0,3,resnet,True,none,lr,1e-05,0.0001,32,9,0.5312,0.6805,0.6774,0.6905,0.6041,nan,nan,nan,nan,0
late,cage,0,3,resnet,True,none,lr,1e-05,0.0001,32,10,0.4838,0.6856,0.6782,0.7143,0.6000,nan,nan,nan,nan,0
late,cage,0,3,resnet,True,none,lr,1e-05,0.0001,32,11,0.4392,0.6955,0.6750,0.7381,0.6327,nan,nan,nan,nan,0
late,cage,0,3,resnet,True,none,lr,1e-05,0.0001,32,12,0.3956,0.7113,0.6926,0.7381,0.6163,nan,nan,nan,nan,0
late,cage,0,3,resnet,True,none,lr,1e-05,0.0001,32,13,0.3461,0.7450,0.6774,0.7857,0.5633,nan,nan,nan,nan,0
late,cage,0,3,resnet,True,none,lr,1e-05,0.0001,32,14,0.3051,0.7715,0.7213,0.7619,0.5673,nan,nan,nan,nan,0
late,cage,0,3,resnet,True,none,lr,1e-05,0.0001,32,15,0.2708,0.7802,0.7185,0.7857,0.5755,nan,nan,nan,nan,0
late,cage,0,3,resnet,True,none,lr,1e-05,0.0001,32,16,0.2314,0.8495,0.7466,0.7857,0.5102,nan,nan,nan,nan,0
late,cage,0,4,resnet,True,none,lr,1e-05,0.0001,32,1,0.7013,0.6970,0.6876,0.7674,0.5250,nan,nan,nan,nan,0
late,cage,0,4,resnet,True,none,lr,1e-05,0.0001,32,2,0.6621,0.7103,0.6958,0.6512,0.4286,nan,nan,nan,nan,0
late,cage,0,4,resnet,True,none,lr,1e-05,0.0001,32,3,0.6338,0.7244,0.6967,0.7442,0.4571,nan,nan,nan,nan,0
late,cage,0,4,resnet,True,none,lr,1e-05,0.0001,32,4,0.6021,0.7175,0.7097,0.6977,0.5000,nan,nan,nan,nan,0
late,cage,0,4,resnet,True,none,lr,1e-05,0.0001,32,5,0.5651,0.7277,0.6944,0.7907,0.5571,nan,nan,nan,nan,1
late,cage,0,4,resnet,True,none,lr,1e-05,0.0001,32,6,0.5245,0.7283,0.7226,0.7442,0.5714,nan,nan,nan,nan,1
late,cage,0,4,resnet,True,none,lr,1e-05,0.0001,32,7,0.4765,0.7279,0.7476,0.6744,0.5536,nan,nan,nan,nan,1
late,cage,0,4,resnet,True,none,lr,1e-05,0.0001,32,8,0.4263,0.7684,0.7616,0.7442,0.5893,nan,nan,nan,nan,1
late,cage,0,4,resnet,True,none,lr,1e-05,0.0001,32,9,0.3728,0.7715,0.7734,0.7674,0.5929,nan,nan,nan,nan,1
late,cage,0,4,resnet,True,none,lr,1e-05,0.0001,32,10,0.3305,0.7966,0.7882,0.7907,0.6286,0.7023,0.6997,0.8140,0.7659,1
late,cage,0,4,resnet,True,none,lr,1e-05,0.0001,32,11,0.2864,0.8471,0.8687,0.7907,0.5714,nan,nan,nan,nan,0
late,cage,0,4,resnet,True,none,lr,1e-05,0.0001,32,12,0.2489,0.9686,0.9630,0.7674,0.5607,nan,nan,nan,nan,0
late,cage,0,4,resnet,True,none,lr,1e-05,0.0001,32,13,0.2108,1.0010,0.9430,0.8140,0.5821,nan,nan,nan,nan,0
late,cage,0,4,resnet,True,none,lr,1e-05,0.0001,32,14,0.1810,1.0843,1.0117,0.8140,0.5679,nan,nan,nan,nan,0
late,cage,0,4,resnet,True,none,lr,1e-05,0.0001,32,15,0.1508,1.0969,1.0028,0.8140,0.6107,nan,nan,nan,nan,0
late,cage,0,4,resnet,True,none,lr,1e-05,0.0001,32,16,0.1303,1.2025,1.0987,0.8140,0.5893,nan,nan,nan,nan,0
late,cage,0,5,resnet,True,none,lr,1e-05,0.0001,32,1,0.6962,0.6969,0.6952,0.5750,0.4695,nan,nan,nan,nan,0
late,cage,0,5,resnet,True,none,lr,1e-05,0.0001,32,2,0.6604,0.7035,0.6924,0.5500,0.4588,nan,nan,nan,nan,0
late,cage,0,5,resnet,True,none,lr,1e-05,0.0001,32,3,0.6307,0.6998,0.6957,0.6250,0.4875,nan,nan,nan,nan,0
late,cage,0,5,resnet,True,none,lr,1e-05,0.0001,32,4,0.5954,0.7271,0.6903,0.7000,0.4910,nan,nan,nan,nan,0
late,cage,0,5,resnet,True,none,lr,1e-05,0.0001,32,5,0.5552,0.7538,0.7054,0.6500,0.4767,nan,nan,nan,nan,1
late,cage,0,5,resnet,True,none,lr,1e-05,0.0001,32,6,0.5064,0.7770,0.7039,0.7000,0.5197,nan,nan,nan,nan,1
late,cage,0,5,resnet,True,none,lr,1e-05,0.0001,32,7,0.4627,0.8008,0.7420,0.6750,0.4767,nan,nan,nan,nan,0
late,cage,0,5,resnet,True,none,lr,1e-05,0.0001,32,8,0.4131,0.8133,0.7428,0.7000,0.4946,0.6709,0.6688,0.8140,0.7103,1
late,cage,0,5,resnet,True,none,lr,1e-05,0.0001,32,9,0.3626,0.9300,0.7844,0.7500,0.4803,nan,nan,nan,nan,0
late,cage,0,5,resnet,True,none,lr,1e-05,0.0001,32,10,0.3216,0.9823,0.8194,0.7500,0.4624,nan,nan,nan,nan,0
late,cage,0,5,resnet,True,none,lr,1e-05,0.0001,32,11,0.2848,1.0700,0.8846,0.7250,0.4337,nan,nan,nan,nan,0
late,cage,0,5,resnet,True,none,lr,1e-05,0.0001,32,12,0.2429,1.2385,0.9730,0.7500,0.3763,nan,nan,nan,nan,0
late,cage,0,5,resnet,True,none,lr,1e-05,0.0001,32,13,0.2065,1.1572,0.9358,0.7250,0.4480,nan,nan,nan,nan,0
late,cage,0,5,resnet,True,none,lr,1e-05,0.0001,32,14,0.1731,1.2694,1.0105,0.7750,0.4265,nan,nan,nan,nan,0
late,cage,0,5,resnet,True,none,lr,1e-05,0.0001,32,15,0.1472,1.2021,0.9924,0.7500,0.4588,nan,nan,nan,nan,0
late,cage,0,5,resnet,True,none,lr,1e-05,0.0001,32,16,0.1291,1.4140,1.1229,0.7500,0.4444,nan,nan,nan,nan,0
late,cage,0,6,resnet,True,none,lr,1e-05,0.0001,32,1,0.6974,0.6906,0.6801,0.7805,0.4524,nan,nan,nan,nan,0
late,cage,0,6,resnet,True,none,lr,1e-05,0.0001,32,2,0.6791,0.6889,0.6783,0.7805,0.5143,nan,nan,nan,nan,0
late,cage,0,6,resnet,True,none,lr,1e-05,0.0001,32,3,0.6619,0.6943,0.6760,0.8049,0.4810,nan,nan,nan,nan,0
late,cage,0,6,resnet,True,none,lr,1e-05,0.0001,32,4,0.6407,0.6945,0.6852,0.6829,0.4810,nan,nan,nan,nan,0
late,cage,0,6,resnet,True,none,lr,1e-05,0.0001,32,5,0.6119,0.7025,0.6951,0.6829,0.4571,nan,nan,nan,nan,1
late,cage,0,6,resnet,True,none,lr,1e-05,0.0001,32,6,0.5774,0.6962,0.6599,0.7805,0.5238,0.6470,0.6395,0.7674,0.7857,1
late,cage,0,6,resnet,True,none,lr,1e-05,0.0001,32,7,0.5353,0.7038,0.6758,0.8537,0.4810,nan,nan,nan,nan,0
late,cage,0,6,resnet,True,none,lr,1e-05,0.0001,32,8,0.4825,0.7261,0.6842,0.8537,0.4667,nan,nan,nan,nan,0
late,cage,0,6,resnet,True,none,lr,1e-05,0.0001,32,9,0.4371,0.7443,0.7099,0.8293,0.4429,nan,nan,nan,nan,0
late,cage,0,6,resnet,True,none,lr,1e-05,0.0001,32,10,0.3898,0.7780,0.7109,0.8537,0.4333,nan,nan,nan,nan,0
late,cage,0,6,resnet,True,none,lr,1e-05,0.0001,32,11,0.3465,0.8225,0.7776,0.8537,0.4714,nan,nan,nan,nan,0
late,cage,0,6,resnet,True,none,lr,1e-05,0.0001,32,12,0.2912,0.8132,0.7556,0.8537,0.4524,nan,nan,nan,nan,0
late,cage,0,6,resnet,True,none,lr,1e-05,0.0001,32,13,0.2670,0.8862,0.7898,0.8537,0.5000,nan,nan,nan,nan,0
late,cage,0,6,resnet,True,none,lr,1e-05,0.0001,32,14,0.2252,0.9197,0.8458,0.8537,0.4714,nan,nan,nan,nan,0
late,cage,0,6,resnet,True,none,lr,1e-05,0.0001,32,15,0.1914,0.9123,0.8587,0.8537,0.4714,nan,nan,nan,nan,0
late,cage,0,6,resnet,True,none,lr,1e-05,0.0001,32,16,0.1618,0.9350,0.8471,0.8537,0.4762,nan,nan,nan,nan,0
late,cage,0,7,resnet,True,none,lr,1e-05,0.0001,32,1,0.6940,0.6939,0.6732,0.8182,0.5451,nan,nan,nan,nan,0
late,cage,0,7,resnet,True,none,lr,1e-05,0.0001,32,2,0.6795,0.6893,0.6730,0.7727,0.6076,nan,nan,nan,nan,0
late,cage,0,7,resnet,True,none,lr,1e-05,0.0001,32,3,0.6667,0.6814,0.6711,0.7955,0.6528,nan,nan,nan,nan,0
late,cage,0,7,resnet,True,none,lr,1e-05,0.0001,32,4,0.6502,0.6742,0.6665,0.7500,0.7465,nan,nan,nan,nan,0
late,cage,0,7,resnet,True,none,lr,1e-05,0.0001,32,5,0.6232,0.6676,0.6557,0.8182,0.7465,nan,nan,nan,nan,1
late,cage,0,7,resnet,True,none,lr,1e-05,0.0001,32,6,0.5883,0.6610,0.6384,0.8182,0.7431,nan,nan,nan,nan,1
late,cage,0,7,resnet,True,none,lr,1e-05,0.0001,32,7,0.5513,0.6617,0.6678,0.7727,0.7118,nan,nan,nan,nan,1
late,cage,0,7,resnet,True,none,lr,1e-05,0.0001,32,8,0.5011,0.6628,0.6661,0.7955,0.6528,nan,nan,nan,nan,0
late,cage,0,7,resnet,True,none,lr,1e-05,0.0001,32,9,0.4515,0.6620,0.6385,0.8182,0.8333,nan,nan,nan,nan,1
late,cage,0,7,resnet,True,none,lr,1e-05,0.0001,32,10,0.4023,0.6656,0.6316,0.8182,0.8090,nan,nan,nan,nan,1
late,cage,0,7,resnet,True,none,lr,1e-05,0.0001,32,11,0.3604,0.6993,0.6626,0.7955,0.7188,nan,nan,nan,nan,0
late,cage,0,7,resnet,True,none,lr,1e-05,0.0001,32,12,0.3196,0.6926,0.6545,0.8182,0.7986,nan,nan,nan,nan,1
late,cage,0,7,resnet,True,none,lr,1e-05,0.0001,32,13,0.2793,0.7160,0.6733,0.8182,0.7535,nan,nan,nan,nan,1
late,cage,0,7,resnet,True,none,lr,1e-05,0.0001,32,14,0.2407,0.7720,0.6698,0.8182,0.8229,nan,nan,nan,nan,0
late,cage,0,7,resnet,True,none,lr,1e-05,0.0001,32,15,0.2172,0.8340,0.7030,0.8182,0.7639,nan,nan,nan,nan,0
late,cage,0,7,resnet,True,none,lr,1e-05,0.0001,32,16,0.1890,0.7698,0.6997,0.8182,0.8125,nan,nan,nan,nan,1
late,cage,0,7,resnet,True,none,lr,1e-05,0.0001,32,17,0.1587,0.7715,0.7069,0.8182,0.8299,nan,nan,nan,nan,1
late,cage,0,7,resnet,True,none,lr,1e-05,0.0001,32,18,0.1401,0.8671,0.7453,0.8182,0.7986,0.8293,0.7621,0.8140,0.7381,1
late,cage,0,7,resnet,True,none,lr,1e-05,0.0001,32,19,0.1219,0.9319,0.7915,0.8182,0.7500,nan,nan,nan,nan,0
late,cage,0,7,resnet,True,none,lr,1e-05,0.0001,32,20,0.1051,0.9831,0.8083,0.8182,0.7292,nan,nan,nan,nan,0
late,cage,0,7,resnet,True,none,lr,1e-05,0.0001,32,21,0.0913,1.0286,0.8269,0.8182,0.7396,nan,nan,nan,nan,0
late,cage,0,7,resnet,True,none,lr,1e-05,0.0001,32,22,0.0817,1.1026,0.8611,0.8182,0.7222,nan,nan,nan,nan,0
late,cage,0,7,resnet,True,none,lr,1e-05,0.0001,32,23,0.0753,1.0075,0.8562,0.8182,0.7604,nan,nan,nan,nan,0
late,cage,0,8,resnet,True,none,lr,1e-05,0.0001,32,1,0.6971,0.6981,0.6874,0.7234,0.3622,nan,nan,nan,nan,0
late,cage,0,8,resnet,True,none,lr,1e-05,0.0001,32,2,0.6746,0.6962,0.6804,0.7234,0.4776,nan,nan,nan,nan,0
late,cage,0,8,resnet,True,none,lr,1e-05,0.0001,32,3,0.6560,0.7005,0.6748,0.7234,0.5064,nan,nan,nan,nan,0
late,cage,0,8,resnet,True,none,lr,1e-05,0.0001,32,4,0.6324,0.7183,0.6911,0.6383,0.4583,nan,nan,nan,nan,0
late,cage,0,8,resnet,True,none,lr,1e-05,0.0001,32,5,0.6012,0.7174,0.6842,0.6596,0.5192,nan,nan,nan,nan,1
late,cage,0,8,resnet,True,none,lr,1e-05,0.0001,32,6,0.5645,0.7389,0.7136,0.6383,0.4840,nan,nan,nan,nan,1
late,cage,0,8,resnet,True,none,lr,1e-05,0.0001,32,7,0.5241,0.7540,0.6979,0.6596,0.4968,nan,nan,nan,nan,0
late,cage,0,8,resnet,True,none,lr,1e-05,0.0001,32,8,0.4741,0.7662,0.6919,0.7021,0.4968,nan,nan,nan,nan,0
late,cage,0,8,resnet,True,none,lr,1e-05,0.0001,32,9,0.4284,0.7943,0.7220,0.7021,0.4744,nan,nan,nan,nan,1
late,cage,0,8,resnet,True,none,lr,1e-05,0.0001,32,10,0.3843,0.8520,0.7258,0.7447,0.4808,nan,nan,nan,nan,0
late,cage,0,8,resnet,True,none,lr,1e-05,0.0001,32,11,0.3386,0.8932,0.7280,0.8085,0.5128,nan,nan,nan,nan,0
late,cage,0,8,resnet,True,none,lr,1e-05,0.0001,32,12,0.2931,0.8895,0.7420,0.7660,0.5288,nan,nan,nan,nan,0
late,cage,0,8,resnet,True,none,lr,1e-05,0.0001,32,13,0.2556,0.9665,0.7671,0.7872,0.5449,nan,nan,nan,nan,1
late,cage,0,8,resnet,True,none,lr,1e-05,0.0001,32,14,0.2257,0.9471,0.7740,0.7660,0.5449,nan,nan,nan,nan,1
late,cage,0,8,resnet,True,none,lr,1e-05,0.0001,32,15,0.1998,1.0063,0.8124,0.7660,0.5353,nan,nan,nan,nan,1
late,cage,0,8,resnet,True,none,lr,1e-05,0.0001,32,16,0.1696,1.0663,0.8211,0.8085,0.5353,nan,nan,nan,nan,0
late,cage,0,8,resnet,True,none,lr,1e-05,0.0001,32,17,0.1564,1.0583,0.8134,0.7872,0.5801,nan,nan,nan,nan,1
late,cage,0,8,resnet,True,none,lr,1e-05,0.0001,32,18,0.1283,1.0554,0.8489,0.8085,0.5769,nan,nan,nan,nan,1
late,cage,0,8,resnet,True,none,lr,1e-05,0.0001,32,19,0.1084,1.1538,0.8654,0.8085,0.5513,nan,nan,nan,nan,0
late,cage,0,8,resnet,True,none,lr,1e-05,0.0001,32,20,0.0955,1.2544,0.9243,0.8085,0.5577,nan,nan,nan,nan,1
late,cage,0,8,resnet,True,none,lr,1e-05,0.0001,32,21,0.0860,1.2705,0.9362,0.8085,0.5833,nan,nan,nan,nan,1
late,cage,0,8,resnet,True,none,lr,1e-05,0.0001,32,22,0.0750,1.2177,0.9327,0.7872,0.5897,nan,nan,nan,nan,0
late,cage,0,8,resnet,True,none,lr,1e-05,0.0001,32,23,0.0714,1.3485,0.9829,0.7872,0.5641,nan,nan,nan,nan,0
late,cage,0,8,resnet,True,none,lr,1e-05,0.0001,32,24,0.0645,1.3166,0.9468,0.8298,0.5737,nan,nan,nan,nan,0
late,cage,0,8,resnet,True,none,lr,1e-05,0.0001,32,25,0.0578,1.4375,1.0031,0.8085,0.5737,1.1509,0.9885,0.8140,0.7143,1
late,cage,0,8,resnet,True,none,lr,1e-05,0.0001,32,26,0.0505,1.4816,1.0642,0.7660,0.5160,nan,nan,nan,nan,0
late,cage,0,8,resnet,True,none,lr,1e-05,0.0001,32,27,0.0412,1.5478,1.0682,0.8085,0.5481,nan,nan,nan,nan,0
late,cage,0,8,resnet,True,none,lr,1e-05,0.0001,32,28,0.0388,1.6474,1.1169,0.8298,0.5481,nan,nan,nan,nan,0
late,cage,0,8,resnet,True,none,lr,1e-05,0.0001,32,29,0.0396,1.5834,1.0806,0.8298,0.6250,nan,nan,nan,nan,0
late,cage,0,8,resnet,True,none,lr,1e-05,0.0001,32,30,0.0381,1.5862,1.0857,0.8085,0.5705,nan,nan,nan,nan,0
late,cage,0,9,resnet,True,none,lr,1e-05,0.0001,32,1,0.6923,0.7095,0.6938,0.6190,0.4377,nan,nan,nan,nan,0
late,cage,0,9,resnet,True,none,lr,1e-05,0.0001,32,2,0.6634,0.7118,0.7060,0.5952,0.4512,nan,nan,nan,nan,0
late,cage,0,9,resnet,True,none,lr,1e-05,0.0001,32,3,0.6351,0.7314,0.7043,0.6429,0.4377,nan,nan,nan,nan,0
late,cage,0,9,resnet,True,none,lr,1e-05,0.0001,32,4,0.6019,0.7622,0.7347,0.5952,0.3939,nan,nan,nan,nan,0
late,cage,0,9,resnet,True,none,lr,1e-05,0.0001,32,5,0.5671,0.7861,0.7610,0.6190,0.4310,nan,nan,nan,nan,1
late,cage,0,9,resnet,True,none,lr,1e-05,0.0001,32,6,0.5236,0.8087,0.7707,0.6429,0.4444,nan,nan,nan,nan,0
late,cage,0,9,resnet,True,none,lr,1e-05,0.0001,32,7,0.4750,0.8323,0.7808,0.6667,0.4949,0.6667,0.6463,0.8140,0.6944,1
late,cage,0,9,resnet,True,none,lr,1e-05,0.0001,32,8,0.4194,0.8520,0.8024,0.6667,0.4141,nan,nan,nan,nan,0
late,cage,0,9,resnet,True,none,lr,1e-05,0.0001,32,9,0.3694,0.9658,0.8287,0.6429,0.4141,nan,nan,nan,nan,0
late,cage,0,9,resnet,True,none,lr,1e-05,0.0001,32,10,0.3211,0.9949,0.9128,0.6667,0.4074,nan,nan,nan,nan,0
late,cage,0,9,resnet,True,none,lr,1e-05,0.0001,32,11,0.2776,1.0468,0.9182,0.6429,0.4007,nan,nan,nan,nan,0
late,cage,0,9,resnet,True,none,lr,1e-05,0.0001,32,12,0.2406,1.1251,0.9312,0.6905,0.4175,nan,nan,nan,nan,0
late,cage,0,9,resnet,True,none,lr,1e-05,0.0001,32,13,0.2098,1.2310,1.0055,0.6667,0.3670,nan,nan,nan,nan,0
late,cage,0,9,resnet,True,none,lr,1e-05,0.0001,32,14,0.1680,1.2299,1.0271,0.6667,0.3973,nan,nan,nan,nan,0
late,cage,0,9,resnet,True,none,lr,1e-05,0.0001,32,15,0.1497,1.2654,1.0306,0.6667,0.4209,nan,nan,nan,nan,0
late,cage,0,9,resnet,True,none,lr,1e-05,0.0001,32,16,0.1283,1.3302,1.0913,0.6905,0.3973,nan,nan,nan,nan,0
late,cage,1,0,resnet,True,none,lr,1e-05,0.0001,32,1,0.6904,0.6937,0.6770,0.7907,0.5000,nan,nan,nan,nan,0
late,cage,1,0,resnet,True,none,lr,1e-05,0.0001,32,2,0.6743,0.6971,0.6908,0.6977,0.4246,nan,nan,nan,nan,0
late,cage,1,0,resnet,True,none,lr,1e-05,0.0001,32,3,0.6581,0.6926,0.6645,0.8140,0.5198,nan,nan,nan,nan,0
late,cage,1,0,resnet,True,none,lr,1e-05,0.0001,32,4,0.6366,0.6850,0.6719,0.7907,0.6071,nan,nan,nan,nan,0
late,cage,1,0,resnet,True,none,lr,1e-05,0.0001,32,5,0.6068,0.6734,0.6583,0.7907,0.5992,nan,nan,nan,nan,1
late,cage,1,0,resnet,True,none,lr,1e-05,0.0001,32,6,0.5708,0.6640,0.6675,0.7674,0.6230,nan,nan,nan,nan,1
late,cage,1,0,resnet,True,none,lr,1e-05,0.0001,32,7,0.5226,0.6525,0.6363,0.7907,0.6825,nan,nan,nan,nan,1
late,cage,1,0,resnet,True,none,lr,1e-05,0.0001,32,8,0.4782,0.6726,0.6625,0.8140,0.6310,nan,nan,nan,nan,1
late,cage,1,0,resnet,True,none,lr,1e-05,0.0001,32,9,0.4262,0.6773,0.6640,0.8140,0.6587,nan,nan,nan,nan,1
late,cage,1,0,resnet,True,none,lr,1e-05,0.0001,32,10,0.3781,0.6758,0.6667,0.8140,0.6627,nan,nan,nan,nan,1
late,cage,1,0,resnet,True,none,lr,1e-05,0.0001,32,11,0.3316,0.6714,0.6817,0.8140,0.7262,nan,nan,nan,nan,1
late,cage,1,0,resnet,True,none,lr,1e-05,0.0001,32,12,0.2923,0.6881,0.6861,0.8140,0.7103,nan,nan,nan,nan,1
late,cage,1,0,resnet,True,none,lr,1e-05,0.0001,32,13,0.2546,0.7379,0.7155,0.7907,0.6905,0.8302,0.7034,0.8140,0.6190,1
late,cage,1,0,resnet,True,none,lr,1e-05,0.0001,32,14,0.2219,0.7390,0.7409,0.8140,0.6627,nan,nan,nan,nan,0
late,cage,1,0,resnet,True,none,lr,1e-05,0.0001,32,15,0.1923,0.8192,0.7545,0.8140,0.6548,nan,nan,nan,nan,0
late,cage,1,0,resnet,True,none,lr,1e-05,0.0001,32,16,0.1681,0.8704,0.8027,0.8140,0.6349,nan,nan,nan,nan,0
late,cage,1,0,resnet,True,none,lr,1e-05,0.0001,32,17,0.1429,0.8569,0.8066,0.8140,0.7262,nan,nan,nan,nan,0
late,cage,1,0,resnet,True,none,lr,1e-05,0.0001,32,18,0.1213,0.9286,0.8212,0.8140,0.7024,nan,nan,nan,nan,0
late,cage,1,2,resnet,True,none,lr,1e-05,0.0001,32,1,0.6936,0.6924,0.6727,0.7857,0.5515,nan,nan,nan,nan,0
late,cage,1,2,resnet,True,none,lr,1e-05,0.0001,32,2,0.6669,0.6935,0.6823,0.7143,0.5441,nan,nan,nan,nan,0
late,cage,1,2,resnet,True,none,lr,1e-05,0.0001,32,3,0.6453,0.7046,0.6664,0.7619,0.5221,nan,nan,nan,nan,0
late,cage,1,2,resnet,True,none,lr,1e-05,0.0001,32,4,0.6144,0.7194,0.6817,0.6905,0.5037,nan,nan,nan,nan,0
late,cage,1,2,resnet,True,none,lr,1e-05,0.0001,32,5,0.5781,0.7165,0.6829,0.7381,0.5294,nan,nan,nan,nan,1
late,cage,1,2,resnet,True,none,lr,1e-05,0.0001,32,6,0.5371,0.7298,0.6846,0.7619,0.5882,nan,nan,nan,nan,1
late,cage,1,2,resnet,True,none,lr,1e-05,0.0001,32,7,0.4877,0.7386,0.7086,0.7143,0.5625,nan,nan,nan,nan,0
late,cage,1,2,resnet,True,none,lr,1e-05,0.0001,32,8,0.4323,0.7335,0.6990,0.7619,0.6618,nan,nan,nan,nan,1
late,cage,1,2,resnet,True,none,lr,1e-05,0.0001,32,9,0.3894,0.7681,0.7138,0.7619,0.6801,nan,nan,nan,nan,1
late,cage,1,2,resnet,True,none,lr,1e-05,0.0001,32,10,0.3388,0.8086,0.7640,0.7619,0.6250,nan,nan,nan,nan,1
late,cage,1,2,resnet,True,none,lr,1e-05,0.0001,32,11,0.3007,0.8581,0.7859,0.7619,0.6544,nan,nan,nan,nan,1
late,cage,1,2,resnet,True,none,lr,1e-05,0.0001,32,12,0.2621,0.9458,0.7988,0.7619,0.6250,0.8325,0.7081,0.8605,0.5992,1
late,cage,1,2,resnet,True,none,lr,1e-05,0.0001,32,13,0.2291,0.9566,0.8138,0.7857,0.6250,nan,nan,nan,nan,0
late,cage,1,2,resnet,True,none,lr,1e-05,0.0001,32,14,0.1918,0.9916,0.8450,0.7619,0.5882,nan,nan,nan,nan,0
late,cage,1,2,resnet,True,none,lr,1e-05,0.0001,32,15,0.1688,1.0060,0.8582,0.7619,0.6618,nan,nan,nan,nan,0
late,cage,1,2,resnet,True,none,lr,1e-05,0.0001,32,16,0.1545,1.1266,0.9307,0.7619,0.6581,nan,nan,nan,nan,0
late,cage,1,2,resnet,True,none,lr,1e-05,0.0001,32,17,0.1307,1.2101,0.9475,0.7857,0.5368,nan,nan,nan,nan,0
late,cage,1,3,resnet,True,none,lr,1e-05,0.0001,32,1,0.6999,0.6855,0.6881,0.5714,0.6531,nan,nan,nan,nan,0
late,cage,1,3,resnet,True,none,lr,1e-05,0.0001,32,2,0.6788,0.6806,0.6631,0.7619,0.6735,nan,nan,nan,nan,0
late,cage,1,3,resnet,True,none,lr,1e-05,0.0001,32,3,0.6621,0.6749,0.6692,0.6667,0.6980,nan,nan,nan,nan,0
late,cage,1,3,resnet,True,none,lr,1e-05,0.0001,32,4,0.6390,0.6695,0.6613,0.7143,0.6367,nan,nan,nan,nan,0
late,cage,1,3,resnet,True,none,lr,1e-05,0.0001,32,5,0.6070,0.6587,0.6527,0.6667,0.6857,nan,nan,nan,nan,1
late,cage,1,3,resnet,True,none,lr,1e-05,0.0001,32,6,0.5700,0.6544,0.6735,0.6667,0.6776,nan,nan,nan,nan,0
late,cage,1,3,resnet,True,none,lr,1e-05,0.0001,32,7,0.5222,0.6349,0.6462,0.7381,0.7673,nan,nan,nan,nan,1
late,cage,1,3,resnet,True,none,lr,1e-05,0.0001,32,8,0.4741,0.6406,0.6324,0.7619,0.7306,nan,nan,nan,nan,1
late,cage,1,3,resnet,True,none,lr,1e-05,0.0001,32,9,0.4311,0.6316,0.6504,0.7619,0.7551,nan,nan,nan,nan,1
late,cage,1,3,resnet,True,none,lr,1e-05,0.0001,32,10,0.3829,0.6449,0.6671,0.7857,0.7306,nan,nan,nan,nan,1
late,cage,1,3,resnet,True,none,lr,1e-05,0.0001,32,11,0.3412,0.6678,0.6701,0.7619,0.7184,0.7440,0.6633,0.8372,0.6111,1
late,cage,1,3,resnet,True,none,lr,1e-05,0.0001,32,12,0.2971,0.6405,0.6821,0.7619,0.7755,nan,nan,nan,nan,0
late,cage,1,3,resnet,True,none,lr,1e-05,0.0001,32,13,0.2560,0.7061,0.7446,0.7381,0.6857,nan,nan,nan,nan,0
late,cage,1,3,resnet,True,none,lr,1e-05,0.0001,32,14,0.2265,0.7393,0.7238,0.8333,0.7102,nan,nan,nan,nan,0
late,cage,1,3,resnet,True,none,lr,1e-05,0.0001,32,15,0.1966,0.7844,0.7665,0.8333,0.6898,nan,nan,nan,nan,0
late,cage,1,3,resnet,True,none,lr,1e-05,0.0001,32,16,0.1704,0.7883,0.7766,0.8333,0.7020,nan,nan,nan,nan,0
late,cage,1,4,resnet,True,none,lr,1e-05,0.0001,32,1,0.6945,0.7109,0.6862,0.7209,0.4500,nan,nan,nan,nan,0
late,cage,1,4,resnet,True,none,lr,1e-05,0.0001,32,2,0.6624,0.7092,0.6980,0.6047,0.4429,nan,nan,nan,nan,0
late,cage,1,4,resnet,True,none,lr,1e-05,0.0001,32,3,0.6314,0.7248,0.6982,0.6744,0.4429,nan,nan,nan,nan,0
late,cage,1,4,resnet,True,none,lr,1e-05,0.0001,32,4,0.5953,0.7333,0.7042,0.7442,0.5000,nan,nan,nan,nan,0
late,cage,1,4,resnet,True,none,lr,1e-05,0.0001,32,5,0.5596,0.6998,0.6769,0.7209,0.5964,nan,nan,nan,nan,1
late,cage,1,4,resnet,True,none,lr,1e-05,0.0001,32,6,0.5235,0.7136,0.6914,0.7674,0.6143,nan,nan,nan,nan,1
late,cage,1,4,resnet,True,none,lr,1e-05,0.0001,32,7,0.4650,0.7394,0.7186,0.7442,0.5643,nan,nan,nan,nan,1
late,cage,1,4,resnet,True,none,lr,1e-05,0.0001,32,8,0.4199,0.7477,0.7559,0.7674,0.5964,nan,nan,nan,nan,1
late,cage,1,4,resnet,True,none,lr,1e-05,0.0001,32,9,0.3703,0.7423,0.7546,0.7674,0.6500,nan,nan,nan,nan,1
late,cage,1,4,resnet,True,none,lr,1e-05,0.0001,32,10,0.3318,0.8249,0.8130,0.7907,0.6393,nan,nan,nan,nan,1
late,cage,1,4,resnet,True,none,lr,1e-05,0.0001,32,11,0.2828,0.7964,0.8334,0.7442,0.6821,nan,nan,nan,nan,1
late,cage,1,4,resnet,True,none,lr,1e-05,0.0001,32,12,0.2523,0.7844,0.8255,0.7674,0.7071,nan,nan,nan,nan,1
late,cage,1,4,resnet,True,none,lr,1e-05,0.0001,32,13,0.2182,0.9274,0.9106,0.7674,0.6321,nan,nan,nan,nan,1
late,cage,1,4,resnet,True,none,lr,1e-05,0.0001,32,14,0.1867,0.8799,0.8965,0.7907,0.7071,1.0104,0.7868,0.8372,0.5040,1
late,cage,1,4,resnet,True,none,lr,1e-05,0.0001,32,15,0.1548,1.1294,1.0500,0.7674,0.6500,nan,nan,nan,nan,0
late,cage,1,4,resnet,True,none,lr,1e-05,0.0001,32,16,0.1354,1.0650,1.0232,0.7907,0.6143,nan,nan,nan,nan,0
late,cage,1,4,resnet,True,none,lr,1e-05,0.0001,32,17,0.1202,1.1416,1.0860,0.7907,0.6536,nan,nan,nan,nan,0
late,cage,1,4,resnet,True,none,lr,1e-05,0.0001,32,18,0.1010,1.1165,1.0838,0.7907,0.6643,nan,nan,nan,nan,0
late,cage,1,4,resnet,True,none,lr,1e-05,0.0001,32,19,0.0879,1.2102,1.1411,0.7907,0.6929,nan,nan,nan,nan,0
late,cage,1,5,resnet,True,none,lr,1e-05,0.0001,32,1,0.6902,0.6989,0.6902,0.5250,0.4588,nan,nan,nan,nan,0
late,cage,1,5,resnet,True,none,lr,1e-05,0.0001,32,2,0.6726,0.7086,0.6965,0.5750,0.4265,nan,nan,nan,nan,0
late,cage,1,5,resnet,True,none,lr,1e-05,0.0001,32,3,0.6536,0.7100,0.6892,0.6250,0.4875,nan,nan,nan,nan,0
late,cage,1,5,resnet,True,none,lr,1e-05,0.0001,32,4,0.6279,0.7461,0.6996,0.6500,0.4194,nan,nan,nan,nan,0
late,cage,1,5,resnet,True,none,lr,1e-05,0.0001,32,5,0.5913,0.7854,0.7118,0.6750,0.4194,0.6828,0.6446,0.7674,0.5952,1
late,cage,1,5,resnet,True,none,lr,1e-05,0.0001,32,6,0.5526,0.8128,0.7249,0.6750,0.4086,nan,nan,nan,nan,0
late,cage,1,5,resnet,True,none,lr,1e-05,0.0001,32,7,0.5049,0.8343,0.7375,0.6750,0.3763,nan,nan,nan,nan,0
late,cage,1,5,resnet,True,none,lr,1e-05,0.0001,32,8,0.4574,0.8675,0.7465,0.6750,0.4301,nan,nan,nan,nan,0
late,cage,1,5,resnet,True,none,lr,1e-05,0.0001,32,9,0.4076,0.8945,0.7895,0.6500,0.4122,nan,nan,nan,nan,0
late,cage,1,5,resnet,True,none,lr,1e-05,0.0001,32,10,0.3554,0.9588,0.8370,0.6750,0.3584,nan,nan,nan,nan,0
late,cage,1,5,resnet,True,none,lr,1e-05,0.0001,32,11,0.3172,0.9971,0.8577,0.6500,0.3799,nan,nan,nan,nan,0
late,cage,1,5,resnet,True,none,lr,1e-05,0.0001,32,12,0.2710,1.1116,0.9125,0.7250,0.3620,nan,nan,nan,nan,0
late,cage,1,5,resnet,True,none,lr,1e-05,0.0001,32,13,0.2372,1.2077,0.9560,0.7250,0.3513,nan,nan,nan,nan,0
late,cage,1,5,resnet,True,none,lr,1e-05,0.0001,32,14,0.2075,1.2699,0.9843,0.7750,0.3477,nan,nan,nan,nan,0
late,cage,1,5,resnet,True,none,lr,1e-05,0.0001,32,15,0.1758,1.3131,1.0122,0.7750,0.3656,nan,nan,nan,nan,0
late,cage,1,5,resnet,True,none,lr,1e-05,0.0001,32,16,0.1494,1.3721,1.0514,0.7500,0.3369,nan,nan,nan,nan,0
late,cage,1,6,resnet,True,none,lr,1e-05,0.0001,32,1,0.6957,0.7022,0.7081,0.5122,0.3810,nan,nan,nan,nan,0
late,cage,1,6,resnet,True,none,lr,1e-05,0.0001,32,2,0.6698,0.6988,0.6829,0.8049,0.3952,nan,nan,nan,nan,0
late,cage,1,6,resnet,True,none,lr,1e-05,0.0001,32,3,0.6450,0.7029,0.7003,0.6585,0.4238,nan,nan,nan,nan,0
late,cage,1,6,resnet,True,none,lr,1e-05,0.0001,32,4,0.6152,0.7145,0.6931,0.7805,0.3429,nan,nan,nan,nan,0
late,cage,1,6,resnet,True,none,lr,1e-05,0.0001,32,5,0.5840,0.7188,0.7040,0.7561,0.3429,nan,nan,nan,nan,1
late,cage,1,6,resnet,True,none,lr,1e-05,0.0001,32,6,0.5429,0.7233,0.7091,0.7073,0.3810,nan,nan,nan,nan,0
late,cage,1,6,resnet,True,none,lr,1e-05,0.0001,32,7,0.4949,0.7518,0.7282,0.7805,0.3667,nan,nan,nan,nan,0
late,cage,1,6,resnet,True,none,lr,1e-05,0.0001,32,8,0.4425,0.7982,0.7400,0.8293,0.3762,nan,nan,nan,nan,0
late,cage,1,6,resnet,True,none,lr,1e-05,0.0001,32,9,0.3959,0.8111,0.7794,0.8293,0.3524,nan,nan,nan,nan,0
late,cage,1,6,resnet,True,none,lr,1e-05,0.0001,32,10,0.3486,0.8674,0.8121,0.8293,0.3238,nan,nan,nan,nan,0
late,cage,1,6,resnet,True,none,lr,1e-05,0.0001,32,11,0.3028,0.8480,0.8050,0.8537,0.3905,nan,nan,nan,nan,0
late,cage,1,6,resnet,True,none,lr,1e-05,0.0001,32,12,0.2692,0.9400,0.8436,0.8537,0.3952,nan,nan,nan,nan,0
late,cage,1,6,resnet,True,none,lr,1e-05,0.0001,32,13,0.2320,0.9659,0.8746,0.8537,0.3810,nan,nan,nan,nan,0
late,cage,1,6,resnet,True,none,lr,1e-05,0.0001,32,14,0.2063,0.9907,0.8830,0.8537,0.3810,nan,nan,nan,nan,0
late,cage,1,6,resnet,True,none,lr,1e-05,0.0001,32,15,0.1826,1.0689,0.9667,0.8537,0.3571,nan,nan,nan,nan,0
late,cage,1,6,resnet,True,none,lr,1e-05,0.0001,32,16,0.1530,1.0413,0.9565,0.8537,0.4000,nan,nan,nan,nan,1
late,cage,1,6,resnet,True,none,lr,1e-05,0.0001,32,17,0.1306,1.0472,0.9806,0.8537,0.4333,nan,nan,nan,nan,1
late,cage,1,6,resnet,True,none,lr,1e-05,0.0001,32,18,0.1112,1.1868,1.0522,0.8537,0.3952,nan,nan,nan,nan,0
late,cage,1,6,resnet,True,none,lr,1e-05,0.0001,32,19,0.1051,1.2649,1.0699,0.8537,0.4190,nan,nan,nan,nan,1
late,cage,1,6,resnet,True,none,lr,1e-05,0.0001,32,20,0.0859,1.2220,1.0755,0.8537,0.4000,1.1654,0.9320,0.8372,0.5556,1
late,cage,1,6,resnet,True,none,lr,1e-05,0.0001,32,21,0.0724,1.3249,1.1143,0.8537,0.4190,nan,nan,nan,nan,0
late,cage,1,6,resnet,True,none,lr,1e-05,0.0001,32,22,0.0735,1.2835,1.1645,0.8537,0.3762,nan,nan,nan,nan,0
late,cage,1,6,resnet,True,none,lr,1e-05,0.0001,32,23,0.0627,1.3575,1.1500,0.8537,0.4095,nan,nan,nan,nan,0
late,cage,1,6,resnet,True,none,lr,1e-05,0.0001,32,24,0.0521,1.5002,1.2558,0.8537,0.3714,nan,nan,nan,nan,0
late,cage,1,6,resnet,True,none,lr,1e-05,0.0001,32,25,0.0480,1.4087,1.2259,0.8537,0.4238,nan,nan,nan,nan,0
late,cage,1,7,resnet,True,none,lr,1e-05,0.0001,32,1,0.6947,0.7021,0.6804,0.7727,0.4167,nan,nan,nan,nan,0
late,cage,1,7,resnet,True,none,lr,1e-05,0.0001,32,2,0.6708,0.7144,0.6869,0.7273,0.3958,nan,nan,nan,nan,0
late,cage,1,7,resnet,True,none,lr,1e-05,0.0001,32,3,0.6515,0.6996,0.6878,0.6364,0.4931,nan,nan,nan,nan,0
late,cage,1,7,resnet,True,none,lr,1e-05,0.0001,32,4,0.6222,0.7028,0.6711,0.7273,0.5347,nan,nan,nan,nan,0
late,cage,1,7,resnet,True,none,lr,1e-05,0.0001,32,5,0.5906,0.7061,0.6776,0.7500,0.5069,nan,nan,nan,nan,1
late,cage,1,7,resnet,True,none,lr,1e-05,0.0001,32,6,0.5433,0.7199,0.6657,0.7955,0.5625,nan,nan,nan,nan,1
late,cage,1,7,resnet,True,none,lr,1e-05,0.0001,32,7,0.4978,0.7211,0.6817,0.7955,0.5417,nan,nan,nan,nan,1
late,cage,1,7,resnet,True,none,lr,1e-05,0.0001,32,8,0.4465,0.7549,0.7197,0.8182,0.4444,nan,nan,nan,nan,0
late,cage,1,7,resnet,True,none,lr,1e-05,0.0001,32,9,0.3956,0.7310,0.7055,0.7955,0.6111,nan,nan,nan,nan,1
late,cage,1,7,resnet,True,none,lr,1e-05,0.0001,32,10,0.3543,0.7894,0.7588,0.7955,0.5139,nan,nan,nan,nan,0
late,cage,1,7,resnet,True,none,lr,1e-05,0.0001,32,11,0.2992,0.7864,0.7183,0.8409,0.5972,nan,nan,nan,nan,1
late,cage,1,7,resnet,True,none,lr,1e-05,0.0001,32,12,0.2642,0.8660,0.7597,0.8182,0.5833,nan,nan,nan,nan,1
late,cage,1,7,resnet,True,none,lr,1e-05,0.0001,32,13,0.2260,0.9476,0.8066,0.8182,0.5417,nan,nan,nan,nan,1
late,cage,1,7,resnet,True,none,lr,1e-05,0.0001,32,14,0.1919,0.9561,0.8254,0.8182,0.5972,nan,nan,nan,nan,0
late,cage,1,7,resnet,True,none,lr,1e-05,0.0001,32,15,0.1701,0.9602,0.8450,0.8182,0.6285,nan,nan,nan,nan,1
late,cage,1,7,resnet,True,none,lr,1e-05,0.0001,32,16,0.1494,1.0090,0.8628,0.8409,0.5972,nan,nan,nan,nan,0
late,cage,1,7,resnet,True,none,lr,1e-05,0.0001,32,17,0.1211,1.0988,0.8783,0.8182,0.6389,nan,nan,nan,nan,1
late,cage,1,7,resnet,True,none,lr,1e-05,0.0001,32,18,0.1079,1.0962,0.8983,0.8182,0.6146,nan,nan,nan,nan,1
late,cage,1,7,resnet,True,none,lr,1e-05,0.0001,32,19,0.0926,1.1031,0.9124,0.8182,0.6562,1.0830,0.8686,0.8372,0.6111,1
late,cage,1,7,resnet,True,none,lr,1e-05,0.0001,32,20,0.0771,1.2796,0.9833,0.8182,0.5694,nan,nan,nan,nan,0
late,cage,1,7,resnet,True,none,lr,1e-05,0.0001,32,21,0.0695,1.3335,1.0380,0.8182,0.5590,nan,nan,nan,nan,0
late,cage,1,7,resnet,True,none,lr,1e-05,0.0001,32,22,0.0634,1.5156,1.0745,0.8182,0.5417,nan,nan,nan,nan,0
late,cage,1,7,resnet,True,none,lr,1e-05,0.0001,32,23,0.0595,1.4484,1.0746,0.8182,0.5451,nan,nan,nan,nan,0
late,cage,1,7,resnet,True,none,lr,1e-05,0.0001,32,24,0.0499,1.4667,1.0851,0.8182,0.5660,nan,nan,nan,nan,0
late,cage,1,8,resnet,True,none,lr,1e-05,0.0001,32,1,0.6996,0.7043,0.6983,0.5745,0.3462,nan,nan,nan,nan,0
late,cage,1,8,resnet,True,none,lr,1e-05,0.0001,32,2,0.6795,0.7037,0.6896,0.6170,0.4295,nan,nan,nan,nan,0
late,cage,1,8,resnet,True,none,lr,1e-05,0.0001,32,3,0.6612,0.7069,0.6830,0.7234,0.4487,nan,nan,nan,nan,0
late,cage,1,8,resnet,True,none,lr,1e-05,0.0001,32,4,0.6345,0.7201,0.6760,0.7234,0.4519,nan,nan,nan,nan,0
late,cage,1,8,resnet,True,none,lr,1e-05,0.0001,32,5,0.6037,0.7197,0.6967,0.6383,0.5128,nan,nan,nan,nan,1
late,cage,1,8,resnet,True,none,lr,1e-05,0.0001,32,6,0.5646,0.7268,0.6924,0.6383,0.4968,nan,nan,nan,nan,1
late,cage,1,8,resnet,True,none,lr,1e-05,0.0001,32,7,0.5178,0.7414,0.6932,0.7021,0.5032,nan,nan,nan,nan,1
late,cage,1,8,resnet,True,none,lr,1e-05,0.0001,32,8,0.4695,0.7410,0.6796,0.7234,0.5449,nan,nan,nan,nan,1
late,cage,1,8,resnet,True,none,lr,1e-05,0.0001,32,9,0.4204,0.7912,0.6884,0.7660,0.5353,nan,nan,nan,nan,1
late,cage,1,8,resnet,True,none,lr,1e-05,0.0001,32,10,0.3735,0.8002,0.7186,0.7234,0.5192,nan,nan,nan,nan,0
late,cage,1,8,resnet,True,none,lr,1e-05,0.0001,32,11,0.3348,0.8844,0.7259,0.7447,0.5321,nan,nan,nan,nan,1
late,cage,1,8,resnet,True,none,lr,1e-05,0.0001,32,12,0.2863,0.8768,0.7471,0.7234,0.5449,nan,nan,nan,nan,1
late,cage,1,8,resnet,True,none,lr,1e-05,0.0001,32,13,0.2603,0.9215,0.7644,0.7872,0.5545,nan,nan,nan,nan,0
late,cage,1,8,resnet,True,none,lr,1e-05,0.0001,32,14,0.2248,0.9870,0.7790,0.8085,0.5449,nan,nan,nan,nan,0
late,cage,1,8,resnet,True,none,lr,1e-05,0.0001,32,15,0.1949,0.9450,0.7969,0.7660,0.5609,nan,nan,nan,nan,1
late,cage,1,8,resnet,True,none,lr,1e-05,0.0001,32,16,0.1692,1.0186,0.8077,0.8085,0.5737,0.8607,0.6976,0.8140,0.6944,1
late,cage,1,8,resnet,True,none,lr,1e-05,0.0001,32,17,0.1474,1.0739,0.8487,0.7660,0.5449,nan,nan,nan,nan,0
late,cage,1,8,resnet,True,none,lr,1e-05,0.0001,32,18,0.1288,1.1547,0.8916,0.7660,0.5577,nan,nan,nan,nan,0
late,cage,1,8,resnet,True,none,lr,1e-05,0.0001,32,19,0.1161,1.2211,0.9197,0.8085,0.5321,nan,nan,nan,nan,0
late,cage,1,8,resnet,True,none,lr,1e-05,0.0001,32,20,0.0994,1.2785,0.9342,0.8085,0.5513,nan,nan,nan,nan,0
late,cage,1,8,resnet,True,none,lr,1e-05,0.0001,32,21,0.0836,1.2602,0.9527,0.8085,0.5417,nan,nan,nan,nan,0
late,cage,1,9,resnet,True,none,lr,1e-05,0.0001,32,1,0.6911,0.6991,0.6905,0.6429,0.5051,nan,nan,nan,nan,0
late,cage,1,9,resnet,True,none,lr,1e-05,0.0001,32,2,0.6733,0.7114,0.6942,0.6190,0.4747,nan,nan,nan,nan,0
late,cage,1,9,resnet,True,none,lr,1e-05,0.0001,32,3,0.6517,0.7170,0.7100,0.6667,0.4916,nan,nan,nan,nan,0
late,cage,1,9,resnet,True,none,lr,1e-05,0.0001,32,4,0.6261,0.7189,0.7162,0.6190,0.4983,nan,nan,nan,nan,0
late,cage,1,9,resnet,True,none,lr,1e-05,0.0001,32,5,0.5881,0.7339,0.7118,0.6905,0.5051,0.6762,0.6368,0.7209,0.5992,1
late,cage,1,9,resnet,True,none,lr,1e-05,0.0001,32,6,0.5485,0.7623,0.7684,0.6429,0.4815,nan,nan,nan,nan,0
late,cage,1,9,resnet,True,none,lr,1e-05,0.0001,32,7,0.4997,0.7982,0.7809,0.6667,0.5084,nan,nan,nan,nan,0
late,cage,1,9,resnet,True,none,lr,1e-05,0.0001,32,8,0.4545,0.8903,0.8626,0.6429,0.4815,nan,nan,nan,nan,0
late,cage,1,9,resnet,True,none,lr,1e-05,0.0001,32,9,0.4009,0.8723,0.7830,0.6429,0.5017,nan,nan,nan,nan,0
late,cage,1,9,resnet,True,none,lr,1e-05,0.0001,32,10,0.3523,0.9567,0.8771,0.6429,0.4411,nan,nan,nan,nan,0
late,cage,1,9,resnet,True,none,lr,1e-05,0.0001,32,11,0.3154,0.9512,0.8887,0.6429,0.4882,nan,nan,nan,nan,0
late,cage,1,9,resnet,True,none,lr,1e-05,0.0001,32,12,0.2837,1.0339,0.8759,0.6905,0.4579,nan,nan,nan,nan,0
late,cage,1,9,resnet,True,none,lr,1e-05,0.0001,32,13,0.2377,1.0914,0.9465,0.6429,0.4545,nan,nan,nan,nan,0
late,cage,1,9,resnet,True,none,lr,1e-05,0.0001,32,14,0.2096,1.1154,0.9121,0.6905,0.4781,nan,nan,nan,nan,0
late,cage,1,9,resnet,True,none,lr,1e-05,0.0001,32,15,0.1781,1.2335,1.0155,0.6667,0.4714,nan,nan,nan,nan,0
late,cage,1,9,resnet,True,none,lr,1e-05,0.0001,32,16,0.1576,1.1859,0.9698,0.6905,0.5118,nan,nan,nan,nan,0
late,cage,2,0,resnet,True,none,lr,1e-05,0.0001,32,1,0.6955,0.7083,0.6877,0.7209,0.3373,nan,nan,nan,nan,0
late,cage,2,0,resnet,True,none,lr,1e-05,0.0001,32,2,0.6547,0.7116,0.6741,0.8140,0.4325,nan,nan,nan,nan,0
late,cage,2,0,resnet,True,none,lr,1e-05,0.0001,32,3,0.6242,0.7158,0.6917,0.7907,0.4365,nan,nan,nan,nan,0
late,cage,2,0,resnet,True,none,lr,1e-05,0.0001,32,4,0.5908,0.7020,0.6833,0.7442,0.4960,nan,nan,nan,nan,0
late,cage,2,0,resnet,True,none,lr,1e-05,0.0001,32,5,0.5462,0.6895,0.6650,0.7907,0.5992,nan,nan,nan,nan,1
late,cage,2,0,resnet,True,none,lr,1e-05,0.0001,32,6,0.5046,0.6857,0.6775,0.7442,0.6270,nan,nan,nan,nan,1
late,cage,2,0,resnet,True,none,lr,1e-05,0.0001,32,7,0.4561,0.6665,0.6828,0.7442,0.7103,nan,nan,nan,nan,1
late,cage,2,0,resnet,True,none,lr,1e-05,0.0001,32,8,0.4132,0.6850,0.6808,0.7907,0.7024,nan,nan,nan,nan,1
late,cage,2,0,resnet,True,none,lr,1e-05,0.0001,32,9,0.3575,0.6948,0.6917,0.7907,0.6865,nan,nan,nan,nan,1
late,cage,2,0,resnet,True,none,lr,1e-05,0.0001,32,10,0.3166,0.7372,0.7090,0.8140,0.6627,nan,nan,nan,nan,1
late,cage,2,0,resnet,True,none,lr,1e-05,0.0001,32,11,0.2722,0.7642,0.7414,0.7674,0.6706,0.9564,0.8495,0.7619,0.4853,1
late,cage,2,0,resnet,True,none,lr,1e-05,0.0001,32,12,0.2307,0.8281,0.7767,0.7674,0.7063,nan,nan,nan,nan,0
late,cage,2,0,resnet,True,none,lr,1e-05,0.0001,32,13,0.2029,0.8382,0.7880,0.8140,0.6786,nan,nan,nan,nan,0
late,cage,2,0,resnet,True,none,lr,1e-05,0.0001,32,14,0.1649,0.8400,0.8114,0.7907,0.6865,nan,nan,nan,nan,0
late,cage,2,0,resnet,True,none,lr,1e-05,0.0001,32,15,0.1416,0.9917,0.8577,0.8372,0.6786,nan,nan,nan,nan,0
late,cage,2,0,resnet,True,none,lr,1e-05,0.0001,32,16,0.1260,0.8303,0.8421,0.8372,0.6984,nan,nan,nan,nan,0
late,cage,2,1,resnet,True,none,lr,1e-05,0.0001,32,1,0.6911,0.6848,0.6686,0.7907,0.6190,nan,nan,nan,nan,0
late,cage,2,1,resnet,True,none,lr,1e-05,0.0001,32,2,0.6755,0.6822,0.6595,0.7907,0.6825,nan,nan,nan,nan,0
late,cage,2,1,resnet,True,none,lr,1e-05,0.0001,32,3,0.6565,0.6753,0.6590,0.7442,0.6667,nan,nan,nan,nan,0
late,cage,2,1,resnet,True,none,lr,1e-05,0.0001,32,4,0.6309,0.6730,0.6517,0.7442,0.6429,nan,nan,nan,nan,0
late,cage,2,1,resnet,True,none,lr,1e-05,0.0001,32,5,0.6000,0.6673,0.6423,0.7442,0.6270,0.7378,0.7024,0.6429,0.4118,1
late,cage,2,1,resnet,True,none,lr,1e-05,0.0001,32,6,0.5591,0.6637,0.6426,0.8140,0.6389,nan,nan,nan,nan,0
late,cage,2,1,resnet,True,none,lr,1e-05,0.0001,32,7,0.5141,0.6660,0.6403,0.7442,0.6349,nan,nan,nan,nan,0
late,cage,2,1,resnet,True,none,lr,1e-05,0.0001,32,8,0.4667,0.6860,0.6466,0.7907,0.5873,nan,nan,nan,nan,0
late,cage,2,1,resnet,True,none,lr,1e-05,0.0001,32,9,0.4188,0.6959,0.6426,0.8140,0.6310,nan,nan,nan,nan,0
late,cage,2,1,resnet,True,none,lr,1e-05,0.0001,32,10,0.3693,0.7289,0.6613,0.8140,0.6389,nan,nan,nan,nan,0
late,cage,2,1,resnet,True,none,lr,1e-05,0.0001,32,11,0.3266,0.7133,0.6707,0.8372,0.6230,nan,nan,nan,nan,0
late,cage,2,1,resnet,True,none,lr,1e-05,0.0001,32,12,0.2840,0.7596,0.6767,0.8372,0.6429,nan,nan,nan,nan,0
late,cage,2,1,resnet,True,none,lr,1e-05,0.0001,32,13,0.2510,0.8097,0.6891,0.8140,0.6468,nan,nan,nan,nan,0
late,cage,2,1,resnet,True,none,lr,1e-05,0.0001,32,14,0.2224,0.8092,0.7002,0.8372,0.6111,nan,nan,nan,nan,0
late,cage,2,1,resnet,True,none,lr,1e-05,0.0001,32,15,0.1914,0.8585,0.7705,0.8605,0.5198,nan,nan,nan,nan,0
late,cage,2,1,resnet,True,none,lr,1e-05,0.0001,32,16,0.1631,0.8655,0.7456,0.8605,0.6032,nan,nan,nan,nan,0
late,cage,2,3,resnet,True,none,lr,1e-05,0.0001,32,1,0.6919,0.6980,0.6889,0.7381,0.4163,nan,nan,nan,nan,0
late,cage,2,3,resnet,True,none,lr,1e-05,0.0001,32,2,0.6727,0.6959,0.7020,0.4524,0.4776,nan,nan,nan,nan,0
late,cage,2,3,resnet,True,none,lr,1e-05,0.0001,32,3,0.6538,0.6922,0.6855,0.5952,0.4980,nan,nan,nan,nan,0
late,cage,2,3,resnet,True,none,lr,1e-05,0.0001,32,4,0.6292,0.6861,0.6844,0.6429,0.5633,nan,nan,nan,nan,0
late,cage,2,3,resnet,True,none,lr,1e-05,0.0001,32,5,0.5961,0.6784,0.6762,0.6667,0.5918,nan,nan,nan,nan,1
late,cage,2,3,resnet,True,none,lr,1e-05,0.0001,32,6,0.5509,0.6610,0.6604,0.7381,0.6531,nan,nan,nan,nan,1
late,cage,2,3,resnet,True,none,lr,1e-05,0.0001,32,7,0.5061,0.6797,0.7035,0.6905,0.6000,nan,nan,nan,nan,1
late,cage,2,3,resnet,True,none,lr,1e-05,0.0001,32,8,0.4585,0.6750,0.6843,0.7381,0.6367,nan,nan,nan,nan,1
late,cage,2,3,resnet,True,none,lr,1e-05,0.0001,32,9,0.4042,0.6967,0.7040,0.7619,0.6163,nan,nan,nan,nan,1
late,cage,2,3,resnet,True,none,lr,1e-05,0.0001,32,10,0.3562,0.6808,0.6978,0.7857,0.6694,0.7895,0.7464,0.7619,0.5919,1
late,cage,2,3,resnet,True,none,lr,1e-05,0.0001,32,11,0.3105,0.7461,0.7504,0.7619,0.5959,nan,nan,nan,nan,0
late,cage,2,3,resnet,True,none,lr,1e-05,0.0001,32,12,0.2692,0.7546,0.7502,0.7381,0.6408,nan,nan,nan,nan,0
late,cage,2,3,resnet,True,none,lr,1e-05,0.0001,32,13,0.2306,0.8122,0.7743,0.8095,0.6408,nan,nan,nan,nan,0
late,cage,2,3,resnet,True,none,lr,1e-05,0.0001,32,14,0.2006,0.8783,0.8442,0.8095,0.5837,nan,nan,nan,nan,0
late,cage,2,3,resnet,True,none,lr,1e-05,0.0001,32,15,0.1762,0.8373,0.8212,0.7857,0.6204,nan,nan,nan,nan,0
late,cage,2,3,resnet,True,none,lr,1e-05,0.0001,32,16,0.1469,0.9161,0.9003,0.8095,0.5673,nan,nan,nan,nan,0
late,cage,2,4,resnet,True,none,lr,1e-05,0.0001,32,1,0.6921,0.6916,0.6808,0.8140,0.6036,nan,nan,nan,nan,0
late,cage,2,4,resnet,True,none,lr,1e-05,0.0001,32,2,0.6759,0.6907,0.6756,0.7674,0.6214,nan,nan,nan,nan,0
late,cage,2,4,resnet,True,none,lr,1e-05,0.0001,32,3,0.6573,0.6898,0.6712,0.7674,0.6429,nan,nan,nan,nan,0
late,cage,2,4,resnet,True,none,lr,1e-05,0.0001,32,4,0.6344,0.6882,0.6745,0.5814,0.6214,nan,nan,nan,nan,0
late,cage,2,4,resnet,True,none,lr,1e-05,0.0001,32,5,0.6010,0.6820,0.6654,0.6279,0.6321,nan,nan,nan,nan,1
late,cage,2,4,resnet,True,none,lr,1e-05,0.0001,32,6,0.5654,0.6688,0.6641,0.8140,0.7071,nan,nan,nan,nan,1
late,cage,2,4,resnet,True,none,lr,1e-05,0.0001,32,7,0.5219,0.6893,0.6709,0.7209,0.6571,nan,nan,nan,nan,1
late,cage,2,4,resnet,True,none,lr,1e-05,0.0001,32,8,0.4769,0.6435,0.6511,0.8372,0.7500,nan,nan,nan,nan,1
late,cage,2,4,resnet,True,none,lr,1e-05,0.0001,32,9,0.4309,0.6549,0.6768,0.8140,0.7500,nan,nan,nan,nan,1
late,cage,2,4,resnet,True,none,lr,1e-05,0.0001,32,10,0.3781,0.6188,0.6713,0.8140,0.7893,nan,nan,nan,nan,1
late,cage,2,4,resnet,True,none,lr,1e-05,0.0001,32,11,0.3439,0.6617,0.6895,0.8140,0.7607,nan,nan,nan,nan,1
late,cage,2,4,resnet,True,none,lr,1e-05,0.0001,32,12,0.2965,0.7196,0.7126,0.8372,0.7393,0.8846,0.7532,0.8095,0.4963,1
late,cage,2,4,resnet,True,none,lr,1e-05,0.0001,32,13,0.2539,0.6836,0.7372,0.7907,0.7429,nan,nan,nan,nan,0
late,cage,2,4,resnet,True,none,lr,1e-05,0.0001,32,14,0.2274,0.7777,0.7671,0.8372,0.7607,nan,nan,nan,nan,0
late,cage,2,4,resnet,True,none,lr,1e-05,0.0001,32,15,0.1978,0.8503,0.8222,0.8372,0.6857,nan,nan,nan,nan,0
late,cage,2,4,resnet,True,none,lr,1e-05,0.0001,32,16,0.1673,0.8544,0.8631,0.7907,0.7429,nan,nan,nan,nan,0
late,cage,2,4,resnet,True,none,lr,1e-05,0.0001,32,17,0.1485,0.8681,0.8664,0.8140,0.7464,nan,nan,nan,nan,0
late,cage,2,5,resnet,True,none,lr,1e-05,0.0001,32,1,0.6883,0.7081,0.6820,0.7250,0.4695,nan,nan,nan,nan,0
late,cage,2,5,resnet,True,none,lr,1e-05,0.0001,32,2,0.6649,0.7189,0.6956,0.6500,0.3548,nan,nan,nan,nan,0
late,cage,2,5,resnet,True,none,lr,1e-05,0.0001,32,3,0.6382,0.7181,0.6933,0.6500,0.4803,nan,nan,nan,nan,0
late,cage,2,5,resnet,True,none,lr,1e-05,0.0001,32,4,0.6028,0.7292,0.7003,0.6500,0.4803,nan,nan,nan,nan,0
late,cage,2,5,resnet,True,none,lr,1e-05,0.0001,32,5,0.5657,0.7497,0.6927,0.7250,0.5341,nan,nan,nan,nan,1
late,cage,2,5,resnet,True,none,lr,1e-05,0.0001,32,6,0.5220,0.8016,0.7367,0.6750,0.4624,nan,nan,nan,nan,0
late,cage,2,5,resnet,True,none,lr,1e-05,0.0001,32,7,0.4784,0.8147,0.7515,0.6250,0.4624,0.7158,0.6906,0.7381,0.6397,1
late,cage,2,5,resnet,True,none,lr,1e-05,0.0001,32,8,0.4224,0.8617,0.7615,0.6750,0.4910,nan,nan,nan,nan,0
late,cage,2,5,resnet,True,none,lr,1e-05,0.0001,32,9,0.3730,0.9727,0.8401,0.6750,0.4444,nan,nan,nan,nan,0
late,cage,2,5,resnet,True,none,lr,1e-05,0.0001,32,10,0.3351,0.9646,0.8409,0.6250,0.4444,nan,nan,nan,nan,0
late,cage,2,5,resnet,True,none,lr,1e-05,0.0001,32,11,0.2892,1.0323,0.8609,0.7000,0.4516,nan,nan,nan,nan,0
late,cage,2,5,resnet,True,none,lr,1e-05,0.0001,32,12,0.2495,1.1366,0.9289,0.6750,0.4050,nan,nan,nan,nan,0
late,cage,2,5,resnet,True,none,lr,1e-05,0.0001,32,13,0.2128,1.1362,0.9577,0.7000,0.4229,nan,nan,nan,nan,0
late,cage,2,5,resnet,True,none,lr,1e-05,0.0001,32,14,0.1843,1.2987,1.0259,0.6750,0.4086,nan,nan,nan,nan,0
late,cage,2,5,resnet,True,none,lr,1e-05,0.0001,32,15,0.1590,1.2849,1.0456,0.6500,0.4301,nan,nan,nan,nan,0
late,cage,2,5,resnet,True,none,lr,1e-05,0.0001,32,16,0.1386,1.4061,1.0970,0.7250,0.4265,nan,nan,nan,nan,0
late,cage,2,6,resnet,True,none,lr,1e-05,0.0001,32,1,0.6994,0.6878,0.6679,0.8537,0.5095,nan,nan,nan,nan,0
late,cage,2,6,resnet,True,none,lr,1e-05,0.0001,32,2,0.6789,0.6888,0.6796,0.7317,0.5286,nan,nan,nan,nan,0
late,cage,2,6,resnet,True,none,lr,1e-05,0.0001,32,3,0.6627,0.6892,0.6775,0.6829,0.4952,nan,nan,nan,nan,0
late,cage,2,6,resnet,True,none,lr,1e-05,0.0001,32,4,0.6425,0.6847,0.6744,0.7805,0.5381,nan,nan,nan,nan,0
late,cage,2,6,resnet,True,none,lr,1e-05,0.0001,32,5,0.6126,0.6850,0.6697,0.8049,0.4905,nan,nan,nan,nan,1
late,cage,2,6,resnet,True,none,lr,1e-05,0.0001,32,6,0.5755,0.6713,0.6610,0.7561,0.5905,nan,nan,nan,nan,1
late,cage,2,6,resnet,True,none,lr,1e-05,0.0001,32,7,0.5318,0.6749,0.6560,0.8049,0.5714,nan,nan,nan,nan,1
late,cage,2,6,resnet,True,none,lr,1e-05,0.0001,32,8,0.4850,0.7068,0.6871,0.8537,0.4714,nan,nan,nan,nan,0
late,cage,2,6,resnet,True,none,lr,1e-05,0.0001,32,9,0.4368,0.7119,0.6861,0.8049,0.5476,nan,nan,nan,nan,0
late,cage,2,6,resnet,True,none,lr,1e-05,0.0001,32,10,0.3909,0.6996,0.6800,0.8780,0.5857,nan,nan,nan,nan,1
late,cage,2,6,resnet,True,none,lr,1e-05,0.0001,32,11,0.3400,0.7015,0.6868,0.8537,0.5952,nan,nan,nan,nan,0
late,cage,2,6,resnet,True,none,lr,1e-05,0.0001,32,12,0.3011,0.7959,0.7176,0.8537,0.6095,nan,nan,nan,nan,1
late,cage,2,6,resnet,True,none,lr,1e-05,0.0001,32,13,0.2581,0.7407,0.7227,0.8537,0.6000,0.8875,0.7989,0.7381,0.5037,1
late,cage,2,6,resnet,True,none,lr,1e-05,0.0001,32,14,0.2251,0.7963,0.7591,0.8537,0.5667,nan,nan,nan,nan,0
late,cage,2,6,resnet,True,none,lr,1e-05,0.0001,32,15,0.1966,0.8711,0.8029,0.8537,0.5381,nan,nan,nan,nan,0
late,cage,2,6,resnet,True,none,lr,1e-05,0.0001,32,16,0.1789,0.9166,0.8336,0.8537,0.5429,nan,nan,nan,nan,0
late,cage,2,6,resnet,True,none,lr,1e-05,0.0001,32,17,0.1453,0.9036,0.8457,0.8537,0.5381,nan,nan,nan,nan,0
late,cage,2,6,resnet,True,none,lr,1e-05,0.0001,32,18,0.1303,1.0162,0.8791,0.8537,0.5714,nan,nan,nan,nan,0
late,cage,2,7,resnet,True,none,lr,1e-05,0.0001,32,1,0.6899,0.7005,0.6705,0.7727,0.4931,nan,nan,nan,nan,0
late,cage,2,7,resnet,True,none,lr,1e-05,0.0001,32,2,0.6629,0.6969,0.6703,0.6818,0.5556,nan,nan,nan,nan,0
late,cage,2,7,resnet,True,none,lr,1e-05,0.0001,32,3,0.6409,0.6844,0.6601,0.7273,0.6424,nan,nan,nan,nan,0
late,cage,2,7,resnet,True,none,lr,1e-05,0.0001,32,4,0.6085,0.6835,0.6667,0.6818,0.6354,nan,nan,nan,nan,0
late,cage,2,7,resnet,True,none,lr,1e-05,0.0001,32,5,0.5753,0.6697,0.6764,0.6364,0.6632,nan,nan,nan,nan,1
late,cage,2,7,resnet,True,none,lr,1e-05,0.0001,32,6,0.5310,0.6627,0.6610,0.7045,0.6910,nan,nan,nan,nan,1
late,cage,2,7,resnet,True,none,lr,1e-05,0.0001,32,7,0.4864,0.6556,0.6455,0.7955,0.7500,nan,nan,nan,nan,1
late,cage,2,7,resnet,True,none,lr,1e-05,0.0001,32,8,0.4387,0.6401,0.6695,0.7727,0.7396,nan,nan,nan,nan,1
late,cage,2,7,resnet,True,none,lr,1e-05,0.0001,32,9,0.3923,0.7002,0.6758,0.7955,0.7153,nan,nan,nan,nan,1
late,cage,2,7,resnet,True,none,lr,1e-05,0.0001,32,10,0.3464,0.6762,0.6824,0.7727,0.7535,nan,nan,nan,nan,1
late,cage,2,7,resnet,True,none,lr,1e-05,0.0001,32,11,0.2938,0.7336,0.7202,0.8182,0.6910,nan,nan,nan,nan,0
late,cage,2,7,resnet,True,none,lr,1e-05,0.0001,32,12,0.2573,0.7618,0.7230,0.8409,0.7292,nan,nan,nan,nan,0
late,cage,2,7,resnet,True,none,lr,1e-05,0.0001,32,13,0.2273,0.7830,0.7273,0.8182,0.7812,nan,nan,nan,nan,0
late,cage,2,7,resnet,True,none,lr,1e-05,0.0001,32,14,0.1896,0.8052,0.7449,0.8182,0.7708,nan,nan,nan,nan,1
late,cage,2,7,resnet,True,none,lr,1e-05,0.0001,32,15,0.1697,0.8964,0.7763,0.8182,0.7882,nan,nan,nan,nan,1
late,cage,2,7,resnet,True,none,lr,1e-05,0.0001,32,16,0.1442,0.8245,0.7766,0.8182,0.7812,nan,nan,nan,nan,1
late,cage,2,7,resnet,True,none,lr,1e-05,0.0001,32,17,0.1218,0.9181,0.8272,0.8182,0.7708,1.0631,0.8935,0.8095,0.5993,1
late,cage,2,7,resnet,True,none,lr,1e-05,0.0001,32,18,0.0981,0.9256,0.8261,0.8182,0.7778,nan,nan,nan,nan,0
late,cage,2,7,resnet,True,none,lr,1e-05,0.0001,32,19,0.0891,0.9884,0.8569,0.8182,0.7847,nan,nan,nan,nan,0
late,cage,2,7,resnet,True,none,lr,1e-05,0.0001,32,20,0.0858,1.0052,0.9056,0.8182,0.7326,nan,nan,nan,nan,0
late,cage,2,7,resnet,True,none,lr,1e-05,0.0001,32,21,0.0716,1.1074,0.9290,0.8182,0.7500,nan,nan,nan,nan,0
late,cage,2,7,resnet,True,none,lr,1e-05,0.0001,32,22,0.0718,1.0562,0.9101,0.8182,0.7708,nan,nan,nan,nan,0
late,cage,2,8,resnet,True,none,lr,1e-05,0.0001,32,1,0.6989,0.6982,0.7066,0.2766,0.3750,nan,nan,nan,nan,0
late,cage,2,8,resnet,True,none,lr,1e-05,0.0001,32,2,0.6790,0.6966,0.6798,0.7021,0.4359,nan,nan,nan,nan,0
late,cage,2,8,resnet,True,none,lr,1e-05,0.0001,32,3,0.6621,0.7006,0.6799,0.7021,0.4263,nan,nan,nan,nan,0
late,cage,2,8,resnet,True,none,lr,1e-05,0.0001,32,4,0.6364,0.7041,0.6784,0.6170,0.4712,nan,nan,nan,nan,0
late,cage,2,8,resnet,True,none,lr,1e-05,0.0001,32,5,0.6041,0.7028,0.6723,0.7021,0.5224,nan,nan,nan,nan,1
late,cage,2,8,resnet,True,none,lr,1e-05,0.0001,32,6,0.5688,0.7158,0.6718,0.7447,0.5288,nan,nan,nan,nan,1
late,cage,2,8,resnet,True,none,lr,1e-05,0.0001,32,7,0.5266,0.7222,0.6589,0.7872,0.5449,nan,nan,nan,nan,1
late,cage,2,8,resnet,True,none,lr,1e-05,0.0001,32,8,0.4769,0.7362,0.6718,0.7660,0.5288,nan,nan,nan,nan,1
late,cage,2,8,resnet,True,none,lr,1e-05,0.0001,32,9,0.4422,0.7451,0.6720,0.7660,0.5385,nan,nan,nan,nan,1
late,cage,2,8,resnet,True,none,lr,1e-05,0.0001,32,10,0.3867,0.7678,0.6727,0.7660,0.5224,nan,nan,nan,nan,0
late,cage,2,8,resnet,True,none,lr,1e-05,0.0001,32,11,0.3438,0.8152,0.6862,0.7872,0.5096,nan,nan,nan,nan,0
late,cage,2,8,resnet,True,none,lr,1e-05,0.0001,32,12,0.3120,0.7990,0.7206,0.7447,0.5256,nan,nan,nan,nan,0
late,cage,2,8,resnet,True,none,lr,1e-05,0.0001,32,13,0.2602,0.8382,0.7050,0.8085,0.5513,nan,nan,nan,nan,0
late,cage,2,8,resnet,True,none,lr,1e-05,0.0001,32,14,0.2354,0.9011,0.7026,0.8085,0.5577,nan,nan,nan,nan,0
late,cage,2,8,resnet,True,none,lr,1e-05,0.0001,32,15,0.2026,0.9079,0.7452,0.8085,0.5417,nan,nan,nan,nan,0
late,cage,2,8,resnet,True,none,lr,1e-05,0.0001,32,16,0.1766,0.9878,0.7465,0.8085,0.5513,1.0178,0.8123,0.8095,0.5368,1
late,cage,2,8,resnet,True,none,lr,1e-05,0.0001,32,17,0.1513,0.9843,0.7757,0.8085,0.5353,nan,nan,nan,nan,0
late,cage,2,8,resnet,True,none,lr,1e-05,0.0001,32,18,0.1309,1.0182,0.7917,0.8085,0.5417,nan,nan,nan,nan,0
late,cage,2,8,resnet,True,none,lr,1e-05,0.0001,32,19,0.1161,1.2016,0.8211,0.8298,0.5449,nan,nan,nan,nan,0
late,cage,2,8,resnet,True,none,lr,1e-05,0.0001,32,20,0.1002,1.1274,0.8263,0.8085,0.5417,nan,nan,nan,nan,0
late,cage,2,8,resnet,True,none,lr,1e-05,0.0001,32,21,0.0919,1.2174,0.8684,0.8298,0.5288,nan,nan,nan,nan,0
late,cage,2,9,resnet,True,none,lr,1e-05,0.0001,32,1,0.6902,0.7141,0.7020,0.5714,0.2997,nan,nan,nan,nan,0
late,cage,2,9,resnet,True,none,lr,1e-05,0.0001,32,2,0.6585,0.7247,0.7016,0.6429,0.3838,nan,nan,nan,nan,0
late,cage,2,9,resnet,True,none,lr,1e-05,0.0001,32,3,0.6320,0.7319,0.7240,0.6429,0.3838,nan,nan,nan,nan,0
late,cage,2,9,resnet,True,none,lr,1e-05,0.0001,32,4,0.5929,0.7452,0.7185,0.6190,0.4478,nan,nan,nan,nan,0
late,cage,2,9,resnet,True,none,lr,1e-05,0.0001,32,5,0.5575,0.7773,0.7600,0.6190,0.4444,nan,nan,nan,nan,1
late,cage,2,9,resnet,True,none,lr,1e-05,0.0001,32,6,0.5143,0.8235,0.7530,0.6429,0.4747,nan,nan,nan,nan,1
late,cage,2,9,resnet,True,none,lr,1e-05,0.0001,32,7,0.4611,0.8778,0.8250,0.6190,0.4343,nan,nan,nan,nan,1
late,cage,2,9,resnet,True,none,lr,1e-05,0.0001,32,8,0.4202,0.8749,0.7930,0.6667,0.4411,0.7921,0.7190,0.7619,0.5074,1
late,cage,2,9,resnet,True,none,lr,1e-05,0.0001,32,9,0.3670,0.9502,0.8203,0.6905,0.4646,nan,nan,nan,nan,0
late,cage,2,9,resnet,True,none,lr,1e-05,0.0001,32,10,0.3267,0.9795,0.8445,0.6667,0.4276,nan,nan,nan,nan,0
late,cage,2,9,resnet,True,none,lr,1e-05,0.0001,32,11,0.2838,1.0603,0.9132,0.6905,0.4040,nan,nan,nan,nan,0
late,cage,2,9,resnet,True,none,lr,1e-05,0.0001,32,12,0.2465,1.0789,0.9090,0.6905,0.4242,nan,nan,nan,nan,0
late,cage,2,9,resnet,True,none,lr,1e-05,0.0001,32,13,0.2135,1.1871,0.9686,0.6667,0.4209,nan,nan,nan,nan,0
late,cage,2,9,resnet,True,none,lr,1e-05,0.0001,32,14,0.1780,1.2262,0.9751,0.6905,0.4613,nan,nan,nan,nan,0
late,cage,2,9,resnet,True,none,lr,1e-05,0.0001,32,15,0.1536,1.2541,0.9898,0.6905,0.4276,nan,nan,nan,nan,0
late,cage,2,9,resnet,True,none,lr,1e-05,0.0001,32,16,0.1408,1.2602,0.9894,0.7381,0.4141,nan,nan,nan,nan,0
late,cage,3,0,resnet,True,none,lr,1e-05,0.0001,32,1,0.6914,0.6978,0.6831,0.7674,0.4325,nan,nan,nan,nan,0
late,cage,3,0,resnet,True,none,lr,1e-05,0.0001,32,2,0.6607,0.6927,0.6696,0.7674,0.5278,nan,nan,nan,nan,0
late,cage,3,0,resnet,True,none,lr,1e-05,0.0001,32,3,0.6388,0.6811,0.6874,0.7442,0.6111,nan,nan,nan,nan,0
late,cage,3,0,resnet,True,none,lr,1e-05,0.0001,32,4,0.6051,0.6721,0.6779,0.8140,0.6706,nan,nan,nan,nan,0
late,cage,3,0,resnet,True,none,lr,1e-05,0.0001,32,5,0.5675,0.6687,0.6816,0.7907,0.6706,nan,nan,nan,nan,1
late,cage,3,0,resnet,True,none,lr,1e-05,0.0001,32,6,0.5276,0.6638,0.6817,0.7907,0.7024,nan,nan,nan,nan,1
late,cage,3,0,resnet,True,none,lr,1e-05,0.0001,32,7,0.4819,0.6544,0.6649,0.7907,0.7381,nan,nan,nan,nan,1
late,cage,3,0,resnet,True,none,lr,1e-05,0.0001,32,8,0.4330,0.6491,0.6858,0.7442,0.7738,nan,nan,nan,nan,1
late,cage,3,0,resnet,True,none,lr,1e-05,0.0001,32,9,0.3814,0.6379,0.7054,0.7907,0.7619,nan,nan,nan,nan,1
late,cage,3,0,resnet,True,none,lr,1e-05,0.0001,32,10,0.3305,0.6661,0.6998,0.8372,0.7659,nan,nan,nan,nan,1
late,cage,3,0,resnet,True,none,lr,1e-05,0.0001,32,11,0.2902,0.6421,0.7052,0.7907,0.7897,nan,nan,nan,nan,1
late,cage,3,0,resnet,True,none,lr,1e-05,0.0001,32,12,0.2476,0.7260,0.7237,0.7907,0.8056,0.8731,0.7981,0.8333,0.5633,1
late,cage,3,0,resnet,True,none,lr,1e-05,0.0001,32,13,0.2172,0.7608,0.7925,0.7907,0.7698,nan,nan,nan,nan,0
late,cage,3,0,resnet,True,none,lr,1e-05,0.0001,32,14,0.1741,0.7905,0.8334,0.7907,0.7460,nan,nan,nan,nan,0
late,cage,3,0,resnet,True,none,lr,1e-05,0.0001,32,15,0.1569,0.9770,0.8845,0.7907,0.7063,nan,nan,nan,nan,0
late,cage,3,0,resnet,True,none,lr,1e-05,0.0001,32,16,0.1324,0.8558,0.8739,0.7907,0.7421,nan,nan,nan,nan,0
late,cage,3,0,resnet,True,none,lr,1e-05,0.0001,32,17,0.1163,0.9691,0.9221,0.7907,0.7540,nan,nan,nan,nan,0
late,cage,3,1,resnet,True,none,lr,1e-05,0.0001,32,1,0.7281,0.7062,0.7361,0.1628,0.4127,nan,nan,nan,nan,0
late,cage,3,1,resnet,True,none,lr,1e-05,0.0001,32,2,0.6947,0.6965,0.6921,0.5116,0.4524,nan,nan,nan,nan,0
late,cage,3,1,resnet,True,none,lr,1e-05,0.0001,32,3,0.6859,0.6909,0.6809,0.6279,0.5714,nan,nan,nan,nan,0
late,cage,3,1,resnet,True,none,lr,1e-05,0.0001,32,4,0.6725,0.6819,0.6751,0.6512,0.6429,nan,nan,nan,nan,0
late,cage,3,1,resnet,True,none,lr,1e-05,0.0001,32,5,0.6545,0.6785,0.6579,0.6977,0.6111,nan,nan,nan,nan,1
late,cage,3,1,resnet,True,none,lr,1e-05,0.0001,32,6,0.6243,0.6805,0.6549,0.7674,0.5794,nan,nan,nan,nan,1
late,cage,3,1,resnet,True,none,lr,1e-05,0.0001,32,7,0.5924,0.6762,0.6697,0.6744,0.5635,nan,nan,nan,nan,1
late,cage,3,1,resnet,True,none,lr,1e-05,0.0001,32,8,0.5533,0.6727,0.6517,0.6977,0.5992,0.6671,0.6923,0.6667,0.6531,1
late,cage,3,1,resnet,True,none,lr,1e-05,0.0001,32,9,0.5067,0.6874,0.6229,0.7907,0.5873,nan,nan,nan,nan,0
late,cage,3,1,resnet,True,none,lr,1e-05,0.0001,32,10,0.4652,0.6957,0.6319,0.8372,0.5595,nan,nan,nan,nan,0
late,cage,3,1,resnet,True,none,lr,1e-05,0.0001,32,11,0.4161,0.7025,0.6383,0.8372,0.5595,nan,nan,nan,nan,0
late,cage,3,1,resnet,True,none,lr,1e-05,0.0001,32,12,0.3694,0.7202,0.6693,0.8140,0.5317,nan,nan,nan,nan,0
late,cage,3,1,resnet,True,none,lr,1e-05,0.0001,32,13,0.3318,0.7279,0.6582,0.8372,0.5357,nan,nan,nan,nan,0
late,cage,3,1,resnet,True,none,lr,1e-05,0.0001,32,14,0.2918,0.7299,0.6578,0.8372,0.5595,nan,nan,nan,nan,0
late,cage,3,1,resnet,True,none,lr,1e-05,0.0001,32,15,0.2554,0.8180,0.6624,0.8372,0.5675,nan,nan,nan,nan,0
late,cage,3,1,resnet,True,none,lr,1e-05,0.0001,32,16,0.2251,0.8135,0.6665,0.8372,0.5754,nan,nan,nan,nan,0
late,cage,3,2,resnet,True,none,lr,1e-05,0.0001,32,1,0.6908,0.7095,0.6856,0.7143,0.3713,nan,nan,nan,nan,0
late,cage,3,2,resnet,True,none,lr,1e-05,0.0001,32,2,0.6658,0.6993,0.6820,0.7143,0.4853,nan,nan,nan,nan,0
late,cage,3,2,resnet,True,none,lr,1e-05,0.0001,32,3,0.6459,0.7038,0.6944,0.6429,0.4890,nan,nan,nan,nan,0
late,cage,3,2,resnet,True,none,lr,1e-05,0.0001,32,4,0.6173,0.7142,0.6885,0.6667,0.5000,nan,nan,nan,nan,0
late,cage,3,2,resnet,True,none,lr,1e-05,0.0001,32,5,0.5809,0.7102,0.6768,0.6905,0.6103,nan,nan,nan,nan,1
late,cage,3,2,resnet,True,none,lr,1e-05,0.0001,32,6,0.5400,0.7262,0.7080,0.6429,0.5551,nan,nan,nan,nan,1
late,cage,3,2,resnet,True,none,lr,1e-05,0.0001,32,7,0.4902,0.7520,0.7047,0.6905,0.5478,nan,nan,nan,nan,1
late,cage,3,2,resnet,True,none,lr,1e-05,0.0001,32,8,0.4441,0.7599,0.7334,0.7381,0.5257,nan,nan,nan,nan,1
late,cage,3,2,resnet,True,none,lr,1e-05,0.0001,32,9,0.3954,0.7541,0.7345,0.7381,0.5919,0.6373,0.6864,0.7381,0.7388,1
late,cage,3,2,resnet,True,none,lr,1e-05,0.0001,32,10,0.3385,0.8534,0.7779,0.7143,0.4853,nan,nan,nan,nan,0
late,cage,3,2,resnet,True,none,lr,1e-05,0.0001,32,11,0.3013,0.9004,0.7952,0.7381,0.5037,nan,nan,nan,nan,0
late,cage,3,2,resnet,True,none,lr,1e-05,0.0001,32,12,0.2611,0.9123,0.8215,0.7143,0.5037,nan,nan,nan,nan,0
late,cage,3,2,resnet,True,none,lr,1e-05,0.0001,32,13,0.2193,0.9540,0.8278,0.7381,0.4632,nan,nan,nan,nan,0
late,cage,3,2,resnet,True,none,lr,1e-05,0.0001,32,14,0.1925,0.9860,0.8565,0.7619,0.5735,nan,nan,nan,nan,0
late,cage,3,2,resnet,True,none,lr,1e-05,0.0001,32,15,0.1644,0.9798,0.8560,0.7381,0.5404,nan,nan,nan,nan,0
late,cage,3,2,resnet,True,none,lr,1e-05,0.0001,32,16,0.1437,0.9612,0.8881,0.7143,0.5515,nan,nan,nan,nan,0
late,cage,3,4,resnet,True,none,lr,1e-05,0.0001,32,1,0.7100,0.6920,0.6853,0.6744,0.5107,nan,nan,nan,nan,0
late,cage,3,4,resnet,True,none,lr,1e-05,0.0001,32,2,0.6610,0.6995,0.7018,0.6047,0.4429,nan,nan,nan,nan,0
late,cage,3,4,resnet,True,none,lr,1e-05,0.0001,32,3,0.6317,0.6973,0.6777,0.7209,0.5286,nan,nan,nan,nan,0
late,cage,3,4,resnet,True,none,lr,1e-05,0.0001,32,4,0.5955,0.6990,0.6779,0.6512,0.5464,nan,nan,nan,nan,0
late,cage,3,4,resnet,True,none,lr,1e-05,0.0001,32,5,0.5554,0.6822,0.6844,0.7907,0.6143,nan,nan,nan,nan,1
late,cage,3,4,resnet,True,none,lr,1e-05,0.0001,32,6,0.5118,0.7026,0.7097,0.7442,0.5679,nan,nan,nan,nan,1
late,cage,3,4,resnet,True,none,lr,1e-05,0.0001,32,7,0.4694,0.7159,0.7218,0.8140,0.5857,nan,nan,nan,nan,1
late,cage,3,4,resnet,True,none,lr,1e-05,0.0001,32,8,0.4107,0.7007,0.7073,0.8372,0.6321,nan,nan,nan,nan,1
late,cage,3,4,resnet,True,none,lr,1e-05,0.0001,32,9,0.3633,0.7568,0.7418,0.8605,0.6250,nan,nan,nan,nan,1
late,cage,3,4,resnet,True,none,lr,1e-05,0.0001,32,10,0.3181,0.7167,0.7580,0.8372,0.6464,nan,nan,nan,nan,1
late,cage,3,4,resnet,True,none,lr,1e-05,0.0001,32,11,0.2678,0.7638,0.7679,0.8605,0.6821,nan,nan,nan,nan,1
late,cage,3,4,resnet,True,none,lr,1e-05,0.0001,32,12,0.2421,0.8341,0.8436,0.8605,0.6321,0.8461,0.8309,0.7619,0.5837,1
late,cage,3,4,resnet,True,none,lr,1e-05,0.0001,32,13,0.2013,0.9091,0.8879,0.8372,0.6357,nan,nan,nan,nan,0
late,cage,3,4,resnet,True,none,lr,1e-05,0.0001,32,14,0.1781,0.9907,0.9602,0.8140,0.6143,nan,nan,nan,nan,0
late,cage,3,4,resnet,True,none,lr,1e-05,0.0001,32,15,0.1485,0.9291,0.9220,0.8605,0.6357,nan,nan,nan,nan,0
late,cage,3,4,resnet,True,none,lr,1e-05,0.0001,32,16,0.1274,1.0946,1.0211,0.7907,0.5893,nan,nan,nan,nan,0
late,cage,3,4,resnet,True,none,lr,1e-05,0.0001,32,17,0.1140,0.8835,0.9123,0.8605,0.6929,nan,nan,nan,nan,0
late,cage,3,5,resnet,True,none,lr,1e-05,0.0001,32,1,0.6919,0.7176,0.6935,0.6500,0.2473,nan,nan,nan,nan,0
late,cage,3,5,resnet,True,none,lr,1e-05,0.0001,32,2,0.6690,0.7042,0.6973,0.5500,0.4194,nan,nan,nan,nan,0
late,cage,3,5,resnet,True,none,lr,1e-05,0.0001,32,3,0.6432,0.7120,0.7053,0.5750,0.4480,nan,nan,nan,nan,0
late,cage,3,5,resnet,True,none,lr,1e-05,0.0001,32,4,0.6127,0.7324,0.7092,0.5750,0.4373,nan,nan,nan,nan,0
late,cage,3,5,resnet,True,none,lr,1e-05,0.0001,32,5,0.5783,0.7629,0.7295,0.6000,0.4158,nan,nan,nan,nan,1
late,cage,3,5,resnet,True,none,lr,1e-05,0.0001,32,6,0.5314,0.7625,0.7478,0.6000,0.4444,0.6514,0.6920,0.6667,0.7061,1
late,cage,3,5,resnet,True,none,lr,1e-05,0.0001,32,7,0.4859,0.8411,0.7801,0.6250,0.4158,nan,nan,nan,nan,0
late,cage,3,5,resnet,True,none,lr,1e-05,0.0001,32,8,0.4335,0.9081,0.8127,0.6250,0.4122,nan,nan,nan,nan,0
late,cage,3,5,resnet,True,none,lr,1e-05,0.0001,32,9,0.3844,1.0065,0.8733,0.6500,0.3369,nan,nan,nan,nan,0
late,cage,3,5,resnet,True,none,lr,1e-05,0.0001,32,10,0.3413,1.0034,0.8689,0.6500,0.3728,nan,nan,nan,nan,0
late,cage,3,5,resnet,True,none,lr,1e-05,0.0001,32,11,0.2950,1.1426,0.9496,0.6750,0.3405,nan,nan,nan,nan,0
late,cage,3,5,resnet,True,none,lr,1e-05,0.0001,32,12,0.2508,1.2898,1.0251,0.7500,0.3011,nan,nan,nan,nan,0
late,cage,3,5,resnet,True,none,lr,1e-05,0.0001,32,13,0.2229,1.3191,1.0493,0.7000,0.2724,nan,nan,nan,nan,0
late,cage,3,5,resnet,True,none,lr,1e-05,0.0001,32,14,0.1892,1.4166,1.1406,0.7250,0.2688,nan,nan,nan,nan,0
late,cage,3,5,resnet,True,none,lr,1e-05,0.0001,32,15,0.1639,1.4870,1.1575,0.7500,0.2652,nan,nan,nan,nan,0
late,cage,3,5,resnet,True,none,lr,1e-05,0.0001,32,16,0.1440,1.5316,1.1692,0.7500,0.3082,nan,nan,nan,nan,0
late,cage,3,6,resnet,True,none,lr,1e-05,0.0001,32,1,0.6995,0.6968,0.6759,0.7317,0.4429,nan,nan,nan,nan,0
late,cage,3,6,resnet,True,none,lr,1e-05,0.0001,32,2,0.6560,0.7050,0.6888,0.7073,0.4524,nan,nan,nan,nan,0
late,cage,3,6,resnet,True,none,lr,1e-05,0.0001,32,3,0.6267,0.7095,0.6804,0.7561,0.4429,nan,nan,nan,nan,0
late,cage,3,6,resnet,True,none,lr,1e-05,0.0001,32,4,0.5941,0.7101,0.7020,0.5854,0.4524,nan,nan,nan,nan,0
late,cage,3,6,resnet,True,none,lr,1e-05,0.0001,32,5,0.5590,0.7154,0.6844,0.7805,0.4810,nan,nan,nan,nan,1
late,cage,3,6,resnet,True,none,lr,1e-05,0.0001,32,6,0.5133,0.7220,0.7176,0.6829,0.4810,nan,nan,nan,nan,1
late,cage,3,6,resnet,True,none,lr,1e-05,0.0001,32,7,0.4629,0.7168,0.6736,0.8537,0.5286,nan,nan,nan,nan,1
late,cage,3,6,resnet,True,none,lr,1e-05,0.0001,32,8,0.4140,0.7410,0.7112,0.8293,0.5238,nan,nan,nan,nan,1
late,cage,3,6,resnet,True,none,lr,1e-05,0.0001,32,9,0.3631,0.7340,0.7046,0.8049,0.5619,nan,nan,nan,nan,1
late,cage,3,6,resnet,True,none,lr,1e-05,0.0001,32,10,0.3182,0.7506,0.7071,0.8537,0.6190,nan,nan,nan,nan,1
late,cage,3,6,resnet,True,none,lr,1e-05,0.0001,32,11,0.2790,0.7731,0.7667,0.8293,0.5714,nan,nan,nan,nan,1
late,cage,3,6,resnet,True,none,lr,1e-05,0.0001,32,12,0.2381,0.8195,0.7969,0.8537,0.5476,nan,nan,nan,nan,0
late,cage,3,6,resnet,True,none,lr,1e-05,0.0001,32,13,0.2020,0.7908,0.7911,0.8293,0.6095,nan,nan,nan,nan,1
late,cage,3,6,resnet,True,none,lr,1e-05,0.0001,32,14,0.1740,0.9063,0.8259,0.8537,0.6333,nan,nan,nan,nan,1
late,cage,3,6,resnet,True,none,lr,1e-05,0.0001,32,15,0.1520,0.9088,0.9052,0.8537,0.6000,nan,nan,nan,nan,0
late,cage,3,6,resnet,True,none,lr,1e-05,0.0001,32,16,0.1293,0.9356,0.8905,0.8537,0.6286,nan,nan,nan,nan,1
late,cage,3,6,resnet,True,none,lr,1e-05,0.0001,32,17,0.1052,1.0127,0.9360,0.8537,0.6333,nan,nan,nan,nan,1
late,cage,3,6,resnet,True,none,lr,1e-05,0.0001,32,18,0.0963,1.0536,0.9448,0.8537,0.6238,nan,nan,nan,nan,0
late,cage,3,6,resnet,True,none,lr,1e-05,0.0001,32,19,0.0854,1.0556,0.9676,0.8537,0.6381,nan,nan,nan,nan,0
late,cage,3,6,resnet,True,none,lr,1e-05,0.0001,32,20,0.0741,1.0884,0.9991,0.8537,0.6190,nan,nan,nan,nan,1
late,cage,3,6,resnet,True,none,lr,1e-05,0.0001,32,21,0.0603,1.1110,0.9976,0.8537,0.6714,1.2333,1.0758,0.8333,0.5796,1
late,cage,3,6,resnet,True,none,lr,1e-05,0.0001,32,22,0.0580,1.1403,1.0625,0.8537,0.6429,nan,nan,nan,nan,0
late,cage,3,6,resnet,True,none,lr,1e-05,0.0001,32,23,0.0525,1.2457,1.0808,0.8537,0.6238,nan,nan,nan,nan,0
late,cage,3,6,resnet,True,none,lr,1e-05,0.0001,32,24,0.0431,1.2974,1.1033,0.8537,0.6333,nan,nan,nan,nan,0
late,cage,3,6,resnet,True,none,lr,1e-05,0.0001,32,25,0.0475,1.2682,1.1395,0.8537,0.6381,nan,nan,nan,nan,0
late,cage,3,6,resnet,True,none,lr,1e-05,0.0001,32,26,0.0440,1.3269,1.2023,0.8537,0.6000,nan,nan,nan,nan,0
late,cage,3,7,resnet,True,none,lr,1e-05,0.0001,32,1,0.6928,0.7051,0.6856,0.6818,0.4375,nan,nan,nan,nan,0
late,cage,3,7,resnet,True,none,lr,1e-05,0.0001,32,2,0.6697,0.7045,0.6954,0.5455,0.4757,nan,nan,nan,nan,0
late,cage,3,7,resnet,True,none,lr,1e-05,0.0001,32,3,0.6502,0.7005,0.6911,0.6136,0.5312,nan,nan,nan,nan,0
late,cage,3,7,resnet,True,none,lr,1e-05,0.0001,32,4,0.6216,0.6994,0.6842,0.6136,0.5382,nan,nan,nan,nan,0
late,cage,3,7,resnet,True,none,lr,1e-05,0.0001,32,5,0.5872,0.6908,0.6712,0.6591,0.6007,nan,nan,nan,nan,1
late,cage,3,7,resnet,True,none,lr,1e-05,0.0001,32,6,0.5528,0.7063,0.6517,0.7955,0.5451,nan,nan,nan,nan,1
late,cage,3,7,resnet,True,none,lr,1e-05,0.0001,32,7,0.5038,0.6860,0.6726,0.7045,0.5972,nan,nan,nan,nan,1
late,cage,3,7,resnet,True,none,lr,1e-05,0.0001,32,8,0.4544,0.7042,0.7029,0.7727,0.5417,nan,nan,nan,nan,0
late,cage,3,7,resnet,True,none,lr,1e-05,0.0001,32,9,0.4004,0.6939,0.6753,0.7500,0.6667,nan,nan,nan,nan,1
late,cage,3,7,resnet,True,none,lr,1e-05,0.0001,32,10,0.3587,0.7113,0.6704,0.8409,0.6562,nan,nan,nan,nan,1
late,cage,3,7,resnet,True,none,lr,1e-05,0.0001,32,11,0.3063,0.7554,0.7077,0.8182,0.6528,nan,nan,nan,nan,1
late,cage,3,7,resnet,True,none,lr,1e-05,0.0001,32,12,0.2751,0.8058,0.7183,0.8182,0.6354,nan,nan,nan,nan,1
late,cage,3,7,resnet,True,none,lr,1e-05,0.0001,32,13,0.2292,0.8384,0.7187,0.8182,0.6701,nan,nan,nan,nan,1
late,cage,3,7,resnet,True,none,lr,1e-05,0.0001,32,14,0.1965,0.8155,0.7266,0.8182,0.7396,nan,nan,nan,nan,1
late,cage,3,7,resnet,True,none,lr,1e-05,0.0001,32,15,0.1693,0.8066,0.7572,0.8182,0.7500,nan,nan,nan,nan,1
late,cage,3,7,resnet,True,none,lr,1e-05,0.0001,32,16,0.1435,0.9339,0.7989,0.8182,0.6875,nan,nan,nan,nan,1
late,cage,3,7,resnet,True,none,lr,1e-05,0.0001,32,17,0.1307,0.9266,0.7880,0.8182,0.7708,nan,nan,nan,nan,1
late,cage,3,7,resnet,True,none,lr,1e-05,0.0001,32,18,0.1038,0.9876,0.8323,0.8182,0.7326,nan,nan,nan,nan,1
late,cage,3,7,resnet,True,none,lr,1e-05,0.0001,32,19,0.0894,1.0143,0.8402,0.8182,0.7535,nan,nan,nan,nan,0
late,cage,3,7,resnet,True,none,lr,1e-05,0.0001,32,20,0.0816,0.9410,0.8384,0.8182,0.7708,nan,nan,nan,nan,1
late,cage,3,7,resnet,True,none,lr,1e-05,0.0001,32,21,0.0732,1.0169,0.8866,0.8182,0.7465,1.1000,0.9906,0.8095,0.5510,1
late,cage,3,7,resnet,True,none,lr,1e-05,0.0001,32,22,0.0601,1.1793,0.9215,0.8182,0.7431,nan,nan,nan,nan,0
late,cage,3,7,resnet,True,none,lr,1e-05,0.0001,32,23,0.0559,1.0824,0.9141,0.8182,0.7847,nan,nan,nan,nan,0
late,cage,3,7,resnet,True,none,lr,1e-05,0.0001,32,24,0.0442,1.2193,0.9537,0.8182,0.7500,nan,nan,nan,nan,0
late,cage,3,7,resnet,True,none,lr,1e-05,0.0001,32,25,0.0415,1.2582,0.9716,0.8182,0.7153,nan,nan,nan,nan,0
late,cage,3,7,resnet,True,none,lr,1e-05,0.0001,32,26,0.0422,1.1486,0.9949,0.8182,0.7326,nan,nan,nan,nan,0
late,cage,3,8,resnet,True,none,lr,1e-05,0.0001,32,1,0.7038,0.6986,0.6972,0.4894,0.4583,nan,nan,nan,nan,0
late,cage,3,8,resnet,True,none,lr,1e-05,0.0001,32,2,0.6827,0.7006,0.6974,0.5319,0.4551,nan,nan,nan,nan,0
late,cage,3,8,resnet,True,none,lr,1e-05,0.0001,32,3,0.6632,0.7060,0.6936,0.5957,0.4519,nan,nan,nan,nan,0
late,cage,3,8,resnet,True,none,lr,1e-05,0.0001,32,4,0.6386,0.7125,0.7008,0.7021,0.4327,nan,nan,nan,nan,0
late,cage,3,8,resnet,True,none,lr,1e-05,0.0001,32,5,0.6038,0.7352,0.6956,0.6596,0.4231,nan,nan,nan,nan,1
late,cage,3,8,resnet,True,none,lr,1e-05,0.0001,32,6,0.5641,0.7360,0.6913,0.7660,0.4423,nan,nan,nan,nan,0
late,cage,3,8,resnet,True,none,lr,1e-05,0.0001,32,7,0.5232,0.7495,0.6973,0.7447,0.4615,nan,nan,nan,nan,0
late,cage,3,8,resnet,True,none,lr,1e-05,0.0001,32,8,0.4743,0.7887,0.7119,0.7660,0.4679,nan,nan,nan,nan,0
late,cage,3,8,resnet,True,none,lr,1e-05,0.0001,32,9,0.4237,0.7984,0.7124,0.7447,0.4808,nan,nan,nan,nan,1
late,cage,3,8,resnet,True,none,lr,1e-05,0.0001,32,10,0.3773,0.8017,0.7144,0.7872,0.4455,nan,nan,nan,nan,0
late,cage,3,8,resnet,True,none,lr,1e-05,0.0001,32,11,0.3307,0.8565,0.7296,0.7872,0.4519,0.7481,0.6939,0.8095,0.5837,1
late,cage,3,8,resnet,True,none,lr,1e-05,0.0001,32,12,0.2907,0.8950,0.7488,0.7872,0.4487,nan,nan,nan,nan,0
late,cage,3,8,resnet,True,none,lr,1e-05,0.0001,32,13,0.2529,0.9704,0.7427,0.8298,0.4359,nan,nan,nan,nan,0
late,cage,3,8,resnet,True,none,lr,1e-05,0.0001,32,14,0.2249,0.9794,0.7773,0.7660,0.4872,nan,nan,nan,nan,0
late,cage,3,8,resnet,True,none,lr,1e-05,0.0001,32,15,0.1960,1.0125,0.7871,0.7660,0.4744,nan,nan,nan,nan,0
late,cage,3,8,resnet,True,none,lr,1e-05,0.0001,32,16,0.1682,1.0981,0.8190,0.8298,0.4808,nan,nan,nan,nan,0
late,cage,3,9,resnet,True,none,lr,1e-05,0.0001,32,1,0.6961,0.7112,0.6910,0.6190,0.4141,nan,nan,nan,nan,0
late,cage,3,9,resnet,True,none,lr,1e-05,0.0001,32,2,0.6745,0.7117,0.6933,0.6190,0.4747,nan,nan,nan,nan,0
late,cage,3,9,resnet,True,none,lr,1e-05,0.0001,32,3,0.6536,0.7083,0.7263,0.5476,0.4646,nan,nan,nan,nan,0
late,cage,3,9,resnet,True,none,lr,1e-05,0.0001,32,4,0.6259,0.7212,0.7260,0.5952,0.5118,nan,nan,nan,nan,0
late,cage,3,9,resnet,True,none,lr,1e-05,0.0001,32,5,0.5905,0.7444,0.7157,0.6905,0.4949,nan,nan,nan,nan,1
late,cage,3,9,resnet,True,none,lr,1e-05,0.0001,32,6,0.5493,0.7419,0.7673,0.5952,0.4983,nan,nan,nan,nan,1
late,cage,3,9,resnet,True,none,lr,1e-05,0.0001,32,7,0.5052,0.7601,0.7448,0.6429,0.5421,nan,nan,nan,nan,1
late,cage,3,9,resnet,True,none,lr,1e-05,0.0001,32,8,0.4557,0.7959,0.7665,0.6667,0.4916,0.6675,0.7028,0.6905,0.6531,1
late,cage,3,9,resnet,True,none,lr,1e-05,0.0001,32,9,0.4021,0.8564,0.7880,0.6905,0.4579,nan,nan,nan,nan,0
late,cage,3,9,resnet,True,none,lr,1e-05,0.0001,32,10,0.3582,0.8899,0.8041,0.6667,0.4613,nan,nan,nan,nan,0
late,cage,3,9,resnet,True,none,lr,1e-05,0.0001,32,11,0.3107,1.0025,0.8994,0.6667,0.4209,nan,nan,nan,nan,0
late,cage,3,9,resnet,True,none,lr,1e-05,0.0001,32,12,0.2695,1.0217,0.8915,0.6667,0.4411,nan,nan,nan,nan,0
late,cage,3,9,resnet,True,none,lr,1e-05,0.0001,32,13,0.2310,1.0611,0.9079,0.6905,0.4343,nan,nan,nan,nan,0
late,cage,3,9,resnet,True,none,lr,1e-05,0.0001,32,14,0.2025,1.0335,0.9268,0.6429,0.4411,nan,nan,nan,nan,0
late,cage,3,9,resnet,True,none,lr,1e-05,0.0001,32,15,0.1691,1.1421,0.9978,0.6905,0.4310,nan,nan,nan,nan,0
late,cage,3,9,resnet,True,none,lr,1e-05,0.0001,32,16,0.1455,1.2438,1.0111,0.6905,0.4478,nan,nan,nan,nan,0
late,cage,4,0,resnet,True,none,lr,1e-05,0.0001,32,1,0.7687,0.7090,0.7008,0.6512,0.3611,nan,nan,nan,nan,0
late,cage,4,0,resnet,True,none,lr,1e-05,0.0001,32,2,0.6707,0.7005,0.6877,0.7209,0.4444,nan,nan,nan,nan,0
late,cage,4,0,resnet,True,none,lr,1e-05,0.0001,32,3,0.6447,0.6866,0.6935,0.5814,0.5476,nan,nan,nan,nan,0
late,cage,4,0,resnet,True,none,lr,1e-05,0.0001,32,4,0.6158,0.6733,0.6643,0.6977,0.6349,nan,nan,nan,nan,0
late,cage,4,0,resnet,True,none,lr,1e-05,0.0001,32,5,0.5821,0.6629,0.6591,0.7442,0.6508,nan,nan,nan,nan,1
late,cage,4,0,resnet,True,none,lr,1e-05,0.0001,32,6,0.5374,0.6631,0.6517,0.7442,0.6667,nan,nan,nan,nan,1
late,cage,4,0,resnet,True,none,lr,1e-05,0.0001,32,7,0.5018,0.6571,0.6521,0.7907,0.6865,nan,nan,nan,nan,1
late,cage,4,0,resnet,True,none,lr,1e-05,0.0001,32,8,0.4471,0.6741,0.6884,0.7674,0.6151,nan,nan,nan,nan,1
late,cage,4,0,resnet,True,none,lr,1e-05,0.0001,32,9,0.3937,0.7139,0.6656,0.8140,0.6587,nan,nan,nan,nan,0
late,cage,4,0,resnet,True,none,lr,1e-05,0.0001,32,10,0.3493,0.7404,0.6879,0.8140,0.6667,nan,nan,nan,nan,1
late,cage,4,0,resnet,True,none,lr,1e-05,0.0001,32,11,0.3014,0.7552,0.6919,0.8605,0.6706,nan,nan,nan,nan,0
late,cage,4,0,resnet,True,none,lr,1e-05,0.0001,32,12,0.2635,0.7643,0.7394,0.8372,0.6944,nan,nan,nan,nan,0
late,cage,4,0,resnet,True,none,lr,1e-05,0.0001,32,13,0.2230,0.8283,0.7565,0.8140,0.6984,nan,nan,nan,nan,1
late,cage,4,0,resnet,True,none,lr,1e-05,0.0001,32,14,0.1901,0.8429,0.7921,0.8372,0.6865,nan,nan,nan,nan,1
late,cage,4,0,resnet,True,none,lr,1e-05,0.0001,32,15,0.1619,0.9199,0.7952,0.8372,0.6944,nan,nan,nan,nan,1
late,cage,4,0,resnet,True,none,lr,1e-05,0.0001,32,16,0.1418,1.0124,0.8428,0.8372,0.6984,nan,nan,nan,nan,1
late,cage,4,0,resnet,True,none,lr,1e-05,0.0001,32,17,0.1117,1.0733,0.8677,0.8372,0.7302,nan,nan,nan,nan,1
late,cage,4,0,resnet,True,none,lr,1e-05,0.0001,32,18,0.1010,1.0529,0.8684,0.8372,0.7143,nan,nan,nan,nan,0
late,cage,4,0,resnet,True,none,lr,1e-05,0.0001,32,19,0.0847,1.1907,0.9442,0.8372,0.7302,nan,nan,nan,nan,1
late,cage,4,0,resnet,True,none,lr,1e-05,0.0001,32,20,0.0765,1.1678,0.9668,0.8372,0.6865,nan,nan,nan,nan,0
late,cage,4,0,resnet,True,none,lr,1e-05,0.0001,32,21,0.0702,1.2203,0.9912,0.8372,0.7183,nan,nan,nan,nan,0
late,cage,4,0,resnet,True,none,lr,1e-05,0.0001,32,22,0.0633,1.2337,1.0076,0.8372,0.7302,nan,nan,nan,nan,0
late,cage,4,0,resnet,True,none,lr,1e-05,0.0001,32,23,0.0568,1.2858,1.0192,0.8372,0.7579,nan,nan,nan,nan,1
late,cage,4,0,resnet,True,none,lr,1e-05,0.0001,32,24,0.0502,1.2219,1.0076,0.8372,0.7857,nan,nan,nan,nan,1
late,cage,4,0,resnet,True,none,lr,1e-05,0.0001,32,25,0.0405,1.3684,1.0976,0.8372,0.7262,1.5137,1.4078,0.8140,0.6036,1
late,cage,4,0,resnet,True,none,lr,1e-05,0.0001,32,26,0.0352,1.4284,1.1377,0.8372,0.7381,nan,nan,nan,nan,0
late,cage,4,0,resnet,True,none,lr,1e-05,0.0001,32,27,0.0334,1.4213,1.1438,0.8372,0.7183,nan,nan,nan,nan,0
late,cage,4,0,resnet,True,none,lr,1e-05,0.0001,32,28,0.0376,1.3725,1.1449,0.8372,0.7262,nan,nan,nan,nan,0
late,cage,4,0,resnet,True,none,lr,1e-05,0.0001,32,29,0.0286,1.5054,1.1856,0.8372,0.7262,nan,nan,nan,nan,0
late,cage,4,0,resnet,True,none,lr,1e-05,0.0001,32,30,0.0291,1.4776,1.1859,0.8372,0.7381,nan,nan,nan,nan,0
late,cage,4,1,resnet,True,none,lr,1e-05,0.0001,32,1,0.7033,0.6905,0.6544,0.8372,0.5873,nan,nan,nan,nan,0
late,cage,4,1,resnet,True,none,lr,1e-05,0.0001,32,2,0.6774,0.6836,0.6660,0.8140,0.6032,nan,nan,nan,nan,0
late,cage,4,1,resnet,True,none,lr,1e-05,0.0001,32,3,0.6588,0.6850,0.6480,0.8140,0.5952,nan,nan,nan,nan,0
late,cage,4,1,resnet,True,none,lr,1e-05,0.0001,32,4,0.6330,0.6838,0.6525,0.7674,0.5437,nan,nan,nan,nan,0
late,cage,4,1,resnet,True,none,lr,1e-05,0.0001,32,5,0.6051,0.6792,0.6268,0.7907,0.6151,nan,nan,nan,nan,1
late,cage,4,1,resnet,True,none,lr,1e-05,0.0001,32,6,0.5600,0.6712,0.6343,0.7209,0.6349,nan,nan,nan,nan,1
late,cage,4,1,resnet,True,none,lr,1e-05,0.0001,32,7,0.5201,0.6880,0.6400,0.8140,0.5873,nan,nan,nan,nan,0
late,cage,4,1,resnet,True,none,lr,1e-05,0.0001,32,8,0.4699,0.6721,0.6468,0.7674,0.6310,nan,nan,nan,nan,0
late,cage,4,1,resnet,True,none,lr,1e-05,0.0001,32,9,0.4224,0.7112,0.6455,0.8605,0.5635,nan,nan,nan,nan,1
late,cage,4,1,resnet,True,none,lr,1e-05,0.0001,32,10,0.3698,0.7224,0.6633,0.7907,0.5952,nan,nan,nan,nan,0
late,cage,4,1,resnet,True,none,lr,1e-05,0.0001,32,11,0.3268,0.7418,0.6770,0.8372,0.6111,nan,nan,nan,nan,0
late,cage,4,1,resnet,True,none,lr,1e-05,0.0001,32,12,0.2907,0.7616,0.6827,0.8605,0.6468,nan,nan,nan,nan,0
late,cage,4,1,resnet,True,none,lr,1e-05,0.0001,32,13,0.2486,0.8215,0.6995,0.8605,0.5675,nan,nan,nan,nan,0
late,cage,4,1,resnet,True,none,lr,1e-05,0.0001,32,14,0.2278,0.8062,0.6794,0.8372,0.6587,nan,nan,nan,nan,1
late,cage,4,1,resnet,True,none,lr,1e-05,0.0001,32,15,0.2008,0.8925,0.7052,0.8372,0.6310,nan,nan,nan,nan,1
late,cage,4,1,resnet,True,none,lr,1e-05,0.0001,32,16,0.1652,0.9709,0.7309,0.8372,0.6230,nan,nan,nan,nan,0
late,cage,4,1,resnet,True,none,lr,1e-05,0.0001,32,17,0.1487,0.8994,0.7259,0.8372,0.7024,nan,nan,nan,nan,1
late,cage,4,1,resnet,True,none,lr,1e-05,0.0001,32,18,0.1330,0.9971,0.7624,0.8372,0.6944,nan,nan,nan,nan,1
late,cage,4,1,resnet,True,none,lr,1e-05,0.0001,32,19,0.1144,1.0274,0.7987,0.8372,0.6389,nan,nan,nan,nan,0
late,cage,4,1,resnet,True,none,lr,1e-05,0.0001,32,20,0.1017,1.0347,0.7970,0.8372,0.6706,nan,nan,nan,nan,0
late,cage,4,1,resnet,True,none,lr,1e-05,0.0001,32,21,0.0863,1.1111,0.8026,0.8372,0.6984,nan,nan,nan,nan,1
late,cage,4,1,resnet,True,none,lr,1e-05,0.0001,32,22,0.0740,1.1139,0.8077,0.8372,0.7143,nan,nan,nan,nan,0
late,cage,4,1,resnet,True,none,lr,1e-05,0.0001,32,23,0.0745,1.1359,0.8851,0.8372,0.6548,nan,nan,nan,nan,0
late,cage,4,1,resnet,True,none,lr,1e-05,0.0001,32,24,0.0700,1.0947,0.8612,0.8372,0.6627,nan,nan,nan,nan,0
late,cage,4,1,resnet,True,none,lr,1e-05,0.0001,32,25,0.0607,1.1481,0.8638,0.8372,0.7222,1.1277,1.1045,0.7907,0.6893,1
late,cage,4,1,resnet,True,none,lr,1e-05,0.0001,32,26,0.0493,1.3442,0.9360,0.8372,0.5992,nan,nan,nan,nan,0
late,cage,4,1,resnet,True,none,lr,1e-05,0.0001,32,27,0.0443,1.3884,0.9226,0.8372,0.7063,nan,nan,nan,nan,0
late,cage,4,1,resnet,True,none,lr,1e-05,0.0001,32,28,0.0429,1.2483,0.9701,0.8372,0.6071,nan,nan,nan,nan,0
late,cage,4,1,resnet,True,none,lr,1e-05,0.0001,32,29,0.0395,1.5103,0.9980,0.8372,0.6071,nan,nan,nan,nan,0
late,cage,4,1,resnet,True,none,lr,1e-05,0.0001,32,30,0.0389,1.3231,0.9784,0.8372,0.6587,nan,nan,nan,nan,0
late,cage,4,2,resnet,True,none,lr,1e-05,0.0001,32,1,0.6911,0.7071,0.6947,0.6190,0.3787,nan,nan,nan,nan,0
late,cage,4,2,resnet,True,none,lr,1e-05,0.0001,32,2,0.6653,0.7015,0.6840,0.6190,0.5110,nan,nan,nan,nan,0
late,cage,4,2,resnet,True,none,lr,1e-05,0.0001,32,3,0.6400,0.7072,0.6864,0.6429,0.4632,nan,nan,nan,nan,0
late,cage,4,2,resnet,True,none,lr,1e-05,0.0001,32,4,0.6082,0.7164,0.6859,0.6429,0.5110,nan,nan,nan,nan,0
late,cage,4,2,resnet,True,none,lr,1e-05,0.0001,32,5,0.5716,0.7212,0.6782,0.6667,0.5551,nan,nan,nan,nan,1
late,cage,4,2,resnet,True,none,lr,1e-05,0.0001,32,6,0.5266,0.7192,0.6882,0.6905,0.5294,nan,nan,nan,nan,1
late,cage,4,2,resnet,True,none,lr,1e-05,0.0001,32,7,0.4819,0.7377,0.7132,0.6905,0.5331,nan,nan,nan,nan,0
late,cage,4,2,resnet,True,none,lr,1e-05,0.0001,32,8,0.4373,0.7567,0.7205,0.7857,0.5919,0.7107,0.7167,0.7674,0.6786,1
late,cage,4,2,resnet,True,none,lr,1e-05,0.0001,32,9,0.3837,0.8176,0.7595,0.7619,0.5257,nan,nan,nan,nan,0
late,cage,4,2,resnet,True,none,lr,1e-05,0.0001,32,10,0.3384,0.8781,0.7789,0.7857,0.4890,nan,nan,nan,nan,0
late,cage,4,2,resnet,True,none,lr,1e-05,0.0001,32,11,0.2963,0.8954,0.8157,0.7857,0.5625,nan,nan,nan,nan,0
late,cage,4,2,resnet,True,none,lr,1e-05,0.0001,32,12,0.2569,0.9722,0.8473,0.7857,0.5184,nan,nan,nan,nan,0
late,cage,4,2,resnet,True,none,lr,1e-05,0.0001,32,13,0.2213,1.0416,0.8579,0.7857,0.4669,nan,nan,nan,nan,0
late,cage,4,2,resnet,True,none,lr,1e-05,0.0001,32,14,0.1868,1.1359,0.8821,0.7857,0.5074,nan,nan,nan,nan,0
late,cage,4,2,resnet,True,none,lr,1e-05,0.0001,32,15,0.1628,1.1789,0.9325,0.7619,0.4816,nan,nan,nan,nan,0
late,cage,4,2,resnet,True,none,lr,1e-05,0.0001,32,16,0.1350,1.3051,0.9853,0.7619,0.4779,nan,nan,nan,nan,0
late,cage,4,3,resnet,True,none,lr,1e-05,0.0001,32,1,0.6949,0.6886,0.6898,0.6190,0.5796,nan,nan,nan,nan,0
late,cage,4,3,resnet,True,none,lr,1e-05,0.0001,32,2,0.6709,0.6859,0.6752,0.6190,0.6204,nan,nan,nan,nan,0
late,cage,4,3,resnet,True,none,lr,1e-05,0.0001,32,3,0.6489,0.6794,0.6950,0.6667,0.6571,nan,nan,nan,nan,0
late,cage,4,3,resnet,True,none,lr,1e-05,0.0001,32,4,0.6214,0.6779,0.6901,0.6429,0.6122,nan,nan,nan,nan,0
late,cage,4,3,resnet,True,none,lr,1e-05,0.0001,32,5,0.5911,0.6577,0.6633,0.7381,0.7102,nan,nan,nan,nan,1
late,cage,4,3,resnet,True,none,lr,1e-05,0.0001,32,6,0.5501,0.6710,0.6839,0.7143,0.6163,nan,nan,nan,nan,1
late,cage,4,3,resnet,True,none,lr,1e-05,0.0001,32,7,0.5006,0.6898,0.6798,0.7381,0.6000,nan,nan,nan,nan,0
late,cage,4,3,resnet,True,none,lr,1e-05,0.0001,32,8,0.4547,0.6369,0.6655,0.7619,0.7469,nan,nan,nan,nan,1
late,cage,4,3,resnet,True,none,lr,1e-05,0.0001,32,9,0.3998,0.6816,0.7167,0.7143,0.6653,nan,nan,nan,nan,1
late,cage,4,3,resnet,True,none,lr,1e-05,0.0001,32,10,0.3497,0.6746,0.7148,0.7619,0.6857,nan,nan,nan,nan,0
late,cage,4,3,resnet,True,none,lr,1e-05,0.0001,32,11,0.3002,0.7023,0.7455,0.7857,0.6776,nan,nan,nan,nan,1
late,cage,4,3,resnet,True,none,lr,1e-05,0.0001,32,12,0.2623,0.7396,0.7382,0.8095,0.6980,0.8072,0.8084,0.8372,0.6464,1
late,cage,4,3,resnet,True,none,lr,1e-05,0.0001,32,13,0.2258,0.7514,0.7647,0.7857,0.7347,nan,nan,nan,nan,0
late,cage,4,3,resnet,True,none,lr,1e-05,0.0001,32,14,0.1927,0.8400,0.8289,0.8333,0.6082,nan,nan,nan,nan,0
late,cage,4,3,resnet,True,none,lr,1e-05,0.0001,32,15,0.1688,0.9145,0.8521,0.8333,0.6653,nan,nan,nan,nan,0
late,cage,4,3,resnet,True,none,lr,1e-05,0.0001,32,16,0.1399,0.8652,0.8499,0.8333,0.6612,nan,nan,nan,nan,0
late,cage,4,3,resnet,True,none,lr,1e-05,0.0001,32,17,0.1153,0.9350,0.8886,0.8333,0.6898,nan,nan,nan,nan,0
late,cage,4,5,resnet,True,none,lr,1e-05,0.0001,32,1,0.6918,0.7020,0.7043,0.5000,0.4480,nan,nan,nan,nan,0
late,cage,4,5,resnet,True,none,lr,1e-05,0.0001,32,2,0.6615,0.7151,0.6972,0.6000,0.4229,nan,nan,nan,nan,0
late,cage,4,5,resnet,True,none,lr,1e-05,0.0001,32,3,0.6314,0.7446,0.6999,0.6500,0.3871,nan,nan,nan,nan,0
late,cage,4,5,resnet,True,none,lr,1e-05,0.0001,32,4,0.5967,0.7467,0.7050,0.6250,0.4803,nan,nan,nan,nan,0
late,cage,4,5,resnet,True,none,lr,1e-05,0.0001,32,5,0.5604,0.7773,0.7345,0.6000,0.4050,0.7155,0.6981,0.7674,0.5643,1
late,cage,4,5,resnet,True,none,lr,1e-05,0.0001,32,6,0.5089,0.8563,0.7567,0.6750,0.3835,nan,nan,nan,nan,0
late,cage,4,5,resnet,True,none,lr,1e-05,0.0001,32,7,0.4614,0.8658,0.7667,0.6500,0.4337,nan,nan,nan,nan,0
late,cage,4,5,resnet,True,none,lr,1e-05,0.0001,32,8,0.4156,0.9375,0.8172,0.7000,0.3907,nan,nan,nan,nan,0
late,cage,4,5,resnet,True,none,lr,1e-05,0.0001,32,9,0.3665,0.9621,0.8747,0.6250,0.3656,nan,nan,nan,nan,0
late,cage,4,5,resnet,True,none,lr,1e-05,0.0001,32,10,0.3197,1.1048,0.9115,0.6750,0.4122,nan,nan,nan,nan,0
late,cage,4,5,resnet,True,none,lr,1e-05,0.0001,32,11,0.2775,1.1047,0.9316,0.6500,0.3728,nan,nan,nan,nan,0
late,cage,4,5,resnet,True,none,lr,1e-05,0.0001,32,12,0.2324,1.2726,1.0039,0.7000,0.3835,nan,nan,nan,nan,0
late,cage,4,5,resnet,True,none,lr,1e-05,0.0001,32,13,0.1977,1.2717,1.0505,0.7000,0.3548,nan,nan,nan,nan,0
late,cage,4,5,resnet,True,none,lr,1e-05,0.0001,32,14,0.1703,1.5583,1.1741,0.7750,0.3405,nan,nan,nan,nan,0
late,cage,4,5,resnet,True,none,lr,1e-05,0.0001,32,15,0.1491,1.4639,1.1474,0.7500,0.3763,nan,nan,nan,nan,0
late,cage,4,5,resnet,True,none,lr,1e-05,0.0001,32,16,0.1312,1.5550,1.2290,0.7500,0.3190,nan,nan,nan,nan,0
late,cage,4,6,resnet,True,none,lr,1e-05,0.0001,32,1,0.7683,0.7021,0.7190,0.2439,0.5143,nan,nan,nan,nan,0
late,cage,4,6,resnet,True,none,lr,1e-05,0.0001,32,2,0.6721,0.6980,0.6796,0.6829,0.4476,nan,nan,nan,nan,0
late,cage,4,6,resnet,True,none,lr,1e-05,0.0001,32,3,0.6458,0.6986,0.6721,0.7805,0.4619,nan,nan,nan,nan,0
late,cage,4,6,resnet,True,none,lr,1e-05,0.0001,32,4,0.6164,0.6958,0.6951,0.6341,0.5190,nan,nan,nan,nan,0
late,cage,4,6,resnet,True,none,lr,1e-05,0.0001,32,5,0.5860,0.6991,0.6895,0.6829,0.5143,nan,nan,nan,nan,1
late,cage,4,6,resnet,True,none,lr,1e-05,0.0001,32,6,0.5469,0.7037,0.6880,0.6829,0.5333,nan,nan,nan,nan,0
late,cage,4,6,resnet,True,none,lr,1e-05,0.0001,32,7,0.5067,0.7132,0.6765,0.7073,0.5143,nan,nan,nan,nan,1
late,cage,4,6,resnet,True,none,lr,1e-05,0.0001,32,8,0.4586,0.7328,0.6957,0.7317,0.5190,nan,nan,nan,nan,1
late,cage,4,6,resnet,True,none,lr,1e-05,0.0001,32,9,0.3991,0.7702,0.7117,0.7317,0.5048,nan,nan,nan,nan,0
late,cage,4,6,resnet,True,none,lr,1e-05,0.0001,32,10,0.3629,0.7218,0.7243,0.7805,0.5714,nan,nan,nan,nan,1
late,cage,4,6,resnet,True,none,lr,1e-05,0.0001,32,11,0.3126,0.7998,0.7225,0.7805,0.5381,nan,nan,nan,nan,0
late,cage,4,6,resnet,True,none,lr,1e-05,0.0001,32,12,0.2750,0.8154,0.7900,0.8049,0.5333,nan,nan,nan,nan,0
late,cage,4,6,resnet,True,none,lr,1e-05,0.0001,32,13,0.2330,0.8527,0.7788,0.8537,0.5619,nan,nan,nan,nan,1
late,cage,4,6,resnet,True,none,lr,1e-05,0.0001,32,14,0.2049,0.8755,0.7874,0.8537,0.5524,nan,nan,nan,nan,1
late,cage,4,6,resnet,True,none,lr,1e-05,0.0001,32,15,0.1682,0.9323,0.8417,0.8537,0.5524,nan,nan,nan,nan,0
late,cage,4,6,resnet,True,none,lr,1e-05,0.0001,32,16,0.1629,0.9193,0.8423,0.8537,0.6143,nan,nan,nan,nan,1
late,cage,4,6,resnet,True,none,lr,1e-05,0.0001,32,17,0.1252,1.0333,0.8978,0.8537,0.5476,nan,nan,nan,nan,0
late,cage,4,6,resnet,True,none,lr,1e-05,0.0001,32,18,0.1167,0.9933,0.9128,0.8537,0.5762,nan,nan,nan,nan,1
late,cage,4,6,resnet,True,none,lr,1e-05,0.0001,32,19,0.1021,1.0993,0.9373,0.8537,0.5905,nan,nan,nan,nan,1
late,cage,4,6,resnet,True,none,lr,1e-05,0.0001,32,20,0.0912,1.1247,0.9576,0.8537,0.6476,nan,nan,nan,nan,1
late,cage,4,6,resnet,True,none,lr,1e-05,0.0001,32,21,0.0783,1.0267,0.9379,0.8537,0.6429,nan,nan,nan,nan,1
late,cage,4,6,resnet,True,none,lr,1e-05,0.0001,32,22,0.0749,1.1826,0.9865,0.8537,0.6333,nan,nan,nan,nan,1
late,cage,4,6,resnet,True,none,lr,1e-05,0.0001,32,23,0.0612,1.1378,1.0224,0.8537,0.6476,1.2377,1.1841,0.8140,0.6893,1
late,cage,4,6,resnet,True,none,lr,1e-05,0.0001,32,24,0.0588,1.2123,1.0921,0.8537,0.5905,nan,nan,nan,nan,0
late,cage,4,6,resnet,True,none,lr,1e-05,0.0001,32,25,0.0535,1.2264,1.0788,0.8537,0.6000,nan,nan,nan,nan,0
late,cage,4,6,resnet,True,none,lr,1e-05,0.0001,32,26,0.0434,1.3157,1.1122,0.8537,0.6048,nan,nan,nan,nan,0
late,cage,4,6,resnet,True,none,lr,1e-05,0.0001,32,27,0.0382,1.3148,1.1143,0.8537,0.6143,nan,nan,nan,nan,0
late,cage,4,6,resnet,True,none,lr,1e-05,0.0001,32,28,0.0433,1.4075,1.1779,0.8537,0.6095,nan,nan,nan,nan,0
late,cage,4,7,resnet,True,none,lr,1e-05,0.0001,32,1,0.6927,0.6733,0.6666,0.7500,0.7049,nan,nan,nan,nan,0
late,cage,4,7,resnet,True,none,lr,1e-05,0.0001,32,2,0.6619,0.6788,0.6743,0.6364,0.5972,nan,nan,nan,nan,0
late,cage,4,7,resnet,True,none,lr,1e-05,0.0001,32,3,0.6348,0.6710,0.6524,0.7273,0.7083,nan,nan,nan,nan,0
late,cage,4,7,resnet,True,none,lr,1e-05,0.0001,32,4,0.6006,0.6772,0.6580,0.7045,0.6667,nan,nan,nan,nan,0
late,cage,4,7,resnet,True,none,lr,1e-05,0.0001,32,5,0.5663,0.6533,0.6614,0.6591,0.7222,nan,nan,nan,nan,1
late,cage,4,7,resnet,True,none,lr,1e-05,0.0001,32,6,0.5183,0.6716,0.6409,0.7273,0.7118,nan,nan,nan,nan,0
late,cage,4,7,resnet,True,none,lr,1e-05,0.0001,32,7,0.4695,0.6768,0.6620,0.7045,0.7014,nan,nan,nan,nan,1
late,cage,4,7,resnet,True,none,lr,1e-05,0.0001,32,8,0.4203,0.6404,0.6535,0.7955,0.7812,nan,nan,nan,nan,1
late,cage,4,7,resnet,True,none,lr,1e-05,0.0001,32,9,0.3703,0.6401,0.6562,0.7727,0.8090,nan,nan,nan,nan,1
late,cage,4,7,resnet,True,none,lr,1e-05,0.0001,32,10,0.3249,0.6575,0.6476,0.7727,0.7812,nan,nan,nan,nan,1
late,cage,4,7,resnet,True,none,lr,1e-05,0.0001,32,11,0.2854,0.7194,0.6865,0.7955,0.8056,nan,nan,nan,nan,1
late,cage,4,7,resnet,True,none,lr,1e-05,0.0001,32,12,0.2430,0.7148,0.7020,0.7955,0.7986,0.8184,0.8106,0.7907,0.6786,1
late,cage,4,7,resnet,True,none,lr,1e-05,0.0001,32,13,0.2026,0.8130,0.7393,0.8409,0.7604,nan,nan,nan,nan,0
late,cage,4,7,resnet,True,none,lr,1e-05,0.0001,32,14,0.1733,0.8705,0.7860,0.8182,0.7257,nan,nan,nan,nan,0
late,cage,4,7,resnet,True,none,lr,1e-05,0.0001,32,15,0.1626,0.8305,0.7434,0.8182,0.8229,nan,nan,nan,nan,0
late,cage,4,7,resnet,True,none,lr,1e-05,0.0001,32,16,0.1300,0.9728,0.8008,0.8182,0.7743,nan,nan,nan,nan,0
late,cage,4,7,resnet,True,none,lr,1e-05,0.0001,32,17,0.1168,0.9572,0.8198,0.8182,0.7778,nan,nan,nan,nan,0
late,cage,4,8,resnet,True,none,lr,1e-05,0.0001,32,1,0.6858,0.7050,0.6685,0.8085,0.4519,nan,nan,nan,nan,0
late,cage,4,8,resnet,True,none,lr,1e-05,0.0001,32,2,0.6449,0.7111,0.6783,0.7447,0.4647,nan,nan,nan,nan,0
late,cage,4,8,resnet,True,none,lr,1e-05,0.0001,32,3,0.6081,0.7287,0.6937,0.7021,0.4615,nan,nan,nan,nan,0
late,cage,4,8,resnet,True,none,lr,1e-05,0.0001,32,4,0.5699,0.7468,0.7034,0.6809,0.4615,nan,nan,nan,nan,0
late,cage,4,8,resnet,True,none,lr,1e-05,0.0001,32,5,0.5272,0.7515,0.7674,0.5957,0.4808,0.7054,0.7386,0.6279,0.5750,1
late,cage,4,8,resnet,True,none,lr,1e-05,0.0001,32,6,0.4824,0.8436,0.7042,0.7872,0.4551,nan,nan,nan,nan,0
late,cage,4,8,resnet,True,none,lr,1e-05,0.0001,32,7,0.4401,0.8195,0.7293,0.7447,0.4519,nan,nan,nan,nan,0
late,cage,4,8,resnet,True,none,lr,1e-05,0.0001,32,8,0.3920,0.9394,0.7367,0.8085,0.4391,nan,nan,nan,nan,0
late,cage,4,8,resnet,True,none,lr,1e-05,0.0001,32,9,0.3403,0.9530,0.7698,0.7660,0.4167,nan,nan,nan,nan,0
late,cage,4,8,resnet,True,none,lr,1e-05,0.0001,32,10,0.3015,1.0507,0.7699,0.8085,0.4455,nan,nan,nan,nan,0
late,cage,4,8,resnet,True,none,lr,1e-05,0.0001,32,11,0.2625,1.0770,0.8075,0.7872,0.4455,nan,nan,nan,nan,0
late,cage,4,8,resnet,True,none,lr,1e-05,0.0001,32,12,0.2299,1.1574,0.8385,0.8085,0.4712,nan,nan,nan,nan,0
late,cage,4,8,resnet,True,none,lr,1e-05,0.0001,32,13,0.1878,1.2802,0.9098,0.8298,0.5064,nan,nan,nan,nan,0
late,cage,4,8,resnet,True,none,lr,1e-05,0.0001,32,14,0.1593,1.2993,0.9136,0.7872,0.4519,nan,nan,nan,nan,0
late,cage,4,8,resnet,True,none,lr,1e-05,0.0001,32,15,0.1403,1.3854,0.9568,0.8085,0.4455,nan,nan,nan,nan,0
late,cage,4,8,resnet,True,none,lr,1e-05,0.0001,32,16,0.1100,1.4415,0.9865,0.8085,0.4647,nan,nan,nan,nan,0
late,cage,4,9,resnet,True,none,lr,1e-05,0.0001,32,1,0.7151,0.7079,0.6711,0.7143,0.5859,nan,nan,nan,nan,0
late,cage,4,9,resnet,True,none,lr,1e-05,0.0001,32,2,0.6647,0.7026,0.6949,0.6667,0.5286,nan,nan,nan,nan,0
late,cage,4,9,resnet,True,none,lr,1e-05,0.0001,32,3,0.6408,0.7276,0.7007,0.6667,0.4916,nan,nan,nan,nan,0
late,cage,4,9,resnet,True,none,lr,1e-05,0.0001,32,4,0.6102,0.7262,0.7197,0.6190,0.5320,nan,nan,nan,nan,0
late,cage,4,9,resnet,True,none,lr,1e-05,0.0001,32,5,0.5777,0.7380,0.7423,0.6190,0.5017,0.7073,0.6926,0.6744,0.5429,1
late,cage,4,9,resnet,True,none,lr,1e-05,0.0001,32,6,0.5334,0.7678,0.7561,0.6429,0.4680,nan,nan,nan,nan,0
late,cage,4,9,resnet,True,none,lr,1e-05,0.0001,32,7,0.4842,0.8323,0.7817,0.6429,0.4916,nan,nan,nan,nan,0
late,cage,4,9,resnet,True,none,lr,1e-05,0.0001,32,8,0.4348,0.9178,0.8233,0.6429,0.4512,nan,nan,nan,nan,0
late,cage,4,9,resnet,True,none,lr,1e-05,0.0001,32,9,0.3760,0.9596,0.8552,0.6190,0.5118,nan,nan,nan,nan,0
late,cage,4,9,resnet,True,none,lr,1e-05,0.0001,32,10,0.3340,1.0604,0.9348,0.6429,0.4242,nan,nan,nan,nan,0
late,cage,4,9,resnet,True,none,lr,1e-05,0.0001,32,11,0.2931,1.1447,0.9658,0.6429,0.4714,nan,nan,nan,nan,0
late,cage,4,9,resnet,True,none,lr,1e-05,0.0001,32,12,0.2531,1.1291,0.9602,0.6429,0.4646,nan,nan,nan,nan,0
late,cage,4,9,resnet,True,none,lr,1e-05,0.0001,32,13,0.2186,1.2905,1.0701,0.6429,0.4343,nan,nan,nan,nan,0
late,cage,4,9,resnet,True,none,lr,1e-05,0.0001,32,14,0.1871,1.2189,1.0366,0.6190,0.4411,nan,nan,nan,nan,0
late,cage,4,9,resnet,True,none,lr,1e-05,0.0001,32,15,0.1606,1.3574,1.0377,0.7143,0.4478,nan,nan,nan,nan,0
late,cage,4,9,resnet,True,none,lr,1e-05,0.0001,32,16,0.1459,1.3809,1.1595,0.6429,0.4175,nan,nan,nan,nan,0
late,cage,5,0,resnet,True,none,lr,1e-05,0.0001,32,1,0.7132,0.7052,0.7204,0.3023,0.3294,nan,nan,nan,nan,0
late,cage,5,0,resnet,True,none,lr,1e-05,0.0001,32,2,0.6762,0.7037,0.6976,0.6279,0.4048,nan,nan,nan,nan,0
late,cage,5,0,resnet,True,none,lr,1e-05,0.0001,32,3,0.6541,0.6875,0.6886,0.6047,0.5556,nan,nan,nan,nan,0
late,cage,5,0,resnet,True,none,lr,1e-05,0.0001,32,4,0.6250,0.6835,0.6754,0.7674,0.5675,nan,nan,nan,nan,0
late,cage,5,0,resnet,True,none,lr,1e-05,0.0001,32,5,0.5869,0.6877,0.6660,0.7674,0.5397,nan,nan,nan,nan,1
late,cage,5,0,resnet,True,none,lr,1e-05,0.0001,32,6,0.5466,0.6631,0.6650,0.7907,0.6389,nan,nan,nan,nan,1
late,cage,5,0,resnet,True,none,lr,1e-05,0.0001,32,7,0.4987,0.6596,0.6482,0.8140,0.7063,nan,nan,nan,nan,1
late,cage,5,0,resnet,True,none,lr,1e-05,0.0001,32,8,0.4395,0.6565,0.6611,0.8140,0.6706,nan,nan,nan,nan,1
late,cage,5,0,resnet,True,none,lr,1e-05,0.0001,32,9,0.3894,0.6882,0.6706,0.8140,0.6746,nan,nan,nan,nan,1
late,cage,5,0,resnet,True,none,lr,1e-05,0.0001,32,10,0.3491,0.6943,0.6882,0.8372,0.6984,nan,nan,nan,nan,1
late,cage,5,0,resnet,True,none,lr,1e-05,0.0001,32,11,0.2971,0.7259,0.7002,0.8140,0.7381,nan,nan,nan,nan,1
late,cage,5,0,resnet,True,none,lr,1e-05,0.0001,32,12,0.2621,0.7652,0.7255,0.8140,0.6071,nan,nan,nan,nan,0
late,cage,5,0,resnet,True,none,lr,1e-05,0.0001,32,13,0.2346,0.7761,0.7458,0.8140,0.7143,nan,nan,nan,nan,0
late,cage,5,0,resnet,True,none,lr,1e-05,0.0001,32,14,0.1943,0.7343,0.7350,0.8372,0.7421,nan,nan,nan,nan,0
late,cage,5,0,resnet,True,none,lr,1e-05,0.0001,32,15,0.1620,0.8612,0.7853,0.8140,0.7183,nan,nan,nan,nan,1
late,cage,5,0,resnet,True,none,lr,1e-05,0.0001,32,16,0.1367,0.9030,0.7987,0.8140,0.7302,nan,nan,nan,nan,0
late,cage,5,0,resnet,True,none,lr,1e-05,0.0001,32,17,0.1181,0.9070,0.8325,0.8140,0.7103,1.5185,1.1657,0.7250,0.3513,1
late,cage,5,0,resnet,True,none,lr,1e-05,0.0001,32,18,0.1149,0.9132,0.8536,0.8140,0.6865,nan,nan,nan,nan,0
late,cage,5,0,resnet,True,none,lr,1e-05,0.0001,32,19,0.0963,0.9641,0.8804,0.8372,0.7063,nan,nan,nan,nan,0
late,cage,5,0,resnet,True,none,lr,1e-05,0.0001,32,20,0.0816,1.0973,0.9249,0.8372,0.7262,nan,nan,nan,nan,0
late,cage,5,0,resnet,True,none,lr,1e-05,0.0001,32,21,0.0634,1.0836,0.9236,0.8372,0.7460,nan,nan,nan,nan,0
late,cage,5,0,resnet,True,none,lr,1e-05,0.0001,32,22,0.0627,1.1197,0.9546,0.8372,0.7381,nan,nan,nan,nan,0
late,cage,5,1,resnet,True,none,lr,1e-05,0.0001,32,1,0.6931,0.6868,0.6754,0.6512,0.5952,nan,nan,nan,nan,0
late,cage,5,1,resnet,True,none,lr,1e-05,0.0001,32,2,0.6610,0.6881,0.6551,0.7209,0.5714,nan,nan,nan,nan,0
late,cage,5,1,resnet,True,none,lr,1e-05,0.0001,32,3,0.6347,0.6847,0.6612,0.6744,0.5635,nan,nan,nan,nan,0
late,cage,5,1,resnet,True,none,lr,1e-05,0.0001,32,4,0.6036,0.6776,0.6620,0.6744,0.5992,nan,nan,nan,nan,0
late,cage,5,1,resnet,True,none,lr,1e-05,0.0001,32,5,0.5578,0.6764,0.6313,0.7907,0.6111,nan,nan,nan,nan,1
late,cage,5,1,resnet,True,none,lr,1e-05,0.0001,32,6,0.5122,0.6703,0.6320,0.7907,0.6548,nan,nan,nan,nan,1
late,cage,5,1,resnet,True,none,lr,1e-05,0.0001,32,7,0.4593,0.6667,0.6378,0.7442,0.6587,nan,nan,nan,nan,1
late,cage,5,1,resnet,True,none,lr,1e-05,0.0001,32,8,0.4093,0.6953,0.6560,0.7674,0.6151,0.9111,0.8094,0.6500,0.3871,1
late,cage,5,1,resnet,True,none,lr,1e-05,0.0001,32,9,0.3519,0.7349,0.6733,0.8140,0.5675,nan,nan,nan,nan,0
late,cage,5,1,resnet,True,none,lr,1e-05,0.0001,32,10,0.3091,0.7600,0.6582,0.8372,0.6667,nan,nan,nan,nan,0
late,cage,5,1,resnet,True,none,lr,1e-05,0.0001,32,11,0.2710,0.7645,0.7152,0.8372,0.5833,nan,nan,nan,nan,0
late,cage,5,1,resnet,True,none,lr,1e-05,0.0001,32,12,0.2336,0.8769,0.7404,0.8372,0.6032,nan,nan,nan,nan,0
late,cage,5,1,resnet,True,none,lr,1e-05,0.0001,32,13,0.1993,0.8005,0.7192,0.8605,0.6190,nan,nan,nan,nan,0
late,cage,5,1,resnet,True,none,lr,1e-05,0.0001,32,14,0.1700,0.8514,0.7619,0.8140,0.6587,nan,nan,nan,nan,0
late,cage,5,1,resnet,True,none,lr,1e-05,0.0001,32,15,0.1491,0.9292,0.8052,0.8605,0.5754,nan,nan,nan,nan,0
late,cage,5,1,resnet,True,none,lr,1e-05,0.0001,32,16,0.1288,1.0088,0.8013,0.8372,0.6786,nan,nan,nan,nan,0
late,cage,5,2,resnet,True,none,lr,1e-05,0.0001,32,1,0.6972,0.6971,0.6772,0.7381,0.4816,nan,nan,nan,nan,0
late,cage,5,2,resnet,True,none,lr,1e-05,0.0001,32,2,0.6629,0.7050,0.6753,0.7143,0.4559,nan,nan,nan,nan,0
late,cage,5,2,resnet,True,none,lr,1e-05,0.0001,32,3,0.6373,0.7190,0.6708,0.7143,0.4816,nan,nan,nan,nan,0
late,cage,5,2,resnet,True,none,lr,1e-05,0.0001,32,4,0.6046,0.6958,0.6830,0.6667,0.5772,nan,nan,nan,nan,0
late,cage,5,2,resnet,True,none,lr,1e-05,0.0001,32,5,0.5624,0.7225,0.6834,0.6667,0.5662,nan,nan,nan,nan,1
late,cage,5,2,resnet,True,none,lr,1e-05,0.0001,32,6,0.5182,0.7166,0.6681,0.7143,0.6618,nan,nan,nan,nan,1
late,cage,5,2,resnet,True,none,lr,1e-05,0.0001,32,7,0.4686,0.7715,0.6914,0.7619,0.5588,nan,nan,nan,nan,1
late,cage,5,2,resnet,True,none,lr,1e-05,0.0001,32,8,0.4181,0.7360,0.7122,0.6905,0.6250,nan,nan,nan,nan,1
late,cage,5,2,resnet,True,none,lr,1e-05,0.0001,32,9,0.3631,0.7970,0.7197,0.7619,0.6103,nan,nan,nan,nan,1
late,cage,5,2,resnet,True,none,lr,1e-05,0.0001,32,10,0.3125,0.8559,0.7268,0.7857,0.6213,nan,nan,nan,nan,1
late,cage,5,2,resnet,True,none,lr,1e-05,0.0001,32,11,0.2723,0.8153,0.7415,0.7619,0.6691,nan,nan,nan,nan,0
late,cage,5,2,resnet,True,none,lr,1e-05,0.0001,32,12,0.2389,0.9002,0.7666,0.7857,0.6691,nan,nan,nan,nan,1
late,cage,5,2,resnet,True,none,lr,1e-05,0.0001,32,13,0.1923,0.9278,0.7926,0.7619,0.6654,nan,nan,nan,nan,1
late,cage,5,2,resnet,True,none,lr,1e-05,0.0001,32,14,0.1774,0.9489,0.8242,0.7619,0.6507,1.2219,1.0172,0.6750,0.4444,1
late,cage,5,2,resnet,True,none,lr,1e-05,0.0001,32,15,0.1544,1.0792,0.8610,0.7857,0.6287,nan,nan,nan,nan,0
late,cage,5,2,resnet,True,none,lr,1e-05,0.0001,32,16,0.1309,1.0545,0.8704,0.7857,0.6654,nan,nan,nan,nan,0
late,cage,5,2,resnet,True,none,lr,1e-05,0.0001,32,17,0.1021,1.1569,0.9163,0.7857,0.6103,nan,nan,nan,nan,0
late,cage,5,2,resnet,True,none,lr,1e-05,0.0001,32,18,0.0961,1.1586,0.9333,0.7619,0.6618,nan,nan,nan,nan,0
late,cage,5,2,resnet,True,none,lr,1e-05,0.0001,32,19,0.0865,1.2197,0.9630,0.7857,0.6213,nan,nan,nan,nan,0
late,cage,5,3,resnet,True,none,lr,1e-05,0.0001,32,1,0.6889,0.6820,0.6814,0.6429,0.6122,nan,nan,nan,nan,0
late,cage,5,3,resnet,True,none,lr,1e-05,0.0001,32,2,0.6543,0.6788,0.6759,0.7143,0.5837,nan,nan,nan,nan,0
late,cage,5,3,resnet,True,none,lr,1e-05,0.0001,32,3,0.6221,0.6742,0.6830,0.6190,0.6082,nan,nan,nan,nan,0
late,cage,5,3,resnet,True,none,lr,1e-05,0.0001,32,4,0.5872,0.6585,0.6540,0.7619,0.7184,nan,nan,nan,nan,0
late,cage,5,3,resnet,True,none,lr,1e-05,0.0001,32,5,0.5485,0.6515,0.6563,0.7381,0.7265,nan,nan,nan,nan,1
late,cage,5,3,resnet,True,none,lr,1e-05,0.0001,32,6,0.4989,0.6453,0.6545,0.7619,0.7265,nan,nan,nan,nan,1
late,cage,5,3,resnet,True,none,lr,1e-05,0.0001,32,7,0.4460,0.6664,0.6762,0.7857,0.7143,nan,nan,nan,nan,1
late,cage,5,3,resnet,True,none,lr,1e-05,0.0001,32,8,0.4020,0.6651,0.6636,0.7619,0.7265,1.0028,0.8504,0.7500,0.3692,1
late,cage,5,3,resnet,True,none,lr,1e-05,0.0001,32,9,0.3455,0.6891,0.7073,0.7619,0.7224,nan,nan,nan,nan,0
late,cage,5,3,resnet,True,none,lr,1e-05,0.0001,32,10,0.3052,0.7479,0.6880,0.7857,0.7143,nan,nan,nan,nan,0
late,cage,5,3,resnet,True,none,lr,1e-05,0.0001,32,11,0.2627,0.8005,0.7889,0.7857,0.6163,nan,nan,nan,nan,0
late,cage,5,3,resnet,True,none,lr,1e-05,0.0001,32,12,0.2295,0.8455,0.7740,0.8095,0.6571,nan,nan,nan,nan,0
late,cage,5,3,resnet,True,none,lr,1e-05,0.0001,32,13,0.1929,0.8110,0.7954,0.8095,0.6612,nan,nan,nan,nan,0
late,cage,5,3,resnet,True,none,lr,1e-05,0.0001,32,14,0.1604,0.9685,0.8694,0.8095,0.5918,nan,nan,nan,nan,0
late,cage,5,3,resnet,True,none,lr,1e-05,0.0001,32,15,0.1378,1.0050,0.8577,0.8333,0.6898,nan,nan,nan,nan,0
late,cage,5,3,resnet,True,none,lr,1e-05,0.0001,32,16,0.1210,1.0492,0.9022,0.8333,0.6776,nan,nan,nan,nan,0
late,cage,5,4,resnet,True,none,lr,1e-05,0.0001,32,1,0.6895,0.7079,0.6960,0.5581,0.3929,nan,nan,nan,nan,0
late,cage,5,4,resnet,True,none,lr,1e-05,0.0001,32,2,0.6700,0.7122,0.6979,0.6977,0.4321,nan,nan,nan,nan,0
late,cage,5,4,resnet,True,none,lr,1e-05,0.0001,32,3,0.6491,0.7139,0.7075,0.4419,0.4214,nan,nan,nan,nan,0
late,cage,5,4,resnet,True,none,lr,1e-05,0.0001,32,4,0.6209,0.7214,0.6993,0.6512,0.4500,nan,nan,nan,nan,0
late,cage,5,4,resnet,True,none,lr,1e-05,0.0001,32,5,0.5829,0.7099,0.6933,0.6744,0.5143,nan,nan,nan,nan,1
late,cage,5,4,resnet,True,none,lr,1e-05,0.0001,32,6,0.5402,0.7227,0.6963,0.6512,0.5179,nan,nan,nan,nan,1
late,cage,5,4,resnet,True,none,lr,1e-05,0.0001,32,7,0.4970,0.7189,0.7064,0.6744,0.5429,nan,nan,nan,nan,1
late,cage,5,4,resnet,True,none,lr,1e-05,0.0001,32,8,0.4436,0.7345,0.7314,0.7674,0.5679,nan,nan,nan,nan,1
late,cage,5,4,resnet,True,none,lr,1e-05,0.0001,32,9,0.3952,0.7315,0.7464,0.7907,0.5893,nan,nan,nan,nan,1
late,cage,5,4,resnet,True,none,lr,1e-05,0.0001,32,10,0.3492,0.7333,0.7448,0.8140,0.6429,nan,nan,nan,nan,1
late,cage,5,4,resnet,True,none,lr,1e-05,0.0001,32,11,0.3059,0.7387,0.7509,0.8140,0.6357,nan,nan,nan,nan,1
late,cage,5,4,resnet,True,none,lr,1e-05,0.0001,32,12,0.2651,0.7551,0.7977,0.8140,0.6321,nan,nan,nan,nan,1
late,cage,5,4,resnet,True,none,lr,1e-05,0.0001,32,13,0.2345,0.8928,0.8522,0.7907,0.6107,nan,nan,nan,nan,1
late,cage,5,4,resnet,True,none,lr,1e-05,0.0001,32,14,0.2010,0.8741,0.8796,0.7907,0.6393,1.2552,1.0240,0.7000,0.4086,1
late,cage,5,4,resnet,True,none,lr,1e-05,0.0001,32,15,0.1728,0.9635,0.9319,0.8140,0.5929,nan,nan,nan,nan,0
late,cage,5,4,resnet,True,none,lr,1e-05,0.0001,32,16,0.1503,0.9274,0.9556,0.7674,0.6000,nan,nan,nan,nan,0
late,cage,5,4,resnet,True,none,lr,1e-05,0.0001,32,17,0.1363,0.8728,0.9125,0.8372,0.6750,nan,nan,nan,nan,0
late,cage,5,4,resnet,True,none,lr,1e-05,0.0001,32,18,0.1128,0.9505,0.9738,0.7907,0.6464,nan,nan,nan,nan,0
late,cage,5,4,resnet,True,none,lr,1e-05,0.0001,32,19,0.1003,1.0294,1.0202,0.7907,0.6143,nan,nan,nan,nan,0
late,cage,5,6,resnet,True,none,lr,1e-05,0.0001,32,1,0.6906,0.6987,0.6908,0.5854,0.4762,nan,nan,nan,nan,0
late,cage,5,6,resnet,True,none,lr,1e-05,0.0001,32,2,0.6564,0.7034,0.6795,0.7073,0.4714,nan,nan,nan,nan,0
late,cage,5,6,resnet,True,none,lr,1e-05,0.0001,32,3,0.6298,0.7003,0.6767,0.6829,0.5381,nan,nan,nan,nan,0
late,cage,5,6,resnet,True,none,lr,1e-05,0.0001,32,4,0.5945,0.6995,0.6846,0.6585,0.5333,nan,nan,nan,nan,0
late,cage,5,6,resnet,True,none,lr,1e-05,0.0001,32,5,0.5557,0.6988,0.6833,0.6829,0.5238,nan,nan,nan,nan,1
late,cage,5,6,resnet,True,none,lr,1e-05,0.0001,32,6,0.5094,0.7063,0.6867,0.6829,0.5095,nan,nan,nan,nan,1
late,cage,5,6,resnet,True,none,lr,1e-05,0.0001,32,7,0.4577,0.7294,0.6575,0.8049,0.5190,nan,nan,nan,nan,1
late,cage,5,6,resnet,True,none,lr,1e-05,0.0001,32,8,0.4030,0.7440,0.6980,0.7805,0.5000,nan,nan,nan,nan,0
late,cage,5,6,resnet,True,none,lr,1e-05,0.0001,32,9,0.3527,0.7783,0.7165,0.7805,0.5333,nan,nan,nan,nan,0
late,cage,5,6,resnet,True,none,lr,1e-05,0.0001,32,10,0.3101,0.8046,0.7315,0.8293,0.5476,nan,nan,nan,nan,0
late,cage,5,6,resnet,True,none,lr,1e-05,0.0001,32,11,0.2619,0.8430,0.7499,0.8537,0.5381,nan,nan,nan,nan,0
late,cage,5,6,resnet,True,none,lr,1e-05,0.0001,32,12,0.2270,0.9493,0.8166,0.8537,0.5238,nan,nan,nan,nan,0
late,cage,5,6,resnet,True,none,lr,1e-05,0.0001,32,13,0.1981,0.9403,0.8089,0.8537,0.5381,1.2894,1.0504,0.7250,0.4158,1
late,cage,5,6,resnet,True,none,lr,1e-05,0.0001,32,14,0.1695,0.9666,0.8539,0.8537,0.5333,nan,nan,nan,nan,0
late,cage,5,6,resnet,True,none,lr,1e-05,0.0001,32,15,0.1462,1.0070,0.8575,0.8537,0.5524,nan,nan,nan,nan,0
late,cage,5,6,resnet,True,none,lr,1e-05,0.0001,32,16,0.1170,1.0714,0.9142,0.8537,0.5190,nan,nan,nan,nan,0
late,cage,5,6,resnet,True,none,lr,1e-05,0.0001,32,17,0.1019,1.1838,0.9848,0.8537,0.4952,nan,nan,nan,nan,0
late,cage,5,6,resnet,True,none,lr,1e-05,0.0001,32,18,0.0905,1.2174,1.0036,0.8537,0.5381,nan,nan,nan,nan,0
late,cage,5,7,resnet,True,none,lr,1e-05,0.0001,32,1,0.7262,0.6839,0.6993,0.4545,0.6528,nan,nan,nan,nan,0
late,cage,5,7,resnet,True,none,lr,1e-05,0.0001,32,2,0.6758,0.6818,0.6774,0.6818,0.6771,nan,nan,nan,nan,0
late,cage,5,7,resnet,True,none,lr,1e-05,0.0001,32,3,0.6535,0.6744,0.6838,0.6136,0.6701,nan,nan,nan,nan,0
late,cage,5,7,resnet,True,none,lr,1e-05,0.0001,32,4,0.6239,0.6803,0.6715,0.6364,0.6597,nan,nan,nan,nan,0
late,cage,5,7,resnet,True,none,lr,1e-05,0.0001,32,5,0.5844,0.6729,0.6524,0.7273,0.6771,nan,nan,nan,nan,1
late,cage,5,7,resnet,True,none,lr,1e-05,0.0001,32,6,0.5445,0.6479,0.6589,0.7500,0.6910,nan,nan,nan,nan,1
late,cage,5,7,resnet,True,none,lr,1e-05,0.0001,32,7,0.4970,0.6549,0.6361,0.8182,0.7361,nan,nan,nan,nan,1
late,cage,5,7,resnet,True,none,lr,1e-05,0.0001,32,8,0.4497,0.6556,0.6550,0.8182,0.7465,nan,nan,nan,nan,1
late,cage,5,7,resnet,True,none,lr,1e-05,0.0001,32,9,0.3963,0.6716,0.6482,0.8182,0.7361,nan,nan,nan,nan,1
late,cage,5,7,resnet,True,none,lr,1e-05,0.0001,32,10,0.3483,0.6908,0.6452,0.7955,0.7847,nan,nan,nan,nan,1
late,cage,5,7,resnet,True,none,lr,1e-05,0.0001,32,11,0.2981,0.6829,0.6679,0.8182,0.7639,nan,nan,nan,nan,1
late,cage,5,7,resnet,True,none,lr,1e-05,0.0001,32,12,0.2617,0.7447,0.6607,0.8182,0.7639,nan,nan,nan,nan,1
late,cage,5,7,resnet,True,none,lr,1e-05,0.0001,32,13,0.2212,0.7753,0.6703,0.8182,0.8125,nan,nan,nan,nan,1
late,cage,5,7,resnet,True,none,lr,1e-05,0.0001,32,14,0.1889,0.7658,0.6886,0.8182,0.8368,nan,nan,nan,nan,1
late,cage,5,7,resnet,True,none,lr,1e-05,0.0001,32,15,0.1659,0.7344,0.6684,0.8182,0.8750,nan,nan,nan,nan,1
late,cage,5,7,resnet,True,none,lr,1e-05,0.0001,32,16,0.1406,0.8017,0.6801,0.8182,0.8715,nan,nan,nan,nan,1
late,cage,5,7,resnet,True,none,lr,1e-05,0.0001,32,17,0.1201,0.9074,0.7236,0.8182,0.8542,nan,nan,nan,nan,1
late,cage,5,7,resnet,True,none,lr,1e-05,0.0001,32,18,0.1131,0.7836,0.7003,0.8182,0.8924,nan,nan,nan,nan,1
late,cage,5,7,resnet,True,none,lr,1e-05,0.0001,32,19,0.0908,0.7185,0.7137,0.8182,0.8854,nan,nan,nan,nan,1
late,cage,5,7,resnet,True,none,lr,1e-05,0.0001,32,20,0.0788,0.8718,0.7325,0.8182,0.9236,1.6745,1.2652,0.7250,0.3978,1
late,cage,5,7,resnet,True,none,lr,1e-05,0.0001,32,21,0.0676,0.7842,0.7578,0.8182,0.8750,nan,nan,nan,nan,0
late,cage,5,7,resnet,True,none,lr,1e-05,0.0001,32,22,0.0697,0.9399,0.7933,0.8182,0.8472,nan,nan,nan,nan,0
late,cage,5,7,resnet,True,none,lr,1e-05,0.0001,32,23,0.0564,0.9788,0.8313,0.8409,0.8542,nan,nan,nan,nan,0
late,cage,5,7,resnet,True,none,lr,1e-05,0.0001,32,24,0.0494,1.0066,0.8251,0.8182,0.8924,nan,nan,nan,nan,0
late,cage,5,7,resnet,True,none,lr,1e-05,0.0001,32,25,0.0442,1.3080,0.9379,0.8182,0.8229,nan,nan,nan,nan,0
late,cage,5,8,resnet,True,none,lr,1e-05,0.0001,32,1,0.6957,0.6947,0.6773,0.7447,0.5000,nan,nan,nan,nan,0
late,cage,5,8,resnet,True,none,lr,1e-05,0.0001,32,2,0.6700,0.6970,0.6835,0.7021,0.5096,nan,nan,nan,nan,0
late,cage,5,8,resnet,True,none,lr,1e-05,0.0001,32,3,0.6454,0.7027,0.6858,0.6596,0.4968,nan,nan,nan,nan,0
late,cage,5,8,resnet,True,none,lr,1e-05,0.0001,32,4,0.6125,0.7155,0.6821,0.7021,0.5032,nan,nan,nan,nan,0
late,cage,5,8,resnet,True,none,lr,1e-05,0.0001,32,5,0.5759,0.7274,0.6778,0.7021,0.4936,nan,nan,nan,nan,1
late,cage,5,8,resnet,True,none,lr,1e-05,0.0001,32,6,0.5335,0.7398,0.6801,0.7234,0.5128,nan,nan,nan,nan,0
late,cage,5,8,resnet,True,none,lr,1e-05,0.0001,32,7,0.4834,0.7608,0.6878,0.7447,0.5160,nan,nan,nan,nan,0
late,cage,5,8,resnet,True,none,lr,1e-05,0.0001,32,8,0.4324,0.7986,0.7019,0.7021,0.4872,nan,nan,nan,nan,0
late,cage,5,8,resnet,True,none,lr,1e-05,0.0001,32,9,0.3839,0.8435,0.7069,0.7660,0.5160,nan,nan,nan,nan,0
late,cage,5,8,resnet,True,none,lr,1e-05,0.0001,32,10,0.3348,0.8828,0.7589,0.7021,0.4904,nan,nan,nan,nan,0
late,cage,5,8,resnet,True,none,lr,1e-05,0.0001,32,11,0.2977,0.8910,0.7674,0.7447,0.4968,nan,nan,nan,nan,0
late,cage,5,8,resnet,True,none,lr,1e-05,0.0001,32,12,0.2559,0.9714,0.7776,0.8085,0.5192,nan,nan,nan,nan,0
late,cage,5,8,resnet,True,none,lr,1e-05,0.0001,32,13,0.2235,0.9361,0.8031,0.7447,0.5288,1.1312,0.9702,0.6250,0.3620,1
late,cage,5,8,resnet,True,none,lr,1e-05,0.0001,32,14,0.1950,1.0500,0.8442,0.7447,0.4872,nan,nan,nan,nan,0
late,cage,5,8,resnet,True,none,lr,1e-05,0.0001,32,15,0.1678,1.0436,0.8523,0.7872,0.4904,nan,nan,nan,nan,0
late,cage,5,8,resnet,True,none,lr,1e-05,0.0001,32,16,0.1485,1.1012,0.8601,0.7872,0.5160,nan,nan,nan,nan,0
late,cage,5,8,resnet,True,none,lr,1e-05,0.0001,32,17,0.1230,1.2080,0.8850,0.8298,0.5224,nan,nan,nan,nan,0
late,cage,5,8,resnet,True,none,lr,1e-05,0.0001,32,18,0.1103,1.2020,0.9204,0.8085,0.5096,nan,nan,nan,nan,0
late,cage,5,9,resnet,True,none,lr,1e-05,0.0001,32,1,0.6901,0.7001,0.6940,0.5476,0.4512,nan,nan,nan,nan,0
late,cage,5,9,resnet,True,none,lr,1e-05,0.0001,32,2,0.6632,0.6970,0.7058,0.5238,0.4781,nan,nan,nan,nan,0
late,cage,5,9,resnet,True,none,lr,1e-05,0.0001,32,3,0.6314,0.7250,0.7177,0.6190,0.4680,nan,nan,nan,nan,0
late,cage,5,9,resnet,True,none,lr,1e-05,0.0001,32,4,0.5946,0.7407,0.6985,0.6429,0.5118,nan,nan,nan,nan,0
late,cage,5,9,resnet,True,none,lr,1e-05,0.0001,32,5,0.5511,0.7546,0.7482,0.6429,0.4949,nan,nan,nan,nan,1
late,cage,5,9,resnet,True,none,lr,1e-05,0.0001,32,6,0.5042,0.8159,0.7494,0.6667,0.4848,0.8660,0.7553,0.7000,0.4229,1
late,cage,5,9,resnet,True,none,lr,1e-05,0.0001,32,7,0.4541,0.8216,0.7739,0.6667,0.4579,nan,nan,nan,nan,0
late,cage,5,9,resnet,True,none,lr,1e-05,0.0001,32,8,0.4024,0.8790,0.8148,0.6429,0.4242,nan,nan,nan,nan,0
late,cage,5,9,resnet,True,none,lr,1e-05,0.0001,32,9,0.3450,0.9590,0.8635,0.6429,0.4545,nan,nan,nan,nan,0
late,cage,5,9,resnet,True,none,lr,1e-05,0.0001,32,10,0.3003,1.0202,0.8929,0.6667,0.4276,nan,nan,nan,nan,0
late,cage,5,9,resnet,True,none,lr,1e-05,0.0001,32,11,0.2679,1.1152,0.8981,0.6905,0.4007,nan,nan,nan,nan,0
late,cage,5,9,resnet,True,none,lr,1e-05,0.0001,32,12,0.2274,1.1112,0.9862,0.6429,0.4040,nan,nan,nan,nan,0
late,cage,5,9,resnet,True,none,lr,1e-05,0.0001,32,13,0.1934,1.2794,1.0364,0.6667,0.4108,nan,nan,nan,nan,0
late,cage,5,9,resnet,True,none,lr,1e-05,0.0001,32,14,0.1728,1.2880,1.0183,0.7143,0.4276,nan,nan,nan,nan,0
late,cage,5,9,resnet,True,none,lr,1e-05,0.0001,32,15,0.1373,1.3417,1.0864,0.7143,0.3939,nan,nan,nan,nan,0
late,cage,5,9,resnet,True,none,lr,1e-05,0.0001,32,16,0.1246,1.3874,1.1086,0.6667,0.4108,nan,nan,nan,nan,0
late,cage,6,0,resnet,True,none,lr,1e-05,0.0001,32,1,0.6937,0.6955,0.6871,0.6977,0.4524,nan,nan,nan,nan,0
late,cage,6,0,resnet,True,none,lr,1e-05,0.0001,32,2,0.6697,0.6907,0.6841,0.6977,0.5476,nan,nan,nan,nan,0
late,cage,6,0,resnet,True,none,lr,1e-05,0.0001,32,3,0.6494,0.6878,0.6661,0.7442,0.6151,nan,nan,nan,nan,0
late,cage,6,0,resnet,True,none,lr,1e-05,0.0001,32,4,0.6193,0.6803,0.6623,0.8140,0.5952,nan,nan,nan,nan,0
late,cage,6,0,resnet,True,none,lr,1e-05,0.0001,32,5,0.5822,0.6797,0.6514,0.7907,0.6825,nan,nan,nan,nan,1
late,cage,6,0,resnet,True,none,lr,1e-05,0.0001,32,6,0.5445,0.6635,0.6586,0.8140,0.7143,nan,nan,nan,nan,1
late,cage,6,0,resnet,True,none,lr,1e-05,0.0001,32,7,0.5001,0.6641,0.6764,0.8140,0.6627,nan,nan,nan,nan,1
late,cage,6,0,resnet,True,none,lr,1e-05,0.0001,32,8,0.4537,0.6820,0.6672,0.8140,0.6865,nan,nan,nan,nan,1
late,cage,6,0,resnet,True,none,lr,1e-05,0.0001,32,9,0.3973,0.7144,0.7114,0.7674,0.6627,0.7175,0.6716,0.8293,0.5714,1
late,cage,6,0,resnet,True,none,lr,1e-05,0.0001,32,10,0.3492,0.6775,0.7127,0.8372,0.7024,nan,nan,nan,nan,0
late,cage,6,0,resnet,True,none,lr,1e-05,0.0001,32,11,0.3084,0.7327,0.7138,0.7907,0.7024,nan,nan,nan,nan,0
late,cage,6,0,resnet,True,none,lr,1e-05,0.0001,32,12,0.2648,0.7639,0.7305,0.7907,0.6786,nan,nan,nan,nan,0
late,cage,6,0,resnet,True,none,lr,1e-05,0.0001,32,13,0.2262,0.8920,0.7919,0.8140,0.6190,nan,nan,nan,nan,0
late,cage,6,0,resnet,True,none,lr,1e-05,0.0001,32,14,0.1963,0.9345,0.8613,0.7907,0.5437,nan,nan,nan,nan,0
late,cage,6,0,resnet,True,none,lr,1e-05,0.0001,32,15,0.1623,1.0204,0.8712,0.8140,0.6071,nan,nan,nan,nan,0
late,cage,6,0,resnet,True,none,lr,1e-05,0.0001,32,16,0.1443,1.0474,0.9101,0.8140,0.6190,nan,nan,nan,nan,0
late,cage,6,1,resnet,True,none,lr,1e-05,0.0001,32,1,0.7913,0.7082,0.6728,0.8140,0.4246,nan,nan,nan,nan,0
late,cage,6,1,resnet,True,none,lr,1e-05,0.0001,32,2,0.6594,0.6929,0.6813,0.6744,0.4960,nan,nan,nan,nan,0
late,cage,6,1,resnet,True,none,lr,1e-05,0.0001,32,3,0.6350,0.6931,0.6470,0.7907,0.5437,nan,nan,nan,nan,0
late,cage,6,1,resnet,True,none,lr,1e-05,0.0001,32,4,0.5987,0.6916,0.6640,0.8140,0.5754,nan,nan,nan,nan,0
late,cage,6,1,resnet,True,none,lr,1e-05,0.0001,32,5,0.5600,0.6946,0.6665,0.7442,0.5476,nan,nan,nan,nan,1
late,cage,6,1,resnet,True,none,lr,1e-05,0.0001,32,6,0.5185,0.7146,0.6875,0.7907,0.5238,nan,nan,nan,nan,1
late,cage,6,1,resnet,True,none,lr,1e-05,0.0001,32,7,0.4763,0.7130,0.6953,0.7674,0.5317,0.7439,0.7342,0.7317,0.4000,1
late,cage,6,1,resnet,True,none,lr,1e-05,0.0001,32,8,0.4201,0.7464,0.7181,0.7674,0.5198,nan,nan,nan,nan,0
late,cage,6,1,resnet,True,none,lr,1e-05,0.0001,32,9,0.3765,0.8174,0.7578,0.8140,0.4762,nan,nan,nan,nan,0
late,cage,6,1,resnet,True,none,lr,1e-05,0.0001,32,10,0.3265,0.9202,0.7697,0.8372,0.4841,nan,nan,nan,nan,0
late,cage,6,1,resnet,True,none,lr,1e-05,0.0001,32,11,0.2868,0.9141,0.7985,0.8372,0.5119,nan,nan,nan,nan,0
late,cage,6,1,resnet,True,none,lr,1e-05,0.0001,32,12,0.2548,0.9922,0.8263,0.8372,0.5159,nan,nan,nan,nan,0
late,cage,6,1,resnet,True,none,lr,1e-05,0.0001,32,13,0.2219,1.0032,0.8147,0.8372,0.5198,nan,nan,nan,nan,0
late,cage,6,1,resnet,True,none,lr,1e-05,0.0001,32,14,0.1862,1.0745,0.8604,0.8372,0.5198,nan,nan,nan,nan,0
late,cage,6,1,resnet,True,none,lr,1e-05,0.0001,32,15,0.1612,1.1070,0.8635,0.8372,0.5516,nan,nan,nan,nan,0
late,cage,6,1,resnet,True,none,lr,1e-05,0.0001,32,16,0.1416,1.1829,0.9577,0.8372,0.5000,nan,nan,nan,nan,0
late,cage,6,2,resnet,True,none,lr,1e-05,0.0001,32,1,0.6953,0.6917,0.6919,0.5476,0.5515,nan,nan,nan,nan,0
late,cage,6,2,resnet,True,none,lr,1e-05,0.0001,32,2,0.6733,0.7019,0.6853,0.6190,0.4375,nan,nan,nan,nan,0
late,cage,6,2,resnet,True,none,lr,1e-05,0.0001,32,3,0.6514,0.6977,0.6734,0.6190,0.5331,nan,nan,nan,nan,0
late,cage,6,2,resnet,True,none,lr,1e-05,0.0001,32,4,0.6253,0.7134,0.6788,0.6905,0.5074,nan,nan,nan,nan,0
late,cage,6,2,resnet,True,none,lr,1e-05,0.0001,32,5,0.5915,0.7069,0.6733,0.6905,0.5699,nan,nan,nan,nan,1
late,cage,6,2,resnet,True,none,lr,1e-05,0.0001,32,6,0.5549,0.7021,0.7020,0.6429,0.5699,nan,nan,nan,nan,0
late,cage,6,2,resnet,True,none,lr,1e-05,0.0001,32,7,0.5106,0.7576,0.6991,0.6667,0.5037,nan,nan,nan,nan,1
late,cage,6,2,resnet,True,none,lr,1e-05,0.0001,32,8,0.4601,0.7388,0.7090,0.6905,0.5184,nan,nan,nan,nan,0
late,cage,6,2,resnet,True,none,lr,1e-05,0.0001,32,9,0.4184,0.7701,0.7142,0.6905,0.5588,nan,nan,nan,nan,1
late,cage,6,2,resnet,True,none,lr,1e-05,0.0001,32,10,0.3702,0.7916,0.7287,0.6905,0.6103,0.7357,0.7036,0.8049,0.5286,1
late,cage,6,2,resnet,True,none,lr,1e-05,0.0001,32,11,0.3313,0.8253,0.7493,0.7143,0.5662,nan,nan,nan,nan,0
late,cage,6,2,resnet,True,none,lr,1e-05,0.0001,32,12,0.2937,0.8527,0.7797,0.6667,0.5037,nan,nan,nan,nan,0
late,cage,6,2,resnet,True,none,lr,1e-05,0.0001,32,13,0.2544,0.9339,0.7908,0.7857,0.4816,nan,nan,nan,nan,0
late,cage,6,2,resnet,True,none,lr,1e-05,0.0001,32,14,0.2231,0.9460,0.7822,0.7619,0.5625,nan,nan,nan,nan,0
late,cage,6,2,resnet,True,none,lr,1e-05,0.0001,32,15,0.1896,0.9292,0.8200,0.7143,0.5184,nan,nan,nan,nan,0
late,cage,6,2,resnet,True,none,lr,1e-05,0.0001,32,16,0.1723,1.0254,0.8547,0.7619,0.5184,nan,nan,nan,nan,0
late,cage,6,3,resnet,True,none,lr,1e-05,0.0001,32,1,0.7060,0.6894,0.6957,0.5714,0.6245,nan,nan,nan,nan,0
late,cage,6,3,resnet,True,none,lr,1e-05,0.0001,32,2,0.6936,0.6877,0.6799,0.8333,0.6286,nan,nan,nan,nan,0
late,cage,6,3,resnet,True,none,lr,1e-05,0.0001,32,3,0.6866,0.6888,0.6878,0.5000,0.5755,nan,nan,nan,nan,0
late,cage,6,3,resnet,True,none,lr,1e-05,0.0001,32,4,0.6760,0.6885,0.6954,0.5000,0.5714,nan,nan,nan,nan,0
late,cage,6,3,resnet,True,none,lr,1e-05,0.0001,32,5,0.6590,0.6847,0.6880,0.5476,0.5837,nan,nan,nan,nan,1
late,cage,6,3,resnet,True,none,lr,1e-05,0.0001,32,6,0.6344,0.6850,0.6906,0.5000,0.5796,nan,nan,nan,nan,0
late,cage,6,3,resnet,True,none,lr,1e-05,0.0001,32,7,0.6056,0.6767,0.6663,0.6429,0.6245,nan,nan,nan,nan,0
late,cage,6,3,resnet,True,none,lr,1e-05,0.0001,32,8,0.5687,0.6710,0.6513,0.6667,0.6571,nan,nan,nan,nan,1
late,cage,6,3,resnet,True,none,lr,1e-05,0.0001,32,9,0.5256,0.6612,0.6506,0.6667,0.6939,nan,nan,nan,nan,1
late,cage,6,3,resnet,True,none,lr,1e-05,0.0001,32,10,0.4852,0.6744,0.6635,0.7143,0.6367,0.6975,0.6670,0.7561,0.5190,1
late,cage,6,3,resnet,True,none,lr,1e-05,0.0001,32,11,0.4378,0.6864,0.6774,0.7857,0.5551,nan,nan,nan,nan,0
late,cage,6,3,resnet,True,none,lr,1e-05,0.0001,32,12,0.3918,0.6750,0.6524,0.7857,0.6531,nan,nan,nan,nan,0
late,cage,6,3,resnet,True,none,lr,1e-05,0.0001,32,13,0.3515,0.6943,0.6696,0.7857,0.6327,nan,nan,nan,nan,0
late,cage,6,3,resnet,True,none,lr,1e-05,0.0001,32,14,0.3175,0.7519,0.7099,0.7857,0.5061,nan,nan,nan,nan,0
late,cage,6,3,resnet,True,none,lr,1e-05,0.0001,32,15,0.2790,0.7707,0.7008,0.8333,0.5551,nan,nan,nan,nan,0
late,cage,6,3,resnet,True,none,lr,1e-05,0.0001,32,16,0.2440,0.7580,0.7208,0.8095,0.5878,nan,nan,nan,nan,0
late,cage,6,4,resnet,True,none,lr,1e-05,0.0001,32,1,0.6946,0.6920,0.6816,0.6977,0.5964,nan,nan,nan,nan,0
late,cage,6,4,resnet,True,none,lr,1e-05,0.0001,32,2,0.6727,0.6956,0.6880,0.6744,0.5357,nan,nan,nan,nan,0
late,cage,6,4,resnet,True,none,lr,1e-05,0.0001,32,3,0.6544,0.7030,0.6889,0.6977,0.5071,nan,nan,nan,nan,0
late,cage,6,4,resnet,True,none,lr,1e-05,0.0001,32,4,0.6297,0.6940,0.6789,0.6512,0.5571,nan,nan,nan,nan,0
late,cage,6,4,resnet,True,none,lr,1e-05,0.0001,32,5,0.6016,0.6892,0.6790,0.7442,0.5964,nan,nan,nan,nan,1
late,cage,6,4,resnet,True,none,lr,1e-05,0.0001,32,6,0.5662,0.6753,0.6737,0.7209,0.6429,nan,nan,nan,nan,1
late,cage,6,4,resnet,True,none,lr,1e-05,0.0001,32,7,0.5225,0.6851,0.6887,0.7209,0.6214,nan,nan,nan,nan,1
late,cage,6,4,resnet,True,none,lr,1e-05,0.0001,32,8,0.4767,0.6952,0.6830,0.7674,0.6536,nan,nan,nan,nan,1
late,cage,6,4,resnet,True,none,lr,1e-05,0.0001,32,9,0.4259,0.6885,0.6886,0.7442,0.6607,nan,nan,nan,nan,1
late,cage,6,4,resnet,True,none,lr,1e-05,0.0001,32,10,0.3755,0.6997,0.6869,0.7442,0.7179,nan,nan,nan,nan,1
late,cage,6,4,resnet,True,none,lr,1e-05,0.0001,32,11,0.3288,0.7236,0.7293,0.7907,0.6964,nan,nan,nan,nan,1
late,cage,6,4,resnet,True,none,lr,1e-05,0.0001,32,12,0.2842,0.7619,0.7659,0.7907,0.6643,nan,nan,nan,nan,1
late,cage,6,4,resnet,True,none,lr,1e-05,0.0001,32,13,0.2507,0.8619,0.8306,0.7907,0.6750,nan,nan,nan,nan,0
late,cage,6,4,resnet,True,none,lr,1e-05,0.0001,32,14,0.2081,0.8259,0.8275,0.7907,0.7250,nan,nan,nan,nan,1
late,cage,6,4,resnet,True,none,lr,1e-05,0.0001,32,15,0.1730,0.8824,0.8630,0.8140,0.7107,nan,nan,nan,nan,0
late,cage,6,4,resnet,True,none,lr,1e-05,0.0001,32,16,0.1536,0.9732,0.9155,0.8140,0.6286,nan,nan,nan,nan,0
late,cage,6,4,resnet,True,none,lr,1e-05,0.0001,32,17,0.1404,0.8793,0.8999,0.7907,0.7107,nan,nan,nan,nan,0
late,cage,6,4,resnet,True,none,lr,1e-05,0.0001,32,18,0.1162,0.9218,0.9421,0.8140,0.7536,nan,nan,nan,nan,1
late,cage,6,4,resnet,True,none,lr,1e-05,0.0001,32,19,0.0955,1.0618,0.9978,0.8140,0.7464,nan,nan,nan,nan,0
late,cage,6,4,resnet,True,none,lr,1e-05,0.0001,32,20,0.0839,1.1258,1.0882,0.7907,0.6643,nan,nan,nan,nan,0
late,cage,6,4,resnet,True,none,lr,1e-05,0.0001,32,21,0.0829,1.0407,1.0085,0.8140,0.7464,nan,nan,nan,nan,1
late,cage,6,4,resnet,True,none,lr,1e-05,0.0001,32,22,0.0697,1.2399,1.1260,0.8140,0.7607,nan,nan,nan,nan,1
late,cage,6,4,resnet,True,none,lr,1e-05,0.0001,32,23,0.0677,1.2749,1.1530,0.8140,0.7179,nan,nan,nan,nan,0
late,cage,6,4,resnet,True,none,lr,1e-05,0.0001,32,24,0.0518,1.1787,1.1369,0.8140,0.7321,nan,nan,nan,nan,0
late,cage,6,4,resnet,True,none,lr,1e-05,0.0001,32,25,0.0468,1.1857,1.1306,0.8140,0.7786,nan,nan,nan,nan,1
late,cage,6,4,resnet,True,none,lr,1e-05,0.0001,32,26,0.0488,1.1090,1.1059,0.8140,0.7786,nan,nan,nan,nan,1
late,cage,6,4,resnet,True,none,lr,1e-05,0.0001,32,27,0.0413,1.1572,1.1505,0.8140,0.7357,nan,nan,nan,nan,0
late,cage,6,4,resnet,True,none,lr,1e-05,0.0001,32,28,0.0395,1.3704,1.2847,0.8140,0.7964,1.4912,1.2111,0.8537,0.5619,1
late,cage,6,4,resnet,True,none,lr,1e-05,0.0001,32,29,0.0346,1.4319,1.3018,0.8140,0.7214,nan,nan,nan,nan,0
late,cage,6,4,resnet,True,none,lr,1e-05,0.0001,32,30,0.0336,1.5015,1.3460,0.8140,0.6750,nan,nan,nan,nan,0
late,cage,6,4,resnet,True,none,lr,1e-05,0.0001,32,31,0.0277,1.4577,1.3319,0.8140,0.7429,nan,nan,nan,nan,0
late,cage,6,4,resnet,True,none,lr,1e-05,0.0001,32,32,0.0276,1.5395,1.3740,0.8140,0.6929,nan,nan,nan,nan,0
late,cage,6,4,resnet,True,none,lr,1e-05,0.0001,32,33,0.0276,1.5621,1.4110,0.8140,0.7250,nan,nan,nan,nan,0
late,cage,6,5,resnet,True,none,lr,1e-05,0.0001,32,1,0.6951,0.6911,0.6883,0.6000,0.5161,nan,nan,nan,nan,0
late,cage,6,5,resnet,True,none,lr,1e-05,0.0001,32,2,0.6637,0.7154,0.6851,0.7250,0.4731,nan,nan,nan,nan,0
late,cage,6,5,resnet,True,none,lr,1e-05,0.0001,32,3,0.6372,0.7152,0.6836,0.6750,0.4659,nan,nan,nan,nan,0
late,cage,6,5,resnet,True,none,lr,1e-05,0.0001,32,4,0.6037,0.7381,0.6861,0.6750,0.5125,nan,nan,nan,nan,0
late,cage,6,5,resnet,True,none,lr,1e-05,0.0001,32,5,0.5612,0.7682,0.7288,0.6250,0.4480,0.7253,0.7126,0.7805,0.4048,1
late,cage,6,5,resnet,True,none,lr,1e-05,0.0001,32,6,0.5187,0.8287,0.7666,0.6500,0.4194,nan,nan,nan,nan,0
late,cage,6,5,resnet,True,none,lr,1e-05,0.0001,32,7,0.4685,0.8453,0.7534,0.6500,0.4588,nan,nan,nan,nan,0
late,cage,6,5,resnet,True,none,lr,1e-05,0.0001,32,8,0.4174,0.9292,0.8003,0.6750,0.3871,nan,nan,nan,nan,0
late,cage,6,5,resnet,True,none,lr,1e-05,0.0001,32,9,0.3648,0.9874,0.8704,0.6750,0.3835,nan,nan,nan,nan,0
late,cage,6,5,resnet,True,none,lr,1e-05,0.0001,32,10,0.3210,1.0866,0.9008,0.7000,0.3369,nan,nan,nan,nan,0
late,cage,6,5,resnet,True,none,lr,1e-05,0.0001,32,11,0.2810,1.1815,0.9895,0.6750,0.3692,nan,nan,nan,nan,0
late,cage,6,5,resnet,True,none,lr,1e-05,0.0001,32,12,0.2396,1.3036,1.0112,0.7500,0.3692,nan,nan,nan,nan,0
late,cage,6,5,resnet,True,none,lr,1e-05,0.0001,32,13,0.2128,1.2583,1.0505,0.7250,0.3656,nan,nan,nan,nan,0
late,cage,6,5,resnet,True,none,lr,1e-05,0.0001,32,14,0.1788,1.4262,1.1221,0.7500,0.3477,nan,nan,nan,nan,0
late,cage,6,5,resnet,True,none,lr,1e-05,0.0001,32,15,0.1559,1.4836,1.1310,0.7500,0.3548,nan,nan,nan,nan,0
late,cage,6,5,resnet,True,none,lr,1e-05,0.0001,32,16,0.1436,1.5501,1.2021,0.7750,0.3692,nan,nan,nan,nan,0
