fusion,dataset,test_set,dev_set,arch,use_pretrained,augmentation,speech_encoder_arch,lr,wd,batch_size,epoch,train_loss,dev_loss_patient,dev_loss_cough,dev_acc,dev_auc,test_loss_patient,test_loss_cough,test_acc,test_auc,is_best
early,cage,0,1,resnet,False,none,lr,1e-05,0.0001,32,1,0.7201,0.6820,0.6774,0.6977,0.7262,nan,nan,nan,nan,0
early,cage,0,1,resnet,False,none,lr,1e-05,0.0001,32,2,0.6814,0.6702,0.6646,0.7442,0.7460,nan,nan,nan,nan,0
early,cage,0,1,resnet,False,none,lr,1e-05,0.0001,32,3,0.6614,0.6585,0.6709,0.6512,0.7381,nan,nan,nan,nan,0
early,cage,0,1,resnet,False,none,lr,1e-05,0.0001,32,4,0.6317,0.6516,0.6209,0.7442,0.7381,nan,nan,nan,nan,0
early,cage,0,1,resnet,False,none,lr,1e-05,0.0001,32,5,0.5891,0.7293,0.5992,0.8372,0.6825,0.7642,0.6285,0.8140,0.6310,1
early,cage,0,1,resnet,False,none,lr,1e-05,0.0001,32,6,0.5265,0.6632,0.6323,0.7674,0.6865,nan,nan,nan,nan,0
early,cage,0,1,resnet,False,none,lr,1e-05,0.0001,32,7,0.4487,0.6374,0.7829,0.6047,0.6627,nan,nan,nan,nan,0
early,cage,0,1,resnet,False,none,lr,1e-05,0.0001,32,8,0.3707,0.7150,0.7518,0.7674,0.6627,nan,nan,nan,nan,0
early,cage,0,1,resnet,False,none,lr,1e-05,0.0001,32,9,0.2820,0.8346,0.7266,0.8372,0.6706,nan,nan,nan,nan,0
early,cage,0,1,resnet,False,none,lr,1e-05,0.0001,32,10,0.2242,1.1078,0.8261,0.8372,0.6190,nan,nan,nan,nan,0
early,cage,0,1,resnet,False,none,lr,1e-05,0.0001,32,11,0.1721,0.7352,0.8299,0.7442,0.6865,nan,nan,nan,nan,0
early,cage,0,1,resnet,False,none,lr,1e-05,0.0001,32,12,0.1391,0.9099,0.8579,0.8372,0.6786,nan,nan,nan,nan,0
early,cage,0,1,resnet,False,none,lr,1e-05,0.0001,32,13,0.1041,1.0644,0.9475,0.8372,0.6151,nan,nan,nan,nan,0
early,cage,0,1,resnet,False,none,lr,1e-05,0.0001,32,14,0.0763,1.3162,0.9998,0.8372,0.6389,nan,nan,nan,nan,0
early,cage,0,1,resnet,False,none,lr,1e-05,0.0001,32,15,0.0598,1.0142,0.9971,0.7907,0.6587,nan,nan,nan,nan,0
early,cage,0,1,resnet,False,none,lr,1e-05,0.0001,32,16,0.0517,1.4488,1.0861,0.8372,0.6508,nan,nan,nan,nan,0
early,cage,0,2,resnet,False,none,lr,1e-05,0.0001,32,1,0.7150,0.7022,0.7254,0.2857,0.3713,nan,nan,nan,nan,0
early,cage,0,2,resnet,False,none,lr,1e-05,0.0001,32,2,0.6919,0.7059,0.6850,0.6667,0.5037,nan,nan,nan,nan,0
early,cage,0,2,resnet,False,none,lr,1e-05,0.0001,32,3,0.6663,0.6887,0.7487,0.2619,0.5882,nan,nan,nan,nan,0
early,cage,0,2,resnet,False,none,lr,1e-05,0.0001,32,4,0.6441,0.6999,0.7059,0.5714,0.5441,nan,nan,nan,nan,0
early,cage,0,2,resnet,False,none,lr,1e-05,0.0001,32,5,0.6006,0.6837,0.7758,0.4762,0.5956,nan,nan,nan,nan,1
early,cage,0,2,resnet,False,none,lr,1e-05,0.0001,32,6,0.5457,0.6690,0.6827,0.6190,0.6544,nan,nan,nan,nan,1
early,cage,0,2,resnet,False,none,lr,1e-05,0.0001,32,7,0.4850,0.6487,0.7344,0.5952,0.6801,nan,nan,nan,nan,1
early,cage,0,2,resnet,False,none,lr,1e-05,0.0001,32,8,0.4117,0.8045,0.6700,0.8095,0.7132,nan,nan,nan,nan,1
early,cage,0,2,resnet,False,none,lr,1e-05,0.0001,32,9,0.3394,0.9234,0.7501,0.8333,0.6875,nan,nan,nan,nan,1
early,cage,0,2,resnet,False,none,lr,1e-05,0.0001,32,10,0.2800,1.2331,0.8590,0.8095,0.6801,nan,nan,nan,nan,1
early,cage,0,2,resnet,False,none,lr,1e-05,0.0001,32,11,0.2256,0.8887,0.8107,0.8571,0.7132,nan,nan,nan,nan,1
early,cage,0,2,resnet,False,none,lr,1e-05,0.0001,32,12,0.1826,1.1099,0.8785,0.8095,0.7316,nan,nan,nan,nan,1
early,cage,0,2,resnet,False,none,lr,1e-05,0.0001,32,13,0.1287,0.9098,0.8650,0.8333,0.7647,nan,nan,nan,nan,1
early,cage,0,2,resnet,False,none,lr,1e-05,0.0001,32,14,0.1122,1.2737,0.9733,0.8095,0.7169,nan,nan,nan,nan,1
early,cage,0,2,resnet,False,none,lr,1e-05,0.0001,32,15,0.0962,0.9816,1.0190,0.7857,0.6544,nan,nan,nan,nan,0
early,cage,0,2,resnet,False,none,lr,1e-05,0.0001,32,16,0.0743,1.4995,1.1059,0.8095,0.7721,1.5481,1.1736,0.8372,0.7540,1
early,cage,0,2,resnet,False,none,lr,1e-05,0.0001,32,17,0.0585,1.1713,1.0394,0.8095,0.7279,nan,nan,nan,nan,0
early,cage,0,2,resnet,False,none,lr,1e-05,0.0001,32,18,0.0511,0.9675,1.0382,0.7857,0.7463,nan,nan,nan,nan,0
early,cage,0,2,resnet,False,none,lr,1e-05,0.0001,32,19,0.0455,1.0417,1.1282,0.8095,0.7096,nan,nan,nan,nan,0
early,cage,0,2,resnet,False,none,lr,1e-05,0.0001,32,20,0.0372,1.6720,1.2612,0.8095,0.6949,nan,nan,nan,nan,0
early,cage,0,2,resnet,False,none,lr,1e-05,0.0001,32,21,0.0272,1.5030,1.1461,0.8095,0.7684,nan,nan,nan,nan,0
early,cage,0,3,resnet,False,none,lr,1e-05,0.0001,32,1,0.7146,0.6933,0.6548,0.8333,0.5265,nan,nan,nan,nan,0
early,cage,0,3,resnet,False,none,lr,1e-05,0.0001,32,2,0.6823,0.7016,0.6761,0.6429,0.4694,nan,nan,nan,nan,0
early,cage,0,3,resnet,False,none,lr,1e-05,0.0001,32,3,0.6559,0.7076,0.6666,0.7143,0.4857,nan,nan,nan,nan,0
early,cage,0,3,resnet,False,none,lr,1e-05,0.0001,32,4,0.6190,0.6934,0.7006,0.5952,0.5061,nan,nan,nan,nan,0
early,cage,0,3,resnet,False,none,lr,1e-05,0.0001,32,5,0.5679,0.7174,0.8044,0.4048,0.5265,nan,nan,nan,nan,1
early,cage,0,3,resnet,False,none,lr,1e-05,0.0001,32,6,0.5025,0.6809,0.7907,0.6429,0.5918,nan,nan,nan,nan,1
early,cage,0,3,resnet,False,none,lr,1e-05,0.0001,32,7,0.4139,0.6750,0.7644,0.6905,0.6612,nan,nan,nan,nan,1
early,cage,0,3,resnet,False,none,lr,1e-05,0.0001,32,8,0.3275,0.8652,0.7009,0.7857,0.7020,nan,nan,nan,nan,1
early,cage,0,3,resnet,False,none,lr,1e-05,0.0001,32,9,0.2633,0.7425,0.8007,0.8571,0.6980,nan,nan,nan,nan,1
early,cage,0,3,resnet,False,none,lr,1e-05,0.0001,32,10,0.2006,0.8567,0.7899,0.7857,0.6735,nan,nan,nan,nan,1
early,cage,0,3,resnet,False,none,lr,1e-05,0.0001,32,11,0.1514,0.9480,0.8738,0.8095,0.6449,0.8748,0.8773,0.7907,0.7659,1
early,cage,0,3,resnet,False,none,lr,1e-05,0.0001,32,12,0.1171,1.1058,0.9396,0.7857,0.6857,nan,nan,nan,nan,0
early,cage,0,3,resnet,False,none,lr,1e-05,0.0001,32,13,0.0862,0.9146,0.9532,0.7619,0.6816,nan,nan,nan,nan,0
early,cage,0,3,resnet,False,none,lr,1e-05,0.0001,32,14,0.0707,1.0877,0.9723,0.8095,0.6980,nan,nan,nan,nan,0
early,cage,0,3,resnet,False,none,lr,1e-05,0.0001,32,15,0.0552,1.3519,1.0671,0.8333,0.6245,nan,nan,nan,nan,0
early,cage,0,3,resnet,False,none,lr,1e-05,0.0001,32,16,0.0436,1.3052,1.1337,0.8095,0.6286,nan,nan,nan,nan,0
early,cage,0,4,resnet,False,none,lr,1e-05,0.0001,32,1,0.7136,0.7016,0.6591,0.8140,0.7036,nan,nan,nan,nan,0
early,cage,0,4,resnet,False,none,lr,1e-05,0.0001,32,2,0.6891,0.6722,0.6996,0.3256,0.6500,nan,nan,nan,nan,0
early,cage,0,4,resnet,False,none,lr,1e-05,0.0001,32,3,0.6635,0.6990,0.6489,0.7907,0.7286,nan,nan,nan,nan,0
early,cage,0,4,resnet,False,none,lr,1e-05,0.0001,32,4,0.6333,0.6455,0.6675,0.6047,0.7750,nan,nan,nan,nan,0
early,cage,0,4,resnet,False,none,lr,1e-05,0.0001,32,5,0.5770,0.6887,0.6539,0.7907,0.6536,nan,nan,nan,nan,1
early,cage,0,4,resnet,False,none,lr,1e-05,0.0001,32,6,0.5171,0.6048,0.6934,0.7442,0.8107,nan,nan,nan,nan,1
early,cage,0,4,resnet,False,none,lr,1e-05,0.0001,32,7,0.4408,0.6961,0.7456,0.7209,0.6571,nan,nan,nan,nan,0
early,cage,0,4,resnet,False,none,lr,1e-05,0.0001,32,8,0.3558,0.6957,0.7904,0.7907,0.7750,0.8408,0.8995,0.8140,0.6270,1
early,cage,0,4,resnet,False,none,lr,1e-05,0.0001,32,9,0.2950,0.7913,0.7875,0.8140,0.7214,nan,nan,nan,nan,0
early,cage,0,4,resnet,False,none,lr,1e-05,0.0001,32,10,0.2297,0.8667,0.9219,0.8140,0.6321,nan,nan,nan,nan,0
early,cage,0,4,resnet,False,none,lr,1e-05,0.0001,32,11,0.1806,1.3530,1.1733,0.8140,0.6107,nan,nan,nan,nan,0
early,cage,0,4,resnet,False,none,lr,1e-05,0.0001,32,12,0.1413,1.5406,1.2646,0.8140,0.6643,nan,nan,nan,nan,0
early,cage,0,4,resnet,False,none,lr,1e-05,0.0001,32,13,0.0994,1.4427,1.2173,0.8372,0.6107,nan,nan,nan,nan,0
early,cage,0,4,resnet,False,none,lr,1e-05,0.0001,32,14,0.0848,1.6451,1.3642,0.8140,0.6000,nan,nan,nan,nan,0
early,cage,0,4,resnet,False,none,lr,1e-05,0.0001,32,15,0.0639,1.5739,1.3167,0.8140,0.6429,nan,nan,nan,nan,0
early,cage,0,4,resnet,False,none,lr,1e-05,0.0001,32,16,0.0468,1.7653,1.4128,0.8140,0.6393,nan,nan,nan,nan,0
early,cage,0,5,resnet,False,none,lr,1e-05,0.0001,32,1,0.7049,0.7000,0.7185,0.3750,0.4695,nan,nan,nan,nan,0
early,cage,0,5,resnet,False,none,lr,1e-05,0.0001,32,2,0.6791,0.7078,0.6726,0.7000,0.5161,nan,nan,nan,nan,0
early,cage,0,5,resnet,False,none,lr,1e-05,0.0001,32,3,0.6486,0.7489,0.6868,0.6250,0.4337,nan,nan,nan,nan,0
early,cage,0,5,resnet,False,none,lr,1e-05,0.0001,32,4,0.5981,0.8302,0.7305,0.7250,0.3835,nan,nan,nan,nan,0
early,cage,0,5,resnet,False,none,lr,1e-05,0.0001,32,5,0.5510,0.9090,0.7237,0.7750,0.4409,0.6503,0.5916,0.8140,0.7738,1
early,cage,0,5,resnet,False,none,lr,1e-05,0.0001,32,6,0.4729,0.9676,0.8065,0.7750,0.3728,nan,nan,nan,nan,0
early,cage,0,5,resnet,False,none,lr,1e-05,0.0001,32,7,0.3951,1.5071,1.0415,0.7750,0.3118,nan,nan,nan,nan,0
early,cage,0,5,resnet,False,none,lr,1e-05,0.0001,32,8,0.3186,1.0905,0.9533,0.6500,0.4265,nan,nan,nan,nan,0
early,cage,0,5,resnet,False,none,lr,1e-05,0.0001,32,9,0.2683,1.8942,1.2955,0.7750,0.3620,nan,nan,nan,nan,0
early,cage,0,5,resnet,False,none,lr,1e-05,0.0001,32,10,0.2155,1.7773,1.2474,0.7500,0.3656,nan,nan,nan,nan,0
early,cage,0,5,resnet,False,none,lr,1e-05,0.0001,32,11,0.1587,1.8219,1.3048,0.7000,0.3763,nan,nan,nan,nan,0
early,cage,0,5,resnet,False,none,lr,1e-05,0.0001,32,12,0.1380,1.6382,1.2744,0.7250,0.4552,nan,nan,nan,nan,0
early,cage,0,5,resnet,False,none,lr,1e-05,0.0001,32,13,0.1217,2.3515,1.5828,0.7500,0.3907,nan,nan,nan,nan,0
early,cage,0,5,resnet,False,none,lr,1e-05,0.0001,32,14,0.0907,1.6950,1.3454,0.7250,0.4659,nan,nan,nan,nan,0
early,cage,0,5,resnet,False,none,lr,1e-05,0.0001,32,15,0.0653,2.6186,1.7884,0.8000,0.3548,nan,nan,nan,nan,0
early,cage,0,5,resnet,False,none,lr,1e-05,0.0001,32,16,0.0592,2.7742,1.8317,0.7750,0.3943,nan,nan,nan,nan,0
early,cage,0,6,resnet,False,none,lr,1e-05,0.0001,32,1,0.7182,0.6851,0.6531,0.8293,0.6095,nan,nan,nan,nan,0
early,cage,0,6,resnet,False,none,lr,1e-05,0.0001,32,2,0.6846,0.6994,0.6928,0.5854,0.4333,nan,nan,nan,nan,0
early,cage,0,6,resnet,False,none,lr,1e-05,0.0001,32,3,0.6654,0.7013,0.6561,0.8293,0.5190,nan,nan,nan,nan,0
early,cage,0,6,resnet,False,none,lr,1e-05,0.0001,32,4,0.6279,0.7131,0.7053,0.6585,0.4476,nan,nan,nan,nan,0
early,cage,0,6,resnet,False,none,lr,1e-05,0.0001,32,5,0.5883,0.7255,0.6665,0.7317,0.4905,0.6647,0.6568,0.7907,0.6548,1
early,cage,0,6,resnet,False,none,lr,1e-05,0.0001,32,6,0.5310,0.7457,0.7411,0.5854,0.4381,nan,nan,nan,nan,0
early,cage,0,6,resnet,False,none,lr,1e-05,0.0001,32,7,0.4556,0.8320,0.7159,0.8049,0.5238,nan,nan,nan,nan,0
early,cage,0,6,resnet,False,none,lr,1e-05,0.0001,32,8,0.3992,1.1184,0.8734,0.8537,0.4143,nan,nan,nan,nan,0
early,cage,0,6,resnet,False,none,lr,1e-05,0.0001,32,9,0.3405,1.2051,0.9312,0.8293,0.4476,nan,nan,nan,nan,0
early,cage,0,6,resnet,False,none,lr,1e-05,0.0001,32,10,0.2565,0.9683,0.8816,0.7561,0.4238,nan,nan,nan,nan,0
early,cage,0,6,resnet,False,none,lr,1e-05,0.0001,32,11,0.2249,1.1927,0.9969,0.7805,0.3905,nan,nan,nan,nan,0
early,cage,0,6,resnet,False,none,lr,1e-05,0.0001,32,12,0.1799,1.5883,1.1447,0.8293,0.3667,nan,nan,nan,nan,0
early,cage,0,6,resnet,False,none,lr,1e-05,0.0001,32,13,0.1591,1.2495,1.0774,0.7805,0.3714,nan,nan,nan,nan,0
early,cage,0,6,resnet,False,none,lr,1e-05,0.0001,32,14,0.1157,1.9171,1.3952,0.8537,0.3905,nan,nan,nan,nan,0
early,cage,0,6,resnet,False,none,lr,1e-05,0.0001,32,15,0.0921,2.0798,1.5107,0.8537,0.2667,nan,nan,nan,nan,0
early,cage,0,6,resnet,False,none,lr,1e-05,0.0001,32,16,0.0698,1.8224,1.3615,0.8293,0.3381,nan,nan,nan,nan,0
early,cage,0,7,resnet,False,none,lr,1e-05,0.0001,32,1,0.7078,0.6989,0.6990,0.5455,0.5035,nan,nan,nan,nan,0
early,cage,0,7,resnet,False,none,lr,1e-05,0.0001,32,2,0.6787,0.7234,0.6638,0.7955,0.4028,nan,nan,nan,nan,0
early,cage,0,7,resnet,False,none,lr,1e-05,0.0001,32,3,0.6425,0.7668,0.6793,0.7045,0.4028,nan,nan,nan,nan,0
early,cage,0,7,resnet,False,none,lr,1e-05,0.0001,32,4,0.5998,0.7837,0.7479,0.5682,0.4132,nan,nan,nan,nan,0
early,cage,0,7,resnet,False,none,lr,1e-05,0.0001,32,5,0.5540,0.8029,0.7919,0.5455,0.4306,nan,nan,nan,nan,1
early,cage,0,7,resnet,False,none,lr,1e-05,0.0001,32,6,0.4923,0.8287,0.7380,0.6591,0.4549,nan,nan,nan,nan,0
early,cage,0,7,resnet,False,none,lr,1e-05,0.0001,32,7,0.4211,0.6872,0.8059,0.5455,0.6215,nan,nan,nan,nan,1
early,cage,0,7,resnet,False,none,lr,1e-05,0.0001,32,8,0.3542,0.9816,0.7631,0.7727,0.5174,nan,nan,nan,nan,1
early,cage,0,7,resnet,False,none,lr,1e-05,0.0001,32,9,0.2787,1.5767,0.9224,0.8182,0.6007,nan,nan,nan,nan,1
early,cage,0,7,resnet,False,none,lr,1e-05,0.0001,32,10,0.2212,0.8542,0.8784,0.7273,0.6042,nan,nan,nan,nan,1
early,cage,0,7,resnet,False,none,lr,1e-05,0.0001,32,11,0.1760,1.5362,0.9702,0.7955,0.5938,nan,nan,nan,nan,1
early,cage,0,7,resnet,False,none,lr,1e-05,0.0001,32,12,0.1306,1.3990,0.9590,0.7955,0.6042,nan,nan,nan,nan,0
early,cage,0,7,resnet,False,none,lr,1e-05,0.0001,32,13,0.1068,1.3449,1.0034,0.7727,0.6181,nan,nan,nan,nan,1
early,cage,0,7,resnet,False,none,lr,1e-05,0.0001,32,14,0.0682,1.1083,0.9743,0.7727,0.6458,nan,nan,nan,nan,1
early,cage,0,7,resnet,False,none,lr,1e-05,0.0001,32,15,0.0611,1.0862,1.0712,0.7500,0.5868,nan,nan,nan,nan,0
early,cage,0,7,resnet,False,none,lr,1e-05,0.0001,32,16,0.0528,1.7743,1.1571,0.7955,0.6181,nan,nan,nan,nan,0
early,cage,0,7,resnet,False,none,lr,1e-05,0.0001,32,17,0.0452,1.4348,1.1039,0.7955,0.6250,nan,nan,nan,nan,1
early,cage,0,7,resnet,False,none,lr,1e-05,0.0001,32,18,0.0293,1.5032,1.1861,0.7955,0.6250,nan,nan,nan,nan,0
early,cage,0,7,resnet,False,none,lr,1e-05,0.0001,32,19,0.0242,1.7525,1.2149,0.7955,0.6562,nan,nan,nan,nan,0
early,cage,0,7,resnet,False,none,lr,1e-05,0.0001,32,20,0.0153,1.9156,1.2815,0.7955,0.6007,1.7817,1.4011,0.8140,0.6825,1
early,cage,0,7,resnet,False,none,lr,1e-05,0.0001,32,21,0.0159,1.7089,1.2964,0.7955,0.5903,nan,nan,nan,nan,0
early,cage,0,7,resnet,False,none,lr,1e-05,0.0001,32,22,0.0151,1.3740,1.3671,0.7955,0.5799,nan,nan,nan,nan,0
early,cage,0,7,resnet,False,none,lr,1e-05,0.0001,32,23,0.0276,1.5413,1.3267,0.7727,0.5590,nan,nan,nan,nan,0
early,cage,0,7,resnet,False,none,lr,1e-05,0.0001,32,24,0.0331,2.2411,1.5310,0.7955,0.6215,nan,nan,nan,nan,0
early,cage,0,7,resnet,False,none,lr,1e-05,0.0001,32,25,0.0924,2.7469,1.7058,0.7955,0.5868,nan,nan,nan,nan,0
early,cage,0,8,resnet,False,none,lr,1e-05,0.0001,32,1,0.7016,0.7046,0.6781,0.6809,0.4391,nan,nan,nan,nan,0
early,cage,0,8,resnet,False,none,lr,1e-05,0.0001,32,2,0.6761,0.7186,0.6625,0.6809,0.4295,nan,nan,nan,nan,0
early,cage,0,8,resnet,False,none,lr,1e-05,0.0001,32,3,0.6466,0.7501,0.6581,0.7447,0.4231,nan,nan,nan,nan,0
early,cage,0,8,resnet,False,none,lr,1e-05,0.0001,32,4,0.6127,0.7283,0.6961,0.6170,0.4455,nan,nan,nan,nan,0
early,cage,0,8,resnet,False,none,lr,1e-05,0.0001,32,5,0.5591,0.7940,0.6573,0.7234,0.4423,nan,nan,nan,nan,1
early,cage,0,8,resnet,False,none,lr,1e-05,0.0001,32,6,0.4908,0.7576,0.6978,0.7660,0.5256,nan,nan,nan,nan,1
early,cage,0,8,resnet,False,none,lr,1e-05,0.0001,32,7,0.4071,1.1986,0.7654,0.8298,0.4712,nan,nan,nan,nan,1
early,cage,0,8,resnet,False,none,lr,1e-05,0.0001,32,8,0.3391,0.8247,1.0302,0.4468,0.4551,nan,nan,nan,nan,1
early,cage,0,8,resnet,False,none,lr,1e-05,0.0001,32,9,0.2519,1.1548,0.8546,0.7660,0.4744,0.9081,0.8667,0.7907,0.6865,1
early,cage,0,8,resnet,False,none,lr,1e-05,0.0001,32,10,0.2031,1.2877,0.9453,0.8085,0.4327,nan,nan,nan,nan,0
early,cage,0,8,resnet,False,none,lr,1e-05,0.0001,32,11,0.1515,1.2682,1.0234,0.7447,0.4006,nan,nan,nan,nan,0
early,cage,0,8,resnet,False,none,lr,1e-05,0.0001,32,12,0.1296,1.3889,1.0126,0.7872,0.4776,nan,nan,nan,nan,0
early,cage,0,8,resnet,False,none,lr,1e-05,0.0001,32,13,0.0774,1.7538,1.1739,0.8085,0.4423,nan,nan,nan,nan,0
early,cage,0,8,resnet,False,none,lr,1e-05,0.0001,32,14,0.0753,2.2644,1.3113,0.8298,0.4167,nan,nan,nan,nan,0
early,cage,0,8,resnet,False,none,lr,1e-05,0.0001,32,15,0.0521,1.6012,1.2639,0.7660,0.4167,nan,nan,nan,nan,0
early,cage,0,8,resnet,False,none,lr,1e-05,0.0001,32,16,0.0445,1.8216,1.2620,0.7872,0.4359,nan,nan,nan,nan,0
early,cage,0,9,resnet,False,none,lr,1e-05,0.0001,32,1,0.7156,0.6799,0.6774,0.7857,0.7037,nan,nan,nan,nan,0
early,cage,0,9,resnet,False,none,lr,1e-05,0.0001,32,2,0.6867,0.7026,0.6580,0.7857,0.6364,nan,nan,nan,nan,0
early,cage,0,9,resnet,False,none,lr,1e-05,0.0001,32,3,0.6491,0.7079,0.6653,0.7381,0.6599,nan,nan,nan,nan,0
early,cage,0,9,resnet,False,none,lr,1e-05,0.0001,32,4,0.6172,0.6816,0.6975,0.6905,0.6128,nan,nan,nan,nan,0
early,cage,0,9,resnet,False,none,lr,1e-05,0.0001,32,5,0.5562,0.6744,0.7275,0.6667,0.6566,0.6076,0.6283,0.7907,0.7857,1
early,cage,0,9,resnet,False,none,lr,1e-05,0.0001,32,6,0.4882,0.7331,0.8724,0.5714,0.5522,nan,nan,nan,nan,0
early,cage,0,9,resnet,False,none,lr,1e-05,0.0001,32,7,0.4059,0.9469,0.8829,0.7619,0.5354,nan,nan,nan,nan,0
early,cage,0,9,resnet,False,none,lr,1e-05,0.0001,32,8,0.3300,1.3343,1.0121,0.7143,0.4983,nan,nan,nan,nan,0
early,cage,0,9,resnet,False,none,lr,1e-05,0.0001,32,9,0.2709,1.4483,1.0687,0.7381,0.5556,nan,nan,nan,nan,0
early,cage,0,9,resnet,False,none,lr,1e-05,0.0001,32,10,0.2304,1.1225,1.1532,0.7381,0.5657,nan,nan,nan,nan,0
early,cage,0,9,resnet,False,none,lr,1e-05,0.0001,32,11,0.1542,1.4058,1.1550,0.7619,0.5387,nan,nan,nan,nan,0
early,cage,0,9,resnet,False,none,lr,1e-05,0.0001,32,12,0.1233,1.6115,1.1940,0.7857,0.6061,nan,nan,nan,nan,0
early,cage,0,9,resnet,False,none,lr,1e-05,0.0001,32,13,0.1028,1.9833,1.3546,0.7857,0.5657,nan,nan,nan,nan,0
early,cage,0,9,resnet,False,none,lr,1e-05,0.0001,32,14,0.0794,1.4717,1.3012,0.7143,0.5623,nan,nan,nan,nan,0
early,cage,0,9,resnet,False,none,lr,1e-05,0.0001,32,15,0.0548,1.9848,1.4509,0.7619,0.5354,nan,nan,nan,nan,0
early,cage,0,9,resnet,False,none,lr,1e-05,0.0001,32,16,0.0450,2.1806,1.4814,0.7619,0.5724,nan,nan,nan,nan,0
early,cage,1,0,resnet,False,none,lr,1e-05,0.0001,32,1,0.7077,0.7053,0.7311,0.2558,0.4206,nan,nan,nan,nan,0
early,cage,1,0,resnet,False,none,lr,1e-05,0.0001,32,2,0.6852,0.7048,0.6554,0.8140,0.4762,nan,nan,nan,nan,0
early,cage,1,0,resnet,False,none,lr,1e-05,0.0001,32,3,0.6635,0.7075,0.6758,0.7209,0.4603,nan,nan,nan,nan,0
early,cage,1,0,resnet,False,none,lr,1e-05,0.0001,32,4,0.6247,0.6967,0.7413,0.4651,0.5238,nan,nan,nan,nan,0
early,cage,1,0,resnet,False,none,lr,1e-05,0.0001,32,5,0.5924,0.6947,0.6517,0.7674,0.5556,nan,nan,nan,nan,1
early,cage,1,0,resnet,False,none,lr,1e-05,0.0001,32,6,0.5300,0.8769,0.6648,0.7907,0.6111,nan,nan,nan,nan,1
early,cage,1,0,resnet,False,none,lr,1e-05,0.0001,32,7,0.4398,0.7752,0.7164,0.7442,0.6111,nan,nan,nan,nan,1
early,cage,1,0,resnet,False,none,lr,1e-05,0.0001,32,8,0.3615,0.6483,0.7250,0.7907,0.7024,nan,nan,nan,nan,1
early,cage,1,0,resnet,False,none,lr,1e-05,0.0001,32,9,0.2811,0.9393,0.8655,0.8140,0.6111,nan,nan,nan,nan,1
early,cage,1,0,resnet,False,none,lr,1e-05,0.0001,32,10,0.2205,0.9483,0.9359,0.7907,0.5754,nan,nan,nan,nan,0
early,cage,1,0,resnet,False,none,lr,1e-05,0.0001,32,11,0.1609,1.7934,1.2779,0.8140,0.5794,nan,nan,nan,nan,0
early,cage,1,0,resnet,False,none,lr,1e-05,0.0001,32,12,0.1384,1.2200,1.0475,0.7907,0.6111,nan,nan,nan,nan,0
early,cage,1,0,resnet,False,none,lr,1e-05,0.0001,32,13,0.0966,1.6678,1.2234,0.7907,0.6389,nan,nan,nan,nan,0
early,cage,1,0,resnet,False,none,lr,1e-05,0.0001,32,14,0.0704,1.0022,1.0168,0.7674,0.6746,nan,nan,nan,nan,0
early,cage,1,0,resnet,False,none,lr,1e-05,0.0001,32,15,0.0516,1.0219,1.0809,0.7674,0.6905,nan,nan,nan,nan,1
early,cage,1,0,resnet,False,none,lr,1e-05,0.0001,32,16,0.0473,1.2693,1.1814,0.7674,0.6627,nan,nan,nan,nan,1
early,cage,1,0,resnet,False,none,lr,1e-05,0.0001,32,17,0.0301,1.6576,1.2992,0.7907,0.6429,1.6561,1.1684,0.8372,0.5595,1
early,cage,1,0,resnet,False,none,lr,1e-05,0.0001,32,18,0.0283,1.1534,1.1769,0.7442,0.6548,nan,nan,nan,nan,0
early,cage,1,0,resnet,False,none,lr,1e-05,0.0001,32,19,0.0322,2.4019,1.6733,0.8140,0.6429,nan,nan,nan,nan,0
early,cage,1,0,resnet,False,none,lr,1e-05,0.0001,32,20,0.0243,1.4880,1.3147,0.7674,0.6111,nan,nan,nan,nan,0
early,cage,1,0,resnet,False,none,lr,1e-05,0.0001,32,21,0.0338,1.5752,1.3849,0.7907,0.6349,nan,nan,nan,nan,0
early,cage,1,0,resnet,False,none,lr,1e-05,0.0001,32,22,0.0271,1.8722,1.4474,0.7907,0.6944,nan,nan,nan,nan,0
early,cage,1,2,resnet,False,none,lr,1e-05,0.0001,32,1,0.7105,0.7060,0.6587,0.7857,0.5110,nan,nan,nan,nan,0
early,cage,1,2,resnet,False,none,lr,1e-05,0.0001,32,2,0.6886,0.7203,0.6195,0.8095,0.6544,nan,nan,nan,nan,0
early,cage,1,2,resnet,False,none,lr,1e-05,0.0001,32,3,0.6648,0.6764,0.6350,0.8333,0.7279,nan,nan,nan,nan,0
early,cage,1,2,resnet,False,none,lr,1e-05,0.0001,32,4,0.6271,0.6720,0.6378,0.7619,0.6949,nan,nan,nan,nan,0
early,cage,1,2,resnet,False,none,lr,1e-05,0.0001,32,5,0.5722,0.6352,0.6713,0.6429,0.7243,nan,nan,nan,nan,1
early,cage,1,2,resnet,False,none,lr,1e-05,0.0001,32,6,0.5094,0.6470,0.6826,0.7381,0.7390,0.6119,0.6515,0.7442,0.7421,1
early,cage,1,2,resnet,False,none,lr,1e-05,0.0001,32,7,0.4307,0.7557,0.8293,0.6667,0.5257,nan,nan,nan,nan,0
early,cage,1,2,resnet,False,none,lr,1e-05,0.0001,32,8,0.3554,0.6732,0.7520,0.8095,0.7243,nan,nan,nan,nan,0
early,cage,1,2,resnet,False,none,lr,1e-05,0.0001,32,9,0.2964,0.7285,0.8398,0.6905,0.6728,nan,nan,nan,nan,0
early,cage,1,2,resnet,False,none,lr,1e-05,0.0001,32,10,0.2441,1.0751,0.8353,0.8095,0.6176,nan,nan,nan,nan,0
early,cage,1,2,resnet,False,none,lr,1e-05,0.0001,32,11,0.1846,0.9581,0.8948,0.7619,0.6176,nan,nan,nan,nan,0
early,cage,1,2,resnet,False,none,lr,1e-05,0.0001,32,12,0.1554,1.1151,1.0044,0.7381,0.5478,nan,nan,nan,nan,0
early,cage,1,2,resnet,False,none,lr,1e-05,0.0001,32,13,0.1196,1.4839,1.0441,0.8095,0.6875,nan,nan,nan,nan,0
early,cage,1,2,resnet,False,none,lr,1e-05,0.0001,32,14,0.0944,1.2080,0.9871,0.7619,0.6654,nan,nan,nan,nan,0
early,cage,1,2,resnet,False,none,lr,1e-05,0.0001,32,15,0.0671,1.0851,0.9829,0.7857,0.7206,nan,nan,nan,nan,0
early,cage,1,2,resnet,False,none,lr,1e-05,0.0001,32,16,0.0549,1.4804,1.1306,0.8095,0.6912,nan,nan,nan,nan,0
early,cage,1,3,resnet,False,none,lr,1e-05,0.0001,32,1,0.7062,0.7014,0.6998,0.5000,0.3592,nan,nan,nan,nan,0
early,cage,1,3,resnet,False,none,lr,1e-05,0.0001,32,2,0.6757,0.6906,0.6825,0.6667,0.4367,nan,nan,nan,nan,0
early,cage,1,3,resnet,False,none,lr,1e-05,0.0001,32,3,0.6545,0.6982,0.6499,0.7857,0.5020,nan,nan,nan,nan,0
early,cage,1,3,resnet,False,none,lr,1e-05,0.0001,32,4,0.6162,0.7084,0.6268,0.7857,0.5429,nan,nan,nan,nan,0
early,cage,1,3,resnet,False,none,lr,1e-05,0.0001,32,5,0.5587,0.7383,0.6417,0.7857,0.5633,nan,nan,nan,nan,1
early,cage,1,3,resnet,False,none,lr,1e-05,0.0001,32,6,0.4843,0.7569,0.8777,0.4048,0.4857,nan,nan,nan,nan,1
early,cage,1,3,resnet,False,none,lr,1e-05,0.0001,32,7,0.4078,0.9324,0.7505,0.8333,0.5878,nan,nan,nan,nan,1
early,cage,1,3,resnet,False,none,lr,1e-05,0.0001,32,8,0.3218,1.2163,0.8248,0.8333,0.6898,nan,nan,nan,nan,1
early,cage,1,3,resnet,False,none,lr,1e-05,0.0001,32,9,0.2531,0.8437,0.8589,0.6905,0.5592,nan,nan,nan,nan,0
early,cage,1,3,resnet,False,none,lr,1e-05,0.0001,32,10,0.1881,1.2145,0.9588,0.8095,0.5796,nan,nan,nan,nan,1
early,cage,1,3,resnet,False,none,lr,1e-05,0.0001,32,11,0.1731,1.4164,1.0485,0.8333,0.5714,1.2701,0.8790,0.8372,0.6349,1
early,cage,1,3,resnet,False,none,lr,1e-05,0.0001,32,12,0.1104,1.3522,1.0531,0.8095,0.5755,nan,nan,nan,nan,0
early,cage,1,3,resnet,False,none,lr,1e-05,0.0001,32,13,0.0867,1.2297,1.0627,0.8095,0.6082,nan,nan,nan,nan,0
early,cage,1,3,resnet,False,none,lr,1e-05,0.0001,32,14,0.0806,1.6638,1.2107,0.8095,0.5184,nan,nan,nan,nan,0
early,cage,1,3,resnet,False,none,lr,1e-05,0.0001,32,15,0.0536,1.4264,1.1533,0.8333,0.5592,nan,nan,nan,nan,0
early,cage,1,3,resnet,False,none,lr,1e-05,0.0001,32,16,0.0455,1.7120,1.3000,0.8095,0.4939,nan,nan,nan,nan,0
early,cage,1,4,resnet,False,none,lr,1e-05,0.0001,32,1,0.7152,0.6840,0.6737,0.6977,0.6857,nan,nan,nan,nan,0
early,cage,1,4,resnet,False,none,lr,1e-05,0.0001,32,2,0.6866,0.6687,0.6630,0.7209,0.7250,nan,nan,nan,nan,0
early,cage,1,4,resnet,False,none,lr,1e-05,0.0001,32,3,0.6619,0.6655,0.6455,0.7674,0.7357,nan,nan,nan,nan,0
early,cage,1,4,resnet,False,none,lr,1e-05,0.0001,32,4,0.6324,0.6402,0.6599,0.6047,0.7607,nan,nan,nan,nan,0
early,cage,1,4,resnet,False,none,lr,1e-05,0.0001,32,5,0.5934,0.6454,0.6398,0.7674,0.7321,0.6174,0.6275,0.7442,0.7937,1
early,cage,1,4,resnet,False,none,lr,1e-05,0.0001,32,6,0.5288,0.7644,0.7009,0.7907,0.6000,nan,nan,nan,nan,0
early,cage,1,4,resnet,False,none,lr,1e-05,0.0001,32,7,0.4582,0.6443,0.7291,0.6279,0.6964,nan,nan,nan,nan,0
early,cage,1,4,resnet,False,none,lr,1e-05,0.0001,32,8,0.3758,0.7189,0.8570,0.6279,0.5893,nan,nan,nan,nan,0
early,cage,1,4,resnet,False,none,lr,1e-05,0.0001,32,9,0.3122,0.7897,0.8635,0.7442,0.6107,nan,nan,nan,nan,0
early,cage,1,4,resnet,False,none,lr,1e-05,0.0001,32,10,0.2476,0.9082,0.8541,0.7907,0.6714,nan,nan,nan,nan,0
early,cage,1,4,resnet,False,none,lr,1e-05,0.0001,32,11,0.1832,0.9735,0.9654,0.7907,0.6429,nan,nan,nan,nan,0
early,cage,1,4,resnet,False,none,lr,1e-05,0.0001,32,12,0.1559,1.2411,1.1916,0.7674,0.5286,nan,nan,nan,nan,0
early,cage,1,4,resnet,False,none,lr,1e-05,0.0001,32,13,0.1260,1.2764,1.1523,0.7907,0.6679,nan,nan,nan,nan,0
early,cage,1,4,resnet,False,none,lr,1e-05,0.0001,32,14,0.0847,1.1645,1.1647,0.7674,0.6929,nan,nan,nan,nan,0
early,cage,1,4,resnet,False,none,lr,1e-05,0.0001,32,15,0.0678,1.0955,1.1405,0.7907,0.6179,nan,nan,nan,nan,0
early,cage,1,4,resnet,False,none,lr,1e-05,0.0001,32,16,0.0606,1.0968,1.1173,0.7674,0.7250,nan,nan,nan,nan,0
early,cage,1,5,resnet,False,none,lr,1e-05,0.0001,32,1,0.7052,0.7699,0.6914,0.8000,0.2473,nan,nan,nan,nan,0
early,cage,1,5,resnet,False,none,lr,1e-05,0.0001,32,2,0.6834,0.7185,0.6907,0.6500,0.4588,nan,nan,nan,nan,0
early,cage,1,5,resnet,False,none,lr,1e-05,0.0001,32,3,0.6461,0.7430,0.6934,0.6500,0.4803,nan,nan,nan,nan,0
early,cage,1,5,resnet,False,none,lr,1e-05,0.0001,32,4,0.5974,0.7188,0.7704,0.3750,0.4695,nan,nan,nan,nan,0
early,cage,1,5,resnet,False,none,lr,1e-05,0.0001,32,5,0.5265,0.8363,0.7460,0.6750,0.4875,nan,nan,nan,nan,1
early,cage,1,5,resnet,False,none,lr,1e-05,0.0001,32,6,0.4607,0.8190,0.8107,0.5000,0.4194,0.6391,0.7373,0.5581,0.6706,1
early,cage,1,5,resnet,False,none,lr,1e-05,0.0001,32,7,0.3886,1.2600,0.9424,0.7750,0.3835,nan,nan,nan,nan,0
early,cage,1,5,resnet,False,none,lr,1e-05,0.0001,32,8,0.3076,1.2432,1.0204,0.7250,0.4516,nan,nan,nan,nan,0
early,cage,1,5,resnet,False,none,lr,1e-05,0.0001,32,9,0.2504,0.9845,1.0975,0.6000,0.4839,nan,nan,nan,nan,0
early,cage,1,5,resnet,False,none,lr,1e-05,0.0001,32,10,0.1959,1.7175,1.2489,0.7500,0.4624,nan,nan,nan,nan,0
early,cage,1,5,resnet,False,none,lr,1e-05,0.0001,32,11,0.1554,1.7567,1.2743,0.7750,0.4337,nan,nan,nan,nan,0
early,cage,1,5,resnet,False,none,lr,1e-05,0.0001,32,12,0.1140,1.7512,1.3877,0.7250,0.4373,nan,nan,nan,nan,0
early,cage,1,5,resnet,False,none,lr,1e-05,0.0001,32,13,0.0967,2.1673,1.5311,0.7750,0.4731,nan,nan,nan,nan,0
early,cage,1,5,resnet,False,none,lr,1e-05,0.0001,32,14,0.0752,2.2998,1.5634,0.8000,0.4409,nan,nan,nan,nan,0
early,cage,1,5,resnet,False,none,lr,1e-05,0.0001,32,15,0.0576,2.6788,1.8017,0.8000,0.3978,nan,nan,nan,nan,0
early,cage,1,5,resnet,False,none,lr,1e-05,0.0001,32,16,0.0466,1.7523,1.4599,0.7250,0.4910,nan,nan,nan,nan,0
early,cage,1,6,resnet,False,none,lr,1e-05,0.0001,32,1,0.7144,0.6971,0.6355,0.8293,0.5143,nan,nan,nan,nan,0
early,cage,1,6,resnet,False,none,lr,1e-05,0.0001,32,2,0.6787,0.6998,0.6828,0.7317,0.4476,nan,nan,nan,nan,0
early,cage,1,6,resnet,False,none,lr,1e-05,0.0001,32,3,0.6538,0.7231,0.6636,0.7805,0.4381,nan,nan,nan,nan,0
early,cage,1,6,resnet,False,none,lr,1e-05,0.0001,32,4,0.6190,0.7497,0.7106,0.6829,0.4190,nan,nan,nan,nan,0
early,cage,1,6,resnet,False,none,lr,1e-05,0.0001,32,5,0.5633,0.7495,0.6990,0.7561,0.4810,nan,nan,nan,nan,1
early,cage,1,6,resnet,False,none,lr,1e-05,0.0001,32,6,0.4885,0.7506,0.7815,0.6098,0.4714,nan,nan,nan,nan,0
early,cage,1,6,resnet,False,none,lr,1e-05,0.0001,32,7,0.4106,0.9799,0.8069,0.8293,0.4905,nan,nan,nan,nan,0
early,cage,1,6,resnet,False,none,lr,1e-05,0.0001,32,8,0.3538,0.9702,0.9062,0.7317,0.4333,nan,nan,nan,nan,0
early,cage,1,6,resnet,False,none,lr,1e-05,0.0001,32,9,0.2806,1.1982,0.9526,0.8293,0.4810,1.0156,0.7420,0.8372,0.6389,1
early,cage,1,6,resnet,False,none,lr,1e-05,0.0001,32,10,0.2256,1.3031,1.0615,0.8293,0.4381,nan,nan,nan,nan,0
early,cage,1,6,resnet,False,none,lr,1e-05,0.0001,32,11,0.1662,1.1688,1.0596,0.7561,0.5000,nan,nan,nan,nan,0
early,cage,1,6,resnet,False,none,lr,1e-05,0.0001,32,12,0.1246,1.6950,1.3618,0.8293,0.4286,nan,nan,nan,nan,0
early,cage,1,6,resnet,False,none,lr,1e-05,0.0001,32,13,0.1170,1.9632,1.4159,0.8537,0.4429,nan,nan,nan,nan,0
early,cage,1,6,resnet,False,none,lr,1e-05,0.0001,32,14,0.0845,1.4801,1.2404,0.8293,0.4524,nan,nan,nan,nan,0
early,cage,1,6,resnet,False,none,lr,1e-05,0.0001,32,15,0.0595,1.9289,1.3973,0.8537,0.4810,nan,nan,nan,nan,0
early,cage,1,6,resnet,False,none,lr,1e-05,0.0001,32,16,0.0470,2.0254,1.5408,0.8537,0.4143,nan,nan,nan,nan,0
early,cage,1,7,resnet,False,none,lr,1e-05,0.0001,32,1,0.7085,0.7320,0.6745,0.6818,0.3681,nan,nan,nan,nan,0
early,cage,1,7,resnet,False,none,lr,1e-05,0.0001,32,2,0.6688,0.7782,0.7498,0.5000,0.3542,nan,nan,nan,nan,0
early,cage,1,7,resnet,False,none,lr,1e-05,0.0001,32,3,0.6464,0.8099,0.7889,0.5000,0.3368,nan,nan,nan,nan,0
early,cage,1,7,resnet,False,none,lr,1e-05,0.0001,32,4,0.6028,0.8544,0.7342,0.7045,0.3715,nan,nan,nan,nan,0
early,cage,1,7,resnet,False,none,lr,1e-05,0.0001,32,5,0.5534,0.8291,0.8409,0.5000,0.3750,nan,nan,nan,nan,1
early,cage,1,7,resnet,False,none,lr,1e-05,0.0001,32,6,0.4819,0.9153,0.8244,0.6591,0.4028,nan,nan,nan,nan,1
early,cage,1,7,resnet,False,none,lr,1e-05,0.0001,32,7,0.4040,1.3424,0.8483,0.7955,0.4271,nan,nan,nan,nan,1
early,cage,1,7,resnet,False,none,lr,1e-05,0.0001,32,8,0.3302,1.5431,1.0096,0.7500,0.4410,nan,nan,nan,nan,1
early,cage,1,7,resnet,False,none,lr,1e-05,0.0001,32,9,0.2679,1.1621,0.9142,0.7273,0.4340,nan,nan,nan,nan,1
early,cage,1,7,resnet,False,none,lr,1e-05,0.0001,32,10,0.1945,1.0932,0.9111,0.7727,0.4757,nan,nan,nan,nan,1
early,cage,1,7,resnet,False,none,lr,1e-05,0.0001,32,11,0.1411,1.3470,1.0107,0.7727,0.4757,nan,nan,nan,nan,1
early,cage,1,7,resnet,False,none,lr,1e-05,0.0001,32,12,0.1151,1.9600,1.2476,0.7727,0.4618,nan,nan,nan,nan,1
early,cage,1,7,resnet,False,none,lr,1e-05,0.0001,32,13,0.0835,1.5210,1.1245,0.7273,0.4931,nan,nan,nan,nan,1
early,cage,1,7,resnet,False,none,lr,1e-05,0.0001,32,14,0.0587,1.6497,1.1870,0.7727,0.4757,1.0952,0.9733,0.7674,0.6627,1
early,cage,1,7,resnet,False,none,lr,1e-05,0.0001,32,15,0.0489,2.1968,1.3605,0.7955,0.4444,nan,nan,nan,nan,0
early,cage,1,7,resnet,False,none,lr,1e-05,0.0001,32,16,0.0463,2.2447,1.4018,0.8182,0.4653,nan,nan,nan,nan,0
early,cage,1,7,resnet,False,none,lr,1e-05,0.0001,32,17,0.0371,1.8739,1.3052,0.7727,0.5035,nan,nan,nan,nan,0
early,cage,1,7,resnet,False,none,lr,1e-05,0.0001,32,18,0.0283,1.9839,1.3835,0.8182,0.4583,nan,nan,nan,nan,0
early,cage,1,7,resnet,False,none,lr,1e-05,0.0001,32,19,0.0249,2.3076,1.4715,0.8182,0.5139,nan,nan,nan,nan,0
early,cage,1,8,resnet,False,none,lr,1e-05,0.0001,32,1,0.7137,0.7140,0.6225,0.8298,0.4679,nan,nan,nan,nan,0
early,cage,1,8,resnet,False,none,lr,1e-05,0.0001,32,2,0.6751,0.6989,0.6762,0.6383,0.4808,nan,nan,nan,nan,0
early,cage,1,8,resnet,False,none,lr,1e-05,0.0001,32,3,0.6566,0.7072,0.6264,0.7872,0.5385,nan,nan,nan,nan,0
early,cage,1,8,resnet,False,none,lr,1e-05,0.0001,32,4,0.6201,0.6997,0.6820,0.6596,0.5769,nan,nan,nan,nan,0
early,cage,1,8,resnet,False,none,lr,1e-05,0.0001,32,5,0.5678,0.7384,0.6869,0.6809,0.4679,nan,nan,nan,nan,1
early,cage,1,8,resnet,False,none,lr,1e-05,0.0001,32,6,0.4963,0.7641,0.6156,0.8085,0.5929,nan,nan,nan,nan,1
early,cage,1,8,resnet,False,none,lr,1e-05,0.0001,32,7,0.4235,0.7497,0.7446,0.7234,0.5705,nan,nan,nan,nan,1
early,cage,1,8,resnet,False,none,lr,1e-05,0.0001,32,8,0.3432,0.7805,0.7436,0.7872,0.6122,nan,nan,nan,nan,1
early,cage,1,8,resnet,False,none,lr,1e-05,0.0001,32,9,0.2736,0.9807,0.7842,0.7872,0.5481,nan,nan,nan,nan,0
early,cage,1,8,resnet,False,none,lr,1e-05,0.0001,32,10,0.2272,1.1663,0.8492,0.8298,0.5449,nan,nan,nan,nan,1
early,cage,1,8,resnet,False,none,lr,1e-05,0.0001,32,11,0.1999,1.0135,0.9182,0.8085,0.5513,nan,nan,nan,nan,0
early,cage,1,8,resnet,False,none,lr,1e-05,0.0001,32,12,0.1377,1.3593,0.9513,0.8085,0.5705,nan,nan,nan,nan,0
early,cage,1,8,resnet,False,none,lr,1e-05,0.0001,32,13,0.1053,1.0935,0.9399,0.8511,0.6058,nan,nan,nan,nan,0
early,cage,1,8,resnet,False,none,lr,1e-05,0.0001,32,14,0.0770,1.3255,1.0030,0.8511,0.6218,nan,nan,nan,nan,1
early,cage,1,8,resnet,False,none,lr,1e-05,0.0001,32,15,0.0635,1.8311,1.1886,0.8298,0.5897,nan,nan,nan,nan,1
early,cage,1,8,resnet,False,none,lr,1e-05,0.0001,32,16,0.0517,1.3022,1.1905,0.8085,0.5737,nan,nan,nan,nan,0
early,cage,1,8,resnet,False,none,lr,1e-05,0.0001,32,17,0.0624,1.5917,1.2285,0.7872,0.6026,nan,nan,nan,nan,1
early,cage,1,8,resnet,False,none,lr,1e-05,0.0001,32,18,0.0603,2.3464,1.3933,0.8298,0.6090,nan,nan,nan,nan,0
early,cage,1,8,resnet,False,none,lr,1e-05,0.0001,32,19,0.0369,1.7450,1.2244,0.8298,0.6122,nan,nan,nan,nan,0
early,cage,1,8,resnet,False,none,lr,1e-05,0.0001,32,20,0.0269,1.5860,1.2630,0.8298,0.6282,nan,nan,nan,nan,1
early,cage,1,8,resnet,False,none,lr,1e-05,0.0001,32,21,0.0247,2.0260,1.2725,0.8298,0.6282,1.8237,1.2775,0.8372,0.5952,1
early,cage,1,8,resnet,False,none,lr,1e-05,0.0001,32,22,0.0187,1.6056,1.2272,0.8298,0.5962,nan,nan,nan,nan,0
early,cage,1,8,resnet,False,none,lr,1e-05,0.0001,32,23,0.0139,1.8503,1.2599,0.8298,0.6026,nan,nan,nan,nan,0
early,cage,1,8,resnet,False,none,lr,1e-05,0.0001,32,24,0.0152,2.3497,1.5391,0.8298,0.5994,nan,nan,nan,nan,0
early,cage,1,8,resnet,False,none,lr,1e-05,0.0001,32,25,0.0198,1.5269,1.4326,0.7872,0.5994,nan,nan,nan,nan,0
early,cage,1,8,resnet,False,none,lr,1e-05,0.0001,32,26,0.0590,3.6396,2.0248,0.8298,0.5929,nan,nan,nan,nan,0
early,cage,1,9,resnet,False,none,lr,1e-05,0.0001,32,1,0.7114,0.6889,0.6608,0.7857,0.7172,nan,nan,nan,nan,0
early,cage,1,9,resnet,False,none,lr,1e-05,0.0001,32,2,0.6859,0.6758,0.6891,0.6190,0.6465,nan,nan,nan,nan,0
early,cage,1,9,resnet,False,none,lr,1e-05,0.0001,32,3,0.6535,0.6807,0.6881,0.6905,0.6633,nan,nan,nan,nan,0
early,cage,1,9,resnet,False,none,lr,1e-05,0.0001,32,4,0.6216,0.7335,0.6535,0.7381,0.6263,nan,nan,nan,nan,0
early,cage,1,9,resnet,False,none,lr,1e-05,0.0001,32,5,0.5630,0.7447,0.6773,0.7619,0.6263,0.6471,0.5862,0.7674,0.7460,1
early,cage,1,9,resnet,False,none,lr,1e-05,0.0001,32,6,0.4844,0.7908,0.7909,0.7143,0.5859,nan,nan,nan,nan,0
early,cage,1,9,resnet,False,none,lr,1e-05,0.0001,32,7,0.4034,0.8199,0.8659,0.6905,0.5657,nan,nan,nan,nan,0
early,cage,1,9,resnet,False,none,lr,1e-05,0.0001,32,8,0.3251,1.4202,1.1163,0.7143,0.4512,nan,nan,nan,nan,0
early,cage,1,9,resnet,False,none,lr,1e-05,0.0001,32,9,0.2588,1.1153,1.0625,0.6905,0.5926,nan,nan,nan,nan,0
early,cage,1,9,resnet,False,none,lr,1e-05,0.0001,32,10,0.2098,1.8115,1.2427,0.7619,0.4815,nan,nan,nan,nan,0
early,cage,1,9,resnet,False,none,lr,1e-05,0.0001,32,11,0.1521,1.1887,1.1614,0.6905,0.5993,nan,nan,nan,nan,0
early,cage,1,9,resnet,False,none,lr,1e-05,0.0001,32,12,0.1215,2.0496,1.3714,0.7619,0.5387,nan,nan,nan,nan,0
early,cage,1,9,resnet,False,none,lr,1e-05,0.0001,32,13,0.0848,1.5142,1.2282,0.7381,0.6397,nan,nan,nan,nan,0
early,cage,1,9,resnet,False,none,lr,1e-05,0.0001,32,14,0.0825,1.4983,1.5785,0.6190,0.4882,nan,nan,nan,nan,0
early,cage,1,9,resnet,False,none,lr,1e-05,0.0001,32,15,0.0623,2.0392,1.5603,0.6905,0.5219,nan,nan,nan,nan,0
early,cage,1,9,resnet,False,none,lr,1e-05,0.0001,32,16,0.0464,2.2188,1.5996,0.7143,0.5690,nan,nan,nan,nan,0
early,cage,2,0,resnet,False,none,lr,1e-05,0.0001,32,1,0.7027,0.6941,0.6836,0.7442,0.5000,nan,nan,nan,nan,0
early,cage,2,0,resnet,False,none,lr,1e-05,0.0001,32,2,0.6823,0.6828,0.6677,0.7907,0.6111,nan,nan,nan,nan,0
early,cage,2,0,resnet,False,none,lr,1e-05,0.0001,32,3,0.6580,0.6766,0.7113,0.5814,0.6746,nan,nan,nan,nan,0
early,cage,2,0,resnet,False,none,lr,1e-05,0.0001,32,4,0.6242,0.7052,0.6220,0.8372,0.6230,nan,nan,nan,nan,0
early,cage,2,0,resnet,False,none,lr,1e-05,0.0001,32,5,0.5807,0.6373,0.6572,0.7209,0.7381,nan,nan,nan,nan,1
early,cage,2,0,resnet,False,none,lr,1e-05,0.0001,32,6,0.5316,0.6163,0.7122,0.6512,0.7302,nan,nan,nan,nan,1
early,cage,2,0,resnet,False,none,lr,1e-05,0.0001,32,7,0.4352,0.6868,0.7259,0.7907,0.6667,nan,nan,nan,nan,1
early,cage,2,0,resnet,False,none,lr,1e-05,0.0001,32,8,0.3646,1.0544,0.8352,0.8140,0.6111,nan,nan,nan,nan,0
early,cage,2,0,resnet,False,none,lr,1e-05,0.0001,32,9,0.2832,0.6806,0.9052,0.7442,0.6746,nan,nan,nan,nan,0
early,cage,2,0,resnet,False,none,lr,1e-05,0.0001,32,10,0.2105,0.9004,0.8644,0.8140,0.7183,nan,nan,nan,nan,0
early,cage,2,0,resnet,False,none,lr,1e-05,0.0001,32,11,0.1513,1.6667,1.1961,0.8372,0.6587,nan,nan,nan,nan,0
early,cage,2,0,resnet,False,none,lr,1e-05,0.0001,32,12,0.1223,1.3366,1.1012,0.8140,0.6786,nan,nan,nan,nan,0
early,cage,2,0,resnet,False,none,lr,1e-05,0.0001,32,13,0.1008,1.3624,1.1326,0.8372,0.7579,nan,nan,nan,nan,1
early,cage,2,0,resnet,False,none,lr,1e-05,0.0001,32,14,0.0700,1.5375,1.2374,0.8140,0.6627,nan,nan,nan,nan,0
early,cage,2,0,resnet,False,none,lr,1e-05,0.0001,32,15,0.0505,1.2418,1.1429,0.8140,0.7222,nan,nan,nan,nan,0
early,cage,2,0,resnet,False,none,lr,1e-05,0.0001,32,16,0.0374,1.8723,1.3799,0.8372,0.7381,nan,nan,nan,nan,1
early,cage,2,0,resnet,False,none,lr,1e-05,0.0001,32,17,0.0445,1.3572,1.2184,0.8372,0.7302,nan,nan,nan,nan,1
early,cage,2,0,resnet,False,none,lr,1e-05,0.0001,32,18,0.0336,1.9222,1.4545,0.8372,0.7857,nan,nan,nan,nan,1
early,cage,2,0,resnet,False,none,lr,1e-05,0.0001,32,19,0.0249,1.2944,1.2758,0.8140,0.7262,1.2671,1.1915,0.7619,0.6691,1
early,cage,2,0,resnet,False,none,lr,1e-05,0.0001,32,20,0.0196,1.5346,1.3971,0.8372,0.7183,nan,nan,nan,nan,0
early,cage,2,0,resnet,False,none,lr,1e-05,0.0001,32,21,0.0294,1.8186,1.4872,0.8372,0.7381,nan,nan,nan,nan,0
early,cage,2,0,resnet,False,none,lr,1e-05,0.0001,32,22,0.0318,2.4612,1.7269,0.8372,0.7024,nan,nan,nan,nan,0
early,cage,2,0,resnet,False,none,lr,1e-05,0.0001,32,23,0.0452,1.1138,1.3827,0.7907,0.6349,nan,nan,nan,nan,0
early,cage,2,0,resnet,False,none,lr,1e-05,0.0001,32,24,0.0329,1.8343,1.5179,0.8372,0.7460,nan,nan,nan,nan,0
early,cage,2,1,resnet,False,none,lr,1e-05,0.0001,32,1,0.7118,0.6733,0.6473,0.8140,0.6825,nan,nan,nan,nan,0
early,cage,2,1,resnet,False,none,lr,1e-05,0.0001,32,2,0.6806,0.6693,0.6375,0.8140,0.7143,nan,nan,nan,nan,0
early,cage,2,1,resnet,False,none,lr,1e-05,0.0001,32,3,0.6555,0.6541,0.6693,0.6279,0.7460,nan,nan,nan,nan,0
early,cage,2,1,resnet,False,none,lr,1e-05,0.0001,32,4,0.6175,0.6492,0.6272,0.7674,0.7143,nan,nan,nan,nan,0
early,cage,2,1,resnet,False,none,lr,1e-05,0.0001,32,5,0.5618,0.6704,0.5894,0.7907,0.7183,0.6931,0.6326,0.8333,0.6765,1
early,cage,2,1,resnet,False,none,lr,1e-05,0.0001,32,6,0.4854,0.8160,0.6304,0.8372,0.6111,nan,nan,nan,nan,0
early,cage,2,1,resnet,False,none,lr,1e-05,0.0001,32,7,0.4057,0.7401,0.6754,0.8372,0.6270,nan,nan,nan,nan,0
early,cage,2,1,resnet,False,none,lr,1e-05,0.0001,32,8,0.3257,0.7126,0.7598,0.6977,0.6190,nan,nan,nan,nan,0
early,cage,2,1,resnet,False,none,lr,1e-05,0.0001,32,9,0.2435,0.9906,0.7878,0.8605,0.5754,nan,nan,nan,nan,0
early,cage,2,1,resnet,False,none,lr,1e-05,0.0001,32,10,0.1868,1.1747,0.8611,0.8372,0.6230,nan,nan,nan,nan,0
early,cage,2,1,resnet,False,none,lr,1e-05,0.0001,32,11,0.1473,1.1343,0.9569,0.8372,0.5754,nan,nan,nan,nan,0
early,cage,2,1,resnet,False,none,lr,1e-05,0.0001,32,12,0.1008,1.2490,0.9907,0.8372,0.5754,nan,nan,nan,nan,0
early,cage,2,1,resnet,False,none,lr,1e-05,0.0001,32,13,0.0801,1.3054,1.0214,0.8140,0.5357,nan,nan,nan,nan,0
early,cage,2,1,resnet,False,none,lr,1e-05,0.0001,32,14,0.0653,0.9389,1.0789,0.7442,0.6548,nan,nan,nan,nan,0
early,cage,2,1,resnet,False,none,lr,1e-05,0.0001,32,15,0.0560,1.2187,1.0526,0.8140,0.6508,nan,nan,nan,nan,0
early,cage,2,1,resnet,False,none,lr,1e-05,0.0001,32,16,0.0446,1.3564,1.1842,0.7674,0.6389,nan,nan,nan,nan,0
early,cage,2,3,resnet,False,none,lr,1e-05,0.0001,32,1,0.7067,0.7034,0.6904,0.6667,0.4122,nan,nan,nan,nan,0
early,cage,2,3,resnet,False,none,lr,1e-05,0.0001,32,2,0.6691,0.6985,0.6971,0.5476,0.4449,nan,nan,nan,nan,0
early,cage,2,3,resnet,False,none,lr,1e-05,0.0001,32,3,0.6540,0.6858,0.6625,0.7857,0.5510,nan,nan,nan,nan,0
early,cage,2,3,resnet,False,none,lr,1e-05,0.0001,32,4,0.6160,0.7061,0.6549,0.7857,0.5184,nan,nan,nan,nan,0
early,cage,2,3,resnet,False,none,lr,1e-05,0.0001,32,5,0.5542,0.7183,0.7128,0.6905,0.5020,nan,nan,nan,nan,1
early,cage,2,3,resnet,False,none,lr,1e-05,0.0001,32,6,0.4930,0.7978,0.6721,0.7857,0.6122,nan,nan,nan,nan,1
early,cage,2,3,resnet,False,none,lr,1e-05,0.0001,32,7,0.4063,0.7558,0.8932,0.6190,0.5347,nan,nan,nan,nan,1
early,cage,2,3,resnet,False,none,lr,1e-05,0.0001,32,8,0.3314,0.8026,0.9538,0.6190,0.5959,nan,nan,nan,nan,1
early,cage,2,3,resnet,False,none,lr,1e-05,0.0001,32,9,0.2589,1.4524,0.9628,0.8333,0.6000,nan,nan,nan,nan,1
early,cage,2,3,resnet,False,none,lr,1e-05,0.0001,32,10,0.2187,1.1460,0.9083,0.8095,0.6163,nan,nan,nan,nan,1
early,cage,2,3,resnet,False,none,lr,1e-05,0.0001,32,11,0.1603,1.2250,1.0088,0.7857,0.5592,nan,nan,nan,nan,0
early,cage,2,3,resnet,False,none,lr,1e-05,0.0001,32,12,0.1339,1.2134,1.0556,0.7381,0.5959,nan,nan,nan,nan,0
early,cage,2,3,resnet,False,none,lr,1e-05,0.0001,32,13,0.0949,1.7853,1.1997,0.8333,0.6449,1.3026,0.9782,0.8333,0.7868,1
early,cage,2,3,resnet,False,none,lr,1e-05,0.0001,32,14,0.0744,1.5174,1.2042,0.8095,0.5469,nan,nan,nan,nan,0
early,cage,2,3,resnet,False,none,lr,1e-05,0.0001,32,15,0.0550,1.7734,1.2555,0.7857,0.5959,nan,nan,nan,nan,0
early,cage,2,3,resnet,False,none,lr,1e-05,0.0001,32,16,0.0516,1.3145,1.2930,0.7381,0.5796,nan,nan,nan,nan,0
early,cage,2,3,resnet,False,none,lr,1e-05,0.0001,32,17,0.0317,1.5396,1.3489,0.7619,0.5306,nan,nan,nan,nan,0
early,cage,2,3,resnet,False,none,lr,1e-05,0.0001,32,18,0.0274,1.6660,1.4226,0.7857,0.5306,nan,nan,nan,nan,0
early,cage,2,4,resnet,False,none,lr,1e-05,0.0001,32,1,0.7137,0.6896,0.6612,0.8140,0.7250,nan,nan,nan,nan,0
early,cage,2,4,resnet,False,none,lr,1e-05,0.0001,32,2,0.6856,0.6613,0.6613,0.6047,0.7250,nan,nan,nan,nan,0
early,cage,2,4,resnet,False,none,lr,1e-05,0.0001,32,3,0.6536,0.6531,0.6391,0.7442,0.7500,nan,nan,nan,nan,0
early,cage,2,4,resnet,False,none,lr,1e-05,0.0001,32,4,0.6158,0.6291,0.6374,0.7209,0.7786,nan,nan,nan,nan,0
early,cage,2,4,resnet,False,none,lr,1e-05,0.0001,32,5,0.5615,0.7136,0.6541,0.8372,0.6857,0.6800,0.6202,0.7619,0.7463,1
early,cage,2,4,resnet,False,none,lr,1e-05,0.0001,32,6,0.4838,0.6935,0.6810,0.7442,0.6286,nan,nan,nan,nan,0
early,cage,2,4,resnet,False,none,lr,1e-05,0.0001,32,7,0.4070,0.6842,0.7376,0.7674,0.6607,nan,nan,nan,nan,0
early,cage,2,4,resnet,False,none,lr,1e-05,0.0001,32,8,0.3390,0.8158,0.7962,0.8372,0.6250,nan,nan,nan,nan,0
early,cage,2,4,resnet,False,none,lr,1e-05,0.0001,32,9,0.2760,1.0901,0.9503,0.8140,0.5714,nan,nan,nan,nan,0
early,cage,2,4,resnet,False,none,lr,1e-05,0.0001,32,10,0.1955,1.2713,1.0718,0.8140,0.6250,nan,nan,nan,nan,0
early,cage,2,4,resnet,False,none,lr,1e-05,0.0001,32,11,0.1673,1.1480,1.0275,0.7674,0.5857,nan,nan,nan,nan,0
early,cage,2,4,resnet,False,none,lr,1e-05,0.0001,32,12,0.1128,1.4463,1.2078,0.8140,0.5714,nan,nan,nan,nan,0
early,cage,2,4,resnet,False,none,lr,1e-05,0.0001,32,13,0.0885,1.1754,1.0999,0.8140,0.6714,nan,nan,nan,nan,0
early,cage,2,4,resnet,False,none,lr,1e-05,0.0001,32,14,0.0731,1.3991,1.2312,0.8140,0.6607,nan,nan,nan,nan,0
early,cage,2,4,resnet,False,none,lr,1e-05,0.0001,32,15,0.0529,1.5338,1.3278,0.8140,0.6393,nan,nan,nan,nan,0
early,cage,2,4,resnet,False,none,lr,1e-05,0.0001,32,16,0.0511,1.7595,1.4768,0.8140,0.6357,nan,nan,nan,nan,0
early,cage,2,5,resnet,False,none,lr,1e-05,0.0001,32,1,0.7032,0.6898,0.7083,0.4500,0.5197,nan,nan,nan,nan,0
early,cage,2,5,resnet,False,none,lr,1e-05,0.0001,32,2,0.6742,0.7169,0.6964,0.5500,0.4875,nan,nan,nan,nan,0
early,cage,2,5,resnet,False,none,lr,1e-05,0.0001,32,3,0.6429,0.6934,0.7156,0.5000,0.5412,nan,nan,nan,nan,0
early,cage,2,5,resnet,False,none,lr,1e-05,0.0001,32,4,0.5921,0.9897,0.7901,0.7750,0.3692,nan,nan,nan,nan,0
early,cage,2,5,resnet,False,none,lr,1e-05,0.0001,32,5,0.5396,0.7852,0.7181,0.6500,0.4910,nan,nan,nan,nan,1
early,cage,2,5,resnet,False,none,lr,1e-05,0.0001,32,6,0.4729,0.9532,0.7659,0.8000,0.5663,nan,nan,nan,nan,1
early,cage,2,5,resnet,False,none,lr,1e-05,0.0001,32,7,0.3932,0.8535,0.8444,0.6500,0.4767,nan,nan,nan,nan,0
early,cage,2,5,resnet,False,none,lr,1e-05,0.0001,32,8,0.3210,1.2113,0.9667,0.7750,0.4731,nan,nan,nan,nan,0
early,cage,2,5,resnet,False,none,lr,1e-05,0.0001,32,9,0.2681,1.2331,1.0082,0.7500,0.4982,0.7007,0.7062,0.8571,0.7794,1
early,cage,2,5,resnet,False,none,lr,1e-05,0.0001,32,10,0.2103,1.4520,1.1668,0.7750,0.3799,nan,nan,nan,nan,0
early,cage,2,5,resnet,False,none,lr,1e-05,0.0001,32,11,0.1566,1.6618,1.2519,0.7750,0.4050,nan,nan,nan,nan,0
early,cage,2,5,resnet,False,none,lr,1e-05,0.0001,32,12,0.1180,1.1141,1.3151,0.5750,0.4552,nan,nan,nan,nan,0
early,cage,2,5,resnet,False,none,lr,1e-05,0.0001,32,13,0.1129,1.6950,1.3371,0.7500,0.4910,nan,nan,nan,nan,0
early,cage,2,5,resnet,False,none,lr,1e-05,0.0001,32,14,0.0763,1.9131,1.4588,0.7250,0.3871,nan,nan,nan,nan,0
early,cage,2,5,resnet,False,none,lr,1e-05,0.0001,32,15,0.0664,2.4861,1.7134,0.7500,0.4229,nan,nan,nan,nan,0
early,cage,2,5,resnet,False,none,lr,1e-05,0.0001,32,16,0.0470,1.8836,1.5377,0.7750,0.4659,nan,nan,nan,nan,0
early,cage,2,6,resnet,False,none,lr,1e-05,0.0001,32,1,0.7086,0.6882,0.6675,0.7561,0.5476,nan,nan,nan,nan,0
early,cage,2,6,resnet,False,none,lr,1e-05,0.0001,32,2,0.6836,0.6840,0.6581,0.7805,0.5667,nan,nan,nan,nan,0
early,cage,2,6,resnet,False,none,lr,1e-05,0.0001,32,3,0.6602,0.6958,0.7383,0.3171,0.5619,nan,nan,nan,nan,0
early,cage,2,6,resnet,False,none,lr,1e-05,0.0001,32,4,0.6306,0.6911,0.7096,0.5610,0.5381,nan,nan,nan,nan,0
early,cage,2,6,resnet,False,none,lr,1e-05,0.0001,32,5,0.5797,0.7442,0.6807,0.8049,0.4476,0.6060,0.6262,0.8333,0.8088,1
early,cage,2,6,resnet,False,none,lr,1e-05,0.0001,32,6,0.5278,0.8118,0.6799,0.8293,0.5286,nan,nan,nan,nan,0
early,cage,2,6,resnet,False,none,lr,1e-05,0.0001,32,7,0.4460,0.8029,0.7582,0.7561,0.4952,nan,nan,nan,nan,0
early,cage,2,6,resnet,False,none,lr,1e-05,0.0001,32,8,0.3780,1.1218,0.8559,0.8537,0.5333,nan,nan,nan,nan,0
early,cage,2,6,resnet,False,none,lr,1e-05,0.0001,32,9,0.3195,0.8922,0.8525,0.7561,0.5333,nan,nan,nan,nan,0
early,cage,2,6,resnet,False,none,lr,1e-05,0.0001,32,10,0.2544,1.0763,0.9036,0.8049,0.5000,nan,nan,nan,nan,0
early,cage,2,6,resnet,False,none,lr,1e-05,0.0001,32,11,0.1952,1.3545,1.0354,0.8537,0.5381,nan,nan,nan,nan,0
early,cage,2,6,resnet,False,none,lr,1e-05,0.0001,32,12,0.1525,1.3903,1.1317,0.8293,0.4857,nan,nan,nan,nan,0
early,cage,2,6,resnet,False,none,lr,1e-05,0.0001,32,13,0.1237,1.1696,1.1315,0.7073,0.4762,nan,nan,nan,nan,0
early,cage,2,6,resnet,False,none,lr,1e-05,0.0001,32,14,0.0902,1.4473,1.2034,0.7805,0.5286,nan,nan,nan,nan,0
early,cage,2,6,resnet,False,none,lr,1e-05,0.0001,32,15,0.0661,1.4450,1.1749,0.8049,0.5238,nan,nan,nan,nan,0
early,cage,2,6,resnet,False,none,lr,1e-05,0.0001,32,16,0.0500,1.4940,1.2942,0.7805,0.4810,nan,nan,nan,nan,0
early,cage,2,7,resnet,False,none,lr,1e-05,0.0001,32,1,0.7133,0.7238,0.6814,0.5682,0.4132,nan,nan,nan,nan,0
early,cage,2,7,resnet,False,none,lr,1e-05,0.0001,32,2,0.6718,0.7602,0.7431,0.5227,0.3993,nan,nan,nan,nan,0
early,cage,2,7,resnet,False,none,lr,1e-05,0.0001,32,3,0.6312,0.7792,0.7635,0.5227,0.3889,nan,nan,nan,nan,0
early,cage,2,7,resnet,False,none,lr,1e-05,0.0001,32,4,0.5912,0.8034,0.7775,0.5682,0.3924,nan,nan,nan,nan,0
early,cage,2,7,resnet,False,none,lr,1e-05,0.0001,32,5,0.5331,0.7695,0.8300,0.4773,0.4097,nan,nan,nan,nan,1
early,cage,2,7,resnet,False,none,lr,1e-05,0.0001,32,6,0.4625,0.8430,0.7818,0.5909,0.4653,nan,nan,nan,nan,1
early,cage,2,7,resnet,False,none,lr,1e-05,0.0001,32,7,0.3844,0.7945,0.7496,0.7500,0.6111,nan,nan,nan,nan,1
early,cage,2,7,resnet,False,none,lr,1e-05,0.0001,32,8,0.3200,1.0525,0.7766,0.7727,0.5833,nan,nan,nan,nan,1
early,cage,2,7,resnet,False,none,lr,1e-05,0.0001,32,9,0.2480,0.9221,0.9457,0.7273,0.5278,nan,nan,nan,nan,1
early,cage,2,7,resnet,False,none,lr,1e-05,0.0001,32,10,0.1966,1.0285,0.8977,0.7727,0.5868,nan,nan,nan,nan,1
early,cage,2,7,resnet,False,none,lr,1e-05,0.0001,32,11,0.1472,1.2845,0.9971,0.7727,0.5694,nan,nan,nan,nan,1
early,cage,2,7,resnet,False,none,lr,1e-05,0.0001,32,12,0.1085,1.3895,0.9492,0.8182,0.6736,nan,nan,nan,nan,1
early,cage,2,7,resnet,False,none,lr,1e-05,0.0001,32,13,0.0860,1.2725,1.0466,0.7955,0.5556,nan,nan,nan,nan,0
early,cage,2,7,resnet,False,none,lr,1e-05,0.0001,32,14,0.0599,1.9053,1.2553,0.8182,0.5833,nan,nan,nan,nan,1
early,cage,2,7,resnet,False,none,lr,1e-05,0.0001,32,15,0.0558,1.7710,1.2169,0.8182,0.5729,nan,nan,nan,nan,0
early,cage,2,7,resnet,False,none,lr,1e-05,0.0001,32,16,0.0362,2.1461,1.3001,0.8182,0.6667,nan,nan,nan,nan,1
early,cage,2,7,resnet,False,none,lr,1e-05,0.0001,32,17,0.0339,0.9535,1.1987,0.7273,0.6562,nan,nan,nan,nan,0
early,cage,2,7,resnet,False,none,lr,1e-05,0.0001,32,18,0.0285,2.5511,1.4921,0.8182,0.6424,1.7832,1.2599,0.8333,0.7647,1
early,cage,2,7,resnet,False,none,lr,1e-05,0.0001,32,19,0.0290,2.5364,1.5596,0.8182,0.5486,nan,nan,nan,nan,0
early,cage,2,7,resnet,False,none,lr,1e-05,0.0001,32,20,0.0269,2.2146,1.4313,0.8182,0.6111,nan,nan,nan,nan,0
early,cage,2,7,resnet,False,none,lr,1e-05,0.0001,32,21,0.0148,2.2631,1.5154,0.8182,0.5556,nan,nan,nan,nan,0
early,cage,2,7,resnet,False,none,lr,1e-05,0.0001,32,22,0.0161,1.2548,1.2794,0.7273,0.5972,nan,nan,nan,nan,0
early,cage,2,7,resnet,False,none,lr,1e-05,0.0001,32,23,0.0126,2.0109,1.4476,0.8182,0.6042,nan,nan,nan,nan,0
early,cage,2,8,resnet,False,none,lr,1e-05,0.0001,32,1,0.7143,0.7099,0.7511,0.2128,0.4391,nan,nan,nan,nan,0
early,cage,2,8,resnet,False,none,lr,1e-05,0.0001,32,2,0.6733,0.7157,0.6959,0.5745,0.4487,nan,nan,nan,nan,0
early,cage,2,8,resnet,False,none,lr,1e-05,0.0001,32,3,0.6558,0.7141,0.6591,0.6809,0.4744,nan,nan,nan,nan,0
early,cage,2,8,resnet,False,none,lr,1e-05,0.0001,32,4,0.6155,0.7093,0.7085,0.6170,0.5545,nan,nan,nan,nan,0
early,cage,2,8,resnet,False,none,lr,1e-05,0.0001,32,5,0.5597,0.6950,0.7203,0.6809,0.5865,nan,nan,nan,nan,1
early,cage,2,8,resnet,False,none,lr,1e-05,0.0001,32,6,0.5052,0.7247,0.6959,0.7234,0.5865,nan,nan,nan,nan,1
early,cage,2,8,resnet,False,none,lr,1e-05,0.0001,32,7,0.4261,1.1277,0.6998,0.8298,0.5577,nan,nan,nan,nan,1
early,cage,2,8,resnet,False,none,lr,1e-05,0.0001,32,8,0.3621,1.1234,0.7589,0.8298,0.5449,nan,nan,nan,nan,1
early,cage,2,8,resnet,False,none,lr,1e-05,0.0001,32,9,0.2840,1.1144,0.7754,0.8511,0.5256,nan,nan,nan,nan,0
early,cage,2,8,resnet,False,none,lr,1e-05,0.0001,32,10,0.2312,1.3512,0.8570,0.8298,0.5865,nan,nan,nan,nan,0
early,cage,2,8,resnet,False,none,lr,1e-05,0.0001,32,11,0.1785,1.1382,0.8445,0.8298,0.6506,nan,nan,nan,nan,1
early,cage,2,8,resnet,False,none,lr,1e-05,0.0001,32,12,0.1427,0.8181,1.1600,0.5532,0.6026,nan,nan,nan,nan,1
early,cage,2,8,resnet,False,none,lr,1e-05,0.0001,32,13,0.1045,1.3421,1.0016,0.8298,0.6058,nan,nan,nan,nan,1
early,cage,2,8,resnet,False,none,lr,1e-05,0.0001,32,14,0.0842,1.6204,1.0471,0.8298,0.5737,1.0801,0.9564,0.8571,0.7684,1
early,cage,2,8,resnet,False,none,lr,1e-05,0.0001,32,15,0.0681,1.5361,1.0769,0.8298,0.6026,nan,nan,nan,nan,0
early,cage,2,8,resnet,False,none,lr,1e-05,0.0001,32,16,0.0506,1.5224,1.0579,0.8298,0.6026,nan,nan,nan,nan,0
early,cage,2,8,resnet,False,none,lr,1e-05,0.0001,32,17,0.0548,2.3709,1.3860,0.8298,0.5801,nan,nan,nan,nan,0
early,cage,2,8,resnet,False,none,lr,1e-05,0.0001,32,18,0.0362,2.1432,1.2911,0.8298,0.6122,nan,nan,nan,nan,0
early,cage,2,8,resnet,False,none,lr,1e-05,0.0001,32,19,0.0279,1.7825,1.2379,0.8298,0.6154,nan,nan,nan,nan,0
early,cage,2,9,resnet,False,none,lr,1e-05,0.0001,32,1,0.7113,0.6875,0.6976,0.6190,0.6195,nan,nan,nan,nan,0
early,cage,2,9,resnet,False,none,lr,1e-05,0.0001,32,2,0.6810,0.6992,0.6592,0.8095,0.6566,nan,nan,nan,nan,0
early,cage,2,9,resnet,False,none,lr,1e-05,0.0001,32,3,0.6505,0.6790,0.7673,0.2619,0.5623,nan,nan,nan,nan,0
early,cage,2,9,resnet,False,none,lr,1e-05,0.0001,32,4,0.6084,0.7745,0.6994,0.6905,0.5320,nan,nan,nan,nan,0
early,cage,2,9,resnet,False,none,lr,1e-05,0.0001,32,5,0.5433,0.9225,0.7787,0.7143,0.5118,0.8972,0.7483,0.7143,0.5074,1
early,cage,2,9,resnet,False,none,lr,1e-05,0.0001,32,6,0.4637,0.8510,0.8355,0.7381,0.5791,nan,nan,nan,nan,0
early,cage,2,9,resnet,False,none,lr,1e-05,0.0001,32,7,0.3813,1.0377,0.9653,0.6667,0.5286,nan,nan,nan,nan,0
early,cage,2,9,resnet,False,none,lr,1e-05,0.0001,32,8,0.2947,1.6574,1.1944,0.7381,0.4949,nan,nan,nan,nan,0
early,cage,2,9,resnet,False,none,lr,1e-05,0.0001,32,9,0.2251,0.9237,1.1635,0.5714,0.5084,nan,nan,nan,nan,0
early,cage,2,9,resnet,False,none,lr,1e-05,0.0001,32,10,0.1806,1.1866,1.1780,0.6667,0.4983,nan,nan,nan,nan,0
early,cage,2,9,resnet,False,none,lr,1e-05,0.0001,32,11,0.1327,1.4133,1.3735,0.6429,0.5219,nan,nan,nan,nan,0
early,cage,2,9,resnet,False,none,lr,1e-05,0.0001,32,12,0.0996,1.8500,1.3894,0.7381,0.5152,nan,nan,nan,nan,0
early,cage,2,9,resnet,False,none,lr,1e-05,0.0001,32,13,0.0745,1.9437,1.4063,0.7619,0.5219,nan,nan,nan,nan,0
early,cage,2,9,resnet,False,none,lr,1e-05,0.0001,32,14,0.0570,1.8580,1.4433,0.7619,0.4848,nan,nan,nan,nan,0
early,cage,2,9,resnet,False,none,lr,1e-05,0.0001,32,15,0.0541,1.6287,1.5594,0.6429,0.4646,nan,nan,nan,nan,0
early,cage,2,9,resnet,False,none,lr,1e-05,0.0001,32,16,0.0347,2.5613,1.6862,0.7619,0.5084,nan,nan,nan,nan,0
early,cage,3,0,resnet,False,none,lr,1e-05,0.0001,32,1,0.7132,0.6933,0.6409,0.8372,0.5833,nan,nan,nan,nan,0
early,cage,3,0,resnet,False,none,lr,1e-05,0.0001,32,2,0.6954,0.6617,0.6471,0.8140,0.7143,nan,nan,nan,nan,0
early,cage,3,0,resnet,False,none,lr,1e-05,0.0001,32,3,0.6549,0.6599,0.6739,0.7209,0.7143,nan,nan,nan,nan,0
early,cage,3,0,resnet,False,none,lr,1e-05,0.0001,32,4,0.6260,0.6477,0.6934,0.6047,0.7460,nan,nan,nan,nan,0
early,cage,3,0,resnet,False,none,lr,1e-05,0.0001,32,5,0.5723,0.6215,0.6499,0.7209,0.7897,nan,nan,nan,nan,1
early,cage,3,0,resnet,False,none,lr,1e-05,0.0001,32,6,0.5037,0.5938,0.6622,0.6977,0.8056,nan,nan,nan,nan,1
early,cage,3,0,resnet,False,none,lr,1e-05,0.0001,32,7,0.4326,0.5976,0.6919,0.7442,0.7579,nan,nan,nan,nan,1
early,cage,3,0,resnet,False,none,lr,1e-05,0.0001,32,8,0.3537,0.7638,0.6688,0.7907,0.7500,nan,nan,nan,nan,1
early,cage,3,0,resnet,False,none,lr,1e-05,0.0001,32,9,0.2680,0.8886,0.7325,0.8140,0.7063,nan,nan,nan,nan,0
early,cage,3,0,resnet,False,none,lr,1e-05,0.0001,32,10,0.2149,0.6349,0.7519,0.8372,0.8254,nan,nan,nan,nan,0
early,cage,3,0,resnet,False,none,lr,1e-05,0.0001,32,11,0.1662,1.0056,0.8347,0.7907,0.7421,nan,nan,nan,nan,0
early,cage,3,0,resnet,False,none,lr,1e-05,0.0001,32,12,0.1185,0.8921,0.9062,0.8140,0.7024,nan,nan,nan,nan,0
early,cage,3,0,resnet,False,none,lr,1e-05,0.0001,32,13,0.0881,1.0425,0.9176,0.8140,0.7381,nan,nan,nan,nan,0
early,cage,3,0,resnet,False,none,lr,1e-05,0.0001,32,14,0.0652,1.2943,1.0169,0.8140,0.7937,nan,nan,nan,nan,0
early,cage,3,0,resnet,False,none,lr,1e-05,0.0001,32,15,0.0569,0.9318,0.9590,0.7907,0.8492,nan,nan,nan,nan,0
early,cage,3,0,resnet,False,none,lr,1e-05,0.0001,32,16,0.0412,1.1791,1.0600,0.7907,0.7976,nan,nan,nan,nan,1
early,cage,3,0,resnet,False,none,lr,1e-05,0.0001,32,17,0.0312,1.0255,1.0042,0.7907,0.8175,1.2887,1.1731,0.8095,0.6245,1
early,cage,3,0,resnet,False,none,lr,1e-05,0.0001,32,18,0.0360,1.0683,1.0713,0.8372,0.7381,nan,nan,nan,nan,0
early,cage,3,0,resnet,False,none,lr,1e-05,0.0001,32,19,0.0313,1.2387,1.1628,0.7907,0.7897,nan,nan,nan,nan,0
early,cage,3,0,resnet,False,none,lr,1e-05,0.0001,32,20,0.0268,1.2667,1.1992,0.7907,0.6944,nan,nan,nan,nan,0
early,cage,3,0,resnet,False,none,lr,1e-05,0.0001,32,21,0.0208,1.5301,1.2555,0.8140,0.7500,nan,nan,nan,nan,0
early,cage,3,0,resnet,False,none,lr,1e-05,0.0001,32,22,0.0231,1.4436,1.2221,0.7907,0.7421,nan,nan,nan,nan,0
early,cage,3,1,resnet,False,none,lr,1e-05,0.0001,32,1,0.7084,0.6815,0.7018,0.4186,0.6786,nan,nan,nan,nan,0
early,cage,3,1,resnet,False,none,lr,1e-05,0.0001,32,2,0.6868,0.6729,0.6533,0.7209,0.6627,nan,nan,nan,nan,0
early,cage,3,1,resnet,False,none,lr,1e-05,0.0001,32,3,0.6557,0.6581,0.6372,0.7674,0.7103,nan,nan,nan,nan,0
early,cage,3,1,resnet,False,none,lr,1e-05,0.0001,32,4,0.6130,0.6534,0.6486,0.6977,0.6746,nan,nan,nan,nan,0
early,cage,3,1,resnet,False,none,lr,1e-05,0.0001,32,5,0.5644,0.6429,0.6257,0.6047,0.6310,0.7233,0.7326,0.6429,0.4694,1
early,cage,3,1,resnet,False,none,lr,1e-05,0.0001,32,6,0.4942,0.6698,0.6523,0.6977,0.6389,nan,nan,nan,nan,0
early,cage,3,1,resnet,False,none,lr,1e-05,0.0001,32,7,0.4028,0.9337,0.6715,0.8372,0.5833,nan,nan,nan,nan,0
early,cage,3,1,resnet,False,none,lr,1e-05,0.0001,32,8,0.3343,0.9126,0.7579,0.7209,0.5635,nan,nan,nan,nan,0
early,cage,3,1,resnet,False,none,lr,1e-05,0.0001,32,9,0.2595,0.7904,0.7837,0.6744,0.5952,nan,nan,nan,nan,0
early,cage,3,1,resnet,False,none,lr,1e-05,0.0001,32,10,0.2181,1.2189,0.8883,0.8372,0.5238,nan,nan,nan,nan,0
early,cage,3,1,resnet,False,none,lr,1e-05,0.0001,32,11,0.1668,0.9934,0.9522,0.6977,0.5397,nan,nan,nan,nan,0
early,cage,3,1,resnet,False,none,lr,1e-05,0.0001,32,12,0.1314,1.0969,0.9056,0.8372,0.6032,nan,nan,nan,nan,0
early,cage,3,1,resnet,False,none,lr,1e-05,0.0001,32,13,0.1031,1.1703,0.9383,0.8140,0.5873,nan,nan,nan,nan,0
early,cage,3,1,resnet,False,none,lr,1e-05,0.0001,32,14,0.0736,0.8090,1.1506,0.6047,0.6190,nan,nan,nan,nan,0
early,cage,3,1,resnet,False,none,lr,1e-05,0.0001,32,15,0.0616,1.0940,1.0374,0.7442,0.5873,nan,nan,nan,nan,0
early,cage,3,1,resnet,False,none,lr,1e-05,0.0001,32,16,0.0506,1.0147,1.0778,0.7442,0.5952,nan,nan,nan,nan,0
early,cage,3,2,resnet,False,none,lr,1e-05,0.0001,32,1,0.7079,0.6969,0.7157,0.3571,0.5037,nan,nan,nan,nan,0
early,cage,3,2,resnet,False,none,lr,1e-05,0.0001,32,2,0.6748,0.6768,0.6423,0.8333,0.7206,nan,nan,nan,nan,0
early,cage,3,2,resnet,False,none,lr,1e-05,0.0001,32,3,0.6556,0.6724,0.6478,0.7619,0.6765,nan,nan,nan,nan,0
early,cage,3,2,resnet,False,none,lr,1e-05,0.0001,32,4,0.6214,0.6819,0.7775,0.3810,0.6140,nan,nan,nan,nan,0
early,cage,3,2,resnet,False,none,lr,1e-05,0.0001,32,5,0.5648,0.6444,0.6968,0.5714,0.7096,nan,nan,nan,nan,1
early,cage,3,2,resnet,False,none,lr,1e-05,0.0001,32,6,0.4917,0.7325,0.7102,0.7381,0.6176,nan,nan,nan,nan,1
early,cage,3,2,resnet,False,none,lr,1e-05,0.0001,32,7,0.4033,0.6962,0.7363,0.8095,0.7500,nan,nan,nan,nan,1
early,cage,3,2,resnet,False,none,lr,1e-05,0.0001,32,8,0.3523,0.7406,0.8179,0.6905,0.6507,nan,nan,nan,nan,0
early,cage,3,2,resnet,False,none,lr,1e-05,0.0001,32,9,0.2635,1.1063,0.8339,0.8095,0.7316,nan,nan,nan,nan,1
early,cage,3,2,resnet,False,none,lr,1e-05,0.0001,32,10,0.2193,0.7917,0.9764,0.6905,0.6471,nan,nan,nan,nan,0
early,cage,3,2,resnet,False,none,lr,1e-05,0.0001,32,11,0.1596,1.2757,0.9344,0.8095,0.7904,nan,nan,nan,nan,1
early,cage,3,2,resnet,False,none,lr,1e-05,0.0001,32,12,0.1144,0.7899,0.8890,0.8095,0.7206,nan,nan,nan,nan,0
early,cage,3,2,resnet,False,none,lr,1e-05,0.0001,32,13,0.0899,0.9358,1.0700,0.8095,0.6728,nan,nan,nan,nan,0
early,cage,3,2,resnet,False,none,lr,1e-05,0.0001,32,14,0.0859,0.9517,0.9404,0.8571,0.7463,nan,nan,nan,nan,0
early,cage,3,2,resnet,False,none,lr,1e-05,0.0001,32,15,0.0650,1.1616,1.0150,0.8095,0.7463,nan,nan,nan,nan,1
early,cage,3,2,resnet,False,none,lr,1e-05,0.0001,32,16,0.0453,1.0913,1.0095,0.8095,0.7757,nan,nan,nan,nan,0
early,cage,3,2,resnet,False,none,lr,1e-05,0.0001,32,17,0.0368,1.2090,1.1175,0.8095,0.7721,nan,nan,nan,nan,1
early,cage,3,2,resnet,False,none,lr,1e-05,0.0001,32,18,0.0356,1.0292,1.0881,0.9048,0.7537,1.1742,1.1235,0.8095,0.6694,1
early,cage,3,2,resnet,False,none,lr,1e-05,0.0001,32,19,0.0313,1.0273,1.2009,0.8095,0.6801,nan,nan,nan,nan,0
early,cage,3,2,resnet,False,none,lr,1e-05,0.0001,32,20,0.0347,1.2447,1.1907,0.8333,0.7353,nan,nan,nan,nan,0
early,cage,3,2,resnet,False,none,lr,1e-05,0.0001,32,21,0.0294,1.7709,1.2909,0.8095,0.7500,nan,nan,nan,nan,0
early,cage,3,2,resnet,False,none,lr,1e-05,0.0001,32,22,0.0377,1.7163,1.2772,0.8095,0.7132,nan,nan,nan,nan,0
early,cage,3,2,resnet,False,none,lr,1e-05,0.0001,32,23,0.0265,1.3952,1.2154,0.8571,0.7169,nan,nan,nan,nan,0
early,cage,3,4,resnet,False,none,lr,1e-05,0.0001,32,1,0.7118,0.6905,0.6779,0.6744,0.5857,nan,nan,nan,nan,0
early,cage,3,4,resnet,False,none,lr,1e-05,0.0001,32,2,0.6877,0.6833,0.6666,0.7442,0.5893,nan,nan,nan,nan,0
early,cage,3,4,resnet,False,none,lr,1e-05,0.0001,32,3,0.6544,0.6688,0.6679,0.7209,0.6071,nan,nan,nan,nan,0
early,cage,3,4,resnet,False,none,lr,1e-05,0.0001,32,4,0.6174,0.6659,0.6254,0.8140,0.7143,nan,nan,nan,nan,0
early,cage,3,4,resnet,False,none,lr,1e-05,0.0001,32,5,0.5644,0.6284,0.6359,0.7442,0.7143,nan,nan,nan,nan,1
early,cage,3,4,resnet,False,none,lr,1e-05,0.0001,32,6,0.4867,0.7650,0.7048,0.8140,0.6214,nan,nan,nan,nan,1
early,cage,3,4,resnet,False,none,lr,1e-05,0.0001,32,7,0.4118,0.6170,0.7878,0.4884,0.7321,nan,nan,nan,nan,1
early,cage,3,4,resnet,False,none,lr,1e-05,0.0001,32,8,0.3275,0.8621,0.8205,0.8140,0.6321,0.9935,0.8337,0.7619,0.5224,1
early,cage,3,4,resnet,False,none,lr,1e-05,0.0001,32,9,0.2495,1.0088,0.9284,0.8140,0.6679,nan,nan,nan,nan,0
early,cage,3,4,resnet,False,none,lr,1e-05,0.0001,32,10,0.1944,1.0499,1.0233,0.8140,0.6321,nan,nan,nan,nan,0
early,cage,3,4,resnet,False,none,lr,1e-05,0.0001,32,11,0.1479,1.1703,1.1166,0.8140,0.6286,nan,nan,nan,nan,0
early,cage,3,4,resnet,False,none,lr,1e-05,0.0001,32,12,0.1134,1.1137,1.0962,0.8372,0.6393,nan,nan,nan,nan,0
early,cage,3,4,resnet,False,none,lr,1e-05,0.0001,32,13,0.0890,1.5329,1.3691,0.8140,0.5893,nan,nan,nan,nan,0
early,cage,3,4,resnet,False,none,lr,1e-05,0.0001,32,14,0.0644,1.1017,1.1768,0.7674,0.6107,nan,nan,nan,nan,0
early,cage,3,4,resnet,False,none,lr,1e-05,0.0001,32,15,0.0557,1.2801,1.2871,0.7907,0.5821,nan,nan,nan,nan,0
early,cage,3,4,resnet,False,none,lr,1e-05,0.0001,32,16,0.0487,1.6356,1.4252,0.7907,0.6071,nan,nan,nan,nan,0
early,cage,3,5,resnet,False,none,lr,1e-05,0.0001,32,1,0.7084,0.7252,0.6940,0.6750,0.3405,nan,nan,nan,nan,0
early,cage,3,5,resnet,False,none,lr,1e-05,0.0001,32,2,0.6791,0.6970,0.6624,0.7000,0.5591,nan,nan,nan,nan,0
early,cage,3,5,resnet,False,none,lr,1e-05,0.0001,32,3,0.6435,0.7200,0.6938,0.5750,0.4659,nan,nan,nan,nan,0
early,cage,3,5,resnet,False,none,lr,1e-05,0.0001,32,4,0.6176,0.7444,0.7112,0.5750,0.4731,nan,nan,nan,nan,0
early,cage,3,5,resnet,False,none,lr,1e-05,0.0001,32,5,0.5624,0.7957,0.6948,0.7000,0.5018,nan,nan,nan,nan,1
early,cage,3,5,resnet,False,none,lr,1e-05,0.0001,32,6,0.5023,0.7922,0.7703,0.5000,0.5090,0.7740,0.7785,0.6429,0.5347,1
early,cage,3,5,resnet,False,none,lr,1e-05,0.0001,32,7,0.4270,1.0206,0.8151,0.7500,0.4875,nan,nan,nan,nan,0
early,cage,3,5,resnet,False,none,lr,1e-05,0.0001,32,8,0.3418,1.1706,0.9206,0.8000,0.4839,nan,nan,nan,nan,0
early,cage,3,5,resnet,False,none,lr,1e-05,0.0001,32,9,0.2749,1.2715,1.0372,0.7750,0.4803,nan,nan,nan,nan,0
early,cage,3,5,resnet,False,none,lr,1e-05,0.0001,32,10,0.2311,1.5180,1.1324,0.7250,0.4839,nan,nan,nan,nan,0
early,cage,3,5,resnet,False,none,lr,1e-05,0.0001,32,11,0.1801,1.4408,1.1609,0.7250,0.4875,nan,nan,nan,nan,0
early,cage,3,5,resnet,False,none,lr,1e-05,0.0001,32,12,0.1433,1.8243,1.3282,0.8000,0.4659,nan,nan,nan,nan,0
early,cage,3,5,resnet,False,none,lr,1e-05,0.0001,32,13,0.1165,1.5996,1.3096,0.7250,0.4659,nan,nan,nan,nan,0
early,cage,3,5,resnet,False,none,lr,1e-05,0.0001,32,14,0.0860,1.5677,1.3691,0.7250,0.4588,nan,nan,nan,nan,0
early,cage,3,5,resnet,False,none,lr,1e-05,0.0001,32,15,0.0712,2.0048,1.5199,0.7250,0.4373,nan,nan,nan,nan,0
early,cage,3,5,resnet,False,none,lr,1e-05,0.0001,32,16,0.0539,2.0869,1.5936,0.7000,0.4409,nan,nan,nan,nan,0
early,cage,3,6,resnet,False,none,lr,1e-05,0.0001,32,1,0.7207,0.6953,0.6775,0.8049,0.4476,nan,nan,nan,nan,0
early,cage,3,6,resnet,False,none,lr,1e-05,0.0001,32,2,0.6814,0.6875,0.6797,0.7073,0.6000,nan,nan,nan,nan,0
early,cage,3,6,resnet,False,none,lr,1e-05,0.0001,32,3,0.6542,0.7257,0.7035,0.6098,0.4762,nan,nan,nan,nan,0
early,cage,3,6,resnet,False,none,lr,1e-05,0.0001,32,4,0.6137,0.7427,0.6929,0.7805,0.4286,nan,nan,nan,nan,0
early,cage,3,6,resnet,False,none,lr,1e-05,0.0001,32,5,0.5732,0.8058,0.7334,0.7805,0.5476,nan,nan,nan,nan,1
early,cage,3,6,resnet,False,none,lr,1e-05,0.0001,32,6,0.5171,0.8685,0.7693,0.7561,0.5000,0.8469,0.7431,0.7381,0.4000,1
early,cage,3,6,resnet,False,none,lr,1e-05,0.0001,32,7,0.4348,1.1282,0.8984,0.8537,0.4190,nan,nan,nan,nan,0
early,cage,3,6,resnet,False,none,lr,1e-05,0.0001,32,8,0.3477,0.9086,0.8152,0.8049,0.5238,nan,nan,nan,nan,0
early,cage,3,6,resnet,False,none,lr,1e-05,0.0001,32,9,0.2830,1.0910,0.9133,0.8293,0.4857,nan,nan,nan,nan,0
early,cage,3,6,resnet,False,none,lr,1e-05,0.0001,32,10,0.2124,0.9498,1.0238,0.6341,0.5286,nan,nan,nan,nan,0
early,cage,3,6,resnet,False,none,lr,1e-05,0.0001,32,11,0.1685,1.6176,1.2218,0.8537,0.5286,nan,nan,nan,nan,0
early,cage,3,6,resnet,False,none,lr,1e-05,0.0001,32,12,0.1372,1.4913,1.2039,0.8293,0.4952,nan,nan,nan,nan,0
early,cage,3,6,resnet,False,none,lr,1e-05,0.0001,32,13,0.1144,1.7203,1.2798,0.8537,0.5095,nan,nan,nan,nan,0
early,cage,3,6,resnet,False,none,lr,1e-05,0.0001,32,14,0.0886,1.4189,1.2128,0.8293,0.5095,nan,nan,nan,nan,0
early,cage,3,6,resnet,False,none,lr,1e-05,0.0001,32,15,0.0551,1.7424,1.3287,0.8537,0.5000,nan,nan,nan,nan,0
early,cage,3,6,resnet,False,none,lr,1e-05,0.0001,32,16,0.0467,1.5638,1.3051,0.8537,0.5048,nan,nan,nan,nan,0
early,cage,3,7,resnet,False,none,lr,1e-05,0.0001,32,1,0.7065,0.7214,0.6495,0.8182,0.3611,nan,nan,nan,nan,0
early,cage,3,7,resnet,False,none,lr,1e-05,0.0001,32,2,0.6757,0.7472,0.7693,0.4091,0.3819,nan,nan,nan,nan,0
early,cage,3,7,resnet,False,none,lr,1e-05,0.0001,32,3,0.6317,0.7852,0.7902,0.4545,0.3403,nan,nan,nan,nan,0
early,cage,3,7,resnet,False,none,lr,1e-05,0.0001,32,4,0.6010,0.8036,0.8014,0.4773,0.3681,nan,nan,nan,nan,0
early,cage,3,7,resnet,False,none,lr,1e-05,0.0001,32,5,0.5659,0.9216,0.7420,0.7500,0.3854,nan,nan,nan,nan,1
early,cage,3,7,resnet,False,none,lr,1e-05,0.0001,32,6,0.5094,0.8984,0.7495,0.7273,0.4306,nan,nan,nan,nan,1
early,cage,3,7,resnet,False,none,lr,1e-05,0.0001,32,7,0.4516,0.8712,0.8743,0.6136,0.3889,nan,nan,nan,nan,0
early,cage,3,7,resnet,False,none,lr,1e-05,0.0001,32,8,0.3674,0.8720,0.8795,0.6364,0.4062,nan,nan,nan,nan,1
early,cage,3,7,resnet,False,none,lr,1e-05,0.0001,32,9,0.3155,1.2018,0.8534,0.8182,0.5174,nan,nan,nan,nan,1
early,cage,3,7,resnet,False,none,lr,1e-05,0.0001,32,10,0.2665,1.2259,0.9139,0.7500,0.4826,nan,nan,nan,nan,1
early,cage,3,7,resnet,False,none,lr,1e-05,0.0001,32,11,0.2135,1.0948,0.9471,0.7273,0.4757,nan,nan,nan,nan,1
early,cage,3,7,resnet,False,none,lr,1e-05,0.0001,32,12,0.1658,1.3519,0.9607,0.7955,0.5451,nan,nan,nan,nan,1
early,cage,3,7,resnet,False,none,lr,1e-05,0.0001,32,13,0.1231,1.4401,1.0426,0.7727,0.5174,nan,nan,nan,nan,1
early,cage,3,7,resnet,False,none,lr,1e-05,0.0001,32,14,0.1116,1.6644,1.0691,0.7955,0.5694,nan,nan,nan,nan,1
early,cage,3,7,resnet,False,none,lr,1e-05,0.0001,32,15,0.0910,1.5368,1.1166,0.7955,0.5139,nan,nan,nan,nan,1
early,cage,3,7,resnet,False,none,lr,1e-05,0.0001,32,16,0.0743,1.3187,1.1568,0.7045,0.5104,nan,nan,nan,nan,1
early,cage,3,7,resnet,False,none,lr,1e-05,0.0001,32,17,0.0601,1.7934,1.2065,0.7955,0.5625,nan,nan,nan,nan,0
early,cage,3,7,resnet,False,none,lr,1e-05,0.0001,32,18,0.0547,1.6234,1.2134,0.7955,0.5347,nan,nan,nan,nan,1
early,cage,3,7,resnet,False,none,lr,1e-05,0.0001,32,19,0.0414,1.7342,1.1899,0.7955,0.5660,nan,nan,nan,nan,0
early,cage,3,7,resnet,False,none,lr,1e-05,0.0001,32,20,0.0393,1.9803,1.3247,0.8182,0.4965,nan,nan,nan,nan,0
early,cage,3,7,resnet,False,none,lr,1e-05,0.0001,32,21,0.0399,2.0674,1.3789,0.8182,0.5521,nan,nan,nan,nan,0
early,cage,3,7,resnet,False,none,lr,1e-05,0.0001,32,22,0.0268,1.4009,1.1417,0.7955,0.5729,0.9566,1.0811,0.7857,0.7224,1
early,cage,3,7,resnet,False,none,lr,1e-05,0.0001,32,23,0.0233,2.0434,1.3937,0.7955,0.5451,nan,nan,nan,nan,0
early,cage,3,7,resnet,False,none,lr,1e-05,0.0001,32,24,0.0272,1.6344,1.3771,0.7727,0.5104,nan,nan,nan,nan,0
early,cage,3,7,resnet,False,none,lr,1e-05,0.0001,32,25,0.0276,1.6680,1.3186,0.7727,0.5590,nan,nan,nan,nan,0
early,cage,3,7,resnet,False,none,lr,1e-05,0.0001,32,26,0.0205,1.9458,1.4524,0.8182,0.5451,nan,nan,nan,nan,0
early,cage,3,7,resnet,False,none,lr,1e-05,0.0001,32,27,0.0241,2.2638,1.5384,0.7955,0.5069,nan,nan,nan,nan,0
early,cage,3,8,resnet,False,none,lr,1e-05,0.0001,32,1,0.7268,0.6994,0.7146,0.3191,0.4199,nan,nan,nan,nan,0
early,cage,3,8,resnet,False,none,lr,1e-05,0.0001,32,2,0.6806,0.7030,0.6789,0.6383,0.4647,nan,nan,nan,nan,0
early,cage,3,8,resnet,False,none,lr,1e-05,0.0001,32,3,0.6464,0.7099,0.6469,0.6809,0.5256,nan,nan,nan,nan,0
early,cage,3,8,resnet,False,none,lr,1e-05,0.0001,32,4,0.6196,0.7302,0.6664,0.6809,0.5064,nan,nan,nan,nan,0
early,cage,3,8,resnet,False,none,lr,1e-05,0.0001,32,5,0.5602,0.8843,0.6240,0.8298,0.5128,nan,nan,nan,nan,1
early,cage,3,8,resnet,False,none,lr,1e-05,0.0001,32,6,0.4880,0.8017,0.6740,0.7660,0.4872,nan,nan,nan,nan,1
early,cage,3,8,resnet,False,none,lr,1e-05,0.0001,32,7,0.4191,0.7647,0.8357,0.6596,0.5353,nan,nan,nan,nan,1
early,cage,3,8,resnet,False,none,lr,1e-05,0.0001,32,8,0.3371,0.8114,0.7690,0.7447,0.5353,nan,nan,nan,nan,0
early,cage,3,8,resnet,False,none,lr,1e-05,0.0001,32,9,0.2643,1.1224,0.8959,0.7660,0.4712,nan,nan,nan,nan,0
early,cage,3,8,resnet,False,none,lr,1e-05,0.0001,32,10,0.2107,2.0678,1.1094,0.8298,0.4551,nan,nan,nan,nan,0
early,cage,3,8,resnet,False,none,lr,1e-05,0.0001,32,11,0.1712,1.4632,0.9496,0.8298,0.5128,nan,nan,nan,nan,0
early,cage,3,8,resnet,False,none,lr,1e-05,0.0001,32,12,0.1239,1.4057,0.9746,0.8298,0.5353,nan,nan,nan,nan,0
early,cage,3,8,resnet,False,none,lr,1e-05,0.0001,32,13,0.0844,1.5771,1.0291,0.8298,0.5385,nan,nan,nan,nan,0
early,cage,3,8,resnet,False,none,lr,1e-05,0.0001,32,14,0.0802,1.4931,1.0829,0.7872,0.5513,nan,nan,nan,nan,1
early,cage,3,8,resnet,False,none,lr,1e-05,0.0001,32,15,0.0584,1.6745,1.1298,0.8298,0.5801,nan,nan,nan,nan,1
early,cage,3,8,resnet,False,none,lr,1e-05,0.0001,32,16,0.0466,1.9549,1.2451,0.8298,0.5641,1.7297,1.2525,0.8333,0.5673,1
early,cage,3,8,resnet,False,none,lr,1e-05,0.0001,32,17,0.0393,1.7677,1.2338,0.8085,0.5449,nan,nan,nan,nan,0
early,cage,3,8,resnet,False,none,lr,1e-05,0.0001,32,18,0.0370,2.0860,1.3179,0.8298,0.5417,nan,nan,nan,nan,0
early,cage,3,8,resnet,False,none,lr,1e-05,0.0001,32,19,0.0382,1.7707,1.2732,0.8298,0.5545,nan,nan,nan,nan,0
early,cage,3,8,resnet,False,none,lr,1e-05,0.0001,32,20,0.0232,1.9256,1.2934,0.8085,0.5545,nan,nan,nan,nan,0
early,cage,3,8,resnet,False,none,lr,1e-05,0.0001,32,21,0.0281,2.3272,1.4102,0.8085,0.5769,nan,nan,nan,nan,0
early,cage,3,9,resnet,False,none,lr,1e-05,0.0001,32,1,0.7147,0.7202,0.6626,0.7381,0.4983,nan,nan,nan,nan,0
early,cage,3,9,resnet,False,none,lr,1e-05,0.0001,32,2,0.6816,0.6626,0.6884,0.5476,0.7340,nan,nan,nan,nan,0
early,cage,3,9,resnet,False,none,lr,1e-05,0.0001,32,3,0.6552,0.6722,0.6774,0.7143,0.6330,nan,nan,nan,nan,0
early,cage,3,9,resnet,False,none,lr,1e-05,0.0001,32,4,0.6139,0.6448,0.7423,0.5476,0.6667,nan,nan,nan,nan,0
early,cage,3,9,resnet,False,none,lr,1e-05,0.0001,32,5,0.5424,0.7709,0.7639,0.7619,0.5690,0.7426,0.6882,0.7381,0.5429,1
early,cage,3,9,resnet,False,none,lr,1e-05,0.0001,32,6,0.4557,0.9369,0.8750,0.7143,0.4848,nan,nan,nan,nan,0
early,cage,3,9,resnet,False,none,lr,1e-05,0.0001,32,7,0.3716,1.3007,0.9480,0.7857,0.5152,nan,nan,nan,nan,0
early,cage,3,9,resnet,False,none,lr,1e-05,0.0001,32,8,0.2920,1.2336,1.0793,0.7143,0.5758,nan,nan,nan,nan,0
early,cage,3,9,resnet,False,none,lr,1e-05,0.0001,32,9,0.2240,1.5354,1.2200,0.7143,0.5017,nan,nan,nan,nan,0
early,cage,3,9,resnet,False,none,lr,1e-05,0.0001,32,10,0.1663,1.7369,1.2931,0.7619,0.4646,nan,nan,nan,nan,0
early,cage,3,9,resnet,False,none,lr,1e-05,0.0001,32,11,0.1277,1.7994,1.4068,0.7381,0.5354,nan,nan,nan,nan,0
early,cage,3,9,resnet,False,none,lr,1e-05,0.0001,32,12,0.0940,2.2914,1.5791,0.7619,0.4545,nan,nan,nan,nan,0
early,cage,3,9,resnet,False,none,lr,1e-05,0.0001,32,13,0.0698,1.9744,1.5226,0.7143,0.4411,nan,nan,nan,nan,0
early,cage,3,9,resnet,False,none,lr,1e-05,0.0001,32,14,0.0518,2.0316,1.4671,0.7619,0.4714,nan,nan,nan,nan,0
early,cage,3,9,resnet,False,none,lr,1e-05,0.0001,32,15,0.0487,1.9254,1.5475,0.7619,0.4714,nan,nan,nan,nan,0
early,cage,3,9,resnet,False,none,lr,1e-05,0.0001,32,16,0.0331,2.0945,1.6310,0.7143,0.5118,nan,nan,nan,nan,0
early,cage,4,0,resnet,False,none,lr,1e-05,0.0001,32,1,0.7109,0.6984,0.6623,0.8605,0.4841,nan,nan,nan,nan,0
early,cage,4,0,resnet,False,none,lr,1e-05,0.0001,32,2,0.6877,0.6832,0.7143,0.4186,0.6270,nan,nan,nan,nan,0
early,cage,4,0,resnet,False,none,lr,1e-05,0.0001,32,3,0.6575,0.6679,0.6850,0.6279,0.6508,nan,nan,nan,nan,0
early,cage,4,0,resnet,False,none,lr,1e-05,0.0001,32,4,0.6419,0.6585,0.6893,0.6744,0.6984,nan,nan,nan,nan,0
early,cage,4,0,resnet,False,none,lr,1e-05,0.0001,32,5,0.5968,0.6325,0.6370,0.7907,0.7897,nan,nan,nan,nan,1
early,cage,4,0,resnet,False,none,lr,1e-05,0.0001,32,6,0.5343,0.6167,0.7457,0.4884,0.8373,nan,nan,nan,nan,1
early,cage,4,0,resnet,False,none,lr,1e-05,0.0001,32,7,0.4528,0.6446,0.6025,0.8140,0.7976,nan,nan,nan,nan,1
early,cage,4,0,resnet,False,none,lr,1e-05,0.0001,32,8,0.3772,0.6640,0.7111,0.7907,0.7460,nan,nan,nan,nan,1
early,cage,4,0,resnet,False,none,lr,1e-05,0.0001,32,9,0.2935,0.9139,0.7461,0.8140,0.7341,1.0569,0.9091,0.8372,0.5607,1
early,cage,4,0,resnet,False,none,lr,1e-05,0.0001,32,10,0.2394,0.7761,0.8939,0.8372,0.6786,nan,nan,nan,nan,0
early,cage,4,0,resnet,False,none,lr,1e-05,0.0001,32,11,0.1941,1.0657,0.8653,0.8372,0.6905,nan,nan,nan,nan,0
early,cage,4,0,resnet,False,none,lr,1e-05,0.0001,32,12,0.1406,0.9795,0.9122,0.8372,0.7063,nan,nan,nan,nan,0
early,cage,4,0,resnet,False,none,lr,1e-05,0.0001,32,13,0.1040,1.1811,1.0245,0.8140,0.6746,nan,nan,nan,nan,0
early,cage,4,0,resnet,False,none,lr,1e-05,0.0001,32,14,0.0848,1.1838,1.0235,0.8372,0.6706,nan,nan,nan,nan,0
early,cage,4,0,resnet,False,none,lr,1e-05,0.0001,32,15,0.0661,1.0862,1.0361,0.8372,0.6627,nan,nan,nan,nan,0
early,cage,4,0,resnet,False,none,lr,1e-05,0.0001,32,16,0.0596,1.0696,1.0161,0.8372,0.7421,nan,nan,nan,nan,0
early,cage,4,1,resnet,False,none,lr,1e-05,0.0001,32,1,0.7098,0.6974,0.7554,0.1628,0.6230,nan,nan,nan,nan,0
early,cage,4,1,resnet,False,none,lr,1e-05,0.0001,32,2,0.6883,0.6848,0.6322,0.7907,0.6349,nan,nan,nan,nan,0
early,cage,4,1,resnet,False,none,lr,1e-05,0.0001,32,3,0.6605,0.6537,0.6278,0.8372,0.7262,nan,nan,nan,nan,0
early,cage,4,1,resnet,False,none,lr,1e-05,0.0001,32,4,0.6183,0.6932,0.6110,0.7674,0.6270,nan,nan,nan,nan,0
early,cage,4,1,resnet,False,none,lr,1e-05,0.0001,32,5,0.5676,0.6990,0.5982,0.7907,0.6786,nan,nan,nan,nan,1
early,cage,4,1,resnet,False,none,lr,1e-05,0.0001,32,6,0.4975,0.7198,0.6409,0.7442,0.5952,nan,nan,nan,nan,0
early,cage,4,1,resnet,False,none,lr,1e-05,0.0001,32,7,0.4058,0.6819,0.6565,0.7442,0.6905,nan,nan,nan,nan,1
early,cage,4,1,resnet,False,none,lr,1e-05,0.0001,32,8,0.3358,1.1320,0.7490,0.8372,0.6349,nan,nan,nan,nan,0
early,cage,4,1,resnet,False,none,lr,1e-05,0.0001,32,9,0.2570,0.7202,1.0396,0.5116,0.6786,nan,nan,nan,nan,0
early,cage,4,1,resnet,False,none,lr,1e-05,0.0001,32,10,0.2034,0.8154,0.8021,0.7442,0.6905,nan,nan,nan,nan,0
early,cage,4,1,resnet,False,none,lr,1e-05,0.0001,32,11,0.1579,0.9098,0.8794,0.7209,0.6468,nan,nan,nan,nan,0
early,cage,4,1,resnet,False,none,lr,1e-05,0.0001,32,12,0.1236,1.1885,0.8733,0.7674,0.6627,nan,nan,nan,nan,0
early,cage,4,1,resnet,False,none,lr,1e-05,0.0001,32,13,0.1011,1.1305,0.9140,0.8372,0.7024,1.2086,1.0739,0.8140,0.8071,1
early,cage,4,1,resnet,False,none,lr,1e-05,0.0001,32,14,0.0774,1.3269,1.0405,0.7674,0.6706,nan,nan,nan,nan,0
early,cage,4,1,resnet,False,none,lr,1e-05,0.0001,32,15,0.0706,0.9861,0.9511,0.7907,0.6746,nan,nan,nan,nan,0
early,cage,4,1,resnet,False,none,lr,1e-05,0.0001,32,16,0.0482,1.4377,1.0465,0.8140,0.6786,nan,nan,nan,nan,0
early,cage,4,1,resnet,False,none,lr,1e-05,0.0001,32,17,0.0378,1.3781,1.0518,0.8605,0.6627,nan,nan,nan,nan,0
early,cage,4,1,resnet,False,none,lr,1e-05,0.0001,32,18,0.0307,1.6578,1.1708,0.8372,0.6865,nan,nan,nan,nan,0
early,cage,4,2,resnet,False,none,lr,1e-05,0.0001,32,1,0.7048,0.6894,0.6987,0.4286,0.5625,nan,nan,nan,nan,0
early,cage,4,2,resnet,False,none,lr,1e-05,0.0001,32,2,0.6875,0.7194,0.6443,0.8095,0.5294,nan,nan,nan,nan,0
early,cage,4,2,resnet,False,none,lr,1e-05,0.0001,32,3,0.6613,0.6744,0.6787,0.5714,0.6544,nan,nan,nan,nan,0
early,cage,4,2,resnet,False,none,lr,1e-05,0.0001,32,4,0.6207,0.6702,0.6211,0.7857,0.7647,nan,nan,nan,nan,0
early,cage,4,2,resnet,False,none,lr,1e-05,0.0001,32,5,0.5749,0.6416,0.7363,0.4524,0.7316,nan,nan,nan,nan,1
early,cage,4,2,resnet,False,none,lr,1e-05,0.0001,32,6,0.5002,0.7129,0.7121,0.6667,0.6029,nan,nan,nan,nan,1
early,cage,4,2,resnet,False,none,lr,1e-05,0.0001,32,7,0.4136,0.8533,0.6999,0.8095,0.6618,0.8850,0.8025,0.7907,0.6464,1
early,cage,4,2,resnet,False,none,lr,1e-05,0.0001,32,8,0.3368,0.8851,0.7943,0.7619,0.6287,nan,nan,nan,nan,0
early,cage,4,2,resnet,False,none,lr,1e-05,0.0001,32,9,0.2972,0.7275,0.7934,0.7381,0.7059,nan,nan,nan,nan,0
early,cage,4,2,resnet,False,none,lr,1e-05,0.0001,32,10,0.2195,0.8105,0.9853,0.6905,0.6176,nan,nan,nan,nan,0
early,cage,4,2,resnet,False,none,lr,1e-05,0.0001,32,11,0.1758,0.8341,0.9254,0.7143,0.6691,nan,nan,nan,nan,0
early,cage,4,2,resnet,False,none,lr,1e-05,0.0001,32,12,0.1314,1.4098,1.0103,0.7857,0.6691,nan,nan,nan,nan,0
early,cage,4,2,resnet,False,none,lr,1e-05,0.0001,32,13,0.1075,1.0394,1.0403,0.7143,0.6691,nan,nan,nan,nan,0
early,cage,4,2,resnet,False,none,lr,1e-05,0.0001,32,14,0.0733,1.3005,1.0420,0.7857,0.6985,nan,nan,nan,nan,0
early,cage,4,2,resnet,False,none,lr,1e-05,0.0001,32,15,0.0610,1.6533,1.2489,0.7857,0.6434,nan,nan,nan,nan,0
early,cage,4,2,resnet,False,none,lr,1e-05,0.0001,32,16,0.0555,1.5539,1.2057,0.7857,0.6654,nan,nan,nan,nan,0
early,cage,4,3,resnet,False,none,lr,1e-05,0.0001,32,1,0.7113,0.6948,0.7022,0.4286,0.4531,nan,nan,nan,nan,0
early,cage,4,3,resnet,False,none,lr,1e-05,0.0001,32,2,0.6872,0.7041,0.6699,0.7857,0.4286,nan,nan,nan,nan,0
early,cage,4,3,resnet,False,none,lr,1e-05,0.0001,32,3,0.6623,0.6999,0.6394,0.7857,0.5061,nan,nan,nan,nan,0
early,cage,4,3,resnet,False,none,lr,1e-05,0.0001,32,4,0.6299,0.7108,0.6676,0.7619,0.5020,nan,nan,nan,nan,0
early,cage,4,3,resnet,False,none,lr,1e-05,0.0001,32,5,0.5727,0.7213,0.6914,0.6905,0.5143,nan,nan,nan,nan,1
early,cage,4,3,resnet,False,none,lr,1e-05,0.0001,32,6,0.5217,0.7161,0.8660,0.4524,0.5143,nan,nan,nan,nan,1
early,cage,4,3,resnet,False,none,lr,1e-05,0.0001,32,7,0.4482,0.7665,0.6727,0.7857,0.6898,nan,nan,nan,nan,1
early,cage,4,3,resnet,False,none,lr,1e-05,0.0001,32,8,0.3788,0.8903,0.7268,0.8095,0.6408,nan,nan,nan,nan,1
early,cage,4,3,resnet,False,none,lr,1e-05,0.0001,32,9,0.3206,0.7994,0.7328,0.7857,0.6490,nan,nan,nan,nan,1
early,cage,4,3,resnet,False,none,lr,1e-05,0.0001,32,10,0.2472,0.6575,0.8453,0.7381,0.7143,nan,nan,nan,nan,1
early,cage,4,3,resnet,False,none,lr,1e-05,0.0001,32,11,0.1957,0.9840,0.8621,0.8095,0.6898,1.1789,1.0238,0.8372,0.6143,1
early,cage,4,3,resnet,False,none,lr,1e-05,0.0001,32,12,0.1550,1.2755,0.9238,0.8571,0.6612,nan,nan,nan,nan,0
early,cage,4,3,resnet,False,none,lr,1e-05,0.0001,32,13,0.1098,1.4201,1.0754,0.8333,0.6694,nan,nan,nan,nan,0
early,cage,4,3,resnet,False,none,lr,1e-05,0.0001,32,14,0.1030,1.2495,1.0429,0.8333,0.6571,nan,nan,nan,nan,0
early,cage,4,3,resnet,False,none,lr,1e-05,0.0001,32,15,0.0735,1.6675,1.1532,0.8333,0.6898,nan,nan,nan,nan,0
early,cage,4,3,resnet,False,none,lr,1e-05,0.0001,32,16,0.0578,1.0409,1.0370,0.8095,0.6776,nan,nan,nan,nan,0
early,cage,4,5,resnet,False,none,lr,1e-05,0.0001,32,1,0.7039,0.7022,0.6930,0.6000,0.4444,nan,nan,nan,nan,0
early,cage,4,5,resnet,False,none,lr,1e-05,0.0001,32,2,0.6802,0.7227,0.6973,0.5500,0.4158,nan,nan,nan,nan,0
early,cage,4,5,resnet,False,none,lr,1e-05,0.0001,32,3,0.6431,0.8031,0.6913,0.7750,0.3943,nan,nan,nan,nan,0
early,cage,4,5,resnet,False,none,lr,1e-05,0.0001,32,4,0.5965,0.8173,0.7390,0.6500,0.3226,nan,nan,nan,nan,0
early,cage,4,5,resnet,False,none,lr,1e-05,0.0001,32,5,0.5235,0.9661,0.7680,0.7750,0.3978,0.7564,0.6741,0.8140,0.6321,1
early,cage,4,5,resnet,False,none,lr,1e-05,0.0001,32,6,0.4439,0.9211,0.8604,0.5500,0.3082,nan,nan,nan,nan,0
early,cage,4,5,resnet,False,none,lr,1e-05,0.0001,32,7,0.3561,1.2061,0.9594,0.6750,0.2652,nan,nan,nan,nan,0
early,cage,4,5,resnet,False,none,lr,1e-05,0.0001,32,8,0.2842,1.4392,1.0537,0.7500,0.4014,nan,nan,nan,nan,0
early,cage,4,5,resnet,False,none,lr,1e-05,0.0001,32,9,0.2138,1.4695,1.1137,0.7500,0.3763,nan,nan,nan,nan,0
early,cage,4,5,resnet,False,none,lr,1e-05,0.0001,32,10,0.1603,1.5151,1.1762,0.7500,0.3333,nan,nan,nan,nan,0
early,cage,4,5,resnet,False,none,lr,1e-05,0.0001,32,11,0.1219,2.0071,1.3666,0.7750,0.3799,nan,nan,nan,nan,0
early,cage,4,5,resnet,False,none,lr,1e-05,0.0001,32,12,0.0956,2.1305,1.5202,0.7750,0.3548,nan,nan,nan,nan,0
early,cage,4,5,resnet,False,none,lr,1e-05,0.0001,32,13,0.0704,2.2136,1.5726,0.7750,0.2975,nan,nan,nan,nan,0
early,cage,4,5,resnet,False,none,lr,1e-05,0.0001,32,14,0.0555,2.2221,1.5703,0.7750,0.3369,nan,nan,nan,nan,0
early,cage,4,5,resnet,False,none,lr,1e-05,0.0001,32,15,0.0438,2.6084,1.8025,0.7750,0.3226,nan,nan,nan,nan,0
early,cage,4,5,resnet,False,none,lr,1e-05,0.0001,32,16,0.0401,2.6158,1.7692,0.7750,0.3656,nan,nan,nan,nan,0
early,cage,4,6,resnet,False,none,lr,1e-05,0.0001,32,1,0.7141,0.7062,0.7354,0.1951,0.4857,nan,nan,nan,nan,0
early,cage,4,6,resnet,False,none,lr,1e-05,0.0001,32,2,0.6937,0.7091,0.6500,0.8049,0.4857,nan,nan,nan,nan,0
early,cage,4,6,resnet,False,none,lr,1e-05,0.0001,32,3,0.6579,0.6956,0.7056,0.5854,0.5095,nan,nan,nan,nan,0
early,cage,4,6,resnet,False,none,lr,1e-05,0.0001,32,4,0.6283,0.6891,0.6954,0.5610,0.5810,nan,nan,nan,nan,0
early,cage,4,6,resnet,False,none,lr,1e-05,0.0001,32,5,0.5845,0.6992,0.6745,0.7073,0.5429,nan,nan,nan,nan,1
early,cage,4,6,resnet,False,none,lr,1e-05,0.0001,32,6,0.5123,0.7667,0.9253,0.2683,0.5571,0.6462,0.7906,0.3023,0.8393,1
early,cage,4,6,resnet,False,none,lr,1e-05,0.0001,32,7,0.4305,0.8227,0.7615,0.6829,0.4476,nan,nan,nan,nan,0
early,cage,4,6,resnet,False,none,lr,1e-05,0.0001,32,8,0.3532,0.7470,0.7687,0.7073,0.5333,nan,nan,nan,nan,0
early,cage,4,6,resnet,False,none,lr,1e-05,0.0001,32,9,0.2826,1.5045,1.1270,0.8537,0.4000,nan,nan,nan,nan,0
early,cage,4,6,resnet,False,none,lr,1e-05,0.0001,32,10,0.2132,1.3059,1.0336,0.8537,0.4476,nan,nan,nan,nan,0
early,cage,4,6,resnet,False,none,lr,1e-05,0.0001,32,11,0.1705,0.9862,1.0778,0.7073,0.4952,nan,nan,nan,nan,0
early,cage,4,6,resnet,False,none,lr,1e-05,0.0001,32,12,0.1262,1.4971,1.1574,0.8537,0.4714,nan,nan,nan,nan,0
early,cage,4,6,resnet,False,none,lr,1e-05,0.0001,32,13,0.0942,1.2557,1.1959,0.8293,0.5048,nan,nan,nan,nan,0
early,cage,4,6,resnet,False,none,lr,1e-05,0.0001,32,14,0.0731,1.3994,1.2608,0.8049,0.4429,nan,nan,nan,nan,0
early,cage,4,6,resnet,False,none,lr,1e-05,0.0001,32,15,0.0622,1.8953,1.5206,0.8293,0.3762,nan,nan,nan,nan,0
early,cage,4,6,resnet,False,none,lr,1e-05,0.0001,32,16,0.0476,1.8512,1.4885,0.8537,0.3952,nan,nan,nan,nan,0
early,cage,4,7,resnet,False,none,lr,1e-05,0.0001,32,1,0.7155,0.7078,0.7564,0.1591,0.4132,nan,nan,nan,nan,0
early,cage,4,7,resnet,False,none,lr,1e-05,0.0001,32,2,0.6860,0.7281,0.6600,0.8182,0.4236,nan,nan,nan,nan,0
early,cage,4,7,resnet,False,none,lr,1e-05,0.0001,32,3,0.6507,0.7649,0.7308,0.5227,0.3819,nan,nan,nan,nan,0
early,cage,4,7,resnet,False,none,lr,1e-05,0.0001,32,4,0.6106,0.7810,0.7661,0.5227,0.3993,nan,nan,nan,nan,0
early,cage,4,7,resnet,False,none,lr,1e-05,0.0001,32,5,0.5680,0.8327,0.7622,0.5909,0.3958,nan,nan,nan,nan,1
early,cage,4,7,resnet,False,none,lr,1e-05,0.0001,32,6,0.5044,0.8363,0.7802,0.6818,0.4097,nan,nan,nan,nan,0
early,cage,4,7,resnet,False,none,lr,1e-05,0.0001,32,7,0.4385,0.7242,0.7979,0.6591,0.5521,nan,nan,nan,nan,1
early,cage,4,7,resnet,False,none,lr,1e-05,0.0001,32,8,0.3722,0.9275,0.7728,0.7955,0.5312,nan,nan,nan,nan,1
early,cage,4,7,resnet,False,none,lr,1e-05,0.0001,32,9,0.2912,0.8815,0.9091,0.6364,0.5382,nan,nan,nan,nan,1
early,cage,4,7,resnet,False,none,lr,1e-05,0.0001,32,10,0.2325,1.1060,0.8435,0.7727,0.5521,nan,nan,nan,nan,1
early,cage,4,7,resnet,False,none,lr,1e-05,0.0001,32,11,0.1791,0.9921,0.9326,0.8182,0.5347,nan,nan,nan,nan,1
early,cage,4,7,resnet,False,none,lr,1e-05,0.0001,32,12,0.1318,1.6049,1.0120,0.7955,0.6007,nan,nan,nan,nan,1
early,cage,4,7,resnet,False,none,lr,1e-05,0.0001,32,13,0.1112,1.3803,0.9749,0.7955,0.5764,nan,nan,nan,nan,1
early,cage,4,7,resnet,False,none,lr,1e-05,0.0001,32,14,0.0807,1.6555,1.1457,0.7727,0.5764,nan,nan,nan,nan,1
early,cage,4,7,resnet,False,none,lr,1e-05,0.0001,32,15,0.0729,1.7890,1.1425,0.7727,0.6319,nan,nan,nan,nan,1
early,cage,4,7,resnet,False,none,lr,1e-05,0.0001,32,16,0.0481,1.9116,1.2485,0.7727,0.5660,1.4345,1.2501,0.8140,0.7607,1
early,cage,4,7,resnet,False,none,lr,1e-05,0.0001,32,17,0.0419,1.8633,1.2796,0.7955,0.5243,nan,nan,nan,nan,0
early,cage,4,7,resnet,False,none,lr,1e-05,0.0001,32,18,0.0459,1.9385,1.2526,0.7727,0.5556,nan,nan,nan,nan,0
early,cage,4,7,resnet,False,none,lr,1e-05,0.0001,32,19,0.0277,1.9666,1.3378,0.7955,0.5486,nan,nan,nan,nan,0
early,cage,4,7,resnet,False,none,lr,1e-05,0.0001,32,20,0.0263,2.1737,1.3633,0.8182,0.5625,nan,nan,nan,nan,0
early,cage,4,7,resnet,False,none,lr,1e-05,0.0001,32,21,0.0229,2.1553,1.3919,0.7955,0.5590,nan,nan,nan,nan,0
early,cage,4,8,resnet,False,none,lr,1e-05,0.0001,32,1,0.7064,0.6969,0.6820,0.5745,0.4776,nan,nan,nan,nan,0
early,cage,4,8,resnet,False,none,lr,1e-05,0.0001,32,2,0.6845,0.7201,0.6759,0.7447,0.3301,nan,nan,nan,nan,0
early,cage,4,8,resnet,False,none,lr,1e-05,0.0001,32,3,0.6446,0.7098,0.7128,0.4681,0.4744,nan,nan,nan,nan,0
early,cage,4,8,resnet,False,none,lr,1e-05,0.0001,32,4,0.6136,0.7027,0.7139,0.5745,0.5705,nan,nan,nan,nan,0
early,cage,4,8,resnet,False,none,lr,1e-05,0.0001,32,5,0.5577,0.7219,0.7568,0.5957,0.5321,nan,nan,nan,nan,1
early,cage,4,8,resnet,False,none,lr,1e-05,0.0001,32,6,0.4848,0.8714,0.6588,0.8085,0.5385,nan,nan,nan,nan,1
early,cage,4,8,resnet,False,none,lr,1e-05,0.0001,32,7,0.4153,1.2193,0.7693,0.8298,0.4936,nan,nan,nan,nan,1
early,cage,4,8,resnet,False,none,lr,1e-05,0.0001,32,8,0.3382,0.8374,0.8930,0.7234,0.5160,0.6547,0.8256,0.7209,0.7143,1
early,cage,4,8,resnet,False,none,lr,1e-05,0.0001,32,9,0.2733,1.0717,0.8567,0.7660,0.5224,nan,nan,nan,nan,0
early,cage,4,8,resnet,False,none,lr,1e-05,0.0001,32,10,0.2035,1.4078,0.8982,0.8298,0.5385,nan,nan,nan,nan,0
early,cage,4,8,resnet,False,none,lr,1e-05,0.0001,32,11,0.1743,1.1440,1.0210,0.7447,0.5321,nan,nan,nan,nan,0
early,cage,4,8,resnet,False,none,lr,1e-05,0.0001,32,12,0.1466,1.5181,1.0166,0.8298,0.5224,nan,nan,nan,nan,0
early,cage,4,8,resnet,False,none,lr,1e-05,0.0001,32,13,0.1005,1.8344,1.1333,0.8298,0.4936,nan,nan,nan,nan,0
early,cage,4,8,resnet,False,none,lr,1e-05,0.0001,32,14,0.0870,1.6824,1.1105,0.8085,0.5321,nan,nan,nan,nan,0
early,cage,4,8,resnet,False,none,lr,1e-05,0.0001,32,15,0.0658,1.7711,1.1588,0.8298,0.5353,nan,nan,nan,nan,0
early,cage,4,8,resnet,False,none,lr,1e-05,0.0001,32,16,0.0465,2.3352,1.3153,0.8298,0.5449,nan,nan,nan,nan,0
early,cage,4,9,resnet,False,none,lr,1e-05,0.0001,32,1,0.7203,0.7031,0.6849,0.7143,0.4781,nan,nan,nan,nan,0
early,cage,4,9,resnet,False,none,lr,1e-05,0.0001,32,2,0.6779,0.6864,0.6847,0.6905,0.6465,nan,nan,nan,nan,0
early,cage,4,9,resnet,False,none,lr,1e-05,0.0001,32,3,0.6495,0.7293,0.7141,0.7143,0.4949,nan,nan,nan,nan,0
early,cage,4,9,resnet,False,none,lr,1e-05,0.0001,32,4,0.6025,0.8335,0.6806,0.7381,0.6128,nan,nan,nan,nan,0
early,cage,4,9,resnet,False,none,lr,1e-05,0.0001,32,5,0.5334,0.8475,0.7718,0.7143,0.5421,nan,nan,nan,nan,1
early,cage,4,9,resnet,False,none,lr,1e-05,0.0001,32,6,0.4559,0.9937,0.8611,0.6905,0.5017,nan,nan,nan,nan,0
early,cage,4,9,resnet,False,none,lr,1e-05,0.0001,32,7,0.3633,0.8514,0.9096,0.6667,0.6263,nan,nan,nan,nan,0
early,cage,4,9,resnet,False,none,lr,1e-05,0.0001,32,8,0.2952,0.7771,0.9343,0.6667,0.6700,nan,nan,nan,nan,1
early,cage,4,9,resnet,False,none,lr,1e-05,0.0001,32,9,0.2281,1.1599,1.0375,0.6667,0.6768,nan,nan,nan,nan,1
early,cage,4,9,resnet,False,none,lr,1e-05,0.0001,32,10,0.1675,1.6005,1.1381,0.7619,0.6667,nan,nan,nan,nan,1
early,cage,4,9,resnet,False,none,lr,1e-05,0.0001,32,11,0.1351,1.0633,1.0911,0.7143,0.6970,nan,nan,nan,nan,1
early,cage,4,9,resnet,False,none,lr,1e-05,0.0001,32,12,0.0984,1.6508,1.2507,0.7381,0.7138,1.7016,1.4101,0.7907,0.6179,1
early,cage,4,9,resnet,False,none,lr,1e-05,0.0001,32,13,0.0989,1.5503,1.3226,0.6667,0.6700,nan,nan,nan,nan,0
early,cage,4,9,resnet,False,none,lr,1e-05,0.0001,32,14,0.0580,1.0087,1.3308,0.6905,0.6566,nan,nan,nan,nan,0
early,cage,4,9,resnet,False,none,lr,1e-05,0.0001,32,15,0.0473,1.6050,1.5809,0.6905,0.6128,nan,nan,nan,nan,0
early,cage,4,9,resnet,False,none,lr,1e-05,0.0001,32,16,0.0341,1.9700,1.4305,0.7143,0.6532,nan,nan,nan,nan,0
early,cage,4,9,resnet,False,none,lr,1e-05,0.0001,32,17,0.0392,2.8055,1.7171,0.7857,0.6195,nan,nan,nan,nan,0
early,cage,5,0,resnet,False,none,lr,1e-05,0.0001,32,1,0.7084,0.6973,0.6903,0.6744,0.4802,nan,nan,nan,nan,0
early,cage,5,0,resnet,False,none,lr,1e-05,0.0001,32,2,0.6767,0.6883,0.6512,0.8140,0.5714,nan,nan,nan,nan,0
early,cage,5,0,resnet,False,none,lr,1e-05,0.0001,32,3,0.6497,0.6789,0.6152,0.7674,0.6310,nan,nan,nan,nan,0
early,cage,5,0,resnet,False,none,lr,1e-05,0.0001,32,4,0.5911,0.6731,0.6606,0.7442,0.6071,nan,nan,nan,nan,0
early,cage,5,0,resnet,False,none,lr,1e-05,0.0001,32,5,0.5350,0.6536,0.6332,0.7442,0.7103,nan,nan,nan,nan,1
early,cage,5,0,resnet,False,none,lr,1e-05,0.0001,32,6,0.4615,0.7693,0.6339,0.8140,0.6587,nan,nan,nan,nan,1
early,cage,5,0,resnet,False,none,lr,1e-05,0.0001,32,7,0.3691,0.6469,0.7555,0.6744,0.6944,nan,nan,nan,nan,1
early,cage,5,0,resnet,False,none,lr,1e-05,0.0001,32,8,0.2969,0.7948,0.7962,0.8140,0.6190,nan,nan,nan,nan,0
early,cage,5,0,resnet,False,none,lr,1e-05,0.0001,32,9,0.2340,0.9935,0.8856,0.8372,0.6230,nan,nan,nan,nan,0
early,cage,5,0,resnet,False,none,lr,1e-05,0.0001,32,10,0.1786,1.4843,1.0644,0.8140,0.5873,nan,nan,nan,nan,0
early,cage,5,0,resnet,False,none,lr,1e-05,0.0001,32,11,0.1324,1.0221,0.9376,0.8372,0.6389,nan,nan,nan,nan,0
early,cage,5,0,resnet,False,none,lr,1e-05,0.0001,32,12,0.1088,1.1633,0.9941,0.8140,0.6786,nan,nan,nan,nan,0
early,cage,5,0,resnet,False,none,lr,1e-05,0.0001,32,13,0.0733,1.2060,1.0525,0.7907,0.7024,nan,nan,nan,nan,0
early,cage,5,0,resnet,False,none,lr,1e-05,0.0001,32,14,0.0689,2.0452,1.4031,0.8372,0.6587,nan,nan,nan,nan,0
early,cage,5,0,resnet,False,none,lr,1e-05,0.0001,32,15,0.0538,1.1935,1.1292,0.8140,0.7262,nan,nan,nan,nan,1
early,cage,5,0,resnet,False,none,lr,1e-05,0.0001,32,16,0.0445,1.4909,1.2561,0.7907,0.6587,nan,nan,nan,nan,0
early,cage,5,0,resnet,False,none,lr,1e-05,0.0001,32,17,0.0314,1.5338,1.2599,0.8140,0.6865,2.4193,1.6951,0.7750,0.4588,1
early,cage,5,0,resnet,False,none,lr,1e-05,0.0001,32,18,0.0372,1.8442,1.4529,0.8140,0.6389,nan,nan,nan,nan,0
early,cage,5,0,resnet,False,none,lr,1e-05,0.0001,32,19,0.0248,1.7971,1.4501,0.8140,0.5992,nan,nan,nan,nan,0
early,cage,5,0,resnet,False,none,lr,1e-05,0.0001,32,20,0.0240,2.2520,1.6078,0.8372,0.6349,nan,nan,nan,nan,0
early,cage,5,0,resnet,False,none,lr,1e-05,0.0001,32,21,0.0142,1.7156,1.4448,0.8140,0.6190,nan,nan,nan,nan,0
early,cage,5,0,resnet,False,none,lr,1e-05,0.0001,32,22,0.0136,2.5379,1.7807,0.8372,0.6151,nan,nan,nan,nan,0
early,cage,5,1,resnet,False,none,lr,1e-05,0.0001,32,1,0.7165,0.6894,0.6854,0.6512,0.5952,nan,nan,nan,nan,0
early,cage,5,1,resnet,False,none,lr,1e-05,0.0001,32,2,0.6837,0.6725,0.6589,0.7442,0.6746,nan,nan,nan,nan,0
early,cage,5,1,resnet,False,none,lr,1e-05,0.0001,32,3,0.6554,0.6692,0.6337,0.7442,0.6905,nan,nan,nan,nan,0
early,cage,5,1,resnet,False,none,lr,1e-05,0.0001,32,4,0.6237,0.6625,0.7242,0.5814,0.6905,nan,nan,nan,nan,0
early,cage,5,1,resnet,False,none,lr,1e-05,0.0001,32,5,0.5679,0.6305,0.6580,0.6744,0.7063,nan,nan,nan,nan,1
early,cage,5,1,resnet,False,none,lr,1e-05,0.0001,32,6,0.5199,0.7490,0.6250,0.7907,0.6349,0.9952,0.7946,0.7750,0.4122,1
early,cage,5,1,resnet,False,none,lr,1e-05,0.0001,32,7,0.4273,0.7432,0.6250,0.7907,0.6468,nan,nan,nan,nan,0
early,cage,5,1,resnet,False,none,lr,1e-05,0.0001,32,8,0.3485,0.7130,0.7172,0.7674,0.6270,nan,nan,nan,nan,0
early,cage,5,1,resnet,False,none,lr,1e-05,0.0001,32,9,0.2914,0.8178,0.7094,0.7907,0.6230,nan,nan,nan,nan,0
early,cage,5,1,resnet,False,none,lr,1e-05,0.0001,32,10,0.2150,0.9674,0.8664,0.7442,0.5556,nan,nan,nan,nan,0
early,cage,5,1,resnet,False,none,lr,1e-05,0.0001,32,11,0.1703,0.9569,0.8684,0.7674,0.5714,nan,nan,nan,nan,0
early,cage,5,1,resnet,False,none,lr,1e-05,0.0001,32,12,0.1357,1.5996,1.0370,0.8372,0.5675,nan,nan,nan,nan,0
early,cage,5,1,resnet,False,none,lr,1e-05,0.0001,32,13,0.0932,0.9021,0.9559,0.7442,0.5913,nan,nan,nan,nan,0
early,cage,5,1,resnet,False,none,lr,1e-05,0.0001,32,14,0.0776,1.1194,0.9704,0.8140,0.5913,nan,nan,nan,nan,0
early,cage,5,1,resnet,False,none,lr,1e-05,0.0001,32,15,0.0733,1.8149,1.1897,0.8372,0.5595,nan,nan,nan,nan,0
early,cage,5,1,resnet,False,none,lr,1e-05,0.0001,32,16,0.0537,1.2794,1.0195,0.8140,0.5833,nan,nan,nan,nan,0
early,cage,5,2,resnet,False,none,lr,1e-05,0.0001,32,1,0.7190,0.6929,0.6488,0.8095,0.6507,nan,nan,nan,nan,0
early,cage,5,2,resnet,False,none,lr,1e-05,0.0001,32,2,0.6750,0.6925,0.7821,0.1905,0.5441,nan,nan,nan,nan,0
early,cage,5,2,resnet,False,none,lr,1e-05,0.0001,32,3,0.6506,0.6541,0.6473,0.6667,0.6875,nan,nan,nan,nan,0
early,cage,5,2,resnet,False,none,lr,1e-05,0.0001,32,4,0.6101,0.6567,0.6192,0.7619,0.6985,nan,nan,nan,nan,0
early,cage,5,2,resnet,False,none,lr,1e-05,0.0001,32,5,0.5535,0.6163,0.6354,0.6905,0.7794,nan,nan,nan,nan,1
early,cage,5,2,resnet,False,none,lr,1e-05,0.0001,32,6,0.4738,0.6535,0.5883,0.8810,0.8272,nan,nan,nan,nan,1
early,cage,5,2,resnet,False,none,lr,1e-05,0.0001,32,7,0.3961,0.6029,0.6829,0.8095,0.8419,nan,nan,nan,nan,1
early,cage,5,2,resnet,False,none,lr,1e-05,0.0001,32,8,0.3177,0.7570,0.7103,0.8333,0.7647,nan,nan,nan,nan,1
early,cage,5,2,resnet,False,none,lr,1e-05,0.0001,32,9,0.2661,0.6616,0.8905,0.6905,0.7059,nan,nan,nan,nan,0
early,cage,5,2,resnet,False,none,lr,1e-05,0.0001,32,10,0.1957,0.7796,0.8150,0.7381,0.7500,nan,nan,nan,nan,0
early,cage,5,2,resnet,False,none,lr,1e-05,0.0001,32,11,0.1498,0.7454,0.8083,0.8095,0.8051,nan,nan,nan,nan,0
early,cage,5,2,resnet,False,none,lr,1e-05,0.0001,32,12,0.1130,1.5808,1.0590,0.8095,0.7941,nan,nan,nan,nan,0
early,cage,5,2,resnet,False,none,lr,1e-05,0.0001,32,13,0.0862,1.3465,0.9745,0.7857,0.7868,nan,nan,nan,nan,0
early,cage,5,2,resnet,False,none,lr,1e-05,0.0001,32,14,0.0704,0.9576,0.8948,0.8095,0.7831,nan,nan,nan,nan,0
early,cage,5,2,resnet,False,none,lr,1e-05,0.0001,32,15,0.0594,1.0277,0.9404,0.8095,0.8088,2.0642,1.5079,0.8000,0.4588,1
early,cage,5,2,resnet,False,none,lr,1e-05,0.0001,32,16,0.0340,1.1792,0.9953,0.8095,0.7757,nan,nan,nan,nan,0
early,cage,5,2,resnet,False,none,lr,1e-05,0.0001,32,17,0.0328,1.2114,1.0493,0.7857,0.7721,nan,nan,nan,nan,0
early,cage,5,2,resnet,False,none,lr,1e-05,0.0001,32,18,0.0285,1.6871,1.1886,0.7857,0.7904,nan,nan,nan,nan,0
early,cage,5,2,resnet,False,none,lr,1e-05,0.0001,32,19,0.0224,1.6591,1.2261,0.8095,0.8088,nan,nan,nan,nan,0
early,cage,5,2,resnet,False,none,lr,1e-05,0.0001,32,20,0.0286,1.4339,1.1213,0.8095,0.8088,nan,nan,nan,nan,0
early,cage,5,3,resnet,False,none,lr,1e-05,0.0001,32,1,0.7082,0.6957,0.6388,0.8333,0.5184,nan,nan,nan,nan,0
early,cage,5,3,resnet,False,none,lr,1e-05,0.0001,32,2,0.6720,0.6893,0.6502,0.7857,0.5633,nan,nan,nan,nan,0
early,cage,5,3,resnet,False,none,lr,1e-05,0.0001,32,3,0.6441,0.7088,0.6618,0.6667,0.5265,nan,nan,nan,nan,0
early,cage,5,3,resnet,False,none,lr,1e-05,0.0001,32,4,0.5976,0.6598,0.6249,0.8095,0.6571,nan,nan,nan,nan,0
early,cage,5,3,resnet,False,none,lr,1e-05,0.0001,32,5,0.5411,0.6655,0.7172,0.5714,0.6612,nan,nan,nan,nan,1
early,cage,5,3,resnet,False,none,lr,1e-05,0.0001,32,6,0.4598,0.8774,0.6809,0.8095,0.6041,nan,nan,nan,nan,1
early,cage,5,3,resnet,False,none,lr,1e-05,0.0001,32,7,0.3868,0.7049,0.6701,0.7381,0.6939,nan,nan,nan,nan,1
early,cage,5,3,resnet,False,none,lr,1e-05,0.0001,32,8,0.3124,0.8430,0.7491,0.7381,0.6571,nan,nan,nan,nan,1
early,cage,5,3,resnet,False,none,lr,1e-05,0.0001,32,9,0.2418,0.7336,0.8721,0.6905,0.6612,nan,nan,nan,nan,0
early,cage,5,3,resnet,False,none,lr,1e-05,0.0001,32,10,0.1910,0.7476,0.7802,0.8333,0.7347,nan,nan,nan,nan,1
early,cage,5,3,resnet,False,none,lr,1e-05,0.0001,32,11,0.1554,0.8897,0.8074,0.8333,0.7224,nan,nan,nan,nan,1
early,cage,5,3,resnet,False,none,lr,1e-05,0.0001,32,12,0.1112,0.9789,0.9076,0.7381,0.6735,nan,nan,nan,nan,0
early,cage,5,3,resnet,False,none,lr,1e-05,0.0001,32,13,0.0837,1.2442,1.0041,0.8095,0.6980,nan,nan,nan,nan,0
early,cage,5,3,resnet,False,none,lr,1e-05,0.0001,32,14,0.0790,1.2910,1.0160,0.7857,0.6980,2.3373,1.5840,0.7750,0.4158,1
early,cage,5,3,resnet,False,none,lr,1e-05,0.0001,32,15,0.0640,1.3812,1.0951,0.8095,0.6694,nan,nan,nan,nan,0
early,cage,5,3,resnet,False,none,lr,1e-05,0.0001,32,16,0.0438,1.0226,0.9696,0.7619,0.7184,nan,nan,nan,nan,0
early,cage,5,3,resnet,False,none,lr,1e-05,0.0001,32,17,0.0389,1.1861,1.0433,0.7857,0.7020,nan,nan,nan,nan,0
early,cage,5,3,resnet,False,none,lr,1e-05,0.0001,32,18,0.0334,1.1442,1.1213,0.7857,0.6939,nan,nan,nan,nan,0
early,cage,5,3,resnet,False,none,lr,1e-05,0.0001,32,19,0.0273,1.7662,1.2299,0.8095,0.7469,nan,nan,nan,nan,0
early,cage,5,4,resnet,False,none,lr,1e-05,0.0001,32,1,0.7316,0.6820,0.6804,0.7209,0.6536,nan,nan,nan,nan,0
early,cage,5,4,resnet,False,none,lr,1e-05,0.0001,32,2,0.6796,0.6710,0.6461,0.8140,0.7071,nan,nan,nan,nan,0
early,cage,5,4,resnet,False,none,lr,1e-05,0.0001,32,3,0.6467,0.6490,0.6448,0.6512,0.6964,nan,nan,nan,nan,0
early,cage,5,4,resnet,False,none,lr,1e-05,0.0001,32,4,0.6145,0.6566,0.6341,0.7442,0.6679,nan,nan,nan,nan,0
early,cage,5,4,resnet,False,none,lr,1e-05,0.0001,32,5,0.5641,0.7094,0.7015,0.6977,0.6071,0.8793,0.7838,0.6750,0.3477,1
early,cage,5,4,resnet,False,none,lr,1e-05,0.0001,32,6,0.4987,0.9033,0.7569,0.7674,0.5607,nan,nan,nan,nan,0
early,cage,5,4,resnet,False,none,lr,1e-05,0.0001,32,7,0.4112,0.6866,0.8419,0.3721,0.6500,nan,nan,nan,nan,0
early,cage,5,4,resnet,False,none,lr,1e-05,0.0001,32,8,0.3418,0.7724,0.7723,0.7442,0.6250,nan,nan,nan,nan,0
early,cage,5,4,resnet,False,none,lr,1e-05,0.0001,32,9,0.2840,0.7591,0.8063,0.6977,0.6464,nan,nan,nan,nan,0
early,cage,5,4,resnet,False,none,lr,1e-05,0.0001,32,10,0.2219,1.2491,0.9938,0.8140,0.6107,nan,nan,nan,nan,0
early,cage,5,4,resnet,False,none,lr,1e-05,0.0001,32,11,0.1891,1.3137,1.0331,0.8140,0.5857,nan,nan,nan,nan,0
early,cage,5,4,resnet,False,none,lr,1e-05,0.0001,32,12,0.1315,1.6246,1.2320,0.8140,0.6071,nan,nan,nan,nan,0
early,cage,5,4,resnet,False,none,lr,1e-05,0.0001,32,13,0.1178,1.2290,1.1875,0.7907,0.5536,nan,nan,nan,nan,0
early,cage,5,4,resnet,False,none,lr,1e-05,0.0001,32,14,0.1056,1.4131,1.1821,0.7907,0.5857,nan,nan,nan,nan,0
early,cage,5,4,resnet,False,none,lr,1e-05,0.0001,32,15,0.0600,1.8415,1.3910,0.8140,0.6143,nan,nan,nan,nan,0
early,cage,5,4,resnet,False,none,lr,1e-05,0.0001,32,16,0.0520,1.7566,1.3666,0.8140,0.5786,nan,nan,nan,nan,0
early,cage,5,6,resnet,False,none,lr,1e-05,0.0001,32,1,0.7054,0.6967,0.6710,0.7805,0.4333,nan,nan,nan,nan,0
early,cage,5,6,resnet,False,none,lr,1e-05,0.0001,32,2,0.6713,0.7074,0.6553,0.7561,0.4667,nan,nan,nan,nan,0
early,cage,5,6,resnet,False,none,lr,1e-05,0.0001,32,3,0.6412,0.7129,0.6793,0.7073,0.4952,nan,nan,nan,nan,0
early,cage,5,6,resnet,False,none,lr,1e-05,0.0001,32,4,0.5942,0.7441,0.6342,0.7805,0.5333,nan,nan,nan,nan,0
early,cage,5,6,resnet,False,none,lr,1e-05,0.0001,32,5,0.5356,0.7293,0.7059,0.7073,0.5429,nan,nan,nan,nan,1
early,cage,5,6,resnet,False,none,lr,1e-05,0.0001,32,6,0.4583,0.9131,0.7536,0.8293,0.5381,nan,nan,nan,nan,1
early,cage,5,6,resnet,False,none,lr,1e-05,0.0001,32,7,0.3774,0.8064,0.7686,0.7073,0.5048,nan,nan,nan,nan,1
early,cage,5,6,resnet,False,none,lr,1e-05,0.0001,32,8,0.3057,0.7544,0.7895,0.7805,0.6048,nan,nan,nan,nan,1
early,cage,5,6,resnet,False,none,lr,1e-05,0.0001,32,9,0.2478,0.9592,0.8867,0.7805,0.5333,nan,nan,nan,nan,0
early,cage,5,6,resnet,False,none,lr,1e-05,0.0001,32,10,0.1747,0.7634,0.8793,0.7073,0.5952,nan,nan,nan,nan,1
early,cage,5,6,resnet,False,none,lr,1e-05,0.0001,32,11,0.1398,1.0665,0.9843,0.8049,0.5714,nan,nan,nan,nan,1
early,cage,5,6,resnet,False,none,lr,1e-05,0.0001,32,12,0.1085,1.2825,1.0687,0.8537,0.5667,nan,nan,nan,nan,1
early,cage,5,6,resnet,False,none,lr,1e-05,0.0001,32,13,0.0800,1.4906,1.1619,0.8537,0.5667,nan,nan,nan,nan,0
early,cage,5,6,resnet,False,none,lr,1e-05,0.0001,32,14,0.0547,1.3025,1.1132,0.8537,0.5905,nan,nan,nan,nan,0
early,cage,5,6,resnet,False,none,lr,1e-05,0.0001,32,15,0.0540,1.1012,1.0202,0.8537,0.6476,nan,nan,nan,nan,1
early,cage,5,6,resnet,False,none,lr,1e-05,0.0001,32,16,0.0543,1.1647,1.1885,0.7561,0.6048,nan,nan,nan,nan,1
early,cage,5,6,resnet,False,none,lr,1e-05,0.0001,32,17,0.0392,1.8539,1.3634,0.8537,0.6238,nan,nan,nan,nan,1
early,cage,5,6,resnet,False,none,lr,1e-05,0.0001,32,18,0.0328,1.1444,1.0972,0.7805,0.6476,1.7632,1.4301,0.7750,0.5341,1
early,cage,5,6,resnet,False,none,lr,1e-05,0.0001,32,19,0.0396,2.4143,1.6774,0.8537,0.5524,nan,nan,nan,nan,0
early,cage,5,6,resnet,False,none,lr,1e-05,0.0001,32,20,0.0432,1.7106,1.2825,0.8537,0.6333,nan,nan,nan,nan,0
early,cage,5,6,resnet,False,none,lr,1e-05,0.0001,32,21,0.0216,1.8923,1.3843,0.8537,0.6000,nan,nan,nan,nan,0
early,cage,5,6,resnet,False,none,lr,1e-05,0.0001,32,22,0.0200,2.1641,1.5769,0.8537,0.5952,nan,nan,nan,nan,0
early,cage,5,6,resnet,False,none,lr,1e-05,0.0001,32,23,0.0119,1.8900,1.4099,0.8537,0.6381,nan,nan,nan,nan,0
early,cage,5,7,resnet,False,none,lr,1e-05,0.0001,32,1,0.7070,0.7138,0.6866,0.6136,0.4653,nan,nan,nan,nan,0
early,cage,5,7,resnet,False,none,lr,1e-05,0.0001,32,2,0.6705,0.7774,0.7811,0.4318,0.3542,nan,nan,nan,nan,0
early,cage,5,7,resnet,False,none,lr,1e-05,0.0001,32,3,0.6335,0.8285,0.7896,0.5000,0.3507,nan,nan,nan,nan,0
early,cage,5,7,resnet,False,none,lr,1e-05,0.0001,32,4,0.5902,0.8261,0.7946,0.5227,0.3924,nan,nan,nan,nan,0
early,cage,5,7,resnet,False,none,lr,1e-05,0.0001,32,5,0.5397,0.8552,0.8996,0.4545,0.3576,nan,nan,nan,nan,1
early,cage,5,7,resnet,False,none,lr,1e-05,0.0001,32,6,0.4768,0.9619,0.8382,0.6136,0.4167,nan,nan,nan,nan,0
early,cage,5,7,resnet,False,none,lr,1e-05,0.0001,32,7,0.4152,1.2380,0.8808,0.7500,0.4757,nan,nan,nan,nan,1
early,cage,5,7,resnet,False,none,lr,1e-05,0.0001,32,8,0.3452,1.0314,0.8483,0.7273,0.5312,nan,nan,nan,nan,1
early,cage,5,7,resnet,False,none,lr,1e-05,0.0001,32,9,0.2784,0.9651,0.8617,0.7045,0.5347,nan,nan,nan,nan,1
early,cage,5,7,resnet,False,none,lr,1e-05,0.0001,32,10,0.2304,1.6879,1.0587,0.7500,0.5139,nan,nan,nan,nan,1
early,cage,5,7,resnet,False,none,lr,1e-05,0.0001,32,11,0.1875,1.0543,0.9696,0.6591,0.4826,nan,nan,nan,nan,1
early,cage,5,7,resnet,False,none,lr,1e-05,0.0001,32,12,0.1312,1.7496,1.1426,0.7955,0.5208,2.4083,1.5513,0.7250,0.3333,1
early,cage,5,7,resnet,False,none,lr,1e-05,0.0001,32,13,0.1053,2.0238,1.2158,0.7500,0.5208,nan,nan,nan,nan,0
early,cage,5,7,resnet,False,none,lr,1e-05,0.0001,32,14,0.0872,1.7161,1.2045,0.7500,0.5000,nan,nan,nan,nan,0
early,cage,5,7,resnet,False,none,lr,1e-05,0.0001,32,15,0.0689,1.4794,1.2467,0.7045,0.4549,nan,nan,nan,nan,0
early,cage,5,7,resnet,False,none,lr,1e-05,0.0001,32,16,0.0673,1.5786,1.2672,0.7273,0.4826,nan,nan,nan,nan,0
early,cage,5,7,resnet,False,none,lr,1e-05,0.0001,32,17,0.0527,2.0749,1.3559,0.7500,0.5069,nan,nan,nan,nan,0
early,cage,5,8,resnet,False,none,lr,1e-05,0.0001,32,1,0.7022,0.7010,0.6607,0.7021,0.5160,nan,nan,nan,nan,0
early,cage,5,8,resnet,False,none,lr,1e-05,0.0001,32,2,0.6580,0.7171,0.6599,0.7021,0.4615,nan,nan,nan,nan,0
early,cage,5,8,resnet,False,none,lr,1e-05,0.0001,32,3,0.6267,0.7186,0.7226,0.5745,0.5032,nan,nan,nan,nan,0
early,cage,5,8,resnet,False,none,lr,1e-05,0.0001,32,4,0.5661,0.7396,0.6471,0.7021,0.5321,nan,nan,nan,nan,0
early,cage,5,8,resnet,False,none,lr,1e-05,0.0001,32,5,0.4789,0.8047,0.7604,0.7447,0.4936,nan,nan,nan,nan,1
early,cage,5,8,resnet,False,none,lr,1e-05,0.0001,32,6,0.4065,0.7911,0.7365,0.7234,0.5577,nan,nan,nan,nan,1
early,cage,5,8,resnet,False,none,lr,1e-05,0.0001,32,7,0.3107,1.0894,0.8150,0.7660,0.5673,nan,nan,nan,nan,1
early,cage,5,8,resnet,False,none,lr,1e-05,0.0001,32,8,0.2423,1.4012,0.9020,0.8085,0.5513,nan,nan,nan,nan,1
early,cage,5,8,resnet,False,none,lr,1e-05,0.0001,32,9,0.1884,1.3266,0.9205,0.7872,0.5641,nan,nan,nan,nan,1
early,cage,5,8,resnet,False,none,lr,1e-05,0.0001,32,10,0.1425,1.4267,0.9441,0.8085,0.5833,nan,nan,nan,nan,1
early,cage,5,8,resnet,False,none,lr,1e-05,0.0001,32,11,0.1016,1.7223,1.1543,0.8085,0.5096,nan,nan,nan,nan,0
early,cage,5,8,resnet,False,none,lr,1e-05,0.0001,32,12,0.0776,1.8950,1.1694,0.8298,0.5801,nan,nan,nan,nan,0
early,cage,5,8,resnet,False,none,lr,1e-05,0.0001,32,13,0.0754,0.9893,1.2624,0.7234,0.5641,nan,nan,nan,nan,0
early,cage,5,8,resnet,False,none,lr,1e-05,0.0001,32,14,0.0523,2.0571,1.2389,0.8298,0.6026,nan,nan,nan,nan,0
early,cage,5,8,resnet,False,none,lr,1e-05,0.0001,32,15,0.0382,2.0647,1.3021,0.8085,0.5545,nan,nan,nan,nan,0
early,cage,5,8,resnet,False,none,lr,1e-05,0.0001,32,16,0.0305,1.8719,1.2878,0.8085,0.6026,nan,nan,nan,nan,1
early,cage,5,8,resnet,False,none,lr,1e-05,0.0001,32,17,0.0287,2.3231,1.4281,0.8298,0.5962,nan,nan,nan,nan,0
early,cage,5,8,resnet,False,none,lr,1e-05,0.0001,32,18,0.0268,1.7305,1.2590,0.7660,0.5897,1.8980,1.5186,0.7500,0.5233,1
early,cage,5,8,resnet,False,none,lr,1e-05,0.0001,32,19,0.0429,2.3313,1.4356,0.8085,0.5929,nan,nan,nan,nan,0
early,cage,5,8,resnet,False,none,lr,1e-05,0.0001,32,20,0.0254,2.4000,1.4218,0.8085,0.5256,nan,nan,nan,nan,0
early,cage,5,8,resnet,False,none,lr,1e-05,0.0001,32,21,0.0247,1.6713,1.3178,0.7872,0.5833,nan,nan,nan,nan,0
early,cage,5,8,resnet,False,none,lr,1e-05,0.0001,32,22,0.0193,2.1356,1.4019,0.7872,0.5769,nan,nan,nan,nan,0
early,cage,5,8,resnet,False,none,lr,1e-05,0.0001,32,23,0.0165,2.1854,1.4233,0.8085,0.5929,nan,nan,nan,nan,0
early,cage,5,9,resnet,False,none,lr,1e-05,0.0001,32,1,0.7171,0.6890,0.6804,0.6667,0.6330,nan,nan,nan,nan,0
early,cage,5,9,resnet,False,none,lr,1e-05,0.0001,32,2,0.6836,0.7473,0.6530,0.7619,0.4848,nan,nan,nan,nan,0
early,cage,5,9,resnet,False,none,lr,1e-05,0.0001,32,3,0.6442,0.7866,0.6575,0.7143,0.5690,nan,nan,nan,nan,0
early,cage,5,9,resnet,False,none,lr,1e-05,0.0001,32,4,0.5945,0.8643,0.6972,0.7381,0.5152,nan,nan,nan,nan,0
early,cage,5,9,resnet,False,none,lr,1e-05,0.0001,32,5,0.5321,0.7907,0.7271,0.7143,0.5993,0.9150,0.7426,0.7250,0.4194,1
early,cage,5,9,resnet,False,none,lr,1e-05,0.0001,32,6,0.4479,1.2002,0.8958,0.7143,0.5253,nan,nan,nan,nan,0
early,cage,5,9,resnet,False,none,lr,1e-05,0.0001,32,7,0.3847,0.8041,0.9337,0.6667,0.5589,nan,nan,nan,nan,0
early,cage,5,9,resnet,False,none,lr,1e-05,0.0001,32,8,0.3131,0.8274,1.2081,0.5000,0.5118,nan,nan,nan,nan,0
early,cage,5,9,resnet,False,none,lr,1e-05,0.0001,32,9,0.2566,0.9635,1.0425,0.6429,0.5387,nan,nan,nan,nan,0
early,cage,5,9,resnet,False,none,lr,1e-05,0.0001,32,10,0.1988,1.6355,1.1670,0.7381,0.4882,nan,nan,nan,nan,0
early,cage,5,9,resnet,False,none,lr,1e-05,0.0001,32,11,0.1596,1.5639,1.3780,0.7143,0.5017,nan,nan,nan,nan,0
early,cage,5,9,resnet,False,none,lr,1e-05,0.0001,32,12,0.1294,1.4372,1.3429,0.6667,0.5152,nan,nan,nan,nan,0
early,cage,5,9,resnet,False,none,lr,1e-05,0.0001,32,13,0.0888,1.3055,1.2882,0.6429,0.5522,nan,nan,nan,nan,0
early,cage,5,9,resnet,False,none,lr,1e-05,0.0001,32,14,0.0803,2.0027,1.4559,0.7381,0.5556,nan,nan,nan,nan,0
early,cage,5,9,resnet,False,none,lr,1e-05,0.0001,32,15,0.0765,1.6687,1.4823,0.6905,0.5421,nan,nan,nan,nan,0
early,cage,5,9,resnet,False,none,lr,1e-05,0.0001,32,16,0.0517,2.2354,1.7307,0.6667,0.4882,nan,nan,nan,nan,0
early,cage,6,0,resnet,False,none,lr,1e-05,0.0001,32,1,0.7150,0.6898,0.6672,0.7674,0.5635,nan,nan,nan,nan,0
early,cage,6,0,resnet,False,none,lr,1e-05,0.0001,32,2,0.6831,0.6774,0.6617,0.7442,0.5913,nan,nan,nan,nan,0
early,cage,6,0,resnet,False,none,lr,1e-05,0.0001,32,3,0.6551,0.6674,0.6535,0.6977,0.6627,nan,nan,nan,nan,0
early,cage,6,0,resnet,False,none,lr,1e-05,0.0001,32,4,0.6243,0.6592,0.6226,0.7674,0.6548,nan,nan,nan,nan,0
early,cage,6,0,resnet,False,none,lr,1e-05,0.0001,32,5,0.5815,0.6555,0.5739,0.8140,0.7817,nan,nan,nan,nan,1
early,cage,6,0,resnet,False,none,lr,1e-05,0.0001,32,6,0.5277,0.7864,0.6351,0.8372,0.6389,nan,nan,nan,nan,1
early,cage,6,0,resnet,False,none,lr,1e-05,0.0001,32,7,0.4490,0.6490,0.6375,0.7907,0.7183,nan,nan,nan,nan,1
early,cage,6,0,resnet,False,none,lr,1e-05,0.0001,32,8,0.3768,0.7480,0.6759,0.8372,0.7222,nan,nan,nan,nan,1
early,cage,6,0,resnet,False,none,lr,1e-05,0.0001,32,9,0.3027,0.8342,0.7414,0.8372,0.7024,nan,nan,nan,nan,1
early,cage,6,0,resnet,False,none,lr,1e-05,0.0001,32,10,0.2337,0.7173,0.7110,0.8140,0.7976,nan,nan,nan,nan,0
early,cage,6,0,resnet,False,none,lr,1e-05,0.0001,32,11,0.1884,0.9906,0.8655,0.8140,0.7183,nan,nan,nan,nan,1
early,cage,6,0,resnet,False,none,lr,1e-05,0.0001,32,12,0.1500,0.7800,0.8028,0.7907,0.7937,nan,nan,nan,nan,1
early,cage,6,0,resnet,False,none,lr,1e-05,0.0001,32,13,0.1149,0.6349,0.7891,0.8605,0.8492,nan,nan,nan,nan,1
early,cage,6,0,resnet,False,none,lr,1e-05,0.0001,32,14,0.0913,1.6480,1.1469,0.8140,0.7500,nan,nan,nan,nan,1
early,cage,6,0,resnet,False,none,lr,1e-05,0.0001,32,15,0.0687,1.1337,0.9879,0.8140,0.8056,nan,nan,nan,nan,0
early,cage,6,0,resnet,False,none,lr,1e-05,0.0001,32,16,0.0569,0.7983,0.9160,0.7907,0.8214,1.4924,1.2889,0.8537,0.4190,1
early,cage,6,0,resnet,False,none,lr,1e-05,0.0001,32,17,0.0520,2.1757,1.4567,0.8372,0.7421,nan,nan,nan,nan,0
early,cage,6,0,resnet,False,none,lr,1e-05,0.0001,32,18,0.0469,1.6377,1.2115,0.8372,0.7698,nan,nan,nan,nan,0
early,cage,6,0,resnet,False,none,lr,1e-05,0.0001,32,19,0.0267,1.3580,1.1504,0.8140,0.7579,nan,nan,nan,nan,0
early,cage,6,0,resnet,False,none,lr,1e-05,0.0001,32,20,0.0275,0.8066,1.1272,0.8140,0.7659,nan,nan,nan,nan,0
early,cage,6,0,resnet,False,none,lr,1e-05,0.0001,32,21,0.0459,1.2191,1.0872,0.8140,0.8373,nan,nan,nan,nan,0
early,cage,6,1,resnet,False,none,lr,1e-05,0.0001,32,1,0.7135,0.6789,0.6612,0.7907,0.6429,nan,nan,nan,nan,0
early,cage,6,1,resnet,False,none,lr,1e-05,0.0001,32,2,0.6861,0.6616,0.6538,0.6977,0.7063,nan,nan,nan,nan,0
early,cage,6,1,resnet,False,none,lr,1e-05,0.0001,32,3,0.6472,0.6577,0.6605,0.7209,0.6825,nan,nan,nan,nan,0
early,cage,6,1,resnet,False,none,lr,1e-05,0.0001,32,4,0.6161,0.6367,0.5864,0.7442,0.7659,nan,nan,nan,nan,0
early,cage,6,1,resnet,False,none,lr,1e-05,0.0001,32,5,0.5554,0.6480,0.6404,0.6977,0.6825,nan,nan,nan,nan,1
early,cage,6,1,resnet,False,none,lr,1e-05,0.0001,32,6,0.4814,0.5978,0.6931,0.6279,0.7341,nan,nan,nan,nan,1
early,cage,6,1,resnet,False,none,lr,1e-05,0.0001,32,7,0.4039,0.7129,0.6469,0.8372,0.6984,nan,nan,nan,nan,0
early,cage,6,1,resnet,False,none,lr,1e-05,0.0001,32,8,0.3182,0.6161,0.7306,0.7907,0.7262,0.7470,0.7676,0.7561,0.5952,1
early,cage,6,1,resnet,False,none,lr,1e-05,0.0001,32,9,0.2556,0.7636,0.6894,0.8605,0.7262,nan,nan,nan,nan,0
early,cage,6,1,resnet,False,none,lr,1e-05,0.0001,32,10,0.2032,1.1014,0.8677,0.8372,0.6230,nan,nan,nan,nan,0
early,cage,6,1,resnet,False,none,lr,1e-05,0.0001,32,11,0.1504,0.9701,0.8697,0.8372,0.6667,nan,nan,nan,nan,0
early,cage,6,1,resnet,False,none,lr,1e-05,0.0001,32,12,0.1151,1.2102,0.9976,0.8140,0.6270,nan,nan,nan,nan,0
early,cage,6,1,resnet,False,none,lr,1e-05,0.0001,32,13,0.1048,1.1101,0.9986,0.7907,0.6389,nan,nan,nan,nan,0
early,cage,6,1,resnet,False,none,lr,1e-05,0.0001,32,14,0.0777,1.0844,0.9146,0.8372,0.6984,nan,nan,nan,nan,0
early,cage,6,1,resnet,False,none,lr,1e-05,0.0001,32,15,0.0537,0.9593,0.9847,0.8140,0.7024,nan,nan,nan,nan,0
early,cage,6,1,resnet,False,none,lr,1e-05,0.0001,32,16,0.0395,1.2722,1.0356,0.8372,0.6706,nan,nan,nan,nan,0
early,cage,6,2,resnet,False,none,lr,1e-05,0.0001,32,1,0.7124,0.6942,0.6596,0.8095,0.5772,nan,nan,nan,nan,0
early,cage,6,2,resnet,False,none,lr,1e-05,0.0001,32,2,0.6746,0.6846,0.7492,0.3571,0.5846,nan,nan,nan,nan,0
early,cage,6,2,resnet,False,none,lr,1e-05,0.0001,32,3,0.6517,0.6607,0.6700,0.6667,0.6434,nan,nan,nan,nan,0
early,cage,6,2,resnet,False,none,lr,1e-05,0.0001,32,4,0.6168,0.6490,0.6956,0.5952,0.6801,nan,nan,nan,nan,0
early,cage,6,2,resnet,False,none,lr,1e-05,0.0001,32,5,0.5649,0.6691,0.6400,0.7857,0.6728,nan,nan,nan,nan,1
early,cage,6,2,resnet,False,none,lr,1e-05,0.0001,32,6,0.4877,0.6603,0.8085,0.5476,0.6544,nan,nan,nan,nan,1
early,cage,6,2,resnet,False,none,lr,1e-05,0.0001,32,7,0.4129,0.6545,0.8091,0.5714,0.6618,nan,nan,nan,nan,1
early,cage,6,2,resnet,False,none,lr,1e-05,0.0001,32,8,0.3420,0.6644,0.7966,0.7381,0.7022,nan,nan,nan,nan,1
early,cage,6,2,resnet,False,none,lr,1e-05,0.0001,32,9,0.2726,1.0159,0.8055,0.8333,0.6581,nan,nan,nan,nan,0
early,cage,6,2,resnet,False,none,lr,1e-05,0.0001,32,10,0.2242,1.2550,0.8819,0.8095,0.6912,nan,nan,nan,nan,0
early,cage,6,2,resnet,False,none,lr,1e-05,0.0001,32,11,0.1640,0.7375,0.9326,0.6429,0.6581,nan,nan,nan,nan,0
early,cage,6,2,resnet,False,none,lr,1e-05,0.0001,32,12,0.1312,1.1984,0.9399,0.8095,0.6691,nan,nan,nan,nan,0
early,cage,6,2,resnet,False,none,lr,1e-05,0.0001,32,13,0.0965,1.2168,0.9257,0.8095,0.7610,nan,nan,nan,nan,1
early,cage,6,2,resnet,False,none,lr,1e-05,0.0001,32,14,0.0790,0.7993,0.9619,0.7857,0.6985,1.1527,1.0955,0.8293,0.4714,1
early,cage,6,2,resnet,False,none,lr,1e-05,0.0001,32,15,0.0631,1.1701,1.2121,0.7619,0.5735,nan,nan,nan,nan,0
early,cage,6,2,resnet,False,none,lr,1e-05,0.0001,32,16,0.0575,1.0134,1.0785,0.8571,0.6985,nan,nan,nan,nan,0
early,cage,6,2,resnet,False,none,lr,1e-05,0.0001,32,17,0.0414,1.3507,1.1503,0.8333,0.6507,nan,nan,nan,nan,0
early,cage,6,2,resnet,False,none,lr,1e-05,0.0001,32,18,0.0310,1.2580,1.1012,0.8095,0.7500,nan,nan,nan,nan,0
early,cage,6,2,resnet,False,none,lr,1e-05,0.0001,32,19,0.0290,1.0738,1.1491,0.8571,0.6838,nan,nan,nan,nan,0
early,cage,6,3,resnet,False,none,lr,1e-05,0.0001,32,1,0.7089,0.7136,0.6898,0.6429,0.2898,nan,nan,nan,nan,0
early,cage,6,3,resnet,False,none,lr,1e-05,0.0001,32,2,0.6808,0.7191,0.6855,0.6429,0.3265,nan,nan,nan,nan,0
early,cage,6,3,resnet,False,none,lr,1e-05,0.0001,32,3,0.6510,0.7334,0.7212,0.4524,0.3265,nan,nan,nan,nan,0
early,cage,6,3,resnet,False,none,lr,1e-05,0.0001,32,4,0.6215,0.7532,0.6810,0.7381,0.3429,nan,nan,nan,nan,0
early,cage,6,3,resnet,False,none,lr,1e-05,0.0001,32,5,0.5716,0.7685,0.7222,0.6667,0.3714,nan,nan,nan,nan,1
early,cage,6,3,resnet,False,none,lr,1e-05,0.0001,32,6,0.5131,1.0176,0.7790,0.8095,0.4041,nan,nan,nan,nan,1
early,cage,6,3,resnet,False,none,lr,1e-05,0.0001,32,7,0.4413,1.1355,0.8052,0.8095,0.4980,nan,nan,nan,nan,1
early,cage,6,3,resnet,False,none,lr,1e-05,0.0001,32,8,0.3495,1.1305,0.9009,0.7619,0.3837,nan,nan,nan,nan,1
early,cage,6,3,resnet,False,none,lr,1e-05,0.0001,32,9,0.2991,1.0424,0.9156,0.6667,0.4408,nan,nan,nan,nan,1
early,cage,6,3,resnet,False,none,lr,1e-05,0.0001,32,10,0.2339,1.2371,0.9994,0.7857,0.4367,nan,nan,nan,nan,1
early,cage,6,3,resnet,False,none,lr,1e-05,0.0001,32,11,0.1970,1.4066,1.0743,0.8095,0.4204,nan,nan,nan,nan,0
early,cage,6,3,resnet,False,none,lr,1e-05,0.0001,32,12,0.1460,1.3673,1.0752,0.8095,0.4612,nan,nan,nan,nan,0
early,cage,6,3,resnet,False,none,lr,1e-05,0.0001,32,13,0.1056,1.9623,1.3305,0.8333,0.4245,nan,nan,nan,nan,0
early,cage,6,3,resnet,False,none,lr,1e-05,0.0001,32,14,0.0871,1.8977,1.3202,0.8333,0.4653,1.6982,1.2899,0.8537,0.4905,1
early,cage,6,3,resnet,False,none,lr,1e-05,0.0001,32,15,0.0832,1.6523,1.2900,0.8333,0.4204,nan,nan,nan,nan,0
early,cage,6,3,resnet,False,none,lr,1e-05,0.0001,32,16,0.0516,1.8475,1.3755,0.8333,0.4490,nan,nan,nan,nan,0
early,cage,6,3,resnet,False,none,lr,1e-05,0.0001,32,17,0.0390,2.0632,1.4502,0.8095,0.4327,nan,nan,nan,nan,0
early,cage,6,3,resnet,False,none,lr,1e-05,0.0001,32,18,0.0356,1.8626,1.4301,0.8095,0.3918,nan,nan,nan,nan,0
early,cage,6,3,resnet,False,none,lr,1e-05,0.0001,32,19,0.0256,1.9828,1.4527,0.8333,0.4163,nan,nan,nan,nan,0
early,cage,6,4,resnet,False,none,lr,1e-05,0.0001,32,1,0.7155,0.6723,0.6650,0.7209,0.7929,nan,nan,nan,nan,0
early,cage,6,4,resnet,False,none,lr,1e-05,0.0001,32,2,0.6829,0.6701,0.6493,0.7907,0.7179,nan,nan,nan,nan,0
early,cage,6,4,resnet,False,none,lr,1e-05,0.0001,32,3,0.6536,0.6389,0.6167,0.7907,0.8179,nan,nan,nan,nan,0
early,cage,6,4,resnet,False,none,lr,1e-05,0.0001,32,4,0.6139,0.6466,0.6430,0.8140,0.7607,nan,nan,nan,nan,0
early,cage,6,4,resnet,False,none,lr,1e-05,0.0001,32,5,0.5522,0.8485,0.7789,0.7907,0.6107,0.9333,0.8068,0.8049,0.4381,1
early,cage,6,4,resnet,False,none,lr,1e-05,0.0001,32,6,0.4839,0.6178,0.6566,0.6744,0.7214,nan,nan,nan,nan,0
early,cage,6,4,resnet,False,none,lr,1e-05,0.0001,32,7,0.4013,0.6214,0.7123,0.6977,0.7429,nan,nan,nan,nan,0
early,cage,6,4,resnet,False,none,lr,1e-05,0.0001,32,8,0.3309,0.7771,0.7895,0.7209,0.6429,nan,nan,nan,nan,0
early,cage,6,4,resnet,False,none,lr,1e-05,0.0001,32,9,0.2555,0.6696,0.8813,0.5349,0.6750,nan,nan,nan,nan,0
early,cage,6,4,resnet,False,none,lr,1e-05,0.0001,32,10,0.2053,0.9735,1.0105,0.8140,0.5786,nan,nan,nan,nan,0
early,cage,6,4,resnet,False,none,lr,1e-05,0.0001,32,11,0.1582,1.5892,1.3398,0.8140,0.5321,nan,nan,nan,nan,0
early,cage,6,4,resnet,False,none,lr,1e-05,0.0001,32,12,0.1382,1.0589,1.0308,0.7907,0.6179,nan,nan,nan,nan,0
early,cage,6,4,resnet,False,none,lr,1e-05,0.0001,32,13,0.1011,1.2090,1.1342,0.7907,0.6000,nan,nan,nan,nan,0
early,cage,6,4,resnet,False,none,lr,1e-05,0.0001,32,14,0.0673,1.3492,1.2117,0.8140,0.6571,nan,nan,nan,nan,0
early,cage,6,4,resnet,False,none,lr,1e-05,0.0001,32,15,0.0556,1.4446,1.3268,0.8140,0.6143,nan,nan,nan,nan,0
early,cage,6,4,resnet,False,none,lr,1e-05,0.0001,32,16,0.0478,1.2419,1.2919,0.7442,0.5500,nan,nan,nan,nan,0
early,cage,6,5,resnet,False,none,lr,1e-05,0.0001,32,1,0.7071,0.7337,0.6853,0.7750,0.3082,nan,nan,nan,nan,0
early,cage,6,5,resnet,False,none,lr,1e-05,0.0001,32,2,0.6685,0.7986,0.7049,0.7000,0.3333,nan,nan,nan,nan,0
early,cage,6,5,resnet,False,none,lr,1e-05,0.0001,32,3,0.6345,0.8168,0.6900,0.7750,0.4158,nan,nan,nan,nan,0
early,cage,6,5,resnet,False,none,lr,1e-05,0.0001,32,4,0.5764,0.9116,0.7739,0.7000,0.3333,nan,nan,nan,nan,0
early,cage,6,5,resnet,False,none,lr,1e-05,0.0001,32,5,0.5013,0.8944,0.8220,0.6250,0.3907,nan,nan,nan,nan,1
early,cage,6,5,resnet,False,none,lr,1e-05,0.0001,32,6,0.4231,0.9533,0.8566,0.5750,0.3978,nan,nan,nan,nan,1
early,cage,6,5,resnet,False,none,lr,1e-05,0.0001,32,7,0.3470,1.1236,0.9472,0.7250,0.4373,nan,nan,nan,nan,1
early,cage,6,5,resnet,False,none,lr,1e-05,0.0001,32,8,0.2682,1.5163,1.1300,0.7750,0.4086,nan,nan,nan,nan,0
early,cage,6,5,resnet,False,none,lr,1e-05,0.0001,32,9,0.2166,1.7913,1.2653,0.7750,0.4624,1.4122,1.1032,0.8537,0.4429,1
early,cage,6,5,resnet,False,none,lr,1e-05,0.0001,32,10,0.1652,1.9725,1.4292,0.8000,0.4014,nan,nan,nan,nan,0
early,cage,6,5,resnet,False,none,lr,1e-05,0.0001,32,11,0.1283,2.2988,1.5894,0.8000,0.3477,nan,nan,nan,nan,0
early,cage,6,5,resnet,False,none,lr,1e-05,0.0001,32,12,0.0922,1.9746,1.4738,0.7500,0.3835,nan,nan,nan,nan,0
early,cage,6,5,resnet,False,none,lr,1e-05,0.0001,32,13,0.0819,1.7680,1.3869,0.7250,0.4373,nan,nan,nan,nan,0
early,cage,6,5,resnet,False,none,lr,1e-05,0.0001,32,14,0.0694,2.8766,1.9242,0.7750,0.4158,nan,nan,nan,nan,0
early,cage,6,5,resnet,False,none,lr,1e-05,0.0001,32,15,0.0495,2.0195,1.5300,0.7250,0.4122,nan,nan,nan,nan,0
early,cage,6,5,resnet,False,none,lr,1e-05,0.0001,32,16,0.0432,2.5121,1.7401,0.7500,0.4265,nan,nan,nan,nan,0
