fusion,dataset,test_set,dev_set,arch,use_pretrained,augmentation,speech_encoder_arch,lr,wd,batch_size,epoch,train_loss,dev_loss_patient,dev_loss_cough,dev_acc,dev_auc,test_loss_patient,test_loss_cough,test_acc,test_auc,is_best
late,cage,0,1,resnet,True,solarisation,lr,1e-05,0.0001,32,1,0.6927,0.6946,0.6764,0.8140,0.4206,nan,nan,nan,nan,0
late,cage,0,1,resnet,True,solarisation,lr,1e-05,0.0001,32,2,0.6650,0.6956,0.6687,0.8372,0.4087,nan,nan,nan,nan,0
late,cage,0,1,resnet,True,solarisation,lr,1e-05,0.0001,32,3,0.6422,0.6987,0.6624,0.8372,0.3770,nan,nan,nan,nan,0
late,cage,0,1,resnet,True,solarisation,lr,1e-05,0.0001,32,4,0.6069,0.7078,0.6509,0.8372,0.3373,nan,nan,nan,nan,0
late,cage,0,1,resnet,True,solarisation,lr,1e-05,0.0001,32,5,0.5635,0.7250,0.6364,0.8372,0.3373,0.6905,0.6267,0.8372,0.6667,1
late,cage,0,1,resnet,True,solarisation,lr,1e-05,0.0001,32,6,0.5096,0.7431,0.6410,0.8372,0.3452,nan,nan,nan,nan,0
late,cage,0,1,resnet,True,solarisation,lr,1e-05,0.0001,32,7,0.4449,0.8098,0.6378,0.8372,0.3413,nan,nan,nan,nan,0
late,cage,0,1,resnet,True,solarisation,lr,1e-05,0.0001,32,8,0.3811,0.9731,0.6704,0.8372,0.3492,nan,nan,nan,nan,0
late,cage,0,1,resnet,True,solarisation,lr,1e-05,0.0001,32,9,0.3133,1.0059,0.6916,0.8372,0.3651,nan,nan,nan,nan,0
late,cage,0,1,resnet,True,solarisation,lr,1e-05,0.0001,32,10,0.2604,1.2828,0.7940,0.8372,0.3651,nan,nan,nan,nan,0
late,cage,0,1,resnet,True,solarisation,lr,1e-05,0.0001,32,11,0.2042,1.2124,0.7832,0.8372,0.3492,nan,nan,nan,nan,0
late,cage,0,1,resnet,True,solarisation,lr,1e-05,0.0001,32,12,0.1580,1.5688,0.9311,0.8372,0.3651,nan,nan,nan,nan,0
late,cage,0,1,resnet,True,solarisation,lr,1e-05,0.0001,32,13,0.1307,1.8035,1.0399,0.8372,0.3730,nan,nan,nan,nan,0
late,cage,0,1,resnet,True,solarisation,lr,1e-05,0.0001,32,14,0.1054,1.6889,0.9927,0.8372,0.3413,nan,nan,nan,nan,0
late,cage,0,1,resnet,True,solarisation,lr,1e-05,0.0001,32,15,0.0862,2.1650,1.2205,0.8372,0.3690,nan,nan,nan,nan,0
late,cage,0,1,resnet,True,solarisation,lr,1e-05,0.0001,32,16,0.0681,2.0588,1.1701,0.8372,0.3333,nan,nan,nan,nan,0
late,cage,0,2,resnet,True,solarisation,lr,1e-05,0.0001,32,1,0.6862,0.6858,0.7096,0.3095,0.6140,nan,nan,nan,nan,0
late,cage,0,2,resnet,True,solarisation,lr,1e-05,0.0001,32,2,0.6589,0.6858,0.7229,0.2143,0.5882,nan,nan,nan,nan,0
late,cage,0,2,resnet,True,solarisation,lr,1e-05,0.0001,32,3,0.6346,0.6937,0.6739,0.7381,0.5662,nan,nan,nan,nan,0
late,cage,0,2,resnet,True,solarisation,lr,1e-05,0.0001,32,4,0.6025,0.7029,0.6563,0.7857,0.5404,nan,nan,nan,nan,0
late,cage,0,2,resnet,True,solarisation,lr,1e-05,0.0001,32,5,0.5591,0.7137,0.6502,0.7857,0.5404,0.6900,0.6426,0.8372,0.5873,1
late,cage,0,2,resnet,True,solarisation,lr,1e-05,0.0001,32,6,0.5081,0.7876,0.6329,0.8095,0.5147,nan,nan,nan,nan,0
late,cage,0,2,resnet,True,solarisation,lr,1e-05,0.0001,32,7,0.4500,0.8910,0.6544,0.8095,0.5221,nan,nan,nan,nan,0
late,cage,0,2,resnet,True,solarisation,lr,1e-05,0.0001,32,8,0.3861,1.0985,0.7255,0.8095,0.4890,nan,nan,nan,nan,0
late,cage,0,2,resnet,True,solarisation,lr,1e-05,0.0001,32,9,0.3343,1.3106,0.8162,0.8095,0.4816,nan,nan,nan,nan,0
late,cage,0,2,resnet,True,solarisation,lr,1e-05,0.0001,32,10,0.2685,1.4967,0.9095,0.8095,0.4375,nan,nan,nan,nan,0
late,cage,0,2,resnet,True,solarisation,lr,1e-05,0.0001,32,11,0.2186,1.9610,1.1363,0.8095,0.4449,nan,nan,nan,nan,0
late,cage,0,2,resnet,True,solarisation,lr,1e-05,0.0001,32,12,0.1740,1.9860,1.1563,0.8095,0.4191,nan,nan,nan,nan,0
late,cage,0,2,resnet,True,solarisation,lr,1e-05,0.0001,32,13,0.1427,2.6160,1.4905,0.8095,0.4044,nan,nan,nan,nan,0
late,cage,0,2,resnet,True,solarisation,lr,1e-05,0.0001,32,14,0.1146,2.7079,1.5405,0.8095,0.3971,nan,nan,nan,nan,0
late,cage,0,2,resnet,True,solarisation,lr,1e-05,0.0001,32,15,0.0929,3.1439,1.7780,0.8095,0.3860,nan,nan,nan,nan,0
late,cage,0,2,resnet,True,solarisation,lr,1e-05,0.0001,32,16,0.0714,3.3958,1.9146,0.8095,0.3787,nan,nan,nan,nan,0
late,cage,0,3,resnet,True,solarisation,lr,1e-05,0.0001,32,1,0.7168,0.6982,0.7133,0.3095,0.4490,nan,nan,nan,nan,0
late,cage,0,3,resnet,True,solarisation,lr,1e-05,0.0001,32,2,0.6798,0.6959,0.6859,0.7381,0.4367,nan,nan,nan,nan,0
late,cage,0,3,resnet,True,solarisation,lr,1e-05,0.0001,32,3,0.6597,0.6984,0.6919,0.6190,0.4122,nan,nan,nan,nan,0
late,cage,0,3,resnet,True,solarisation,lr,1e-05,0.0001,32,4,0.6296,0.7032,0.6829,0.7857,0.3633,nan,nan,nan,nan,0
late,cage,0,3,resnet,True,solarisation,lr,1e-05,0.0001,32,5,0.5928,0.7194,0.6623,0.8333,0.3673,0.6953,0.6432,0.8372,0.5357,1
late,cage,0,3,resnet,True,solarisation,lr,1e-05,0.0001,32,6,0.5437,0.7410,0.6559,0.8333,0.3837,nan,nan,nan,nan,0
late,cage,0,3,resnet,True,solarisation,lr,1e-05,0.0001,32,7,0.4867,0.7984,0.6577,0.8333,0.3633,nan,nan,nan,nan,0
late,cage,0,3,resnet,True,solarisation,lr,1e-05,0.0001,32,8,0.4255,0.8500,0.6923,0.8333,0.3837,nan,nan,nan,nan,0
late,cage,0,3,resnet,True,solarisation,lr,1e-05,0.0001,32,9,0.3556,1.0469,0.7584,0.8333,0.3918,nan,nan,nan,nan,0
late,cage,0,3,resnet,True,solarisation,lr,1e-05,0.0001,32,10,0.2965,1.1390,0.8240,0.8333,0.3714,nan,nan,nan,nan,0
late,cage,0,3,resnet,True,solarisation,lr,1e-05,0.0001,32,11,0.2355,1.1639,0.8448,0.8333,0.3837,nan,nan,nan,nan,0
late,cage,0,3,resnet,True,solarisation,lr,1e-05,0.0001,32,12,0.1898,1.3426,0.9335,0.8333,0.3878,nan,nan,nan,nan,0
late,cage,0,3,resnet,True,solarisation,lr,1e-05,0.0001,32,13,0.1530,1.3805,0.9579,0.8333,0.3878,nan,nan,nan,nan,0
late,cage,0,3,resnet,True,solarisation,lr,1e-05,0.0001,32,14,0.1207,1.5171,1.0383,0.8333,0.4122,nan,nan,nan,nan,0
late,cage,0,3,resnet,True,solarisation,lr,1e-05,0.0001,32,15,0.0998,1.5593,1.0618,0.8333,0.4163,nan,nan,nan,nan,0
late,cage,0,3,resnet,True,solarisation,lr,1e-05,0.0001,32,16,0.0840,1.7863,1.1900,0.8333,0.4000,nan,nan,nan,nan,0
late,cage,0,4,resnet,True,solarisation,lr,1e-05,0.0001,32,1,0.7034,0.6736,0.6968,0.2093,0.7786,nan,nan,nan,nan,0
late,cage,0,4,resnet,True,solarisation,lr,1e-05,0.0001,32,2,0.6595,0.6751,0.6870,0.3256,0.7464,nan,nan,nan,nan,0
late,cage,0,4,resnet,True,solarisation,lr,1e-05,0.0001,32,3,0.6291,0.6762,0.6966,0.2326,0.7179,nan,nan,nan,nan,0
late,cage,0,4,resnet,True,solarisation,lr,1e-05,0.0001,32,4,0.5860,0.6764,0.6978,0.2791,0.6607,nan,nan,nan,nan,0
late,cage,0,4,resnet,True,solarisation,lr,1e-05,0.0001,32,5,0.5409,0.6814,0.7021,0.4419,0.5929,0.6720,0.7068,0.3023,0.7421,1
late,cage,0,4,resnet,True,solarisation,lr,1e-05,0.0001,32,6,0.4771,0.6958,0.6981,0.5581,0.5321,nan,nan,nan,nan,0
late,cage,0,4,resnet,True,solarisation,lr,1e-05,0.0001,32,7,0.4102,0.7121,0.7219,0.5581,0.4857,nan,nan,nan,nan,0
late,cage,0,4,resnet,True,solarisation,lr,1e-05,0.0001,32,8,0.3426,0.7258,0.7453,0.5581,0.4464,nan,nan,nan,nan,0
late,cage,0,4,resnet,True,solarisation,lr,1e-05,0.0001,32,9,0.2766,0.7859,0.7720,0.6744,0.4036,nan,nan,nan,nan,0
late,cage,0,4,resnet,True,solarisation,lr,1e-05,0.0001,32,10,0.2216,0.7550,0.7948,0.5814,0.4286,nan,nan,nan,nan,0
late,cage,0,4,resnet,True,solarisation,lr,1e-05,0.0001,32,11,0.1778,0.8561,0.8544,0.6512,0.4071,nan,nan,nan,nan,0
late,cage,0,4,resnet,True,solarisation,lr,1e-05,0.0001,32,12,0.1384,0.9260,0.9080,0.6977,0.3571,nan,nan,nan,nan,0
late,cage,0,4,resnet,True,solarisation,lr,1e-05,0.0001,32,13,0.1073,1.0010,0.9623,0.6977,0.3607,nan,nan,nan,nan,0
late,cage,0,4,resnet,True,solarisation,lr,1e-05,0.0001,32,14,0.0845,0.9205,0.9566,0.6047,0.3679,nan,nan,nan,nan,0
late,cage,0,4,resnet,True,solarisation,lr,1e-05,0.0001,32,15,0.0712,1.0236,1.0065,0.6512,0.3607,nan,nan,nan,nan,0
late,cage,0,4,resnet,True,solarisation,lr,1e-05,0.0001,32,16,0.0568,1.0480,1.0498,0.6279,0.3607,nan,nan,nan,nan,0
late,cage,0,5,resnet,True,solarisation,lr,1e-05,0.0001,32,1,0.6980,0.6891,0.6693,0.7750,0.6738,nan,nan,nan,nan,0
late,cage,0,5,resnet,True,solarisation,lr,1e-05,0.0001,32,2,0.6627,0.6801,0.6778,0.7750,0.7061,nan,nan,nan,nan,0
late,cage,0,5,resnet,True,solarisation,lr,1e-05,0.0001,32,3,0.6353,0.6794,0.6745,0.7500,0.7097,nan,nan,nan,nan,0
late,cage,0,5,resnet,True,solarisation,lr,1e-05,0.0001,32,4,0.6001,0.6812,0.6676,0.7000,0.7204,nan,nan,nan,nan,0
late,cage,0,5,resnet,True,solarisation,lr,1e-05,0.0001,32,5,0.5564,0.6807,0.6617,0.7250,0.7168,nan,nan,nan,nan,1
late,cage,0,5,resnet,True,solarisation,lr,1e-05,0.0001,32,6,0.5044,0.6602,0.6764,0.6750,0.7419,nan,nan,nan,nan,1
late,cage,0,5,resnet,True,solarisation,lr,1e-05,0.0001,32,7,0.4438,0.6701,0.6698,0.7000,0.7240,nan,nan,nan,nan,0
late,cage,0,5,resnet,True,solarisation,lr,1e-05,0.0001,32,8,0.3799,0.6414,0.7135,0.5250,0.7312,0.7171,0.7705,0.3488,0.4405,1
late,cage,0,5,resnet,True,solarisation,lr,1e-05,0.0001,32,9,0.3146,0.6810,0.6639,0.7250,0.7240,nan,nan,nan,nan,0
late,cage,0,5,resnet,True,solarisation,lr,1e-05,0.0001,32,10,0.2538,0.6550,0.6871,0.6750,0.7133,nan,nan,nan,nan,0
late,cage,0,5,resnet,True,solarisation,lr,1e-05,0.0001,32,11,0.2053,0.6787,0.6809,0.7500,0.7204,nan,nan,nan,nan,0
late,cage,0,5,resnet,True,solarisation,lr,1e-05,0.0001,32,12,0.1592,0.6723,0.7004,0.7250,0.7097,nan,nan,nan,nan,0
late,cage,0,5,resnet,True,solarisation,lr,1e-05,0.0001,32,13,0.1283,0.7211,0.7028,0.7750,0.6882,nan,nan,nan,nan,0
late,cage,0,5,resnet,True,solarisation,lr,1e-05,0.0001,32,14,0.1024,0.6908,0.7169,0.7000,0.6953,nan,nan,nan,nan,0
late,cage,0,5,resnet,True,solarisation,lr,1e-05,0.0001,32,15,0.0811,0.7488,0.7213,0.7750,0.6918,nan,nan,nan,nan,0
late,cage,0,5,resnet,True,solarisation,lr,1e-05,0.0001,32,16,0.0666,0.7080,0.7509,0.7000,0.7025,nan,nan,nan,nan,0
late,cage,0,6,resnet,True,solarisation,lr,1e-05,0.0001,32,1,0.6928,0.6892,0.6906,0.5366,0.6048,nan,nan,nan,nan,0
late,cage,0,6,resnet,True,solarisation,lr,1e-05,0.0001,32,2,0.6673,0.6881,0.6825,0.6585,0.5762,nan,nan,nan,nan,0
late,cage,0,6,resnet,True,solarisation,lr,1e-05,0.0001,32,3,0.6416,0.7025,0.7201,0.1951,0.4714,nan,nan,nan,nan,0
late,cage,0,6,resnet,True,solarisation,lr,1e-05,0.0001,32,4,0.6091,0.7008,0.6971,0.3415,0.3762,nan,nan,nan,nan,0
late,cage,0,6,resnet,True,solarisation,lr,1e-05,0.0001,32,5,0.5683,0.7171,0.7362,0.2927,0.3476,nan,nan,nan,nan,1
late,cage,0,6,resnet,True,solarisation,lr,1e-05,0.0001,32,6,0.5190,0.7053,0.7037,0.3659,0.4095,nan,nan,nan,nan,0
late,cage,0,6,resnet,True,solarisation,lr,1e-05,0.0001,32,7,0.4617,0.6995,0.6824,0.5366,0.4333,nan,nan,nan,nan,0
late,cage,0,6,resnet,True,solarisation,lr,1e-05,0.0001,32,8,0.3962,0.7066,0.6838,0.5854,0.4429,nan,nan,nan,nan,0
late,cage,0,6,resnet,True,solarisation,lr,1e-05,0.0001,32,9,0.3310,0.7898,0.6410,0.8537,0.4810,nan,nan,nan,nan,0
late,cage,0,6,resnet,True,solarisation,lr,1e-05,0.0001,32,10,0.2761,0.7535,0.6461,0.8293,0.4952,nan,nan,nan,nan,0
late,cage,0,6,resnet,True,solarisation,lr,1e-05,0.0001,32,11,0.2182,0.8249,0.6611,0.8537,0.5048,nan,nan,nan,nan,0
late,cage,0,6,resnet,True,solarisation,lr,1e-05,0.0001,32,12,0.1788,0.9795,0.7189,0.8537,0.5143,nan,nan,nan,nan,1
late,cage,0,6,resnet,True,solarisation,lr,1e-05,0.0001,32,13,0.1459,1.0966,0.7772,0.8537,0.5048,nan,nan,nan,nan,1
late,cage,0,6,resnet,True,solarisation,lr,1e-05,0.0001,32,14,0.1149,1.0652,0.7665,0.8537,0.5286,nan,nan,nan,nan,1
late,cage,0,6,resnet,True,solarisation,lr,1e-05,0.0001,32,15,0.0930,1.2811,0.8739,0.8537,0.5286,nan,nan,nan,nan,1
late,cage,0,6,resnet,True,solarisation,lr,1e-05,0.0001,32,16,0.0756,1.5110,0.9947,0.8537,0.5238,nan,nan,nan,nan,0
late,cage,0,6,resnet,True,solarisation,lr,1e-05,0.0001,32,17,0.0628,1.5710,1.0327,0.8537,0.5429,1.7202,1.1642,0.8372,0.6032,1
late,cage,0,6,resnet,True,solarisation,lr,1e-05,0.0001,32,18,0.0532,1.6841,1.0968,0.8537,0.5095,nan,nan,nan,nan,0
late,cage,0,6,resnet,True,solarisation,lr,1e-05,0.0001,32,19,0.0459,1.6518,1.0795,0.8537,0.5333,nan,nan,nan,nan,0
late,cage,0,6,resnet,True,solarisation,lr,1e-05,0.0001,32,20,0.0370,1.8018,1.1637,0.8537,0.5143,nan,nan,nan,nan,0
late,cage,0,6,resnet,True,solarisation,lr,1e-05,0.0001,32,21,0.0326,2.0033,1.2804,0.8537,0.5095,nan,nan,nan,nan,0
late,cage,0,6,resnet,True,solarisation,lr,1e-05,0.0001,32,22,0.0279,1.9723,1.2632,0.8537,0.5619,nan,nan,nan,nan,0
late,cage,0,7,resnet,True,solarisation,lr,1e-05,0.0001,32,1,0.6947,0.7099,0.7514,0.1818,0.2500,nan,nan,nan,nan,0
late,cage,0,7,resnet,True,solarisation,lr,1e-05,0.0001,32,2,0.6628,0.7121,0.7171,0.2727,0.2431,nan,nan,nan,nan,0
late,cage,0,7,resnet,True,solarisation,lr,1e-05,0.0001,32,3,0.6302,0.7163,0.7541,0.1818,0.2431,nan,nan,nan,nan,0
late,cage,0,7,resnet,True,solarisation,lr,1e-05,0.0001,32,4,0.5984,0.7230,0.6827,0.6591,0.2986,nan,nan,nan,nan,0
late,cage,0,7,resnet,True,solarisation,lr,1e-05,0.0001,32,5,0.5528,0.7223,0.6745,0.6818,0.3542,nan,nan,nan,nan,1
late,cage,0,7,resnet,True,solarisation,lr,1e-05,0.0001,32,6,0.5011,0.7607,0.6487,0.8182,0.4236,nan,nan,nan,nan,1
late,cage,0,7,resnet,True,solarisation,lr,1e-05,0.0001,32,7,0.4346,0.8457,0.6391,0.8182,0.4340,nan,nan,nan,nan,1
late,cage,0,7,resnet,True,solarisation,lr,1e-05,0.0001,32,8,0.3695,0.9585,0.6780,0.8182,0.4375,nan,nan,nan,nan,1
late,cage,0,7,resnet,True,solarisation,lr,1e-05,0.0001,32,9,0.2979,1.1383,0.7383,0.8182,0.4688,nan,nan,nan,nan,1
late,cage,0,7,resnet,True,solarisation,lr,1e-05,0.0001,32,10,0.2457,1.2688,0.8024,0.8182,0.5035,nan,nan,nan,nan,1
late,cage,0,7,resnet,True,solarisation,lr,1e-05,0.0001,32,11,0.1909,1.4457,0.8837,0.8182,0.4965,nan,nan,nan,nan,1
late,cage,0,7,resnet,True,solarisation,lr,1e-05,0.0001,32,12,0.1540,1.8029,1.0533,0.8182,0.5590,nan,nan,nan,nan,1
late,cage,0,7,resnet,True,solarisation,lr,1e-05,0.0001,32,13,0.1173,2.1226,1.2194,0.8182,0.5486,nan,nan,nan,nan,1
late,cage,0,7,resnet,True,solarisation,lr,1e-05,0.0001,32,14,0.0955,2.2879,1.3024,0.8182,0.5590,nan,nan,nan,nan,1
late,cage,0,7,resnet,True,solarisation,lr,1e-05,0.0001,32,15,0.0755,2.4466,1.3844,0.8182,0.5625,nan,nan,nan,nan,1
late,cage,0,7,resnet,True,solarisation,lr,1e-05,0.0001,32,16,0.0585,2.8150,1.5874,0.8182,0.5486,nan,nan,nan,nan,1
late,cage,0,7,resnet,True,solarisation,lr,1e-05,0.0001,32,17,0.0485,2.8024,1.5856,0.8182,0.5903,nan,nan,nan,nan,1
late,cage,0,7,resnet,True,solarisation,lr,1e-05,0.0001,32,18,0.0394,2.9212,1.6579,0.8182,0.5903,nan,nan,nan,nan,1
late,cage,0,7,resnet,True,solarisation,lr,1e-05,0.0001,32,19,0.0343,3.1908,1.8046,0.8182,0.5868,nan,nan,nan,nan,1
late,cage,0,7,resnet,True,solarisation,lr,1e-05,0.0001,32,20,0.0302,3.2717,1.8544,0.8182,0.5521,nan,nan,nan,nan,0
late,cage,0,7,resnet,True,solarisation,lr,1e-05,0.0001,32,21,0.0218,3.2899,1.8607,0.8182,0.5764,nan,nan,nan,nan,0
late,cage,0,7,resnet,True,solarisation,lr,1e-05,0.0001,32,22,0.0219,3.2565,1.8429,0.8182,0.6007,nan,nan,nan,nan,1
late,cage,0,7,resnet,True,solarisation,lr,1e-05,0.0001,32,23,0.0214,3.7122,2.0843,0.8182,0.5764,nan,nan,nan,nan,0
late,cage,0,7,resnet,True,solarisation,lr,1e-05,0.0001,32,24,0.0173,3.5067,1.9733,0.8182,0.5833,nan,nan,nan,nan,0
late,cage,0,7,resnet,True,solarisation,lr,1e-05,0.0001,32,25,0.0139,3.6411,2.0468,0.8182,0.6007,nan,nan,nan,nan,1
late,cage,0,7,resnet,True,solarisation,lr,1e-05,0.0001,32,26,0.0165,3.7418,2.0949,0.8182,0.6007,nan,nan,nan,nan,0
late,cage,0,7,resnet,True,solarisation,lr,1e-05,0.0001,32,27,0.0123,3.7797,2.1260,0.8182,0.5868,nan,nan,nan,nan,0
late,cage,0,7,resnet,True,solarisation,lr,1e-05,0.0001,32,28,0.0095,3.7120,2.0821,0.8182,0.6181,nan,nan,nan,nan,1
late,cage,0,7,resnet,True,solarisation,lr,1e-05,0.0001,32,29,0.0084,4.2870,2.3912,0.8182,0.6111,nan,nan,nan,nan,1
late,cage,0,7,resnet,True,solarisation,lr,1e-05,0.0001,32,30,0.0095,4.0545,2.2728,0.8182,0.6181,nan,nan,nan,nan,0
late,cage,0,7,resnet,True,solarisation,lr,1e-05,0.0001,32,31,0.0077,4.0112,2.2453,0.8182,0.5972,nan,nan,nan,nan,0
late,cage,0,7,resnet,True,solarisation,lr,1e-05,0.0001,32,32,0.0067,4.5580,2.5471,0.8182,0.6076,4.4116,2.8454,0.8372,0.5833,1
late,cage,0,7,resnet,True,solarisation,lr,1e-05,0.0001,32,33,0.0061,4.7663,2.6511,0.8182,0.6076,nan,nan,nan,nan,0
late,cage,0,7,resnet,True,solarisation,lr,1e-05,0.0001,32,34,0.0070,4.5671,2.5518,0.8182,0.5729,nan,nan,nan,nan,0
late,cage,0,7,resnet,True,solarisation,lr,1e-05,0.0001,32,35,0.0086,4.8489,2.7094,0.8182,0.6319,nan,nan,nan,nan,0
late,cage,0,7,resnet,True,solarisation,lr,1e-05,0.0001,32,36,0.0060,5.0488,2.8196,0.8182,0.5903,nan,nan,nan,nan,0
late,cage,0,7,resnet,True,solarisation,lr,1e-05,0.0001,32,37,0.0055,4.6792,2.6156,0.8182,0.6215,nan,nan,nan,nan,0
late,cage,0,8,resnet,True,solarisation,lr,1e-05,0.0001,32,1,0.6968,0.7196,0.6255,0.8298,0.4103,nan,nan,nan,nan,0
late,cage,0,8,resnet,True,solarisation,lr,1e-05,0.0001,32,2,0.6672,0.7256,0.6167,0.8298,0.4263,nan,nan,nan,nan,0
late,cage,0,8,resnet,True,solarisation,lr,1e-05,0.0001,32,3,0.6386,0.7320,0.6143,0.8298,0.4199,nan,nan,nan,nan,0
late,cage,0,8,resnet,True,solarisation,lr,1e-05,0.0001,32,4,0.6031,0.7636,0.5975,0.8298,0.4359,nan,nan,nan,nan,0
late,cage,0,8,resnet,True,solarisation,lr,1e-05,0.0001,32,5,0.5614,0.7762,0.5968,0.8298,0.4263,nan,nan,nan,nan,1
late,cage,0,8,resnet,True,solarisation,lr,1e-05,0.0001,32,6,0.5099,0.8285,0.5961,0.8298,0.4583,nan,nan,nan,nan,1
late,cage,0,8,resnet,True,solarisation,lr,1e-05,0.0001,32,7,0.4445,0.8047,0.6062,0.8298,0.4615,nan,nan,nan,nan,1
late,cage,0,8,resnet,True,solarisation,lr,1e-05,0.0001,32,8,0.3747,0.8955,0.6068,0.8298,0.4679,nan,nan,nan,nan,1
late,cage,0,8,resnet,True,solarisation,lr,1e-05,0.0001,32,9,0.3107,1.0221,0.6331,0.8298,0.5064,nan,nan,nan,nan,1
late,cage,0,8,resnet,True,solarisation,lr,1e-05,0.0001,32,10,0.2543,0.9418,0.6165,0.8298,0.5353,nan,nan,nan,nan,1
late,cage,0,8,resnet,True,solarisation,lr,1e-05,0.0001,32,11,0.1975,1.2815,0.7262,0.8298,0.5833,nan,nan,nan,nan,1
late,cage,0,8,resnet,True,solarisation,lr,1e-05,0.0001,32,12,0.1564,1.2162,0.7108,0.8298,0.5321,nan,nan,nan,nan,1
late,cage,0,8,resnet,True,solarisation,lr,1e-05,0.0001,32,13,0.1253,1.3578,0.7603,0.8298,0.5705,nan,nan,nan,nan,1
late,cage,0,8,resnet,True,solarisation,lr,1e-05,0.0001,32,14,0.0929,1.3531,0.7644,0.8298,0.5513,nan,nan,nan,nan,1
late,cage,0,8,resnet,True,solarisation,lr,1e-05,0.0001,32,15,0.0793,1.5083,0.8305,0.8298,0.5705,nan,nan,nan,nan,1
late,cage,0,8,resnet,True,solarisation,lr,1e-05,0.0001,32,16,0.0625,1.5855,0.8675,0.8298,0.5833,nan,nan,nan,nan,0
late,cage,0,8,resnet,True,solarisation,lr,1e-05,0.0001,32,17,0.0511,1.4104,0.8066,0.8298,0.5673,nan,nan,nan,nan,1
late,cage,0,8,resnet,True,solarisation,lr,1e-05,0.0001,32,18,0.0450,1.6929,0.9159,0.8298,0.5609,nan,nan,nan,nan,0
late,cage,0,8,resnet,True,solarisation,lr,1e-05,0.0001,32,19,0.0352,1.6674,0.9142,0.8298,0.5801,nan,nan,nan,nan,0
late,cage,0,8,resnet,True,solarisation,lr,1e-05,0.0001,32,20,0.0295,1.8303,0.9845,0.8298,0.5865,nan,nan,nan,nan,1
late,cage,0,8,resnet,True,solarisation,lr,1e-05,0.0001,32,21,0.0283,2.0213,1.0752,0.8298,0.5962,nan,nan,nan,nan,0
late,cage,0,8,resnet,True,solarisation,lr,1e-05,0.0001,32,22,0.0231,1.8780,1.0111,0.8298,0.5769,nan,nan,nan,nan,0
late,cage,0,8,resnet,True,solarisation,lr,1e-05,0.0001,32,23,0.0194,1.9421,1.0418,0.8298,0.5801,nan,nan,nan,nan,1
late,cage,0,8,resnet,True,solarisation,lr,1e-05,0.0001,32,24,0.0174,2.1059,1.1171,0.8298,0.5801,nan,nan,nan,nan,0
late,cage,0,8,resnet,True,solarisation,lr,1e-05,0.0001,32,25,0.0155,2.2970,1.2087,0.8298,0.5865,nan,nan,nan,nan,0
late,cage,0,8,resnet,True,solarisation,lr,1e-05,0.0001,32,26,0.0177,2.3590,1.2460,0.8298,0.6090,nan,nan,nan,nan,0
late,cage,0,8,resnet,True,solarisation,lr,1e-05,0.0001,32,27,0.0150,2.5680,1.3411,0.8298,0.5865,nan,nan,nan,nan,0
late,cage,0,8,resnet,True,solarisation,lr,1e-05,0.0001,32,28,0.0115,2.9450,1.5309,0.8298,0.5994,nan,nan,nan,nan,1
late,cage,0,8,resnet,True,solarisation,lr,1e-05,0.0001,32,29,0.0102,2.6351,1.3772,0.8298,0.6090,2.5492,1.6568,0.8372,0.7103,1
late,cage,0,8,resnet,True,solarisation,lr,1e-05,0.0001,32,30,0.0107,2.4621,1.2927,0.8298,0.5865,nan,nan,nan,nan,0
late,cage,0,8,resnet,True,solarisation,lr,1e-05,0.0001,32,31,0.0084,2.7007,1.4155,0.8298,0.5801,nan,nan,nan,nan,0
late,cage,0,8,resnet,True,solarisation,lr,1e-05,0.0001,32,32,0.0127,2.5549,1.3431,0.8298,0.5641,nan,nan,nan,nan,0
late,cage,0,8,resnet,True,solarisation,lr,1e-05,0.0001,32,33,0.0070,2.9934,1.5585,0.8298,0.5737,nan,nan,nan,nan,0
late,cage,0,8,resnet,True,solarisation,lr,1e-05,0.0001,32,34,0.0064,2.9217,1.5192,0.8298,0.5673,nan,nan,nan,nan,0
late,cage,0,9,resnet,True,solarisation,lr,1e-05,0.0001,32,1,0.6900,0.6962,0.6945,0.5000,0.3838,nan,nan,nan,nan,0
late,cage,0,9,resnet,True,solarisation,lr,1e-05,0.0001,32,2,0.6710,0.6910,0.7113,0.2381,0.3906,nan,nan,nan,nan,0
late,cage,0,9,resnet,True,solarisation,lr,1e-05,0.0001,32,3,0.6484,0.6926,0.7106,0.2143,0.4040,nan,nan,nan,nan,0
late,cage,0,9,resnet,True,solarisation,lr,1e-05,0.0001,32,4,0.6199,0.7098,0.6780,0.7619,0.4310,nan,nan,nan,nan,0
late,cage,0,9,resnet,True,solarisation,lr,1e-05,0.0001,32,5,0.5804,0.7175,0.6742,0.7857,0.4545,nan,nan,nan,nan,1
late,cage,0,9,resnet,True,solarisation,lr,1e-05,0.0001,32,6,0.5300,0.7648,0.6565,0.7857,0.4242,nan,nan,nan,nan,1
late,cage,0,9,resnet,True,solarisation,lr,1e-05,0.0001,32,7,0.4744,0.8621,0.6591,0.7857,0.4545,nan,nan,nan,nan,1
late,cage,0,9,resnet,True,solarisation,lr,1e-05,0.0001,32,8,0.4087,0.9761,0.6887,0.7857,0.4579,nan,nan,nan,nan,1
late,cage,0,9,resnet,True,solarisation,lr,1e-05,0.0001,32,9,0.3453,1.1189,0.7430,0.7857,0.4916,nan,nan,nan,nan,1
late,cage,0,9,resnet,True,solarisation,lr,1e-05,0.0001,32,10,0.2899,1.3472,0.8461,0.7857,0.5084,nan,nan,nan,nan,1
late,cage,0,9,resnet,True,solarisation,lr,1e-05,0.0001,32,11,0.2336,1.4758,0.9119,0.7857,0.5354,nan,nan,nan,nan,1
late,cage,0,9,resnet,True,solarisation,lr,1e-05,0.0001,32,12,0.1937,1.7508,1.0499,0.7857,0.5051,nan,nan,nan,nan,1
late,cage,0,9,resnet,True,solarisation,lr,1e-05,0.0001,32,13,0.1547,1.7741,1.0799,0.7857,0.5118,nan,nan,nan,nan,1
late,cage,0,9,resnet,True,solarisation,lr,1e-05,0.0001,32,14,0.1234,1.9853,1.1896,0.7857,0.5219,nan,nan,nan,nan,1
late,cage,0,9,resnet,True,solarisation,lr,1e-05,0.0001,32,15,0.1013,2.0776,1.2380,0.7857,0.5185,nan,nan,nan,nan,0
late,cage,0,9,resnet,True,solarisation,lr,1e-05,0.0001,32,16,0.0817,2.4844,1.4435,0.7857,0.5219,nan,nan,nan,nan,0
late,cage,0,9,resnet,True,solarisation,lr,1e-05,0.0001,32,17,0.0727,2.5740,1.4948,0.7857,0.5185,nan,nan,nan,nan,0
late,cage,0,9,resnet,True,solarisation,lr,1e-05,0.0001,32,18,0.0578,2.7217,1.5668,0.7857,0.5286,nan,nan,nan,nan,1
late,cage,0,9,resnet,True,solarisation,lr,1e-05,0.0001,32,19,0.0505,2.8451,1.6358,0.7857,0.5320,nan,nan,nan,nan,0
late,cage,0,9,resnet,True,solarisation,lr,1e-05,0.0001,32,20,0.0426,2.7290,1.5897,0.7857,0.5320,nan,nan,nan,nan,0
late,cage,0,9,resnet,True,solarisation,lr,1e-05,0.0001,32,21,0.0360,2.4522,1.4595,0.7857,0.5354,2.1461,1.4545,0.8372,0.5754,1
late,cage,0,9,resnet,True,solarisation,lr,1e-05,0.0001,32,22,0.0322,2.7381,1.6089,0.7857,0.5387,nan,nan,nan,nan,0
late,cage,0,9,resnet,True,solarisation,lr,1e-05,0.0001,32,23,0.0284,2.8494,1.6727,0.7857,0.5185,nan,nan,nan,nan,0
late,cage,0,9,resnet,True,solarisation,lr,1e-05,0.0001,32,24,0.0254,2.9237,1.7184,0.7857,0.5286,nan,nan,nan,nan,0
late,cage,0,9,resnet,True,solarisation,lr,1e-05,0.0001,32,25,0.0213,2.7916,1.6636,0.7857,0.5320,nan,nan,nan,nan,0
late,cage,0,9,resnet,True,solarisation,lr,1e-05,0.0001,32,26,0.0201,3.1268,1.8245,0.7857,0.5354,nan,nan,nan,nan,0
late,cage,1,0,resnet,True,solarisation,lr,1e-05,0.0001,32,1,0.6926,0.6910,0.6879,0.7674,0.5437,nan,nan,nan,nan,0
late,cage,1,0,resnet,True,solarisation,lr,1e-05,0.0001,32,2,0.6648,0.6882,0.6866,0.7442,0.6468,nan,nan,nan,nan,0
late,cage,1,0,resnet,True,solarisation,lr,1e-05,0.0001,32,3,0.6375,0.6807,0.6806,0.7442,0.7897,nan,nan,nan,nan,0
late,cage,1,0,resnet,True,solarisation,lr,1e-05,0.0001,32,4,0.6040,0.6758,0.6563,0.8372,0.7817,nan,nan,nan,nan,0
late,cage,1,0,resnet,True,solarisation,lr,1e-05,0.0001,32,5,0.5607,0.6680,0.6583,0.8140,0.7579,nan,nan,nan,nan,1
late,cage,1,0,resnet,True,solarisation,lr,1e-05,0.0001,32,6,0.5141,0.6602,0.6299,0.8372,0.8254,nan,nan,nan,nan,1
late,cage,1,0,resnet,True,solarisation,lr,1e-05,0.0001,32,7,0.4555,0.6522,0.6498,0.7907,0.7897,0.7193,0.6843,0.6977,0.4325,1
late,cage,1,0,resnet,True,solarisation,lr,1e-05,0.0001,32,8,0.3893,0.6570,0.6277,0.8372,0.8095,nan,nan,nan,nan,0
late,cage,1,0,resnet,True,solarisation,lr,1e-05,0.0001,32,9,0.3214,0.7152,0.6195,0.8372,0.7619,nan,nan,nan,nan,0
late,cage,1,0,resnet,True,solarisation,lr,1e-05,0.0001,32,10,0.2652,0.6916,0.6403,0.8140,0.7302,nan,nan,nan,nan,0
late,cage,1,0,resnet,True,solarisation,lr,1e-05,0.0001,32,11,0.2113,0.7530,0.6423,0.8372,0.7262,nan,nan,nan,nan,0
late,cage,1,0,resnet,True,solarisation,lr,1e-05,0.0001,32,12,0.1611,0.9173,0.7079,0.8372,0.6984,nan,nan,nan,nan,0
late,cage,1,0,resnet,True,solarisation,lr,1e-05,0.0001,32,13,0.1343,0.8725,0.7072,0.8372,0.7302,nan,nan,nan,nan,0
late,cage,1,0,resnet,True,solarisation,lr,1e-05,0.0001,32,14,0.0992,1.1063,0.8084,0.8372,0.6548,nan,nan,nan,nan,0
late,cage,1,0,resnet,True,solarisation,lr,1e-05,0.0001,32,15,0.0853,1.0182,0.7821,0.8372,0.6468,nan,nan,nan,nan,0
late,cage,1,0,resnet,True,solarisation,lr,1e-05,0.0001,32,16,0.0724,1.1070,0.8392,0.8372,0.6587,nan,nan,nan,nan,0
late,cage,1,2,resnet,True,solarisation,lr,1e-05,0.0001,32,1,0.6915,0.6959,0.6872,0.6429,0.4522,nan,nan,nan,nan,0
late,cage,1,2,resnet,True,solarisation,lr,1e-05,0.0001,32,2,0.6736,0.6952,0.6922,0.5476,0.4559,nan,nan,nan,nan,0
late,cage,1,2,resnet,True,solarisation,lr,1e-05,0.0001,32,3,0.6536,0.6969,0.6918,0.5238,0.4265,nan,nan,nan,nan,0
late,cage,1,2,resnet,True,solarisation,lr,1e-05,0.0001,32,4,0.6281,0.7006,0.6649,0.8095,0.4890,nan,nan,nan,nan,0
late,cage,1,2,resnet,True,solarisation,lr,1e-05,0.0001,32,5,0.5917,0.7009,0.6633,0.8095,0.5331,nan,nan,nan,nan,1
late,cage,1,2,resnet,True,solarisation,lr,1e-05,0.0001,32,6,0.5455,0.7207,0.6389,0.8095,0.5478,nan,nan,nan,nan,1
late,cage,1,2,resnet,True,solarisation,lr,1e-05,0.0001,32,7,0.4952,0.7583,0.6218,0.8095,0.5882,nan,nan,nan,nan,1
late,cage,1,2,resnet,True,solarisation,lr,1e-05,0.0001,32,8,0.4317,0.8210,0.6318,0.8095,0.5588,nan,nan,nan,nan,1
late,cage,1,2,resnet,True,solarisation,lr,1e-05,0.0001,32,9,0.3628,0.8861,0.6509,0.8095,0.5331,0.8369,0.6334,0.8372,0.4524,1
late,cage,1,2,resnet,True,solarisation,lr,1e-05,0.0001,32,10,0.3047,0.8504,0.6509,0.8095,0.5441,nan,nan,nan,nan,0
late,cage,1,2,resnet,True,solarisation,lr,1e-05,0.0001,32,11,0.2495,0.9895,0.7002,0.8095,0.5000,nan,nan,nan,nan,0
late,cage,1,2,resnet,True,solarisation,lr,1e-05,0.0001,32,12,0.2045,1.0848,0.7372,0.8095,0.4926,nan,nan,nan,nan,0
late,cage,1,2,resnet,True,solarisation,lr,1e-05,0.0001,32,13,0.1638,1.2278,0.8016,0.8095,0.5221,nan,nan,nan,nan,0
late,cage,1,2,resnet,True,solarisation,lr,1e-05,0.0001,32,14,0.1293,1.1907,0.8053,0.8095,0.4816,nan,nan,nan,nan,0
late,cage,1,2,resnet,True,solarisation,lr,1e-05,0.0001,32,15,0.1096,1.3015,0.8578,0.8095,0.5000,nan,nan,nan,nan,0
late,cage,1,2,resnet,True,solarisation,lr,1e-05,0.0001,32,16,0.0885,1.4665,0.9330,0.8095,0.5000,nan,nan,nan,nan,0
late,cage,1,3,resnet,True,solarisation,lr,1e-05,0.0001,32,1,0.7140,0.7013,0.7336,0.1667,0.4653,nan,nan,nan,nan,0
late,cage,1,3,resnet,True,solarisation,lr,1e-05,0.0001,32,2,0.6717,0.6967,0.7167,0.2619,0.5061,nan,nan,nan,nan,0
late,cage,1,3,resnet,True,solarisation,lr,1e-05,0.0001,32,3,0.6466,0.7010,0.7416,0.2143,0.5061,nan,nan,nan,nan,0
late,cage,1,3,resnet,True,solarisation,lr,1e-05,0.0001,32,4,0.6118,0.6956,0.7245,0.2619,0.5143,nan,nan,nan,nan,0
late,cage,1,3,resnet,True,solarisation,lr,1e-05,0.0001,32,5,0.5738,0.6887,0.6780,0.6905,0.5469,nan,nan,nan,nan,1
late,cage,1,3,resnet,True,solarisation,lr,1e-05,0.0001,32,6,0.5209,0.6962,0.6384,0.8333,0.5918,nan,nan,nan,nan,1
late,cage,1,3,resnet,True,solarisation,lr,1e-05,0.0001,32,7,0.4575,0.7176,0.6426,0.8333,0.5714,nan,nan,nan,nan,1
late,cage,1,3,resnet,True,solarisation,lr,1e-05,0.0001,32,8,0.3912,0.8368,0.6566,0.8333,0.6000,nan,nan,nan,nan,1
late,cage,1,3,resnet,True,solarisation,lr,1e-05,0.0001,32,9,0.3186,1.0417,0.7360,0.8333,0.6245,1.0815,0.6987,0.8372,0.4603,1
late,cage,1,3,resnet,True,solarisation,lr,1e-05,0.0001,32,10,0.2601,1.1519,0.8225,0.8333,0.5551,nan,nan,nan,nan,0
late,cage,1,3,resnet,True,solarisation,lr,1e-05,0.0001,32,11,0.2106,1.4403,0.9634,0.8333,0.5837,nan,nan,nan,nan,0
late,cage,1,3,resnet,True,solarisation,lr,1e-05,0.0001,32,12,0.1656,1.5928,1.0431,0.8333,0.5837,nan,nan,nan,nan,0
late,cage,1,3,resnet,True,solarisation,lr,1e-05,0.0001,32,13,0.1305,1.6582,1.0872,0.8333,0.5592,nan,nan,nan,nan,0
late,cage,1,3,resnet,True,solarisation,lr,1e-05,0.0001,32,14,0.1040,1.9784,1.2627,0.8333,0.5837,nan,nan,nan,nan,0
late,cage,1,3,resnet,True,solarisation,lr,1e-05,0.0001,32,15,0.0845,2.1037,1.3299,0.8333,0.5796,nan,nan,nan,nan,0
late,cage,1,3,resnet,True,solarisation,lr,1e-05,0.0001,32,16,0.0702,2.4206,1.5146,0.8333,0.5592,nan,nan,nan,nan,0
late,cage,1,4,resnet,True,solarisation,lr,1e-05,0.0001,32,1,0.7055,0.6971,0.7027,0.2093,0.3071,nan,nan,nan,nan,0
late,cage,1,4,resnet,True,solarisation,lr,1e-05,0.0001,32,2,0.6773,0.6994,0.7010,0.3023,0.3000,nan,nan,nan,nan,0
late,cage,1,4,resnet,True,solarisation,lr,1e-05,0.0001,32,3,0.6566,0.7043,0.6927,0.7674,0.3107,nan,nan,nan,nan,0
late,cage,1,4,resnet,True,solarisation,lr,1e-05,0.0001,32,4,0.6269,0.7044,0.7023,0.4419,0.2893,nan,nan,nan,nan,0
late,cage,1,4,resnet,True,solarisation,lr,1e-05,0.0001,32,5,0.5892,0.7151,0.7006,0.6047,0.2536,nan,nan,nan,nan,1
late,cage,1,4,resnet,True,solarisation,lr,1e-05,0.0001,32,6,0.5435,0.7359,0.7039,0.7674,0.2857,nan,nan,nan,nan,0
late,cage,1,4,resnet,True,solarisation,lr,1e-05,0.0001,32,7,0.4893,0.7505,0.7102,0.7907,0.2536,nan,nan,nan,nan,0
late,cage,1,4,resnet,True,solarisation,lr,1e-05,0.0001,32,8,0.4218,0.7701,0.7130,0.7907,0.3250,nan,nan,nan,nan,0
late,cage,1,4,resnet,True,solarisation,lr,1e-05,0.0001,32,9,0.3605,0.8434,0.7479,0.8140,0.2714,nan,nan,nan,nan,0
late,cage,1,4,resnet,True,solarisation,lr,1e-05,0.0001,32,10,0.2978,0.8750,0.7689,0.8140,0.2679,nan,nan,nan,nan,0
late,cage,1,4,resnet,True,solarisation,lr,1e-05,0.0001,32,11,0.2462,0.9118,0.7959,0.8140,0.3107,nan,nan,nan,nan,0
late,cage,1,4,resnet,True,solarisation,lr,1e-05,0.0001,32,12,0.2020,1.0311,0.8669,0.8140,0.2893,nan,nan,nan,nan,0
late,cage,1,4,resnet,True,solarisation,lr,1e-05,0.0001,32,13,0.1605,1.0733,0.8955,0.8140,0.3143,nan,nan,nan,nan,0
late,cage,1,4,resnet,True,solarisation,lr,1e-05,0.0001,32,14,0.1401,1.0722,0.9042,0.8140,0.2929,nan,nan,nan,nan,0
late,cage,1,4,resnet,True,solarisation,lr,1e-05,0.0001,32,15,0.1102,1.1425,0.9487,0.8140,0.2964,nan,nan,nan,nan,1
late,cage,1,4,resnet,True,solarisation,lr,1e-05,0.0001,32,16,0.0937,1.2259,1.0017,0.8140,0.3143,nan,nan,nan,nan,0
late,cage,1,4,resnet,True,solarisation,lr,1e-05,0.0001,32,17,0.0792,1.2403,1.0210,0.8140,0.3321,nan,nan,nan,nan,1
late,cage,1,4,resnet,True,solarisation,lr,1e-05,0.0001,32,18,0.0606,1.2571,1.0333,0.8140,0.2893,nan,nan,nan,nan,0
late,cage,1,4,resnet,True,solarisation,lr,1e-05,0.0001,32,19,0.0520,1.3750,1.1033,0.8140,0.3179,nan,nan,nan,nan,0
late,cage,1,4,resnet,True,solarisation,lr,1e-05,0.0001,32,20,0.0493,1.4370,1.1442,0.8140,0.3429,nan,nan,nan,nan,1
late,cage,1,4,resnet,True,solarisation,lr,1e-05,0.0001,32,21,0.0370,1.3056,1.0808,0.8140,0.3107,nan,nan,nan,nan,0
late,cage,1,4,resnet,True,solarisation,lr,1e-05,0.0001,32,22,0.0346,1.5520,1.2309,0.8140,0.3250,nan,nan,nan,nan,0
late,cage,1,4,resnet,True,solarisation,lr,1e-05,0.0001,32,23,0.0317,1.5199,1.2143,0.8140,0.3571,nan,nan,nan,nan,1
late,cage,1,4,resnet,True,solarisation,lr,1e-05,0.0001,32,24,0.0275,1.5793,1.2500,0.8140,0.3536,nan,nan,nan,nan,1
late,cage,1,4,resnet,True,solarisation,lr,1e-05,0.0001,32,25,0.0237,1.5704,1.2486,0.8140,0.3214,nan,nan,nan,nan,0
late,cage,1,4,resnet,True,solarisation,lr,1e-05,0.0001,32,26,0.0214,1.5536,1.2456,0.8140,0.3429,nan,nan,nan,nan,0
late,cage,1,4,resnet,True,solarisation,lr,1e-05,0.0001,32,27,0.0189,1.7501,1.3628,0.8140,0.3393,nan,nan,nan,nan,0
late,cage,1,4,resnet,True,solarisation,lr,1e-05,0.0001,32,28,0.0164,1.6659,1.3155,0.8140,0.3786,nan,nan,nan,nan,1
late,cage,1,4,resnet,True,solarisation,lr,1e-05,0.0001,32,29,0.0152,1.7008,1.3453,0.8140,0.3500,nan,nan,nan,nan,0
late,cage,1,4,resnet,True,solarisation,lr,1e-05,0.0001,32,30,0.0135,1.8066,1.4141,0.8140,0.3536,nan,nan,nan,nan,1
late,cage,1,4,resnet,True,solarisation,lr,1e-05,0.0001,32,31,0.0118,1.8898,1.4641,0.8140,0.3607,nan,nan,nan,nan,0
late,cage,1,4,resnet,True,solarisation,lr,1e-05,0.0001,32,32,0.0116,1.7937,1.4148,0.8140,0.3643,nan,nan,nan,nan,1
late,cage,1,4,resnet,True,solarisation,lr,1e-05,0.0001,32,33,0.0112,1.7478,1.3949,0.8140,0.3679,nan,nan,nan,nan,0
late,cage,1,4,resnet,True,solarisation,lr,1e-05,0.0001,32,34,0.0095,2.1437,1.6389,0.8140,0.3536,nan,nan,nan,nan,0
late,cage,1,4,resnet,True,solarisation,lr,1e-05,0.0001,32,35,0.0111,1.9820,1.5272,0.8140,0.3571,nan,nan,nan,nan,0
late,cage,1,4,resnet,True,solarisation,lr,1e-05,0.0001,32,36,0.0074,1.9669,1.5217,0.8140,0.3750,nan,nan,nan,nan,0
late,cage,1,4,resnet,True,solarisation,lr,1e-05,0.0001,32,37,0.0086,2.2499,1.7039,0.8140,0.3964,nan,nan,nan,nan,1
late,cage,1,4,resnet,True,solarisation,lr,1e-05,0.0001,32,38,0.0080,2.3206,1.7449,0.8140,0.3500,nan,nan,nan,nan,0
late,cage,1,4,resnet,True,solarisation,lr,1e-05,0.0001,32,39,0.0079,2.5119,1.8812,0.8140,0.3929,nan,nan,nan,nan,0
late,cage,1,4,resnet,True,solarisation,lr,1e-05,0.0001,32,40,0.0095,2.3565,1.7746,0.8140,0.3786,1.9702,1.1552,0.8372,0.5397,1
late,cage,1,4,resnet,True,solarisation,lr,1e-05,0.0001,32,41,0.0074,2.3098,1.7699,0.8140,0.3750,nan,nan,nan,nan,0
late,cage,1,4,resnet,True,solarisation,lr,1e-05,0.0001,32,42,0.0046,2.6441,1.9817,0.8140,0.3679,nan,nan,nan,nan,0
late,cage,1,4,resnet,True,solarisation,lr,1e-05,0.0001,32,43,0.0116,2.9463,2.1850,0.8140,0.3893,nan,nan,nan,nan,0
late,cage,1,4,resnet,True,solarisation,lr,1e-05,0.0001,32,44,0.0065,2.8110,2.1008,0.8140,0.4036,nan,nan,nan,nan,0
late,cage,1,4,resnet,True,solarisation,lr,1e-05,0.0001,32,45,0.0060,3.1569,2.3417,0.8140,0.3750,nan,nan,nan,nan,0
late,cage,1,5,resnet,True,solarisation,lr,1e-05,0.0001,32,1,0.7432,0.7359,0.6795,0.7500,0.3548,nan,nan,nan,nan,0
late,cage,1,5,resnet,True,solarisation,lr,1e-05,0.0001,32,2,0.6552,0.7562,0.6745,0.7750,0.3513,nan,nan,nan,nan,0
late,cage,1,5,resnet,True,solarisation,lr,1e-05,0.0001,32,3,0.6264,0.7895,0.6732,0.7750,0.4014,nan,nan,nan,nan,0
late,cage,1,5,resnet,True,solarisation,lr,1e-05,0.0001,32,4,0.5877,0.8725,0.6931,0.7750,0.4122,nan,nan,nan,nan,0
late,cage,1,5,resnet,True,solarisation,lr,1e-05,0.0001,32,5,0.5422,0.9821,0.7348,0.7750,0.4301,nan,nan,nan,nan,1
late,cage,1,5,resnet,True,solarisation,lr,1e-05,0.0001,32,6,0.4859,1.1066,0.7974,0.7750,0.4588,nan,nan,nan,nan,1
late,cage,1,5,resnet,True,solarisation,lr,1e-05,0.0001,32,7,0.4245,1.3014,0.8947,0.7750,0.5090,nan,nan,nan,nan,1
late,cage,1,5,resnet,True,solarisation,lr,1e-05,0.0001,32,8,0.3565,1.7127,1.1252,0.7750,0.5125,nan,nan,nan,nan,1
late,cage,1,5,resnet,True,solarisation,lr,1e-05,0.0001,32,9,0.2996,2.1378,1.3767,0.7750,0.5448,nan,nan,nan,nan,1
late,cage,1,5,resnet,True,solarisation,lr,1e-05,0.0001,32,10,0.2390,2.6604,1.6892,0.7750,0.5520,nan,nan,nan,nan,1
late,cage,1,5,resnet,True,solarisation,lr,1e-05,0.0001,32,11,0.1845,3.1452,1.9858,0.7750,0.5520,nan,nan,nan,nan,1
late,cage,1,5,resnet,True,solarisation,lr,1e-05,0.0001,32,12,0.1466,3.6802,2.3088,0.7750,0.5018,nan,nan,nan,nan,0
late,cage,1,5,resnet,True,solarisation,lr,1e-05,0.0001,32,13,0.1182,3.8619,2.4212,0.7750,0.5484,nan,nan,nan,nan,1
late,cage,1,5,resnet,True,solarisation,lr,1e-05,0.0001,32,14,0.0956,4.0243,2.5179,0.7750,0.5305,nan,nan,nan,nan,0
late,cage,1,5,resnet,True,solarisation,lr,1e-05,0.0001,32,15,0.0752,4.5368,2.8395,0.7750,0.5341,nan,nan,nan,nan,0
late,cage,1,5,resnet,True,solarisation,lr,1e-05,0.0001,32,16,0.0617,4.9285,3.0874,0.7750,0.5484,nan,nan,nan,nan,0
late,cage,1,5,resnet,True,solarisation,lr,1e-05,0.0001,32,17,0.0482,5.0012,3.1298,0.7750,0.5556,nan,nan,nan,nan,0
late,cage,1,5,resnet,True,solarisation,lr,1e-05,0.0001,32,18,0.0392,5.4138,3.3917,0.7750,0.5556,nan,nan,nan,nan,1
late,cage,1,5,resnet,True,solarisation,lr,1e-05,0.0001,32,19,0.0347,5.5711,3.4842,0.7750,0.5520,nan,nan,nan,nan,0
late,cage,1,5,resnet,True,solarisation,lr,1e-05,0.0001,32,20,0.0316,6.2604,3.9060,0.7750,0.5520,nan,nan,nan,nan,1
late,cage,1,5,resnet,True,solarisation,lr,1e-05,0.0001,32,21,0.0266,6.0954,3.8208,0.7750,0.5663,nan,nan,nan,nan,0
late,cage,1,5,resnet,True,solarisation,lr,1e-05,0.0001,32,22,0.0211,6.1318,3.8477,0.7750,0.5699,nan,nan,nan,nan,1
late,cage,1,5,resnet,True,solarisation,lr,1e-05,0.0001,32,23,0.0195,5.9050,3.6955,0.7750,0.5520,nan,nan,nan,nan,0
late,cage,1,5,resnet,True,solarisation,lr,1e-05,0.0001,32,24,0.0159,6.4726,4.0520,0.7750,0.5771,nan,nan,nan,nan,0
late,cage,1,5,resnet,True,solarisation,lr,1e-05,0.0001,32,25,0.0147,6.2202,3.8892,0.7750,0.5591,5.4330,3.0146,0.8372,0.4960,1
late,cage,1,5,resnet,True,solarisation,lr,1e-05,0.0001,32,26,0.0150,6.4039,4.0074,0.7750,0.5556,nan,nan,nan,nan,0
late,cage,1,5,resnet,True,solarisation,lr,1e-05,0.0001,32,27,0.0114,6.2599,3.9148,0.7750,0.5412,nan,nan,nan,nan,0
late,cage,1,5,resnet,True,solarisation,lr,1e-05,0.0001,32,28,0.0100,6.8662,4.2937,0.7750,0.5520,nan,nan,nan,nan,0
late,cage,1,5,resnet,True,solarisation,lr,1e-05,0.0001,32,29,0.0082,6.6569,4.1616,0.7750,0.5412,nan,nan,nan,nan,0
late,cage,1,5,resnet,True,solarisation,lr,1e-05,0.0001,32,30,0.0092,6.9657,4.3587,0.7750,0.5735,nan,nan,nan,nan,0
late,cage,1,6,resnet,True,solarisation,lr,1e-05,0.0001,32,1,0.7048,0.6974,0.7098,0.1463,0.6429,nan,nan,nan,nan,0
late,cage,1,6,resnet,True,solarisation,lr,1e-05,0.0001,32,2,0.6839,0.6936,0.6982,0.1707,0.5714,nan,nan,nan,nan,0
late,cage,1,6,resnet,True,solarisation,lr,1e-05,0.0001,32,3,0.6715,0.6922,0.6905,0.5122,0.5190,nan,nan,nan,nan,0
late,cage,1,6,resnet,True,solarisation,lr,1e-05,0.0001,32,4,0.6535,0.6943,0.6936,0.4390,0.4762,nan,nan,nan,nan,0
late,cage,1,6,resnet,True,solarisation,lr,1e-05,0.0001,32,5,0.6280,0.6988,0.6975,0.4390,0.4143,0.6965,0.6987,0.5581,0.4167,1
late,cage,1,6,resnet,True,solarisation,lr,1e-05,0.0001,32,6,0.5892,0.7017,0.6890,0.6341,0.4095,nan,nan,nan,nan,0
late,cage,1,6,resnet,True,solarisation,lr,1e-05,0.0001,32,7,0.5393,0.7029,0.6625,0.7805,0.4095,nan,nan,nan,nan,0
late,cage,1,6,resnet,True,solarisation,lr,1e-05,0.0001,32,8,0.4791,0.7212,0.6471,0.8293,0.3952,nan,nan,nan,nan,0
late,cage,1,6,resnet,True,solarisation,lr,1e-05,0.0001,32,9,0.4151,0.7433,0.6447,0.8293,0.4000,nan,nan,nan,nan,0
late,cage,1,6,resnet,True,solarisation,lr,1e-05,0.0001,32,10,0.3538,0.7895,0.6420,0.8537,0.3952,nan,nan,nan,nan,0
late,cage,1,6,resnet,True,solarisation,lr,1e-05,0.0001,32,11,0.2947,0.7911,0.6483,0.8537,0.4190,nan,nan,nan,nan,0
late,cage,1,6,resnet,True,solarisation,lr,1e-05,0.0001,32,12,0.2405,0.8206,0.6552,0.8537,0.4762,nan,nan,nan,nan,0
late,cage,1,6,resnet,True,solarisation,lr,1e-05,0.0001,32,13,0.2020,0.9154,0.6886,0.8537,0.4571,nan,nan,nan,nan,0
late,cage,1,6,resnet,True,solarisation,lr,1e-05,0.0001,32,14,0.1686,0.9719,0.7190,0.8537,0.4381,nan,nan,nan,nan,0
late,cage,1,6,resnet,True,solarisation,lr,1e-05,0.0001,32,15,0.1398,1.0655,0.7580,0.8537,0.4905,nan,nan,nan,nan,0
late,cage,1,6,resnet,True,solarisation,lr,1e-05,0.0001,32,16,0.1181,0.9992,0.7440,0.8537,0.4524,nan,nan,nan,nan,0
late,cage,1,7,resnet,True,solarisation,lr,1e-05,0.0001,32,1,0.6938,0.6937,0.6958,0.4545,0.5139,nan,nan,nan,nan,0
late,cage,1,7,resnet,True,solarisation,lr,1e-05,0.0001,32,2,0.6811,0.6951,0.7132,0.1818,0.4722,nan,nan,nan,nan,0
late,cage,1,7,resnet,True,solarisation,lr,1e-05,0.0001,32,3,0.6648,0.6975,0.7282,0.1818,0.4479,nan,nan,nan,nan,0
late,cage,1,7,resnet,True,solarisation,lr,1e-05,0.0001,32,4,0.6426,0.6956,0.7176,0.1591,0.4965,nan,nan,nan,nan,0
late,cage,1,7,resnet,True,solarisation,lr,1e-05,0.0001,32,5,0.6133,0.6945,0.7006,0.4773,0.5000,nan,nan,nan,nan,1
late,cage,1,7,resnet,True,solarisation,lr,1e-05,0.0001,32,6,0.5700,0.6926,0.6796,0.6591,0.5660,nan,nan,nan,nan,1
late,cage,1,7,resnet,True,solarisation,lr,1e-05,0.0001,32,7,0.5194,0.7065,0.6258,0.8182,0.6250,nan,nan,nan,nan,1
late,cage,1,7,resnet,True,solarisation,lr,1e-05,0.0001,32,8,0.4606,0.6992,0.6253,0.8182,0.6424,nan,nan,nan,nan,1
late,cage,1,7,resnet,True,solarisation,lr,1e-05,0.0001,32,9,0.3922,0.7258,0.5959,0.8182,0.6736,nan,nan,nan,nan,1
late,cage,1,7,resnet,True,solarisation,lr,1e-05,0.0001,32,10,0.3338,0.7459,0.5799,0.8182,0.7118,nan,nan,nan,nan,1
late,cage,1,7,resnet,True,solarisation,lr,1e-05,0.0001,32,11,0.2761,0.7531,0.5804,0.8182,0.7118,nan,nan,nan,nan,1
late,cage,1,7,resnet,True,solarisation,lr,1e-05,0.0001,32,12,0.2283,0.8103,0.5778,0.8182,0.7396,nan,nan,nan,nan,1
late,cage,1,7,resnet,True,solarisation,lr,1e-05,0.0001,32,13,0.1843,0.9417,0.6129,0.8182,0.7118,nan,nan,nan,nan,1
late,cage,1,7,resnet,True,solarisation,lr,1e-05,0.0001,32,14,0.1511,0.8662,0.5911,0.8182,0.7396,nan,nan,nan,nan,1
late,cage,1,7,resnet,True,solarisation,lr,1e-05,0.0001,32,15,0.1259,0.9383,0.6163,0.8182,0.7153,nan,nan,nan,nan,0
late,cage,1,7,resnet,True,solarisation,lr,1e-05,0.0001,32,16,0.1052,1.0057,0.6412,0.8182,0.7396,1.1386,0.7254,0.8372,0.4325,1
late,cage,1,7,resnet,True,solarisation,lr,1e-05,0.0001,32,17,0.0870,0.9794,0.6313,0.8182,0.7361,nan,nan,nan,nan,0
late,cage,1,7,resnet,True,solarisation,lr,1e-05,0.0001,32,18,0.0721,1.0930,0.6815,0.8182,0.7118,nan,nan,nan,nan,0
late,cage,1,7,resnet,True,solarisation,lr,1e-05,0.0001,32,19,0.0643,1.0922,0.6815,0.8182,0.7361,nan,nan,nan,nan,0
late,cage,1,7,resnet,True,solarisation,lr,1e-05,0.0001,32,20,0.0499,1.1189,0.6901,0.8182,0.7361,nan,nan,nan,nan,0
late,cage,1,7,resnet,True,solarisation,lr,1e-05,0.0001,32,21,0.0455,1.0351,0.6616,0.8182,0.7118,nan,nan,nan,nan,0
late,cage,1,8,resnet,True,solarisation,lr,1e-05,0.0001,32,1,0.6956,0.6939,0.7620,0.1702,0.6474,nan,nan,nan,nan,0
late,cage,1,8,resnet,True,solarisation,lr,1e-05,0.0001,32,2,0.6599,0.6861,0.7361,0.1915,0.6859,nan,nan,nan,nan,0
late,cage,1,8,resnet,True,solarisation,lr,1e-05,0.0001,32,3,0.6258,0.6883,0.7405,0.1915,0.6699,nan,nan,nan,nan,0
late,cage,1,8,resnet,True,solarisation,lr,1e-05,0.0001,32,4,0.5842,0.6898,0.7616,0.1915,0.6859,nan,nan,nan,nan,0
late,cage,1,8,resnet,True,solarisation,lr,1e-05,0.0001,32,5,0.5304,0.6852,0.7637,0.2128,0.7051,nan,nan,nan,nan,1
late,cage,1,8,resnet,True,solarisation,lr,1e-05,0.0001,32,6,0.4753,0.6603,0.6926,0.5532,0.6827,nan,nan,nan,nan,1
late,cage,1,8,resnet,True,solarisation,lr,1e-05,0.0001,32,7,0.4046,0.6483,0.6441,0.8298,0.6859,nan,nan,nan,nan,0
late,cage,1,8,resnet,True,solarisation,lr,1e-05,0.0001,32,8,0.3340,0.6476,0.6927,0.6383,0.6891,nan,nan,nan,nan,0
late,cage,1,8,resnet,True,solarisation,lr,1e-05,0.0001,32,9,0.2749,0.6503,0.6296,0.8085,0.6859,nan,nan,nan,nan,0
late,cage,1,8,resnet,True,solarisation,lr,1e-05,0.0001,32,10,0.2165,0.6643,0.6463,0.7872,0.6603,nan,nan,nan,nan,0
late,cage,1,8,resnet,True,solarisation,lr,1e-05,0.0001,32,11,0.1739,0.6934,0.6248,0.8085,0.6859,nan,nan,nan,nan,0
late,cage,1,8,resnet,True,solarisation,lr,1e-05,0.0001,32,12,0.1392,0.6313,0.7036,0.7872,0.6891,nan,nan,nan,nan,0
late,cage,1,8,resnet,True,solarisation,lr,1e-05,0.0001,32,13,0.1087,0.6354,0.6906,0.8511,0.6955,nan,nan,nan,nan,0
late,cage,1,8,resnet,True,solarisation,lr,1e-05,0.0001,32,14,0.0822,0.6555,0.6751,0.8511,0.6987,nan,nan,nan,nan,0
late,cage,1,8,resnet,True,solarisation,lr,1e-05,0.0001,32,15,0.0718,0.7795,0.6678,0.7872,0.6923,0.9621,0.7882,0.8372,0.4960,1
late,cage,1,8,resnet,True,solarisation,lr,1e-05,0.0001,32,16,0.0565,0.7029,0.6957,0.7872,0.6923,nan,nan,nan,nan,0
late,cage,1,8,resnet,True,solarisation,lr,1e-05,0.0001,32,17,0.0487,0.7563,0.6912,0.7872,0.6891,nan,nan,nan,nan,0
late,cage,1,8,resnet,True,solarisation,lr,1e-05,0.0001,32,18,0.0398,0.8348,0.7088,0.7872,0.6923,nan,nan,nan,nan,0
late,cage,1,8,resnet,True,solarisation,lr,1e-05,0.0001,32,19,0.0339,0.8279,0.7353,0.7660,0.6763,nan,nan,nan,nan,0
late,cage,1,8,resnet,True,solarisation,lr,1e-05,0.0001,32,20,0.0278,0.9423,0.7558,0.8085,0.6731,nan,nan,nan,nan,0
late,cage,1,9,resnet,True,solarisation,lr,1e-05,0.0001,32,1,0.6953,0.6895,0.7055,0.3810,0.4343,nan,nan,nan,nan,0
late,cage,1,9,resnet,True,solarisation,lr,1e-05,0.0001,32,2,0.6694,0.6905,0.7066,0.3571,0.4242,nan,nan,nan,nan,0
late,cage,1,9,resnet,True,solarisation,lr,1e-05,0.0001,32,3,0.6434,0.6903,0.7004,0.3333,0.4411,nan,nan,nan,nan,0
late,cage,1,9,resnet,True,solarisation,lr,1e-05,0.0001,32,4,0.6113,0.7010,0.6830,0.6905,0.4276,nan,nan,nan,nan,0
late,cage,1,9,resnet,True,solarisation,lr,1e-05,0.0001,32,5,0.5742,0.7326,0.6499,0.7857,0.4209,nan,nan,nan,nan,1
late,cage,1,9,resnet,True,solarisation,lr,1e-05,0.0001,32,6,0.5235,0.7558,0.6492,0.7857,0.4343,nan,nan,nan,nan,0
late,cage,1,9,resnet,True,solarisation,lr,1e-05,0.0001,32,7,0.4619,0.7728,0.6487,0.7857,0.4411,nan,nan,nan,nan,0
late,cage,1,9,resnet,True,solarisation,lr,1e-05,0.0001,32,8,0.3891,0.8905,0.6637,0.7857,0.4343,nan,nan,nan,nan,0
late,cage,1,9,resnet,True,solarisation,lr,1e-05,0.0001,32,9,0.3288,0.9367,0.6762,0.7857,0.4579,nan,nan,nan,nan,1
late,cage,1,9,resnet,True,solarisation,lr,1e-05,0.0001,32,10,0.2636,1.2995,0.8099,0.7857,0.4781,nan,nan,nan,nan,1
late,cage,1,9,resnet,True,solarisation,lr,1e-05,0.0001,32,11,0.2106,1.2590,0.8038,0.7857,0.4747,nan,nan,nan,nan,1
late,cage,1,9,resnet,True,solarisation,lr,1e-05,0.0001,32,12,0.1663,1.3781,0.8576,0.7857,0.4781,nan,nan,nan,nan,1
late,cage,1,9,resnet,True,solarisation,lr,1e-05,0.0001,32,13,0.1348,1.6766,1.0157,0.7857,0.4680,nan,nan,nan,nan,1
late,cage,1,9,resnet,True,solarisation,lr,1e-05,0.0001,32,14,0.1089,1.8908,1.1244,0.7857,0.4646,nan,nan,nan,nan,0
late,cage,1,9,resnet,True,solarisation,lr,1e-05,0.0001,32,15,0.0887,1.8571,1.1259,0.7857,0.4916,nan,nan,nan,nan,0
late,cage,1,9,resnet,True,solarisation,lr,1e-05,0.0001,32,16,0.0677,2.0332,1.2048,0.7857,0.5118,nan,nan,nan,nan,1
late,cage,1,9,resnet,True,solarisation,lr,1e-05,0.0001,32,17,0.0576,2.2262,1.3117,0.7857,0.4949,nan,nan,nan,nan,0
late,cage,1,9,resnet,True,solarisation,lr,1e-05,0.0001,32,18,0.0473,2.4694,1.4289,0.7857,0.5017,2.1315,1.2325,0.8372,0.6111,1
late,cage,1,9,resnet,True,solarisation,lr,1e-05,0.0001,32,19,0.0391,2.5809,1.4833,0.7857,0.4545,nan,nan,nan,nan,0
late,cage,1,9,resnet,True,solarisation,lr,1e-05,0.0001,32,20,0.0368,2.7152,1.5606,0.7857,0.4882,nan,nan,nan,nan,0
late,cage,1,9,resnet,True,solarisation,lr,1e-05,0.0001,32,21,0.0315,2.6613,1.5508,0.7857,0.5084,nan,nan,nan,nan,0
late,cage,1,9,resnet,True,solarisation,lr,1e-05,0.0001,32,22,0.0282,2.8322,1.6379,0.7857,0.4747,nan,nan,nan,nan,0
late,cage,1,9,resnet,True,solarisation,lr,1e-05,0.0001,32,23,0.0225,2.9558,1.7081,0.7857,0.5051,nan,nan,nan,nan,0
late,cage,2,0,resnet,True,solarisation,lr,1e-05,0.0001,32,1,0.6975,0.6928,0.7016,0.1628,0.5635,nan,nan,nan,nan,0
late,cage,2,0,resnet,True,solarisation,lr,1e-05,0.0001,32,2,0.6797,0.6921,0.6952,0.3256,0.5595,nan,nan,nan,nan,0
late,cage,2,0,resnet,True,solarisation,lr,1e-05,0.0001,32,3,0.6643,0.6917,0.6960,0.2791,0.5635,nan,nan,nan,nan,0
late,cage,2,0,resnet,True,solarisation,lr,1e-05,0.0001,32,4,0.6449,0.6897,0.6890,0.5349,0.5913,nan,nan,nan,nan,0
late,cage,2,0,resnet,True,solarisation,lr,1e-05,0.0001,32,5,0.6152,0.6866,0.6788,0.7907,0.6587,nan,nan,nan,nan,1
late,cage,2,0,resnet,True,solarisation,lr,1e-05,0.0001,32,6,0.5803,0.6855,0.6650,0.8372,0.6429,nan,nan,nan,nan,1
late,cage,2,0,resnet,True,solarisation,lr,1e-05,0.0001,32,7,0.5368,0.6819,0.6638,0.7907,0.6310,nan,nan,nan,nan,1
late,cage,2,0,resnet,True,solarisation,lr,1e-05,0.0001,32,8,0.4878,0.6783,0.6582,0.7907,0.6905,nan,nan,nan,nan,1
late,cage,2,0,resnet,True,solarisation,lr,1e-05,0.0001,32,9,0.4319,0.6879,0.6438,0.8372,0.6349,nan,nan,nan,nan,1
late,cage,2,0,resnet,True,solarisation,lr,1e-05,0.0001,32,10,0.3717,0.6851,0.6368,0.8140,0.6468,nan,nan,nan,nan,0
late,cage,2,0,resnet,True,solarisation,lr,1e-05,0.0001,32,11,0.3180,0.7103,0.6287,0.8372,0.6190,nan,nan,nan,nan,0
late,cage,2,0,resnet,True,solarisation,lr,1e-05,0.0001,32,12,0.2657,0.7107,0.6359,0.8140,0.6230,nan,nan,nan,nan,0
late,cage,2,0,resnet,True,solarisation,lr,1e-05,0.0001,32,13,0.2221,0.7384,0.6350,0.8372,0.6865,nan,nan,nan,nan,0
late,cage,2,0,resnet,True,solarisation,lr,1e-05,0.0001,32,14,0.1823,0.6693,0.6586,0.7907,0.6944,nan,nan,nan,nan,0
late,cage,2,0,resnet,True,solarisation,lr,1e-05,0.0001,32,15,0.1528,0.6956,0.6494,0.8372,0.6746,nan,nan,nan,nan,1
late,cage,2,0,resnet,True,solarisation,lr,1e-05,0.0001,32,16,0.1258,0.6999,0.6631,0.8140,0.7024,nan,nan,nan,nan,1
late,cage,2,0,resnet,True,solarisation,lr,1e-05,0.0001,32,17,0.1058,0.7417,0.6692,0.8140,0.6865,0.9683,0.7505,0.8095,0.3971,1
late,cage,2,0,resnet,True,solarisation,lr,1e-05,0.0001,32,18,0.0906,0.7419,0.6861,0.8140,0.7024,nan,nan,nan,nan,0
late,cage,2,0,resnet,True,solarisation,lr,1e-05,0.0001,32,19,0.0801,0.8061,0.7024,0.8140,0.6865,nan,nan,nan,nan,0
late,cage,2,0,resnet,True,solarisation,lr,1e-05,0.0001,32,20,0.0666,0.8783,0.7245,0.8140,0.6865,nan,nan,nan,nan,0
late,cage,2,0,resnet,True,solarisation,lr,1e-05,0.0001,32,21,0.0572,0.8359,0.7208,0.8140,0.7024,nan,nan,nan,nan,0
late,cage,2,0,resnet,True,solarisation,lr,1e-05,0.0001,32,22,0.0485,0.8888,0.7344,0.8140,0.6746,nan,nan,nan,nan,0
late,cage,2,1,resnet,True,solarisation,lr,1e-05,0.0001,32,1,0.6976,0.6907,0.6617,0.8372,0.5833,nan,nan,nan,nan,0
late,cage,2,1,resnet,True,solarisation,lr,1e-05,0.0001,32,2,0.6562,0.6974,0.6362,0.8372,0.4960,nan,nan,nan,nan,0
late,cage,2,1,resnet,True,solarisation,lr,1e-05,0.0001,32,3,0.6214,0.7044,0.6206,0.8372,0.5159,nan,nan,nan,nan,0
late,cage,2,1,resnet,True,solarisation,lr,1e-05,0.0001,32,4,0.5854,0.7172,0.6080,0.8372,0.5357,nan,nan,nan,nan,0
late,cage,2,1,resnet,True,solarisation,lr,1e-05,0.0001,32,5,0.5423,0.7288,0.6019,0.8372,0.5278,nan,nan,nan,nan,1
late,cage,2,1,resnet,True,solarisation,lr,1e-05,0.0001,32,6,0.4893,0.7703,0.5875,0.8372,0.5754,nan,nan,nan,nan,0
late,cage,2,1,resnet,True,solarisation,lr,1e-05,0.0001,32,7,0.4297,0.7897,0.5926,0.8372,0.5675,nan,nan,nan,nan,1
late,cage,2,1,resnet,True,solarisation,lr,1e-05,0.0001,32,8,0.3600,0.8410,0.6023,0.8372,0.5476,nan,nan,nan,nan,1
late,cage,2,1,resnet,True,solarisation,lr,1e-05,0.0001,32,9,0.2914,0.9260,0.6201,0.8372,0.5595,nan,nan,nan,nan,0
late,cage,2,1,resnet,True,solarisation,lr,1e-05,0.0001,32,10,0.2469,1.0312,0.6530,0.8372,0.5516,nan,nan,nan,nan,1
late,cage,2,1,resnet,True,solarisation,lr,1e-05,0.0001,32,11,0.1879,1.1576,0.7078,0.8372,0.5754,nan,nan,nan,nan,0
late,cage,2,1,resnet,True,solarisation,lr,1e-05,0.0001,32,12,0.1555,1.2443,0.7467,0.8372,0.5754,nan,nan,nan,nan,0
late,cage,2,1,resnet,True,solarisation,lr,1e-05,0.0001,32,13,0.1192,1.3001,0.7756,0.8372,0.5833,1.4832,0.8939,0.8095,0.3235,1
late,cage,2,1,resnet,True,solarisation,lr,1e-05,0.0001,32,14,0.1014,1.4355,0.8386,0.8372,0.5635,nan,nan,nan,nan,0
late,cage,2,1,resnet,True,solarisation,lr,1e-05,0.0001,32,15,0.0767,1.5358,0.8872,0.8372,0.5675,nan,nan,nan,nan,0
late,cage,2,1,resnet,True,solarisation,lr,1e-05,0.0001,32,16,0.0655,1.6395,0.9373,0.8372,0.5516,nan,nan,nan,nan,0
late,cage,2,1,resnet,True,solarisation,lr,1e-05,0.0001,32,17,0.0566,1.7631,1.0012,0.8372,0.5675,nan,nan,nan,nan,0
late,cage,2,1,resnet,True,solarisation,lr,1e-05,0.0001,32,18,0.0445,1.7977,1.0206,0.8372,0.5635,nan,nan,nan,nan,0
late,cage,2,3,resnet,True,solarisation,lr,1e-05,0.0001,32,1,0.6859,0.6953,0.7138,0.1905,0.4857,nan,nan,nan,nan,0
late,cage,2,3,resnet,True,solarisation,lr,1e-05,0.0001,32,2,0.6683,0.6954,0.7149,0.2143,0.4612,nan,nan,nan,nan,0
late,cage,2,3,resnet,True,solarisation,lr,1e-05,0.0001,32,3,0.6452,0.6984,0.7284,0.1905,0.4612,nan,nan,nan,nan,0
late,cage,2,3,resnet,True,solarisation,lr,1e-05,0.0001,32,4,0.6173,0.6938,0.6867,0.6667,0.4531,nan,nan,nan,nan,0
late,cage,2,3,resnet,True,solarisation,lr,1e-05,0.0001,32,5,0.5771,0.7079,0.6511,0.8333,0.4531,0.7172,0.6391,0.8095,0.5478,1
late,cage,2,3,resnet,True,solarisation,lr,1e-05,0.0001,32,6,0.5312,0.7196,0.6632,0.8095,0.4449,nan,nan,nan,nan,0
late,cage,2,3,resnet,True,solarisation,lr,1e-05,0.0001,32,7,0.4761,0.7895,0.6530,0.8333,0.4653,nan,nan,nan,nan,0
late,cage,2,3,resnet,True,solarisation,lr,1e-05,0.0001,32,8,0.4132,0.9187,0.7022,0.8333,0.4449,nan,nan,nan,nan,0
late,cage,2,3,resnet,True,solarisation,lr,1e-05,0.0001,32,9,0.3523,1.0423,0.7696,0.8333,0.4531,nan,nan,nan,nan,0
late,cage,2,3,resnet,True,solarisation,lr,1e-05,0.0001,32,10,0.2913,1.1682,0.8321,0.8333,0.4327,nan,nan,nan,nan,0
late,cage,2,3,resnet,True,solarisation,lr,1e-05,0.0001,32,11,0.2365,1.1276,0.8471,0.8333,0.4367,nan,nan,nan,nan,0
late,cage,2,3,resnet,True,solarisation,lr,1e-05,0.0001,32,12,0.1954,1.3226,0.9549,0.8333,0.4327,nan,nan,nan,nan,0
late,cage,2,3,resnet,True,solarisation,lr,1e-05,0.0001,32,13,0.1553,1.4955,1.0541,0.8333,0.4204,nan,nan,nan,nan,0
late,cage,2,3,resnet,True,solarisation,lr,1e-05,0.0001,32,14,0.1271,1.5445,1.0900,0.8333,0.3837,nan,nan,nan,nan,0
late,cage,2,3,resnet,True,solarisation,lr,1e-05,0.0001,32,15,0.1043,1.8905,1.2751,0.8333,0.3959,nan,nan,nan,nan,0
late,cage,2,3,resnet,True,solarisation,lr,1e-05,0.0001,32,16,0.0862,2.1019,1.4074,0.8333,0.3837,nan,nan,nan,nan,0
late,cage,2,4,resnet,True,solarisation,lr,1e-05,0.0001,32,1,0.6934,0.6945,0.6860,0.8140,0.5143,nan,nan,nan,nan,0
late,cage,2,4,resnet,True,solarisation,lr,1e-05,0.0001,32,2,0.6750,0.6959,0.6839,0.8140,0.5107,nan,nan,nan,nan,0
late,cage,2,4,resnet,True,solarisation,lr,1e-05,0.0001,32,3,0.6525,0.6969,0.6845,0.8140,0.4857,nan,nan,nan,nan,0
late,cage,2,4,resnet,True,solarisation,lr,1e-05,0.0001,32,4,0.6216,0.7120,0.6834,0.8140,0.4393,nan,nan,nan,nan,0
late,cage,2,4,resnet,True,solarisation,lr,1e-05,0.0001,32,5,0.5792,0.7928,0.7048,0.8140,0.4250,0.7948,0.6285,0.8095,0.4743,1
late,cage,2,4,resnet,True,solarisation,lr,1e-05,0.0001,32,6,0.5264,0.8924,0.7631,0.8140,0.4000,nan,nan,nan,nan,0
late,cage,2,4,resnet,True,solarisation,lr,1e-05,0.0001,32,7,0.4669,1.0245,0.8575,0.8140,0.4071,nan,nan,nan,nan,0
late,cage,2,4,resnet,True,solarisation,lr,1e-05,0.0001,32,8,0.4035,1.1394,0.9405,0.8140,0.4286,nan,nan,nan,nan,0
late,cage,2,4,resnet,True,solarisation,lr,1e-05,0.0001,32,9,0.3372,1.3519,1.0742,0.8140,0.3821,nan,nan,nan,nan,0
late,cage,2,4,resnet,True,solarisation,lr,1e-05,0.0001,32,10,0.2771,1.6471,1.2849,0.8140,0.3643,nan,nan,nan,nan,0
late,cage,2,4,resnet,True,solarisation,lr,1e-05,0.0001,32,11,0.2263,1.7538,1.3617,0.8140,0.3679,nan,nan,nan,nan,0
late,cage,2,4,resnet,True,solarisation,lr,1e-05,0.0001,32,12,0.1818,1.9701,1.5132,0.8140,0.3643,nan,nan,nan,nan,0
late,cage,2,4,resnet,True,solarisation,lr,1e-05,0.0001,32,13,0.1468,2.2528,1.7057,0.8140,0.3536,nan,nan,nan,nan,0
late,cage,2,4,resnet,True,solarisation,lr,1e-05,0.0001,32,14,0.1222,2.5700,1.9275,0.8140,0.3250,nan,nan,nan,nan,0
late,cage,2,4,resnet,True,solarisation,lr,1e-05,0.0001,32,15,0.0986,2.6123,1.9609,0.8140,0.3500,nan,nan,nan,nan,0
late,cage,2,4,resnet,True,solarisation,lr,1e-05,0.0001,32,16,0.0830,2.6834,2.0135,0.8140,0.3429,nan,nan,nan,nan,0
late,cage,2,5,resnet,True,solarisation,lr,1e-05,0.0001,32,1,0.6861,0.6947,0.7007,0.3250,0.3943,nan,nan,nan,nan,0
late,cage,2,5,resnet,True,solarisation,lr,1e-05,0.0001,32,2,0.6692,0.6930,0.7041,0.2750,0.4086,nan,nan,nan,nan,0
late,cage,2,5,resnet,True,solarisation,lr,1e-05,0.0001,32,3,0.6495,0.6969,0.6913,0.4750,0.4301,nan,nan,nan,nan,0
late,cage,2,5,resnet,True,solarisation,lr,1e-05,0.0001,32,4,0.6204,0.7033,0.6840,0.6250,0.4552,nan,nan,nan,nan,0
late,cage,2,5,resnet,True,solarisation,lr,1e-05,0.0001,32,5,0.5824,0.7190,0.6733,0.7500,0.4839,nan,nan,nan,nan,1
late,cage,2,5,resnet,True,solarisation,lr,1e-05,0.0001,32,6,0.5337,0.7765,0.6631,0.7500,0.5161,nan,nan,nan,nan,1
late,cage,2,5,resnet,True,solarisation,lr,1e-05,0.0001,32,7,0.4769,0.9066,0.6957,0.7750,0.5233,nan,nan,nan,nan,1
late,cage,2,5,resnet,True,solarisation,lr,1e-05,0.0001,32,8,0.4158,1.0747,0.7719,0.7750,0.5090,nan,nan,nan,nan,1
late,cage,2,5,resnet,True,solarisation,lr,1e-05,0.0001,32,9,0.3588,1.0666,0.7756,0.7750,0.5090,nan,nan,nan,nan,1
late,cage,2,5,resnet,True,solarisation,lr,1e-05,0.0001,32,10,0.2948,1.2302,0.8594,0.7750,0.5018,nan,nan,nan,nan,0
late,cage,2,5,resnet,True,solarisation,lr,1e-05,0.0001,32,11,0.2453,1.4475,0.9831,0.7750,0.5197,nan,nan,nan,nan,0
late,cage,2,5,resnet,True,solarisation,lr,1e-05,0.0001,32,12,0.2049,1.4426,0.9898,0.7750,0.5305,nan,nan,nan,nan,1
late,cage,2,5,resnet,True,solarisation,lr,1e-05,0.0001,32,13,0.1664,1.5572,1.0530,0.7750,0.4982,nan,nan,nan,nan,0
late,cage,2,5,resnet,True,solarisation,lr,1e-05,0.0001,32,14,0.1338,1.7640,1.1745,0.7750,0.5197,nan,nan,nan,nan,0
late,cage,2,5,resnet,True,solarisation,lr,1e-05,0.0001,32,15,0.1143,2.0847,1.3648,0.7750,0.5376,1.9253,1.1438,0.8095,0.4485,1
late,cage,2,5,resnet,True,solarisation,lr,1e-05,0.0001,32,16,0.0933,2.1532,1.4057,0.7750,0.5054,nan,nan,nan,nan,0
late,cage,2,5,resnet,True,solarisation,lr,1e-05,0.0001,32,17,0.0781,2.0650,1.3726,0.7750,0.5233,nan,nan,nan,nan,0
late,cage,2,5,resnet,True,solarisation,lr,1e-05,0.0001,32,18,0.0651,2.4451,1.5789,0.7750,0.5233,nan,nan,nan,nan,0
late,cage,2,5,resnet,True,solarisation,lr,1e-05,0.0001,32,19,0.0593,2.3380,1.5264,0.7750,0.5376,nan,nan,nan,nan,0
late,cage,2,5,resnet,True,solarisation,lr,1e-05,0.0001,32,20,0.0514,2.5064,1.6323,0.7750,0.5197,nan,nan,nan,nan,0
late,cage,2,6,resnet,True,solarisation,lr,1e-05,0.0001,32,1,0.6902,0.7087,0.7264,0.1463,0.3381,nan,nan,nan,nan,0
late,cage,2,6,resnet,True,solarisation,lr,1e-05,0.0001,32,2,0.6524,0.7242,0.7514,0.1463,0.2143,nan,nan,nan,nan,0
late,cage,2,6,resnet,True,solarisation,lr,1e-05,0.0001,32,3,0.6192,0.7334,0.7631,0.1463,0.1857,nan,nan,nan,nan,0
late,cage,2,6,resnet,True,solarisation,lr,1e-05,0.0001,32,4,0.5767,0.7667,0.8225,0.1463,0.1619,nan,nan,nan,nan,0
late,cage,2,6,resnet,True,solarisation,lr,1e-05,0.0001,32,5,0.5200,0.7704,0.8189,0.1707,0.1810,nan,nan,nan,nan,1
late,cage,2,6,resnet,True,solarisation,lr,1e-05,0.0001,32,6,0.4685,0.7894,0.8349,0.1463,0.1905,nan,nan,nan,nan,0
late,cage,2,6,resnet,True,solarisation,lr,1e-05,0.0001,32,7,0.3998,0.7887,0.8425,0.1463,0.2333,nan,nan,nan,nan,0
late,cage,2,6,resnet,True,solarisation,lr,1e-05,0.0001,32,8,0.3357,0.8021,0.8554,0.1463,0.2429,nan,nan,nan,nan,0
late,cage,2,6,resnet,True,solarisation,lr,1e-05,0.0001,32,9,0.2815,0.8123,0.8917,0.1951,0.2619,nan,nan,nan,nan,1
late,cage,2,6,resnet,True,solarisation,lr,1e-05,0.0001,32,10,0.2279,0.8072,0.8547,0.3171,0.3381,nan,nan,nan,nan,1
late,cage,2,6,resnet,True,solarisation,lr,1e-05,0.0001,32,11,0.1798,0.8174,0.8131,0.6341,0.3381,nan,nan,nan,nan,1
late,cage,2,6,resnet,True,solarisation,lr,1e-05,0.0001,32,12,0.1400,0.8262,0.9081,0.4146,0.3714,nan,nan,nan,nan,1
late,cage,2,6,resnet,True,solarisation,lr,1e-05,0.0001,32,13,0.1146,0.8512,0.8811,0.6098,0.3952,nan,nan,nan,nan,1
late,cage,2,6,resnet,True,solarisation,lr,1e-05,0.0001,32,14,0.0904,0.8919,0.9310,0.6341,0.3762,nan,nan,nan,nan,1
late,cage,2,6,resnet,True,solarisation,lr,1e-05,0.0001,32,15,0.0738,0.9004,0.9333,0.6829,0.4048,nan,nan,nan,nan,1
late,cage,2,6,resnet,True,solarisation,lr,1e-05,0.0001,32,16,0.0606,0.9839,0.9738,0.7805,0.4286,nan,nan,nan,nan,1
late,cage,2,6,resnet,True,solarisation,lr,1e-05,0.0001,32,17,0.0479,0.8980,1.0099,0.6098,0.4381,nan,nan,nan,nan,1
late,cage,2,6,resnet,True,solarisation,lr,1e-05,0.0001,32,18,0.0394,1.0147,1.0076,0.8049,0.4143,nan,nan,nan,nan,0
late,cage,2,6,resnet,True,solarisation,lr,1e-05,0.0001,32,19,0.0342,1.0457,1.0775,0.7073,0.4190,nan,nan,nan,nan,1
late,cage,2,6,resnet,True,solarisation,lr,1e-05,0.0001,32,20,0.0267,1.0332,1.1068,0.7073,0.4429,nan,nan,nan,nan,1
late,cage,2,6,resnet,True,solarisation,lr,1e-05,0.0001,32,21,0.0252,1.1068,1.1462,0.6829,0.4619,nan,nan,nan,nan,1
late,cage,2,6,resnet,True,solarisation,lr,1e-05,0.0001,32,22,0.0230,1.0328,1.1571,0.6585,0.4524,nan,nan,nan,nan,0
late,cage,2,6,resnet,True,solarisation,lr,1e-05,0.0001,32,23,0.0199,1.2717,1.2203,0.8049,0.4381,nan,nan,nan,nan,1
late,cage,2,6,resnet,True,solarisation,lr,1e-05,0.0001,32,24,0.0174,1.1349,1.1586,0.7805,0.4667,nan,nan,nan,nan,1
late,cage,2,6,resnet,True,solarisation,lr,1e-05,0.0001,32,25,0.0126,1.1193,1.2199,0.6829,0.4571,nan,nan,nan,nan,0
late,cage,2,6,resnet,True,solarisation,lr,1e-05,0.0001,32,26,0.0129,1.0679,1.1918,0.6829,0.4762,nan,nan,nan,nan,1
late,cage,2,6,resnet,True,solarisation,lr,1e-05,0.0001,32,27,0.0125,1.2595,1.2958,0.7561,0.4714,nan,nan,nan,nan,0
late,cage,2,6,resnet,True,solarisation,lr,1e-05,0.0001,32,28,0.0102,1.2940,1.3569,0.7317,0.4714,1.5038,1.4327,0.7381,0.4154,1
late,cage,2,6,resnet,True,solarisation,lr,1e-05,0.0001,32,29,0.0096,1.4525,1.3981,0.7805,0.4762,nan,nan,nan,nan,0
late,cage,2,6,resnet,True,solarisation,lr,1e-05,0.0001,32,30,0.0089,1.2259,1.3488,0.7073,0.4333,nan,nan,nan,nan,0
late,cage,2,6,resnet,True,solarisation,lr,1e-05,0.0001,32,31,0.0081,1.6567,1.5484,0.8049,0.4524,nan,nan,nan,nan,0
late,cage,2,6,resnet,True,solarisation,lr,1e-05,0.0001,32,32,0.0059,1.8933,1.5964,0.8293,0.4381,nan,nan,nan,nan,0
late,cage,2,6,resnet,True,solarisation,lr,1e-05,0.0001,32,33,0.0065,1.5688,1.5326,0.7805,0.4333,nan,nan,nan,nan,0
late,cage,2,7,resnet,True,solarisation,lr,1e-05,0.0001,32,1,0.6888,0.7031,0.6688,0.7727,0.4549,nan,nan,nan,nan,0
late,cage,2,7,resnet,True,solarisation,lr,1e-05,0.0001,32,2,0.6640,0.7067,0.6736,0.7727,0.3646,nan,nan,nan,nan,0
late,cage,2,7,resnet,True,solarisation,lr,1e-05,0.0001,32,3,0.6390,0.7073,0.6801,0.7045,0.4028,nan,nan,nan,nan,0
late,cage,2,7,resnet,True,solarisation,lr,1e-05,0.0001,32,4,0.6065,0.7152,0.6725,0.7500,0.3819,nan,nan,nan,nan,0
late,cage,2,7,resnet,True,solarisation,lr,1e-05,0.0001,32,5,0.5676,0.7193,0.6760,0.7045,0.4062,nan,nan,nan,nan,1
late,cage,2,7,resnet,True,solarisation,lr,1e-05,0.0001,32,6,0.5202,0.7335,0.6577,0.7727,0.4271,nan,nan,nan,nan,0
late,cage,2,7,resnet,True,solarisation,lr,1e-05,0.0001,32,7,0.4594,0.7448,0.6667,0.7727,0.4097,nan,nan,nan,nan,0
late,cage,2,7,resnet,True,solarisation,lr,1e-05,0.0001,32,8,0.3942,0.7799,0.6633,0.7955,0.4479,nan,nan,nan,nan,1
late,cage,2,7,resnet,True,solarisation,lr,1e-05,0.0001,32,9,0.3250,0.8335,0.6700,0.7955,0.4340,nan,nan,nan,nan,1
late,cage,2,7,resnet,True,solarisation,lr,1e-05,0.0001,32,10,0.2655,0.9380,0.6932,0.7955,0.4375,nan,nan,nan,nan,1
late,cage,2,7,resnet,True,solarisation,lr,1e-05,0.0001,32,11,0.2110,1.0821,0.7293,0.8182,0.4549,nan,nan,nan,nan,1
late,cage,2,7,resnet,True,solarisation,lr,1e-05,0.0001,32,12,0.1624,1.1047,0.7537,0.8182,0.4514,nan,nan,nan,nan,1
late,cage,2,7,resnet,True,solarisation,lr,1e-05,0.0001,32,13,0.1305,1.0724,0.7472,0.8182,0.4722,nan,nan,nan,nan,0
late,cage,2,7,resnet,True,solarisation,lr,1e-05,0.0001,32,14,0.1061,1.2332,0.8035,0.8182,0.4653,1.3820,0.9055,0.8095,0.4301,1
late,cage,2,7,resnet,True,solarisation,lr,1e-05,0.0001,32,15,0.0871,1.1630,0.8143,0.8182,0.4514,nan,nan,nan,nan,0
late,cage,2,7,resnet,True,solarisation,lr,1e-05,0.0001,32,16,0.0735,1.0744,0.8134,0.7955,0.4479,nan,nan,nan,nan,0
late,cage,2,7,resnet,True,solarisation,lr,1e-05,0.0001,32,17,0.0636,1.4122,0.9034,0.8182,0.4618,nan,nan,nan,nan,0
late,cage,2,7,resnet,True,solarisation,lr,1e-05,0.0001,32,18,0.0530,1.2222,0.8955,0.7955,0.4410,nan,nan,nan,nan,0
late,cage,2,7,resnet,True,solarisation,lr,1e-05,0.0001,32,19,0.0429,1.2289,0.9089,0.7955,0.4514,nan,nan,nan,nan,0
late,cage,2,8,resnet,True,solarisation,lr,1e-05,0.0001,32,1,0.6902,0.6984,0.7312,0.1915,0.4647,nan,nan,nan,nan,0
late,cage,2,8,resnet,True,solarisation,lr,1e-05,0.0001,32,2,0.6606,0.7026,0.7519,0.1702,0.4615,nan,nan,nan,nan,0
late,cage,2,8,resnet,True,solarisation,lr,1e-05,0.0001,32,3,0.6302,0.7044,0.7681,0.1702,0.5128,nan,nan,nan,nan,0
late,cage,2,8,resnet,True,solarisation,lr,1e-05,0.0001,32,4,0.5943,0.6951,0.7357,0.1702,0.5385,nan,nan,nan,nan,0
late,cage,2,8,resnet,True,solarisation,lr,1e-05,0.0001,32,5,0.5503,0.7041,0.7791,0.1702,0.5385,nan,nan,nan,nan,1
late,cage,2,8,resnet,True,solarisation,lr,1e-05,0.0001,32,6,0.4935,0.7025,0.7863,0.1702,0.5705,nan,nan,nan,nan,1
late,cage,2,8,resnet,True,solarisation,lr,1e-05,0.0001,32,7,0.4323,0.6949,0.7716,0.2340,0.5929,nan,nan,nan,nan,1
late,cage,2,8,resnet,True,solarisation,lr,1e-05,0.0001,32,8,0.3692,0.6869,0.7626,0.3830,0.5897,nan,nan,nan,nan,1
late,cage,2,8,resnet,True,solarisation,lr,1e-05,0.0001,32,9,0.3085,0.6815,0.7645,0.4681,0.6090,nan,nan,nan,nan,1
late,cage,2,8,resnet,True,solarisation,lr,1e-05,0.0001,32,10,0.2494,0.6797,0.7677,0.5319,0.6122,nan,nan,nan,nan,1
late,cage,2,8,resnet,True,solarisation,lr,1e-05,0.0001,32,11,0.1958,0.6784,0.7741,0.5745,0.6122,nan,nan,nan,nan,1
late,cage,2,8,resnet,True,solarisation,lr,1e-05,0.0001,32,12,0.1570,0.6956,0.8297,0.5106,0.5962,nan,nan,nan,nan,0
late,cage,2,8,resnet,True,solarisation,lr,1e-05,0.0001,32,13,0.1230,0.6927,0.8464,0.5106,0.6186,nan,nan,nan,nan,1
late,cage,2,8,resnet,True,solarisation,lr,1e-05,0.0001,32,14,0.0985,0.6823,0.8416,0.6170,0.6346,nan,nan,nan,nan,1
late,cage,2,8,resnet,True,solarisation,lr,1e-05,0.0001,32,15,0.0857,0.7027,0.8100,0.6170,0.6282,nan,nan,nan,nan,0
late,cage,2,8,resnet,True,solarisation,lr,1e-05,0.0001,32,16,0.0651,0.7112,0.9329,0.5745,0.6122,nan,nan,nan,nan,0
late,cage,2,8,resnet,True,solarisation,lr,1e-05,0.0001,32,17,0.0559,0.6934,0.9258,0.5957,0.6474,0.9813,1.0969,0.5952,0.3529,1
late,cage,2,8,resnet,True,solarisation,lr,1e-05,0.0001,32,18,0.0467,0.7122,0.9807,0.5745,0.6218,nan,nan,nan,nan,0
late,cage,2,8,resnet,True,solarisation,lr,1e-05,0.0001,32,19,0.0351,0.7249,1.0273,0.5957,0.6218,nan,nan,nan,nan,0
late,cage,2,8,resnet,True,solarisation,lr,1e-05,0.0001,32,20,0.0312,0.7551,1.0730,0.5745,0.6026,nan,nan,nan,nan,0
late,cage,2,8,resnet,True,solarisation,lr,1e-05,0.0001,32,21,0.0269,0.7423,1.0294,0.5319,0.6250,nan,nan,nan,nan,0
late,cage,2,8,resnet,True,solarisation,lr,1e-05,0.0001,32,22,0.0252,0.7418,1.0476,0.5532,0.6314,nan,nan,nan,nan,0
late,cage,2,9,resnet,True,solarisation,lr,1e-05,0.0001,32,1,0.6898,0.6869,0.7369,0.2143,0.4411,nan,nan,nan,nan,0
late,cage,2,9,resnet,True,solarisation,lr,1e-05,0.0001,32,2,0.6559,0.6892,0.7552,0.2143,0.4512,nan,nan,nan,nan,0
late,cage,2,9,resnet,True,solarisation,lr,1e-05,0.0001,32,3,0.6255,0.6936,0.7702,0.2143,0.3939,nan,nan,nan,nan,0
late,cage,2,9,resnet,True,solarisation,lr,1e-05,0.0001,32,4,0.5814,0.7124,0.7275,0.2619,0.3502,nan,nan,nan,nan,0
late,cage,2,9,resnet,True,solarisation,lr,1e-05,0.0001,32,5,0.5386,0.7245,0.7201,0.4762,0.3805,nan,nan,nan,nan,1
late,cage,2,9,resnet,True,solarisation,lr,1e-05,0.0001,32,6,0.4872,0.7373,0.7329,0.4762,0.3771,nan,nan,nan,nan,0
late,cage,2,9,resnet,True,solarisation,lr,1e-05,0.0001,32,7,0.4233,0.9542,0.7155,0.7857,0.4040,nan,nan,nan,nan,0
late,cage,2,9,resnet,True,solarisation,lr,1e-05,0.0001,32,8,0.3637,1.0136,0.7290,0.7857,0.4411,nan,nan,nan,nan,0
late,cage,2,9,resnet,True,solarisation,lr,1e-05,0.0001,32,9,0.2914,1.1485,0.7741,0.7857,0.4714,nan,nan,nan,nan,1
late,cage,2,9,resnet,True,solarisation,lr,1e-05,0.0001,32,10,0.2391,1.2677,0.8463,0.7857,0.4714,nan,nan,nan,nan,1
late,cage,2,9,resnet,True,solarisation,lr,1e-05,0.0001,32,11,0.1932,1.7169,1.0354,0.7857,0.5152,nan,nan,nan,nan,1
late,cage,2,9,resnet,True,solarisation,lr,1e-05,0.0001,32,12,0.1526,1.8758,1.1181,0.7857,0.5219,nan,nan,nan,nan,1
late,cage,2,9,resnet,True,solarisation,lr,1e-05,0.0001,32,13,0.1211,2.3595,1.3511,0.7857,0.5623,nan,nan,nan,nan,1
late,cage,2,9,resnet,True,solarisation,lr,1e-05,0.0001,32,14,0.0985,2.4519,1.3976,0.7857,0.5421,nan,nan,nan,nan,1
late,cage,2,9,resnet,True,solarisation,lr,1e-05,0.0001,32,15,0.0784,2.7384,1.5509,0.7857,0.5724,nan,nan,nan,nan,1
late,cage,2,9,resnet,True,solarisation,lr,1e-05,0.0001,32,16,0.0642,2.5803,1.4931,0.7857,0.5657,nan,nan,nan,nan,1
late,cage,2,9,resnet,True,solarisation,lr,1e-05,0.0001,32,17,0.0562,2.5523,1.4694,0.7857,0.5556,2.5798,1.5112,0.8095,0.3529,1
late,cage,2,9,resnet,True,solarisation,lr,1e-05,0.0001,32,18,0.0467,3.1879,1.8011,0.7857,0.5556,nan,nan,nan,nan,0
late,cage,2,9,resnet,True,solarisation,lr,1e-05,0.0001,32,19,0.0413,3.3703,1.9090,0.7857,0.5421,nan,nan,nan,nan,0
late,cage,2,9,resnet,True,solarisation,lr,1e-05,0.0001,32,20,0.0333,3.4827,1.9704,0.7857,0.5556,nan,nan,nan,nan,0
late,cage,2,9,resnet,True,solarisation,lr,1e-05,0.0001,32,21,0.0272,3.2803,1.8572,0.7857,0.5421,nan,nan,nan,nan,0
late,cage,2,9,resnet,True,solarisation,lr,1e-05,0.0001,32,22,0.0249,3.4230,1.9322,0.7857,0.5758,nan,nan,nan,nan,0
late,cage,3,0,resnet,True,solarisation,lr,1e-05,0.0001,32,1,0.6940,0.6986,0.7273,0.1860,0.5079,nan,nan,nan,nan,0
late,cage,3,0,resnet,True,solarisation,lr,1e-05,0.0001,32,2,0.6604,0.6985,0.7379,0.1628,0.6310,nan,nan,nan,nan,0
late,cage,3,0,resnet,True,solarisation,lr,1e-05,0.0001,32,3,0.6290,0.6998,0.7536,0.1628,0.7183,nan,nan,nan,nan,0
late,cage,3,0,resnet,True,solarisation,lr,1e-05,0.0001,32,4,0.5880,0.6859,0.7349,0.2326,0.7460,nan,nan,nan,nan,0
late,cage,3,0,resnet,True,solarisation,lr,1e-05,0.0001,32,5,0.5410,0.6646,0.6928,0.6047,0.7262,nan,nan,nan,nan,1
late,cage,3,0,resnet,True,solarisation,lr,1e-05,0.0001,32,6,0.4871,0.6768,0.7621,0.3488,0.7143,nan,nan,nan,nan,1
late,cage,3,0,resnet,True,solarisation,lr,1e-05,0.0001,32,7,0.4202,0.6795,0.7887,0.3488,0.6984,0.7278,0.8241,0.3571,0.4694,1
late,cage,3,0,resnet,True,solarisation,lr,1e-05,0.0001,32,8,0.3496,0.6424,0.7451,0.6047,0.7183,nan,nan,nan,nan,0
late,cage,3,0,resnet,True,solarisation,lr,1e-05,0.0001,32,9,0.2873,0.6412,0.7422,0.7674,0.7103,nan,nan,nan,nan,0
late,cage,3,0,resnet,True,solarisation,lr,1e-05,0.0001,32,10,0.2314,0.6314,0.7759,0.6744,0.7063,nan,nan,nan,nan,0
late,cage,3,0,resnet,True,solarisation,lr,1e-05,0.0001,32,11,0.1815,0.6417,0.8174,0.7442,0.6984,nan,nan,nan,nan,0
late,cage,3,0,resnet,True,solarisation,lr,1e-05,0.0001,32,12,0.1427,0.6530,0.8602,0.7442,0.6984,nan,nan,nan,nan,0
late,cage,3,0,resnet,True,solarisation,lr,1e-05,0.0001,32,13,0.1098,0.6530,0.9759,0.5814,0.7103,nan,nan,nan,nan,0
late,cage,3,0,resnet,True,solarisation,lr,1e-05,0.0001,32,14,0.0896,0.6536,0.9821,0.6977,0.7143,nan,nan,nan,nan,0
late,cage,3,0,resnet,True,solarisation,lr,1e-05,0.0001,32,15,0.0692,0.6734,1.0834,0.6047,0.7103,nan,nan,nan,nan,0
late,cage,3,0,resnet,True,solarisation,lr,1e-05,0.0001,32,16,0.0602,0.6679,1.0714,0.6512,0.7143,nan,nan,nan,nan,0
late,cage,3,1,resnet,True,solarisation,lr,1e-05,0.0001,32,1,0.6903,0.6884,0.6767,0.8140,0.6111,nan,nan,nan,nan,0
late,cage,3,1,resnet,True,solarisation,lr,1e-05,0.0001,32,2,0.6757,0.6901,0.6937,0.4884,0.5952,nan,nan,nan,nan,0
late,cage,3,1,resnet,True,solarisation,lr,1e-05,0.0001,32,3,0.6601,0.6926,0.7081,0.2791,0.5794,nan,nan,nan,nan,0
late,cage,3,1,resnet,True,solarisation,lr,1e-05,0.0001,32,4,0.6358,0.6919,0.6908,0.5814,0.5159,nan,nan,nan,nan,0
late,cage,3,1,resnet,True,solarisation,lr,1e-05,0.0001,32,5,0.6028,0.6970,0.6499,0.7907,0.4960,nan,nan,nan,nan,1
late,cage,3,1,resnet,True,solarisation,lr,1e-05,0.0001,32,6,0.5616,0.7250,0.6143,0.8372,0.5079,nan,nan,nan,nan,0
late,cage,3,1,resnet,True,solarisation,lr,1e-05,0.0001,32,7,0.5031,0.7240,0.6267,0.8140,0.5079,nan,nan,nan,nan,0
late,cage,3,1,resnet,True,solarisation,lr,1e-05,0.0001,32,8,0.4437,0.7601,0.6250,0.8140,0.5278,nan,nan,nan,nan,0
late,cage,3,1,resnet,True,solarisation,lr,1e-05,0.0001,32,9,0.3820,0.8164,0.6300,0.8372,0.5437,nan,nan,nan,nan,0
late,cage,3,1,resnet,True,solarisation,lr,1e-05,0.0001,32,10,0.3212,0.9461,0.6690,0.8372,0.5238,nan,nan,nan,nan,0
late,cage,3,1,resnet,True,solarisation,lr,1e-05,0.0001,32,11,0.2713,0.9786,0.6901,0.8372,0.5159,nan,nan,nan,nan,0
late,cage,3,1,resnet,True,solarisation,lr,1e-05,0.0001,32,12,0.2183,1.0679,0.7169,0.8372,0.5556,nan,nan,nan,nan,0
late,cage,3,1,resnet,True,solarisation,lr,1e-05,0.0001,32,13,0.1796,1.1575,0.7625,0.8372,0.5675,nan,nan,nan,nan,0
late,cage,3,1,resnet,True,solarisation,lr,1e-05,0.0001,32,14,0.1536,1.3274,0.8476,0.8372,0.5595,nan,nan,nan,nan,0
late,cage,3,1,resnet,True,solarisation,lr,1e-05,0.0001,32,15,0.1314,1.6865,0.9948,0.8372,0.5992,nan,nan,nan,nan,0
late,cage,3,1,resnet,True,solarisation,lr,1e-05,0.0001,32,16,0.1038,1.6130,0.9806,0.8372,0.5635,nan,nan,nan,nan,1
late,cage,3,1,resnet,True,solarisation,lr,1e-05,0.0001,32,17,0.0832,1.7608,1.0410,0.8372,0.5952,nan,nan,nan,nan,1
late,cage,3,1,resnet,True,solarisation,lr,1e-05,0.0001,32,18,0.0736,1.9447,1.1379,0.8372,0.6111,nan,nan,nan,nan,1
late,cage,3,1,resnet,True,solarisation,lr,1e-05,0.0001,32,19,0.0606,1.8217,1.0922,0.8372,0.5992,nan,nan,nan,nan,1
late,cage,3,1,resnet,True,solarisation,lr,1e-05,0.0001,32,20,0.0533,2.0869,1.2187,0.8372,0.6032,nan,nan,nan,nan,0
late,cage,3,1,resnet,True,solarisation,lr,1e-05,0.0001,32,21,0.0467,2.2898,1.3161,0.8372,0.6032,2.3495,1.4815,0.8333,0.5143,1
late,cage,3,1,resnet,True,solarisation,lr,1e-05,0.0001,32,22,0.0405,2.2311,1.2933,0.8372,0.5714,nan,nan,nan,nan,0
late,cage,3,1,resnet,True,solarisation,lr,1e-05,0.0001,32,23,0.0367,2.4750,1.4193,0.8372,0.5873,nan,nan,nan,nan,0
late,cage,3,1,resnet,True,solarisation,lr,1e-05,0.0001,32,24,0.0296,2.6643,1.5170,0.8372,0.5635,nan,nan,nan,nan,0
late,cage,3,1,resnet,True,solarisation,lr,1e-05,0.0001,32,25,0.0260,2.7015,1.5424,0.8372,0.5556,nan,nan,nan,nan,0
late,cage,3,1,resnet,True,solarisation,lr,1e-05,0.0001,32,26,0.0227,2.8626,1.6234,0.8372,0.6032,nan,nan,nan,nan,0
late,cage,3,2,resnet,True,solarisation,lr,1e-05,0.0001,32,1,0.6880,0.6810,0.6885,0.5238,0.7059,nan,nan,nan,nan,0
late,cage,3,2,resnet,True,solarisation,lr,1e-05,0.0001,32,2,0.6586,0.6803,0.6856,0.5952,0.7096,nan,nan,nan,nan,0
late,cage,3,2,resnet,True,solarisation,lr,1e-05,0.0001,32,3,0.6259,0.6766,0.7067,0.3571,0.6985,nan,nan,nan,nan,0
late,cage,3,2,resnet,True,solarisation,lr,1e-05,0.0001,32,4,0.5893,0.6795,0.6547,0.7619,0.6654,nan,nan,nan,nan,0
late,cage,3,2,resnet,True,solarisation,lr,1e-05,0.0001,32,5,0.5444,0.6913,0.6349,0.8095,0.5993,0.6935,0.6501,0.8571,0.5592,1
late,cage,3,2,resnet,True,solarisation,lr,1e-05,0.0001,32,6,0.4856,0.7131,0.6313,0.8333,0.5846,nan,nan,nan,nan,0
late,cage,3,2,resnet,True,solarisation,lr,1e-05,0.0001,32,7,0.4220,0.7846,0.6320,0.8095,0.5882,nan,nan,nan,nan,0
late,cage,3,2,resnet,True,solarisation,lr,1e-05,0.0001,32,8,0.3563,0.8175,0.6463,0.8095,0.5919,nan,nan,nan,nan,0
late,cage,3,2,resnet,True,solarisation,lr,1e-05,0.0001,32,9,0.2969,1.0259,0.7130,0.8095,0.5551,nan,nan,nan,nan,0
late,cage,3,2,resnet,True,solarisation,lr,1e-05,0.0001,32,10,0.2386,1.2050,0.7953,0.8095,0.5551,nan,nan,nan,nan,0
late,cage,3,2,resnet,True,solarisation,lr,1e-05,0.0001,32,11,0.1926,1.5293,0.9512,0.8095,0.5625,nan,nan,nan,nan,0
late,cage,3,2,resnet,True,solarisation,lr,1e-05,0.0001,32,12,0.1488,1.5277,0.9550,0.8095,0.5478,nan,nan,nan,nan,0
late,cage,3,2,resnet,True,solarisation,lr,1e-05,0.0001,32,13,0.1215,1.8398,1.1097,0.8095,0.5588,nan,nan,nan,nan,0
late,cage,3,2,resnet,True,solarisation,lr,1e-05,0.0001,32,14,0.0968,2.0216,1.2050,0.8095,0.5551,nan,nan,nan,nan,0
late,cage,3,2,resnet,True,solarisation,lr,1e-05,0.0001,32,15,0.0825,2.1873,1.2956,0.8095,0.5551,nan,nan,nan,nan,0
late,cage,3,2,resnet,True,solarisation,lr,1e-05,0.0001,32,16,0.0628,2.3663,1.3912,0.8095,0.5551,nan,nan,nan,nan,0
late,cage,3,4,resnet,True,solarisation,lr,1e-05,0.0001,32,1,0.6945,0.6873,0.6740,0.8140,0.6714,nan,nan,nan,nan,0
late,cage,3,4,resnet,True,solarisation,lr,1e-05,0.0001,32,2,0.6679,0.6850,0.6769,0.7674,0.6679,nan,nan,nan,nan,0
late,cage,3,4,resnet,True,solarisation,lr,1e-05,0.0001,32,3,0.6385,0.6976,0.6717,0.8140,0.5679,nan,nan,nan,nan,0
late,cage,3,4,resnet,True,solarisation,lr,1e-05,0.0001,32,4,0.6004,0.6979,0.6820,0.7674,0.5464,nan,nan,nan,nan,0
late,cage,3,4,resnet,True,solarisation,lr,1e-05,0.0001,32,5,0.5504,0.7072,0.6930,0.7907,0.5000,0.7019,0.6852,0.7619,0.5429,1
late,cage,3,4,resnet,True,solarisation,lr,1e-05,0.0001,32,6,0.4908,0.7832,0.7288,0.8140,0.4607,nan,nan,nan,nan,0
late,cage,3,4,resnet,True,solarisation,lr,1e-05,0.0001,32,7,0.4295,0.7845,0.7485,0.8140,0.5286,nan,nan,nan,nan,0
late,cage,3,4,resnet,True,solarisation,lr,1e-05,0.0001,32,8,0.3544,1.0537,0.9023,0.8140,0.5250,nan,nan,nan,nan,0
late,cage,3,4,resnet,True,solarisation,lr,1e-05,0.0001,32,9,0.2931,1.1184,0.9717,0.8140,0.5429,nan,nan,nan,nan,0
late,cage,3,4,resnet,True,solarisation,lr,1e-05,0.0001,32,10,0.2314,1.5882,1.2646,0.8140,0.5071,nan,nan,nan,nan,0
late,cage,3,4,resnet,True,solarisation,lr,1e-05,0.0001,32,11,0.1875,1.6497,1.3171,0.8140,0.4929,nan,nan,nan,nan,0
late,cage,3,4,resnet,True,solarisation,lr,1e-05,0.0001,32,12,0.1530,2.0356,1.5639,0.8140,0.5214,nan,nan,nan,nan,0
late,cage,3,4,resnet,True,solarisation,lr,1e-05,0.0001,32,13,0.1264,2.0152,1.5658,0.8140,0.5107,nan,nan,nan,nan,0
late,cage,3,4,resnet,True,solarisation,lr,1e-05,0.0001,32,14,0.0977,2.0493,1.5961,0.8140,0.5214,nan,nan,nan,nan,0
late,cage,3,4,resnet,True,solarisation,lr,1e-05,0.0001,32,15,0.0747,2.2517,1.7397,0.8140,0.5393,nan,nan,nan,nan,0
late,cage,3,4,resnet,True,solarisation,lr,1e-05,0.0001,32,16,0.0637,2.3566,1.8148,0.8140,0.5393,nan,nan,nan,nan,0
late,cage,3,5,resnet,True,solarisation,lr,1e-05,0.0001,32,1,0.7238,0.7012,0.6817,0.7250,0.5591,nan,nan,nan,nan,0
late,cage,3,5,resnet,True,solarisation,lr,1e-05,0.0001,32,2,0.6772,0.6973,0.6864,0.6750,0.5627,nan,nan,nan,nan,0
late,cage,3,5,resnet,True,solarisation,lr,1e-05,0.0001,32,3,0.6566,0.7013,0.6802,0.7000,0.5341,nan,nan,nan,nan,0
late,cage,3,5,resnet,True,solarisation,lr,1e-05,0.0001,32,4,0.6258,0.7182,0.6703,0.7750,0.4839,nan,nan,nan,nan,0
late,cage,3,5,resnet,True,solarisation,lr,1e-05,0.0001,32,5,0.5897,0.7318,0.6721,0.7750,0.4301,0.6809,0.6366,0.8333,0.7306,1
late,cage,3,5,resnet,True,solarisation,lr,1e-05,0.0001,32,6,0.5407,0.7817,0.6689,0.7750,0.4158,nan,nan,nan,nan,0
late,cage,3,5,resnet,True,solarisation,lr,1e-05,0.0001,32,7,0.4817,0.8530,0.6842,0.7750,0.4194,nan,nan,nan,nan,0
late,cage,3,5,resnet,True,solarisation,lr,1e-05,0.0001,32,8,0.4201,0.9919,0.7410,0.7750,0.3513,nan,nan,nan,nan,0
late,cage,3,5,resnet,True,solarisation,lr,1e-05,0.0001,32,9,0.3508,1.1027,0.7973,0.7750,0.3405,nan,nan,nan,nan,0
late,cage,3,5,resnet,True,solarisation,lr,1e-05,0.0001,32,10,0.2890,1.2453,0.8639,0.7750,0.3477,nan,nan,nan,nan,0
late,cage,3,5,resnet,True,solarisation,lr,1e-05,0.0001,32,11,0.2360,1.4067,0.9515,0.7750,0.3262,nan,nan,nan,nan,0
late,cage,3,5,resnet,True,solarisation,lr,1e-05,0.0001,32,12,0.1869,1.6619,1.0945,0.7750,0.3082,nan,nan,nan,nan,0
late,cage,3,5,resnet,True,solarisation,lr,1e-05,0.0001,32,13,0.1513,1.7627,1.1534,0.7750,0.3333,nan,nan,nan,nan,0
late,cage,3,5,resnet,True,solarisation,lr,1e-05,0.0001,32,14,0.1219,1.9209,1.2504,0.7750,0.3047,nan,nan,nan,nan,0
late,cage,3,5,resnet,True,solarisation,lr,1e-05,0.0001,32,15,0.0956,2.1932,1.4041,0.7750,0.3154,nan,nan,nan,nan,0
late,cage,3,5,resnet,True,solarisation,lr,1e-05,0.0001,32,16,0.0826,2.2581,1.4420,0.7750,0.3047,nan,nan,nan,nan,0
late,cage,3,6,resnet,True,solarisation,lr,1e-05,0.0001,32,1,0.6949,0.6917,0.6920,0.5122,0.5048,nan,nan,nan,nan,0
late,cage,3,6,resnet,True,solarisation,lr,1e-05,0.0001,32,2,0.6697,0.6993,0.7144,0.2683,0.4857,nan,nan,nan,nan,0
late,cage,3,6,resnet,True,solarisation,lr,1e-05,0.0001,32,3,0.6467,0.7059,0.7286,0.2439,0.4524,nan,nan,nan,nan,0
late,cage,3,6,resnet,True,solarisation,lr,1e-05,0.0001,32,4,0.6177,0.7127,0.7390,0.2195,0.4238,nan,nan,nan,nan,0
late,cage,3,6,resnet,True,solarisation,lr,1e-05,0.0001,32,5,0.5762,0.7103,0.7072,0.3902,0.3571,nan,nan,nan,nan,1
late,cage,3,6,resnet,True,solarisation,lr,1e-05,0.0001,32,6,0.5269,0.7230,0.7423,0.2927,0.4000,nan,nan,nan,nan,0
late,cage,3,6,resnet,True,solarisation,lr,1e-05,0.0001,32,7,0.4691,0.7100,0.6879,0.6341,0.4238,nan,nan,nan,nan,0
late,cage,3,6,resnet,True,solarisation,lr,1e-05,0.0001,32,8,0.4065,0.7176,0.7172,0.4634,0.4286,nan,nan,nan,nan,0
late,cage,3,6,resnet,True,solarisation,lr,1e-05,0.0001,32,9,0.3446,0.7273,0.7057,0.6585,0.4571,nan,nan,nan,nan,0
late,cage,3,6,resnet,True,solarisation,lr,1e-05,0.0001,32,10,0.2837,0.7364,0.7103,0.7073,0.4619,nan,nan,nan,nan,0
late,cage,3,6,resnet,True,solarisation,lr,1e-05,0.0001,32,11,0.2329,0.7660,0.7133,0.7561,0.4571,nan,nan,nan,nan,0
late,cage,3,6,resnet,True,solarisation,lr,1e-05,0.0001,32,12,0.1877,0.7203,0.7316,0.6585,0.5000,nan,nan,nan,nan,1
late,cage,3,6,resnet,True,solarisation,lr,1e-05,0.0001,32,13,0.1558,0.7461,0.7062,0.7805,0.4857,nan,nan,nan,nan,1
late,cage,3,6,resnet,True,solarisation,lr,1e-05,0.0001,32,14,0.1222,0.8023,0.7237,0.8049,0.4810,nan,nan,nan,nan,0
late,cage,3,6,resnet,True,solarisation,lr,1e-05,0.0001,32,15,0.0978,0.8040,0.7436,0.7561,0.4857,nan,nan,nan,nan,1
late,cage,3,6,resnet,True,solarisation,lr,1e-05,0.0001,32,16,0.0832,0.9162,0.7539,0.8293,0.4952,nan,nan,nan,nan,1
late,cage,3,6,resnet,True,solarisation,lr,1e-05,0.0001,32,17,0.0692,1.0107,0.7892,0.8293,0.4952,nan,nan,nan,nan,0
late,cage,3,6,resnet,True,solarisation,lr,1e-05,0.0001,32,18,0.0569,1.0168,0.8070,0.8293,0.4905,nan,nan,nan,nan,0
late,cage,3,6,resnet,True,solarisation,lr,1e-05,0.0001,32,19,0.0480,1.0183,0.8103,0.8293,0.5000,nan,nan,nan,nan,0
late,cage,3,6,resnet,True,solarisation,lr,1e-05,0.0001,32,20,0.0397,0.9240,0.7725,0.8049,0.5143,nan,nan,nan,nan,1
late,cage,3,6,resnet,True,solarisation,lr,1e-05,0.0001,32,21,0.0373,1.2383,0.9122,0.8537,0.4952,nan,nan,nan,nan,0
late,cage,3,6,resnet,True,solarisation,lr,1e-05,0.0001,32,22,0.0300,1.2286,0.9194,0.8293,0.5095,nan,nan,nan,nan,0
late,cage,3,6,resnet,True,solarisation,lr,1e-05,0.0001,32,23,0.0272,1.0720,0.8604,0.8049,0.5238,nan,nan,nan,nan,1
late,cage,3,6,resnet,True,solarisation,lr,1e-05,0.0001,32,24,0.0248,1.2903,0.9448,0.8293,0.5190,nan,nan,nan,nan,0
late,cage,3,6,resnet,True,solarisation,lr,1e-05,0.0001,32,25,0.0209,1.2108,0.9203,0.8293,0.5190,nan,nan,nan,nan,0
late,cage,3,6,resnet,True,solarisation,lr,1e-05,0.0001,32,26,0.0210,1.3809,0.9869,0.8537,0.5143,1.5919,1.1729,0.8333,0.4776,1
late,cage,3,6,resnet,True,solarisation,lr,1e-05,0.0001,32,27,0.0149,1.5590,1.0846,0.8537,0.5238,nan,nan,nan,nan,0
late,cage,3,6,resnet,True,solarisation,lr,1e-05,0.0001,32,28,0.0142,1.5865,1.0969,0.8537,0.5190,nan,nan,nan,nan,0
late,cage,3,6,resnet,True,solarisation,lr,1e-05,0.0001,32,29,0.0143,1.5066,1.0692,0.8537,0.5143,nan,nan,nan,nan,0
late,cage,3,6,resnet,True,solarisation,lr,1e-05,0.0001,32,30,0.0124,1.3982,1.0167,0.8537,0.5286,nan,nan,nan,nan,0
late,cage,3,6,resnet,True,solarisation,lr,1e-05,0.0001,32,31,0.0133,1.5423,1.0958,0.8537,0.5238,nan,nan,nan,nan,0
late,cage,3,7,resnet,True,solarisation,lr,1e-05,0.0001,32,1,0.6958,0.7259,0.7422,0.2273,0.2708,nan,nan,nan,nan,0
late,cage,3,7,resnet,True,solarisation,lr,1e-05,0.0001,32,2,0.6508,0.7285,0.7589,0.2045,0.3125,nan,nan,nan,nan,0
late,cage,3,7,resnet,True,solarisation,lr,1e-05,0.0001,32,3,0.6136,0.7355,0.7924,0.1591,0.2778,nan,nan,nan,nan,0
late,cage,3,7,resnet,True,solarisation,lr,1e-05,0.0001,32,4,0.5704,0.7318,0.7667,0.1818,0.2639,nan,nan,nan,nan,0
late,cage,3,7,resnet,True,solarisation,lr,1e-05,0.0001,32,5,0.5193,0.7293,0.7734,0.1818,0.3507,nan,nan,nan,nan,1
late,cage,3,7,resnet,True,solarisation,lr,1e-05,0.0001,32,6,0.4598,0.7218,0.7046,0.5227,0.3576,nan,nan,nan,nan,1
late,cage,3,7,resnet,True,solarisation,lr,1e-05,0.0001,32,7,0.3975,0.7279,0.6931,0.6818,0.4097,nan,nan,nan,nan,1
late,cage,3,7,resnet,True,solarisation,lr,1e-05,0.0001,32,8,0.3251,0.7236,0.7209,0.5000,0.4306,nan,nan,nan,nan,1
late,cage,3,7,resnet,True,solarisation,lr,1e-05,0.0001,32,9,0.2667,0.7437,0.6860,0.7500,0.4583,nan,nan,nan,nan,1
late,cage,3,7,resnet,True,solarisation,lr,1e-05,0.0001,32,10,0.2161,0.7377,0.6905,0.7727,0.5174,nan,nan,nan,nan,1
late,cage,3,7,resnet,True,solarisation,lr,1e-05,0.0001,32,11,0.1675,0.7459,0.7042,0.7727,0.5243,nan,nan,nan,nan,1
late,cage,3,7,resnet,True,solarisation,lr,1e-05,0.0001,32,12,0.1298,0.7323,0.7279,0.7500,0.5278,nan,nan,nan,nan,1
late,cage,3,7,resnet,True,solarisation,lr,1e-05,0.0001,32,13,0.1033,0.7919,0.7016,0.7727,0.5694,nan,nan,nan,nan,1
late,cage,3,7,resnet,True,solarisation,lr,1e-05,0.0001,32,14,0.0763,0.7702,0.7466,0.7727,0.5174,nan,nan,nan,nan,1
late,cage,3,7,resnet,True,solarisation,lr,1e-05,0.0001,32,15,0.0617,0.7501,0.7233,0.7500,0.6076,nan,nan,nan,nan,1
late,cage,3,7,resnet,True,solarisation,lr,1e-05,0.0001,32,16,0.0492,0.8051,0.7372,0.7955,0.5729,nan,nan,nan,nan,1
late,cage,3,7,resnet,True,solarisation,lr,1e-05,0.0001,32,17,0.0419,0.7687,0.7473,0.7727,0.5833,nan,nan,nan,nan,1
late,cage,3,7,resnet,True,solarisation,lr,1e-05,0.0001,32,18,0.0336,0.7756,0.7406,0.7727,0.6215,nan,nan,nan,nan,1
late,cage,3,7,resnet,True,solarisation,lr,1e-05,0.0001,32,19,0.0292,0.7555,0.7737,0.7045,0.5764,nan,nan,nan,nan,1
late,cage,3,7,resnet,True,solarisation,lr,1e-05,0.0001,32,20,0.0235,0.7808,0.7571,0.7955,0.5938,nan,nan,nan,nan,0
late,cage,3,7,resnet,True,solarisation,lr,1e-05,0.0001,32,21,0.0210,0.7480,0.7639,0.7500,0.6319,nan,nan,nan,nan,1
late,cage,3,7,resnet,True,solarisation,lr,1e-05,0.0001,32,22,0.0164,0.7576,0.7773,0.7727,0.6250,nan,nan,nan,nan,1
late,cage,3,7,resnet,True,solarisation,lr,1e-05,0.0001,32,23,0.0154,0.6821,0.8841,0.6591,0.6007,nan,nan,nan,nan,0
late,cage,3,7,resnet,True,solarisation,lr,1e-05,0.0001,32,24,0.0137,0.7053,0.8794,0.6818,0.6042,nan,nan,nan,nan,0
late,cage,3,7,resnet,True,solarisation,lr,1e-05,0.0001,32,25,0.0136,0.8846,0.8095,0.7955,0.6181,1.0831,0.8927,0.8333,0.4082,1
late,cage,3,7,resnet,True,solarisation,lr,1e-05,0.0001,32,26,0.0115,0.7424,0.8751,0.6818,0.6146,nan,nan,nan,nan,0
late,cage,3,7,resnet,True,solarisation,lr,1e-05,0.0001,32,27,0.0095,0.8355,0.8504,0.7727,0.6319,nan,nan,nan,nan,0
late,cage,3,7,resnet,True,solarisation,lr,1e-05,0.0001,32,28,0.0086,0.8419,0.8515,0.7727,0.5764,nan,nan,nan,nan,0
late,cage,3,7,resnet,True,solarisation,lr,1e-05,0.0001,32,29,0.0067,0.9129,0.8695,0.7955,0.5833,nan,nan,nan,nan,0
late,cage,3,7,resnet,True,solarisation,lr,1e-05,0.0001,32,30,0.0070,0.8503,0.8534,0.7727,0.6389,nan,nan,nan,nan,0
late,cage,3,8,resnet,True,solarisation,lr,1e-05,0.0001,32,1,0.6924,0.6980,0.6850,0.7234,0.4167,nan,nan,nan,nan,0
late,cage,3,8,resnet,True,solarisation,lr,1e-05,0.0001,32,2,0.6557,0.7048,0.7466,0.2128,0.4519,nan,nan,nan,nan,0
late,cage,3,8,resnet,True,solarisation,lr,1e-05,0.0001,32,3,0.6216,0.7059,0.7423,0.2128,0.4263,nan,nan,nan,nan,0
late,cage,3,8,resnet,True,solarisation,lr,1e-05,0.0001,32,4,0.5788,0.7140,0.7828,0.2128,0.4391,nan,nan,nan,nan,0
late,cage,3,8,resnet,True,solarisation,lr,1e-05,0.0001,32,5,0.5369,0.7051,0.7476,0.2766,0.4615,nan,nan,nan,nan,1
late,cage,3,8,resnet,True,solarisation,lr,1e-05,0.0001,32,6,0.4770,0.7054,0.7300,0.3617,0.4712,nan,nan,nan,nan,1
late,cage,3,8,resnet,True,solarisation,lr,1e-05,0.0001,32,7,0.4071,0.7020,0.6928,0.6809,0.5128,nan,nan,nan,nan,1
late,cage,3,8,resnet,True,solarisation,lr,1e-05,0.0001,32,8,0.3491,0.7001,0.7177,0.6596,0.5641,nan,nan,nan,nan,1
late,cage,3,8,resnet,True,solarisation,lr,1e-05,0.0001,32,9,0.2779,0.6958,0.7221,0.6170,0.5577,nan,nan,nan,nan,1
late,cage,3,8,resnet,True,solarisation,lr,1e-05,0.0001,32,10,0.2254,0.7027,0.7192,0.6170,0.5737,nan,nan,nan,nan,1
late,cage,3,8,resnet,True,solarisation,lr,1e-05,0.0001,32,11,0.1764,0.7131,0.6518,0.7872,0.5545,nan,nan,nan,nan,1
late,cage,3,8,resnet,True,solarisation,lr,1e-05,0.0001,32,12,0.1322,0.7077,0.7072,0.6809,0.5609,0.6796,0.7183,0.5952,0.5837,1
late,cage,3,8,resnet,True,solarisation,lr,1e-05,0.0001,32,13,0.1075,0.7117,0.6691,0.7660,0.5481,nan,nan,nan,nan,0
late,cage,3,8,resnet,True,solarisation,lr,1e-05,0.0001,32,14,0.0810,0.7707,0.6331,0.8298,0.5545,nan,nan,nan,nan,0
late,cage,3,8,resnet,True,solarisation,lr,1e-05,0.0001,32,15,0.0684,0.8098,0.6315,0.8298,0.5545,nan,nan,nan,nan,0
late,cage,3,8,resnet,True,solarisation,lr,1e-05,0.0001,32,16,0.0566,0.8584,0.6256,0.8298,0.5865,nan,nan,nan,nan,0
late,cage,3,8,resnet,True,solarisation,lr,1e-05,0.0001,32,17,0.0439,0.7810,0.6517,0.8298,0.5673,nan,nan,nan,nan,0
late,cage,3,9,resnet,True,solarisation,lr,1e-05,0.0001,32,1,0.6888,0.6947,0.6821,0.7857,0.5488,nan,nan,nan,nan,0
late,cage,3,9,resnet,True,solarisation,lr,1e-05,0.0001,32,2,0.6689,0.6934,0.6808,0.7857,0.5657,nan,nan,nan,nan,0
late,cage,3,9,resnet,True,solarisation,lr,1e-05,0.0001,32,3,0.6422,0.6979,0.6719,0.8095,0.5825,nan,nan,nan,nan,0
late,cage,3,9,resnet,True,solarisation,lr,1e-05,0.0001,32,4,0.6113,0.6914,0.6834,0.6429,0.5791,nan,nan,nan,nan,0
late,cage,3,9,resnet,True,solarisation,lr,1e-05,0.0001,32,5,0.5658,0.6974,0.6676,0.7619,0.6094,nan,nan,nan,nan,1
late,cage,3,9,resnet,True,solarisation,lr,1e-05,0.0001,32,6,0.5099,0.7091,0.6553,0.7619,0.6229,nan,nan,nan,nan,1
late,cage,3,9,resnet,True,solarisation,lr,1e-05,0.0001,32,7,0.4510,0.7278,0.6510,0.7619,0.5993,nan,nan,nan,nan,1
late,cage,3,9,resnet,True,solarisation,lr,1e-05,0.0001,32,8,0.3850,0.7639,0.6510,0.7619,0.6128,nan,nan,nan,nan,1
late,cage,3,9,resnet,True,solarisation,lr,1e-05,0.0001,32,9,0.3225,0.8486,0.6575,0.7857,0.6397,nan,nan,nan,nan,1
late,cage,3,9,resnet,True,solarisation,lr,1e-05,0.0001,32,10,0.2642,0.7474,0.6863,0.7619,0.6599,nan,nan,nan,nan,1
late,cage,3,9,resnet,True,solarisation,lr,1e-05,0.0001,32,11,0.2200,0.8281,0.6899,0.7619,0.6431,nan,nan,nan,nan,0
late,cage,3,9,resnet,True,solarisation,lr,1e-05,0.0001,32,12,0.1766,0.8695,0.6957,0.7619,0.6667,nan,nan,nan,nan,1
late,cage,3,9,resnet,True,solarisation,lr,1e-05,0.0001,32,13,0.1365,0.8736,0.7260,0.7619,0.6700,nan,nan,nan,nan,1
late,cage,3,9,resnet,True,solarisation,lr,1e-05,0.0001,32,14,0.1176,0.8622,0.7427,0.7381,0.6633,nan,nan,nan,nan,0
late,cage,3,9,resnet,True,solarisation,lr,1e-05,0.0001,32,15,0.0942,0.8816,0.7599,0.7619,0.6700,0.7855,0.7844,0.8333,0.5959,1
late,cage,3,9,resnet,True,solarisation,lr,1e-05,0.0001,32,16,0.0778,0.9132,0.7738,0.7619,0.6566,nan,nan,nan,nan,0
late,cage,3,9,resnet,True,solarisation,lr,1e-05,0.0001,32,17,0.0610,0.9913,0.8079,0.7619,0.6532,nan,nan,nan,nan,0
late,cage,3,9,resnet,True,solarisation,lr,1e-05,0.0001,32,18,0.0563,0.9809,0.8151,0.7619,0.6566,nan,nan,nan,nan,0
late,cage,3,9,resnet,True,solarisation,lr,1e-05,0.0001,32,19,0.0469,0.8727,0.8660,0.7619,0.6498,nan,nan,nan,nan,0
late,cage,3,9,resnet,True,solarisation,lr,1e-05,0.0001,32,20,0.0367,0.9569,0.8469,0.7381,0.6667,nan,nan,nan,nan,0
late,cage,4,0,resnet,True,solarisation,lr,1e-05,0.0001,32,1,0.6924,0.6929,0.6940,0.3488,0.5714,nan,nan,nan,nan,0
late,cage,4,0,resnet,True,solarisation,lr,1e-05,0.0001,32,2,0.6816,0.6940,0.7098,0.1628,0.5794,nan,nan,nan,nan,0
late,cage,4,0,resnet,True,solarisation,lr,1e-05,0.0001,32,3,0.6673,0.6929,0.7132,0.1628,0.6429,nan,nan,nan,nan,0
late,cage,4,0,resnet,True,solarisation,lr,1e-05,0.0001,32,4,0.6481,0.6922,0.7191,0.1628,0.7183,nan,nan,nan,nan,0
late,cage,4,0,resnet,True,solarisation,lr,1e-05,0.0001,32,5,0.6181,0.6823,0.6909,0.3488,0.7421,nan,nan,nan,nan,1
late,cage,4,0,resnet,True,solarisation,lr,1e-05,0.0001,32,6,0.5782,0.6740,0.6786,0.6047,0.7341,nan,nan,nan,nan,1
late,cage,4,0,resnet,True,solarisation,lr,1e-05,0.0001,32,7,0.5259,0.6687,0.6391,0.7907,0.7143,nan,nan,nan,nan,1
late,cage,4,0,resnet,True,solarisation,lr,1e-05,0.0001,32,8,0.4692,0.6785,0.6147,0.8372,0.7024,nan,nan,nan,nan,1
late,cage,4,0,resnet,True,solarisation,lr,1e-05,0.0001,32,9,0.4071,0.7069,0.6102,0.8372,0.6865,nan,nan,nan,nan,0
late,cage,4,0,resnet,True,solarisation,lr,1e-05,0.0001,32,10,0.3400,0.7114,0.6122,0.8372,0.7143,nan,nan,nan,nan,0
late,cage,4,0,resnet,True,solarisation,lr,1e-05,0.0001,32,11,0.2788,0.7392,0.6235,0.8372,0.7302,nan,nan,nan,nan,0
late,cage,4,0,resnet,True,solarisation,lr,1e-05,0.0001,32,12,0.2366,0.8066,0.6625,0.8372,0.7381,nan,nan,nan,nan,0
late,cage,4,0,resnet,True,solarisation,lr,1e-05,0.0001,32,13,0.1911,0.7835,0.6760,0.8372,0.7500,nan,nan,nan,nan,0
late,cage,4,0,resnet,True,solarisation,lr,1e-05,0.0001,32,14,0.1614,0.8020,0.6873,0.8372,0.7302,nan,nan,nan,nan,1
late,cage,4,0,resnet,True,solarisation,lr,1e-05,0.0001,32,15,0.1352,0.7502,0.6947,0.8372,0.7262,nan,nan,nan,nan,0
late,cage,4,0,resnet,True,solarisation,lr,1e-05,0.0001,32,16,0.1150,0.9377,0.7814,0.8372,0.7421,nan,nan,nan,nan,0
late,cage,4,0,resnet,True,solarisation,lr,1e-05,0.0001,32,17,0.0888,0.9545,0.8074,0.8372,0.7500,nan,nan,nan,nan,1
late,cage,4,0,resnet,True,solarisation,lr,1e-05,0.0001,32,18,0.0762,0.9740,0.8177,0.8372,0.7421,nan,nan,nan,nan,0
late,cage,4,0,resnet,True,solarisation,lr,1e-05,0.0001,32,19,0.0668,0.9355,0.8266,0.8605,0.7460,nan,nan,nan,nan,0
late,cage,4,0,resnet,True,solarisation,lr,1e-05,0.0001,32,20,0.0541,0.9088,0.8434,0.8605,0.7460,1.5557,1.3275,0.7674,0.3143,1
late,cage,4,0,resnet,True,solarisation,lr,1e-05,0.0001,32,21,0.0460,1.0210,0.9126,0.8605,0.7421,nan,nan,nan,nan,0
late,cage,4,0,resnet,True,solarisation,lr,1e-05,0.0001,32,22,0.0390,0.9608,0.9087,0.8605,0.7540,nan,nan,nan,nan,0
late,cage,4,0,resnet,True,solarisation,lr,1e-05,0.0001,32,23,0.0361,0.9706,0.9312,0.8372,0.7500,nan,nan,nan,nan,0
late,cage,4,0,resnet,True,solarisation,lr,1e-05,0.0001,32,24,0.0330,0.9138,0.9293,0.8372,0.7540,nan,nan,nan,nan,0
late,cage,4,0,resnet,True,solarisation,lr,1e-05,0.0001,32,25,0.0300,1.0137,0.9568,0.8605,0.7500,nan,nan,nan,nan,0
late,cage,4,1,resnet,True,solarisation,lr,1e-05,0.0001,32,1,0.6944,0.6966,0.7102,0.4186,0.4762,nan,nan,nan,nan,0
late,cage,4,1,resnet,True,solarisation,lr,1e-05,0.0001,32,2,0.6577,0.6958,0.6815,0.5814,0.4881,nan,nan,nan,nan,0
late,cage,4,1,resnet,True,solarisation,lr,1e-05,0.0001,32,3,0.6209,0.7015,0.6738,0.6512,0.4722,nan,nan,nan,nan,0
late,cage,4,1,resnet,True,solarisation,lr,1e-05,0.0001,32,4,0.5753,0.7236,0.6529,0.7674,0.4722,nan,nan,nan,nan,0
late,cage,4,1,resnet,True,solarisation,lr,1e-05,0.0001,32,5,0.5273,0.7757,0.6322,0.8372,0.4960,nan,nan,nan,nan,1
late,cage,4,1,resnet,True,solarisation,lr,1e-05,0.0001,32,6,0.4668,0.9146,0.6577,0.8372,0.5159,nan,nan,nan,nan,1
late,cage,4,1,resnet,True,solarisation,lr,1e-05,0.0001,32,7,0.4014,1.1113,0.7262,0.8372,0.5119,nan,nan,nan,nan,0
late,cage,4,1,resnet,True,solarisation,lr,1e-05,0.0001,32,8,0.3314,1.5309,0.9112,0.8372,0.5159,nan,nan,nan,nan,1
late,cage,4,1,resnet,True,solarisation,lr,1e-05,0.0001,32,9,0.2685,1.6536,0.9776,0.8372,0.5198,nan,nan,nan,nan,1
late,cage,4,1,resnet,True,solarisation,lr,1e-05,0.0001,32,10,0.2176,2.1429,1.2155,0.8372,0.5516,nan,nan,nan,nan,1
late,cage,4,1,resnet,True,solarisation,lr,1e-05,0.0001,32,11,0.1708,2.5866,1.4446,0.8372,0.5714,nan,nan,nan,nan,1
late,cage,4,1,resnet,True,solarisation,lr,1e-05,0.0001,32,12,0.1296,2.8747,1.5978,0.8372,0.5476,nan,nan,nan,nan,1
late,cage,4,1,resnet,True,solarisation,lr,1e-05,0.0001,32,13,0.1072,3.2943,1.8191,0.8372,0.5635,nan,nan,nan,nan,1
late,cage,4,1,resnet,True,solarisation,lr,1e-05,0.0001,32,14,0.0848,3.2372,1.7945,0.8372,0.5635,3.5034,2.6044,0.8140,0.3893,1
late,cage,4,1,resnet,True,solarisation,lr,1e-05,0.0001,32,15,0.0670,3.5884,1.9826,0.8372,0.5516,nan,nan,nan,nan,0
late,cage,4,1,resnet,True,solarisation,lr,1e-05,0.0001,32,16,0.0579,3.7786,2.0813,0.8372,0.5595,nan,nan,nan,nan,0
late,cage,4,1,resnet,True,solarisation,lr,1e-05,0.0001,32,17,0.0428,4.1817,2.3002,0.8372,0.5278,nan,nan,nan,nan,0
late,cage,4,1,resnet,True,solarisation,lr,1e-05,0.0001,32,18,0.0354,4.1590,2.2925,0.8372,0.5754,nan,nan,nan,nan,0
late,cage,4,1,resnet,True,solarisation,lr,1e-05,0.0001,32,19,0.0282,4.6466,2.5540,0.8372,0.5794,nan,nan,nan,nan,0
late,cage,4,2,resnet,True,solarisation,lr,1e-05,0.0001,32,1,0.6970,0.7084,0.8547,0.1905,0.6581,nan,nan,nan,nan,0
late,cage,4,2,resnet,True,solarisation,lr,1e-05,0.0001,32,2,0.6551,0.6887,0.7691,0.1905,0.5993,nan,nan,nan,nan,0
late,cage,4,2,resnet,True,solarisation,lr,1e-05,0.0001,32,3,0.6190,0.7070,0.8504,0.1905,0.6250,nan,nan,nan,nan,0
late,cage,4,2,resnet,True,solarisation,lr,1e-05,0.0001,32,4,0.5729,0.6917,0.8166,0.2143,0.5882,nan,nan,nan,nan,0
late,cage,4,2,resnet,True,solarisation,lr,1e-05,0.0001,32,5,0.5272,0.7126,0.8880,0.1905,0.5846,0.7526,0.8434,0.1860,0.4286,1
late,cage,4,2,resnet,True,solarisation,lr,1e-05,0.0001,32,6,0.4646,0.6992,0.8589,0.2381,0.5478,nan,nan,nan,nan,0
late,cage,4,2,resnet,True,solarisation,lr,1e-05,0.0001,32,7,0.3984,0.7258,0.9485,0.2143,0.5478,nan,nan,nan,nan,0
late,cage,4,2,resnet,True,solarisation,lr,1e-05,0.0001,32,8,0.3345,0.7227,0.9418,0.2857,0.5368,nan,nan,nan,nan,0
late,cage,4,2,resnet,True,solarisation,lr,1e-05,0.0001,32,9,0.2699,0.7519,1.0093,0.2619,0.5257,nan,nan,nan,nan,0
late,cage,4,2,resnet,True,solarisation,lr,1e-05,0.0001,32,10,0.2173,0.7684,1.0374,0.2619,0.4779,nan,nan,nan,nan,0
late,cage,4,2,resnet,True,solarisation,lr,1e-05,0.0001,32,11,0.1735,0.7686,1.0458,0.3810,0.4926,nan,nan,nan,nan,0
late,cage,4,2,resnet,True,solarisation,lr,1e-05,0.0001,32,12,0.1329,0.7904,1.0926,0.4286,0.5074,nan,nan,nan,nan,0
late,cage,4,2,resnet,True,solarisation,lr,1e-05,0.0001,32,13,0.1107,0.8351,1.1960,0.4524,0.4890,nan,nan,nan,nan,0
late,cage,4,2,resnet,True,solarisation,lr,1e-05,0.0001,32,14,0.0775,0.8612,1.3009,0.4048,0.5221,nan,nan,nan,nan,0
late,cage,4,2,resnet,True,solarisation,lr,1e-05,0.0001,32,15,0.0688,0.9185,1.4194,0.3571,0.4890,nan,nan,nan,nan,0
late,cage,4,2,resnet,True,solarisation,lr,1e-05,0.0001,32,16,0.0546,0.8958,1.3618,0.3810,0.4890,nan,nan,nan,nan,0
late,cage,4,3,resnet,True,solarisation,lr,1e-05,0.0001,32,1,0.6924,0.6940,0.6841,0.8333,0.4612,nan,nan,nan,nan,0
late,cage,4,3,resnet,True,solarisation,lr,1e-05,0.0001,32,2,0.6781,0.6947,0.6986,0.4286,0.4408,nan,nan,nan,nan,0
late,cage,4,3,resnet,True,solarisation,lr,1e-05,0.0001,32,3,0.6589,0.6956,0.7077,0.2143,0.4571,nan,nan,nan,nan,0
late,cage,4,3,resnet,True,solarisation,lr,1e-05,0.0001,32,4,0.6329,0.6964,0.7069,0.3095,0.4694,nan,nan,nan,nan,0
late,cage,4,3,resnet,True,solarisation,lr,1e-05,0.0001,32,5,0.5948,0.6998,0.7313,0.1905,0.4653,nan,nan,nan,nan,1
late,cage,4,3,resnet,True,solarisation,lr,1e-05,0.0001,32,6,0.5490,0.6985,0.7194,0.4286,0.4939,nan,nan,nan,nan,1
late,cage,4,3,resnet,True,solarisation,lr,1e-05,0.0001,32,7,0.4919,0.6963,0.7097,0.5714,0.5388,nan,nan,nan,nan,1
late,cage,4,3,resnet,True,solarisation,lr,1e-05,0.0001,32,8,0.4302,0.7037,0.7397,0.4524,0.5224,nan,nan,nan,nan,1
late,cage,4,3,resnet,True,solarisation,lr,1e-05,0.0001,32,9,0.3647,0.7042,0.7140,0.6667,0.5388,nan,nan,nan,nan,1
late,cage,4,3,resnet,True,solarisation,lr,1e-05,0.0001,32,10,0.3028,0.7158,0.7010,0.8095,0.5306,nan,nan,nan,nan,1
late,cage,4,3,resnet,True,solarisation,lr,1e-05,0.0001,32,11,0.2473,0.7032,0.7570,0.5714,0.5388,nan,nan,nan,nan,1
late,cage,4,3,resnet,True,solarisation,lr,1e-05,0.0001,32,12,0.2069,0.7271,0.7268,0.7381,0.5347,nan,nan,nan,nan,0
late,cage,4,3,resnet,True,solarisation,lr,1e-05,0.0001,32,13,0.1692,0.7168,0.7857,0.6190,0.5633,nan,nan,nan,nan,1
late,cage,4,3,resnet,True,solarisation,lr,1e-05,0.0001,32,14,0.1395,0.7600,0.7528,0.8095,0.5592,nan,nan,nan,nan,0
late,cage,4,3,resnet,True,solarisation,lr,1e-05,0.0001,32,15,0.1137,0.7600,0.7544,0.8333,0.5714,nan,nan,nan,nan,1
late,cage,4,3,resnet,True,solarisation,lr,1e-05,0.0001,32,16,0.0934,0.7527,0.7965,0.7143,0.5714,0.7295,0.8335,0.7209,0.5429,1
late,cage,4,3,resnet,True,solarisation,lr,1e-05,0.0001,32,17,0.0817,0.7470,0.8561,0.5952,0.5143,nan,nan,nan,nan,0
late,cage,4,3,resnet,True,solarisation,lr,1e-05,0.0001,32,18,0.0681,0.7588,0.8497,0.6429,0.5429,nan,nan,nan,nan,0
late,cage,4,3,resnet,True,solarisation,lr,1e-05,0.0001,32,19,0.0573,0.7874,0.8234,0.7381,0.5388,nan,nan,nan,nan,0
late,cage,4,3,resnet,True,solarisation,lr,1e-05,0.0001,32,20,0.0517,0.8679,0.8022,0.8333,0.5388,nan,nan,nan,nan,0
late,cage,4,3,resnet,True,solarisation,lr,1e-05,0.0001,32,21,0.0417,0.8168,0.8431,0.8333,0.5469,nan,nan,nan,nan,0
late,cage,4,5,resnet,True,solarisation,lr,1e-05,0.0001,32,1,0.6925,0.6862,0.6886,0.5500,0.6523,nan,nan,nan,nan,0
late,cage,4,5,resnet,True,solarisation,lr,1e-05,0.0001,32,2,0.6631,0.6903,0.6813,0.6500,0.6416,nan,nan,nan,nan,0
late,cage,4,5,resnet,True,solarisation,lr,1e-05,0.0001,32,3,0.6323,0.6987,0.6788,0.7500,0.5663,nan,nan,nan,nan,0
late,cage,4,5,resnet,True,solarisation,lr,1e-05,0.0001,32,4,0.5931,0.7139,0.6768,0.7500,0.5233,nan,nan,nan,nan,0
late,cage,4,5,resnet,True,solarisation,lr,1e-05,0.0001,32,5,0.5447,0.7610,0.6816,0.7500,0.4695,0.7755,0.7182,0.8140,0.2464,1
late,cage,4,5,resnet,True,solarisation,lr,1e-05,0.0001,32,6,0.4841,0.7647,0.6942,0.7500,0.4731,nan,nan,nan,nan,0
late,cage,4,5,resnet,True,solarisation,lr,1e-05,0.0001,32,7,0.4284,0.8205,0.7058,0.7500,0.4803,nan,nan,nan,nan,0
late,cage,4,5,resnet,True,solarisation,lr,1e-05,0.0001,32,8,0.3552,1.0434,0.7912,0.7750,0.4337,nan,nan,nan,nan,0
late,cage,4,5,resnet,True,solarisation,lr,1e-05,0.0001,32,9,0.2961,1.0723,0.8179,0.7750,0.4158,nan,nan,nan,nan,0
late,cage,4,5,resnet,True,solarisation,lr,1e-05,0.0001,32,10,0.2454,1.0988,0.8476,0.7750,0.4014,nan,nan,nan,nan,0
late,cage,4,5,resnet,True,solarisation,lr,1e-05,0.0001,32,11,0.1905,1.3216,0.9612,0.7750,0.4050,nan,nan,nan,nan,0
late,cage,4,5,resnet,True,solarisation,lr,1e-05,0.0001,32,12,0.1601,1.4708,1.0472,0.7750,0.4194,nan,nan,nan,nan,0
late,cage,4,5,resnet,True,solarisation,lr,1e-05,0.0001,32,13,0.1258,1.4446,1.0461,0.7750,0.4229,nan,nan,nan,nan,0
late,cage,4,5,resnet,True,solarisation,lr,1e-05,0.0001,32,14,0.0961,1.5262,1.1151,0.7750,0.4337,nan,nan,nan,nan,0
late,cage,4,5,resnet,True,solarisation,lr,1e-05,0.0001,32,15,0.0831,1.6891,1.2045,0.7750,0.4552,nan,nan,nan,nan,0
late,cage,4,5,resnet,True,solarisation,lr,1e-05,0.0001,32,16,0.0687,1.6081,1.1863,0.7750,0.4444,nan,nan,nan,nan,0
late,cage,4,6,resnet,True,solarisation,lr,1e-05,0.0001,32,1,0.6910,0.6985,0.7040,0.3171,0.4905,nan,nan,nan,nan,0
late,cage,4,6,resnet,True,solarisation,lr,1e-05,0.0001,32,2,0.6605,0.6980,0.6922,0.5122,0.4714,nan,nan,nan,nan,0
late,cage,4,6,resnet,True,solarisation,lr,1e-05,0.0001,32,3,0.6322,0.6954,0.6723,0.7073,0.4810,nan,nan,nan,nan,0
late,cage,4,6,resnet,True,solarisation,lr,1e-05,0.0001,32,4,0.5951,0.7095,0.6665,0.7317,0.4286,nan,nan,nan,nan,0
late,cage,4,6,resnet,True,solarisation,lr,1e-05,0.0001,32,5,0.5517,0.7408,0.6515,0.8049,0.4143,0.7557,0.7139,0.8140,0.4607,1
late,cage,4,6,resnet,True,solarisation,lr,1e-05,0.0001,32,6,0.4928,0.7615,0.6458,0.8293,0.4381,nan,nan,nan,nan,0
late,cage,4,6,resnet,True,solarisation,lr,1e-05,0.0001,32,7,0.4345,0.9042,0.6913,0.8293,0.4190,nan,nan,nan,nan,0
late,cage,4,6,resnet,True,solarisation,lr,1e-05,0.0001,32,8,0.3634,1.1110,0.7866,0.8537,0.4095,nan,nan,nan,nan,0
late,cage,4,6,resnet,True,solarisation,lr,1e-05,0.0001,32,9,0.2995,1.2044,0.8387,0.8293,0.4286,nan,nan,nan,nan,0
late,cage,4,6,resnet,True,solarisation,lr,1e-05,0.0001,32,10,0.2459,1.6517,1.0667,0.8537,0.4333,nan,nan,nan,nan,0
late,cage,4,6,resnet,True,solarisation,lr,1e-05,0.0001,32,11,0.1940,1.8992,1.2076,0.8537,0.4476,nan,nan,nan,nan,0
late,cage,4,6,resnet,True,solarisation,lr,1e-05,0.0001,32,12,0.1570,2.0743,1.3089,0.8537,0.4333,nan,nan,nan,nan,0
late,cage,4,6,resnet,True,solarisation,lr,1e-05,0.0001,32,13,0.1225,2.4706,1.5374,0.8537,0.4381,nan,nan,nan,nan,0
late,cage,4,6,resnet,True,solarisation,lr,1e-05,0.0001,32,14,0.0957,2.5652,1.5958,0.8537,0.4714,nan,nan,nan,nan,0
late,cage,4,6,resnet,True,solarisation,lr,1e-05,0.0001,32,15,0.0844,3.1622,1.9453,0.8537,0.4571,nan,nan,nan,nan,0
late,cage,4,6,resnet,True,solarisation,lr,1e-05,0.0001,32,16,0.0659,3.2717,2.0139,0.8537,0.4524,nan,nan,nan,nan,0
late,cage,4,7,resnet,True,solarisation,lr,1e-05,0.0001,32,1,0.6915,0.6935,0.6854,0.8182,0.5035,nan,nan,nan,nan,0
late,cage,4,7,resnet,True,solarisation,lr,1e-05,0.0001,32,2,0.6805,0.6927,0.7004,0.2273,0.4861,nan,nan,nan,nan,0
late,cage,4,7,resnet,True,solarisation,lr,1e-05,0.0001,32,3,0.6671,0.6921,0.7049,0.2045,0.4861,nan,nan,nan,nan,0
late,cage,4,7,resnet,True,solarisation,lr,1e-05,0.0001,32,4,0.6461,0.6910,0.6901,0.5909,0.5799,nan,nan,nan,nan,0
late,cage,4,7,resnet,True,solarisation,lr,1e-05,0.0001,32,5,0.6156,0.6907,0.6739,0.6818,0.5694,nan,nan,nan,nan,1
late,cage,4,7,resnet,True,solarisation,lr,1e-05,0.0001,32,6,0.5736,0.6921,0.6597,0.7727,0.5972,nan,nan,nan,nan,1
late,cage,4,7,resnet,True,solarisation,lr,1e-05,0.0001,32,7,0.5208,0.7042,0.6246,0.8182,0.6458,nan,nan,nan,nan,1
late,cage,4,7,resnet,True,solarisation,lr,1e-05,0.0001,32,8,0.4615,0.7092,0.6187,0.7955,0.6528,nan,nan,nan,nan,1
late,cage,4,7,resnet,True,solarisation,lr,1e-05,0.0001,32,9,0.3991,0.7284,0.6073,0.8182,0.6632,nan,nan,nan,nan,1
late,cage,4,7,resnet,True,solarisation,lr,1e-05,0.0001,32,10,0.3363,0.7464,0.6032,0.8182,0.6806,nan,nan,nan,nan,1
late,cage,4,7,resnet,True,solarisation,lr,1e-05,0.0001,32,11,0.2893,0.7964,0.6122,0.8182,0.6910,nan,nan,nan,nan,1
late,cage,4,7,resnet,True,solarisation,lr,1e-05,0.0001,32,12,0.2355,0.7828,0.6246,0.7955,0.6701,nan,nan,nan,nan,0
late,cage,4,7,resnet,True,solarisation,lr,1e-05,0.0001,32,13,0.1960,0.8594,0.6500,0.8182,0.6562,1.0174,0.8836,0.8140,0.4429,1
late,cage,4,7,resnet,True,solarisation,lr,1e-05,0.0001,32,14,0.1604,0.9163,0.6941,0.8182,0.6389,nan,nan,nan,nan,0
late,cage,4,7,resnet,True,solarisation,lr,1e-05,0.0001,32,15,0.1395,0.8717,0.6898,0.7955,0.6285,nan,nan,nan,nan,0
late,cage,4,7,resnet,True,solarisation,lr,1e-05,0.0001,32,16,0.1131,0.9850,0.7383,0.8182,0.6181,nan,nan,nan,nan,0
late,cage,4,7,resnet,True,solarisation,lr,1e-05,0.0001,32,17,0.0961,1.0119,0.7557,0.8182,0.6319,nan,nan,nan,nan,0
late,cage,4,7,resnet,True,solarisation,lr,1e-05,0.0001,32,18,0.0839,1.0831,0.7858,0.8182,0.6458,nan,nan,nan,nan,0
late,cage,4,8,resnet,True,solarisation,lr,1e-05,0.0001,32,1,0.6957,0.6986,0.6603,0.8085,0.4679,nan,nan,nan,nan,0
late,cage,4,8,resnet,True,solarisation,lr,1e-05,0.0001,32,2,0.6657,0.6984,0.7070,0.3404,0.4647,nan,nan,nan,nan,0
late,cage,4,8,resnet,True,solarisation,lr,1e-05,0.0001,32,3,0.6344,0.7000,0.7172,0.3404,0.4776,nan,nan,nan,nan,0
late,cage,4,8,resnet,True,solarisation,lr,1e-05,0.0001,32,4,0.5976,0.6989,0.6516,0.7872,0.4968,nan,nan,nan,nan,0
late,cage,4,8,resnet,True,solarisation,lr,1e-05,0.0001,32,5,0.5524,0.6966,0.7111,0.3404,0.5032,nan,nan,nan,nan,1
late,cage,4,8,resnet,True,solarisation,lr,1e-05,0.0001,32,6,0.4910,0.6934,0.6815,0.6170,0.5128,nan,nan,nan,nan,1
late,cage,4,8,resnet,True,solarisation,lr,1e-05,0.0001,32,7,0.4263,0.6962,0.6972,0.5106,0.5256,nan,nan,nan,nan,1
late,cage,4,8,resnet,True,solarisation,lr,1e-05,0.0001,32,8,0.3647,0.7027,0.7033,0.5532,0.5160,nan,nan,nan,nan,1
late,cage,4,8,resnet,True,solarisation,lr,1e-05,0.0001,32,9,0.2990,0.7045,0.7457,0.4468,0.5288,nan,nan,nan,nan,1
late,cage,4,8,resnet,True,solarisation,lr,1e-05,0.0001,32,10,0.2401,0.7116,0.7358,0.6383,0.5321,nan,nan,nan,nan,1
late,cage,4,8,resnet,True,solarisation,lr,1e-05,0.0001,32,11,0.1956,0.7333,0.7351,0.6809,0.5385,nan,nan,nan,nan,1
late,cage,4,8,resnet,True,solarisation,lr,1e-05,0.0001,32,12,0.1453,0.7498,0.7937,0.6170,0.5288,nan,nan,nan,nan,0
late,cage,4,8,resnet,True,solarisation,lr,1e-05,0.0001,32,13,0.1198,0.7617,0.8100,0.6383,0.5353,nan,nan,nan,nan,0
late,cage,4,8,resnet,True,solarisation,lr,1e-05,0.0001,32,14,0.0951,0.7876,0.7953,0.7660,0.5353,nan,nan,nan,nan,1
late,cage,4,8,resnet,True,solarisation,lr,1e-05,0.0001,32,15,0.0772,0.8022,0.8248,0.7660,0.5321,nan,nan,nan,nan,0
late,cage,4,8,resnet,True,solarisation,lr,1e-05,0.0001,32,16,0.0638,0.8295,0.8354,0.7660,0.5417,nan,nan,nan,nan,0
late,cage,4,8,resnet,True,solarisation,lr,1e-05,0.0001,32,17,0.0580,0.8530,0.8396,0.7660,0.5449,nan,nan,nan,nan,0
late,cage,4,8,resnet,True,solarisation,lr,1e-05,0.0001,32,18,0.0434,1.0114,0.8287,0.8085,0.5417,1.3725,1.3978,0.8140,0.3464,1
late,cage,4,8,resnet,True,solarisation,lr,1e-05,0.0001,32,19,0.0401,0.9205,0.8750,0.7660,0.5353,nan,nan,nan,nan,0
late,cage,4,8,resnet,True,solarisation,lr,1e-05,0.0001,32,20,0.0336,0.9462,0.9097,0.7447,0.5288,nan,nan,nan,nan,0
late,cage,4,8,resnet,True,solarisation,lr,1e-05,0.0001,32,21,0.0265,1.0036,0.8987,0.7872,0.5353,nan,nan,nan,nan,0
late,cage,4,8,resnet,True,solarisation,lr,1e-05,0.0001,32,22,0.0235,0.9031,1.0120,0.7234,0.5160,nan,nan,nan,nan,0
late,cage,4,8,resnet,True,solarisation,lr,1e-05,0.0001,32,23,0.0206,0.9241,1.0920,0.5957,0.5160,nan,nan,nan,nan,0
late,cage,4,9,resnet,True,solarisation,lr,1e-05,0.0001,32,1,0.6959,0.7357,0.6284,0.7857,0.6566,nan,nan,nan,nan,0
late,cage,4,9,resnet,True,solarisation,lr,1e-05,0.0001,32,2,0.6521,0.7406,0.6311,0.7857,0.6027,nan,nan,nan,nan,0
late,cage,4,9,resnet,True,solarisation,lr,1e-05,0.0001,32,3,0.6126,0.8249,0.6257,0.7857,0.5892,nan,nan,nan,nan,0
late,cage,4,9,resnet,True,solarisation,lr,1e-05,0.0001,32,4,0.5713,0.8029,0.6326,0.7857,0.5859,nan,nan,nan,nan,0
late,cage,4,9,resnet,True,solarisation,lr,1e-05,0.0001,32,5,0.5175,0.8861,0.6559,0.7857,0.5421,0.8671,0.7481,0.8140,0.4429,1
late,cage,4,9,resnet,True,solarisation,lr,1e-05,0.0001,32,6,0.4536,0.9790,0.6896,0.7857,0.5084,nan,nan,nan,nan,0
late,cage,4,9,resnet,True,solarisation,lr,1e-05,0.0001,32,7,0.3898,1.2717,0.8084,0.7857,0.5185,nan,nan,nan,nan,0
late,cage,4,9,resnet,True,solarisation,lr,1e-05,0.0001,32,8,0.3167,1.4473,0.9016,0.7857,0.5084,nan,nan,nan,nan,0
late,cage,4,9,resnet,True,solarisation,lr,1e-05,0.0001,32,9,0.2537,1.9872,1.1630,0.7857,0.5051,nan,nan,nan,nan,0
late,cage,4,9,resnet,True,solarisation,lr,1e-05,0.0001,32,10,0.2055,2.1024,1.2355,0.7857,0.5084,nan,nan,nan,nan,0
late,cage,4,9,resnet,True,solarisation,lr,1e-05,0.0001,32,11,0.1553,2.6108,1.4968,0.7857,0.4949,nan,nan,nan,nan,0
late,cage,4,9,resnet,True,solarisation,lr,1e-05,0.0001,32,12,0.1218,2.8757,1.6403,0.7857,0.5253,nan,nan,nan,nan,0
late,cage,4,9,resnet,True,solarisation,lr,1e-05,0.0001,32,13,0.0971,2.6298,1.5254,0.7857,0.5354,nan,nan,nan,nan,0
late,cage,4,9,resnet,True,solarisation,lr,1e-05,0.0001,32,14,0.0758,3.0688,1.7516,0.7857,0.5253,nan,nan,nan,nan,0
late,cage,4,9,resnet,True,solarisation,lr,1e-05,0.0001,32,15,0.0616,3.1351,1.7960,0.7857,0.5185,nan,nan,nan,nan,0
late,cage,4,9,resnet,True,solarisation,lr,1e-05,0.0001,32,16,0.0525,3.6228,2.0474,0.7857,0.5118,nan,nan,nan,nan,0
late,cage,5,0,resnet,True,solarisation,lr,1e-05,0.0001,32,1,0.6912,0.6864,0.6851,0.5349,0.5476,nan,nan,nan,nan,0
late,cage,5,0,resnet,True,solarisation,lr,1e-05,0.0001,32,2,0.6662,0.6828,0.6789,0.6977,0.6310,nan,nan,nan,nan,0
late,cage,5,0,resnet,True,solarisation,lr,1e-05,0.0001,32,3,0.6398,0.6778,0.6651,0.7674,0.6825,nan,nan,nan,nan,0
late,cage,5,0,resnet,True,solarisation,lr,1e-05,0.0001,32,4,0.6065,0.6724,0.6280,0.8140,0.7421,nan,nan,nan,nan,0
late,cage,5,0,resnet,True,solarisation,lr,1e-05,0.0001,32,5,0.5643,0.6729,0.6146,0.8372,0.7540,nan,nan,nan,nan,1
late,cage,5,0,resnet,True,solarisation,lr,1e-05,0.0001,32,6,0.5125,0.6994,0.6036,0.8372,0.7262,nan,nan,nan,nan,1
late,cage,5,0,resnet,True,solarisation,lr,1e-05,0.0001,32,7,0.4493,0.8706,0.6484,0.8372,0.6865,1.1503,0.8213,0.7750,0.4910,1
late,cage,5,0,resnet,True,solarisation,lr,1e-05,0.0001,32,8,0.3866,0.9670,0.7053,0.8372,0.6786,nan,nan,nan,nan,0
late,cage,5,0,resnet,True,solarisation,lr,1e-05,0.0001,32,9,0.3216,1.0876,0.7667,0.8372,0.6984,nan,nan,nan,nan,0
late,cage,5,0,resnet,True,solarisation,lr,1e-05,0.0001,32,10,0.2667,1.1941,0.8362,0.8372,0.6587,nan,nan,nan,nan,0
late,cage,5,0,resnet,True,solarisation,lr,1e-05,0.0001,32,11,0.2207,1.5511,1.0300,0.8372,0.6746,nan,nan,nan,nan,0
late,cage,5,0,resnet,True,solarisation,lr,1e-05,0.0001,32,12,0.1685,1.5713,1.0601,0.8372,0.6984,nan,nan,nan,nan,0
late,cage,5,0,resnet,True,solarisation,lr,1e-05,0.0001,32,13,0.1390,1.7114,1.1423,0.8372,0.6706,nan,nan,nan,nan,0
late,cage,5,0,resnet,True,solarisation,lr,1e-05,0.0001,32,14,0.1101,1.6328,1.1154,0.8372,0.6786,nan,nan,nan,nan,0
late,cage,5,0,resnet,True,solarisation,lr,1e-05,0.0001,32,15,0.0958,1.8644,1.2471,0.8372,0.6230,nan,nan,nan,nan,0
late,cage,5,0,resnet,True,solarisation,lr,1e-05,0.0001,32,16,0.0713,1.9980,1.3291,0.8372,0.6548,nan,nan,nan,nan,0
late,cage,5,1,resnet,True,solarisation,lr,1e-05,0.0001,32,1,0.6975,0.6914,0.6957,0.3721,0.6270,nan,nan,nan,nan,0
late,cage,5,1,resnet,True,solarisation,lr,1e-05,0.0001,32,2,0.6790,0.6903,0.6897,0.6047,0.5992,nan,nan,nan,nan,0
late,cage,5,1,resnet,True,solarisation,lr,1e-05,0.0001,32,3,0.6602,0.6911,0.6900,0.6279,0.5595,nan,nan,nan,nan,0
late,cage,5,1,resnet,True,solarisation,lr,1e-05,0.0001,32,4,0.6340,0.6932,0.6644,0.7907,0.4960,nan,nan,nan,nan,0
late,cage,5,1,resnet,True,solarisation,lr,1e-05,0.0001,32,5,0.6013,0.6994,0.6486,0.7907,0.4762,0.7162,0.6651,0.7500,0.6237,1
late,cage,5,1,resnet,True,solarisation,lr,1e-05,0.0001,32,6,0.5541,0.7088,0.6434,0.8140,0.4643,nan,nan,nan,nan,0
late,cage,5,1,resnet,True,solarisation,lr,1e-05,0.0001,32,7,0.5010,0.7565,0.6219,0.8372,0.4563,nan,nan,nan,nan,0
late,cage,5,1,resnet,True,solarisation,lr,1e-05,0.0001,32,8,0.4372,0.8493,0.6326,0.8372,0.4365,nan,nan,nan,nan,0
late,cage,5,1,resnet,True,solarisation,lr,1e-05,0.0001,32,9,0.3725,0.9102,0.6508,0.8372,0.4246,nan,nan,nan,nan,0
late,cage,5,1,resnet,True,solarisation,lr,1e-05,0.0001,32,10,0.3117,0.9987,0.6759,0.8372,0.4524,nan,nan,nan,nan,0
late,cage,5,1,resnet,True,solarisation,lr,1e-05,0.0001,32,11,0.2594,1.0553,0.6993,0.8372,0.4683,nan,nan,nan,nan,0
late,cage,5,1,resnet,True,solarisation,lr,1e-05,0.0001,32,12,0.2165,1.1214,0.7363,0.8372,0.4484,nan,nan,nan,nan,0
late,cage,5,1,resnet,True,solarisation,lr,1e-05,0.0001,32,13,0.1740,1.2575,0.7934,0.8372,0.4444,nan,nan,nan,nan,0
late,cage,5,1,resnet,True,solarisation,lr,1e-05,0.0001,32,14,0.1457,1.4316,0.8761,0.8372,0.4563,nan,nan,nan,nan,0
late,cage,5,1,resnet,True,solarisation,lr,1e-05,0.0001,32,15,0.1180,1.5112,0.9157,0.8372,0.4643,nan,nan,nan,nan,0
late,cage,5,1,resnet,True,solarisation,lr,1e-05,0.0001,32,16,0.0973,1.6578,0.9875,0.8372,0.4683,nan,nan,nan,nan,0
late,cage,5,2,resnet,True,solarisation,lr,1e-05,0.0001,32,1,0.6876,0.6937,0.6761,0.8095,0.5625,nan,nan,nan,nan,0
late,cage,5,2,resnet,True,solarisation,lr,1e-05,0.0001,32,2,0.6748,0.6945,0.6797,0.7857,0.5074,nan,nan,nan,nan,0
late,cage,5,2,resnet,True,solarisation,lr,1e-05,0.0001,32,3,0.6584,0.7016,0.6668,0.7857,0.5000,nan,nan,nan,nan,0
late,cage,5,2,resnet,True,solarisation,lr,1e-05,0.0001,32,4,0.6330,0.7124,0.6550,0.8095,0.5000,nan,nan,nan,nan,0
late,cage,5,2,resnet,True,solarisation,lr,1e-05,0.0001,32,5,0.5983,0.7397,0.6367,0.8095,0.4926,0.7438,0.6503,0.7750,0.6057,1
late,cage,5,2,resnet,True,solarisation,lr,1e-05,0.0001,32,6,0.5557,0.8055,0.6322,0.8095,0.4743,nan,nan,nan,nan,0
late,cage,5,2,resnet,True,solarisation,lr,1e-05,0.0001,32,7,0.5047,0.8903,0.6475,0.8095,0.4559,nan,nan,nan,nan,0
late,cage,5,2,resnet,True,solarisation,lr,1e-05,0.0001,32,8,0.4448,0.9899,0.6818,0.8095,0.4449,nan,nan,nan,nan,0
late,cage,5,2,resnet,True,solarisation,lr,1e-05,0.0001,32,9,0.3830,1.1752,0.7538,0.8095,0.4191,nan,nan,nan,nan,0
late,cage,5,2,resnet,True,solarisation,lr,1e-05,0.0001,32,10,0.3192,1.2474,0.7934,0.8095,0.3640,nan,nan,nan,nan,0
late,cage,5,2,resnet,True,solarisation,lr,1e-05,0.0001,32,11,0.2677,1.3870,0.8641,0.8095,0.3529,nan,nan,nan,nan,0
late,cage,5,2,resnet,True,solarisation,lr,1e-05,0.0001,32,12,0.2198,1.4412,0.8965,0.8095,0.3529,nan,nan,nan,nan,0
late,cage,5,2,resnet,True,solarisation,lr,1e-05,0.0001,32,13,0.1831,1.6855,1.0151,0.8095,0.3346,nan,nan,nan,nan,0
late,cage,5,2,resnet,True,solarisation,lr,1e-05,0.0001,32,14,0.1479,1.9373,1.1414,0.8095,0.3309,nan,nan,nan,nan,0
late,cage,5,2,resnet,True,solarisation,lr,1e-05,0.0001,32,15,0.1259,1.9610,1.1534,0.8095,0.3162,nan,nan,nan,nan,0
late,cage,5,2,resnet,True,solarisation,lr,1e-05,0.0001,32,16,0.1018,2.0942,1.2264,0.8095,0.3199,nan,nan,nan,nan,0
late,cage,5,3,resnet,True,solarisation,lr,1e-05,0.0001,32,1,0.6891,0.6912,0.7107,0.1667,0.6857,nan,nan,nan,nan,0
late,cage,5,3,resnet,True,solarisation,lr,1e-05,0.0001,32,2,0.6638,0.6882,0.7035,0.1905,0.7224,nan,nan,nan,nan,0
late,cage,5,3,resnet,True,solarisation,lr,1e-05,0.0001,32,3,0.6356,0.6855,0.6945,0.4762,0.7184,nan,nan,nan,nan,0
late,cage,5,3,resnet,True,solarisation,lr,1e-05,0.0001,32,4,0.5968,0.6817,0.6968,0.4762,0.7020,nan,nan,nan,nan,0
late,cage,5,3,resnet,True,solarisation,lr,1e-05,0.0001,32,5,0.5540,0.6756,0.6722,0.7619,0.6776,0.7159,0.7030,0.6500,0.4086,1
late,cage,5,3,resnet,True,solarisation,lr,1e-05,0.0001,32,6,0.4988,0.6714,0.6557,0.7857,0.6490,nan,nan,nan,nan,0
late,cage,5,3,resnet,True,solarisation,lr,1e-05,0.0001,32,7,0.4368,0.6818,0.6340,0.8095,0.6408,nan,nan,nan,nan,0
late,cage,5,3,resnet,True,solarisation,lr,1e-05,0.0001,32,8,0.3717,0.7164,0.6310,0.8333,0.6408,nan,nan,nan,nan,0
late,cage,5,3,resnet,True,solarisation,lr,1e-05,0.0001,32,9,0.3073,0.6796,0.6613,0.7619,0.6327,nan,nan,nan,nan,0
late,cage,5,3,resnet,True,solarisation,lr,1e-05,0.0001,32,10,0.2494,0.7275,0.6539,0.8333,0.6408,nan,nan,nan,nan,0
late,cage,5,3,resnet,True,solarisation,lr,1e-05,0.0001,32,11,0.2009,0.7579,0.6791,0.8333,0.6163,nan,nan,nan,nan,0
late,cage,5,3,resnet,True,solarisation,lr,1e-05,0.0001,32,12,0.1616,0.8107,0.7100,0.8333,0.6163,nan,nan,nan,nan,0
late,cage,5,3,resnet,True,solarisation,lr,1e-05,0.0001,32,13,0.1312,0.8292,0.7191,0.8333,0.6000,nan,nan,nan,nan,0
late,cage,5,3,resnet,True,solarisation,lr,1e-05,0.0001,32,14,0.1043,0.8561,0.7539,0.8333,0.6163,nan,nan,nan,nan,0
late,cage,5,3,resnet,True,solarisation,lr,1e-05,0.0001,32,15,0.0850,0.7764,0.7707,0.7857,0.5918,nan,nan,nan,nan,0
late,cage,5,3,resnet,True,solarisation,lr,1e-05,0.0001,32,16,0.0669,1.0420,0.8464,0.8333,0.5959,nan,nan,nan,nan,0
late,cage,5,4,resnet,True,solarisation,lr,1e-05,0.0001,32,1,0.7078,0.6905,0.6772,0.8140,0.6679,nan,nan,nan,nan,0
late,cage,5,4,resnet,True,solarisation,lr,1e-05,0.0001,32,2,0.6744,0.6889,0.6769,0.8140,0.6786,nan,nan,nan,nan,0
late,cage,5,4,resnet,True,solarisation,lr,1e-05,0.0001,32,3,0.6544,0.6867,0.6804,0.7674,0.6571,nan,nan,nan,nan,0
late,cage,5,4,resnet,True,solarisation,lr,1e-05,0.0001,32,4,0.6253,0.7159,0.6703,0.8140,0.5500,nan,nan,nan,nan,0
late,cage,5,4,resnet,True,solarisation,lr,1e-05,0.0001,32,5,0.5856,0.7318,0.6778,0.8140,0.4464,0.7344,0.6536,0.7500,0.6129,1
late,cage,5,4,resnet,True,solarisation,lr,1e-05,0.0001,32,6,0.5376,0.7716,0.6950,0.8140,0.3500,nan,nan,nan,nan,0
late,cage,5,4,resnet,True,solarisation,lr,1e-05,0.0001,32,7,0.4831,0.8493,0.7311,0.8140,0.3179,nan,nan,nan,nan,0
late,cage,5,4,resnet,True,solarisation,lr,1e-05,0.0001,32,8,0.4154,0.9374,0.7843,0.8140,0.2964,nan,nan,nan,nan,0
late,cage,5,4,resnet,True,solarisation,lr,1e-05,0.0001,32,9,0.3487,0.9846,0.8115,0.8140,0.3036,nan,nan,nan,nan,0
late,cage,5,4,resnet,True,solarisation,lr,1e-05,0.0001,32,10,0.2957,1.1927,0.9392,0.8140,0.2821,nan,nan,nan,nan,0
late,cage,5,4,resnet,True,solarisation,lr,1e-05,0.0001,32,11,0.2418,1.1734,0.9385,0.8140,0.2536,nan,nan,nan,nan,0
late,cage,5,4,resnet,True,solarisation,lr,1e-05,0.0001,32,12,0.1941,1.4560,1.1202,0.8140,0.2643,nan,nan,nan,nan,0
late,cage,5,4,resnet,True,solarisation,lr,1e-05,0.0001,32,13,0.1645,1.5730,1.1999,0.8140,0.2393,nan,nan,nan,nan,0
late,cage,5,4,resnet,True,solarisation,lr,1e-05,0.0001,32,14,0.1275,1.7549,1.3302,0.8140,0.2536,nan,nan,nan,nan,0
late,cage,5,4,resnet,True,solarisation,lr,1e-05,0.0001,32,15,0.1106,1.8305,1.3833,0.8140,0.2286,nan,nan,nan,nan,0
late,cage,5,4,resnet,True,solarisation,lr,1e-05,0.0001,32,16,0.0905,1.9659,1.4807,0.8140,0.2393,nan,nan,nan,nan,0
late,cage,5,6,resnet,True,solarisation,lr,1e-05,0.0001,32,1,0.7526,0.6909,0.6507,0.8537,0.3810,nan,nan,nan,nan,0
late,cage,5,6,resnet,True,solarisation,lr,1e-05,0.0001,32,2,0.6689,0.6963,0.6893,0.5366,0.4048,nan,nan,nan,nan,0
late,cage,5,6,resnet,True,solarisation,lr,1e-05,0.0001,32,3,0.6540,0.6944,0.6739,0.8537,0.3571,nan,nan,nan,nan,0
late,cage,5,6,resnet,True,solarisation,lr,1e-05,0.0001,32,4,0.6266,0.6970,0.6709,0.8049,0.3286,nan,nan,nan,nan,0
late,cage,5,6,resnet,True,solarisation,lr,1e-05,0.0001,32,5,0.5896,0.7027,0.6685,0.7317,0.3333,nan,nan,nan,nan,1
late,cage,5,6,resnet,True,solarisation,lr,1e-05,0.0001,32,6,0.5443,0.7151,0.6420,0.8537,0.3619,nan,nan,nan,nan,0
late,cage,5,6,resnet,True,solarisation,lr,1e-05,0.0001,32,7,0.4846,0.7420,0.6374,0.8537,0.3762,nan,nan,nan,nan,0
late,cage,5,6,resnet,True,solarisation,lr,1e-05,0.0001,32,8,0.4225,0.7714,0.6547,0.8537,0.3524,nan,nan,nan,nan,0
late,cage,5,6,resnet,True,solarisation,lr,1e-05,0.0001,32,9,0.3552,0.8128,0.6618,0.8537,0.4333,nan,nan,nan,nan,1
late,cage,5,6,resnet,True,solarisation,lr,1e-05,0.0001,32,10,0.2961,0.9409,0.7273,0.8537,0.4190,nan,nan,nan,nan,1
late,cage,5,6,resnet,True,solarisation,lr,1e-05,0.0001,32,11,0.2428,0.9439,0.7449,0.8293,0.4381,nan,nan,nan,nan,1
late,cage,5,6,resnet,True,solarisation,lr,1e-05,0.0001,32,12,0.1976,1.0224,0.8042,0.8049,0.4238,nan,nan,nan,nan,1
late,cage,5,6,resnet,True,solarisation,lr,1e-05,0.0001,32,13,0.1645,0.9982,0.8039,0.8049,0.4429,nan,nan,nan,nan,1
late,cage,5,6,resnet,True,solarisation,lr,1e-05,0.0001,32,14,0.1309,1.1528,0.8911,0.8049,0.4476,nan,nan,nan,nan,0
late,cage,5,6,resnet,True,solarisation,lr,1e-05,0.0001,32,15,0.1146,1.1325,0.8883,0.8049,0.4619,nan,nan,nan,nan,1
late,cage,5,6,resnet,True,solarisation,lr,1e-05,0.0001,32,16,0.0923,1.1049,0.9071,0.8049,0.4476,nan,nan,nan,nan,0
late,cage,5,6,resnet,True,solarisation,lr,1e-05,0.0001,32,17,0.0773,1.1827,0.9960,0.7805,0.4619,nan,nan,nan,nan,1
late,cage,5,6,resnet,True,solarisation,lr,1e-05,0.0001,32,18,0.0668,1.2228,1.0247,0.8049,0.4667,nan,nan,nan,nan,0
late,cage,5,6,resnet,True,solarisation,lr,1e-05,0.0001,32,19,0.0554,1.1963,1.0455,0.7561,0.4714,nan,nan,nan,nan,1
late,cage,5,6,resnet,True,solarisation,lr,1e-05,0.0001,32,20,0.0454,1.2414,1.1097,0.7561,0.4714,nan,nan,nan,nan,0
late,cage,5,6,resnet,True,solarisation,lr,1e-05,0.0001,32,21,0.0401,1.5184,1.2179,0.8049,0.4667,nan,nan,nan,nan,1
late,cage,5,6,resnet,True,solarisation,lr,1e-05,0.0001,32,22,0.0400,1.2471,1.1755,0.7561,0.4762,nan,nan,nan,nan,0
late,cage,5,6,resnet,True,solarisation,lr,1e-05,0.0001,32,23,0.0297,1.2913,1.2425,0.7073,0.4905,1.7206,1.4451,0.6500,0.4982,1
late,cage,5,6,resnet,True,solarisation,lr,1e-05,0.0001,32,24,0.0290,1.5035,1.2904,0.7561,0.4810,nan,nan,nan,nan,0
late,cage,5,6,resnet,True,solarisation,lr,1e-05,0.0001,32,25,0.0262,1.4702,1.2916,0.7561,0.4619,nan,nan,nan,nan,0
late,cage,5,6,resnet,True,solarisation,lr,1e-05,0.0001,32,26,0.0238,1.4123,1.2537,0.7561,0.4619,nan,nan,nan,nan,0
late,cage,5,6,resnet,True,solarisation,lr,1e-05,0.0001,32,27,0.0193,1.5686,1.3662,0.7561,0.4714,nan,nan,nan,nan,0
late,cage,5,6,resnet,True,solarisation,lr,1e-05,0.0001,32,28,0.0186,1.5563,1.4129,0.7317,0.4810,nan,nan,nan,nan,0
late,cage,5,7,resnet,True,solarisation,lr,1e-05,0.0001,32,1,0.6972,0.6974,0.6860,0.6591,0.4271,nan,nan,nan,nan,0
late,cage,5,7,resnet,True,solarisation,lr,1e-05,0.0001,32,2,0.6677,0.7032,0.6690,0.8182,0.3507,nan,nan,nan,nan,0
late,cage,5,7,resnet,True,solarisation,lr,1e-05,0.0001,32,3,0.6417,0.7037,0.6784,0.7727,0.3542,nan,nan,nan,nan,0
late,cage,5,7,resnet,True,solarisation,lr,1e-05,0.0001,32,4,0.6101,0.7171,0.6464,0.8182,0.3576,nan,nan,nan,nan,0
late,cage,5,7,resnet,True,solarisation,lr,1e-05,0.0001,32,5,0.5758,0.7345,0.6272,0.8182,0.3819,nan,nan,nan,nan,1
late,cage,5,7,resnet,True,solarisation,lr,1e-05,0.0001,32,6,0.5198,0.7452,0.6238,0.8182,0.3993,nan,nan,nan,nan,0
late,cage,5,7,resnet,True,solarisation,lr,1e-05,0.0001,32,7,0.4598,0.7807,0.6122,0.8182,0.4201,nan,nan,nan,nan,1
late,cage,5,7,resnet,True,solarisation,lr,1e-05,0.0001,32,8,0.3948,0.8399,0.6113,0.8182,0.4514,nan,nan,nan,nan,1
late,cage,5,7,resnet,True,solarisation,lr,1e-05,0.0001,32,9,0.3254,0.9233,0.6233,0.8182,0.4688,nan,nan,nan,nan,1
late,cage,5,7,resnet,True,solarisation,lr,1e-05,0.0001,32,10,0.2686,1.0806,0.6733,0.8182,0.4792,nan,nan,nan,nan,1
late,cage,5,7,resnet,True,solarisation,lr,1e-05,0.0001,32,11,0.2087,1.2810,0.7591,0.8182,0.4826,nan,nan,nan,nan,1
late,cage,5,7,resnet,True,solarisation,lr,1e-05,0.0001,32,12,0.1666,1.3883,0.8056,0.8182,0.5208,nan,nan,nan,nan,1
late,cage,5,7,resnet,True,solarisation,lr,1e-05,0.0001,32,13,0.1318,1.3287,0.7837,0.8182,0.4896,nan,nan,nan,nan,1
late,cage,5,7,resnet,True,solarisation,lr,1e-05,0.0001,32,14,0.1016,1.3869,0.8141,0.8182,0.4965,nan,nan,nan,nan,1
late,cage,5,7,resnet,True,solarisation,lr,1e-05,0.0001,32,15,0.0852,1.6143,0.9160,0.8182,0.5278,1.9532,1.2776,0.7750,0.4695,1
late,cage,5,7,resnet,True,solarisation,lr,1e-05,0.0001,32,16,0.0657,1.5890,0.9147,0.8182,0.4792,nan,nan,nan,nan,0
late,cage,5,7,resnet,True,solarisation,lr,1e-05,0.0001,32,17,0.0548,1.7299,0.9810,0.8182,0.5035,nan,nan,nan,nan,0
late,cage,5,7,resnet,True,solarisation,lr,1e-05,0.0001,32,18,0.0468,1.7718,1.0008,0.8182,0.4757,nan,nan,nan,nan,0
late,cage,5,7,resnet,True,solarisation,lr,1e-05,0.0001,32,19,0.0414,1.9453,1.0835,0.8182,0.4965,nan,nan,nan,nan,0
late,cage,5,7,resnet,True,solarisation,lr,1e-05,0.0001,32,20,0.0353,1.8337,1.0268,0.8182,0.5278,nan,nan,nan,nan,0
late,cage,5,8,resnet,True,solarisation,lr,1e-05,0.0001,32,1,0.6881,0.7039,0.6381,0.8298,0.4647,nan,nan,nan,nan,0
late,cage,5,8,resnet,True,solarisation,lr,1e-05,0.0001,32,2,0.6571,0.7091,0.6280,0.8298,0.4583,nan,nan,nan,nan,0
late,cage,5,8,resnet,True,solarisation,lr,1e-05,0.0001,32,3,0.6264,0.7187,0.6115,0.8298,0.4647,nan,nan,nan,nan,0
late,cage,5,8,resnet,True,solarisation,lr,1e-05,0.0001,32,4,0.5858,0.7825,0.5793,0.8298,0.4936,nan,nan,nan,nan,0
late,cage,5,8,resnet,True,solarisation,lr,1e-05,0.0001,32,5,0.5352,0.8742,0.5965,0.8298,0.4679,nan,nan,nan,nan,1
late,cage,5,8,resnet,True,solarisation,lr,1e-05,0.0001,32,6,0.4739,0.9890,0.6271,0.8298,0.4904,nan,nan,nan,nan,1
late,cage,5,8,resnet,True,solarisation,lr,1e-05,0.0001,32,7,0.4128,1.2019,0.7134,0.8298,0.4968,nan,nan,nan,nan,1
late,cage,5,8,resnet,True,solarisation,lr,1e-05,0.0001,32,8,0.3468,1.4029,0.8070,0.8298,0.5160,nan,nan,nan,nan,1
late,cage,5,8,resnet,True,solarisation,lr,1e-05,0.0001,32,9,0.2845,1.8304,1.0142,0.8298,0.5128,nan,nan,nan,nan,0
late,cage,5,8,resnet,True,solarisation,lr,1e-05,0.0001,32,10,0.2235,2.0016,1.1111,0.8298,0.5288,nan,nan,nan,nan,1
late,cage,5,8,resnet,True,solarisation,lr,1e-05,0.0001,32,11,0.1797,2.2882,1.2523,0.8298,0.5128,nan,nan,nan,nan,0
late,cage,5,8,resnet,True,solarisation,lr,1e-05,0.0001,32,12,0.1386,2.5299,1.3827,0.8298,0.5256,nan,nan,nan,nan,1
late,cage,5,8,resnet,True,solarisation,lr,1e-05,0.0001,32,13,0.1148,2.8063,1.5351,0.8298,0.5353,nan,nan,nan,nan,0
late,cage,5,8,resnet,True,solarisation,lr,1e-05,0.0001,32,14,0.0900,2.9973,1.6414,0.8298,0.5577,nan,nan,nan,nan,1
late,cage,5,8,resnet,True,solarisation,lr,1e-05,0.0001,32,15,0.0714,3.0808,1.6857,0.8298,0.5513,nan,nan,nan,nan,0
late,cage,5,8,resnet,True,solarisation,lr,1e-05,0.0001,32,16,0.0593,3.4254,1.8721,0.8298,0.5513,nan,nan,nan,nan,1
late,cage,5,8,resnet,True,solarisation,lr,1e-05,0.0001,32,17,0.0470,3.5875,1.9594,0.8298,0.5481,nan,nan,nan,nan,0
late,cage,5,8,resnet,True,solarisation,lr,1e-05,0.0001,32,18,0.0415,3.9143,2.1347,0.8298,0.5417,nan,nan,nan,nan,1
late,cage,5,8,resnet,True,solarisation,lr,1e-05,0.0001,32,19,0.0349,4.1888,2.2825,0.8298,0.5481,nan,nan,nan,nan,0
late,cage,5,8,resnet,True,solarisation,lr,1e-05,0.0001,32,20,0.0284,4.0343,2.2078,0.8298,0.5673,nan,nan,nan,nan,0
late,cage,5,8,resnet,True,solarisation,lr,1e-05,0.0001,32,21,0.0287,3.8771,2.1264,0.8298,0.5641,nan,nan,nan,nan,0
late,cage,5,8,resnet,True,solarisation,lr,1e-05,0.0001,32,22,0.0229,4.1202,2.2491,0.8298,0.5641,5.2865,3.3359,0.7750,0.5878,1
late,cage,5,8,resnet,True,solarisation,lr,1e-05,0.0001,32,23,0.0186,4.1991,2.2999,0.8298,0.5577,nan,nan,nan,nan,0
late,cage,5,8,resnet,True,solarisation,lr,1e-05,0.0001,32,24,0.0179,4.2406,2.3157,0.8298,0.5545,nan,nan,nan,nan,0
late,cage,5,8,resnet,True,solarisation,lr,1e-05,0.0001,32,25,0.0165,4.4549,2.4265,0.8298,0.5641,nan,nan,nan,nan,0
late,cage,5,8,resnet,True,solarisation,lr,1e-05,0.0001,32,26,0.0145,4.2765,2.3358,0.8298,0.5577,nan,nan,nan,nan,0
late,cage,5,8,resnet,True,solarisation,lr,1e-05,0.0001,32,27,0.0118,4.6262,2.5184,0.8298,0.5481,nan,nan,nan,nan,0
late,cage,5,9,resnet,True,solarisation,lr,1e-05,0.0001,32,1,0.6996,0.6897,0.7106,0.2143,0.4916,nan,nan,nan,nan,0
late,cage,5,9,resnet,True,solarisation,lr,1e-05,0.0001,32,2,0.6770,0.6909,0.7056,0.2381,0.5185,nan,nan,nan,nan,0
late,cage,5,9,resnet,True,solarisation,lr,1e-05,0.0001,32,3,0.6554,0.6911,0.7181,0.2143,0.4848,nan,nan,nan,nan,0
late,cage,5,9,resnet,True,solarisation,lr,1e-05,0.0001,32,4,0.6259,0.6988,0.6972,0.4762,0.5421,nan,nan,nan,nan,0
late,cage,5,9,resnet,True,solarisation,lr,1e-05,0.0001,32,5,0.5843,0.7243,0.6688,0.7619,0.4983,0.7042,0.6680,0.7250,0.6774,1
late,cage,5,9,resnet,True,solarisation,lr,1e-05,0.0001,32,6,0.5340,0.7638,0.6637,0.7619,0.4747,nan,nan,nan,nan,0
late,cage,5,9,resnet,True,solarisation,lr,1e-05,0.0001,32,7,0.4785,0.8227,0.6697,0.7857,0.4714,nan,nan,nan,nan,0
late,cage,5,9,resnet,True,solarisation,lr,1e-05,0.0001,32,8,0.4106,0.9032,0.6824,0.7857,0.5017,nan,nan,nan,nan,0
late,cage,5,9,resnet,True,solarisation,lr,1e-05,0.0001,32,9,0.3464,0.9416,0.7205,0.7619,0.4916,nan,nan,nan,nan,0
late,cage,5,9,resnet,True,solarisation,lr,1e-05,0.0001,32,10,0.2869,1.1660,0.7938,0.7857,0.4983,nan,nan,nan,nan,0
late,cage,5,9,resnet,True,solarisation,lr,1e-05,0.0001,32,11,0.2445,1.2138,0.8253,0.7857,0.5118,nan,nan,nan,nan,0
late,cage,5,9,resnet,True,solarisation,lr,1e-05,0.0001,32,12,0.1983,1.2786,0.8804,0.7857,0.4916,nan,nan,nan,nan,0
late,cage,5,9,resnet,True,solarisation,lr,1e-05,0.0001,32,13,0.1582,1.2678,0.8938,0.8095,0.5051,nan,nan,nan,nan,0
late,cage,5,9,resnet,True,solarisation,lr,1e-05,0.0001,32,14,0.1293,1.5638,1.0235,0.7857,0.5152,nan,nan,nan,nan,0
late,cage,5,9,resnet,True,solarisation,lr,1e-05,0.0001,32,15,0.1100,1.4819,1.0126,0.8095,0.5152,nan,nan,nan,nan,0
late,cage,5,9,resnet,True,solarisation,lr,1e-05,0.0001,32,16,0.0886,1.5078,1.0415,0.8095,0.5152,nan,nan,nan,nan,0
late,cage,6,0,resnet,True,solarisation,lr,1e-05,0.0001,32,1,0.6927,0.6925,0.6807,0.8372,0.5556,nan,nan,nan,nan,0
late,cage,6,0,resnet,True,solarisation,lr,1e-05,0.0001,32,2,0.6753,0.6891,0.6722,0.8372,0.6429,nan,nan,nan,nan,0
late,cage,6,0,resnet,True,solarisation,lr,1e-05,0.0001,32,3,0.6526,0.6864,0.6957,0.4186,0.6746,nan,nan,nan,nan,0
late,cage,6,0,resnet,True,solarisation,lr,1e-05,0.0001,32,4,0.6265,0.6785,0.6533,0.8140,0.6865,nan,nan,nan,nan,0
late,cage,6,0,resnet,True,solarisation,lr,1e-05,0.0001,32,5,0.5927,0.6759,0.6389,0.8140,0.6706,nan,nan,nan,nan,1
late,cage,6,0,resnet,True,solarisation,lr,1e-05,0.0001,32,6,0.5411,0.6966,0.6162,0.8372,0.6508,0.7614,0.6607,0.8293,0.2905,1
late,cage,6,0,resnet,True,solarisation,lr,1e-05,0.0001,32,7,0.4845,0.6841,0.6267,0.8140,0.6587,nan,nan,nan,nan,0
late,cage,6,0,resnet,True,solarisation,lr,1e-05,0.0001,32,8,0.4102,0.7470,0.6384,0.8372,0.6548,nan,nan,nan,nan,0
late,cage,6,0,resnet,True,solarisation,lr,1e-05,0.0001,32,9,0.3510,0.8665,0.6950,0.8372,0.6508,nan,nan,nan,nan,0
late,cage,6,0,resnet,True,solarisation,lr,1e-05,0.0001,32,10,0.2852,0.9248,0.7426,0.8372,0.6389,nan,nan,nan,nan,0
late,cage,6,0,resnet,True,solarisation,lr,1e-05,0.0001,32,11,0.2325,1.0663,0.8115,0.8372,0.6190,nan,nan,nan,nan,0
late,cage,6,0,resnet,True,solarisation,lr,1e-05,0.0001,32,12,0.1909,0.9917,0.8159,0.8140,0.6389,nan,nan,nan,nan,0
late,cage,6,0,resnet,True,solarisation,lr,1e-05,0.0001,32,13,0.1515,1.1449,0.8899,0.8372,0.6429,nan,nan,nan,nan,0
late,cage,6,0,resnet,True,solarisation,lr,1e-05,0.0001,32,14,0.1246,1.2209,0.9494,0.8372,0.6667,nan,nan,nan,nan,0
late,cage,6,0,resnet,True,solarisation,lr,1e-05,0.0001,32,15,0.0987,1.2995,1.0065,0.8372,0.6587,nan,nan,nan,nan,0
late,cage,6,0,resnet,True,solarisation,lr,1e-05,0.0001,32,16,0.0876,1.1912,1.0151,0.8140,0.6468,nan,nan,nan,nan,0
late,cage,6,1,resnet,True,solarisation,lr,1e-05,0.0001,32,1,0.6991,0.6872,0.6789,0.6977,0.6111,nan,nan,nan,nan,0
late,cage,6,1,resnet,True,solarisation,lr,1e-05,0.0001,32,2,0.6731,0.6875,0.6954,0.3953,0.6230,nan,nan,nan,nan,0
late,cage,6,1,resnet,True,solarisation,lr,1e-05,0.0001,32,3,0.6556,0.6874,0.6745,0.7209,0.5635,nan,nan,nan,nan,0
late,cage,6,1,resnet,True,solarisation,lr,1e-05,0.0001,32,4,0.6296,0.6922,0.6540,0.7907,0.5079,nan,nan,nan,nan,0
late,cage,6,1,resnet,True,solarisation,lr,1e-05,0.0001,32,5,0.5912,0.7353,0.6067,0.8372,0.4563,0.7213,0.6222,0.8537,0.4571,1
late,cage,6,1,resnet,True,solarisation,lr,1e-05,0.0001,32,6,0.5447,0.7697,0.6106,0.8372,0.4683,nan,nan,nan,nan,0
late,cage,6,1,resnet,True,solarisation,lr,1e-05,0.0001,32,7,0.4818,0.8632,0.6235,0.8372,0.4802,nan,nan,nan,nan,0
late,cage,6,1,resnet,True,solarisation,lr,1e-05,0.0001,32,8,0.4182,0.9771,0.6722,0.8372,0.4444,nan,nan,nan,nan,0
late,cage,6,1,resnet,True,solarisation,lr,1e-05,0.0001,32,9,0.3538,1.0761,0.7030,0.8372,0.4762,nan,nan,nan,nan,0
late,cage,6,1,resnet,True,solarisation,lr,1e-05,0.0001,32,10,0.2905,1.2845,0.8023,0.8372,0.4683,nan,nan,nan,nan,0
late,cage,6,1,resnet,True,solarisation,lr,1e-05,0.0001,32,11,0.2396,1.3245,0.8257,0.8372,0.4683,nan,nan,nan,nan,0
late,cage,6,1,resnet,True,solarisation,lr,1e-05,0.0001,32,12,0.1932,1.4602,0.8926,0.8372,0.4643,nan,nan,nan,nan,0
late,cage,6,1,resnet,True,solarisation,lr,1e-05,0.0001,32,13,0.1585,1.8668,1.0940,0.8372,0.4683,nan,nan,nan,nan,0
late,cage,6,1,resnet,True,solarisation,lr,1e-05,0.0001,32,14,0.1262,1.8364,1.0839,0.8372,0.4603,nan,nan,nan,nan,0
late,cage,6,1,resnet,True,solarisation,lr,1e-05,0.0001,32,15,0.1041,2.0896,1.2153,0.8372,0.4524,nan,nan,nan,nan,0
late,cage,6,1,resnet,True,solarisation,lr,1e-05,0.0001,32,16,0.0890,2.0169,1.1814,0.8372,0.4802,nan,nan,nan,nan,0
late,cage,6,2,resnet,True,solarisation,lr,1e-05,0.0001,32,1,0.6932,0.6974,0.6639,0.7857,0.5184,nan,nan,nan,nan,0
late,cage,6,2,resnet,True,solarisation,lr,1e-05,0.0001,32,2,0.6584,0.6973,0.6737,0.7619,0.5037,nan,nan,nan,nan,0
late,cage,6,2,resnet,True,solarisation,lr,1e-05,0.0001,32,3,0.6266,0.7076,0.6563,0.7857,0.4890,nan,nan,nan,nan,0
late,cage,6,2,resnet,True,solarisation,lr,1e-05,0.0001,32,4,0.5884,0.7195,0.6387,0.8095,0.5221,nan,nan,nan,nan,0
late,cage,6,2,resnet,True,solarisation,lr,1e-05,0.0001,32,5,0.5409,0.7245,0.6437,0.7857,0.5257,0.7158,0.6488,0.8293,0.4095,1
late,cage,6,2,resnet,True,solarisation,lr,1e-05,0.0001,32,6,0.4865,0.7619,0.6454,0.7857,0.4779,nan,nan,nan,nan,0
late,cage,6,2,resnet,True,solarisation,lr,1e-05,0.0001,32,7,0.4269,0.8558,0.6437,0.8095,0.5074,nan,nan,nan,nan,0
late,cage,6,2,resnet,True,solarisation,lr,1e-05,0.0001,32,8,0.3626,0.8477,0.6691,0.8095,0.4559,nan,nan,nan,nan,0
late,cage,6,2,resnet,True,solarisation,lr,1e-05,0.0001,32,9,0.3008,1.1526,0.7694,0.8095,0.4596,nan,nan,nan,nan,0
late,cage,6,2,resnet,True,solarisation,lr,1e-05,0.0001,32,10,0.2471,1.3918,0.8766,0.8095,0.4301,nan,nan,nan,nan,0
late,cage,6,2,resnet,True,solarisation,lr,1e-05,0.0001,32,11,0.1948,1.4729,0.9240,0.8095,0.4559,nan,nan,nan,nan,0
late,cage,6,2,resnet,True,solarisation,lr,1e-05,0.0001,32,12,0.1548,1.7562,1.0613,0.8095,0.4485,nan,nan,nan,nan,0
late,cage,6,2,resnet,True,solarisation,lr,1e-05,0.0001,32,13,0.1283,1.9528,1.1699,0.8095,0.4301,nan,nan,nan,nan,0
late,cage,6,2,resnet,True,solarisation,lr,1e-05,0.0001,32,14,0.0981,2.0073,1.1993,0.8095,0.4265,nan,nan,nan,nan,0
late,cage,6,2,resnet,True,solarisation,lr,1e-05,0.0001,32,15,0.0813,2.1545,1.2794,0.8095,0.4007,nan,nan,nan,nan,0
late,cage,6,2,resnet,True,solarisation,lr,1e-05,0.0001,32,16,0.0683,2.4298,1.4201,0.8095,0.4118,nan,nan,nan,nan,0
late,cage,6,3,resnet,True,solarisation,lr,1e-05,0.0001,32,1,0.6929,0.6997,0.7180,0.2381,0.4490,nan,nan,nan,nan,0
late,cage,6,3,resnet,True,solarisation,lr,1e-05,0.0001,32,2,0.6570,0.7056,0.7400,0.1905,0.4286,nan,nan,nan,nan,0
late,cage,6,3,resnet,True,solarisation,lr,1e-05,0.0001,32,3,0.6254,0.7043,0.7445,0.1905,0.4776,nan,nan,nan,nan,0
late,cage,6,3,resnet,True,solarisation,lr,1e-05,0.0001,32,4,0.5833,0.6991,0.7338,0.3333,0.5265,nan,nan,nan,nan,0
late,cage,6,3,resnet,True,solarisation,lr,1e-05,0.0001,32,5,0.5360,0.7033,0.6854,0.7143,0.5184,nan,nan,nan,nan,1
late,cage,6,3,resnet,True,solarisation,lr,1e-05,0.0001,32,6,0.4783,0.7074,0.6911,0.7619,0.5510,nan,nan,nan,nan,1
late,cage,6,3,resnet,True,solarisation,lr,1e-05,0.0001,32,7,0.4133,0.7209,0.6914,0.8333,0.5510,nan,nan,nan,nan,1
late,cage,6,3,resnet,True,solarisation,lr,1e-05,0.0001,32,8,0.3505,0.7600,0.7044,0.8095,0.5388,0.7886,0.7299,0.8049,0.3190,1
late,cage,6,3,resnet,True,solarisation,lr,1e-05,0.0001,32,9,0.2903,0.7460,0.7341,0.7619,0.5102,nan,nan,nan,nan,0
late,cage,6,3,resnet,True,solarisation,lr,1e-05,0.0001,32,10,0.2321,0.8028,0.7614,0.8333,0.5143,nan,nan,nan,nan,0
late,cage,6,3,resnet,True,solarisation,lr,1e-05,0.0001,32,11,0.1897,0.9102,0.8057,0.8333,0.5102,nan,nan,nan,nan,0
late,cage,6,3,resnet,True,solarisation,lr,1e-05,0.0001,32,12,0.1485,0.9619,0.8545,0.8333,0.4816,nan,nan,nan,nan,0
late,cage,6,3,resnet,True,solarisation,lr,1e-05,0.0001,32,13,0.1197,0.9009,0.8660,0.7619,0.5020,nan,nan,nan,nan,0
late,cage,6,3,resnet,True,solarisation,lr,1e-05,0.0001,32,14,0.0972,0.9962,0.9341,0.7619,0.4816,nan,nan,nan,nan,0
late,cage,6,3,resnet,True,solarisation,lr,1e-05,0.0001,32,15,0.0779,1.1422,1.0022,0.8095,0.4694,nan,nan,nan,nan,0
late,cage,6,3,resnet,True,solarisation,lr,1e-05,0.0001,32,16,0.0638,1.0660,1.0052,0.7857,0.4776,nan,nan,nan,nan,0
late,cage,6,4,resnet,True,solarisation,lr,1e-05,0.0001,32,1,0.6956,0.7021,0.7066,0.3488,0.3143,nan,nan,nan,nan,0
late,cage,6,4,resnet,True,solarisation,lr,1e-05,0.0001,32,2,0.6864,0.7020,0.7046,0.3953,0.3357,nan,nan,nan,nan,0
late,cage,6,4,resnet,True,solarisation,lr,1e-05,0.0001,32,3,0.6746,0.7005,0.7092,0.2558,0.3500,nan,nan,nan,nan,0
late,cage,6,4,resnet,True,solarisation,lr,1e-05,0.0001,32,4,0.6544,0.7089,0.7011,0.7209,0.3571,nan,nan,nan,nan,0
late,cage,6,4,resnet,True,solarisation,lr,1e-05,0.0001,32,5,0.6229,0.7137,0.7027,0.7674,0.3964,nan,nan,nan,nan,1
late,cage,6,4,resnet,True,solarisation,lr,1e-05,0.0001,32,6,0.5822,0.7462,0.6999,0.8140,0.3929,nan,nan,nan,nan,1
late,cage,6,4,resnet,True,solarisation,lr,1e-05,0.0001,32,7,0.5284,0.8081,0.7243,0.8140,0.3679,nan,nan,nan,nan,1
late,cage,6,4,resnet,True,solarisation,lr,1e-05,0.0001,32,8,0.4655,0.8451,0.7449,0.8140,0.3821,0.7724,0.6303,0.8537,0.3238,1
late,cage,6,4,resnet,True,solarisation,lr,1e-05,0.0001,32,9,0.4042,0.9132,0.7885,0.8140,0.3821,nan,nan,nan,nan,0
late,cage,6,4,resnet,True,solarisation,lr,1e-05,0.0001,32,10,0.3428,1.1125,0.9073,0.8140,0.3536,nan,nan,nan,nan,0
late,cage,6,4,resnet,True,solarisation,lr,1e-05,0.0001,32,11,0.2905,1.1419,0.9334,0.8140,0.3393,nan,nan,nan,nan,0
late,cage,6,4,resnet,True,solarisation,lr,1e-05,0.0001,32,12,0.2394,1.4209,1.1194,0.8140,0.3071,nan,nan,nan,nan,0
late,cage,6,4,resnet,True,solarisation,lr,1e-05,0.0001,32,13,0.1963,1.4413,1.1338,0.8140,0.3214,nan,nan,nan,nan,0
late,cage,6,4,resnet,True,solarisation,lr,1e-05,0.0001,32,14,0.1650,1.5693,1.2247,0.8140,0.3464,nan,nan,nan,nan,0
late,cage,6,4,resnet,True,solarisation,lr,1e-05,0.0001,32,15,0.1346,1.8728,1.4410,0.8140,0.3250,nan,nan,nan,nan,0
late,cage,6,4,resnet,True,solarisation,lr,1e-05,0.0001,32,16,0.1121,1.8622,1.4434,0.8140,0.3571,nan,nan,nan,nan,0
late,cage,6,5,resnet,True,solarisation,lr,1e-05,0.0001,32,1,0.6913,0.7122,0.6647,0.7750,0.6272,nan,nan,nan,nan,0
late,cage,6,5,resnet,True,solarisation,lr,1e-05,0.0001,32,2,0.6693,0.7185,0.6576,0.7750,0.6452,nan,nan,nan,nan,0
late,cage,6,5,resnet,True,solarisation,lr,1e-05,0.0001,32,3,0.6449,0.7485,0.6491,0.7750,0.6272,nan,nan,nan,nan,0
late,cage,6,5,resnet,True,solarisation,lr,1e-05,0.0001,32,4,0.6153,0.7798,0.6500,0.7750,0.6201,nan,nan,nan,nan,0
late,cage,6,5,resnet,True,solarisation,lr,1e-05,0.0001,32,5,0.5765,0.8463,0.6657,0.7750,0.5842,0.7340,0.6045,0.8537,0.5000,1
late,cage,6,5,resnet,True,solarisation,lr,1e-05,0.0001,32,6,0.5270,1.0726,0.7553,0.7750,0.5090,nan,nan,nan,nan,0
late,cage,6,5,resnet,True,solarisation,lr,1e-05,0.0001,32,7,0.4671,1.0913,0.7675,0.7750,0.5448,nan,nan,nan,nan,0
late,cage,6,5,resnet,True,solarisation,lr,1e-05,0.0001,32,8,0.4008,1.5536,1.0134,0.7750,0.4695,nan,nan,nan,nan,0
late,cage,6,5,resnet,True,solarisation,lr,1e-05,0.0001,32,9,0.3375,1.9135,1.2242,0.7750,0.4337,nan,nan,nan,nan,0
late,cage,6,5,resnet,True,solarisation,lr,1e-05,0.0001,32,10,0.2822,2.1394,1.3533,0.7750,0.4409,nan,nan,nan,nan,0
late,cage,6,5,resnet,True,solarisation,lr,1e-05,0.0001,32,11,0.2238,2.5604,1.6087,0.7750,0.4086,nan,nan,nan,nan,0
late,cage,6,5,resnet,True,solarisation,lr,1e-05,0.0001,32,12,0.1793,2.6872,1.6917,0.7750,0.3978,nan,nan,nan,nan,0
late,cage,6,5,resnet,True,solarisation,lr,1e-05,0.0001,32,13,0.1467,3.1179,1.9558,0.7750,0.3978,nan,nan,nan,nan,0
late,cage,6,5,resnet,True,solarisation,lr,1e-05,0.0001,32,14,0.1177,3.3534,2.0934,0.7750,0.4194,nan,nan,nan,nan,0
late,cage,6,5,resnet,True,solarisation,lr,1e-05,0.0001,32,15,0.0926,3.8685,2.4140,0.7750,0.4086,nan,nan,nan,nan,0
late,cage,6,5,resnet,True,solarisation,lr,1e-05,0.0001,32,16,0.0767,4.2607,2.6609,0.7750,0.3907,nan,nan,nan,nan,0
