fusion,dataset,test_set,dev_set,arch,use_pretrained,augmentation,speech_encoder_arch,lr,wd,batch_size,epoch,train_loss,dev_loss_patient,dev_loss_cough,dev_acc,dev_auc,test_loss_patient,test_loss_cough,test_acc,test_auc,is_best
late,cage,0,1,resnet,True,solarisation,lr,0.0001,0.0001,32,1,0.6886,0.6933,0.7206,0.1628,0.6389,nan,nan,nan,nan,0
late,cage,0,1,resnet,True,solarisation,lr,0.0001,0.0001,32,2,0.6273,0.6950,0.7014,0.4186,0.4921,nan,nan,nan,nan,0
late,cage,0,1,resnet,True,solarisation,lr,0.0001,0.0001,32,3,0.4972,0.8711,0.6614,0.8372,0.4206,nan,nan,nan,nan,0
late,cage,0,1,resnet,True,solarisation,lr,0.0001,0.0001,32,4,0.3220,0.8567,0.7280,0.8140,0.3651,nan,nan,nan,nan,0
late,cage,0,1,resnet,True,solarisation,lr,0.0001,0.0001,32,5,0.1949,0.9603,0.8126,0.8140,0.3849,0.7832,0.7146,0.7907,0.6548,1
late,cage,0,1,resnet,True,solarisation,lr,0.0001,0.0001,32,6,0.1140,2.0541,1.1780,0.8372,0.4127,nan,nan,nan,nan,0
late,cage,0,1,resnet,True,solarisation,lr,0.0001,0.0001,32,7,0.0726,1.7435,1.0539,0.8372,0.4127,nan,nan,nan,nan,0
late,cage,0,1,resnet,True,solarisation,lr,0.0001,0.0001,32,8,0.0745,2.2153,1.2573,0.8372,0.4048,nan,nan,nan,nan,0
late,cage,0,1,resnet,True,solarisation,lr,0.0001,0.0001,32,9,0.0613,2.8994,1.6218,0.8372,0.4087,nan,nan,nan,nan,0
late,cage,0,1,resnet,True,solarisation,lr,0.0001,0.0001,32,10,0.0249,3.1611,1.7446,0.8372,0.4643,nan,nan,nan,nan,0
late,cage,0,1,resnet,True,solarisation,lr,0.0001,0.0001,32,11,0.0272,3.4884,1.9278,0.8372,0.4405,nan,nan,nan,nan,0
late,cage,0,1,resnet,True,solarisation,lr,0.0001,0.0001,32,12,0.0148,3.9990,2.2097,0.8372,0.4762,nan,nan,nan,nan,0
late,cage,0,1,resnet,True,solarisation,lr,0.0001,0.0001,32,13,0.0252,2.7888,1.6188,0.8372,0.4405,nan,nan,nan,nan,0
late,cage,0,1,resnet,True,solarisation,lr,0.0001,0.0001,32,14,0.0499,5.6375,3.0958,0.8372,0.4286,nan,nan,nan,nan,0
late,cage,0,1,resnet,True,solarisation,lr,0.0001,0.0001,32,15,0.0572,7.1327,3.9009,0.8372,0.4683,nan,nan,nan,nan,0
late,cage,0,1,resnet,True,solarisation,lr,0.0001,0.0001,32,16,0.0308,8.9365,4.8835,0.8372,0.4762,nan,nan,nan,nan,0
late,cage,0,2,resnet,True,solarisation,lr,0.0001,0.0001,32,1,0.6806,0.6830,0.6663,0.7857,0.7096,nan,nan,nan,nan,0
late,cage,0,2,resnet,True,solarisation,lr,0.0001,0.0001,32,2,0.6005,0.6934,0.6355,0.7857,0.6949,nan,nan,nan,nan,0
late,cage,0,2,resnet,True,solarisation,lr,0.0001,0.0001,32,3,0.4664,0.7041,0.6493,0.7857,0.5919,nan,nan,nan,nan,0
late,cage,0,2,resnet,True,solarisation,lr,0.0001,0.0001,32,4,0.2886,1.3486,0.8114,0.8095,0.5993,nan,nan,nan,nan,0
late,cage,0,2,resnet,True,solarisation,lr,0.0001,0.0001,32,5,0.1614,1.5126,0.9264,0.8095,0.5037,1.3106,0.8952,0.8372,0.6429,1
late,cage,0,2,resnet,True,solarisation,lr,0.0001,0.0001,32,6,0.0921,2.1173,1.2300,0.8095,0.5588,nan,nan,nan,nan,0
late,cage,0,2,resnet,True,solarisation,lr,0.0001,0.0001,32,7,0.0856,3.9629,2.2414,0.8095,0.4118,nan,nan,nan,nan,0
late,cage,0,2,resnet,True,solarisation,lr,0.0001,0.0001,32,8,0.0564,3.9327,2.2272,0.8095,0.4926,nan,nan,nan,nan,0
late,cage,0,2,resnet,True,solarisation,lr,0.0001,0.0001,32,9,0.0510,4.0491,2.2996,0.8095,0.5478,nan,nan,nan,nan,0
late,cage,0,2,resnet,True,solarisation,lr,0.0001,0.0001,32,10,0.0288,3.4521,1.9678,0.8095,0.5037,nan,nan,nan,nan,0
late,cage,0,2,resnet,True,solarisation,lr,0.0001,0.0001,32,11,0.0282,5.0711,2.8699,0.8095,0.5294,nan,nan,nan,nan,0
late,cage,0,2,resnet,True,solarisation,lr,0.0001,0.0001,32,12,0.0506,5.6729,3.1995,0.8095,0.4485,nan,nan,nan,nan,0
late,cage,0,2,resnet,True,solarisation,lr,0.0001,0.0001,32,13,0.0262,8.2313,4.6640,0.8095,0.4449,nan,nan,nan,nan,0
late,cage,0,2,resnet,True,solarisation,lr,0.0001,0.0001,32,14,0.0271,4.9194,2.7907,0.8095,0.5074,nan,nan,nan,nan,0
late,cage,0,2,resnet,True,solarisation,lr,0.0001,0.0001,32,15,0.0161,6.5558,3.7039,0.8095,0.4559,nan,nan,nan,nan,0
late,cage,0,2,resnet,True,solarisation,lr,0.0001,0.0001,32,16,0.0111,6.5694,3.7222,0.8095,0.4485,nan,nan,nan,nan,0
late,cage,0,3,resnet,True,solarisation,lr,0.0001,0.0001,32,1,0.6839,0.6920,0.7090,0.1905,0.6367,nan,nan,nan,nan,0
late,cage,0,3,resnet,True,solarisation,lr,0.0001,0.0001,32,2,0.6234,0.6783,0.6678,0.7143,0.6163,nan,nan,nan,nan,0
late,cage,0,3,resnet,True,solarisation,lr,0.0001,0.0001,32,3,0.5015,0.6813,0.7070,0.5000,0.5959,nan,nan,nan,nan,0
late,cage,0,3,resnet,True,solarisation,lr,0.0001,0.0001,32,4,0.3313,0.7132,0.9348,0.4286,0.5469,nan,nan,nan,nan,0
late,cage,0,3,resnet,True,solarisation,lr,0.0001,0.0001,32,5,0.2045,0.9868,0.7648,0.8333,0.7020,nan,nan,nan,nan,1
late,cage,0,3,resnet,True,solarisation,lr,0.0001,0.0001,32,6,0.1142,0.9414,0.8168,0.8333,0.7510,nan,nan,nan,nan,1
late,cage,0,3,resnet,True,solarisation,lr,0.0001,0.0001,32,7,0.0755,1.1631,0.8526,0.8333,0.7714,nan,nan,nan,nan,1
late,cage,0,3,resnet,True,solarisation,lr,0.0001,0.0001,32,8,0.0475,1.9585,1.2765,0.8333,0.7796,nan,nan,nan,nan,1
late,cage,0,3,resnet,True,solarisation,lr,0.0001,0.0001,32,9,0.0686,1.1114,0.9299,0.8095,0.7184,nan,nan,nan,nan,1
late,cage,0,3,resnet,True,solarisation,lr,0.0001,0.0001,32,10,0.0395,1.5434,1.0959,0.8333,0.7306,nan,nan,nan,nan,1
late,cage,0,3,resnet,True,solarisation,lr,0.0001,0.0001,32,11,0.0437,2.1033,1.4232,0.8333,0.7837,2.5734,1.6547,0.8372,0.6270,1
late,cage,0,3,resnet,True,solarisation,lr,0.0001,0.0001,32,12,0.0240,3.4353,2.1565,0.8333,0.7265,nan,nan,nan,nan,0
late,cage,0,3,resnet,True,solarisation,lr,0.0001,0.0001,32,13,0.0362,5.4694,3.5300,0.8333,0.7265,nan,nan,nan,nan,0
late,cage,0,3,resnet,True,solarisation,lr,0.0001,0.0001,32,14,0.0182,6.8487,4.3223,0.8333,0.7265,nan,nan,nan,nan,0
late,cage,0,3,resnet,True,solarisation,lr,0.0001,0.0001,32,15,0.0180,5.6901,3.5682,0.8333,0.6816,nan,nan,nan,nan,0
late,cage,0,3,resnet,True,solarisation,lr,0.0001,0.0001,32,16,0.0393,4.9626,3.1026,0.8333,0.6898,nan,nan,nan,nan,0
late,cage,0,4,resnet,True,solarisation,lr,0.0001,0.0001,32,1,0.6861,0.7064,0.6734,0.8140,0.5786,nan,nan,nan,nan,0
late,cage,0,4,resnet,True,solarisation,lr,0.0001,0.0001,32,2,0.6217,0.9385,0.7837,0.8140,0.3464,nan,nan,nan,nan,0
late,cage,0,4,resnet,True,solarisation,lr,0.0001,0.0001,32,3,0.5041,1.4711,1.1432,0.8140,0.4643,nan,nan,nan,nan,0
late,cage,0,4,resnet,True,solarisation,lr,0.0001,0.0001,32,4,0.3185,2.0528,1.5768,0.8140,0.2750,nan,nan,nan,nan,0
late,cage,0,4,resnet,True,solarisation,lr,0.0001,0.0001,32,5,0.1902,3.1688,2.3442,0.8140,0.3214,nan,nan,nan,nan,1
late,cage,0,4,resnet,True,solarisation,lr,0.0001,0.0001,32,6,0.1199,3.8085,2.8161,0.8140,0.2964,nan,nan,nan,nan,0
late,cage,0,4,resnet,True,solarisation,lr,0.0001,0.0001,32,7,0.0735,3.4912,2.5922,0.8140,0.4643,nan,nan,nan,nan,0
late,cage,0,4,resnet,True,solarisation,lr,0.0001,0.0001,32,8,0.0553,4.3851,3.2247,0.8140,0.4036,nan,nan,nan,nan,0
late,cage,0,4,resnet,True,solarisation,lr,0.0001,0.0001,32,9,0.0726,6.8343,5.0233,0.8140,0.4571,nan,nan,nan,nan,0
late,cage,0,4,resnet,True,solarisation,lr,0.0001,0.0001,32,10,0.0476,4.4690,3.3270,0.8140,0.3179,nan,nan,nan,nan,0
late,cage,0,4,resnet,True,solarisation,lr,0.0001,0.0001,32,11,0.0249,6.7624,4.9913,0.8140,0.3821,6.2879,3.9566,0.8372,0.5833,1
late,cage,0,4,resnet,True,solarisation,lr,0.0001,0.0001,32,12,0.0173,6.0692,4.4838,0.8140,0.4000,nan,nan,nan,nan,0
late,cage,0,4,resnet,True,solarisation,lr,0.0001,0.0001,32,13,0.0171,6.3737,4.7170,0.8140,0.4000,nan,nan,nan,nan,0
late,cage,0,4,resnet,True,solarisation,lr,0.0001,0.0001,32,14,0.0488,10.0850,7.3698,0.8140,0.2464,nan,nan,nan,nan,0
late,cage,0,4,resnet,True,solarisation,lr,0.0001,0.0001,32,15,0.0581,8.1108,6.0085,0.8140,0.2964,nan,nan,nan,nan,0
late,cage,0,4,resnet,True,solarisation,lr,0.0001,0.0001,32,16,0.0315,8.7158,6.3980,0.8140,0.3571,nan,nan,nan,nan,0
late,cage,0,5,resnet,True,solarisation,lr,0.0001,0.0001,32,1,0.6918,0.6913,0.6876,0.6000,0.5591,nan,nan,nan,nan,0
late,cage,0,5,resnet,True,solarisation,lr,0.0001,0.0001,32,2,0.5920,0.9754,0.7071,0.7750,0.5771,nan,nan,nan,nan,0
late,cage,0,5,resnet,True,solarisation,lr,0.0001,0.0001,32,3,0.4469,1.2985,0.8840,0.7750,0.5376,nan,nan,nan,nan,0
late,cage,0,5,resnet,True,solarisation,lr,0.0001,0.0001,32,4,0.2832,3.0241,1.9245,0.7750,0.5018,nan,nan,nan,nan,0
late,cage,0,5,resnet,True,solarisation,lr,0.0001,0.0001,32,5,0.1487,3.8548,2.3995,0.7750,0.5484,3.4419,2.2102,0.8372,0.5198,1
late,cage,0,5,resnet,True,solarisation,lr,0.0001,0.0001,32,6,0.0905,4.2739,2.6419,0.7750,0.5090,nan,nan,nan,nan,0
late,cage,0,5,resnet,True,solarisation,lr,0.0001,0.0001,32,7,0.0554,4.6425,2.8732,0.7750,0.5054,nan,nan,nan,nan,0
late,cage,0,5,resnet,True,solarisation,lr,0.0001,0.0001,32,8,0.0604,6.2968,3.8993,0.7750,0.5699,nan,nan,nan,nan,0
late,cage,0,5,resnet,True,solarisation,lr,0.0001,0.0001,32,9,0.0620,6.5378,4.0408,0.7750,0.4839,nan,nan,nan,nan,0
late,cage,0,5,resnet,True,solarisation,lr,0.0001,0.0001,32,10,0.0306,5.9093,3.6017,0.7750,0.4767,nan,nan,nan,nan,0
late,cage,0,5,resnet,True,solarisation,lr,0.0001,0.0001,32,11,0.0425,8.5733,5.1633,0.7750,0.4122,nan,nan,nan,nan,0
late,cage,0,5,resnet,True,solarisation,lr,0.0001,0.0001,32,12,0.0553,11.8409,7.1936,0.7750,0.4803,nan,nan,nan,nan,0
late,cage,0,5,resnet,True,solarisation,lr,0.0001,0.0001,32,13,0.0513,11.9362,7.2862,0.7750,0.5233,nan,nan,nan,nan,0
late,cage,0,5,resnet,True,solarisation,lr,0.0001,0.0001,32,14,0.0270,13.8877,8.5137,0.7750,0.5054,nan,nan,nan,nan,0
late,cage,0,5,resnet,True,solarisation,lr,0.0001,0.0001,32,15,0.0217,10.5879,6.6047,0.7750,0.4373,nan,nan,nan,nan,0
late,cage,0,5,resnet,True,solarisation,lr,0.0001,0.0001,32,16,0.0066,11.2917,6.9932,0.7750,0.4659,nan,nan,nan,nan,0
late,cage,0,6,resnet,True,solarisation,lr,0.0001,0.0001,32,1,0.6907,0.6931,0.6351,0.8537,0.4476,nan,nan,nan,nan,0
late,cage,0,6,resnet,True,solarisation,lr,0.0001,0.0001,32,2,0.6111,0.7869,0.6999,0.8049,0.2810,nan,nan,nan,nan,0
late,cage,0,6,resnet,True,solarisation,lr,0.0001,0.0001,32,3,0.4725,0.9291,0.6957,0.8537,0.3952,nan,nan,nan,nan,0
late,cage,0,6,resnet,True,solarisation,lr,0.0001,0.0001,32,4,0.3089,1.3618,0.9085,0.8537,0.4619,nan,nan,nan,nan,0
late,cage,0,6,resnet,True,solarisation,lr,0.0001,0.0001,32,5,0.1992,2.0594,1.3294,0.8537,0.3857,nan,nan,nan,nan,1
late,cage,0,6,resnet,True,solarisation,lr,0.0001,0.0001,32,6,0.0970,1.2232,0.8774,0.8537,0.4333,nan,nan,nan,nan,0
late,cage,0,6,resnet,True,solarisation,lr,0.0001,0.0001,32,7,0.0823,3.7961,2.3741,0.8537,0.4905,nan,nan,nan,nan,1
late,cage,0,6,resnet,True,solarisation,lr,0.0001,0.0001,32,8,0.0567,3.5206,2.1915,0.8537,0.4524,nan,nan,nan,nan,1
late,cage,0,6,resnet,True,solarisation,lr,0.0001,0.0001,32,9,0.0459,3.8808,2.4165,0.8537,0.3714,nan,nan,nan,nan,0
late,cage,0,6,resnet,True,solarisation,lr,0.0001,0.0001,32,10,0.0321,4.6627,2.9084,0.8537,0.4048,nan,nan,nan,nan,0
late,cage,0,6,resnet,True,solarisation,lr,0.0001,0.0001,32,11,0.0117,5.3878,3.3767,0.8537,0.4000,nan,nan,nan,nan,0
late,cage,0,6,resnet,True,solarisation,lr,0.0001,0.0001,32,12,0.0126,6.6940,4.2047,0.8537,0.4381,nan,nan,nan,nan,0
late,cage,0,6,resnet,True,solarisation,lr,0.0001,0.0001,32,13,0.0461,5.2836,3.2972,0.8537,0.5048,nan,nan,nan,nan,0
late,cage,0,6,resnet,True,solarisation,lr,0.0001,0.0001,32,14,0.0936,6.7986,4.2213,0.8537,0.4714,nan,nan,nan,nan,0
late,cage,0,6,resnet,True,solarisation,lr,0.0001,0.0001,32,15,0.0263,7.7336,4.8240,0.8537,0.4952,nan,nan,nan,nan,1
late,cage,0,6,resnet,True,solarisation,lr,0.0001,0.0001,32,16,0.0140,6.6324,4.1014,0.8537,0.4667,7.0640,4.3480,0.8372,0.5198,1
late,cage,0,6,resnet,True,solarisation,lr,0.0001,0.0001,32,17,0.0166,7.3813,4.5841,0.8537,0.4238,nan,nan,nan,nan,0
late,cage,0,6,resnet,True,solarisation,lr,0.0001,0.0001,32,18,0.0379,5.6483,3.5689,0.8537,0.4000,nan,nan,nan,nan,0
late,cage,0,6,resnet,True,solarisation,lr,0.0001,0.0001,32,19,0.0546,6.5378,4.0891,0.8537,0.3952,nan,nan,nan,nan,0
late,cage,0,6,resnet,True,solarisation,lr,0.0001,0.0001,32,20,0.0309,7.9135,4.9537,0.8537,0.5143,nan,nan,nan,nan,0
late,cage,0,6,resnet,True,solarisation,lr,0.0001,0.0001,32,21,0.0241,8.1917,5.0743,0.8537,0.4810,nan,nan,nan,nan,0
late,cage,0,7,resnet,True,solarisation,lr,0.0001,0.0001,32,1,0.6880,0.7220,0.8333,0.1818,0.3542,nan,nan,nan,nan,0
late,cage,0,7,resnet,True,solarisation,lr,0.0001,0.0001,32,2,0.6204,0.7220,0.8222,0.1818,0.4271,nan,nan,nan,nan,0
late,cage,0,7,resnet,True,solarisation,lr,0.0001,0.0001,32,3,0.4800,0.8045,0.6588,0.8182,0.4757,nan,nan,nan,nan,0
late,cage,0,7,resnet,True,solarisation,lr,0.0001,0.0001,32,4,0.3034,0.7938,0.7729,0.6364,0.4826,nan,nan,nan,nan,0
late,cage,0,7,resnet,True,solarisation,lr,0.0001,0.0001,32,5,0.1593,2.2536,1.3286,0.8182,0.5521,nan,nan,nan,nan,1
late,cage,0,7,resnet,True,solarisation,lr,0.0001,0.0001,32,6,0.1059,1.9058,1.2041,0.8182,0.5556,nan,nan,nan,nan,1
late,cage,0,7,resnet,True,solarisation,lr,0.0001,0.0001,32,7,0.0477,2.3245,1.3270,0.8182,0.6458,nan,nan,nan,nan,1
late,cage,0,7,resnet,True,solarisation,lr,0.0001,0.0001,32,8,0.0551,3.2992,1.8832,0.8182,0.5972,nan,nan,nan,nan,1
late,cage,0,7,resnet,True,solarisation,lr,0.0001,0.0001,32,9,0.0565,3.4430,1.9251,0.8182,0.6007,nan,nan,nan,nan,1
late,cage,0,7,resnet,True,solarisation,lr,0.0001,0.0001,32,10,0.0306,5.4538,2.9889,0.8182,0.6354,nan,nan,nan,nan,1
late,cage,0,7,resnet,True,solarisation,lr,0.0001,0.0001,32,11,0.0366,1.9696,1.3868,0.7955,0.5174,nan,nan,nan,nan,0
late,cage,0,7,resnet,True,solarisation,lr,0.0001,0.0001,32,12,0.0638,7.1580,3.8728,0.8182,0.6597,nan,nan,nan,nan,0
late,cage,0,7,resnet,True,solarisation,lr,0.0001,0.0001,32,13,0.0466,4.9917,2.7790,0.8182,0.6285,nan,nan,nan,nan,0
late,cage,0,7,resnet,True,solarisation,lr,0.0001,0.0001,32,14,0.0539,3.4321,1.9111,0.8182,0.6250,nan,nan,nan,nan,1
late,cage,0,7,resnet,True,solarisation,lr,0.0001,0.0001,32,15,0.0457,3.2785,1.9367,0.8182,0.6007,nan,nan,nan,nan,0
late,cage,0,7,resnet,True,solarisation,lr,0.0001,0.0001,32,16,0.0184,3.0092,1.7528,0.8182,0.6319,2.9140,1.9770,0.8372,0.5952,1
late,cage,0,7,resnet,True,solarisation,lr,0.0001,0.0001,32,17,0.0107,3.9345,2.2355,0.8182,0.6215,nan,nan,nan,nan,0
late,cage,0,7,resnet,True,solarisation,lr,0.0001,0.0001,32,18,0.0028,4.5065,2.5081,0.8182,0.5972,nan,nan,nan,nan,0
late,cage,0,7,resnet,True,solarisation,lr,0.0001,0.0001,32,19,0.0018,4.5525,2.5640,0.8182,0.6493,nan,nan,nan,nan,0
late,cage,0,7,resnet,True,solarisation,lr,0.0001,0.0001,32,20,0.0024,4.7229,2.6838,0.8182,0.6424,nan,nan,nan,nan,0
late,cage,0,7,resnet,True,solarisation,lr,0.0001,0.0001,32,21,0.0033,4.4455,2.5151,0.8182,0.6007,nan,nan,nan,nan,0
late,cage,0,8,resnet,True,solarisation,lr,0.0001,0.0001,32,1,0.6899,0.7389,0.8707,0.1702,0.4583,nan,nan,nan,nan,0
late,cage,0,8,resnet,True,solarisation,lr,0.0001,0.0001,32,2,0.6067,0.6983,0.7589,0.1702,0.5929,nan,nan,nan,nan,0
late,cage,0,8,resnet,True,solarisation,lr,0.0001,0.0001,32,3,0.4680,0.6851,0.7156,0.3830,0.6026,nan,nan,nan,nan,0
late,cage,0,8,resnet,True,solarisation,lr,0.0001,0.0001,32,4,0.2895,0.9492,0.6279,0.8298,0.5737,nan,nan,nan,nan,0
late,cage,0,8,resnet,True,solarisation,lr,0.0001,0.0001,32,5,0.1617,0.7685,0.6868,0.8085,0.6090,nan,nan,nan,nan,1
late,cage,0,8,resnet,True,solarisation,lr,0.0001,0.0001,32,6,0.1000,0.7501,0.8070,0.7660,0.5929,0.7727,0.8912,0.7907,0.6587,1
late,cage,0,8,resnet,True,solarisation,lr,0.0001,0.0001,32,7,0.0477,2.1289,1.1262,0.8298,0.5192,nan,nan,nan,nan,0
late,cage,0,8,resnet,True,solarisation,lr,0.0001,0.0001,32,8,0.0511,2.1220,1.1853,0.8298,0.5545,nan,nan,nan,nan,0
late,cage,0,8,resnet,True,solarisation,lr,0.0001,0.0001,32,9,0.0376,1.1764,0.9778,0.7872,0.5865,nan,nan,nan,nan,0
late,cage,0,8,resnet,True,solarisation,lr,0.0001,0.0001,32,10,0.0299,2.0759,1.1795,0.8298,0.5577,nan,nan,nan,nan,0
late,cage,0,8,resnet,True,solarisation,lr,0.0001,0.0001,32,11,0.0142,2.1427,1.2246,0.8298,0.5641,nan,nan,nan,nan,0
late,cage,0,8,resnet,True,solarisation,lr,0.0001,0.0001,32,12,0.0661,3.8789,1.9604,0.8298,0.4679,nan,nan,nan,nan,0
late,cage,0,8,resnet,True,solarisation,lr,0.0001,0.0001,32,13,0.0816,6.0915,3.0442,0.8298,0.5032,nan,nan,nan,nan,0
late,cage,0,8,resnet,True,solarisation,lr,0.0001,0.0001,32,14,0.0532,1.2285,0.9919,0.8085,0.5032,nan,nan,nan,nan,0
late,cage,0,8,resnet,True,solarisation,lr,0.0001,0.0001,32,15,0.0242,3.8349,2.0116,0.8298,0.4647,nan,nan,nan,nan,0
late,cage,0,8,resnet,True,solarisation,lr,0.0001,0.0001,32,16,0.0177,2.1125,1.4067,0.8298,0.5353,nan,nan,nan,nan,0
late,cage,0,9,resnet,True,solarisation,lr,0.0001,0.0001,32,1,0.6851,0.6846,0.7185,0.2143,0.5387,nan,nan,nan,nan,0
late,cage,0,9,resnet,True,solarisation,lr,0.0001,0.0001,32,2,0.6031,0.7176,0.8901,0.2143,0.3333,nan,nan,nan,nan,0
late,cage,0,9,resnet,True,solarisation,lr,0.0001,0.0001,32,3,0.4525,0.8125,0.7340,0.6667,0.4175,nan,nan,nan,nan,0
late,cage,0,9,resnet,True,solarisation,lr,0.0001,0.0001,32,4,0.2725,1.3611,0.8528,0.7857,0.4613,nan,nan,nan,nan,0
late,cage,0,9,resnet,True,solarisation,lr,0.0001,0.0001,32,5,0.1600,1.3587,0.9612,0.7381,0.4040,nan,nan,nan,nan,1
late,cage,0,9,resnet,True,solarisation,lr,0.0001,0.0001,32,6,0.0936,3.4568,1.9844,0.7857,0.4781,nan,nan,nan,nan,0
late,cage,0,9,resnet,True,solarisation,lr,0.0001,0.0001,32,7,0.0579,3.3882,1.9391,0.7857,0.4411,nan,nan,nan,nan,1
late,cage,0,9,resnet,True,solarisation,lr,0.0001,0.0001,32,8,0.0642,4.0848,2.3529,0.7857,0.4680,3.3961,2.1999,0.8372,0.5794,1
late,cage,0,9,resnet,True,solarisation,lr,0.0001,0.0001,32,9,0.0519,4.3400,2.4855,0.7857,0.4108,nan,nan,nan,nan,0
late,cage,0,9,resnet,True,solarisation,lr,0.0001,0.0001,32,10,0.0232,4.5717,2.6063,0.7857,0.3838,nan,nan,nan,nan,0
late,cage,0,9,resnet,True,solarisation,lr,0.0001,0.0001,32,11,0.0131,3.9301,2.3011,0.7857,0.4141,nan,nan,nan,nan,0
late,cage,0,9,resnet,True,solarisation,lr,0.0001,0.0001,32,12,0.0119,4.5708,2.6148,0.7857,0.4074,nan,nan,nan,nan,0
late,cage,0,9,resnet,True,solarisation,lr,0.0001,0.0001,32,13,0.0106,7.8120,4.4182,0.7857,0.4108,nan,nan,nan,nan,0
late,cage,0,9,resnet,True,solarisation,lr,0.0001,0.0001,32,14,0.0849,5.8682,3.3348,0.7857,0.4209,nan,nan,nan,nan,0
late,cage,0,9,resnet,True,solarisation,lr,0.0001,0.0001,32,15,0.0862,4.1909,2.5346,0.7619,0.3603,nan,nan,nan,nan,0
late,cage,0,9,resnet,True,solarisation,lr,0.0001,0.0001,32,16,0.0235,8.0093,4.5313,0.7857,0.3838,nan,nan,nan,nan,0
late,cage,1,0,resnet,True,solarisation,lr,0.0001,0.0001,32,1,0.6873,0.6874,0.7002,0.1628,0.6984,nan,nan,nan,nan,0
late,cage,1,0,resnet,True,solarisation,lr,0.0001,0.0001,32,2,0.6236,0.6760,0.7017,0.3023,0.7143,nan,nan,nan,nan,0
late,cage,1,0,resnet,True,solarisation,lr,0.0001,0.0001,32,3,0.5088,0.6711,0.6832,0.7209,0.6151,nan,nan,nan,nan,0
late,cage,1,0,resnet,True,solarisation,lr,0.0001,0.0001,32,4,0.3187,0.9285,0.7009,0.8372,0.6190,nan,nan,nan,nan,0
late,cage,1,0,resnet,True,solarisation,lr,0.0001,0.0001,32,5,0.1908,2.3011,1.4572,0.8372,0.5079,2.2859,1.2851,0.8372,0.4960,1
late,cage,1,0,resnet,True,solarisation,lr,0.0001,0.0001,32,6,0.1157,2.3969,1.5070,0.8372,0.5476,nan,nan,nan,nan,0
late,cage,1,0,resnet,True,solarisation,lr,0.0001,0.0001,32,7,0.0740,4.1921,2.6229,0.8372,0.5357,nan,nan,nan,nan,0
late,cage,1,0,resnet,True,solarisation,lr,0.0001,0.0001,32,8,0.0564,3.2578,2.0367,0.8372,0.5675,nan,nan,nan,nan,0
late,cage,1,0,resnet,True,solarisation,lr,0.0001,0.0001,32,9,0.0459,4.1269,2.5870,0.8372,0.5397,nan,nan,nan,nan,0
late,cage,1,0,resnet,True,solarisation,lr,0.0001,0.0001,32,10,0.0492,3.3075,2.0915,0.8372,0.5873,nan,nan,nan,nan,0
late,cage,1,0,resnet,True,solarisation,lr,0.0001,0.0001,32,11,0.0446,3.6276,2.2858,0.8372,0.5992,nan,nan,nan,nan,0
late,cage,1,0,resnet,True,solarisation,lr,0.0001,0.0001,32,12,0.0134,4.5094,2.8516,0.8372,0.6111,nan,nan,nan,nan,0
late,cage,1,0,resnet,True,solarisation,lr,0.0001,0.0001,32,13,0.0359,5.1628,3.2716,0.8372,0.5873,nan,nan,nan,nan,0
late,cage,1,0,resnet,True,solarisation,lr,0.0001,0.0001,32,14,0.0474,4.5593,2.8693,0.8372,0.5556,nan,nan,nan,nan,0
late,cage,1,0,resnet,True,solarisation,lr,0.0001,0.0001,32,15,0.0234,4.9723,3.1365,0.8372,0.6190,nan,nan,nan,nan,0
late,cage,1,0,resnet,True,solarisation,lr,0.0001,0.0001,32,16,0.0075,3.8341,2.3818,0.8372,0.6111,nan,nan,nan,nan,0
late,cage,1,2,resnet,True,solarisation,lr,0.0001,0.0001,32,1,0.6783,0.6758,0.7178,0.2143,0.7574,nan,nan,nan,nan,0
late,cage,1,2,resnet,True,solarisation,lr,0.0001,0.0001,32,2,0.5989,0.6792,0.7615,0.1905,0.6324,nan,nan,nan,nan,0
late,cage,1,2,resnet,True,solarisation,lr,0.0001,0.0001,32,3,0.4569,0.7233,0.6146,0.8095,0.6691,nan,nan,nan,nan,0
late,cage,1,2,resnet,True,solarisation,lr,0.0001,0.0001,32,4,0.2653,1.6849,1.0227,0.8095,0.5074,nan,nan,nan,nan,0
late,cage,1,2,resnet,True,solarisation,lr,0.0001,0.0001,32,5,0.1483,1.5288,0.9690,0.8095,0.4706,1.4560,0.9304,0.8372,0.4762,1
late,cage,1,2,resnet,True,solarisation,lr,0.0001,0.0001,32,6,0.0824,2.4363,1.4019,0.8095,0.4559,nan,nan,nan,nan,0
late,cage,1,2,resnet,True,solarisation,lr,0.0001,0.0001,32,7,0.0601,3.1970,1.8406,0.8095,0.4412,nan,nan,nan,nan,0
late,cage,1,2,resnet,True,solarisation,lr,0.0001,0.0001,32,8,0.0473,3.3781,1.9303,0.8095,0.4853,nan,nan,nan,nan,0
late,cage,1,2,resnet,True,solarisation,lr,0.0001,0.0001,32,9,0.0452,3.4910,2.0020,0.8095,0.4596,nan,nan,nan,nan,0
late,cage,1,2,resnet,True,solarisation,lr,0.0001,0.0001,32,10,0.0600,7.5539,4.3076,0.8095,0.5404,nan,nan,nan,nan,0
late,cage,1,2,resnet,True,solarisation,lr,0.0001,0.0001,32,11,0.0370,4.8913,2.7770,0.8095,0.5772,nan,nan,nan,nan,0
late,cage,1,2,resnet,True,solarisation,lr,0.0001,0.0001,32,12,0.0222,6.7890,3.8412,0.8095,0.4596,nan,nan,nan,nan,0
late,cage,1,2,resnet,True,solarisation,lr,0.0001,0.0001,32,13,0.0445,6.5337,3.7071,0.8095,0.4596,nan,nan,nan,nan,0
late,cage,1,2,resnet,True,solarisation,lr,0.0001,0.0001,32,14,0.0672,9.4848,5.3858,0.8095,0.5110,nan,nan,nan,nan,0
late,cage,1,2,resnet,True,solarisation,lr,0.0001,0.0001,32,15,0.0277,12.2690,6.9849,0.8095,0.4853,nan,nan,nan,nan,0
late,cage,1,2,resnet,True,solarisation,lr,0.0001,0.0001,32,16,0.0209,7.3432,4.1583,0.8095,0.4632,nan,nan,nan,nan,0
late,cage,1,3,resnet,True,solarisation,lr,0.0001,0.0001,32,1,0.6868,0.6862,0.6585,0.8333,0.7020,nan,nan,nan,nan,0
late,cage,1,3,resnet,True,solarisation,lr,0.0001,0.0001,32,2,0.6277,0.7242,0.8080,0.1667,0.5633,nan,nan,nan,nan,0
late,cage,1,3,resnet,True,solarisation,lr,0.0001,0.0001,32,3,0.5049,0.6753,0.7048,0.5952,0.6082,nan,nan,nan,nan,0
late,cage,1,3,resnet,True,solarisation,lr,0.0001,0.0001,32,4,0.3276,0.6907,0.8226,0.5714,0.5469,nan,nan,nan,nan,0
late,cage,1,3,resnet,True,solarisation,lr,0.0001,0.0001,32,5,0.2057,0.9284,0.8708,0.7857,0.5429,nan,nan,nan,nan,1
late,cage,1,3,resnet,True,solarisation,lr,0.0001,0.0001,32,6,0.1148,0.7158,1.1683,0.6429,0.5959,nan,nan,nan,nan,0
late,cage,1,3,resnet,True,solarisation,lr,0.0001,0.0001,32,7,0.0612,0.9240,1.6672,0.4762,0.5306,nan,nan,nan,nan,0
late,cage,1,3,resnet,True,solarisation,lr,0.0001,0.0001,32,8,0.0616,2.2514,1.6183,0.8333,0.6163,nan,nan,nan,nan,0
late,cage,1,3,resnet,True,solarisation,lr,0.0001,0.0001,32,9,0.0594,2.2371,1.5200,0.8333,0.6163,nan,nan,nan,nan,0
late,cage,1,3,resnet,True,solarisation,lr,0.0001,0.0001,32,10,0.0452,2.9089,1.9736,0.8333,0.6735,nan,nan,nan,nan,1
late,cage,1,3,resnet,True,solarisation,lr,0.0001,0.0001,32,11,0.0375,5.1859,3.2618,0.8333,0.6612,nan,nan,nan,nan,1
late,cage,1,3,resnet,True,solarisation,lr,0.0001,0.0001,32,12,0.0311,5.3200,3.3795,0.8333,0.6490,nan,nan,nan,nan,1
late,cage,1,3,resnet,True,solarisation,lr,0.0001,0.0001,32,13,0.0159,4.3183,2.8314,0.8333,0.6735,4.7710,2.7312,0.8372,0.4603,1
late,cage,1,3,resnet,True,solarisation,lr,0.0001,0.0001,32,14,0.0128,4.8351,3.0935,0.8333,0.6408,nan,nan,nan,nan,0
late,cage,1,3,resnet,True,solarisation,lr,0.0001,0.0001,32,15,0.0220,10.7174,6.7975,0.8333,0.6082,nan,nan,nan,nan,0
late,cage,1,3,resnet,True,solarisation,lr,0.0001,0.0001,32,16,0.0334,7.2072,4.4761,0.8333,0.6122,nan,nan,nan,nan,0
late,cage,1,3,resnet,True,solarisation,lr,0.0001,0.0001,32,17,0.0431,8.0774,5.0960,0.8333,0.6531,nan,nan,nan,nan,0
late,cage,1,3,resnet,True,solarisation,lr,0.0001,0.0001,32,18,0.0449,8.7819,5.5557,0.8333,0.6531,nan,nan,nan,nan,0
late,cage,1,4,resnet,True,solarisation,lr,0.0001,0.0001,32,1,0.6907,0.6910,0.7177,0.1860,0.6321,nan,nan,nan,nan,0
late,cage,1,4,resnet,True,solarisation,lr,0.0001,0.0001,32,2,0.6299,0.8071,0.7082,0.8140,0.4464,nan,nan,nan,nan,0
late,cage,1,4,resnet,True,solarisation,lr,0.0001,0.0001,32,3,0.4997,0.9252,0.7962,0.8140,0.4750,nan,nan,nan,nan,0
late,cage,1,4,resnet,True,solarisation,lr,0.0001,0.0001,32,4,0.3281,1.8547,1.4238,0.8140,0.5964,nan,nan,nan,nan,0
late,cage,1,4,resnet,True,solarisation,lr,0.0001,0.0001,32,5,0.1750,3.1661,2.3810,0.8140,0.4321,2.9489,1.6212,0.8372,0.4524,1
late,cage,1,4,resnet,True,solarisation,lr,0.0001,0.0001,32,6,0.1046,3.5554,2.6908,0.8140,0.4821,nan,nan,nan,nan,0
late,cage,1,4,resnet,True,solarisation,lr,0.0001,0.0001,32,7,0.0581,3.5337,2.6548,0.8140,0.4714,nan,nan,nan,nan,0
late,cage,1,4,resnet,True,solarisation,lr,0.0001,0.0001,32,8,0.0637,6.2283,4.6921,0.8140,0.4750,nan,nan,nan,nan,0
late,cage,1,4,resnet,True,solarisation,lr,0.0001,0.0001,32,9,0.0410,7.3781,5.5504,0.8140,0.5143,nan,nan,nan,nan,0
late,cage,1,4,resnet,True,solarisation,lr,0.0001,0.0001,32,10,0.0271,5.8755,4.3873,0.8140,0.4821,nan,nan,nan,nan,0
late,cage,1,4,resnet,True,solarisation,lr,0.0001,0.0001,32,11,0.0582,6.4928,4.8106,0.8140,0.4714,nan,nan,nan,nan,0
late,cage,1,4,resnet,True,solarisation,lr,0.0001,0.0001,32,12,0.0425,7.5778,5.7335,0.8140,0.4750,nan,nan,nan,nan,0
late,cage,1,4,resnet,True,solarisation,lr,0.0001,0.0001,32,13,0.0629,8.8520,6.7134,0.8140,0.5393,nan,nan,nan,nan,0
late,cage,1,4,resnet,True,solarisation,lr,0.0001,0.0001,32,14,0.0194,10.3112,7.7763,0.8140,0.5250,nan,nan,nan,nan,0
late,cage,1,4,resnet,True,solarisation,lr,0.0001,0.0001,32,15,0.0136,13.5055,10.1022,0.8140,0.4821,nan,nan,nan,nan,0
late,cage,1,4,resnet,True,solarisation,lr,0.0001,0.0001,32,16,0.0181,15.5485,11.6510,0.8140,0.5036,nan,nan,nan,nan,0
late,cage,1,5,resnet,True,solarisation,lr,0.0001,0.0001,32,1,0.6838,0.7204,0.6749,0.7750,0.4050,nan,nan,nan,nan,0
late,cage,1,5,resnet,True,solarisation,lr,0.0001,0.0001,32,2,0.5913,1.0468,0.7577,0.7750,0.4122,nan,nan,nan,nan,0
late,cage,1,5,resnet,True,solarisation,lr,0.0001,0.0001,32,3,0.4390,0.9649,0.7356,0.7750,0.3907,nan,nan,nan,nan,0
late,cage,1,5,resnet,True,solarisation,lr,0.0001,0.0001,32,4,0.2692,2.7652,1.7147,0.7750,0.4086,nan,nan,nan,nan,0
late,cage,1,5,resnet,True,solarisation,lr,0.0001,0.0001,32,5,0.1549,5.0709,3.1353,0.7750,0.4480,4.4617,2.4704,0.8372,0.4563,1
late,cage,1,5,resnet,True,solarisation,lr,0.0001,0.0001,32,6,0.0972,5.0260,3.1388,0.7750,0.3405,nan,nan,nan,nan,0
late,cage,1,5,resnet,True,solarisation,lr,0.0001,0.0001,32,7,0.0622,5.9343,3.6636,0.7750,0.3943,nan,nan,nan,nan,0
late,cage,1,5,resnet,True,solarisation,lr,0.0001,0.0001,32,8,0.0420,5.3324,3.2869,0.7750,0.4050,nan,nan,nan,nan,0
late,cage,1,5,resnet,True,solarisation,lr,0.0001,0.0001,32,9,0.0421,9.4015,5.8077,0.7750,0.4552,nan,nan,nan,nan,0
late,cage,1,5,resnet,True,solarisation,lr,0.0001,0.0001,32,10,0.0495,5.6446,3.4772,0.7750,0.4014,nan,nan,nan,nan,0
late,cage,1,5,resnet,True,solarisation,lr,0.0001,0.0001,32,11,0.0359,9.4155,5.8350,0.7750,0.3728,nan,nan,nan,nan,0
late,cage,1,5,resnet,True,solarisation,lr,0.0001,0.0001,32,12,0.0410,6.6783,4.1505,0.7750,0.3978,nan,nan,nan,nan,0
late,cage,1,5,resnet,True,solarisation,lr,0.0001,0.0001,32,13,0.0497,9.8202,6.0361,0.7750,0.3907,nan,nan,nan,nan,0
late,cage,1,5,resnet,True,solarisation,lr,0.0001,0.0001,32,14,0.0455,10.1234,6.2358,0.7750,0.4194,nan,nan,nan,nan,0
late,cage,1,5,resnet,True,solarisation,lr,0.0001,0.0001,32,15,0.0331,10.0820,6.2140,0.7750,0.4265,nan,nan,nan,nan,0
late,cage,1,5,resnet,True,solarisation,lr,0.0001,0.0001,32,16,0.0518,10.2889,6.3406,0.7750,0.4014,nan,nan,nan,nan,0
late,cage,1,6,resnet,True,solarisation,lr,0.0001,0.0001,32,1,0.6882,0.7092,0.7180,0.1707,0.3476,nan,nan,nan,nan,0
late,cage,1,6,resnet,True,solarisation,lr,0.0001,0.0001,32,2,0.6110,0.7670,0.6215,0.8537,0.4190,nan,nan,nan,nan,0
late,cage,1,6,resnet,True,solarisation,lr,0.0001,0.0001,32,3,0.4651,1.3707,0.9233,0.8537,0.3524,nan,nan,nan,nan,0
late,cage,1,6,resnet,True,solarisation,lr,0.0001,0.0001,32,4,0.2918,2.7588,1.7692,0.8537,0.4095,nan,nan,nan,nan,0
late,cage,1,6,resnet,True,solarisation,lr,0.0001,0.0001,32,5,0.1820,2.0015,1.3162,0.8537,0.4762,nan,nan,nan,nan,1
late,cage,1,6,resnet,True,solarisation,lr,0.0001,0.0001,32,6,0.0938,3.5099,2.2141,0.8537,0.4381,nan,nan,nan,nan,1
late,cage,1,6,resnet,True,solarisation,lr,0.0001,0.0001,32,7,0.0935,5.1728,3.2864,0.8537,0.4333,nan,nan,nan,nan,0
late,cage,1,6,resnet,True,solarisation,lr,0.0001,0.0001,32,8,0.0505,4.4727,2.8727,0.8537,0.4286,nan,nan,nan,nan,1
late,cage,1,6,resnet,True,solarisation,lr,0.0001,0.0001,32,9,0.0239,3.9599,2.5435,0.8537,0.4429,nan,nan,nan,nan,1
late,cage,1,6,resnet,True,solarisation,lr,0.0001,0.0001,32,10,0.0203,4.2187,2.6800,0.8537,0.4667,nan,nan,nan,nan,0
late,cage,1,6,resnet,True,solarisation,lr,0.0001,0.0001,32,11,0.0330,5.1454,3.2774,0.8537,0.4524,nan,nan,nan,nan,0
late,cage,1,6,resnet,True,solarisation,lr,0.0001,0.0001,32,12,0.0188,5.1868,3.3295,0.8537,0.4333,nan,nan,nan,nan,0
late,cage,1,6,resnet,True,solarisation,lr,0.0001,0.0001,32,13,0.0081,4.4689,2.8513,0.8537,0.4286,nan,nan,nan,nan,0
late,cage,1,6,resnet,True,solarisation,lr,0.0001,0.0001,32,14,0.0206,4.2499,2.7176,0.8537,0.5143,nan,nan,nan,nan,1
late,cage,1,6,resnet,True,solarisation,lr,0.0001,0.0001,32,15,0.0818,5.9185,3.7057,0.8537,0.4952,nan,nan,nan,nan,1
late,cage,1,6,resnet,True,solarisation,lr,0.0001,0.0001,32,16,0.0671,7.7230,4.8356,0.8537,0.5238,nan,nan,nan,nan,1
late,cage,1,6,resnet,True,solarisation,lr,0.0001,0.0001,32,17,0.0628,3.0380,1.9304,0.8537,0.5000,nan,nan,nan,nan,1
late,cage,1,6,resnet,True,solarisation,lr,0.0001,0.0001,32,18,0.0327,6.5528,4.1476,0.8537,0.4619,7.2281,3.9796,0.8372,0.4365,1
late,cage,1,6,resnet,True,solarisation,lr,0.0001,0.0001,32,19,0.0153,5.3176,3.3290,0.8537,0.4952,nan,nan,nan,nan,0
late,cage,1,6,resnet,True,solarisation,lr,0.0001,0.0001,32,20,0.0084,6.4650,4.0311,0.8537,0.4667,nan,nan,nan,nan,0
late,cage,1,6,resnet,True,solarisation,lr,0.0001,0.0001,32,21,0.0071,6.4564,4.0195,0.8537,0.4619,nan,nan,nan,nan,0
late,cage,1,6,resnet,True,solarisation,lr,0.0001,0.0001,32,22,0.0121,5.3645,3.3188,0.8537,0.4429,nan,nan,nan,nan,0
late,cage,1,6,resnet,True,solarisation,lr,0.0001,0.0001,32,23,0.0098,8.0637,5.0126,0.8537,0.4857,nan,nan,nan,nan,0
late,cage,1,7,resnet,True,solarisation,lr,0.0001,0.0001,32,1,0.6863,0.6975,0.6999,0.3636,0.3785,nan,nan,nan,nan,0
late,cage,1,7,resnet,True,solarisation,lr,0.0001,0.0001,32,2,0.6386,0.6902,0.6593,0.7500,0.5799,nan,nan,nan,nan,0
late,cage,1,7,resnet,True,solarisation,lr,0.0001,0.0001,32,3,0.5150,0.6887,0.7237,0.4318,0.5556,nan,nan,nan,nan,0
late,cage,1,7,resnet,True,solarisation,lr,0.0001,0.0001,32,4,0.3255,0.7624,0.6029,0.7727,0.6840,nan,nan,nan,nan,0
late,cage,1,7,resnet,True,solarisation,lr,0.0001,0.0001,32,5,0.1949,1.1227,0.7198,0.8182,0.6840,nan,nan,nan,nan,1
late,cage,1,7,resnet,True,solarisation,lr,0.0001,0.0001,32,6,0.1007,2.2824,1.2755,0.8182,0.6875,nan,nan,nan,nan,1
late,cage,1,7,resnet,True,solarisation,lr,0.0001,0.0001,32,7,0.0900,0.9403,0.7099,0.7955,0.6910,nan,nan,nan,nan,1
late,cage,1,7,resnet,True,solarisation,lr,0.0001,0.0001,32,8,0.0497,1.9826,1.1248,0.8182,0.6840,2.0506,1.1867,0.8372,0.4365,1
late,cage,1,7,resnet,True,solarisation,lr,0.0001,0.0001,32,9,0.0440,1.0406,0.7422,0.7955,0.7014,nan,nan,nan,nan,0
late,cage,1,7,resnet,True,solarisation,lr,0.0001,0.0001,32,10,0.0343,2.3586,1.3071,0.8182,0.6007,nan,nan,nan,nan,0
late,cage,1,7,resnet,True,solarisation,lr,0.0001,0.0001,32,11,0.0316,1.9051,1.0857,0.8182,0.6979,nan,nan,nan,nan,0
late,cage,1,7,resnet,True,solarisation,lr,0.0001,0.0001,32,12,0.0152,2.4786,1.3947,0.8182,0.6667,nan,nan,nan,nan,0
late,cage,1,7,resnet,True,solarisation,lr,0.0001,0.0001,32,13,0.0502,1.6195,0.9994,0.8182,0.5799,nan,nan,nan,nan,0
late,cage,1,7,resnet,True,solarisation,lr,0.0001,0.0001,32,14,0.0507,0.8709,0.7349,0.8182,0.6771,nan,nan,nan,nan,0
late,cage,1,7,resnet,True,solarisation,lr,0.0001,0.0001,32,15,0.0292,1.7746,1.0906,0.8182,0.6458,nan,nan,nan,nan,0
late,cage,1,7,resnet,True,solarisation,lr,0.0001,0.0001,32,16,0.0422,2.0448,1.1631,0.8182,0.6806,nan,nan,nan,nan,0
late,cage,1,8,resnet,True,solarisation,lr,0.0001,0.0001,32,1,0.6898,0.6966,0.7122,0.2553,0.4808,nan,nan,nan,nan,0
late,cage,1,8,resnet,True,solarisation,lr,0.0001,0.0001,32,2,0.5983,0.7913,0.5836,0.8298,0.5160,nan,nan,nan,nan,0
late,cage,1,8,resnet,True,solarisation,lr,0.0001,0.0001,32,3,0.4403,1.2037,0.6877,0.8298,0.5032,nan,nan,nan,nan,0
late,cage,1,8,resnet,True,solarisation,lr,0.0001,0.0001,32,4,0.2672,1.7907,0.9394,0.8298,0.4776,nan,nan,nan,nan,0
late,cage,1,8,resnet,True,solarisation,lr,0.0001,0.0001,32,5,0.1462,2.4317,1.2313,0.8298,0.5224,2.3003,1.2926,0.8372,0.4683,1
late,cage,1,8,resnet,True,solarisation,lr,0.0001,0.0001,32,6,0.0851,2.9252,1.4489,0.8298,0.4936,nan,nan,nan,nan,0
late,cage,1,8,resnet,True,solarisation,lr,0.0001,0.0001,32,7,0.0585,3.3583,1.6499,0.8298,0.4936,nan,nan,nan,nan,0
late,cage,1,8,resnet,True,solarisation,lr,0.0001,0.0001,32,8,0.0600,4.0300,2.0080,0.8298,0.4968,nan,nan,nan,nan,0
late,cage,1,8,resnet,True,solarisation,lr,0.0001,0.0001,32,9,0.0437,6.4841,3.1736,0.8298,0.4551,nan,nan,nan,nan,0
late,cage,1,8,resnet,True,solarisation,lr,0.0001,0.0001,32,10,0.0399,5.0336,2.4296,0.8298,0.4423,nan,nan,nan,nan,0
late,cage,1,8,resnet,True,solarisation,lr,0.0001,0.0001,32,11,0.0523,7.5510,3.7344,0.8298,0.4167,nan,nan,nan,nan,0
late,cage,1,8,resnet,True,solarisation,lr,0.0001,0.0001,32,12,0.0292,6.1104,3.0211,0.8298,0.4519,nan,nan,nan,nan,0
late,cage,1,8,resnet,True,solarisation,lr,0.0001,0.0001,32,13,0.0241,6.6731,3.2497,0.8298,0.4359,nan,nan,nan,nan,0
late,cage,1,8,resnet,True,solarisation,lr,0.0001,0.0001,32,14,0.0257,5.0693,2.4618,0.8298,0.4263,nan,nan,nan,nan,0
late,cage,1,8,resnet,True,solarisation,lr,0.0001,0.0001,32,15,0.0330,7.9041,3.8438,0.8298,0.4167,nan,nan,nan,nan,0
late,cage,1,8,resnet,True,solarisation,lr,0.0001,0.0001,32,16,0.0139,13.6832,6.7896,0.8298,0.4231,nan,nan,nan,nan,0
late,cage,1,9,resnet,True,solarisation,lr,0.0001,0.0001,32,1,0.6901,0.6997,0.6768,0.7857,0.4714,nan,nan,nan,nan,0
late,cage,1,9,resnet,True,solarisation,lr,0.0001,0.0001,32,2,0.5981,0.7157,0.6496,0.7619,0.6027,nan,nan,nan,nan,0
late,cage,1,9,resnet,True,solarisation,lr,0.0001,0.0001,32,3,0.4403,1.3206,0.8315,0.7857,0.3973,nan,nan,nan,nan,0
late,cage,1,9,resnet,True,solarisation,lr,0.0001,0.0001,32,4,0.2402,2.5237,1.4270,0.7857,0.4478,nan,nan,nan,nan,0
late,cage,1,9,resnet,True,solarisation,lr,0.0001,0.0001,32,5,0.1323,2.7015,1.5539,0.7857,0.4747,nan,nan,nan,nan,1
late,cage,1,9,resnet,True,solarisation,lr,0.0001,0.0001,32,6,0.0965,2.7746,1.6038,0.7857,0.4512,nan,nan,nan,nan,0
late,cage,1,9,resnet,True,solarisation,lr,0.0001,0.0001,32,7,0.0456,3.5563,2.0217,0.7857,0.4815,nan,nan,nan,nan,0
late,cage,1,9,resnet,True,solarisation,lr,0.0001,0.0001,32,8,0.0340,3.1192,1.7815,0.7857,0.5387,nan,nan,nan,nan,0
late,cage,1,9,resnet,True,solarisation,lr,0.0001,0.0001,32,9,0.0600,5.7299,3.2211,0.7857,0.5522,4.9243,2.6976,0.8372,0.5357,1
late,cage,1,9,resnet,True,solarisation,lr,0.0001,0.0001,32,10,0.0568,5.5199,3.0860,0.7857,0.4512,nan,nan,nan,nan,0
late,cage,1,9,resnet,True,solarisation,lr,0.0001,0.0001,32,11,0.0321,6.9348,3.8623,0.7857,0.4209,nan,nan,nan,nan,0
late,cage,1,9,resnet,True,solarisation,lr,0.0001,0.0001,32,12,0.0217,3.9545,2.2869,0.7857,0.4983,nan,nan,nan,nan,0
late,cage,1,9,resnet,True,solarisation,lr,0.0001,0.0001,32,13,0.0091,6.1897,3.5131,0.7857,0.4377,nan,nan,nan,nan,0
late,cage,1,9,resnet,True,solarisation,lr,0.0001,0.0001,32,14,0.0199,7.4528,4.1907,0.7857,0.4411,nan,nan,nan,nan,0
late,cage,1,9,resnet,True,solarisation,lr,0.0001,0.0001,32,15,0.0306,7.2168,4.0379,0.7857,0.4579,nan,nan,nan,nan,0
late,cage,1,9,resnet,True,solarisation,lr,0.0001,0.0001,32,16,0.0598,10.8533,6.0772,0.7857,0.4545,nan,nan,nan,nan,0
late,cage,2,0,resnet,True,solarisation,lr,0.0001,0.0001,32,1,0.6772,0.6852,0.6943,0.4186,0.6111,nan,nan,nan,nan,0
late,cage,2,0,resnet,True,solarisation,lr,0.0001,0.0001,32,2,0.6001,0.6768,0.6930,0.3953,0.6230,nan,nan,nan,nan,0
late,cage,2,0,resnet,True,solarisation,lr,0.0001,0.0001,32,3,0.4688,1.4200,0.9377,0.8372,0.6468,nan,nan,nan,nan,0
late,cage,2,0,resnet,True,solarisation,lr,0.0001,0.0001,32,4,0.3151,1.4541,0.9629,0.8372,0.6429,nan,nan,nan,nan,0
late,cage,2,0,resnet,True,solarisation,lr,0.0001,0.0001,32,5,0.1763,1.0451,0.7637,0.8372,0.6429,nan,nan,nan,nan,1
late,cage,2,0,resnet,True,solarisation,lr,0.0001,0.0001,32,6,0.1148,2.5423,1.6104,0.8372,0.6508,nan,nan,nan,nan,1
late,cage,2,0,resnet,True,solarisation,lr,0.0001,0.0001,32,7,0.0583,3.8294,2.4373,0.8372,0.6468,nan,nan,nan,nan,0
late,cage,2,0,resnet,True,solarisation,lr,0.0001,0.0001,32,8,0.0743,1.9957,1.2909,0.8372,0.8214,nan,nan,nan,nan,1
late,cage,2,0,resnet,True,solarisation,lr,0.0001,0.0001,32,9,0.0694,4.6686,2.9636,0.8372,0.6627,nan,nan,nan,nan,0
late,cage,2,0,resnet,True,solarisation,lr,0.0001,0.0001,32,10,0.0556,5.5757,3.5290,0.8372,0.6667,nan,nan,nan,nan,1
late,cage,2,0,resnet,True,solarisation,lr,0.0001,0.0001,32,11,0.0519,5.3129,3.4347,0.8372,0.6786,6.4806,3.6452,0.8095,0.4191,1
late,cage,2,0,resnet,True,solarisation,lr,0.0001,0.0001,32,12,0.0419,4.4518,2.8605,0.8372,0.6706,nan,nan,nan,nan,0
late,cage,2,0,resnet,True,solarisation,lr,0.0001,0.0001,32,13,0.0204,5.4804,3.5118,0.8372,0.6627,nan,nan,nan,nan,0
late,cage,2,0,resnet,True,solarisation,lr,0.0001,0.0001,32,14,0.0142,5.6751,3.6418,0.8372,0.6706,nan,nan,nan,nan,0
late,cage,2,0,resnet,True,solarisation,lr,0.0001,0.0001,32,15,0.0161,6.1730,3.9463,0.8372,0.6667,nan,nan,nan,nan,0
late,cage,2,0,resnet,True,solarisation,lr,0.0001,0.0001,32,16,0.0485,9.5138,6.0979,0.8372,0.6706,nan,nan,nan,nan,0
late,cage,2,1,resnet,True,solarisation,lr,0.0001,0.0001,32,1,0.6835,0.6900,0.6961,0.5116,0.5992,nan,nan,nan,nan,0
late,cage,2,1,resnet,True,solarisation,lr,0.0001,0.0001,32,2,0.6044,0.7211,0.6061,0.8372,0.5794,nan,nan,nan,nan,0
late,cage,2,1,resnet,True,solarisation,lr,0.0001,0.0001,32,3,0.4560,1.4943,0.8789,0.8372,0.4563,nan,nan,nan,nan,0
late,cage,2,1,resnet,True,solarisation,lr,0.0001,0.0001,32,4,0.2668,1.5347,0.9063,0.8372,0.4524,nan,nan,nan,nan,0
late,cage,2,1,resnet,True,solarisation,lr,0.0001,0.0001,32,5,0.1627,3.0324,1.6751,0.8372,0.5079,3.5115,1.9870,0.8095,0.4375,1
late,cage,2,1,resnet,True,solarisation,lr,0.0001,0.0001,32,6,0.0945,3.6140,1.9876,0.8372,0.4683,nan,nan,nan,nan,0
late,cage,2,1,resnet,True,solarisation,lr,0.0001,0.0001,32,7,0.0481,4.7067,2.6029,0.8372,0.5278,nan,nan,nan,nan,0
late,cage,2,1,resnet,True,solarisation,lr,0.0001,0.0001,32,8,0.0281,4.4678,2.4926,0.8372,0.5476,nan,nan,nan,nan,0
late,cage,2,1,resnet,True,solarisation,lr,0.0001,0.0001,32,9,0.0195,4.8806,2.7083,0.8372,0.5198,nan,nan,nan,nan,0
late,cage,2,1,resnet,True,solarisation,lr,0.0001,0.0001,32,10,0.0880,8.1651,4.4803,0.8372,0.4603,nan,nan,nan,nan,0
late,cage,2,1,resnet,True,solarisation,lr,0.0001,0.0001,32,11,0.0801,4.7485,2.6146,0.8372,0.5040,nan,nan,nan,nan,0
late,cage,2,1,resnet,True,solarisation,lr,0.0001,0.0001,32,12,0.0396,3.8631,2.1488,0.8372,0.5119,nan,nan,nan,nan,0
late,cage,2,1,resnet,True,solarisation,lr,0.0001,0.0001,32,13,0.0166,4.3807,2.4198,0.8372,0.5238,nan,nan,nan,nan,0
late,cage,2,1,resnet,True,solarisation,lr,0.0001,0.0001,32,14,0.0287,6.2330,3.4436,0.8372,0.5357,nan,nan,nan,nan,0
late,cage,2,1,resnet,True,solarisation,lr,0.0001,0.0001,32,15,0.0349,8.1710,4.4944,0.8372,0.4921,nan,nan,nan,nan,0
late,cage,2,1,resnet,True,solarisation,lr,0.0001,0.0001,32,16,0.0444,5.8877,3.2301,0.8372,0.4762,nan,nan,nan,nan,0
late,cage,2,3,resnet,True,solarisation,lr,0.0001,0.0001,32,1,0.6829,0.6993,0.6454,0.8333,0.5061,nan,nan,nan,nan,0
late,cage,2,3,resnet,True,solarisation,lr,0.0001,0.0001,32,2,0.5897,0.6871,0.6841,0.7143,0.5837,nan,nan,nan,nan,0
late,cage,2,3,resnet,True,solarisation,lr,0.0001,0.0001,32,3,0.4382,0.9382,0.7066,0.8333,0.5918,nan,nan,nan,nan,0
late,cage,2,3,resnet,True,solarisation,lr,0.0001,0.0001,32,4,0.2811,1.0032,0.7289,0.8333,0.6408,nan,nan,nan,nan,0
late,cage,2,3,resnet,True,solarisation,lr,0.0001,0.0001,32,5,0.1512,1.5429,1.0006,0.8333,0.6816,nan,nan,nan,nan,1
late,cage,2,3,resnet,True,solarisation,lr,0.0001,0.0001,32,6,0.0864,1.2995,0.9093,0.8333,0.6939,nan,nan,nan,nan,1
late,cage,2,3,resnet,True,solarisation,lr,0.0001,0.0001,32,7,0.0777,0.8732,0.7259,0.8333,0.8000,nan,nan,nan,nan,1
late,cage,2,3,resnet,True,solarisation,lr,0.0001,0.0001,32,8,0.0463,1.3919,0.9528,0.8333,0.8000,nan,nan,nan,nan,1
late,cage,2,3,resnet,True,solarisation,lr,0.0001,0.0001,32,9,0.0313,2.5028,1.5684,0.8333,0.8204,nan,nan,nan,nan,1
late,cage,2,3,resnet,True,solarisation,lr,0.0001,0.0001,32,10,0.0390,0.9519,0.7468,0.8333,0.7878,nan,nan,nan,nan,1
late,cage,2,3,resnet,True,solarisation,lr,0.0001,0.0001,32,11,0.0611,2.6843,1.6821,0.8333,0.6898,nan,nan,nan,nan,0
late,cage,2,3,resnet,True,solarisation,lr,0.0001,0.0001,32,12,0.0398,3.2022,2.0286,0.8333,0.7469,nan,nan,nan,nan,0
late,cage,2,3,resnet,True,solarisation,lr,0.0001,0.0001,32,13,0.0317,2.3090,1.4691,0.8333,0.8694,nan,nan,nan,nan,0
late,cage,2,3,resnet,True,solarisation,lr,0.0001,0.0001,32,14,0.0189,4.1095,2.5577,0.8333,0.8490,4.9339,2.8239,0.8095,0.5662,1
late,cage,2,3,resnet,True,solarisation,lr,0.0001,0.0001,32,15,0.0203,2.5574,1.6900,0.8333,0.7429,nan,nan,nan,nan,0
late,cage,2,3,resnet,True,solarisation,lr,0.0001,0.0001,32,16,0.0373,5.0483,3.1936,0.8333,0.7143,nan,nan,nan,nan,0
late,cage,2,3,resnet,True,solarisation,lr,0.0001,0.0001,32,17,0.0219,5.0874,3.1957,0.8333,0.7551,nan,nan,nan,nan,0
late,cage,2,3,resnet,True,solarisation,lr,0.0001,0.0001,32,18,0.0175,6.3864,3.9528,0.8333,0.7388,nan,nan,nan,nan,0
late,cage,2,3,resnet,True,solarisation,lr,0.0001,0.0001,32,19,0.0381,3.5407,2.2674,0.8333,0.7388,nan,nan,nan,nan,0
late,cage,2,4,resnet,True,solarisation,lr,0.0001,0.0001,32,1,0.6860,0.7165,0.7737,0.1860,0.2964,nan,nan,nan,nan,0
late,cage,2,4,resnet,True,solarisation,lr,0.0001,0.0001,32,2,0.6091,0.7305,0.6878,0.7907,0.3893,nan,nan,nan,nan,0
late,cage,2,4,resnet,True,solarisation,lr,0.0001,0.0001,32,3,0.4607,0.9147,0.8309,0.8140,0.2964,nan,nan,nan,nan,0
late,cage,2,4,resnet,True,solarisation,lr,0.0001,0.0001,32,4,0.2771,1.5538,1.2857,0.7209,0.3000,nan,nan,nan,nan,0
late,cage,2,4,resnet,True,solarisation,lr,0.0001,0.0001,32,5,0.1653,0.8942,1.0933,0.1628,0.3714,nan,nan,nan,nan,1
late,cage,2,4,resnet,True,solarisation,lr,0.0001,0.0001,32,6,0.0867,2.0789,1.7011,0.8140,0.2786,nan,nan,nan,nan,0
late,cage,2,4,resnet,True,solarisation,lr,0.0001,0.0001,32,7,0.0602,1.6506,1.3940,0.6977,0.3107,nan,nan,nan,nan,0
late,cage,2,4,resnet,True,solarisation,lr,0.0001,0.0001,32,8,0.0642,3.3567,2.4868,0.8140,0.2464,nan,nan,nan,nan,0
late,cage,2,4,resnet,True,solarisation,lr,0.0001,0.0001,32,9,0.0481,2.8764,2.1958,0.8140,0.2500,nan,nan,nan,nan,0
late,cage,2,4,resnet,True,solarisation,lr,0.0001,0.0001,32,10,0.0308,2.9791,2.2725,0.8140,0.2893,nan,nan,nan,nan,0
late,cage,2,4,resnet,True,solarisation,lr,0.0001,0.0001,32,11,0.0347,4.1128,3.1339,0.8140,0.3357,nan,nan,nan,nan,0
late,cage,2,4,resnet,True,solarisation,lr,0.0001,0.0001,32,12,0.0350,5.8681,4.3980,0.8140,0.2607,nan,nan,nan,nan,0
late,cage,2,4,resnet,True,solarisation,lr,0.0001,0.0001,32,13,0.0506,2.0705,1.7114,0.8140,0.3750,nan,nan,nan,nan,0
late,cage,2,4,resnet,True,solarisation,lr,0.0001,0.0001,32,14,0.0272,2.8695,2.3394,0.8140,0.3964,nan,nan,nan,nan,0
late,cage,2,4,resnet,True,solarisation,lr,0.0001,0.0001,32,15,0.0156,5.0306,3.8221,0.8140,0.3000,nan,nan,nan,nan,0
late,cage,2,4,resnet,True,solarisation,lr,0.0001,0.0001,32,16,0.0172,4.2143,3.2688,0.8140,0.3679,nan,nan,nan,nan,1
late,cage,2,4,resnet,True,solarisation,lr,0.0001,0.0001,32,17,0.0090,5.4800,4.1818,0.8140,0.4250,5.9168,3.3253,0.8095,0.4375,1
late,cage,2,4,resnet,True,solarisation,lr,0.0001,0.0001,32,18,0.0281,5.9975,4.5287,0.8140,0.3786,nan,nan,nan,nan,0
late,cage,2,4,resnet,True,solarisation,lr,0.0001,0.0001,32,19,0.0203,4.1211,3.1360,0.8140,0.3786,nan,nan,nan,nan,0
late,cage,2,4,resnet,True,solarisation,lr,0.0001,0.0001,32,20,0.0192,4.4582,3.4383,0.8140,0.3143,nan,nan,nan,nan,0
late,cage,2,4,resnet,True,solarisation,lr,0.0001,0.0001,32,21,0.0317,5.9647,4.6290,0.8140,0.3464,nan,nan,nan,nan,0
late,cage,2,4,resnet,True,solarisation,lr,0.0001,0.0001,32,22,0.0505,6.5688,5.0708,0.8140,0.2821,nan,nan,nan,nan,0
late,cage,2,5,resnet,True,solarisation,lr,0.0001,0.0001,32,1,0.6864,0.7139,0.6566,0.7750,0.5878,nan,nan,nan,nan,0
late,cage,2,5,resnet,True,solarisation,lr,0.0001,0.0001,32,2,0.5916,0.7586,0.6531,0.7750,0.6057,nan,nan,nan,nan,0
late,cage,2,5,resnet,True,solarisation,lr,0.0001,0.0001,32,3,0.4367,1.4876,0.9934,0.7750,0.4516,nan,nan,nan,nan,0
late,cage,2,5,resnet,True,solarisation,lr,0.0001,0.0001,32,4,0.2601,1.3917,0.9357,0.7750,0.3477,nan,nan,nan,nan,0
late,cage,2,5,resnet,True,solarisation,lr,0.0001,0.0001,32,5,0.1576,2.0154,1.2965,0.7750,0.3513,nan,nan,nan,nan,1
late,cage,2,5,resnet,True,solarisation,lr,0.0001,0.0001,32,6,0.0981,2.9386,1.8688,0.7750,0.4194,nan,nan,nan,nan,0
late,cage,2,5,resnet,True,solarisation,lr,0.0001,0.0001,32,7,0.0552,3.1015,1.9177,0.7750,0.4839,nan,nan,nan,nan,0
late,cage,2,5,resnet,True,solarisation,lr,0.0001,0.0001,32,8,0.0378,3.8573,2.3975,0.7750,0.4695,nan,nan,nan,nan,0
late,cage,2,5,resnet,True,solarisation,lr,0.0001,0.0001,32,9,0.0215,5.1973,3.2680,0.7750,0.4624,nan,nan,nan,nan,0
late,cage,2,5,resnet,True,solarisation,lr,0.0001,0.0001,32,10,0.0273,3.9312,2.4588,0.7750,0.4301,nan,nan,nan,nan,0
late,cage,2,5,resnet,True,solarisation,lr,0.0001,0.0001,32,11,0.0355,5.7607,3.6155,0.7750,0.4588,nan,nan,nan,nan,0
late,cage,2,5,resnet,True,solarisation,lr,0.0001,0.0001,32,12,0.0600,2.0554,1.3202,0.7750,0.5090,nan,nan,nan,nan,0
late,cage,2,5,resnet,True,solarisation,lr,0.0001,0.0001,32,13,0.0741,3.6798,2.3065,0.7750,0.4803,nan,nan,nan,nan,0
late,cage,2,5,resnet,True,solarisation,lr,0.0001,0.0001,32,14,0.0566,3.2640,2.0651,0.7750,0.5125,nan,nan,nan,nan,1
late,cage,2,5,resnet,True,solarisation,lr,0.0001,0.0001,32,15,0.0254,3.9383,2.4613,0.7750,0.5054,nan,nan,nan,nan,1
late,cage,2,5,resnet,True,solarisation,lr,0.0001,0.0001,32,16,0.0174,4.4799,2.7611,0.7750,0.5018,nan,nan,nan,nan,1
late,cage,2,5,resnet,True,solarisation,lr,0.0001,0.0001,32,17,0.0301,3.9918,2.4641,0.7750,0.5376,nan,nan,nan,nan,1
late,cage,2,5,resnet,True,solarisation,lr,0.0001,0.0001,32,18,0.0274,4.8615,3.0144,0.7750,0.4946,nan,nan,nan,nan,0
late,cage,2,5,resnet,True,solarisation,lr,0.0001,0.0001,32,19,0.0127,4.8024,2.9976,0.7750,0.5376,nan,nan,nan,nan,1
late,cage,2,5,resnet,True,solarisation,lr,0.0001,0.0001,32,20,0.0124,3.4481,2.1801,0.7750,0.5735,nan,nan,nan,nan,1
late,cage,2,5,resnet,True,solarisation,lr,0.0001,0.0001,32,21,0.0096,5.5125,3.4592,0.7750,0.5376,5.8239,3.2736,0.8095,0.3897,1
late,cage,2,5,resnet,True,solarisation,lr,0.0001,0.0001,32,22,0.0219,3.8440,2.4247,0.7750,0.5090,nan,nan,nan,nan,0
late,cage,2,5,resnet,True,solarisation,lr,0.0001,0.0001,32,23,0.0131,6.4718,4.0592,0.7750,0.4982,nan,nan,nan,nan,0
late,cage,2,5,resnet,True,solarisation,lr,0.0001,0.0001,32,24,0.0084,9.0983,5.6555,0.7750,0.4946,nan,nan,nan,nan,0
late,cage,2,5,resnet,True,solarisation,lr,0.0001,0.0001,32,25,0.0540,4.1211,2.6559,0.7750,0.5018,nan,nan,nan,nan,0
late,cage,2,5,resnet,True,solarisation,lr,0.0001,0.0001,32,26,0.0410,3.4251,2.1843,0.7750,0.5161,nan,nan,nan,nan,0
late,cage,2,6,resnet,True,solarisation,lr,0.0001,0.0001,32,1,0.6880,0.7166,0.7369,0.1707,0.3333,nan,nan,nan,nan,0
late,cage,2,6,resnet,True,solarisation,lr,0.0001,0.0001,32,2,0.5851,0.7511,0.6459,0.8537,0.3905,nan,nan,nan,nan,0
late,cage,2,6,resnet,True,solarisation,lr,0.0001,0.0001,32,3,0.4408,0.9717,0.7443,0.8537,0.4810,nan,nan,nan,nan,0
late,cage,2,6,resnet,True,solarisation,lr,0.0001,0.0001,32,4,0.2714,1.5319,1.0381,0.8537,0.3952,nan,nan,nan,nan,0
late,cage,2,6,resnet,True,solarisation,lr,0.0001,0.0001,32,5,0.1585,2.6060,1.6735,0.8537,0.4381,nan,nan,nan,nan,1
late,cage,2,6,resnet,True,solarisation,lr,0.0001,0.0001,32,6,0.1097,2.1957,1.4600,0.8537,0.5048,nan,nan,nan,nan,1
late,cage,2,6,resnet,True,solarisation,lr,0.0001,0.0001,32,7,0.0579,4.0592,2.6033,0.8537,0.4667,nan,nan,nan,nan,1
late,cage,2,6,resnet,True,solarisation,lr,0.0001,0.0001,32,8,0.0421,4.7268,3.0279,0.8537,0.4714,nan,nan,nan,nan,0
late,cage,2,6,resnet,True,solarisation,lr,0.0001,0.0001,32,9,0.0436,2.5043,1.6520,0.8537,0.4762,nan,nan,nan,nan,1
late,cage,2,6,resnet,True,solarisation,lr,0.0001,0.0001,32,10,0.0326,4.2548,2.7252,0.8537,0.4524,nan,nan,nan,nan,0
late,cage,2,6,resnet,True,solarisation,lr,0.0001,0.0001,32,11,0.0728,5.8707,3.7677,0.8537,0.4810,nan,nan,nan,nan,0
late,cage,2,6,resnet,True,solarisation,lr,0.0001,0.0001,32,12,0.0341,6.6624,4.2434,0.8537,0.5286,nan,nan,nan,nan,1
late,cage,2,6,resnet,True,solarisation,lr,0.0001,0.0001,32,13,0.0127,5.2714,3.3394,0.8537,0.5000,nan,nan,nan,nan,1
late,cage,2,6,resnet,True,solarisation,lr,0.0001,0.0001,32,14,0.0457,8.7891,5.5173,0.8537,0.4190,nan,nan,nan,nan,0
late,cage,2,6,resnet,True,solarisation,lr,0.0001,0.0001,32,15,0.0346,5.5273,3.4736,0.8537,0.5429,nan,nan,nan,nan,1
late,cage,2,6,resnet,True,solarisation,lr,0.0001,0.0001,32,16,0.0585,6.3142,3.9905,0.8537,0.5857,nan,nan,nan,nan,1
late,cage,2,6,resnet,True,solarisation,lr,0.0001,0.0001,32,17,0.0230,8.4447,5.3415,0.8537,0.5190,nan,nan,nan,nan,0
late,cage,2,6,resnet,True,solarisation,lr,0.0001,0.0001,32,18,0.0066,8.4075,5.3408,0.8537,0.5000,nan,nan,nan,nan,0
late,cage,2,6,resnet,True,solarisation,lr,0.0001,0.0001,32,19,0.0078,6.8155,4.2955,0.8537,0.4952,8.9000,4.9586,0.8095,0.4743,1
late,cage,2,6,resnet,True,solarisation,lr,0.0001,0.0001,32,20,0.0070,6.5884,4.1328,0.8537,0.5333,nan,nan,nan,nan,0
late,cage,2,6,resnet,True,solarisation,lr,0.0001,0.0001,32,21,0.0075,8.2619,5.1855,0.8537,0.4857,nan,nan,nan,nan,0
late,cage,2,6,resnet,True,solarisation,lr,0.0001,0.0001,32,22,0.0067,8.8286,5.5871,0.8537,0.5000,nan,nan,nan,nan,0
late,cage,2,6,resnet,True,solarisation,lr,0.0001,0.0001,32,23,0.1038,7.1212,4.3902,0.8537,0.5048,nan,nan,nan,nan,0
late,cage,2,6,resnet,True,solarisation,lr,0.0001,0.0001,32,24,0.0571,7.8439,4.8970,0.8537,0.4381,nan,nan,nan,nan,0
late,cage,2,7,resnet,True,solarisation,lr,0.0001,0.0001,32,1,0.6788,0.6987,0.6924,0.5000,0.3924,nan,nan,nan,nan,0
late,cage,2,7,resnet,True,solarisation,lr,0.0001,0.0001,32,2,0.6079,0.7192,0.6036,0.8182,0.6111,nan,nan,nan,nan,0
late,cage,2,7,resnet,True,solarisation,lr,0.0001,0.0001,32,3,0.4686,0.9333,0.6193,0.8182,0.6250,nan,nan,nan,nan,0
late,cage,2,7,resnet,True,solarisation,lr,0.0001,0.0001,32,4,0.2854,2.0284,1.1138,0.8182,0.6806,nan,nan,nan,nan,0
late,cage,2,7,resnet,True,solarisation,lr,0.0001,0.0001,32,5,0.1772,2.3594,1.2987,0.8182,0.6910,nan,nan,nan,nan,1
late,cage,2,7,resnet,True,solarisation,lr,0.0001,0.0001,32,6,0.1046,2.6161,1.4317,0.8182,0.6597,nan,nan,nan,nan,1
late,cage,2,7,resnet,True,solarisation,lr,0.0001,0.0001,32,7,0.0665,3.0584,1.6968,0.8182,0.7222,nan,nan,nan,nan,1
late,cage,2,7,resnet,True,solarisation,lr,0.0001,0.0001,32,8,0.0681,3.3918,1.8826,0.8182,0.7674,nan,nan,nan,nan,1
late,cage,2,7,resnet,True,solarisation,lr,0.0001,0.0001,32,9,0.0321,3.9353,2.1510,0.8182,0.7361,4.6290,2.6500,0.8095,0.4596,1
late,cage,2,7,resnet,True,solarisation,lr,0.0001,0.0001,32,10,0.0263,1.5837,0.9239,0.8182,0.6701,nan,nan,nan,nan,0
late,cage,2,7,resnet,True,solarisation,lr,0.0001,0.0001,32,11,0.0586,5.0051,2.6923,0.8182,0.6806,nan,nan,nan,nan,0
late,cage,2,7,resnet,True,solarisation,lr,0.0001,0.0001,32,12,0.0659,3.2716,1.7882,0.8182,0.6562,nan,nan,nan,nan,0
late,cage,2,7,resnet,True,solarisation,lr,0.0001,0.0001,32,13,0.0353,4.3981,2.4274,0.8182,0.6250,nan,nan,nan,nan,0
late,cage,2,7,resnet,True,solarisation,lr,0.0001,0.0001,32,14,0.0243,3.3085,1.7860,0.8182,0.6181,nan,nan,nan,nan,0
late,cage,2,7,resnet,True,solarisation,lr,0.0001,0.0001,32,15,0.0131,3.8720,2.1168,0.8182,0.6910,nan,nan,nan,nan,0
late,cage,2,7,resnet,True,solarisation,lr,0.0001,0.0001,32,16,0.0198,4.0130,2.2203,0.8182,0.6458,nan,nan,nan,nan,0
late,cage,2,8,resnet,True,solarisation,lr,0.0001,0.0001,32,1,0.6902,0.7383,0.8734,0.1702,0.5865,nan,nan,nan,nan,0
late,cage,2,8,resnet,True,solarisation,lr,0.0001,0.0001,32,2,0.5897,0.7570,0.9086,0.1915,0.4808,nan,nan,nan,nan,0
late,cage,2,8,resnet,True,solarisation,lr,0.0001,0.0001,32,3,0.4438,0.9343,0.7875,0.6170,0.4872,nan,nan,nan,nan,0
late,cage,2,8,resnet,True,solarisation,lr,0.0001,0.0001,32,4,0.2612,1.0005,1.4105,0.1915,0.5577,nan,nan,nan,nan,0
late,cage,2,8,resnet,True,solarisation,lr,0.0001,0.0001,32,5,0.1498,1.3531,1.1124,0.6383,0.5000,1.5246,1.3535,0.6667,0.3897,1
late,cage,2,8,resnet,True,solarisation,lr,0.0001,0.0001,32,6,0.1114,1.2254,1.1410,0.6383,0.5288,nan,nan,nan,nan,0
late,cage,2,8,resnet,True,solarisation,lr,0.0001,0.0001,32,7,0.0649,1.3465,1.1257,0.7021,0.4936,nan,nan,nan,nan,0
late,cage,2,8,resnet,True,solarisation,lr,0.0001,0.0001,32,8,0.0391,1.4317,1.2684,0.7021,0.4968,nan,nan,nan,nan,0
late,cage,2,8,resnet,True,solarisation,lr,0.0001,0.0001,32,9,0.0251,1.4171,1.2321,0.6809,0.4936,nan,nan,nan,nan,0
late,cage,2,8,resnet,True,solarisation,lr,0.0001,0.0001,32,10,0.0181,1.4395,1.4085,0.6596,0.5192,nan,nan,nan,nan,0
late,cage,2,8,resnet,True,solarisation,lr,0.0001,0.0001,32,11,0.0185,2.1259,1.3576,0.7660,0.5224,nan,nan,nan,nan,0
late,cage,2,8,resnet,True,solarisation,lr,0.0001,0.0001,32,12,0.0812,1.7158,1.3722,0.7234,0.4583,nan,nan,nan,nan,0
late,cage,2,8,resnet,True,solarisation,lr,0.0001,0.0001,32,13,0.0778,2.0919,1.5714,0.7021,0.4808,nan,nan,nan,nan,0
late,cage,2,8,resnet,True,solarisation,lr,0.0001,0.0001,32,14,0.0291,1.3537,1.6587,0.5532,0.5224,nan,nan,nan,nan,0
late,cage,2,8,resnet,True,solarisation,lr,0.0001,0.0001,32,15,0.0178,1.1815,1.7025,0.3830,0.5737,nan,nan,nan,nan,0
late,cage,2,8,resnet,True,solarisation,lr,0.0001,0.0001,32,16,0.0286,1.0583,1.5486,0.4894,0.5705,nan,nan,nan,nan,0
late,cage,2,9,resnet,True,solarisation,lr,0.0001,0.0001,32,1,0.6792,0.6794,0.7774,0.2143,0.6229,nan,nan,nan,nan,0
late,cage,2,9,resnet,True,solarisation,lr,0.0001,0.0001,32,2,0.5623,0.7159,0.7302,0.2857,0.2896,nan,nan,nan,nan,0
late,cage,2,9,resnet,True,solarisation,lr,0.0001,0.0001,32,3,0.4187,0.7475,0.8266,0.3333,0.3468,nan,nan,nan,nan,0
late,cage,2,9,resnet,True,solarisation,lr,0.0001,0.0001,32,4,0.2431,1.0226,0.7156,0.7857,0.3232,nan,nan,nan,nan,0
late,cage,2,9,resnet,True,solarisation,lr,0.0001,0.0001,32,5,0.1449,0.9294,0.7426,0.7857,0.3771,nan,nan,nan,nan,1
late,cage,2,9,resnet,True,solarisation,lr,0.0001,0.0001,32,6,0.0833,2.2860,1.3020,0.7857,0.4478,nan,nan,nan,nan,0
late,cage,2,9,resnet,True,solarisation,lr,0.0001,0.0001,32,7,0.0780,1.8760,1.1220,0.7857,0.3434,nan,nan,nan,nan,0
late,cage,2,9,resnet,True,solarisation,lr,0.0001,0.0001,32,8,0.0606,1.0775,0.8503,0.7619,0.4545,nan,nan,nan,nan,0
late,cage,2,9,resnet,True,solarisation,lr,0.0001,0.0001,32,9,0.0363,0.8508,1.0054,0.5476,0.4175,nan,nan,nan,nan,1
late,cage,2,9,resnet,True,solarisation,lr,0.0001,0.0001,32,10,0.0309,3.2754,1.8756,0.7857,0.4175,3.1771,1.7931,0.8095,0.4301,1
late,cage,2,9,resnet,True,solarisation,lr,0.0001,0.0001,32,11,0.0312,2.1353,1.3882,0.7857,0.3603,nan,nan,nan,nan,0
late,cage,2,9,resnet,True,solarisation,lr,0.0001,0.0001,32,12,0.0520,4.0518,2.2245,0.7857,0.3333,nan,nan,nan,nan,0
late,cage,2,9,resnet,True,solarisation,lr,0.0001,0.0001,32,13,0.0593,1.0419,1.3505,0.4048,0.3771,nan,nan,nan,nan,0
late,cage,2,9,resnet,True,solarisation,lr,0.0001,0.0001,32,14,0.0326,2.7109,1.5911,0.7857,0.2660,nan,nan,nan,nan,0
late,cage,2,9,resnet,True,solarisation,lr,0.0001,0.0001,32,15,0.0143,2.2513,1.5402,0.8095,0.2593,nan,nan,nan,nan,0
late,cage,2,9,resnet,True,solarisation,lr,0.0001,0.0001,32,16,0.0144,3.5550,2.0302,0.7857,0.3333,nan,nan,nan,nan,0
late,cage,3,0,resnet,True,solarisation,lr,0.0001,0.0001,32,1,0.6947,0.6910,0.7101,0.1628,0.7143,nan,nan,nan,nan,0
late,cage,3,0,resnet,True,solarisation,lr,0.0001,0.0001,32,2,0.6204,0.6818,0.7051,0.3488,0.6706,nan,nan,nan,nan,0
late,cage,3,0,resnet,True,solarisation,lr,0.0001,0.0001,32,3,0.4902,0.7360,0.7726,0.3721,0.4246,nan,nan,nan,nan,0
late,cage,3,0,resnet,True,solarisation,lr,0.0001,0.0001,32,4,0.3082,1.0439,0.8231,0.8372,0.4603,nan,nan,nan,nan,0
late,cage,3,0,resnet,True,solarisation,lr,0.0001,0.0001,32,5,0.1868,1.2092,1.0142,0.7907,0.4484,1.0877,0.9228,0.8333,0.4816,1
late,cage,3,0,resnet,True,solarisation,lr,0.0001,0.0001,32,6,0.0925,1.4324,1.2238,0.8140,0.4048,nan,nan,nan,nan,0
late,cage,3,0,resnet,True,solarisation,lr,0.0001,0.0001,32,7,0.0853,3.1073,2.0175,0.8372,0.4841,nan,nan,nan,nan,0
late,cage,3,0,resnet,True,solarisation,lr,0.0001,0.0001,32,8,0.0734,1.6491,1.4553,0.8372,0.4762,nan,nan,nan,nan,0
late,cage,3,0,resnet,True,solarisation,lr,0.0001,0.0001,32,9,0.0556,2.4105,1.8899,0.8372,0.5040,nan,nan,nan,nan,0
late,cage,3,0,resnet,True,solarisation,lr,0.0001,0.0001,32,10,0.0431,2.9002,2.0881,0.8372,0.4722,nan,nan,nan,nan,0
late,cage,3,0,resnet,True,solarisation,lr,0.0001,0.0001,32,11,0.0238,2.5503,1.9248,0.8372,0.5357,nan,nan,nan,nan,0
late,cage,3,0,resnet,True,solarisation,lr,0.0001,0.0001,32,12,0.0361,6.8739,4.4315,0.8372,0.4405,nan,nan,nan,nan,0
late,cage,3,0,resnet,True,solarisation,lr,0.0001,0.0001,32,13,0.0529,3.1002,2.2604,0.8372,0.5040,nan,nan,nan,nan,0
late,cage,3,0,resnet,True,solarisation,lr,0.0001,0.0001,32,14,0.0244,4.2296,2.8541,0.8372,0.4087,nan,nan,nan,nan,0
late,cage,3,0,resnet,True,solarisation,lr,0.0001,0.0001,32,15,0.0191,3.3478,2.3892,0.8372,0.4444,nan,nan,nan,nan,0
late,cage,3,0,resnet,True,solarisation,lr,0.0001,0.0001,32,16,0.0120,4.8314,3.2102,0.8372,0.4841,nan,nan,nan,nan,0
late,cage,3,1,resnet,True,solarisation,lr,0.0001,0.0001,32,1,0.6881,0.7119,0.7859,0.1628,0.7103,nan,nan,nan,nan,0
late,cage,3,1,resnet,True,solarisation,lr,0.0001,0.0001,32,2,0.6092,0.7760,0.9401,0.1628,0.5754,nan,nan,nan,nan,0
late,cage,3,1,resnet,True,solarisation,lr,0.0001,0.0001,32,3,0.4550,0.7463,0.8523,0.3953,0.5357,nan,nan,nan,nan,0
late,cage,3,1,resnet,True,solarisation,lr,0.0001,0.0001,32,4,0.2721,1.4647,0.8986,0.8372,0.4286,nan,nan,nan,nan,0
late,cage,3,1,resnet,True,solarisation,lr,0.0001,0.0001,32,5,0.1546,1.8590,1.0910,0.8372,0.4365,1.7162,1.1501,0.8333,0.5959,1
late,cage,3,1,resnet,True,solarisation,lr,0.0001,0.0001,32,6,0.0784,2.1858,1.2690,0.8372,0.4524,nan,nan,nan,nan,0
late,cage,3,1,resnet,True,solarisation,lr,0.0001,0.0001,32,7,0.0568,2.3389,1.3451,0.8372,0.5278,nan,nan,nan,nan,0
late,cage,3,1,resnet,True,solarisation,lr,0.0001,0.0001,32,8,0.0525,2.6949,1.5497,0.8372,0.4960,nan,nan,nan,nan,0
late,cage,3,1,resnet,True,solarisation,lr,0.0001,0.0001,32,9,0.0265,0.9271,0.9604,0.6512,0.4881,nan,nan,nan,nan,0
late,cage,3,1,resnet,True,solarisation,lr,0.0001,0.0001,32,10,0.0284,1.5199,1.0582,0.8372,0.5278,nan,nan,nan,nan,0
late,cage,3,1,resnet,True,solarisation,lr,0.0001,0.0001,32,11,0.0187,2.5490,1.4791,0.8372,0.4921,nan,nan,nan,nan,0
late,cage,3,1,resnet,True,solarisation,lr,0.0001,0.0001,32,12,0.0310,4.3210,2.4074,0.8372,0.4643,nan,nan,nan,nan,0
late,cage,3,1,resnet,True,solarisation,lr,0.0001,0.0001,32,13,0.0844,5.9784,3.3012,0.8372,0.4246,nan,nan,nan,nan,0
late,cage,3,1,resnet,True,solarisation,lr,0.0001,0.0001,32,14,0.0630,7.4178,4.1041,0.8372,0.3889,nan,nan,nan,nan,0
late,cage,3,1,resnet,True,solarisation,lr,0.0001,0.0001,32,15,0.0477,4.5413,2.5373,0.8372,0.4167,nan,nan,nan,nan,0
late,cage,3,1,resnet,True,solarisation,lr,0.0001,0.0001,32,16,0.0169,6.7927,3.7757,0.8372,0.4325,nan,nan,nan,nan,0
late,cage,3,2,resnet,True,solarisation,lr,0.0001,0.0001,32,1,0.6914,0.7138,0.8008,0.1905,0.2868,nan,nan,nan,nan,0
late,cage,3,2,resnet,True,solarisation,lr,0.0001,0.0001,32,2,0.6093,0.7316,0.7290,0.5000,0.3125,nan,nan,nan,nan,0
late,cage,3,2,resnet,True,solarisation,lr,0.0001,0.0001,32,3,0.4574,0.7739,0.7561,0.5476,0.3199,nan,nan,nan,nan,0
late,cage,3,2,resnet,True,solarisation,lr,0.0001,0.0001,32,4,0.2857,1.1492,0.8380,0.7857,0.3419,nan,nan,nan,nan,0
late,cage,3,2,resnet,True,solarisation,lr,0.0001,0.0001,32,5,0.1577,2.4467,1.4805,0.8095,0.3750,nan,nan,nan,nan,1
late,cage,3,2,resnet,True,solarisation,lr,0.0001,0.0001,32,6,0.0873,2.0901,1.2799,0.8095,0.3566,nan,nan,nan,nan,1
late,cage,3,2,resnet,True,solarisation,lr,0.0001,0.0001,32,7,0.0644,4.6327,2.6343,0.8095,0.3419,nan,nan,nan,nan,1
late,cage,3,2,resnet,True,solarisation,lr,0.0001,0.0001,32,8,0.0567,2.0614,1.3277,0.8095,0.3419,nan,nan,nan,nan,0
late,cage,3,2,resnet,True,solarisation,lr,0.0001,0.0001,32,9,0.0400,2.8961,1.7135,0.8095,0.3346,nan,nan,nan,nan,0
late,cage,3,2,resnet,True,solarisation,lr,0.0001,0.0001,32,10,0.0404,2.0569,1.3321,0.8095,0.3309,nan,nan,nan,nan,0
late,cage,3,2,resnet,True,solarisation,lr,0.0001,0.0001,32,11,0.0177,2.2982,1.4793,0.7857,0.3199,nan,nan,nan,nan,0
late,cage,3,2,resnet,True,solarisation,lr,0.0001,0.0001,32,12,0.0188,2.8172,1.7585,0.8095,0.3676,nan,nan,nan,nan,0
late,cage,3,2,resnet,True,solarisation,lr,0.0001,0.0001,32,13,0.0434,6.5466,3.7128,0.8095,0.3860,nan,nan,nan,nan,0
late,cage,3,2,resnet,True,solarisation,lr,0.0001,0.0001,32,14,0.0608,4.3472,2.4758,0.8095,0.3566,nan,nan,nan,nan,1
late,cage,3,2,resnet,True,solarisation,lr,0.0001,0.0001,32,15,0.0367,7.0629,4.0081,0.8095,0.3603,nan,nan,nan,nan,1
late,cage,3,2,resnet,True,solarisation,lr,0.0001,0.0001,32,16,0.0220,6.2076,3.5409,0.8095,0.3787,nan,nan,nan,nan,1
late,cage,3,2,resnet,True,solarisation,lr,0.0001,0.0001,32,17,0.0085,6.2409,3.5386,0.8095,0.3787,nan,nan,nan,nan,0
late,cage,3,2,resnet,True,solarisation,lr,0.0001,0.0001,32,18,0.0200,5.9283,3.3738,0.8095,0.3676,nan,nan,nan,nan,0
late,cage,3,2,resnet,True,solarisation,lr,0.0001,0.0001,32,19,0.0124,6.0689,3.4505,0.8095,0.3787,nan,nan,nan,nan,0
late,cage,3,2,resnet,True,solarisation,lr,0.0001,0.0001,32,20,0.0426,12.0702,6.8071,0.8095,0.3860,9.2981,6.0101,0.8333,0.5837,1
late,cage,3,2,resnet,True,solarisation,lr,0.0001,0.0001,32,21,0.0364,5.4988,3.1501,0.8095,0.3750,nan,nan,nan,nan,0
late,cage,3,2,resnet,True,solarisation,lr,0.0001,0.0001,32,22,0.0100,6.0514,3.4323,0.8095,0.3676,nan,nan,nan,nan,0
late,cage,3,2,resnet,True,solarisation,lr,0.0001,0.0001,32,23,0.0031,7.2239,4.0843,0.8095,0.3787,nan,nan,nan,nan,0
late,cage,3,2,resnet,True,solarisation,lr,0.0001,0.0001,32,24,0.0034,5.7075,3.2552,0.8095,0.3787,nan,nan,nan,nan,0
late,cage,3,2,resnet,True,solarisation,lr,0.0001,0.0001,32,25,0.0051,8.0003,4.5006,0.8095,0.3860,nan,nan,nan,nan,0
late,cage,3,4,resnet,True,solarisation,lr,0.0001,0.0001,32,1,0.6968,0.6914,0.7298,0.1860,0.6250,nan,nan,nan,nan,0
late,cage,3,4,resnet,True,solarisation,lr,0.0001,0.0001,32,2,0.6195,0.7138,0.6964,0.7674,0.4679,nan,nan,nan,nan,0
late,cage,3,4,resnet,True,solarisation,lr,0.0001,0.0001,32,3,0.4826,0.7958,0.9389,0.1860,0.3429,nan,nan,nan,nan,0
late,cage,3,4,resnet,True,solarisation,lr,0.0001,0.0001,32,4,0.3136,0.9161,0.8894,0.7209,0.3679,nan,nan,nan,nan,0
late,cage,3,4,resnet,True,solarisation,lr,0.0001,0.0001,32,5,0.1634,2.4077,1.8278,0.8140,0.3857,1.9850,1.2601,0.8333,0.6204,1
late,cage,3,4,resnet,True,solarisation,lr,0.0001,0.0001,32,6,0.0906,1.3563,1.4364,0.7442,0.3429,nan,nan,nan,nan,0
late,cage,3,4,resnet,True,solarisation,lr,0.0001,0.0001,32,7,0.0607,1.1985,1.5256,0.5116,0.2821,nan,nan,nan,nan,0
late,cage,3,4,resnet,True,solarisation,lr,0.0001,0.0001,32,8,0.0535,1.2557,1.4635,0.6744,0.3536,nan,nan,nan,nan,0
late,cage,3,4,resnet,True,solarisation,lr,0.0001,0.0001,32,9,0.0388,2.8191,2.2750,0.8140,0.2929,nan,nan,nan,nan,0
late,cage,3,4,resnet,True,solarisation,lr,0.0001,0.0001,32,10,0.0745,1.7187,2.0234,0.6279,0.4500,nan,nan,nan,nan,0
late,cage,3,4,resnet,True,solarisation,lr,0.0001,0.0001,32,11,0.0369,2.5925,2.2278,0.7907,0.3321,nan,nan,nan,nan,0
late,cage,3,4,resnet,True,solarisation,lr,0.0001,0.0001,32,12,0.0278,3.1130,2.4356,0.8140,0.3286,nan,nan,nan,nan,0
late,cage,3,4,resnet,True,solarisation,lr,0.0001,0.0001,32,13,0.0360,4.6672,3.4437,0.8140,0.3464,nan,nan,nan,nan,0
late,cage,3,4,resnet,True,solarisation,lr,0.0001,0.0001,32,14,0.0331,2.6365,2.2552,0.7907,0.4607,nan,nan,nan,nan,0
late,cage,3,4,resnet,True,solarisation,lr,0.0001,0.0001,32,15,0.0208,3.6318,2.7747,0.7907,0.3857,nan,nan,nan,nan,0
late,cage,3,4,resnet,True,solarisation,lr,0.0001,0.0001,32,16,0.0186,4.7317,3.7879,0.8140,0.4000,nan,nan,nan,nan,0
late,cage,3,5,resnet,True,solarisation,lr,0.0001,0.0001,32,1,0.6813,0.6877,0.7346,0.2250,0.4516,nan,nan,nan,nan,0
late,cage,3,5,resnet,True,solarisation,lr,0.0001,0.0001,32,2,0.6129,1.0043,0.7484,0.7750,0.4803,nan,nan,nan,nan,0
late,cage,3,5,resnet,True,solarisation,lr,0.0001,0.0001,32,3,0.4716,1.7738,1.1701,0.7750,0.4875,nan,nan,nan,nan,0
late,cage,3,5,resnet,True,solarisation,lr,0.0001,0.0001,32,4,0.2953,2.2240,1.4151,0.7750,0.5054,nan,nan,nan,nan,0
late,cage,3,5,resnet,True,solarisation,lr,0.0001,0.0001,32,5,0.1934,4.3270,2.6826,0.7750,0.5161,nan,nan,nan,nan,1
late,cage,3,5,resnet,True,solarisation,lr,0.0001,0.0001,32,6,0.0947,4.9634,3.0863,0.7750,0.5054,4.0750,2.6176,0.8333,0.6898,1
late,cage,3,5,resnet,True,solarisation,lr,0.0001,0.0001,32,7,0.0572,5.8836,3.7040,0.7750,0.4659,nan,nan,nan,nan,0
late,cage,3,5,resnet,True,solarisation,lr,0.0001,0.0001,32,8,0.0669,5.9810,3.7354,0.7750,0.4158,nan,nan,nan,nan,0
late,cage,3,5,resnet,True,solarisation,lr,0.0001,0.0001,32,9,0.0502,6.9080,4.2912,0.7750,0.4803,nan,nan,nan,nan,0
late,cage,3,5,resnet,True,solarisation,lr,0.0001,0.0001,32,10,0.0297,7.2857,4.5587,0.7750,0.4803,nan,nan,nan,nan,0
late,cage,3,5,resnet,True,solarisation,lr,0.0001,0.0001,32,11,0.0183,6.4989,4.0870,0.7750,0.4516,nan,nan,nan,nan,0
late,cage,3,5,resnet,True,solarisation,lr,0.0001,0.0001,32,12,0.0148,9.2621,5.7658,0.7750,0.4695,nan,nan,nan,nan,0
late,cage,3,5,resnet,True,solarisation,lr,0.0001,0.0001,32,13,0.0427,10.5738,6.4975,0.7750,0.4875,nan,nan,nan,nan,0
late,cage,3,5,resnet,True,solarisation,lr,0.0001,0.0001,32,14,0.0562,7.9792,4.9294,0.7750,0.4588,nan,nan,nan,nan,0
late,cage,3,5,resnet,True,solarisation,lr,0.0001,0.0001,32,15,0.0521,16.5264,10.2633,0.7750,0.4337,nan,nan,nan,nan,0
late,cage,3,5,resnet,True,solarisation,lr,0.0001,0.0001,32,16,0.0177,10.9838,6.9024,0.7750,0.3692,nan,nan,nan,nan,0
late,cage,3,6,resnet,True,solarisation,lr,0.0001,0.0001,32,1,0.6841,0.6939,0.6833,0.7805,0.3905,nan,nan,nan,nan,0
late,cage,3,6,resnet,True,solarisation,lr,0.0001,0.0001,32,2,0.6244,0.7033,0.6620,0.8293,0.2952,nan,nan,nan,nan,0
late,cage,3,6,resnet,True,solarisation,lr,0.0001,0.0001,32,3,0.5022,0.7155,0.7059,0.5610,0.4286,nan,nan,nan,nan,0
late,cage,3,6,resnet,True,solarisation,lr,0.0001,0.0001,32,4,0.3247,1.2601,0.8910,0.8537,0.4048,nan,nan,nan,nan,0
late,cage,3,6,resnet,True,solarisation,lr,0.0001,0.0001,32,5,0.1864,0.8639,1.1013,0.4390,0.3810,nan,nan,nan,nan,1
late,cage,3,6,resnet,True,solarisation,lr,0.0001,0.0001,32,6,0.1041,1.6504,1.1395,0.8537,0.4238,nan,nan,nan,nan,1
late,cage,3,6,resnet,True,solarisation,lr,0.0001,0.0001,32,7,0.0821,1.8282,1.2423,0.8537,0.5476,nan,nan,nan,nan,1
late,cage,3,6,resnet,True,solarisation,lr,0.0001,0.0001,32,8,0.0626,2.5612,1.7308,0.8537,0.4714,nan,nan,nan,nan,1
late,cage,3,6,resnet,True,solarisation,lr,0.0001,0.0001,32,9,0.0421,3.2459,2.1076,0.8537,0.5048,nan,nan,nan,nan,1
late,cage,3,6,resnet,True,solarisation,lr,0.0001,0.0001,32,10,0.0440,3.4947,2.2786,0.8537,0.4524,nan,nan,nan,nan,1
late,cage,3,6,resnet,True,solarisation,lr,0.0001,0.0001,32,11,0.0747,1.6060,1.2424,0.8537,0.4810,nan,nan,nan,nan,1
late,cage,3,6,resnet,True,solarisation,lr,0.0001,0.0001,32,12,0.0464,3.5077,2.2824,0.8537,0.5571,nan,nan,nan,nan,0
late,cage,3,6,resnet,True,solarisation,lr,0.0001,0.0001,32,13,0.0225,2.2129,1.5582,0.8537,0.4857,nan,nan,nan,nan,0
late,cage,3,6,resnet,True,solarisation,lr,0.0001,0.0001,32,14,0.0234,2.3864,1.6777,0.8537,0.4714,nan,nan,nan,nan,0
late,cage,3,6,resnet,True,solarisation,lr,0.0001,0.0001,32,15,0.0233,3.1311,2.0349,0.8537,0.5190,3.6874,2.3863,0.8333,0.5918,1
late,cage,3,6,resnet,True,solarisation,lr,0.0001,0.0001,32,16,0.0183,3.3131,2.1423,0.8537,0.5048,nan,nan,nan,nan,0
late,cage,3,6,resnet,True,solarisation,lr,0.0001,0.0001,32,17,0.0313,4.8074,3.0763,0.8537,0.5190,nan,nan,nan,nan,0
late,cage,3,6,resnet,True,solarisation,lr,0.0001,0.0001,32,18,0.0356,4.6002,2.9548,0.8537,0.4857,nan,nan,nan,nan,0
late,cage,3,6,resnet,True,solarisation,lr,0.0001,0.0001,32,19,0.0532,4.6259,2.9603,0.8537,0.4286,nan,nan,nan,nan,0
late,cage,3,6,resnet,True,solarisation,lr,0.0001,0.0001,32,20,0.0284,3.7185,2.4251,0.8537,0.5667,nan,nan,nan,nan,0
late,cage,3,7,resnet,True,solarisation,lr,0.0001,0.0001,32,1,0.6944,0.6942,0.6966,0.4091,0.4583,nan,nan,nan,nan,0
late,cage,3,7,resnet,True,solarisation,lr,0.0001,0.0001,32,2,0.6160,0.8279,0.5991,0.8182,0.5833,nan,nan,nan,nan,0
late,cage,3,7,resnet,True,solarisation,lr,0.0001,0.0001,32,3,0.4796,1.2385,0.7286,0.8182,0.6042,nan,nan,nan,nan,0
late,cage,3,7,resnet,True,solarisation,lr,0.0001,0.0001,32,4,0.2983,1.4573,0.8522,0.8182,0.6562,nan,nan,nan,nan,0
late,cage,3,7,resnet,True,solarisation,lr,0.0001,0.0001,32,5,0.1743,1.3524,0.8144,0.8182,0.6562,nan,nan,nan,nan,1
late,cage,3,7,resnet,True,solarisation,lr,0.0001,0.0001,32,6,0.0904,2.1338,1.1829,0.8182,0.6250,nan,nan,nan,nan,1
late,cage,3,7,resnet,True,solarisation,lr,0.0001,0.0001,32,7,0.0638,2.4923,1.3543,0.8182,0.6667,nan,nan,nan,nan,1
late,cage,3,7,resnet,True,solarisation,lr,0.0001,0.0001,32,8,0.0349,1.0843,0.8411,0.8182,0.6528,nan,nan,nan,nan,1
late,cage,3,7,resnet,True,solarisation,lr,0.0001,0.0001,32,9,0.0191,2.1226,1.1783,0.8182,0.6701,nan,nan,nan,nan,0
late,cage,3,7,resnet,True,solarisation,lr,0.0001,0.0001,32,10,0.0145,3.8865,2.0288,0.8182,0.6806,nan,nan,nan,nan,1
late,cage,3,7,resnet,True,solarisation,lr,0.0001,0.0001,32,11,0.0288,3.4871,1.8324,0.8182,0.6910,3.9295,2.4034,0.8333,0.5265,1
late,cage,3,7,resnet,True,solarisation,lr,0.0001,0.0001,32,12,0.0754,5.6480,3.0543,0.8182,0.6701,nan,nan,nan,nan,0
late,cage,3,7,resnet,True,solarisation,lr,0.0001,0.0001,32,13,0.0545,6.1618,3.3470,0.8182,0.6528,nan,nan,nan,nan,0
late,cage,3,7,resnet,True,solarisation,lr,0.0001,0.0001,32,14,0.0705,6.7840,3.6186,0.8182,0.6701,nan,nan,nan,nan,0
late,cage,3,7,resnet,True,solarisation,lr,0.0001,0.0001,32,15,0.0359,5.6336,2.9733,0.8182,0.6910,nan,nan,nan,nan,0
late,cage,3,7,resnet,True,solarisation,lr,0.0001,0.0001,32,16,0.0392,5.4698,2.8721,0.8182,0.6632,nan,nan,nan,nan,0
late,cage,3,8,resnet,True,solarisation,lr,0.0001,0.0001,32,1,0.6907,0.7066,0.6111,0.8298,0.5224,nan,nan,nan,nan,0
late,cage,3,8,resnet,True,solarisation,lr,0.0001,0.0001,32,2,0.5918,0.7038,0.6474,0.7660,0.4968,nan,nan,nan,nan,0
late,cage,3,8,resnet,True,solarisation,lr,0.0001,0.0001,32,3,0.4492,0.9296,1.2249,0.1915,0.5224,nan,nan,nan,nan,0
late,cage,3,8,resnet,True,solarisation,lr,0.0001,0.0001,32,4,0.2607,0.8275,1.0458,0.2340,0.5128,nan,nan,nan,nan,0
late,cage,3,8,resnet,True,solarisation,lr,0.0001,0.0001,32,5,0.1644,0.7625,0.9321,0.3191,0.5160,0.7380,0.9317,0.4048,0.5143,1
late,cage,3,8,resnet,True,solarisation,lr,0.0001,0.0001,32,6,0.0975,0.9892,1.4043,0.2766,0.4423,nan,nan,nan,nan,0
late,cage,3,8,resnet,True,solarisation,lr,0.0001,0.0001,32,7,0.0704,1.0708,1.5693,0.2340,0.4647,nan,nan,nan,nan,0
late,cage,3,8,resnet,True,solarisation,lr,0.0001,0.0001,32,8,0.0559,1.0673,1.4465,0.3617,0.4135,nan,nan,nan,nan,0
late,cage,3,8,resnet,True,solarisation,lr,0.0001,0.0001,32,9,0.0516,1.3730,1.1059,0.7447,0.4359,nan,nan,nan,nan,0
late,cage,3,8,resnet,True,solarisation,lr,0.0001,0.0001,32,10,0.0273,1.4621,2.2249,0.2340,0.4071,nan,nan,nan,nan,0
late,cage,3,8,resnet,True,solarisation,lr,0.0001,0.0001,32,11,0.0452,1.7060,1.1906,0.7447,0.4038,nan,nan,nan,nan,0
late,cage,3,8,resnet,True,solarisation,lr,0.0001,0.0001,32,12,0.0354,1.4144,1.9117,0.2766,0.4006,nan,nan,nan,nan,0
late,cage,3,8,resnet,True,solarisation,lr,0.0001,0.0001,32,13,0.0233,1.4181,1.2973,0.6170,0.4071,nan,nan,nan,nan,0
late,cage,3,8,resnet,True,solarisation,lr,0.0001,0.0001,32,14,0.0538,2.1695,1.2816,0.8085,0.4231,nan,nan,nan,nan,0
late,cage,3,8,resnet,True,solarisation,lr,0.0001,0.0001,32,15,0.0575,3.6725,1.8984,0.8298,0.4167,nan,nan,nan,nan,0
late,cage,3,8,resnet,True,solarisation,lr,0.0001,0.0001,32,16,0.0214,3.4383,1.8614,0.7872,0.4455,nan,nan,nan,nan,0
late,cage,3,9,resnet,True,solarisation,lr,0.0001,0.0001,32,1,0.6845,0.6844,0.7487,0.2143,0.4815,nan,nan,nan,nan,0
late,cage,3,9,resnet,True,solarisation,lr,0.0001,0.0001,32,2,0.6080,0.6898,0.7578,0.3810,0.4411,nan,nan,nan,nan,0
late,cage,3,9,resnet,True,solarisation,lr,0.0001,0.0001,32,3,0.4661,0.7375,0.7572,0.4524,0.4310,nan,nan,nan,nan,0
late,cage,3,9,resnet,True,solarisation,lr,0.0001,0.0001,32,4,0.2794,0.9115,0.7337,0.7857,0.4579,nan,nan,nan,nan,0
late,cage,3,9,resnet,True,solarisation,lr,0.0001,0.0001,32,5,0.1609,2.5182,1.4387,0.7857,0.4579,2.0310,1.3170,0.8333,0.6694,1
late,cage,3,9,resnet,True,solarisation,lr,0.0001,0.0001,32,6,0.0782,1.0922,0.9516,0.7143,0.3973,nan,nan,nan,nan,0
late,cage,3,9,resnet,True,solarisation,lr,0.0001,0.0001,32,7,0.0777,1.8204,1.1584,0.8095,0.4310,nan,nan,nan,nan,0
late,cage,3,9,resnet,True,solarisation,lr,0.0001,0.0001,32,8,0.0379,0.8314,1.0235,0.5238,0.4545,nan,nan,nan,nan,0
late,cage,3,9,resnet,True,solarisation,lr,0.0001,0.0001,32,9,0.0319,2.8860,1.7104,0.7857,0.3906,nan,nan,nan,nan,0
late,cage,3,9,resnet,True,solarisation,lr,0.0001,0.0001,32,10,0.0373,2.1410,1.4316,0.8095,0.4175,nan,nan,nan,nan,0
late,cage,3,9,resnet,True,solarisation,lr,0.0001,0.0001,32,11,0.0560,2.4900,1.5741,0.8095,0.4108,nan,nan,nan,nan,0
late,cage,3,9,resnet,True,solarisation,lr,0.0001,0.0001,32,12,0.0592,1.9313,1.4265,0.7857,0.4074,nan,nan,nan,nan,0
late,cage,3,9,resnet,True,solarisation,lr,0.0001,0.0001,32,13,0.0278,4.1521,2.3668,0.7857,0.3737,nan,nan,nan,nan,0
late,cage,3,9,resnet,True,solarisation,lr,0.0001,0.0001,32,14,0.0410,4.5027,2.5963,0.7857,0.3502,nan,nan,nan,nan,0
late,cage,3,9,resnet,True,solarisation,lr,0.0001,0.0001,32,15,0.0227,4.2562,2.4713,0.7857,0.3502,nan,nan,nan,nan,0
late,cage,3,9,resnet,True,solarisation,lr,0.0001,0.0001,32,16,0.0117,5.0907,2.9590,0.7857,0.4242,nan,nan,nan,nan,0
late,cage,4,0,resnet,True,solarisation,lr,0.0001,0.0001,32,1,0.6873,0.6967,0.7360,0.1628,0.5516,nan,nan,nan,nan,0
late,cage,4,0,resnet,True,solarisation,lr,0.0001,0.0001,32,2,0.6203,0.7153,0.7918,0.1628,0.5317,nan,nan,nan,nan,0
late,cage,4,0,resnet,True,solarisation,lr,0.0001,0.0001,32,3,0.4824,1.3375,0.9174,0.8372,0.4365,nan,nan,nan,nan,0
late,cage,4,0,resnet,True,solarisation,lr,0.0001,0.0001,32,4,0.3138,2.0603,1.3531,0.8372,0.4643,nan,nan,nan,nan,0
late,cage,4,0,resnet,True,solarisation,lr,0.0001,0.0001,32,5,0.1634,4.8861,3.0774,0.8372,0.4802,5.0444,3.6949,0.8140,0.3107,1
late,cage,4,0,resnet,True,solarisation,lr,0.0001,0.0001,32,6,0.0935,3.2201,2.0148,0.8372,0.4365,nan,nan,nan,nan,0
late,cage,4,0,resnet,True,solarisation,lr,0.0001,0.0001,32,7,0.0802,4.6565,2.9383,0.8372,0.3492,nan,nan,nan,nan,0
late,cage,4,0,resnet,True,solarisation,lr,0.0001,0.0001,32,8,0.0356,6.6082,4.1566,0.8372,0.3810,nan,nan,nan,nan,0
late,cage,4,0,resnet,True,solarisation,lr,0.0001,0.0001,32,9,0.0463,9.2139,5.8195,0.8372,0.3571,nan,nan,nan,nan,0
late,cage,4,0,resnet,True,solarisation,lr,0.0001,0.0001,32,10,0.0505,7.0521,4.5072,0.8372,0.4365,nan,nan,nan,nan,0
late,cage,4,0,resnet,True,solarisation,lr,0.0001,0.0001,32,11,0.0292,7.5607,4.7568,0.8372,0.4246,nan,nan,nan,nan,0
late,cage,4,0,resnet,True,solarisation,lr,0.0001,0.0001,32,12,0.0354,7.8847,4.9590,0.8372,0.4048,nan,nan,nan,nan,0
late,cage,4,0,resnet,True,solarisation,lr,0.0001,0.0001,32,13,0.0326,4.8700,3.1007,0.8372,0.4008,nan,nan,nan,nan,0
late,cage,4,0,resnet,True,solarisation,lr,0.0001,0.0001,32,14,0.0370,7.2426,4.5503,0.8372,0.4087,nan,nan,nan,nan,0
late,cage,4,0,resnet,True,solarisation,lr,0.0001,0.0001,32,15,0.0522,15.1575,9.5435,0.8372,0.4365,nan,nan,nan,nan,0
late,cage,4,0,resnet,True,solarisation,lr,0.0001,0.0001,32,16,0.0203,10.1659,6.4198,0.8372,0.4841,nan,nan,nan,nan,0
late,cage,4,1,resnet,True,solarisation,lr,0.0001,0.0001,32,1,0.6947,0.6929,0.7307,0.1860,0.6468,nan,nan,nan,nan,0
late,cage,4,1,resnet,True,solarisation,lr,0.0001,0.0001,32,2,0.6134,0.7003,0.6426,0.7674,0.5913,nan,nan,nan,nan,0
late,cage,4,1,resnet,True,solarisation,lr,0.0001,0.0001,32,3,0.4626,1.0016,0.6717,0.8372,0.5675,nan,nan,nan,nan,0
late,cage,4,1,resnet,True,solarisation,lr,0.0001,0.0001,32,4,0.2573,1.4777,0.8873,0.8372,0.5437,nan,nan,nan,nan,0
late,cage,4,1,resnet,True,solarisation,lr,0.0001,0.0001,32,5,0.1541,2.3717,1.3492,0.8372,0.4921,2.5123,1.9627,0.8140,0.4714,1
late,cage,4,1,resnet,True,solarisation,lr,0.0001,0.0001,32,6,0.1087,5.0621,2.7677,0.8372,0.4683,nan,nan,nan,nan,0
late,cage,4,1,resnet,True,solarisation,lr,0.0001,0.0001,32,7,0.0764,4.2389,2.3100,0.8372,0.5000,nan,nan,nan,nan,0
late,cage,4,1,resnet,True,solarisation,lr,0.0001,0.0001,32,8,0.0371,4.4610,2.4341,0.8372,0.4960,nan,nan,nan,nan,0
late,cage,4,1,resnet,True,solarisation,lr,0.0001,0.0001,32,9,0.0245,5.5884,3.0431,0.8372,0.4683,nan,nan,nan,nan,0
late,cage,4,1,resnet,True,solarisation,lr,0.0001,0.0001,32,10,0.0203,4.7529,2.6009,0.8372,0.4722,nan,nan,nan,nan,0
late,cage,4,1,resnet,True,solarisation,lr,0.0001,0.0001,32,11,0.0155,7.2642,3.9623,0.8372,0.4841,nan,nan,nan,nan,0
late,cage,4,1,resnet,True,solarisation,lr,0.0001,0.0001,32,12,0.0334,7.9201,4.3234,0.8372,0.4841,nan,nan,nan,nan,0
late,cage,4,1,resnet,True,solarisation,lr,0.0001,0.0001,32,13,0.0603,6.8133,3.7215,0.8372,0.4841,nan,nan,nan,nan,0
late,cage,4,1,resnet,True,solarisation,lr,0.0001,0.0001,32,14,0.0738,6.9235,3.7662,0.8372,0.4643,nan,nan,nan,nan,0
late,cage,4,1,resnet,True,solarisation,lr,0.0001,0.0001,32,15,0.0446,6.0669,3.3099,0.8372,0.4802,nan,nan,nan,nan,0
late,cage,4,1,resnet,True,solarisation,lr,0.0001,0.0001,32,16,0.0241,7.0042,3.8070,0.8372,0.4444,nan,nan,nan,nan,0
late,cage,4,2,resnet,True,solarisation,lr,0.0001,0.0001,32,1,0.6853,0.6857,0.6999,0.4762,0.5625,nan,nan,nan,nan,0
late,cage,4,2,resnet,True,solarisation,lr,0.0001,0.0001,32,2,0.6108,0.7026,0.6553,0.7381,0.5772,nan,nan,nan,nan,0
late,cage,4,2,resnet,True,solarisation,lr,0.0001,0.0001,32,3,0.4601,1.4443,0.8862,0.8095,0.5221,nan,nan,nan,nan,0
late,cage,4,2,resnet,True,solarisation,lr,0.0001,0.0001,32,4,0.2926,1.4942,0.9165,0.8095,0.5037,nan,nan,nan,nan,0
late,cage,4,2,resnet,True,solarisation,lr,0.0001,0.0001,32,5,0.1551,2.3114,1.3163,0.8095,0.5000,2.3059,1.7481,0.8140,0.3929,1
late,cage,4,2,resnet,True,solarisation,lr,0.0001,0.0001,32,6,0.0903,3.7086,2.0635,0.8095,0.4853,nan,nan,nan,nan,0
late,cage,4,2,resnet,True,solarisation,lr,0.0001,0.0001,32,7,0.0562,3.2103,1.8033,0.8095,0.4522,nan,nan,nan,nan,0
late,cage,4,2,resnet,True,solarisation,lr,0.0001,0.0001,32,8,0.0625,2.4072,1.4059,0.8095,0.5221,nan,nan,nan,nan,0
late,cage,4,2,resnet,True,solarisation,lr,0.0001,0.0001,32,9,0.0713,5.0536,2.8035,0.8095,0.5110,nan,nan,nan,nan,0
late,cage,4,2,resnet,True,solarisation,lr,0.0001,0.0001,32,10,0.0445,5.3575,2.9750,0.8095,0.5000,nan,nan,nan,nan,0
late,cage,4,2,resnet,True,solarisation,lr,0.0001,0.0001,32,11,0.0548,4.2123,2.3634,0.8095,0.4816,nan,nan,nan,nan,0
late,cage,4,2,resnet,True,solarisation,lr,0.0001,0.0001,32,12,0.0340,5.1861,2.8851,0.8095,0.4522,nan,nan,nan,nan,0
late,cage,4,2,resnet,True,solarisation,lr,0.0001,0.0001,32,13,0.0149,7.9981,4.4591,0.8095,0.4816,nan,nan,nan,nan,0
late,cage,4,2,resnet,True,solarisation,lr,0.0001,0.0001,32,14,0.0114,6.8050,3.7780,0.8095,0.5184,nan,nan,nan,nan,0
late,cage,4,2,resnet,True,solarisation,lr,0.0001,0.0001,32,15,0.0223,9.8303,5.4556,0.8095,0.5331,nan,nan,nan,nan,0
late,cage,4,2,resnet,True,solarisation,lr,0.0001,0.0001,32,16,0.0209,9.6467,5.3556,0.8095,0.5294,nan,nan,nan,nan,0
late,cage,4,3,resnet,True,solarisation,lr,0.0001,0.0001,32,1,0.6901,0.6968,0.7325,0.1667,0.6408,nan,nan,nan,nan,0
late,cage,4,3,resnet,True,solarisation,lr,0.0001,0.0001,32,2,0.6091,0.7038,0.6202,0.8333,0.6286,nan,nan,nan,nan,0
late,cage,4,3,resnet,True,solarisation,lr,0.0001,0.0001,32,3,0.4814,0.7326,0.7195,0.6667,0.5347,nan,nan,nan,nan,0
late,cage,4,3,resnet,True,solarisation,lr,0.0001,0.0001,32,4,0.2814,1.6150,1.0935,0.8333,0.5388,nan,nan,nan,nan,0
late,cage,4,3,resnet,True,solarisation,lr,0.0001,0.0001,32,5,0.1477,1.0937,0.9249,0.8095,0.5388,1.3060,1.1862,0.7907,0.3750,1
late,cage,4,3,resnet,True,solarisation,lr,0.0001,0.0001,32,6,0.1113,2.2196,1.4741,0.8333,0.5347,nan,nan,nan,nan,0
late,cage,4,3,resnet,True,solarisation,lr,0.0001,0.0001,32,7,0.0569,2.8144,1.8146,0.8333,0.5755,nan,nan,nan,nan,0
late,cage,4,3,resnet,True,solarisation,lr,0.0001,0.0001,32,8,0.0517,3.2983,2.0773,0.8333,0.5633,nan,nan,nan,nan,0
late,cage,4,3,resnet,True,solarisation,lr,0.0001,0.0001,32,9,0.0591,5.4349,3.3511,0.8333,0.5796,nan,nan,nan,nan,0
late,cage,4,3,resnet,True,solarisation,lr,0.0001,0.0001,32,10,0.0331,4.2020,2.6728,0.8333,0.5265,nan,nan,nan,nan,0
late,cage,4,3,resnet,True,solarisation,lr,0.0001,0.0001,32,11,0.0159,3.9522,2.5569,0.8333,0.5388,nan,nan,nan,nan,0
late,cage,4,3,resnet,True,solarisation,lr,0.0001,0.0001,32,12,0.0153,3.9153,2.5333,0.8333,0.5469,nan,nan,nan,nan,0
late,cage,4,3,resnet,True,solarisation,lr,0.0001,0.0001,32,13,0.0469,7.4765,4.6711,0.8333,0.5673,nan,nan,nan,nan,0
late,cage,4,3,resnet,True,solarisation,lr,0.0001,0.0001,32,14,0.0512,7.3245,4.5752,0.8333,0.6122,nan,nan,nan,nan,0
late,cage,4,3,resnet,True,solarisation,lr,0.0001,0.0001,32,15,0.0390,6.3790,3.9889,0.8333,0.5633,nan,nan,nan,nan,0
late,cage,4,3,resnet,True,solarisation,lr,0.0001,0.0001,32,16,0.0477,7.8297,5.0373,0.8333,0.6163,nan,nan,nan,nan,0
late,cage,4,5,resnet,True,solarisation,lr,0.0001,0.0001,32,1,0.6854,0.6996,0.6939,0.5250,0.4480,nan,nan,nan,nan,0
late,cage,4,5,resnet,True,solarisation,lr,0.0001,0.0001,32,2,0.6086,0.7127,0.6893,0.7000,0.4910,nan,nan,nan,nan,0
late,cage,4,5,resnet,True,solarisation,lr,0.0001,0.0001,32,3,0.4643,1.2849,0.8822,0.7750,0.4875,nan,nan,nan,nan,0
late,cage,4,5,resnet,True,solarisation,lr,0.0001,0.0001,32,4,0.2859,1.0859,0.8769,0.7750,0.4158,nan,nan,nan,nan,0
late,cage,4,5,resnet,True,solarisation,lr,0.0001,0.0001,32,5,0.1756,2.6979,1.7206,0.7750,0.5233,nan,nan,nan,nan,1
late,cage,4,5,resnet,True,solarisation,lr,0.0001,0.0001,32,6,0.1104,5.0968,3.1644,0.7750,0.5341,nan,nan,nan,nan,1
late,cage,4,5,resnet,True,solarisation,lr,0.0001,0.0001,32,7,0.0568,4.1832,2.6010,0.7750,0.5448,nan,nan,nan,nan,1
late,cage,4,5,resnet,True,solarisation,lr,0.0001,0.0001,32,8,0.0450,4.6864,2.9587,0.7750,0.5591,nan,nan,nan,nan,1
late,cage,4,5,resnet,True,solarisation,lr,0.0001,0.0001,32,9,0.0432,4.2111,2.6481,0.7750,0.5806,nan,nan,nan,nan,1
late,cage,4,5,resnet,True,solarisation,lr,0.0001,0.0001,32,10,0.0271,5.6676,3.5217,0.7750,0.5735,nan,nan,nan,nan,1
late,cage,4,5,resnet,True,solarisation,lr,0.0001,0.0001,32,11,0.0354,6.8361,4.2157,0.7750,0.5484,nan,nan,nan,nan,0
late,cage,4,5,resnet,True,solarisation,lr,0.0001,0.0001,32,12,0.0403,8.4628,5.1938,0.7750,0.5663,8.3902,6.2618,0.8140,0.3179,1
late,cage,4,5,resnet,True,solarisation,lr,0.0001,0.0001,32,13,0.0156,9.0040,5.6109,0.7750,0.5161,nan,nan,nan,nan,0
late,cage,4,5,resnet,True,solarisation,lr,0.0001,0.0001,32,14,0.0235,7.7308,4.7560,0.7750,0.5806,nan,nan,nan,nan,0
late,cage,4,5,resnet,True,solarisation,lr,0.0001,0.0001,32,15,0.0684,13.5973,8.2741,0.7750,0.5556,nan,nan,nan,nan,0
late,cage,4,5,resnet,True,solarisation,lr,0.0001,0.0001,32,16,0.0581,11.5221,7.1086,0.7750,0.5054,nan,nan,nan,nan,0
late,cage,4,5,resnet,True,solarisation,lr,0.0001,0.0001,32,17,0.0350,9.8096,5.9725,0.7750,0.5341,nan,nan,nan,nan,0
late,cage,4,6,resnet,True,solarisation,lr,0.0001,0.0001,32,1,0.6923,0.6953,0.6824,0.6098,0.3810,nan,nan,nan,nan,0
late,cage,4,6,resnet,True,solarisation,lr,0.0001,0.0001,32,2,0.6121,0.7991,0.6610,0.8293,0.3667,nan,nan,nan,nan,0
late,cage,4,6,resnet,True,solarisation,lr,0.0001,0.0001,32,3,0.4571,0.8923,0.7239,0.8293,0.3714,nan,nan,nan,nan,0
late,cage,4,6,resnet,True,solarisation,lr,0.0001,0.0001,32,4,0.2884,2.1787,1.3805,0.8537,0.3857,nan,nan,nan,nan,0
late,cage,4,6,resnet,True,solarisation,lr,0.0001,0.0001,32,5,0.1609,3.4897,2.1419,0.8537,0.5095,nan,nan,nan,nan,1
late,cage,4,6,resnet,True,solarisation,lr,0.0001,0.0001,32,6,0.1115,4.2280,2.5693,0.8537,0.4381,nan,nan,nan,nan,1
late,cage,4,6,resnet,True,solarisation,lr,0.0001,0.0001,32,7,0.0711,6.8042,4.1897,0.8537,0.4810,nan,nan,nan,nan,1
late,cage,4,6,resnet,True,solarisation,lr,0.0001,0.0001,32,8,0.0564,5.3951,3.2837,0.8537,0.4571,nan,nan,nan,nan,1
late,cage,4,6,resnet,True,solarisation,lr,0.0001,0.0001,32,9,0.0336,5.5361,3.4000,0.8537,0.4238,6.9017,5.0755,0.8140,0.3821,1
late,cage,4,6,resnet,True,solarisation,lr,0.0001,0.0001,32,10,0.0186,5.3885,3.3199,0.8537,0.3857,nan,nan,nan,nan,0
late,cage,4,6,resnet,True,solarisation,lr,0.0001,0.0001,32,11,0.0330,5.4756,3.3951,0.8537,0.3476,nan,nan,nan,nan,0
late,cage,4,6,resnet,True,solarisation,lr,0.0001,0.0001,32,12,0.0740,6.9654,4.2642,0.8537,0.4048,nan,nan,nan,nan,0
late,cage,4,6,resnet,True,solarisation,lr,0.0001,0.0001,32,13,0.0867,5.3081,3.2244,0.8537,0.4143,nan,nan,nan,nan,0
late,cage,4,6,resnet,True,solarisation,lr,0.0001,0.0001,32,14,0.0203,7.1804,4.3923,0.8537,0.4381,nan,nan,nan,nan,0
late,cage,4,6,resnet,True,solarisation,lr,0.0001,0.0001,32,15,0.0109,6.3306,3.8846,0.8537,0.4381,nan,nan,nan,nan,0
late,cage,4,6,resnet,True,solarisation,lr,0.0001,0.0001,32,16,0.0104,5.7741,3.5484,0.8537,0.4619,nan,nan,nan,nan,0
late,cage,4,7,resnet,True,solarisation,lr,0.0001,0.0001,32,1,0.6891,0.6909,0.6773,0.7727,0.6528,nan,nan,nan,nan,0
late,cage,4,7,resnet,True,solarisation,lr,0.0001,0.0001,32,2,0.6295,0.7028,0.6136,0.8182,0.5868,nan,nan,nan,nan,0
late,cage,4,7,resnet,True,solarisation,lr,0.0001,0.0001,32,3,0.4919,0.6640,0.6342,0.7727,0.6562,nan,nan,nan,nan,0
late,cage,4,7,resnet,True,solarisation,lr,0.0001,0.0001,32,4,0.3287,0.6745,0.7214,0.6591,0.6354,nan,nan,nan,nan,0
late,cage,4,7,resnet,True,solarisation,lr,0.0001,0.0001,32,5,0.1695,1.6426,0.9631,0.8182,0.6111,nan,nan,nan,nan,1
late,cage,4,7,resnet,True,solarisation,lr,0.0001,0.0001,32,6,0.1089,1.8440,1.1165,0.8182,0.6667,nan,nan,nan,nan,0
late,cage,4,7,resnet,True,solarisation,lr,0.0001,0.0001,32,7,0.0754,0.6484,0.8967,0.5227,0.6771,nan,nan,nan,nan,1
late,cage,4,7,resnet,True,solarisation,lr,0.0001,0.0001,32,8,0.0579,1.4282,1.0909,0.7955,0.6319,nan,nan,nan,nan,0
late,cage,4,7,resnet,True,solarisation,lr,0.0001,0.0001,32,9,0.0407,0.8417,0.9634,0.7273,0.6701,nan,nan,nan,nan,0
late,cage,4,7,resnet,True,solarisation,lr,0.0001,0.0001,32,10,0.0288,1.0556,0.9877,0.8182,0.6285,nan,nan,nan,nan,1
late,cage,4,7,resnet,True,solarisation,lr,0.0001,0.0001,32,11,0.0256,2.1025,1.2038,0.8182,0.6632,nan,nan,nan,nan,0
late,cage,4,7,resnet,True,solarisation,lr,0.0001,0.0001,32,12,0.0159,1.3197,1.0145,0.8409,0.6632,nan,nan,nan,nan,0
late,cage,4,7,resnet,True,solarisation,lr,0.0001,0.0001,32,13,0.0128,1.8730,1.2551,0.7955,0.6910,2.7378,2.1912,0.7209,0.3036,1
late,cage,4,7,resnet,True,solarisation,lr,0.0001,0.0001,32,14,0.0656,7.2360,3.9332,0.8182,0.6250,nan,nan,nan,nan,0
late,cage,4,7,resnet,True,solarisation,lr,0.0001,0.0001,32,15,0.0572,5.3607,2.8909,0.8182,0.6354,nan,nan,nan,nan,0
late,cage,4,7,resnet,True,solarisation,lr,0.0001,0.0001,32,16,0.0425,3.2466,1.8405,0.8182,0.6944,nan,nan,nan,nan,0
late,cage,4,7,resnet,True,solarisation,lr,0.0001,0.0001,32,17,0.0156,5.5897,3.0940,0.8182,0.6250,nan,nan,nan,nan,0
late,cage,4,7,resnet,True,solarisation,lr,0.0001,0.0001,32,18,0.0117,5.5658,2.9073,0.8182,0.5903,nan,nan,nan,nan,0
late,cage,4,8,resnet,True,solarisation,lr,0.0001,0.0001,32,1,0.6980,0.7020,0.7727,0.1702,0.5513,nan,nan,nan,nan,0
late,cage,4,8,resnet,True,solarisation,lr,0.0001,0.0001,32,2,0.5890,0.7266,0.8620,0.2128,0.5128,nan,nan,nan,nan,0
late,cage,4,8,resnet,True,solarisation,lr,0.0001,0.0001,32,3,0.4278,0.6620,0.6049,0.8085,0.7115,nan,nan,nan,nan,0
late,cage,4,8,resnet,True,solarisation,lr,0.0001,0.0001,32,4,0.2441,0.6439,0.7031,0.6170,0.6603,nan,nan,nan,nan,0
late,cage,4,8,resnet,True,solarisation,lr,0.0001,0.0001,32,5,0.1431,2.8654,1.4536,0.8298,0.5160,nan,nan,nan,nan,1
late,cage,4,8,resnet,True,solarisation,lr,0.0001,0.0001,32,6,0.1115,2.4851,1.2797,0.8298,0.5609,nan,nan,nan,nan,0
late,cage,4,8,resnet,True,solarisation,lr,0.0001,0.0001,32,7,0.0732,2.8253,1.4660,0.8298,0.5769,3.5706,2.6916,0.8140,0.3393,1
late,cage,4,8,resnet,True,solarisation,lr,0.0001,0.0001,32,8,0.0395,2.0163,1.1278,0.8298,0.5256,nan,nan,nan,nan,0
late,cage,4,8,resnet,True,solarisation,lr,0.0001,0.0001,32,9,0.0252,3.0851,1.5766,0.8298,0.5737,nan,nan,nan,nan,0
late,cage,4,8,resnet,True,solarisation,lr,0.0001,0.0001,32,10,0.0153,5.7999,2.9011,0.8298,0.5417,nan,nan,nan,nan,0
late,cage,4,8,resnet,True,solarisation,lr,0.0001,0.0001,32,11,0.0904,3.7394,1.8777,0.8298,0.5641,nan,nan,nan,nan,0
late,cage,4,8,resnet,True,solarisation,lr,0.0001,0.0001,32,12,0.0523,6.2895,3.0919,0.8298,0.4872,nan,nan,nan,nan,0
late,cage,4,8,resnet,True,solarisation,lr,0.0001,0.0001,32,13,0.0266,6.3097,3.1718,0.8298,0.5256,nan,nan,nan,nan,0
late,cage,4,8,resnet,True,solarisation,lr,0.0001,0.0001,32,14,0.0173,7.4386,3.7840,0.8298,0.5705,nan,nan,nan,nan,0
late,cage,4,8,resnet,True,solarisation,lr,0.0001,0.0001,32,15,0.0101,6.2880,3.2304,0.8298,0.6154,nan,nan,nan,nan,0
late,cage,4,8,resnet,True,solarisation,lr,0.0001,0.0001,32,16,0.0176,6.2297,3.2495,0.8298,0.6571,nan,nan,nan,nan,0
late,cage,4,9,resnet,True,solarisation,lr,0.0001,0.0001,32,1,0.6860,0.7005,0.6853,0.7619,0.5017,nan,nan,nan,nan,0
late,cage,4,9,resnet,True,solarisation,lr,0.0001,0.0001,32,2,0.5994,0.7043,0.7549,0.2381,0.3367,nan,nan,nan,nan,0
late,cage,4,9,resnet,True,solarisation,lr,0.0001,0.0001,32,3,0.4306,0.9335,0.6838,0.7857,0.3737,nan,nan,nan,nan,0
late,cage,4,9,resnet,True,solarisation,lr,0.0001,0.0001,32,4,0.2511,0.9691,0.8262,0.7143,0.2929,nan,nan,nan,nan,0
late,cage,4,9,resnet,True,solarisation,lr,0.0001,0.0001,32,5,0.1406,2.1174,1.2243,0.7857,0.3232,nan,nan,nan,nan,1
late,cage,4,9,resnet,True,solarisation,lr,0.0001,0.0001,32,6,0.1000,1.8417,1.1237,0.7857,0.3300,nan,nan,nan,nan,0
late,cage,4,9,resnet,True,solarisation,lr,0.0001,0.0001,32,7,0.0588,3.6428,2.1021,0.7857,0.3939,nan,nan,nan,nan,0
late,cage,4,9,resnet,True,solarisation,lr,0.0001,0.0001,32,8,0.0486,3.5632,2.0363,0.7857,0.4141,nan,nan,nan,nan,0
late,cage,4,9,resnet,True,solarisation,lr,0.0001,0.0001,32,9,0.0332,2.8457,1.6466,0.7857,0.4478,nan,nan,nan,nan,1
late,cage,4,9,resnet,True,solarisation,lr,0.0001,0.0001,32,10,0.0431,2.9072,1.7183,0.7857,0.3333,nan,nan,nan,nan,0
late,cage,4,9,resnet,True,solarisation,lr,0.0001,0.0001,32,11,0.0406,4.1252,2.2993,0.7857,0.3872,3.8268,2.7874,0.8140,0.3714,1
late,cage,4,9,resnet,True,solarisation,lr,0.0001,0.0001,32,12,0.0346,3.6287,2.0356,0.7857,0.4007,nan,nan,nan,nan,0
late,cage,4,9,resnet,True,solarisation,lr,0.0001,0.0001,32,13,0.0457,4.3178,2.3928,0.7857,0.3704,nan,nan,nan,nan,0
late,cage,4,9,resnet,True,solarisation,lr,0.0001,0.0001,32,14,0.0465,4.9260,2.7374,0.7857,0.3199,nan,nan,nan,nan,0
late,cage,4,9,resnet,True,solarisation,lr,0.0001,0.0001,32,15,0.0464,4.2673,2.4166,0.7857,0.4007,nan,nan,nan,nan,0
late,cage,4,9,resnet,True,solarisation,lr,0.0001,0.0001,32,16,0.0341,6.1326,3.4026,0.7857,0.3064,nan,nan,nan,nan,0
late,cage,5,0,resnet,True,solarisation,lr,0.0001,0.0001,32,1,0.6841,0.6862,0.7183,0.2558,0.6349,nan,nan,nan,nan,0
late,cage,5,0,resnet,True,solarisation,lr,0.0001,0.0001,32,2,0.5953,0.6802,0.7294,0.2558,0.6508,nan,nan,nan,nan,0
late,cage,5,0,resnet,True,solarisation,lr,0.0001,0.0001,32,3,0.4345,1.2226,0.8386,0.8372,0.6071,nan,nan,nan,nan,0
late,cage,5,0,resnet,True,solarisation,lr,0.0001,0.0001,32,4,0.2716,1.1934,0.8359,0.8372,0.6706,nan,nan,nan,nan,0
late,cage,5,0,resnet,True,solarisation,lr,0.0001,0.0001,32,5,0.1470,1.2774,0.8847,0.8372,0.6349,1.6031,1.0931,0.7750,0.5054,1
late,cage,5,0,resnet,True,solarisation,lr,0.0001,0.0001,32,6,0.1107,2.4268,1.5612,0.8372,0.6151,nan,nan,nan,nan,0
late,cage,5,0,resnet,True,solarisation,lr,0.0001,0.0001,32,7,0.0520,2.5047,1.6132,0.8372,0.6190,nan,nan,nan,nan,0
late,cage,5,0,resnet,True,solarisation,lr,0.0001,0.0001,32,8,0.0467,2.7925,1.8273,0.8372,0.5794,nan,nan,nan,nan,0
late,cage,5,0,resnet,True,solarisation,lr,0.0001,0.0001,32,9,0.0561,2.5469,1.6242,0.8372,0.5635,nan,nan,nan,nan,0
late,cage,5,0,resnet,True,solarisation,lr,0.0001,0.0001,32,10,0.0704,3.3549,2.1347,0.8372,0.6190,nan,nan,nan,nan,0
late,cage,5,0,resnet,True,solarisation,lr,0.0001,0.0001,32,11,0.0424,3.7880,2.3719,0.8372,0.5873,nan,nan,nan,nan,0
late,cage,5,0,resnet,True,solarisation,lr,0.0001,0.0001,32,12,0.0252,3.4302,2.1471,0.8372,0.6190,nan,nan,nan,nan,0
late,cage,5,0,resnet,True,solarisation,lr,0.0001,0.0001,32,13,0.0204,5.1895,3.2422,0.8372,0.5913,nan,nan,nan,nan,0
late,cage,5,0,resnet,True,solarisation,lr,0.0001,0.0001,32,14,0.0097,4.6921,2.9912,0.8372,0.6270,nan,nan,nan,nan,0
late,cage,5,0,resnet,True,solarisation,lr,0.0001,0.0001,32,15,0.0053,5.0371,3.1952,0.8372,0.6190,nan,nan,nan,nan,0
late,cage,5,0,resnet,True,solarisation,lr,0.0001,0.0001,32,16,0.0031,5.0350,3.1824,0.8372,0.6190,nan,nan,nan,nan,0
late,cage,5,1,resnet,True,solarisation,lr,0.0001,0.0001,32,1,0.6939,0.7046,0.7424,0.1860,0.4802,nan,nan,nan,nan,0
late,cage,5,1,resnet,True,solarisation,lr,0.0001,0.0001,32,2,0.6111,0.6957,0.6694,0.6744,0.5040,nan,nan,nan,nan,0
late,cage,5,1,resnet,True,solarisation,lr,0.0001,0.0001,32,3,0.4604,0.7058,0.7261,0.4884,0.4802,nan,nan,nan,nan,0
late,cage,5,1,resnet,True,solarisation,lr,0.0001,0.0001,32,4,0.2952,1.1192,0.8089,0.7907,0.5437,nan,nan,nan,nan,0
late,cage,5,1,resnet,True,solarisation,lr,0.0001,0.0001,32,5,0.1678,0.8094,1.0428,0.2558,0.5873,nan,nan,nan,nan,1
late,cage,5,1,resnet,True,solarisation,lr,0.0001,0.0001,32,6,0.1001,1.6041,1.0371,0.8372,0.5079,nan,nan,nan,nan,1
late,cage,5,1,resnet,True,solarisation,lr,0.0001,0.0001,32,7,0.0771,1.2664,0.9056,0.8140,0.5079,nan,nan,nan,nan,0
late,cage,5,1,resnet,True,solarisation,lr,0.0001,0.0001,32,8,0.0285,0.9171,0.9988,0.6047,0.5278,1.0129,1.0602,0.6500,0.4086,1
late,cage,5,1,resnet,True,solarisation,lr,0.0001,0.0001,32,9,0.0531,2.3841,1.3465,0.8372,0.4881,nan,nan,nan,nan,0
late,cage,5,1,resnet,True,solarisation,lr,0.0001,0.0001,32,10,0.0257,1.0463,0.9404,0.7442,0.5278,nan,nan,nan,nan,0
late,cage,5,1,resnet,True,solarisation,lr,0.0001,0.0001,32,11,0.0125,0.9091,0.9086,0.6744,0.5794,nan,nan,nan,nan,0
late,cage,5,1,resnet,True,solarisation,lr,0.0001,0.0001,32,12,0.0433,1.6631,1.0972,0.8140,0.4206,nan,nan,nan,nan,0
late,cage,5,1,resnet,True,solarisation,lr,0.0001,0.0001,32,13,0.0652,1.5813,1.0944,0.8140,0.4762,nan,nan,nan,nan,0
late,cage,5,1,resnet,True,solarisation,lr,0.0001,0.0001,32,14,0.0716,3.2108,1.9049,0.8372,0.4722,nan,nan,nan,nan,0
late,cage,5,1,resnet,True,solarisation,lr,0.0001,0.0001,32,15,0.0351,3.0787,1.7985,0.8372,0.4921,nan,nan,nan,nan,0
late,cage,5,1,resnet,True,solarisation,lr,0.0001,0.0001,32,16,0.0253,2.2150,1.3991,0.8372,0.4841,nan,nan,nan,nan,0
late,cage,5,2,resnet,True,solarisation,lr,0.0001,0.0001,32,1,0.6795,0.6934,0.7953,0.1905,0.6397,nan,nan,nan,nan,0
late,cage,5,2,resnet,True,solarisation,lr,0.0001,0.0001,32,2,0.5767,0.6878,0.6874,0.5714,0.6103,nan,nan,nan,nan,0
late,cage,5,2,resnet,True,solarisation,lr,0.0001,0.0001,32,3,0.4464,0.7233,0.7469,0.5952,0.5000,nan,nan,nan,nan,0
late,cage,5,2,resnet,True,solarisation,lr,0.0001,0.0001,32,4,0.2872,2.0905,1.2587,0.8095,0.4228,nan,nan,nan,nan,0
late,cage,5,2,resnet,True,solarisation,lr,0.0001,0.0001,32,5,0.1568,1.9954,1.2395,0.8095,0.4743,1.6875,1.1625,0.7750,0.5842,1
late,cage,5,2,resnet,True,solarisation,lr,0.0001,0.0001,32,6,0.0939,1.7881,1.1129,0.8095,0.5037,nan,nan,nan,nan,0
late,cage,5,2,resnet,True,solarisation,lr,0.0001,0.0001,32,7,0.0588,2.0877,1.3312,0.8095,0.4669,nan,nan,nan,nan,0
late,cage,5,2,resnet,True,solarisation,lr,0.0001,0.0001,32,8,0.0405,0.9500,1.0117,0.6190,0.4412,nan,nan,nan,nan,0
late,cage,5,2,resnet,True,solarisation,lr,0.0001,0.0001,32,9,0.0303,3.0635,1.7937,0.8095,0.4118,nan,nan,nan,nan,0
late,cage,5,2,resnet,True,solarisation,lr,0.0001,0.0001,32,10,0.0393,5.2148,2.9510,0.8095,0.4449,nan,nan,nan,nan,0
late,cage,5,2,resnet,True,solarisation,lr,0.0001,0.0001,32,11,0.0754,4.2423,2.4038,0.8095,0.4779,nan,nan,nan,nan,0
late,cage,5,2,resnet,True,solarisation,lr,0.0001,0.0001,32,12,0.0477,4.7693,2.7144,0.8095,0.4412,nan,nan,nan,nan,0
late,cage,5,2,resnet,True,solarisation,lr,0.0001,0.0001,32,13,0.0491,5.9270,3.3397,0.8095,0.4449,nan,nan,nan,nan,0
late,cage,5,2,resnet,True,solarisation,lr,0.0001,0.0001,32,14,0.0458,5.4924,3.1225,0.8095,0.4412,nan,nan,nan,nan,0
late,cage,5,2,resnet,True,solarisation,lr,0.0001,0.0001,32,15,0.0393,1.2055,1.3181,0.7143,0.5000,nan,nan,nan,nan,0
late,cage,5,2,resnet,True,solarisation,lr,0.0001,0.0001,32,16,0.0250,4.4026,2.5147,0.8095,0.3640,nan,nan,nan,nan,0
late,cage,5,3,resnet,True,solarisation,lr,0.0001,0.0001,32,1,0.6846,0.6928,0.7152,0.2619,0.5469,nan,nan,nan,nan,0
late,cage,5,3,resnet,True,solarisation,lr,0.0001,0.0001,32,2,0.5868,0.7109,0.6249,0.8333,0.5755,nan,nan,nan,nan,0
late,cage,5,3,resnet,True,solarisation,lr,0.0001,0.0001,32,3,0.4352,0.8585,0.6916,0.8333,0.5959,nan,nan,nan,nan,0
late,cage,5,3,resnet,True,solarisation,lr,0.0001,0.0001,32,4,0.2453,0.7179,0.6957,0.8095,0.6204,nan,nan,nan,nan,0
late,cage,5,3,resnet,True,solarisation,lr,0.0001,0.0001,32,5,0.1408,2.3884,1.6371,0.8333,0.6367,nan,nan,nan,nan,1
late,cage,5,3,resnet,True,solarisation,lr,0.0001,0.0001,32,6,0.0969,1.1825,0.9759,0.8333,0.6204,nan,nan,nan,nan,1
late,cage,5,3,resnet,True,solarisation,lr,0.0001,0.0001,32,7,0.0611,1.3714,1.1990,0.8333,0.6490,nan,nan,nan,nan,1
late,cage,5,3,resnet,True,solarisation,lr,0.0001,0.0001,32,8,0.0613,1.0982,1.2888,0.7381,0.5306,nan,nan,nan,nan,0
late,cage,5,3,resnet,True,solarisation,lr,0.0001,0.0001,32,9,0.0454,3.8249,2.5008,0.8333,0.6204,nan,nan,nan,nan,0
late,cage,5,3,resnet,True,solarisation,lr,0.0001,0.0001,32,10,0.0289,5.3433,3.5091,0.8333,0.6204,nan,nan,nan,nan,0
late,cage,5,3,resnet,True,solarisation,lr,0.0001,0.0001,32,11,0.0294,4.9714,3.1687,0.8333,0.6857,nan,nan,nan,nan,0
late,cage,5,3,resnet,True,solarisation,lr,0.0001,0.0001,32,12,0.0188,4.8363,3.2315,0.8333,0.6082,nan,nan,nan,nan,0
late,cage,5,3,resnet,True,solarisation,lr,0.0001,0.0001,32,13,0.0154,5.7685,3.7471,0.8333,0.6204,nan,nan,nan,nan,1
late,cage,5,3,resnet,True,solarisation,lr,0.0001,0.0001,32,14,0.0625,2.8767,2.0337,0.8333,0.6327,nan,nan,nan,nan,0
late,cage,5,3,resnet,True,solarisation,lr,0.0001,0.0001,32,15,0.0652,6.7138,4.3337,0.8333,0.6939,nan,nan,nan,nan,1
late,cage,5,3,resnet,True,solarisation,lr,0.0001,0.0001,32,16,0.0344,5.9879,3.8674,0.8333,0.6939,nan,nan,nan,nan,0
late,cage,5,3,resnet,True,solarisation,lr,0.0001,0.0001,32,17,0.0197,5.4908,3.6203,0.8333,0.6735,nan,nan,nan,nan,1
late,cage,5,3,resnet,True,solarisation,lr,0.0001,0.0001,32,18,0.0070,6.2645,4.0877,0.8333,0.6857,nan,nan,nan,nan,1
late,cage,5,3,resnet,True,solarisation,lr,0.0001,0.0001,32,19,0.0029,6.7462,4.4169,0.8333,0.6816,9.1391,5.8993,0.7750,0.4444,1
late,cage,5,3,resnet,True,solarisation,lr,0.0001,0.0001,32,20,0.0056,6.7347,4.3690,0.8333,0.6939,nan,nan,nan,nan,0
late,cage,5,3,resnet,True,solarisation,lr,0.0001,0.0001,32,21,0.0021,6.8265,4.4410,0.8333,0.6980,nan,nan,nan,nan,0
late,cage,5,3,resnet,True,solarisation,lr,0.0001,0.0001,32,22,0.0010,6.2309,4.0978,0.8333,0.6898,nan,nan,nan,nan,0
late,cage,5,3,resnet,True,solarisation,lr,0.0001,0.0001,32,23,0.0008,6.6931,4.4063,0.8333,0.6898,nan,nan,nan,nan,0
late,cage,5,3,resnet,True,solarisation,lr,0.0001,0.0001,32,24,0.0014,5.4168,3.6710,0.8333,0.6776,nan,nan,nan,nan,0
late,cage,5,4,resnet,True,solarisation,lr,0.0001,0.0001,32,1,0.6895,0.6909,0.6850,0.5349,0.5321,nan,nan,nan,nan,0
late,cage,5,4,resnet,True,solarisation,lr,0.0001,0.0001,32,2,0.6108,0.9378,0.7919,0.8140,0.2893,nan,nan,nan,nan,0
late,cage,5,4,resnet,True,solarisation,lr,0.0001,0.0001,32,3,0.4418,1.8045,1.4005,0.8140,0.3714,nan,nan,nan,nan,0
late,cage,5,4,resnet,True,solarisation,lr,0.0001,0.0001,32,4,0.2713,2.1755,1.6371,0.8140,0.3321,nan,nan,nan,nan,0
late,cage,5,4,resnet,True,solarisation,lr,0.0001,0.0001,32,5,0.1392,1.9964,1.5429,0.8140,0.4000,2.0557,1.3119,0.7750,0.4731,1
late,cage,5,4,resnet,True,solarisation,lr,0.0001,0.0001,32,6,0.0869,4.0654,3.0454,0.8140,0.3536,nan,nan,nan,nan,0
late,cage,5,4,resnet,True,solarisation,lr,0.0001,0.0001,32,7,0.0617,4.4233,3.3256,0.8140,0.3643,nan,nan,nan,nan,0
late,cage,5,4,resnet,True,solarisation,lr,0.0001,0.0001,32,8,0.0566,3.1463,2.3553,0.8140,0.3571,nan,nan,nan,nan,0
late,cage,5,4,resnet,True,solarisation,lr,0.0001,0.0001,32,9,0.0505,5.1758,3.8349,0.8140,0.3643,nan,nan,nan,nan,0
late,cage,5,4,resnet,True,solarisation,lr,0.0001,0.0001,32,10,0.0440,6.6329,4.9278,0.8140,0.3250,nan,nan,nan,nan,0
late,cage,5,4,resnet,True,solarisation,lr,0.0001,0.0001,32,11,0.0410,5.5971,4.1353,0.8140,0.2857,nan,nan,nan,nan,0
late,cage,5,4,resnet,True,solarisation,lr,0.0001,0.0001,32,12,0.0278,5.8713,4.3819,0.8140,0.3607,nan,nan,nan,nan,0
late,cage,5,4,resnet,True,solarisation,lr,0.0001,0.0001,32,13,0.0278,7.1757,5.3524,0.8140,0.2893,nan,nan,nan,nan,0
late,cage,5,4,resnet,True,solarisation,lr,0.0001,0.0001,32,14,0.0383,6.2027,4.5779,0.8140,0.2929,nan,nan,nan,nan,0
late,cage,5,4,resnet,True,solarisation,lr,0.0001,0.0001,32,15,0.0296,11.3037,8.2929,0.8140,0.3000,nan,nan,nan,nan,0
late,cage,5,4,resnet,True,solarisation,lr,0.0001,0.0001,32,16,0.0219,10.8199,7.9769,0.8140,0.3286,nan,nan,nan,nan,0
late,cage,5,6,resnet,True,solarisation,lr,0.0001,0.0001,32,1,0.6841,0.6938,0.6388,0.8537,0.4286,nan,nan,nan,nan,0
late,cage,5,6,resnet,True,solarisation,lr,0.0001,0.0001,32,2,0.6134,0.8162,0.6462,0.8537,0.3000,nan,nan,nan,nan,0
late,cage,5,6,resnet,True,solarisation,lr,0.0001,0.0001,32,3,0.4918,0.8746,0.6512,0.8537,0.4476,nan,nan,nan,nan,0
late,cage,5,6,resnet,True,solarisation,lr,0.0001,0.0001,32,4,0.3129,1.4002,0.9395,0.8537,0.3571,nan,nan,nan,nan,0
late,cage,5,6,resnet,True,solarisation,lr,0.0001,0.0001,32,5,0.1830,2.4763,1.5809,0.8537,0.4476,nan,nan,nan,nan,1
late,cage,5,6,resnet,True,solarisation,lr,0.0001,0.0001,32,6,0.0980,2.7354,1.7321,0.8537,0.3714,nan,nan,nan,nan,0
late,cage,5,6,resnet,True,solarisation,lr,0.0001,0.0001,32,7,0.0852,4.5918,2.9196,0.8537,0.4190,nan,nan,nan,nan,1
late,cage,5,6,resnet,True,solarisation,lr,0.0001,0.0001,32,8,0.0666,5.4516,3.5043,0.8537,0.5238,nan,nan,nan,nan,1
late,cage,5,6,resnet,True,solarisation,lr,0.0001,0.0001,32,9,0.0616,5.1641,3.2659,0.8537,0.4190,nan,nan,nan,nan,1
late,cage,5,6,resnet,True,solarisation,lr,0.0001,0.0001,32,10,0.0298,6.1010,3.8519,0.8537,0.4905,nan,nan,nan,nan,1
late,cage,5,6,resnet,True,solarisation,lr,0.0001,0.0001,32,11,0.0541,7.8306,4.9080,0.8537,0.4667,nan,nan,nan,nan,1
late,cage,5,6,resnet,True,solarisation,lr,0.0001,0.0001,32,12,0.0444,5.5172,3.4795,0.8537,0.4714,nan,nan,nan,nan,1
late,cage,5,6,resnet,True,solarisation,lr,0.0001,0.0001,32,13,0.0526,8.7065,5.4704,0.8537,0.4952,nan,nan,nan,nan,0
late,cage,5,6,resnet,True,solarisation,lr,0.0001,0.0001,32,14,0.0256,7.3334,4.6188,0.8537,0.5143,nan,nan,nan,nan,1
late,cage,5,6,resnet,True,solarisation,lr,0.0001,0.0001,32,15,0.0121,7.2660,4.5669,0.8537,0.5143,nan,nan,nan,nan,0
late,cage,5,6,resnet,True,solarisation,lr,0.0001,0.0001,32,16,0.0070,9.8433,6.2376,0.8537,0.5095,nan,nan,nan,nan,1
late,cage,5,6,resnet,True,solarisation,lr,0.0001,0.0001,32,17,0.0220,10.7893,6.8593,0.8537,0.5238,13.8186,8.4782,0.7750,0.5018,1
late,cage,5,6,resnet,True,solarisation,lr,0.0001,0.0001,32,18,0.0291,11.0663,7.0268,0.8537,0.4905,nan,nan,nan,nan,0
late,cage,5,6,resnet,True,solarisation,lr,0.0001,0.0001,32,19,0.0136,8.6689,5.4769,0.8537,0.4952,nan,nan,nan,nan,0
late,cage,5,6,resnet,True,solarisation,lr,0.0001,0.0001,32,20,0.0219,7.8620,4.9291,0.8537,0.5048,nan,nan,nan,nan,0
late,cage,5,6,resnet,True,solarisation,lr,0.0001,0.0001,32,21,0.0279,12.5271,7.8514,0.8537,0.4905,nan,nan,nan,nan,0
late,cage,5,6,resnet,True,solarisation,lr,0.0001,0.0001,32,22,0.0297,9.1981,5.7837,0.8537,0.4619,nan,nan,nan,nan,0
late,cage,5,7,resnet,True,solarisation,lr,0.0001,0.0001,32,1,0.6917,0.7103,0.6355,0.8182,0.4583,nan,nan,nan,nan,0
late,cage,5,7,resnet,True,solarisation,lr,0.0001,0.0001,32,2,0.6028,0.7016,0.6473,0.8182,0.5035,nan,nan,nan,nan,0
late,cage,5,7,resnet,True,solarisation,lr,0.0001,0.0001,32,3,0.4550,0.8055,0.6032,0.8182,0.5556,nan,nan,nan,nan,0
late,cage,5,7,resnet,True,solarisation,lr,0.0001,0.0001,32,4,0.2751,1.9764,1.0817,0.8182,0.6354,nan,nan,nan,nan,0
late,cage,5,7,resnet,True,solarisation,lr,0.0001,0.0001,32,5,0.1570,2.7314,1.4657,0.8182,0.7326,nan,nan,nan,nan,1
late,cage,5,7,resnet,True,solarisation,lr,0.0001,0.0001,32,6,0.0789,2.5441,1.3924,0.8182,0.6562,nan,nan,nan,nan,1
late,cage,5,7,resnet,True,solarisation,lr,0.0001,0.0001,32,7,0.0781,3.8471,2.0419,0.8182,0.6875,nan,nan,nan,nan,1
late,cage,5,7,resnet,True,solarisation,lr,0.0001,0.0001,32,8,0.0523,5.1431,2.7436,0.8182,0.6806,nan,nan,nan,nan,1
late,cage,5,7,resnet,True,solarisation,lr,0.0001,0.0001,32,9,0.0334,5.0907,2.7144,0.8182,0.6528,nan,nan,nan,nan,0
late,cage,5,7,resnet,True,solarisation,lr,0.0001,0.0001,32,10,0.0407,6.6277,3.5732,0.8182,0.7083,nan,nan,nan,nan,0
late,cage,5,7,resnet,True,solarisation,lr,0.0001,0.0001,32,11,0.0308,5.0556,2.6540,0.8182,0.7222,6.7695,4.0975,0.7750,0.3405,1
late,cage,5,7,resnet,True,solarisation,lr,0.0001,0.0001,32,12,0.0779,6.9073,3.5936,0.8182,0.6771,nan,nan,nan,nan,0
late,cage,5,7,resnet,True,solarisation,lr,0.0001,0.0001,32,13,0.0505,9.7622,5.1346,0.8182,0.6910,nan,nan,nan,nan,0
late,cage,5,7,resnet,True,solarisation,lr,0.0001,0.0001,32,14,0.0389,8.8941,4.6549,0.8182,0.6771,nan,nan,nan,nan,0
late,cage,5,7,resnet,True,solarisation,lr,0.0001,0.0001,32,15,0.0180,6.8410,3.5893,0.8182,0.6701,nan,nan,nan,nan,0
late,cage,5,7,resnet,True,solarisation,lr,0.0001,0.0001,32,16,0.0254,10.1352,5.3058,0.8182,0.6771,nan,nan,nan,nan,0
late,cage,5,8,resnet,True,solarisation,lr,0.0001,0.0001,32,1,0.6865,0.6994,0.7546,0.1702,0.5609,nan,nan,nan,nan,0
late,cage,5,8,resnet,True,solarisation,lr,0.0001,0.0001,32,2,0.5876,0.6900,0.7432,0.1915,0.6667,nan,nan,nan,nan,0
late,cage,5,8,resnet,True,solarisation,lr,0.0001,0.0001,32,3,0.4095,0.6709,0.6783,0.5319,0.6058,nan,nan,nan,nan,0
late,cage,5,8,resnet,True,solarisation,lr,0.0001,0.0001,32,4,0.2599,0.9462,0.6516,0.8298,0.6058,nan,nan,nan,nan,0
late,cage,5,8,resnet,True,solarisation,lr,0.0001,0.0001,32,5,0.1479,0.7997,0.7293,0.7660,0.5577,nan,nan,nan,nan,1
late,cage,5,8,resnet,True,solarisation,lr,0.0001,0.0001,32,6,0.0993,1.7579,0.9599,0.8298,0.6154,2.3540,1.5892,0.7750,0.4337,1
late,cage,5,8,resnet,True,solarisation,lr,0.0001,0.0001,32,7,0.0564,1.9363,1.0417,0.8298,0.5577,nan,nan,nan,nan,0
late,cage,5,8,resnet,True,solarisation,lr,0.0001,0.0001,32,8,0.0487,0.9204,0.6779,0.8298,0.6090,nan,nan,nan,nan,0
late,cage,5,8,resnet,True,solarisation,lr,0.0001,0.0001,32,9,0.0414,2.9229,1.4956,0.8298,0.5641,nan,nan,nan,nan,0
late,cage,5,8,resnet,True,solarisation,lr,0.0001,0.0001,32,10,0.0575,2.6719,1.3698,0.8298,0.4551,nan,nan,nan,nan,0
late,cage,5,8,resnet,True,solarisation,lr,0.0001,0.0001,32,11,0.0319,2.2175,1.1893,0.8298,0.5288,nan,nan,nan,nan,0
late,cage,5,8,resnet,True,solarisation,lr,0.0001,0.0001,32,12,0.0333,1.8416,1.0632,0.8085,0.5160,nan,nan,nan,nan,0
late,cage,5,8,resnet,True,solarisation,lr,0.0001,0.0001,32,13,0.0158,2.0839,1.1166,0.8298,0.4808,nan,nan,nan,nan,0
late,cage,5,8,resnet,True,solarisation,lr,0.0001,0.0001,32,14,0.0137,1.5872,0.9281,0.8298,0.5897,nan,nan,nan,nan,0
late,cage,5,8,resnet,True,solarisation,lr,0.0001,0.0001,32,15,0.0154,1.9768,1.0626,0.8298,0.5513,nan,nan,nan,nan,0
late,cage,5,8,resnet,True,solarisation,lr,0.0001,0.0001,32,16,0.0244,3.1061,1.5938,0.8298,0.5577,nan,nan,nan,nan,0
late,cage,5,9,resnet,True,solarisation,lr,0.0001,0.0001,32,1,0.6786,0.7206,0.6417,0.7619,0.6162,nan,nan,nan,nan,0
late,cage,5,9,resnet,True,solarisation,lr,0.0001,0.0001,32,2,0.5753,0.7634,0.6341,0.7857,0.5825,nan,nan,nan,nan,0
late,cage,5,9,resnet,True,solarisation,lr,0.0001,0.0001,32,3,0.4134,1.0200,0.7176,0.7857,0.4646,nan,nan,nan,nan,0
late,cage,5,9,resnet,True,solarisation,lr,0.0001,0.0001,32,4,0.2543,3.5187,1.9462,0.7857,0.4007,nan,nan,nan,nan,0
late,cage,5,9,resnet,True,solarisation,lr,0.0001,0.0001,32,5,0.1288,3.2423,1.8252,0.7857,0.4444,2.8789,1.7954,0.7750,0.5161,1
late,cage,5,9,resnet,True,solarisation,lr,0.0001,0.0001,32,6,0.0867,5.7674,3.2222,0.7857,0.4949,nan,nan,nan,nan,0
late,cage,5,9,resnet,True,solarisation,lr,0.0001,0.0001,32,7,0.0597,7.5102,4.1805,0.7857,0.4411,nan,nan,nan,nan,0
late,cage,5,9,resnet,True,solarisation,lr,0.0001,0.0001,32,8,0.0322,7.2567,4.0734,0.7857,0.5051,nan,nan,nan,nan,0
late,cage,5,9,resnet,True,solarisation,lr,0.0001,0.0001,32,9,0.0180,6.2523,3.5183,0.7857,0.5219,nan,nan,nan,nan,0
late,cage,5,9,resnet,True,solarisation,lr,0.0001,0.0001,32,10,0.0340,8.7702,4.8943,0.7857,0.5185,nan,nan,nan,nan,0
late,cage,5,9,resnet,True,solarisation,lr,0.0001,0.0001,32,11,0.0463,5.7309,3.1873,0.7857,0.4613,nan,nan,nan,nan,0
late,cage,5,9,resnet,True,solarisation,lr,0.0001,0.0001,32,12,0.0528,9.1599,5.2119,0.7857,0.4343,nan,nan,nan,nan,0
late,cage,5,9,resnet,True,solarisation,lr,0.0001,0.0001,32,13,0.0619,12.3556,6.9341,0.7857,0.5017,nan,nan,nan,nan,0
late,cage,5,9,resnet,True,solarisation,lr,0.0001,0.0001,32,14,0.0305,9.6664,5.4841,0.7857,0.5152,nan,nan,nan,nan,0
late,cage,5,9,resnet,True,solarisation,lr,0.0001,0.0001,32,15,0.0190,9.9295,5.6315,0.7857,0.4747,nan,nan,nan,nan,0
late,cage,5,9,resnet,True,solarisation,lr,0.0001,0.0001,32,16,0.0170,16.1142,9.0920,0.7857,0.4444,nan,nan,nan,nan,0
late,cage,6,0,resnet,True,solarisation,lr,0.0001,0.0001,32,1,0.6852,0.6893,0.7047,0.3256,0.6151,nan,nan,nan,nan,0
late,cage,6,0,resnet,True,solarisation,lr,0.0001,0.0001,32,2,0.6027,0.6917,0.6125,0.8372,0.6587,nan,nan,nan,nan,0
late,cage,6,0,resnet,True,solarisation,lr,0.0001,0.0001,32,3,0.4507,1.0063,0.7153,0.8372,0.7341,nan,nan,nan,nan,0
late,cage,6,0,resnet,True,solarisation,lr,0.0001,0.0001,32,4,0.2867,2.2169,1.4463,0.8372,0.6230,nan,nan,nan,nan,0
late,cage,6,0,resnet,True,solarisation,lr,0.0001,0.0001,32,5,0.1666,2.7943,1.8348,0.8372,0.6389,nan,nan,nan,nan,1
late,cage,6,0,resnet,True,solarisation,lr,0.0001,0.0001,32,6,0.0940,4.4314,2.8707,0.8372,0.6905,4.5452,2.8943,0.8537,0.4762,1
late,cage,6,0,resnet,True,solarisation,lr,0.0001,0.0001,32,7,0.0889,2.7711,1.8089,0.8372,0.6270,nan,nan,nan,nan,0
late,cage,6,0,resnet,True,solarisation,lr,0.0001,0.0001,32,8,0.0425,3.5276,2.2706,0.8372,0.6151,nan,nan,nan,nan,0
late,cage,6,0,resnet,True,solarisation,lr,0.0001,0.0001,32,9,0.0229,4.0076,2.5828,0.8372,0.6825,nan,nan,nan,nan,0
late,cage,6,0,resnet,True,solarisation,lr,0.0001,0.0001,32,10,0.0189,3.7297,2.4666,0.8372,0.6587,nan,nan,nan,nan,0
late,cage,6,0,resnet,True,solarisation,lr,0.0001,0.0001,32,11,0.0306,3.9611,2.6097,0.8372,0.6468,nan,nan,nan,nan,0
late,cage,6,0,resnet,True,solarisation,lr,0.0001,0.0001,32,12,0.0394,4.0743,2.6276,0.8372,0.6429,nan,nan,nan,nan,0
late,cage,6,0,resnet,True,solarisation,lr,0.0001,0.0001,32,13,0.0394,7.3915,4.8215,0.8372,0.6230,nan,nan,nan,nan,0
late,cage,6,0,resnet,True,solarisation,lr,0.0001,0.0001,32,14,0.1085,9.4733,6.0472,0.8372,0.6349,nan,nan,nan,nan,0
late,cage,6,0,resnet,True,solarisation,lr,0.0001,0.0001,32,15,0.0586,6.8245,4.3503,0.8372,0.6071,nan,nan,nan,nan,0
late,cage,6,0,resnet,True,solarisation,lr,0.0001,0.0001,32,16,0.0217,7.0871,4.5593,0.8372,0.6151,nan,nan,nan,nan,0
late,cage,6,1,resnet,True,solarisation,lr,0.0001,0.0001,32,1,0.6873,0.6979,0.7469,0.1860,0.5754,nan,nan,nan,nan,0
late,cage,6,1,resnet,True,solarisation,lr,0.0001,0.0001,32,2,0.5970,0.7935,0.5994,0.8372,0.4921,nan,nan,nan,nan,0
late,cage,6,1,resnet,True,solarisation,lr,0.0001,0.0001,32,3,0.4641,1.3962,0.8513,0.8372,0.4325,nan,nan,nan,nan,0
late,cage,6,1,resnet,True,solarisation,lr,0.0001,0.0001,32,4,0.2735,1.3742,0.8353,0.8372,0.5000,nan,nan,nan,nan,0
late,cage,6,1,resnet,True,solarisation,lr,0.0001,0.0001,32,5,0.1554,2.9691,1.6622,0.8372,0.4603,2.6695,1.6892,0.8537,0.4190,1
late,cage,6,1,resnet,True,solarisation,lr,0.0001,0.0001,32,6,0.0917,3.5922,1.9941,0.8372,0.4722,nan,nan,nan,nan,0
late,cage,6,1,resnet,True,solarisation,lr,0.0001,0.0001,32,7,0.0555,3.0746,1.7116,0.8372,0.4563,nan,nan,nan,nan,0
late,cage,6,1,resnet,True,solarisation,lr,0.0001,0.0001,32,8,0.0427,3.5171,1.9562,0.8372,0.4643,nan,nan,nan,nan,0
late,cage,6,1,resnet,True,solarisation,lr,0.0001,0.0001,32,9,0.0365,5.6084,3.1038,0.8372,0.4563,nan,nan,nan,nan,0
late,cage,6,1,resnet,True,solarisation,lr,0.0001,0.0001,32,10,0.0358,5.3946,2.9859,0.8372,0.4405,nan,nan,nan,nan,0
late,cage,6,1,resnet,True,solarisation,lr,0.0001,0.0001,32,11,0.0728,8.3408,4.5983,0.8372,0.4524,nan,nan,nan,nan,0
late,cage,6,1,resnet,True,solarisation,lr,0.0001,0.0001,32,12,0.0715,10.5695,5.8206,0.8372,0.4286,nan,nan,nan,nan,0
late,cage,6,1,resnet,True,solarisation,lr,0.0001,0.0001,32,13,0.0310,7.3168,4.0500,0.8372,0.4603,nan,nan,nan,nan,0
late,cage,6,1,resnet,True,solarisation,lr,0.0001,0.0001,32,14,0.0296,6.2234,3.4450,0.8372,0.4603,nan,nan,nan,nan,0
late,cage,6,1,resnet,True,solarisation,lr,0.0001,0.0001,32,15,0.0184,7.1194,3.9285,0.8372,0.4365,nan,nan,nan,nan,0
late,cage,6,1,resnet,True,solarisation,lr,0.0001,0.0001,32,16,0.0151,8.0844,4.4529,0.8372,0.4127,nan,nan,nan,nan,0
late,cage,6,2,resnet,True,solarisation,lr,0.0001,0.0001,32,1,0.6841,0.7083,0.6441,0.8095,0.5625,nan,nan,nan,nan,0
late,cage,6,2,resnet,True,solarisation,lr,0.0001,0.0001,32,2,0.5917,0.7215,0.6611,0.7619,0.4926,nan,nan,nan,nan,0
late,cage,6,2,resnet,True,solarisation,lr,0.0001,0.0001,32,3,0.4395,0.9743,0.6940,0.8095,0.4338,nan,nan,nan,nan,0
late,cage,6,2,resnet,True,solarisation,lr,0.0001,0.0001,32,4,0.2713,1.6681,1.0196,0.8095,0.4816,nan,nan,nan,nan,0
late,cage,6,2,resnet,True,solarisation,lr,0.0001,0.0001,32,5,0.1305,1.2638,0.8563,0.8095,0.4191,0.9373,0.7442,0.8293,0.5143,1
late,cage,6,2,resnet,True,solarisation,lr,0.0001,0.0001,32,6,0.0878,2.0819,1.2007,0.8095,0.4816,nan,nan,nan,nan,0
late,cage,6,2,resnet,True,solarisation,lr,0.0001,0.0001,32,7,0.0757,2.0763,1.2162,0.8095,0.4154,nan,nan,nan,nan,0
late,cage,6,2,resnet,True,solarisation,lr,0.0001,0.0001,32,8,0.0524,2.2381,1.2919,0.8095,0.4338,nan,nan,nan,nan,0
late,cage,6,2,resnet,True,solarisation,lr,0.0001,0.0001,32,9,0.0380,3.6402,2.0465,0.8095,0.3971,nan,nan,nan,nan,0
late,cage,6,2,resnet,True,solarisation,lr,0.0001,0.0001,32,10,0.0198,2.2564,1.3680,0.8095,0.4412,nan,nan,nan,nan,0
late,cage,6,2,resnet,True,solarisation,lr,0.0001,0.0001,32,11,0.0183,3.8739,2.2039,0.8095,0.3860,nan,nan,nan,nan,0
late,cage,6,2,resnet,True,solarisation,lr,0.0001,0.0001,32,12,0.0578,5.8841,3.2891,0.8095,0.4081,nan,nan,nan,nan,0
late,cage,6,2,resnet,True,solarisation,lr,0.0001,0.0001,32,13,0.0500,2.2765,1.4891,0.8095,0.4559,nan,nan,nan,nan,0
late,cage,6,2,resnet,True,solarisation,lr,0.0001,0.0001,32,14,0.0427,2.9799,1.7802,0.8095,0.4449,nan,nan,nan,nan,0
late,cage,6,2,resnet,True,solarisation,lr,0.0001,0.0001,32,15,0.0532,3.0962,1.8287,0.8095,0.4228,nan,nan,nan,nan,0
late,cage,6,2,resnet,True,solarisation,lr,0.0001,0.0001,32,16,0.0246,6.3933,3.5751,0.8095,0.4449,nan,nan,nan,nan,0
late,cage,6,3,resnet,True,solarisation,lr,0.0001,0.0001,32,1,0.6943,0.7115,0.6328,0.8333,0.5388,nan,nan,nan,nan,0
late,cage,6,3,resnet,True,solarisation,lr,0.0001,0.0001,32,2,0.5904,0.7585,0.9239,0.1905,0.6490,nan,nan,nan,nan,0
late,cage,6,3,resnet,True,solarisation,lr,0.0001,0.0001,32,3,0.4574,1.0060,0.7354,0.8333,0.7224,nan,nan,nan,nan,0
late,cage,6,3,resnet,True,solarisation,lr,0.0001,0.0001,32,4,0.2847,0.6667,0.6883,0.8095,0.7633,nan,nan,nan,nan,0
late,cage,6,3,resnet,True,solarisation,lr,0.0001,0.0001,32,5,0.1638,1.1245,1.0266,0.8095,0.6367,nan,nan,nan,nan,1
late,cage,6,3,resnet,True,solarisation,lr,0.0001,0.0001,32,6,0.0806,2.0816,1.3818,0.8333,0.6694,nan,nan,nan,nan,1
late,cage,6,3,resnet,True,solarisation,lr,0.0001,0.0001,32,7,0.0667,2.2662,1.5217,0.8333,0.6776,nan,nan,nan,nan,1
late,cage,6,3,resnet,True,solarisation,lr,0.0001,0.0001,32,8,0.0421,2.7976,1.7794,0.8333,0.7061,nan,nan,nan,nan,0
late,cage,6,3,resnet,True,solarisation,lr,0.0001,0.0001,32,9,0.0251,2.9727,1.8628,0.8333,0.6939,nan,nan,nan,nan,0
late,cage,6,3,resnet,True,solarisation,lr,0.0001,0.0001,32,10,0.0131,2.9601,1.8492,0.8333,0.7673,3.2635,2.0887,0.8537,0.3952,1
late,cage,6,3,resnet,True,solarisation,lr,0.0001,0.0001,32,11,0.0318,1.4864,1.4172,0.8333,0.6898,nan,nan,nan,nan,0
late,cage,6,3,resnet,True,solarisation,lr,0.0001,0.0001,32,12,0.0844,2.3332,2.1654,0.8571,0.6245,nan,nan,nan,nan,0
late,cage,6,3,resnet,True,solarisation,lr,0.0001,0.0001,32,13,0.0780,4.9031,3.0960,0.8333,0.6776,nan,nan,nan,nan,0
late,cage,6,3,resnet,True,solarisation,lr,0.0001,0.0001,32,14,0.0347,7.0960,4.4828,0.8333,0.6490,nan,nan,nan,nan,0
late,cage,6,3,resnet,True,solarisation,lr,0.0001,0.0001,32,15,0.0242,8.6503,5.3826,0.8333,0.6531,nan,nan,nan,nan,0
late,cage,6,3,resnet,True,solarisation,lr,0.0001,0.0001,32,16,0.0416,8.3457,5.2376,0.8333,0.6612,nan,nan,nan,nan,0
late,cage,6,4,resnet,True,solarisation,lr,0.0001,0.0001,32,1,0.6863,0.6885,0.6762,0.7674,0.6714,nan,nan,nan,nan,0
late,cage,6,4,resnet,True,solarisation,lr,0.0001,0.0001,32,2,0.6065,0.9712,0.8082,0.8140,0.3643,nan,nan,nan,nan,0
late,cage,6,4,resnet,True,solarisation,lr,0.0001,0.0001,32,3,0.4538,1.0455,0.9110,0.7907,0.3500,nan,nan,nan,nan,0
late,cage,6,4,resnet,True,solarisation,lr,0.0001,0.0001,32,4,0.2716,2.3024,1.7555,0.8140,0.3607,nan,nan,nan,nan,0
late,cage,6,4,resnet,True,solarisation,lr,0.0001,0.0001,32,5,0.1674,3.8947,2.9234,0.8140,0.3357,3.1589,1.9633,0.8537,0.4619,1
late,cage,6,4,resnet,True,solarisation,lr,0.0001,0.0001,32,6,0.0978,4.3846,3.3206,0.8140,0.3429,nan,nan,nan,nan,0
late,cage,6,4,resnet,True,solarisation,lr,0.0001,0.0001,32,7,0.0708,3.5745,2.7234,0.8140,0.3286,nan,nan,nan,nan,0
late,cage,6,4,resnet,True,solarisation,lr,0.0001,0.0001,32,8,0.0545,6.4015,4.8116,0.8140,0.3536,nan,nan,nan,nan,0
late,cage,6,4,resnet,True,solarisation,lr,0.0001,0.0001,32,9,0.0592,6.2729,4.7960,0.8140,0.3607,nan,nan,nan,nan,0
late,cage,6,4,resnet,True,solarisation,lr,0.0001,0.0001,32,10,0.0348,7.2733,5.5404,0.8140,0.3500,nan,nan,nan,nan,0
late,cage,6,4,resnet,True,solarisation,lr,0.0001,0.0001,32,11,0.0325,8.5971,6.5723,0.8140,0.3321,nan,nan,nan,nan,0
late,cage,6,4,resnet,True,solarisation,lr,0.0001,0.0001,32,12,0.0379,5.9970,4.5584,0.8140,0.3179,nan,nan,nan,nan,0
late,cage,6,4,resnet,True,solarisation,lr,0.0001,0.0001,32,13,0.0468,7.4190,5.6472,0.8140,0.3643,nan,nan,nan,nan,0
late,cage,6,4,resnet,True,solarisation,lr,0.0001,0.0001,32,14,0.0512,7.5088,5.6847,0.8140,0.3536,nan,nan,nan,nan,0
late,cage,6,4,resnet,True,solarisation,lr,0.0001,0.0001,32,15,0.0380,12.4724,9.3659,0.8140,0.3643,nan,nan,nan,nan,0
late,cage,6,4,resnet,True,solarisation,lr,0.0001,0.0001,32,16,0.0207,9.3452,6.9709,0.8140,0.3536,nan,nan,nan,nan,0
late,cage,6,5,resnet,True,solarisation,lr,0.0001,0.0001,32,1,0.6842,0.6783,0.7178,0.2250,0.5771,nan,nan,nan,nan,0
late,cage,6,5,resnet,True,solarisation,lr,0.0001,0.0001,32,2,0.6026,0.7401,0.6956,0.6750,0.4516,nan,nan,nan,nan,0
late,cage,6,5,resnet,True,solarisation,lr,0.0001,0.0001,32,3,0.4570,0.7923,0.7134,0.7500,0.4194,nan,nan,nan,nan,0
late,cage,6,5,resnet,True,solarisation,lr,0.0001,0.0001,32,4,0.2864,1.0217,0.8189,0.7750,0.4050,nan,nan,nan,nan,0
late,cage,6,5,resnet,True,solarisation,lr,0.0001,0.0001,32,5,0.1590,2.7045,1.7642,0.7750,0.4158,2.1749,1.3891,0.8537,0.3952,1
late,cage,6,5,resnet,True,solarisation,lr,0.0001,0.0001,32,6,0.0877,4.2428,2.6672,0.7750,0.4014,nan,nan,nan,nan,0
late,cage,6,5,resnet,True,solarisation,lr,0.0001,0.0001,32,7,0.0585,2.8307,1.8501,0.7750,0.4122,nan,nan,nan,nan,0
late,cage,6,5,resnet,True,solarisation,lr,0.0001,0.0001,32,8,0.0409,5.1905,3.2806,0.7750,0.3978,nan,nan,nan,nan,0
late,cage,6,5,resnet,True,solarisation,lr,0.0001,0.0001,32,9,0.0614,7.1884,4.5110,0.7750,0.3943,nan,nan,nan,nan,0
late,cage,6,5,resnet,True,solarisation,lr,0.0001,0.0001,32,10,0.0579,6.3308,3.9816,0.7750,0.4265,nan,nan,nan,nan,0
late,cage,6,5,resnet,True,solarisation,lr,0.0001,0.0001,32,11,0.0434,5.6918,3.6041,0.7750,0.4444,nan,nan,nan,nan,0
late,cage,6,5,resnet,True,solarisation,lr,0.0001,0.0001,32,12,0.0325,7.4857,4.6744,0.7750,0.4050,nan,nan,nan,nan,0
late,cage,6,5,resnet,True,solarisation,lr,0.0001,0.0001,32,13,0.0157,7.7874,4.8657,0.7750,0.3763,nan,nan,nan,nan,0
late,cage,6,5,resnet,True,solarisation,lr,0.0001,0.0001,32,14,0.0174,6.7286,4.2562,0.7750,0.4194,nan,nan,nan,nan,0
late,cage,6,5,resnet,True,solarisation,lr,0.0001,0.0001,32,15,0.0092,8.5532,5.3387,0.7750,0.3943,nan,nan,nan,nan,0
late,cage,6,5,resnet,True,solarisation,lr,0.0001,0.0001,32,16,0.0098,7.5603,4.7292,0.7750,0.3763,nan,nan,nan,nan,0
