fusion,dataset,test_set,dev_set,arch,use_pretrained,augmentation,speech_encoder_arch,lr,wd,batch_size,epoch,train_loss,dev_loss_patient,dev_loss_cough,dev_acc,dev_auc,test_loss_patient,test_loss_cough,test_acc,test_auc,is_best
late,cage,0,1,resnet,False,none,lr,0.0001,0.0001,32,1,0.7023,0.6759,0.6369,0.8372,0.7619,nan,nan,nan,nan,0
late,cage,0,1,resnet,False,none,lr,0.0001,0.0001,32,2,0.6824,0.6796,0.7239,0.3023,0.7302,nan,nan,nan,nan,0
late,cage,0,1,resnet,False,none,lr,0.0001,0.0001,32,3,0.6556,0.7076,0.5843,0.8140,0.6508,nan,nan,nan,nan,0
late,cage,0,1,resnet,False,none,lr,0.0001,0.0001,32,4,0.6114,0.6555,0.6857,0.5814,0.6349,nan,nan,nan,nan,0
late,cage,0,1,resnet,False,none,lr,0.0001,0.0001,32,5,0.5385,0.6161,0.7445,0.5814,0.7421,0.6419,0.7559,0.6512,0.7063,1
late,cage,0,1,resnet,False,none,lr,0.0001,0.0001,32,6,0.4584,0.6639,0.8194,0.5581,0.6548,nan,nan,nan,nan,0
late,cage,0,1,resnet,False,none,lr,0.0001,0.0001,32,7,0.4037,0.9371,0.6743,0.8140,0.7183,nan,nan,nan,nan,0
late,cage,0,1,resnet,False,none,lr,0.0001,0.0001,32,8,0.3337,0.8360,1.1221,0.5349,0.5754,nan,nan,nan,nan,0
late,cage,0,1,resnet,False,none,lr,0.0001,0.0001,32,9,0.2761,0.8534,1.0474,0.6279,0.6349,nan,nan,nan,nan,0
late,cage,0,1,resnet,False,none,lr,0.0001,0.0001,32,10,0.2280,1.0608,1.1709,0.7442,0.5635,nan,nan,nan,nan,0
late,cage,0,1,resnet,False,none,lr,0.0001,0.0001,32,11,0.2091,1.1258,1.0442,0.8140,0.6230,nan,nan,nan,nan,0
late,cage,0,1,resnet,False,none,lr,0.0001,0.0001,32,12,0.1778,1.0422,1.2025,0.6977,0.6071,nan,nan,nan,nan,0
late,cage,0,1,resnet,False,none,lr,0.0001,0.0001,32,13,0.1516,1.7052,1.4694,0.7442,0.4841,nan,nan,nan,nan,0
late,cage,0,1,resnet,False,none,lr,0.0001,0.0001,32,14,0.1556,1.7018,1.2322,0.7907,0.5516,nan,nan,nan,nan,0
late,cage,0,1,resnet,False,none,lr,0.0001,0.0001,32,15,0.0997,1.2159,1.3433,0.7209,0.5873,nan,nan,nan,nan,0
late,cage,0,1,resnet,False,none,lr,0.0001,0.0001,32,16,0.0987,1.0548,1.6416,0.6047,0.5595,nan,nan,nan,nan,0
late,cage,0,2,resnet,False,none,lr,0.0001,0.0001,32,1,0.6904,0.7001,0.6646,0.8095,0.5331,nan,nan,nan,nan,0
late,cage,0,2,resnet,False,none,lr,0.0001,0.0001,32,2,0.6824,0.6695,0.6895,0.5000,0.7279,nan,nan,nan,nan,0
late,cage,0,2,resnet,False,none,lr,0.0001,0.0001,32,3,0.6764,0.6909,0.6736,0.6429,0.5662,nan,nan,nan,nan,0
late,cage,0,2,resnet,False,none,lr,0.0001,0.0001,32,4,0.6560,0.6712,0.6617,0.6667,0.6654,nan,nan,nan,nan,0
late,cage,0,2,resnet,False,none,lr,0.0001,0.0001,32,5,0.6254,0.7585,0.6652,0.7619,0.6140,nan,nan,nan,nan,1
late,cage,0,2,resnet,False,none,lr,0.0001,0.0001,32,6,0.5639,0.7197,0.6482,0.7619,0.6728,nan,nan,nan,nan,1
late,cage,0,2,resnet,False,none,lr,0.0001,0.0001,32,7,0.5118,0.8309,0.6729,0.7619,0.6434,nan,nan,nan,nan,0
late,cage,0,2,resnet,False,none,lr,0.0001,0.0001,32,8,0.4281,0.7571,0.9253,0.5000,0.6544,nan,nan,nan,nan,0
late,cage,0,2,resnet,False,none,lr,0.0001,0.0001,32,9,0.3845,0.8112,0.8721,0.7619,0.6176,nan,nan,nan,nan,0
late,cage,0,2,resnet,False,none,lr,0.0001,0.0001,32,10,0.3462,0.7848,0.8148,0.7857,0.7463,nan,nan,nan,nan,1
late,cage,0,2,resnet,False,none,lr,0.0001,0.0001,32,11,0.2928,1.0698,0.9372,0.7857,0.6801,nan,nan,nan,nan,0
late,cage,0,2,resnet,False,none,lr,0.0001,0.0001,32,12,0.2529,1.3300,0.9756,0.7857,0.6654,nan,nan,nan,nan,1
late,cage,0,2,resnet,False,none,lr,0.0001,0.0001,32,13,0.2275,0.8970,1.0275,0.7143,0.7169,nan,nan,nan,nan,1
late,cage,0,2,resnet,False,none,lr,0.0001,0.0001,32,14,0.1874,1.4340,1.0921,0.7857,0.6765,nan,nan,nan,nan,1
late,cage,0,2,resnet,False,none,lr,0.0001,0.0001,32,15,0.1472,1.7125,1.2218,0.8095,0.7537,nan,nan,nan,nan,0
late,cage,0,2,resnet,False,none,lr,0.0001,0.0001,32,16,0.1459,0.9205,1.1907,0.8333,0.7721,nan,nan,nan,nan,1
late,cage,0,2,resnet,False,none,lr,0.0001,0.0001,32,17,0.1182,1.3420,1.2040,0.7857,0.7426,1.2991,1.2584,0.7907,0.6825,1
late,cage,0,2,resnet,False,none,lr,0.0001,0.0001,32,18,0.1076,1.1053,1.5356,0.7619,0.6213,nan,nan,nan,nan,0
late,cage,0,2,resnet,False,none,lr,0.0001,0.0001,32,19,0.1007,1.7973,1.4012,0.7857,0.7022,nan,nan,nan,nan,0
late,cage,0,2,resnet,False,none,lr,0.0001,0.0001,32,20,0.0787,1.1849,1.3740,0.7381,0.7132,nan,nan,nan,nan,0
late,cage,0,2,resnet,False,none,lr,0.0001,0.0001,32,21,0.0869,1.4911,1.4997,0.7381,0.6801,nan,nan,nan,nan,0
late,cage,0,2,resnet,False,none,lr,0.0001,0.0001,32,22,0.0787,1.1699,1.4069,0.7381,0.7059,nan,nan,nan,nan,0
late,cage,0,3,resnet,False,none,lr,0.0001,0.0001,32,1,0.6905,0.6958,0.6863,0.5952,0.4531,nan,nan,nan,nan,0
late,cage,0,3,resnet,False,none,lr,0.0001,0.0001,32,2,0.6839,0.6962,0.7011,0.4286,0.4776,nan,nan,nan,nan,0
late,cage,0,3,resnet,False,none,lr,0.0001,0.0001,32,3,0.6787,0.6969,0.7168,0.3810,0.4898,nan,nan,nan,nan,0
late,cage,0,3,resnet,False,none,lr,0.0001,0.0001,32,4,0.6686,0.6663,0.6437,0.7857,0.6653,nan,nan,nan,nan,0
late,cage,0,3,resnet,False,none,lr,0.0001,0.0001,32,5,0.6421,0.7005,0.7988,0.2381,0.6245,nan,nan,nan,nan,1
late,cage,0,3,resnet,False,none,lr,0.0001,0.0001,32,6,0.5853,0.6902,0.7701,0.4762,0.5959,nan,nan,nan,nan,1
late,cage,0,3,resnet,False,none,lr,0.0001,0.0001,32,7,0.5121,0.6291,0.8118,0.5238,0.7061,nan,nan,nan,nan,1
late,cage,0,3,resnet,False,none,lr,0.0001,0.0001,32,8,0.4508,0.8603,0.7615,0.8095,0.5224,0.7429,0.7042,0.8140,0.7579,1
late,cage,0,3,resnet,False,none,lr,0.0001,0.0001,32,9,0.4092,0.7547,0.7777,0.7857,0.6571,nan,nan,nan,nan,0
late,cage,0,3,resnet,False,none,lr,0.0001,0.0001,32,10,0.3286,1.1244,0.8895,0.8333,0.6082,nan,nan,nan,nan,0
late,cage,0,3,resnet,False,none,lr,0.0001,0.0001,32,11,0.2958,0.8408,1.0970,0.7143,0.5592,nan,nan,nan,nan,0
late,cage,0,3,resnet,False,none,lr,0.0001,0.0001,32,12,0.2509,1.0409,0.9718,0.8333,0.6612,nan,nan,nan,nan,0
late,cage,0,3,resnet,False,none,lr,0.0001,0.0001,32,13,0.2165,0.8668,1.1374,0.7143,0.5388,nan,nan,nan,nan,0
late,cage,0,3,resnet,False,none,lr,0.0001,0.0001,32,14,0.1900,1.0020,1.2035,0.8095,0.5551,nan,nan,nan,nan,0
late,cage,0,3,resnet,False,none,lr,0.0001,0.0001,32,15,0.1607,0.8204,1.2156,0.7857,0.6653,nan,nan,nan,nan,0
late,cage,0,3,resnet,False,none,lr,0.0001,0.0001,32,16,0.1514,1.3790,1.2203,0.8095,0.6980,nan,nan,nan,nan,0
late,cage,0,4,resnet,False,none,lr,0.0001,0.0001,32,1,0.6954,0.6777,0.6824,0.4884,0.7429,nan,nan,nan,nan,0
late,cage,0,4,resnet,False,none,lr,0.0001,0.0001,32,2,0.6873,0.6731,0.6648,0.7442,0.7143,nan,nan,nan,nan,0
late,cage,0,4,resnet,False,none,lr,0.0001,0.0001,32,3,0.6708,0.7433,0.6847,0.6512,0.5000,nan,nan,nan,nan,0
late,cage,0,4,resnet,False,none,lr,0.0001,0.0001,32,4,0.6323,0.6424,0.6511,0.6744,0.7357,nan,nan,nan,nan,0
late,cage,0,4,resnet,False,none,lr,0.0001,0.0001,32,5,0.5655,0.7411,0.7373,0.7209,0.5643,0.5900,0.5955,0.8372,0.7857,1
late,cage,0,4,resnet,False,none,lr,0.0001,0.0001,32,6,0.5022,0.6039,0.7367,0.6047,0.7357,nan,nan,nan,nan,0
late,cage,0,4,resnet,False,none,lr,0.0001,0.0001,32,7,0.4450,0.8179,0.8918,0.7209,0.5429,nan,nan,nan,nan,0
late,cage,0,4,resnet,False,none,lr,0.0001,0.0001,32,8,0.3746,1.0486,1.0005,0.7907,0.4750,nan,nan,nan,nan,0
late,cage,0,4,resnet,False,none,lr,0.0001,0.0001,32,9,0.3073,0.9024,1.0127,0.6977,0.5214,nan,nan,nan,nan,0
late,cage,0,4,resnet,False,none,lr,0.0001,0.0001,32,10,0.2575,1.0789,1.1482,0.7674,0.6143,nan,nan,nan,nan,0
late,cage,0,4,resnet,False,none,lr,0.0001,0.0001,32,11,0.2351,1.2889,1.3033,0.7209,0.4607,nan,nan,nan,nan,0
late,cage,0,4,resnet,False,none,lr,0.0001,0.0001,32,12,0.2084,1.3231,1.4238,0.7674,0.4214,nan,nan,nan,nan,0
late,cage,0,4,resnet,False,none,lr,0.0001,0.0001,32,13,0.1673,1.6680,1.5294,0.7907,0.4750,nan,nan,nan,nan,0
late,cage,0,4,resnet,False,none,lr,0.0001,0.0001,32,14,0.1407,1.5057,1.6032,0.7209,0.4536,nan,nan,nan,nan,0
late,cage,0,4,resnet,False,none,lr,0.0001,0.0001,32,15,0.1026,1.7879,1.7273,0.7674,0.5464,nan,nan,nan,nan,0
late,cage,0,4,resnet,False,none,lr,0.0001,0.0001,32,16,0.1148,1.7776,1.6749,0.7907,0.5857,nan,nan,nan,nan,0
late,cage,0,5,resnet,False,none,lr,0.0001,0.0001,32,1,0.6947,0.7269,0.6670,0.7750,0.4409,nan,nan,nan,nan,0
late,cage,0,5,resnet,False,none,lr,0.0001,0.0001,32,2,0.6759,0.7948,0.6655,0.7750,0.4265,nan,nan,nan,nan,0
late,cage,0,5,resnet,False,none,lr,0.0001,0.0001,32,3,0.6567,0.7177,0.6823,0.5250,0.4946,nan,nan,nan,nan,0
late,cage,0,5,resnet,False,none,lr,0.0001,0.0001,32,4,0.6186,0.8061,0.7109,0.6000,0.4301,nan,nan,nan,nan,0
late,cage,0,5,resnet,False,none,lr,0.0001,0.0001,32,5,0.5537,0.8330,0.7405,0.6250,0.4839,0.5881,0.6282,0.8140,0.8175,1
late,cage,0,5,resnet,False,none,lr,0.0001,0.0001,32,6,0.5036,0.8355,0.8108,0.5250,0.3907,nan,nan,nan,nan,0
late,cage,0,5,resnet,False,none,lr,0.0001,0.0001,32,7,0.4163,1.3705,1.0102,0.6750,0.3907,nan,nan,nan,nan,0
late,cage,0,5,resnet,False,none,lr,0.0001,0.0001,32,8,0.3752,1.1040,0.9691,0.7000,0.5018,nan,nan,nan,nan,0
late,cage,0,5,resnet,False,none,lr,0.0001,0.0001,32,9,0.3178,1.4117,1.1581,0.7000,0.3907,nan,nan,nan,nan,0
late,cage,0,5,resnet,False,none,lr,0.0001,0.0001,32,10,0.2712,1.2634,1.1588,0.5750,0.3871,nan,nan,nan,nan,0
late,cage,0,5,resnet,False,none,lr,0.0001,0.0001,32,11,0.2434,1.8689,1.3234,0.7500,0.4265,nan,nan,nan,nan,0
late,cage,0,5,resnet,False,none,lr,0.0001,0.0001,32,12,0.1926,2.4574,1.6693,0.7500,0.3656,nan,nan,nan,nan,0
late,cage,0,5,resnet,False,none,lr,0.0001,0.0001,32,13,0.1703,2.5815,1.7391,0.7250,0.3978,nan,nan,nan,nan,0
late,cage,0,5,resnet,False,none,lr,0.0001,0.0001,32,14,0.1514,1.7261,1.4462,0.7000,0.4337,nan,nan,nan,nan,0
late,cage,0,5,resnet,False,none,lr,0.0001,0.0001,32,15,0.1530,2.3358,1.7967,0.7250,0.3548,nan,nan,nan,nan,0
late,cage,0,5,resnet,False,none,lr,0.0001,0.0001,32,16,0.1241,1.9987,1.7051,0.6250,0.3871,nan,nan,nan,nan,0
late,cage,0,6,resnet,False,none,lr,0.0001,0.0001,32,1,0.7024,0.6839,0.6294,0.8293,0.6286,nan,nan,nan,nan,0
late,cage,0,6,resnet,False,none,lr,0.0001,0.0001,32,2,0.6819,0.6937,0.6539,0.7561,0.5333,nan,nan,nan,nan,0
late,cage,0,6,resnet,False,none,lr,0.0001,0.0001,32,3,0.6646,0.7216,0.7609,0.2683,0.4190,nan,nan,nan,nan,0
late,cage,0,6,resnet,False,none,lr,0.0001,0.0001,32,4,0.6274,0.7131,0.7787,0.2927,0.5571,nan,nan,nan,nan,0
late,cage,0,6,resnet,False,none,lr,0.0001,0.0001,32,5,0.5789,0.8751,0.7112,0.8293,0.3857,nan,nan,nan,nan,1
late,cage,0,6,resnet,False,none,lr,0.0001,0.0001,32,6,0.4726,0.8617,0.8001,0.7561,0.5238,nan,nan,nan,nan,0
late,cage,0,6,resnet,False,none,lr,0.0001,0.0001,32,7,0.4054,0.9848,0.8340,0.8293,0.5381,nan,nan,nan,nan,0
late,cage,0,6,resnet,False,none,lr,0.0001,0.0001,32,8,0.3208,0.7931,0.8918,0.7073,0.6190,nan,nan,nan,nan,1
late,cage,0,6,resnet,False,none,lr,0.0001,0.0001,32,9,0.2744,1.1455,0.9494,0.8049,0.5952,nan,nan,nan,nan,1
late,cage,0,6,resnet,False,none,lr,0.0001,0.0001,32,10,0.2114,1.3523,1.3331,0.7561,0.4667,nan,nan,nan,nan,1
late,cage,0,6,resnet,False,none,lr,0.0001,0.0001,32,11,0.2004,0.8656,1.1201,0.7317,0.6095,nan,nan,nan,nan,1
late,cage,0,6,resnet,False,none,lr,0.0001,0.0001,32,12,0.1528,1.0837,1.0296,0.7805,0.7190,nan,nan,nan,nan,1
late,cage,0,6,resnet,False,none,lr,0.0001,0.0001,32,13,0.1132,1.7569,1.4057,0.8293,0.5667,nan,nan,nan,nan,0
late,cage,0,6,resnet,False,none,lr,0.0001,0.0001,32,14,0.1205,1.4157,1.2925,0.8049,0.6286,nan,nan,nan,nan,0
late,cage,0,6,resnet,False,none,lr,0.0001,0.0001,32,15,0.1029,1.8139,1.4266,0.8537,0.6238,1.6072,1.3286,0.8372,0.7817,1
late,cage,0,6,resnet,False,none,lr,0.0001,0.0001,32,16,0.1057,1.9134,1.4356,0.8537,0.5381,nan,nan,nan,nan,0
late,cage,0,6,resnet,False,none,lr,0.0001,0.0001,32,17,0.0794,2.1974,1.6402,0.8537,0.4905,nan,nan,nan,nan,0
late,cage,0,6,resnet,False,none,lr,0.0001,0.0001,32,18,0.0542,1.0779,1.6992,0.6341,0.5381,nan,nan,nan,nan,0
late,cage,0,6,resnet,False,none,lr,0.0001,0.0001,32,19,0.0684,1.5195,1.7888,0.7317,0.5333,nan,nan,nan,nan,0
late,cage,0,6,resnet,False,none,lr,0.0001,0.0001,32,20,0.0761,1.7886,1.4270,0.8537,0.6429,nan,nan,nan,nan,0
late,cage,0,7,resnet,False,none,lr,0.0001,0.0001,32,1,0.7059,0.7174,0.7634,0.1818,0.4236,nan,nan,nan,nan,0
late,cage,0,7,resnet,False,none,lr,0.0001,0.0001,32,2,0.6800,0.7267,0.6572,0.7955,0.4375,nan,nan,nan,nan,0
late,cage,0,7,resnet,False,none,lr,0.0001,0.0001,32,3,0.6570,0.7786,0.6425,0.8182,0.4340,nan,nan,nan,nan,0
late,cage,0,7,resnet,False,none,lr,0.0001,0.0001,32,4,0.6229,0.7077,0.7745,0.3409,0.4896,nan,nan,nan,nan,0
late,cage,0,7,resnet,False,none,lr,0.0001,0.0001,32,5,0.5662,0.7187,0.7914,0.3864,0.4688,nan,nan,nan,nan,1
late,cage,0,7,resnet,False,none,lr,0.0001,0.0001,32,6,0.5112,0.7036,0.8247,0.5455,0.5694,nan,nan,nan,nan,1
late,cage,0,7,resnet,False,none,lr,0.0001,0.0001,32,7,0.4424,0.8735,0.6893,0.8409,0.6250,nan,nan,nan,nan,1
late,cage,0,7,resnet,False,none,lr,0.0001,0.0001,32,8,0.3838,0.6983,0.8254,0.6136,0.6458,nan,nan,nan,nan,1
late,cage,0,7,resnet,False,none,lr,0.0001,0.0001,32,9,0.3112,1.0348,0.7957,0.7955,0.6701,nan,nan,nan,nan,1
late,cage,0,7,resnet,False,none,lr,0.0001,0.0001,32,10,0.2716,0.9047,0.7782,0.8182,0.6875,nan,nan,nan,nan,1
late,cage,0,7,resnet,False,none,lr,0.0001,0.0001,32,11,0.2267,0.7757,0.7935,0.8636,0.8090,nan,nan,nan,nan,1
late,cage,0,7,resnet,False,none,lr,0.0001,0.0001,32,12,0.1876,1.4742,0.9386,0.8182,0.7708,nan,nan,nan,nan,1
late,cage,0,7,resnet,False,none,lr,0.0001,0.0001,32,13,0.1766,0.9753,0.9547,0.8182,0.7014,nan,nan,nan,nan,1
late,cage,0,7,resnet,False,none,lr,0.0001,0.0001,32,14,0.1560,0.9624,0.9284,0.8182,0.7465,nan,nan,nan,nan,1
late,cage,0,7,resnet,False,none,lr,0.0001,0.0001,32,15,0.1210,1.4053,0.9683,0.8409,0.7604,nan,nan,nan,nan,1
late,cage,0,7,resnet,False,none,lr,0.0001,0.0001,32,16,0.0908,0.9042,1.0433,0.8636,0.8715,nan,nan,nan,nan,1
late,cage,0,7,resnet,False,none,lr,0.0001,0.0001,32,17,0.0913,1.1008,0.9673,0.8182,0.8229,nan,nan,nan,nan,1
late,cage,0,7,resnet,False,none,lr,0.0001,0.0001,32,18,0.1271,0.9548,0.9105,0.8409,0.7986,nan,nan,nan,nan,1
late,cage,0,7,resnet,False,none,lr,0.0001,0.0001,32,19,0.0673,1.7904,1.1971,0.8182,0.8021,nan,nan,nan,nan,1
late,cage,0,7,resnet,False,none,lr,0.0001,0.0001,32,20,0.0659,1.1983,0.9827,0.8636,0.8090,1.2746,1.2681,0.8140,0.7460,1
late,cage,0,7,resnet,False,none,lr,0.0001,0.0001,32,21,0.0723,1.7638,1.2019,0.8182,0.7812,nan,nan,nan,nan,0
late,cage,0,7,resnet,False,none,lr,0.0001,0.0001,32,22,0.0579,1.2209,1.2060,0.7727,0.7847,nan,nan,nan,nan,0
late,cage,0,7,resnet,False,none,lr,0.0001,0.0001,32,23,0.0451,1.9210,1.2740,0.8636,0.7326,nan,nan,nan,nan,0
late,cage,0,7,resnet,False,none,lr,0.0001,0.0001,32,24,0.0399,2.0930,1.3575,0.8182,0.8194,nan,nan,nan,nan,0
late,cage,0,7,resnet,False,none,lr,0.0001,0.0001,32,25,0.0595,1.7357,1.2449,0.8182,0.8194,nan,nan,nan,nan,0
late,cage,0,8,resnet,False,none,lr,0.0001,0.0001,32,1,0.6962,0.6937,0.6828,0.7021,0.4744,nan,nan,nan,nan,0
late,cage,0,8,resnet,False,none,lr,0.0001,0.0001,32,2,0.6859,0.6915,0.6781,0.6170,0.5288,nan,nan,nan,nan,0
late,cage,0,8,resnet,False,none,lr,0.0001,0.0001,32,3,0.6762,0.6974,0.7013,0.4681,0.5192,nan,nan,nan,nan,0
late,cage,0,8,resnet,False,none,lr,0.0001,0.0001,32,4,0.6576,0.6916,0.6984,0.5957,0.5224,nan,nan,nan,nan,0
late,cage,0,8,resnet,False,none,lr,0.0001,0.0001,32,5,0.6062,0.6886,0.7577,0.4681,0.5577,nan,nan,nan,nan,1
late,cage,0,8,resnet,False,none,lr,0.0001,0.0001,32,6,0.5435,0.7083,0.9172,0.4043,0.5994,0.6613,0.8673,0.3721,0.7619,1
late,cage,0,8,resnet,False,none,lr,0.0001,0.0001,32,7,0.4726,0.8392,0.7360,0.8085,0.4359,nan,nan,nan,nan,0
late,cage,0,8,resnet,False,none,lr,0.0001,0.0001,32,8,0.4191,0.8782,0.7621,0.7660,0.5769,nan,nan,nan,nan,0
late,cage,0,8,resnet,False,none,lr,0.0001,0.0001,32,9,0.3899,1.0737,0.7947,0.8085,0.5705,nan,nan,nan,nan,0
late,cage,0,8,resnet,False,none,lr,0.0001,0.0001,32,10,0.3311,1.2372,0.9092,0.7872,0.4712,nan,nan,nan,nan,0
late,cage,0,8,resnet,False,none,lr,0.0001,0.0001,32,11,0.2831,1.1791,1.0642,0.7234,0.5064,nan,nan,nan,nan,0
late,cage,0,8,resnet,False,none,lr,0.0001,0.0001,32,12,0.2503,1.1147,1.0332,0.7234,0.5064,nan,nan,nan,nan,0
late,cage,0,8,resnet,False,none,lr,0.0001,0.0001,32,13,0.2317,1.4109,1.1027,0.7872,0.5192,nan,nan,nan,nan,0
late,cage,0,8,resnet,False,none,lr,0.0001,0.0001,32,14,0.1937,1.7804,1.3176,0.7660,0.4295,nan,nan,nan,nan,0
late,cage,0,8,resnet,False,none,lr,0.0001,0.0001,32,15,0.1689,1.3106,1.2077,0.7872,0.5417,nan,nan,nan,nan,0
late,cage,0,8,resnet,False,none,lr,0.0001,0.0001,32,16,0.1440,1.4838,1.3286,0.7660,0.5064,nan,nan,nan,nan,0
late,cage,0,9,resnet,False,none,lr,0.0001,0.0001,32,1,0.6892,0.6559,0.7080,0.3810,0.6970,nan,nan,nan,nan,0
late,cage,0,9,resnet,False,none,lr,0.0001,0.0001,32,2,0.6741,0.6744,0.7577,0.3571,0.5623,nan,nan,nan,nan,0
late,cage,0,9,resnet,False,none,lr,0.0001,0.0001,32,3,0.6381,0.7101,0.8053,0.5952,0.5286,nan,nan,nan,nan,0
late,cage,0,9,resnet,False,none,lr,0.0001,0.0001,32,4,0.5700,0.8350,0.7718,0.6429,0.5589,nan,nan,nan,nan,0
late,cage,0,9,resnet,False,none,lr,0.0001,0.0001,32,5,0.4855,0.9227,0.8444,0.6667,0.4949,0.6845,0.6624,0.7907,0.7024,1
late,cage,0,9,resnet,False,none,lr,0.0001,0.0001,32,6,0.4029,0.7660,1.0062,0.4762,0.5455,nan,nan,nan,nan,0
late,cage,0,9,resnet,False,none,lr,0.0001,0.0001,32,7,0.3284,1.0027,0.9419,0.7381,0.5690,nan,nan,nan,nan,0
late,cage,0,9,resnet,False,none,lr,0.0001,0.0001,32,8,0.2804,1.4291,1.1334,0.7143,0.5118,nan,nan,nan,nan,0
late,cage,0,9,resnet,False,none,lr,0.0001,0.0001,32,9,0.2522,1.8191,1.2390,0.7857,0.5758,nan,nan,nan,nan,0
late,cage,0,9,resnet,False,none,lr,0.0001,0.0001,32,10,0.1790,1.1100,1.6620,0.5952,0.5185,nan,nan,nan,nan,0
late,cage,0,9,resnet,False,none,lr,0.0001,0.0001,32,11,0.1876,1.5159,1.2798,0.7143,0.5556,nan,nan,nan,nan,0
late,cage,0,9,resnet,False,none,lr,0.0001,0.0001,32,12,0.1373,2.0415,1.4895,0.7619,0.5690,nan,nan,nan,nan,0
late,cage,0,9,resnet,False,none,lr,0.0001,0.0001,32,13,0.1246,2.0892,1.5820,0.7143,0.4983,nan,nan,nan,nan,0
late,cage,0,9,resnet,False,none,lr,0.0001,0.0001,32,14,0.1026,2.1544,1.6849,0.7143,0.5354,nan,nan,nan,nan,0
late,cage,0,9,resnet,False,none,lr,0.0001,0.0001,32,15,0.0973,1.6395,1.5566,0.7381,0.5556,nan,nan,nan,nan,0
late,cage,0,9,resnet,False,none,lr,0.0001,0.0001,32,16,0.0927,2.1415,1.7430,0.7381,0.5051,nan,nan,nan,nan,0
late,cage,1,0,resnet,False,none,lr,0.0001,0.0001,32,1,0.6991,0.7264,0.6496,0.8372,0.3651,nan,nan,nan,nan,0
late,cage,1,0,resnet,False,none,lr,0.0001,0.0001,32,2,0.6836,0.6973,0.6884,0.6047,0.4563,nan,nan,nan,nan,0
late,cage,1,0,resnet,False,none,lr,0.0001,0.0001,32,3,0.6668,0.7665,0.6262,0.8372,0.5119,nan,nan,nan,nan,0
late,cage,1,0,resnet,False,none,lr,0.0001,0.0001,32,4,0.6299,0.5885,0.5896,0.8140,0.8373,nan,nan,nan,nan,0
late,cage,1,0,resnet,False,none,lr,0.0001,0.0001,32,5,0.5665,0.5619,0.5942,0.8605,0.8849,nan,nan,nan,nan,1
late,cage,1,0,resnet,False,none,lr,0.0001,0.0001,32,6,0.5072,0.5716,0.7163,0.6744,0.8016,nan,nan,nan,nan,1
late,cage,1,0,resnet,False,none,lr,0.0001,0.0001,32,7,0.4439,0.7154,0.8983,0.4419,0.5714,nan,nan,nan,nan,1
late,cage,1,0,resnet,False,none,lr,0.0001,0.0001,32,8,0.3807,0.8474,0.8331,0.7209,0.5754,0.6977,0.7913,0.7209,0.6429,1
late,cage,1,0,resnet,False,none,lr,0.0001,0.0001,32,9,0.3455,1.1234,0.9483,0.8372,0.5873,nan,nan,nan,nan,0
late,cage,1,0,resnet,False,none,lr,0.0001,0.0001,32,10,0.2890,0.8624,0.8853,0.8372,0.7222,nan,nan,nan,nan,0
late,cage,1,0,resnet,False,none,lr,0.0001,0.0001,32,11,0.2501,0.8154,0.9447,0.7674,0.6865,nan,nan,nan,nan,0
late,cage,1,0,resnet,False,none,lr,0.0001,0.0001,32,12,0.2146,1.1882,1.0808,0.7907,0.5635,nan,nan,nan,nan,0
late,cage,1,0,resnet,False,none,lr,0.0001,0.0001,32,13,0.1987,1.6313,1.2943,0.8140,0.6151,nan,nan,nan,nan,0
late,cage,1,0,resnet,False,none,lr,0.0001,0.0001,32,14,0.1875,1.1702,1.1996,0.7907,0.6587,nan,nan,nan,nan,0
late,cage,1,0,resnet,False,none,lr,0.0001,0.0001,32,15,0.1436,1.2873,1.2969,0.7907,0.6190,nan,nan,nan,nan,0
late,cage,1,0,resnet,False,none,lr,0.0001,0.0001,32,16,0.1511,1.6601,1.2622,0.8140,0.5873,nan,nan,nan,nan,0
late,cage,1,2,resnet,False,none,lr,0.0001,0.0001,32,1,0.6962,0.6865,0.6955,0.5238,0.5809,nan,nan,nan,nan,0
late,cage,1,2,resnet,False,none,lr,0.0001,0.0001,32,2,0.6842,0.6705,0.6877,0.5714,0.6912,nan,nan,nan,nan,0
late,cage,1,2,resnet,False,none,lr,0.0001,0.0001,32,3,0.6541,0.6526,0.6571,0.7857,0.8051,nan,nan,nan,nan,0
late,cage,1,2,resnet,False,none,lr,0.0001,0.0001,32,4,0.5989,0.6780,0.6412,0.7857,0.7316,nan,nan,nan,nan,0
late,cage,1,2,resnet,False,none,lr,0.0001,0.0001,32,5,0.5216,0.7744,0.6479,0.7381,0.7096,nan,nan,nan,nan,1
late,cage,1,2,resnet,False,none,lr,0.0001,0.0001,32,6,0.4569,0.7421,0.8914,0.6190,0.6066,nan,nan,nan,nan,1
late,cage,1,2,resnet,False,none,lr,0.0001,0.0001,32,7,0.4095,1.0453,0.7993,0.8095,0.7647,nan,nan,nan,nan,1
late,cage,1,2,resnet,False,none,lr,0.0001,0.0001,32,8,0.3270,0.9983,0.8639,0.8095,0.6801,nan,nan,nan,nan,0
late,cage,1,2,resnet,False,none,lr,0.0001,0.0001,32,9,0.2948,0.7419,0.8398,0.7857,0.7316,nan,nan,nan,nan,0
late,cage,1,2,resnet,False,none,lr,0.0001,0.0001,32,10,0.2684,0.8155,0.9495,0.7619,0.7022,nan,nan,nan,nan,0
late,cage,1,2,resnet,False,none,lr,0.0001,0.0001,32,11,0.2119,1.0992,1.0555,0.7857,0.7096,nan,nan,nan,nan,0
late,cage,1,2,resnet,False,none,lr,0.0001,0.0001,32,12,0.1971,1.0005,1.0256,0.7619,0.7096,nan,nan,nan,nan,0
late,cage,1,2,resnet,False,none,lr,0.0001,0.0001,32,13,0.1490,1.0205,1.0983,0.8095,0.7647,nan,nan,nan,nan,0
late,cage,1,2,resnet,False,none,lr,0.0001,0.0001,32,14,0.1279,1.1252,1.2482,0.7143,0.7132,nan,nan,nan,nan,0
late,cage,1,2,resnet,False,none,lr,0.0001,0.0001,32,15,0.1423,0.9192,1.2746,0.7381,0.6875,nan,nan,nan,nan,0
late,cage,1,2,resnet,False,none,lr,0.0001,0.0001,32,16,0.1425,1.3171,1.2151,0.8095,0.7941,1.5245,1.2574,0.7907,0.6429,1
late,cage,1,2,resnet,False,none,lr,0.0001,0.0001,32,17,0.1019,1.1714,1.2828,0.7857,0.7243,nan,nan,nan,nan,0
late,cage,1,2,resnet,False,none,lr,0.0001,0.0001,32,18,0.0882,1.5458,1.5299,0.7857,0.6728,nan,nan,nan,nan,0
late,cage,1,2,resnet,False,none,lr,0.0001,0.0001,32,19,0.0881,1.6957,1.3584,0.8095,0.7721,nan,nan,nan,nan,0
late,cage,1,2,resnet,False,none,lr,0.0001,0.0001,32,20,0.0648,2.2520,1.7247,0.8095,0.6618,nan,nan,nan,nan,0
late,cage,1,2,resnet,False,none,lr,0.0001,0.0001,32,21,0.0715,1.5899,1.5283,0.7857,0.7463,nan,nan,nan,nan,0
late,cage,1,3,resnet,False,none,lr,0.0001,0.0001,32,1,0.6933,0.6905,0.6759,0.7619,0.5429,nan,nan,nan,nan,0
late,cage,1,3,resnet,False,none,lr,0.0001,0.0001,32,2,0.6854,0.6976,0.6382,0.8333,0.5184,nan,nan,nan,nan,0
late,cage,1,3,resnet,False,none,lr,0.0001,0.0001,32,3,0.6593,0.6785,0.6879,0.6905,0.6163,nan,nan,nan,nan,0
late,cage,1,3,resnet,False,none,lr,0.0001,0.0001,32,4,0.6009,0.7272,0.6276,0.7857,0.6490,nan,nan,nan,nan,0
late,cage,1,3,resnet,False,none,lr,0.0001,0.0001,32,5,0.5183,0.6863,0.9363,0.5714,0.6694,nan,nan,nan,nan,1
late,cage,1,3,resnet,False,none,lr,0.0001,0.0001,32,6,0.4422,0.9412,0.7222,0.8095,0.6898,nan,nan,nan,nan,1
late,cage,1,3,resnet,False,none,lr,0.0001,0.0001,32,7,0.3979,0.6851,0.8079,0.6667,0.6286,nan,nan,nan,nan,1
late,cage,1,3,resnet,False,none,lr,0.0001,0.0001,32,8,0.3300,1.0428,0.8653,0.7857,0.6408,nan,nan,nan,nan,0
late,cage,1,3,resnet,False,none,lr,0.0001,0.0001,32,9,0.2866,1.3058,0.9904,0.8095,0.6408,nan,nan,nan,nan,0
late,cage,1,3,resnet,False,none,lr,0.0001,0.0001,32,10,0.2473,0.8338,0.9077,0.7857,0.7143,1.1814,1.0063,0.8837,0.5198,1
late,cage,1,3,resnet,False,none,lr,0.0001,0.0001,32,11,0.2130,0.9988,1.0208,0.7857,0.6122,nan,nan,nan,nan,0
late,cage,1,3,resnet,False,none,lr,0.0001,0.0001,32,12,0.1814,1.1438,1.1990,0.7619,0.5837,nan,nan,nan,nan,0
late,cage,1,3,resnet,False,none,lr,0.0001,0.0001,32,13,0.1434,1.0434,1.2389,0.7619,0.6163,nan,nan,nan,nan,0
late,cage,1,3,resnet,False,none,lr,0.0001,0.0001,32,14,0.1393,0.8194,1.3812,0.6905,0.6816,nan,nan,nan,nan,0
late,cage,1,3,resnet,False,none,lr,0.0001,0.0001,32,15,0.1328,1.7951,1.3586,0.8333,0.5714,nan,nan,nan,nan,0
late,cage,1,3,resnet,False,none,lr,0.0001,0.0001,32,16,0.1004,1.5676,1.3093,0.8095,0.6000,nan,nan,nan,nan,0
late,cage,1,4,resnet,False,none,lr,0.0001,0.0001,32,1,0.6973,0.6608,0.6611,0.7674,0.7786,nan,nan,nan,nan,0
late,cage,1,4,resnet,False,none,lr,0.0001,0.0001,32,2,0.6747,0.6741,0.6686,0.7209,0.6679,nan,nan,nan,nan,0
late,cage,1,4,resnet,False,none,lr,0.0001,0.0001,32,3,0.6505,0.6500,0.6319,0.8605,0.7393,nan,nan,nan,nan,0
late,cage,1,4,resnet,False,none,lr,0.0001,0.0001,32,4,0.5847,0.7340,0.6559,0.8140,0.6821,nan,nan,nan,nan,0
late,cage,1,4,resnet,False,none,lr,0.0001,0.0001,32,5,0.5194,0.6401,0.7028,0.6047,0.6500,0.6473,0.7154,0.6744,0.6587,1
late,cage,1,4,resnet,False,none,lr,0.0001,0.0001,32,6,0.4367,1.2400,0.9938,0.8140,0.5679,nan,nan,nan,nan,0
late,cage,1,4,resnet,False,none,lr,0.0001,0.0001,32,7,0.3853,0.9410,0.8539,0.8140,0.7107,nan,nan,nan,nan,0
late,cage,1,4,resnet,False,none,lr,0.0001,0.0001,32,8,0.3225,0.7477,0.7813,0.8372,0.7929,nan,nan,nan,nan,0
late,cage,1,4,resnet,False,none,lr,0.0001,0.0001,32,9,0.2806,0.9293,0.9358,0.8140,0.6679,nan,nan,nan,nan,0
late,cage,1,4,resnet,False,none,lr,0.0001,0.0001,32,10,0.2201,1.3713,1.2340,0.8372,0.6250,nan,nan,nan,nan,0
late,cage,1,4,resnet,False,none,lr,0.0001,0.0001,32,11,0.2139,0.8179,1.1886,0.6512,0.6321,nan,nan,nan,nan,0
late,cage,1,4,resnet,False,none,lr,0.0001,0.0001,32,12,0.1675,1.6930,1.3830,0.8140,0.6536,nan,nan,nan,nan,0
late,cage,1,4,resnet,False,none,lr,0.0001,0.0001,32,13,0.1328,0.8591,1.0697,0.7209,0.7679,nan,nan,nan,nan,0
late,cage,1,4,resnet,False,none,lr,0.0001,0.0001,32,14,0.1209,1.4784,1.3684,0.8140,0.6607,nan,nan,nan,nan,0
late,cage,1,4,resnet,False,none,lr,0.0001,0.0001,32,15,0.1107,1.5360,1.6051,0.8140,0.6071,nan,nan,nan,nan,0
late,cage,1,4,resnet,False,none,lr,0.0001,0.0001,32,16,0.0993,1.6095,1.6479,0.7907,0.7393,nan,nan,nan,nan,0
late,cage,1,5,resnet,False,none,lr,0.0001,0.0001,32,1,0.6964,0.6953,0.6975,0.3750,0.4086,nan,nan,nan,nan,0
late,cage,1,5,resnet,False,none,lr,0.0001,0.0001,32,2,0.6837,0.7088,0.6993,0.5000,0.3692,nan,nan,nan,nan,0
late,cage,1,5,resnet,False,none,lr,0.0001,0.0001,32,3,0.6534,0.8035,0.6705,0.7750,0.4122,nan,nan,nan,nan,0
late,cage,1,5,resnet,False,none,lr,0.0001,0.0001,32,4,0.5772,0.7616,0.7294,0.6250,0.5018,nan,nan,nan,nan,0
late,cage,1,5,resnet,False,none,lr,0.0001,0.0001,32,5,0.5036,0.9723,0.8100,0.7250,0.4659,nan,nan,nan,nan,1
late,cage,1,5,resnet,False,none,lr,0.0001,0.0001,32,6,0.4422,0.8889,0.9603,0.4750,0.4265,nan,nan,nan,nan,0
late,cage,1,5,resnet,False,none,lr,0.0001,0.0001,32,7,0.3740,1.2241,1.0010,0.7500,0.4014,nan,nan,nan,nan,1
late,cage,1,5,resnet,False,none,lr,0.0001,0.0001,32,8,0.3154,1.2091,0.9884,0.7500,0.4731,nan,nan,nan,nan,1
late,cage,1,5,resnet,False,none,lr,0.0001,0.0001,32,9,0.2809,1.0295,0.9510,0.6750,0.5269,nan,nan,nan,nan,1
late,cage,1,5,resnet,False,none,lr,0.0001,0.0001,32,10,0.2239,0.8735,1.0275,0.6500,0.5842,nan,nan,nan,nan,1
late,cage,1,5,resnet,False,none,lr,0.0001,0.0001,32,11,0.1764,1.8689,1.4907,0.7750,0.4552,nan,nan,nan,nan,1
late,cage,1,5,resnet,False,none,lr,0.0001,0.0001,32,12,0.1610,2.2894,1.6214,0.7750,0.4516,nan,nan,nan,nan,1
late,cage,1,5,resnet,False,none,lr,0.0001,0.0001,32,13,0.1421,1.9625,1.5302,0.7500,0.5054,1.2762,1.0320,0.8372,0.6270,1
late,cage,1,5,resnet,False,none,lr,0.0001,0.0001,32,14,0.1422,1.3937,1.4701,0.5500,0.4229,nan,nan,nan,nan,0
late,cage,1,5,resnet,False,none,lr,0.0001,0.0001,32,15,0.1322,2.2693,1.5756,0.7750,0.5412,nan,nan,nan,nan,0
late,cage,1,5,resnet,False,none,lr,0.0001,0.0001,32,16,0.0943,1.8972,1.5900,0.7500,0.5090,nan,nan,nan,nan,0
late,cage,1,5,resnet,False,none,lr,0.0001,0.0001,32,17,0.0890,2.1143,1.7597,0.6750,0.4910,nan,nan,nan,nan,0
late,cage,1,5,resnet,False,none,lr,0.0001,0.0001,32,18,0.0884,1.3214,1.6331,0.6000,0.5412,nan,nan,nan,nan,0
late,cage,1,6,resnet,False,none,lr,0.0001,0.0001,32,1,0.7038,0.6993,0.6836,0.6585,0.4429,nan,nan,nan,nan,0
late,cage,1,6,resnet,False,none,lr,0.0001,0.0001,32,2,0.6822,0.6940,0.6664,0.7805,0.4619,nan,nan,nan,nan,0
late,cage,1,6,resnet,False,none,lr,0.0001,0.0001,32,3,0.6538,0.7157,0.7128,0.5366,0.4190,nan,nan,nan,nan,0
late,cage,1,6,resnet,False,none,lr,0.0001,0.0001,32,4,0.6103,0.7284,0.7034,0.7561,0.5048,nan,nan,nan,nan,0
late,cage,1,6,resnet,False,none,lr,0.0001,0.0001,32,5,0.5342,0.7326,0.7659,0.6098,0.4571,nan,nan,nan,nan,1
late,cage,1,6,resnet,False,none,lr,0.0001,0.0001,32,6,0.4628,0.9656,0.9867,0.5610,0.3905,nan,nan,nan,nan,0
late,cage,1,6,resnet,False,none,lr,0.0001,0.0001,32,7,0.3958,1.0657,0.9269,0.7805,0.5190,nan,nan,nan,nan,0
late,cage,1,6,resnet,False,none,lr,0.0001,0.0001,32,8,0.3582,1.3798,1.2444,0.7073,0.3619,nan,nan,nan,nan,0
late,cage,1,6,resnet,False,none,lr,0.0001,0.0001,32,9,0.2855,1.1632,1.1284,0.7317,0.5000,nan,nan,nan,nan,0
late,cage,1,6,resnet,False,none,lr,0.0001,0.0001,32,10,0.2617,1.5988,1.2816,0.7805,0.4381,nan,nan,nan,nan,0
late,cage,1,6,resnet,False,none,lr,0.0001,0.0001,32,11,0.2329,1.2438,1.3845,0.6341,0.4857,nan,nan,nan,nan,0
late,cage,1,6,resnet,False,none,lr,0.0001,0.0001,32,12,0.1843,1.1565,1.1360,0.6829,0.5571,nan,nan,nan,nan,1
late,cage,1,6,resnet,False,none,lr,0.0001,0.0001,32,13,0.1835,1.3031,1.8134,0.5122,0.3905,0.7800,1.3964,0.5581,0.6667,1
late,cage,1,6,resnet,False,none,lr,0.0001,0.0001,32,14,0.1669,1.6400,1.6926,0.6829,0.4190,nan,nan,nan,nan,0
late,cage,1,6,resnet,False,none,lr,0.0001,0.0001,32,15,0.1263,1.5005,1.5342,0.7073,0.5095,nan,nan,nan,nan,0
late,cage,1,6,resnet,False,none,lr,0.0001,0.0001,32,16,0.1400,2.3200,1.7242,0.8049,0.4571,nan,nan,nan,nan,0
late,cage,1,6,resnet,False,none,lr,0.0001,0.0001,32,17,0.1058,1.9800,1.7466,0.7561,0.4143,nan,nan,nan,nan,0
late,cage,1,6,resnet,False,none,lr,0.0001,0.0001,32,18,0.1028,2.3551,1.8208,0.8293,0.4381,nan,nan,nan,nan,0
late,cage,1,7,resnet,False,none,lr,0.0001,0.0001,32,1,0.7005,0.7061,0.7207,0.1818,0.3125,nan,nan,nan,nan,0
late,cage,1,7,resnet,False,none,lr,0.0001,0.0001,32,2,0.6848,0.6933,0.6703,0.7727,0.4896,nan,nan,nan,nan,0
late,cage,1,7,resnet,False,none,lr,0.0001,0.0001,32,3,0.6585,0.7187,0.7659,0.3864,0.3958,nan,nan,nan,nan,0
late,cage,1,7,resnet,False,none,lr,0.0001,0.0001,32,4,0.6065,0.6876,0.8096,0.4091,0.5521,nan,nan,nan,nan,0
late,cage,1,7,resnet,False,none,lr,0.0001,0.0001,32,5,0.5293,0.7724,0.6142,0.7955,0.6840,nan,nan,nan,nan,1
late,cage,1,7,resnet,False,none,lr,0.0001,0.0001,32,6,0.4703,0.6870,0.6802,0.7727,0.6875,nan,nan,nan,nan,1
late,cage,1,7,resnet,False,none,lr,0.0001,0.0001,32,7,0.4083,0.6632,0.8313,0.5909,0.6597,nan,nan,nan,nan,1
late,cage,1,7,resnet,False,none,lr,0.0001,0.0001,32,8,0.3607,0.8863,0.7043,0.8182,0.6979,nan,nan,nan,nan,1
late,cage,1,7,resnet,False,none,lr,0.0001,0.0001,32,9,0.3005,0.8384,0.7273,0.7955,0.7569,nan,nan,nan,nan,1
late,cage,1,7,resnet,False,none,lr,0.0001,0.0001,32,10,0.2560,0.8616,0.8805,0.7955,0.7222,nan,nan,nan,nan,1
late,cage,1,7,resnet,False,none,lr,0.0001,0.0001,32,11,0.2415,0.7907,0.8407,0.8409,0.8125,nan,nan,nan,nan,1
late,cage,1,7,resnet,False,none,lr,0.0001,0.0001,32,12,0.1976,1.8849,1.1924,0.8182,0.7083,nan,nan,nan,nan,1
late,cage,1,7,resnet,False,none,lr,0.0001,0.0001,32,13,0.1536,0.8249,1.0871,0.8864,0.7500,nan,nan,nan,nan,1
late,cage,1,7,resnet,False,none,lr,0.0001,0.0001,32,14,0.1643,0.9528,1.0053,0.7727,0.6875,nan,nan,nan,nan,0
late,cage,1,7,resnet,False,none,lr,0.0001,0.0001,32,15,0.1188,0.9405,1.0060,0.8636,0.8438,1.3453,1.2462,0.8140,0.5873,1
late,cage,1,7,resnet,False,none,lr,0.0001,0.0001,32,16,0.1100,1.1520,1.0130,0.8409,0.7812,nan,nan,nan,nan,0
late,cage,1,7,resnet,False,none,lr,0.0001,0.0001,32,17,0.1061,1.3477,1.2947,0.8636,0.6528,nan,nan,nan,nan,0
late,cage,1,7,resnet,False,none,lr,0.0001,0.0001,32,18,0.0909,1.9165,1.3463,0.8182,0.6597,nan,nan,nan,nan,0
late,cage,1,7,resnet,False,none,lr,0.0001,0.0001,32,19,0.0945,1.0744,0.9811,0.8182,0.8160,nan,nan,nan,nan,0
late,cage,1,7,resnet,False,none,lr,0.0001,0.0001,32,20,0.0747,1.0766,1.1626,0.8409,0.7778,nan,nan,nan,nan,0
late,cage,1,8,resnet,False,none,lr,0.0001,0.0001,32,1,0.7004,0.6970,0.6738,0.7021,0.4936,nan,nan,nan,nan,0
late,cage,1,8,resnet,False,none,lr,0.0001,0.0001,32,2,0.6753,0.6925,0.6940,0.6383,0.5865,nan,nan,nan,nan,0
late,cage,1,8,resnet,False,none,lr,0.0001,0.0001,32,3,0.6284,0.7608,0.9814,0.2979,0.5224,nan,nan,nan,nan,0
late,cage,1,8,resnet,False,none,lr,0.0001,0.0001,32,4,0.5528,0.7772,0.6716,0.8085,0.5801,nan,nan,nan,nan,0
late,cage,1,8,resnet,False,none,lr,0.0001,0.0001,32,5,0.4881,0.8747,0.7359,0.8298,0.5577,nan,nan,nan,nan,1
late,cage,1,8,resnet,False,none,lr,0.0001,0.0001,32,6,0.4194,0.8157,0.7911,0.8085,0.5897,nan,nan,nan,nan,1
late,cage,1,8,resnet,False,none,lr,0.0001,0.0001,32,7,0.3562,1.1054,0.7844,0.8511,0.5737,nan,nan,nan,nan,0
late,cage,1,8,resnet,False,none,lr,0.0001,0.0001,32,8,0.2923,1.1192,0.9501,0.7447,0.5833,nan,nan,nan,nan,1
late,cage,1,8,resnet,False,none,lr,0.0001,0.0001,32,9,0.2609,1.3485,1.0278,0.8511,0.5321,nan,nan,nan,nan,0
late,cage,1,8,resnet,False,none,lr,0.0001,0.0001,32,10,0.2088,1.4908,1.1323,0.7660,0.6122,nan,nan,nan,nan,0
late,cage,1,8,resnet,False,none,lr,0.0001,0.0001,32,11,0.1687,0.9932,1.3325,0.7234,0.6218,0.6478,1.1867,0.6047,0.7063,1
late,cage,1,8,resnet,False,none,lr,0.0001,0.0001,32,12,0.1708,1.4309,1.1968,0.7234,0.5449,nan,nan,nan,nan,0
late,cage,1,8,resnet,False,none,lr,0.0001,0.0001,32,13,0.1330,1.2769,1.2782,0.7660,0.5769,nan,nan,nan,nan,0
late,cage,1,8,resnet,False,none,lr,0.0001,0.0001,32,14,0.1214,1.2481,1.4655,0.7447,0.5513,nan,nan,nan,nan,0
late,cage,1,8,resnet,False,none,lr,0.0001,0.0001,32,15,0.1153,1.6094,1.3285,0.8085,0.6314,nan,nan,nan,nan,0
late,cage,1,8,resnet,False,none,lr,0.0001,0.0001,32,16,0.0814,2.1117,1.4287,0.8085,0.5769,nan,nan,nan,nan,0
late,cage,1,9,resnet,False,none,lr,0.0001,0.0001,32,1,0.6963,0.6768,0.6760,0.6667,0.7407,nan,nan,nan,nan,0
late,cage,1,9,resnet,False,none,lr,0.0001,0.0001,32,2,0.6829,0.6983,0.6808,0.6667,0.5320,nan,nan,nan,nan,0
late,cage,1,9,resnet,False,none,lr,0.0001,0.0001,32,3,0.6393,0.6897,0.7072,0.6190,0.5993,nan,nan,nan,nan,0
late,cage,1,9,resnet,False,none,lr,0.0001,0.0001,32,4,0.5698,0.6954,0.9550,0.3810,0.5758,nan,nan,nan,nan,0
late,cage,1,9,resnet,False,none,lr,0.0001,0.0001,32,5,0.4942,0.8405,0.9872,0.4524,0.4815,0.6924,0.7827,0.5814,0.5714,1
late,cage,1,9,resnet,False,none,lr,0.0001,0.0001,32,6,0.4269,1.2667,0.9270,0.7619,0.4714,nan,nan,nan,nan,0
late,cage,1,9,resnet,False,none,lr,0.0001,0.0001,32,7,0.3482,0.8802,1.4772,0.3571,0.4646,nan,nan,nan,nan,0
late,cage,1,9,resnet,False,none,lr,0.0001,0.0001,32,8,0.3120,1.3512,1.1678,0.6905,0.4007,nan,nan,nan,nan,0
late,cage,1,9,resnet,False,none,lr,0.0001,0.0001,32,9,0.2556,1.6552,1.3601,0.6429,0.4680,nan,nan,nan,nan,0
late,cage,1,9,resnet,False,none,lr,0.0001,0.0001,32,10,0.2125,2.0862,1.3532,0.7857,0.3872,nan,nan,nan,nan,0
late,cage,1,9,resnet,False,none,lr,0.0001,0.0001,32,11,0.1886,1.2954,1.3950,0.5952,0.4747,nan,nan,nan,nan,0
late,cage,1,9,resnet,False,none,lr,0.0001,0.0001,32,12,0.1340,1.9360,1.7654,0.6190,0.4545,nan,nan,nan,nan,0
late,cage,1,9,resnet,False,none,lr,0.0001,0.0001,32,13,0.1313,1.7948,1.6592,0.6429,0.4815,nan,nan,nan,nan,0
late,cage,1,9,resnet,False,none,lr,0.0001,0.0001,32,14,0.1294,2.2166,1.6155,0.7619,0.5185,nan,nan,nan,nan,0
late,cage,1,9,resnet,False,none,lr,0.0001,0.0001,32,15,0.0997,2.1863,1.6859,0.7143,0.4983,nan,nan,nan,nan,0
late,cage,1,9,resnet,False,none,lr,0.0001,0.0001,32,16,0.0980,2.1326,1.5696,0.7143,0.5084,nan,nan,nan,nan,0
late,cage,2,0,resnet,False,none,lr,0.0001,0.0001,32,1,0.6947,0.6937,0.7209,0.2558,0.5635,nan,nan,nan,nan,0
late,cage,2,0,resnet,False,none,lr,0.0001,0.0001,32,2,0.6789,0.7103,0.7881,0.1628,0.7024,nan,nan,nan,nan,0
late,cage,2,0,resnet,False,none,lr,0.0001,0.0001,32,3,0.6536,0.7531,0.6306,0.8372,0.7024,nan,nan,nan,nan,0
late,cage,2,0,resnet,False,none,lr,0.0001,0.0001,32,4,0.6095,0.6272,0.7043,0.7209,0.7460,nan,nan,nan,nan,0
late,cage,2,0,resnet,False,none,lr,0.0001,0.0001,32,5,0.5397,0.7219,0.6636,0.8605,0.7341,nan,nan,nan,nan,1
late,cage,2,0,resnet,False,none,lr,0.0001,0.0001,32,6,0.4851,0.7189,0.6536,0.8372,0.7183,nan,nan,nan,nan,1
late,cage,2,0,resnet,False,none,lr,0.0001,0.0001,32,7,0.4013,0.7854,0.7503,0.8372,0.8135,0.9072,0.7433,0.8095,0.7831,1
late,cage,2,0,resnet,False,none,lr,0.0001,0.0001,32,8,0.3431,1.0398,0.8747,0.8372,0.6746,nan,nan,nan,nan,0
late,cage,2,0,resnet,False,none,lr,0.0001,0.0001,32,9,0.2993,0.8979,1.0227,0.7674,0.6429,nan,nan,nan,nan,0
late,cage,2,0,resnet,False,none,lr,0.0001,0.0001,32,10,0.2398,1.0350,1.0140,0.7907,0.7262,nan,nan,nan,nan,0
late,cage,2,0,resnet,False,none,lr,0.0001,0.0001,32,11,0.2216,1.3057,1.0337,0.8372,0.7381,nan,nan,nan,nan,0
late,cage,2,0,resnet,False,none,lr,0.0001,0.0001,32,12,0.1843,1.2439,1.1337,0.8372,0.7857,nan,nan,nan,nan,0
late,cage,2,0,resnet,False,none,lr,0.0001,0.0001,32,13,0.1548,1.5124,1.2621,0.8372,0.6230,nan,nan,nan,nan,0
late,cage,2,0,resnet,False,none,lr,0.0001,0.0001,32,14,0.1366,1.5520,1.3414,0.7674,0.5754,nan,nan,nan,nan,0
late,cage,2,0,resnet,False,none,lr,0.0001,0.0001,32,15,0.1220,1.8140,1.4052,0.8372,0.6587,nan,nan,nan,nan,0
late,cage,2,0,resnet,False,none,lr,0.0001,0.0001,32,16,0.0956,1.3142,1.2838,0.8372,0.7460,nan,nan,nan,nan,0
late,cage,2,1,resnet,False,none,lr,0.0001,0.0001,32,1,0.7036,0.6994,0.6264,0.8372,0.5833,nan,nan,nan,nan,0
late,cage,2,1,resnet,False,none,lr,0.0001,0.0001,32,2,0.6823,0.6776,0.6990,0.5814,0.7222,nan,nan,nan,nan,0
late,cage,2,1,resnet,False,none,lr,0.0001,0.0001,32,3,0.6566,0.6518,0.6231,0.7209,0.6746,nan,nan,nan,nan,0
late,cage,2,1,resnet,False,none,lr,0.0001,0.0001,32,4,0.5960,0.6577,0.6771,0.6512,0.6349,nan,nan,nan,nan,0
late,cage,2,1,resnet,False,none,lr,0.0001,0.0001,32,5,0.5379,0.7450,0.9436,0.3256,0.6429,0.7441,0.9363,0.3571,0.5956,1
late,cage,2,1,resnet,False,none,lr,0.0001,0.0001,32,6,0.4590,0.7327,0.8945,0.4186,0.5992,nan,nan,nan,nan,0
late,cage,2,1,resnet,False,none,lr,0.0001,0.0001,32,7,0.4216,0.8700,0.7073,0.7907,0.6310,nan,nan,nan,nan,0
late,cage,2,1,resnet,False,none,lr,0.0001,0.0001,32,8,0.3699,1.0016,0.7217,0.8140,0.7183,nan,nan,nan,nan,0
late,cage,2,1,resnet,False,none,lr,0.0001,0.0001,32,9,0.3195,1.1919,0.9460,0.8372,0.5992,nan,nan,nan,nan,0
late,cage,2,1,resnet,False,none,lr,0.0001,0.0001,32,10,0.2597,0.8639,1.0194,0.6512,0.6032,nan,nan,nan,nan,0
late,cage,2,1,resnet,False,none,lr,0.0001,0.0001,32,11,0.2398,1.4135,0.9833,0.8140,0.5794,nan,nan,nan,nan,0
late,cage,2,1,resnet,False,none,lr,0.0001,0.0001,32,12,0.1997,1.0550,1.0244,0.8140,0.6230,nan,nan,nan,nan,0
late,cage,2,1,resnet,False,none,lr,0.0001,0.0001,32,13,0.1620,1.0796,1.0512,0.7674,0.6508,nan,nan,nan,nan,0
late,cage,2,1,resnet,False,none,lr,0.0001,0.0001,32,14,0.1514,1.6064,1.1070,0.8140,0.6667,nan,nan,nan,nan,0
late,cage,2,1,resnet,False,none,lr,0.0001,0.0001,32,15,0.1324,1.5771,1.2562,0.8140,0.6389,nan,nan,nan,nan,0
late,cage,2,1,resnet,False,none,lr,0.0001,0.0001,32,16,0.1314,1.2920,1.2090,0.8140,0.6468,nan,nan,nan,nan,0
late,cage,2,3,resnet,False,none,lr,0.0001,0.0001,32,1,0.6971,0.6905,0.7013,0.3095,0.5265,nan,nan,nan,nan,0
late,cage,2,3,resnet,False,none,lr,0.0001,0.0001,32,2,0.6795,0.7151,0.7642,0.2143,0.4816,nan,nan,nan,nan,0
late,cage,2,3,resnet,False,none,lr,0.0001,0.0001,32,3,0.6470,0.6979,0.6355,0.7857,0.5837,nan,nan,nan,nan,0
late,cage,2,3,resnet,False,none,lr,0.0001,0.0001,32,4,0.5887,0.6644,0.7334,0.5476,0.6122,nan,nan,nan,nan,0
late,cage,2,3,resnet,False,none,lr,0.0001,0.0001,32,5,0.5130,0.7723,0.7152,0.7381,0.6204,nan,nan,nan,nan,1
late,cage,2,3,resnet,False,none,lr,0.0001,0.0001,32,6,0.4470,0.6858,0.8332,0.5952,0.7020,nan,nan,nan,nan,1
late,cage,2,3,resnet,False,none,lr,0.0001,0.0001,32,7,0.3795,0.7699,0.9317,0.6905,0.6898,nan,nan,nan,nan,1
late,cage,2,3,resnet,False,none,lr,0.0001,0.0001,32,8,0.3181,0.8496,0.8313,0.8571,0.6571,1.0229,0.9589,0.7619,0.5772,1
late,cage,2,3,resnet,False,none,lr,0.0001,0.0001,32,9,0.2939,1.2122,0.9743,0.8333,0.5959,nan,nan,nan,nan,0
late,cage,2,3,resnet,False,none,lr,0.0001,0.0001,32,10,0.2428,0.9948,0.9586,0.8095,0.6000,nan,nan,nan,nan,0
late,cage,2,3,resnet,False,none,lr,0.0001,0.0001,32,11,0.2031,1.6289,1.1467,0.8333,0.6612,nan,nan,nan,nan,0
late,cage,2,3,resnet,False,none,lr,0.0001,0.0001,32,12,0.1723,1.6827,1.2037,0.8095,0.6449,nan,nan,nan,nan,0
late,cage,2,3,resnet,False,none,lr,0.0001,0.0001,32,13,0.1855,0.9590,1.0856,0.7619,0.6327,nan,nan,nan,nan,0
late,cage,2,3,resnet,False,none,lr,0.0001,0.0001,32,14,0.1240,1.6555,1.2392,0.8333,0.6571,nan,nan,nan,nan,0
late,cage,2,3,resnet,False,none,lr,0.0001,0.0001,32,15,0.1166,1.4075,1.4811,0.6905,0.5551,nan,nan,nan,nan,0
late,cage,2,3,resnet,False,none,lr,0.0001,0.0001,32,16,0.1237,1.3403,1.3148,0.8333,0.6245,nan,nan,nan,nan,0
late,cage,2,4,resnet,False,none,lr,0.0001,0.0001,32,1,0.6978,0.6830,0.6921,0.3256,0.6464,nan,nan,nan,nan,0
late,cage,2,4,resnet,False,none,lr,0.0001,0.0001,32,2,0.6866,0.6923,0.6758,0.8140,0.5214,nan,nan,nan,nan,0
late,cage,2,4,resnet,False,none,lr,0.0001,0.0001,32,3,0.6618,0.7340,0.6707,0.8140,0.5143,nan,nan,nan,nan,0
late,cage,2,4,resnet,False,none,lr,0.0001,0.0001,32,4,0.6097,0.7359,0.6995,0.7907,0.6571,nan,nan,nan,nan,0
late,cage,2,4,resnet,False,none,lr,0.0001,0.0001,32,5,0.5401,0.9149,0.8365,0.8140,0.4786,nan,nan,nan,nan,1
late,cage,2,4,resnet,False,none,lr,0.0001,0.0001,32,6,0.4890,0.8430,0.8226,0.6744,0.4893,nan,nan,nan,nan,0
late,cage,2,4,resnet,False,none,lr,0.0001,0.0001,32,7,0.4270,0.9138,0.8849,0.8140,0.6286,nan,nan,nan,nan,0
late,cage,2,4,resnet,False,none,lr,0.0001,0.0001,32,8,0.3746,0.6799,0.9223,0.6512,0.6500,0.6811,0.8803,0.6667,0.6949,1
late,cage,2,4,resnet,False,none,lr,0.0001,0.0001,32,9,0.3327,0.8635,0.8931,0.7442,0.5357,nan,nan,nan,nan,0
late,cage,2,4,resnet,False,none,lr,0.0001,0.0001,32,10,0.2874,1.2758,1.2029,0.8140,0.5036,nan,nan,nan,nan,0
late,cage,2,4,resnet,False,none,lr,0.0001,0.0001,32,11,0.2369,1.0594,1.2257,0.6512,0.4607,nan,nan,nan,nan,0
late,cage,2,4,resnet,False,none,lr,0.0001,0.0001,32,12,0.2397,1.3158,1.3462,0.7674,0.4393,nan,nan,nan,nan,0
late,cage,2,4,resnet,False,none,lr,0.0001,0.0001,32,13,0.2077,1.1091,1.3737,0.7209,0.5643,nan,nan,nan,nan,0
late,cage,2,4,resnet,False,none,lr,0.0001,0.0001,32,14,0.1574,1.4470,1.5811,0.7907,0.4964,nan,nan,nan,nan,0
late,cage,2,4,resnet,False,none,lr,0.0001,0.0001,32,15,0.1566,0.9859,1.3769,0.6744,0.5714,nan,nan,nan,nan,0
late,cage,2,4,resnet,False,none,lr,0.0001,0.0001,32,16,0.1551,1.6377,1.7564,0.7907,0.4571,nan,nan,nan,nan,0
late,cage,2,5,resnet,False,none,lr,0.0001,0.0001,32,1,0.6879,0.6921,0.7089,0.3750,0.4731,nan,nan,nan,nan,0
late,cage,2,5,resnet,False,none,lr,0.0001,0.0001,32,2,0.6767,0.7475,0.7210,0.5250,0.3190,nan,nan,nan,nan,0
late,cage,2,5,resnet,False,none,lr,0.0001,0.0001,32,3,0.6460,0.7653,0.7303,0.5500,0.4194,nan,nan,nan,nan,0
late,cage,2,5,resnet,False,none,lr,0.0001,0.0001,32,4,0.5898,0.9440,0.7688,0.6750,0.3047,nan,nan,nan,nan,0
late,cage,2,5,resnet,False,none,lr,0.0001,0.0001,32,5,0.5179,1.1059,0.8102,0.7250,0.3943,nan,nan,nan,nan,1
late,cage,2,5,resnet,False,none,lr,0.0001,0.0001,32,6,0.4435,1.0793,0.9185,0.6250,0.3548,nan,nan,nan,nan,0
late,cage,2,5,resnet,False,none,lr,0.0001,0.0001,32,7,0.3652,1.1237,0.9316,0.6000,0.3943,nan,nan,nan,nan,0
late,cage,2,5,resnet,False,none,lr,0.0001,0.0001,32,8,0.3144,1.6953,1.1423,0.7250,0.4158,nan,nan,nan,nan,0
late,cage,2,5,resnet,False,none,lr,0.0001,0.0001,32,9,0.2535,1.6259,1.1449,0.7000,0.3799,nan,nan,nan,nan,1
late,cage,2,5,resnet,False,none,lr,0.0001,0.0001,32,10,0.2209,1.7230,1.3583,0.6500,0.3907,nan,nan,nan,nan,0
late,cage,2,5,resnet,False,none,lr,0.0001,0.0001,32,11,0.1983,1.4119,1.2771,0.6000,0.4444,nan,nan,nan,nan,1
late,cage,2,5,resnet,False,none,lr,0.0001,0.0001,32,12,0.1537,2.6356,1.7849,0.7500,0.4014,nan,nan,nan,nan,0
late,cage,2,5,resnet,False,none,lr,0.0001,0.0001,32,13,0.1503,2.6500,1.8391,0.7000,0.4122,nan,nan,nan,nan,0
late,cage,2,5,resnet,False,none,lr,0.0001,0.0001,32,14,0.1173,1.8645,1.6284,0.6500,0.4624,nan,nan,nan,nan,1
late,cage,2,5,resnet,False,none,lr,0.0001,0.0001,32,15,0.1087,2.6622,1.9019,0.6750,0.3943,nan,nan,nan,nan,0
late,cage,2,5,resnet,False,none,lr,0.0001,0.0001,32,16,0.0805,2.5059,1.8126,0.6500,0.4301,nan,nan,nan,nan,0
late,cage,2,5,resnet,False,none,lr,0.0001,0.0001,32,17,0.0931,1.9731,1.6913,0.6750,0.4982,1.4635,1.5145,0.8095,0.6654,1
late,cage,2,5,resnet,False,none,lr,0.0001,0.0001,32,18,0.0796,2.9195,2.1255,0.6750,0.3620,nan,nan,nan,nan,0
late,cage,2,5,resnet,False,none,lr,0.0001,0.0001,32,19,0.0652,3.6791,2.3741,0.7750,0.3548,nan,nan,nan,nan,0
late,cage,2,5,resnet,False,none,lr,0.0001,0.0001,32,20,0.0639,3.4458,2.3258,0.7250,0.4014,nan,nan,nan,nan,0
late,cage,2,5,resnet,False,none,lr,0.0001,0.0001,32,21,0.0414,3.2000,2.1760,0.7250,0.3871,nan,nan,nan,nan,0
late,cage,2,5,resnet,False,none,lr,0.0001,0.0001,32,22,0.0600,3.5737,2.4367,0.6750,0.3728,nan,nan,nan,nan,0
late,cage,2,6,resnet,False,none,lr,0.0001,0.0001,32,1,0.6946,0.6834,0.6447,0.8537,0.6190,nan,nan,nan,nan,0
late,cage,2,6,resnet,False,none,lr,0.0001,0.0001,32,2,0.6879,0.7016,0.7105,0.3171,0.4381,nan,nan,nan,nan,0
late,cage,2,6,resnet,False,none,lr,0.0001,0.0001,32,3,0.6802,0.6985,0.6998,0.4878,0.4714,nan,nan,nan,nan,0
late,cage,2,6,resnet,False,none,lr,0.0001,0.0001,32,4,0.6564,0.7054,0.6356,0.8537,0.5286,nan,nan,nan,nan,0
late,cage,2,6,resnet,False,none,lr,0.0001,0.0001,32,5,0.6135,0.7408,0.6698,0.8293,0.5190,nan,nan,nan,nan,1
late,cage,2,6,resnet,False,none,lr,0.0001,0.0001,32,6,0.5551,0.6221,0.6865,0.6098,0.7095,nan,nan,nan,nan,1
late,cage,2,6,resnet,False,none,lr,0.0001,0.0001,32,7,0.4888,0.6693,0.8356,0.5610,0.6714,nan,nan,nan,nan,1
late,cage,2,6,resnet,False,none,lr,0.0001,0.0001,32,8,0.4256,0.7682,0.7373,0.8293,0.6619,nan,nan,nan,nan,1
late,cage,2,6,resnet,False,none,lr,0.0001,0.0001,32,9,0.3863,0.7873,0.8766,0.7561,0.5619,nan,nan,nan,nan,1
late,cage,2,6,resnet,False,none,lr,0.0001,0.0001,32,10,0.3498,0.8168,0.9262,0.7073,0.5905,0.7278,0.8022,0.7857,0.7757,1
late,cage,2,6,resnet,False,none,lr,0.0001,0.0001,32,11,0.2839,0.9567,0.9418,0.7805,0.6381,nan,nan,nan,nan,0
late,cage,2,6,resnet,False,none,lr,0.0001,0.0001,32,12,0.2363,0.8069,0.9188,0.7805,0.7048,nan,nan,nan,nan,0
late,cage,2,6,resnet,False,none,lr,0.0001,0.0001,32,13,0.2151,1.1911,1.2246,0.8049,0.5381,nan,nan,nan,nan,0
late,cage,2,6,resnet,False,none,lr,0.0001,0.0001,32,14,0.1863,1.3219,1.2479,0.8049,0.4905,nan,nan,nan,nan,0
late,cage,2,6,resnet,False,none,lr,0.0001,0.0001,32,15,0.1783,1.3480,1.2069,0.8293,0.5857,nan,nan,nan,nan,0
late,cage,2,6,resnet,False,none,lr,0.0001,0.0001,32,16,0.1577,1.4747,1.4448,0.8293,0.5762,nan,nan,nan,nan,0
late,cage,2,7,resnet,False,none,lr,0.0001,0.0001,32,1,0.7011,0.7086,0.7231,0.3409,0.3958,nan,nan,nan,nan,0
late,cage,2,7,resnet,False,none,lr,0.0001,0.0001,32,2,0.6797,0.7288,0.7082,0.5227,0.3715,nan,nan,nan,nan,0
late,cage,2,7,resnet,False,none,lr,0.0001,0.0001,32,3,0.6697,0.7270,0.6899,0.5227,0.3542,nan,nan,nan,nan,0
late,cage,2,7,resnet,False,none,lr,0.0001,0.0001,32,4,0.6543,0.7230,0.8491,0.2727,0.4583,nan,nan,nan,nan,0
late,cage,2,7,resnet,False,none,lr,0.0001,0.0001,32,5,0.6242,1.0308,0.7290,0.8182,0.3403,nan,nan,nan,nan,1
late,cage,2,7,resnet,False,none,lr,0.0001,0.0001,32,6,0.5854,0.7115,0.7707,0.5000,0.5451,nan,nan,nan,nan,1
late,cage,2,7,resnet,False,none,lr,0.0001,0.0001,32,7,0.5243,0.6610,0.6673,0.7045,0.6771,nan,nan,nan,nan,1
late,cage,2,7,resnet,False,none,lr,0.0001,0.0001,32,8,0.4577,0.8631,0.6902,0.8409,0.6562,nan,nan,nan,nan,1
late,cage,2,7,resnet,False,none,lr,0.0001,0.0001,32,9,0.4113,0.7136,0.6642,0.7727,0.7188,nan,nan,nan,nan,1
late,cage,2,7,resnet,False,none,lr,0.0001,0.0001,32,10,0.3602,0.9548,0.7337,0.8409,0.6771,nan,nan,nan,nan,1
late,cage,2,7,resnet,False,none,lr,0.0001,0.0001,32,11,0.3112,0.6418,0.8853,0.7045,0.7049,nan,nan,nan,nan,1
late,cage,2,7,resnet,False,none,lr,0.0001,0.0001,32,12,0.2715,1.0319,0.7822,0.8182,0.7500,nan,nan,nan,nan,1
late,cage,2,7,resnet,False,none,lr,0.0001,0.0001,32,13,0.2464,1.1074,0.8942,0.8409,0.6562,nan,nan,nan,nan,0
late,cage,2,7,resnet,False,none,lr,0.0001,0.0001,32,14,0.2016,1.0826,0.8498,0.8182,0.7882,nan,nan,nan,nan,1
late,cage,2,7,resnet,False,none,lr,0.0001,0.0001,32,15,0.1909,1.0460,0.8579,0.8409,0.7674,nan,nan,nan,nan,1
late,cage,2,7,resnet,False,none,lr,0.0001,0.0001,32,16,0.1592,0.7923,0.8971,0.7955,0.7535,nan,nan,nan,nan,1
late,cage,2,7,resnet,False,none,lr,0.0001,0.0001,32,17,0.1256,0.7761,1.2022,0.7500,0.7326,nan,nan,nan,nan,0
late,cage,2,7,resnet,False,none,lr,0.0001,0.0001,32,18,0.1307,1.1881,0.9911,0.8409,0.8229,1.2820,1.1920,0.8095,0.7610,1
late,cage,2,7,resnet,False,none,lr,0.0001,0.0001,32,19,0.1452,0.6807,1.0462,0.8182,0.7882,nan,nan,nan,nan,0
late,cage,2,7,resnet,False,none,lr,0.0001,0.0001,32,20,0.0831,0.8206,1.2661,0.7955,0.7326,nan,nan,nan,nan,0
late,cage,2,7,resnet,False,none,lr,0.0001,0.0001,32,21,0.1011,1.4151,1.1970,0.8409,0.7465,nan,nan,nan,nan,0
late,cage,2,7,resnet,False,none,lr,0.0001,0.0001,32,22,0.0713,1.7762,1.2184,0.8182,0.7917,nan,nan,nan,nan,0
late,cage,2,7,resnet,False,none,lr,0.0001,0.0001,32,23,0.0669,1.6299,1.2587,0.8182,0.7639,nan,nan,nan,nan,0
late,cage,2,8,resnet,False,none,lr,0.0001,0.0001,32,1,0.6968,0.7339,0.7521,0.2979,0.2628,nan,nan,nan,nan,0
late,cage,2,8,resnet,False,none,lr,0.0001,0.0001,32,2,0.6794,0.6928,0.7136,0.5106,0.5385,nan,nan,nan,nan,0
late,cage,2,8,resnet,False,none,lr,0.0001,0.0001,32,3,0.6407,0.7448,0.8917,0.4043,0.5641,nan,nan,nan,nan,0
late,cage,2,8,resnet,False,none,lr,0.0001,0.0001,32,4,0.5848,0.7998,0.6688,0.7660,0.5897,nan,nan,nan,nan,0
late,cage,2,8,resnet,False,none,lr,0.0001,0.0001,32,5,0.5160,1.4536,0.8253,0.8298,0.5128,nan,nan,nan,nan,1
late,cage,2,8,resnet,False,none,lr,0.0001,0.0001,32,6,0.4465,0.8622,0.7589,0.7021,0.5801,0.7528,0.7437,0.7381,0.6654,1
late,cage,2,8,resnet,False,none,lr,0.0001,0.0001,32,7,0.3832,1.0761,0.8188,0.7234,0.5353,nan,nan,nan,nan,0
late,cage,2,8,resnet,False,none,lr,0.0001,0.0001,32,8,0.3224,0.9663,0.9319,0.6809,0.5545,nan,nan,nan,nan,0
late,cage,2,8,resnet,False,none,lr,0.0001,0.0001,32,9,0.2645,1.5852,0.9893,0.8298,0.5000,nan,nan,nan,nan,0
late,cage,2,8,resnet,False,none,lr,0.0001,0.0001,32,10,0.2319,1.5757,1.1474,0.7660,0.5096,nan,nan,nan,nan,0
late,cage,2,8,resnet,False,none,lr,0.0001,0.0001,32,11,0.2009,1.4425,1.1874,0.7021,0.4840,nan,nan,nan,nan,0
late,cage,2,8,resnet,False,none,lr,0.0001,0.0001,32,12,0.1582,1.7236,1.2541,0.7660,0.5449,nan,nan,nan,nan,0
late,cage,2,8,resnet,False,none,lr,0.0001,0.0001,32,13,0.1648,2.2648,1.3577,0.8298,0.5449,nan,nan,nan,nan,0
late,cage,2,8,resnet,False,none,lr,0.0001,0.0001,32,14,0.1185,1.9922,1.3279,0.8085,0.5577,nan,nan,nan,nan,0
late,cage,2,8,resnet,False,none,lr,0.0001,0.0001,32,15,0.1154,2.0857,1.5125,0.7872,0.4808,nan,nan,nan,nan,0
late,cage,2,8,resnet,False,none,lr,0.0001,0.0001,32,16,0.0905,2.2491,1.5129,0.8085,0.5160,nan,nan,nan,nan,0
late,cage,2,9,resnet,False,none,lr,0.0001,0.0001,32,1,0.7003,0.6754,0.7113,0.4048,0.6364,nan,nan,nan,nan,0
late,cage,2,9,resnet,False,none,lr,0.0001,0.0001,32,2,0.6758,0.6754,0.7467,0.4286,0.5758,nan,nan,nan,nan,0
late,cage,2,9,resnet,False,none,lr,0.0001,0.0001,32,3,0.6295,0.6899,0.8100,0.4524,0.5421,nan,nan,nan,nan,0
late,cage,2,9,resnet,False,none,lr,0.0001,0.0001,32,4,0.5510,0.6911,0.7921,0.6429,0.5993,nan,nan,nan,nan,0
late,cage,2,9,resnet,False,none,lr,0.0001,0.0001,32,5,0.4842,0.7993,0.9067,0.6190,0.5320,nan,nan,nan,nan,1
late,cage,2,9,resnet,False,none,lr,0.0001,0.0001,32,6,0.4191,1.0794,0.8642,0.7143,0.5825,nan,nan,nan,nan,0
late,cage,2,9,resnet,False,none,lr,0.0001,0.0001,32,7,0.3649,1.1345,0.9799,0.6905,0.5455,nan,nan,nan,nan,0
late,cage,2,9,resnet,False,none,lr,0.0001,0.0001,32,8,0.3237,1.1890,1.1988,0.5952,0.5152,nan,nan,nan,nan,0
late,cage,2,9,resnet,False,none,lr,0.0001,0.0001,32,9,0.2632,1.5192,1.1555,0.6667,0.5758,nan,nan,nan,nan,0
late,cage,2,9,resnet,False,none,lr,0.0001,0.0001,32,10,0.2285,1.5603,1.1281,0.7619,0.6027,nan,nan,nan,nan,0
late,cage,2,9,resnet,False,none,lr,0.0001,0.0001,32,11,0.1980,1.2689,1.4240,0.6429,0.5455,nan,nan,nan,nan,0
late,cage,2,9,resnet,False,none,lr,0.0001,0.0001,32,12,0.1599,1.2294,1.4087,0.6905,0.6094,nan,nan,nan,nan,0
late,cage,2,9,resnet,False,none,lr,0.0001,0.0001,32,13,0.1655,1.2800,1.3035,0.6667,0.5825,nan,nan,nan,nan,1
late,cage,2,9,resnet,False,none,lr,0.0001,0.0001,32,14,0.1210,1.9222,1.4448,0.6905,0.6229,1.3257,1.1352,0.7857,0.8162,1
late,cage,2,9,resnet,False,none,lr,0.0001,0.0001,32,15,0.1160,1.7493,1.5563,0.6905,0.5690,nan,nan,nan,nan,0
late,cage,2,9,resnet,False,none,lr,0.0001,0.0001,32,16,0.0861,2.2534,1.6316,0.7143,0.5488,nan,nan,nan,nan,0
late,cage,2,9,resnet,False,none,lr,0.0001,0.0001,32,17,0.0953,2.2121,1.5688,0.7143,0.6162,nan,nan,nan,nan,0
late,cage,2,9,resnet,False,none,lr,0.0001,0.0001,32,18,0.0696,2.3052,1.7876,0.6905,0.5522,nan,nan,nan,nan,0
late,cage,2,9,resnet,False,none,lr,0.0001,0.0001,32,19,0.0874,2.1677,1.8198,0.6905,0.4781,nan,nan,nan,nan,0
late,cage,3,0,resnet,False,none,lr,0.0001,0.0001,32,1,0.6968,0.6914,0.7024,0.4186,0.6190,nan,nan,nan,nan,0
late,cage,3,0,resnet,False,none,lr,0.0001,0.0001,32,2,0.6800,0.6860,0.6640,0.6977,0.5754,nan,nan,nan,nan,0
late,cage,3,0,resnet,False,none,lr,0.0001,0.0001,32,3,0.6681,0.6794,0.7074,0.5116,0.6468,nan,nan,nan,nan,0
late,cage,3,0,resnet,False,none,lr,0.0001,0.0001,32,4,0.6397,0.6981,0.6200,0.8372,0.6151,nan,nan,nan,nan,0
late,cage,3,0,resnet,False,none,lr,0.0001,0.0001,32,5,0.5803,0.6989,0.5846,0.8372,0.7302,0.7883,0.6437,0.8333,0.5714,1
late,cage,3,0,resnet,False,none,lr,0.0001,0.0001,32,6,0.4944,0.7478,0.6950,0.7907,0.6230,nan,nan,nan,nan,0
late,cage,3,0,resnet,False,none,lr,0.0001,0.0001,32,7,0.4373,1.0841,0.8614,0.8140,0.5000,nan,nan,nan,nan,0
late,cage,3,0,resnet,False,none,lr,0.0001,0.0001,32,8,0.3543,0.8085,0.9186,0.7907,0.5992,nan,nan,nan,nan,0
late,cage,3,0,resnet,False,none,lr,0.0001,0.0001,32,9,0.3106,0.9705,1.0207,0.7907,0.6032,nan,nan,nan,nan,0
late,cage,3,0,resnet,False,none,lr,0.0001,0.0001,32,10,0.2700,1.1893,1.0843,0.8140,0.5754,nan,nan,nan,nan,0
late,cage,3,0,resnet,False,none,lr,0.0001,0.0001,32,11,0.2169,1.1534,1.1873,0.7907,0.5595,nan,nan,nan,nan,0
late,cage,3,0,resnet,False,none,lr,0.0001,0.0001,32,12,0.1779,1.6846,1.3500,0.8372,0.5437,nan,nan,nan,nan,0
late,cage,3,0,resnet,False,none,lr,0.0001,0.0001,32,13,0.1786,1.7820,1.3802,0.8140,0.5317,nan,nan,nan,nan,0
late,cage,3,0,resnet,False,none,lr,0.0001,0.0001,32,14,0.1504,1.7742,1.4650,0.8140,0.5516,nan,nan,nan,nan,0
late,cage,3,0,resnet,False,none,lr,0.0001,0.0001,32,15,0.1266,1.4335,1.3137,0.8140,0.6310,nan,nan,nan,nan,0
late,cage,3,0,resnet,False,none,lr,0.0001,0.0001,32,16,0.1272,1.5573,1.3698,0.8140,0.6310,nan,nan,nan,nan,0
late,cage,3,1,resnet,False,none,lr,0.0001,0.0001,32,1,0.7030,0.6828,0.6584,0.7442,0.6151,nan,nan,nan,nan,0
late,cage,3,1,resnet,False,none,lr,0.0001,0.0001,32,2,0.6735,0.7244,0.8112,0.3023,0.5556,nan,nan,nan,nan,0
late,cage,3,1,resnet,False,none,lr,0.0001,0.0001,32,3,0.6298,0.6837,0.7091,0.6047,0.5754,nan,nan,nan,nan,0
late,cage,3,1,resnet,False,none,lr,0.0001,0.0001,32,4,0.5437,0.6479,0.6383,0.6512,0.6825,nan,nan,nan,nan,0
late,cage,3,1,resnet,False,none,lr,0.0001,0.0001,32,5,0.4624,0.8377,1.2981,0.4419,0.6151,nan,nan,nan,nan,1
late,cage,3,1,resnet,False,none,lr,0.0001,0.0001,32,6,0.3967,0.7460,0.7777,0.7674,0.6032,nan,nan,nan,nan,0
late,cage,3,1,resnet,False,none,lr,0.0001,0.0001,32,7,0.3311,0.8547,0.9693,0.7674,0.5675,nan,nan,nan,nan,0
late,cage,3,1,resnet,False,none,lr,0.0001,0.0001,32,8,0.2945,0.8619,0.9032,0.7209,0.6587,nan,nan,nan,nan,1
late,cage,3,1,resnet,False,none,lr,0.0001,0.0001,32,9,0.2309,1.0520,0.9177,0.8605,0.5754,nan,nan,nan,nan,0
late,cage,3,1,resnet,False,none,lr,0.0001,0.0001,32,10,0.2158,0.8582,1.0529,0.7442,0.5714,nan,nan,nan,nan,0
late,cage,3,1,resnet,False,none,lr,0.0001,0.0001,32,11,0.1808,0.9504,1.0212,0.7442,0.6548,nan,nan,nan,nan,0
late,cage,3,1,resnet,False,none,lr,0.0001,0.0001,32,12,0.1367,1.1724,1.2304,0.8140,0.6548,nan,nan,nan,nan,0
late,cage,3,1,resnet,False,none,lr,0.0001,0.0001,32,13,0.1423,1.4836,1.1070,0.8372,0.6389,nan,nan,nan,nan,0
late,cage,3,1,resnet,False,none,lr,0.0001,0.0001,32,14,0.1152,1.2062,1.2434,0.8372,0.6310,nan,nan,nan,nan,0
late,cage,3,1,resnet,False,none,lr,0.0001,0.0001,32,15,0.0963,1.3841,1.1763,0.8140,0.6151,nan,nan,nan,nan,1
late,cage,3,1,resnet,False,none,lr,0.0001,0.0001,32,16,0.1028,1.0891,1.2395,0.8372,0.6746,nan,nan,nan,nan,0
late,cage,3,1,resnet,False,none,lr,0.0001,0.0001,32,17,0.0779,1.8522,1.3270,0.8372,0.6786,nan,nan,nan,nan,1
late,cage,3,1,resnet,False,none,lr,0.0001,0.0001,32,18,0.0574,1.7638,1.3458,0.8372,0.7460,nan,nan,nan,nan,1
late,cage,3,1,resnet,False,none,lr,0.0001,0.0001,32,19,0.0724,1.0989,1.2852,0.8140,0.6905,nan,nan,nan,nan,1
late,cage,3,1,resnet,False,none,lr,0.0001,0.0001,32,20,0.0711,1.3736,1.3445,0.8140,0.6627,nan,nan,nan,nan,1
late,cage,3,1,resnet,False,none,lr,0.0001,0.0001,32,21,0.0427,1.4236,1.3371,0.8605,0.7222,nan,nan,nan,nan,1
late,cage,3,1,resnet,False,none,lr,0.0001,0.0001,32,22,0.0778,1.8110,1.3047,0.8372,0.7183,nan,nan,nan,nan,1
late,cage,3,1,resnet,False,none,lr,0.0001,0.0001,32,23,0.0558,1.1226,1.3315,0.7907,0.6429,nan,nan,nan,nan,0
late,cage,3,1,resnet,False,none,lr,0.0001,0.0001,32,24,0.0548,1.8260,1.3132,0.8372,0.7897,nan,nan,nan,nan,0
late,cage,3,1,resnet,False,none,lr,0.0001,0.0001,32,25,0.0410,1.4474,1.3848,0.8372,0.7381,nan,nan,nan,nan,1
late,cage,3,1,resnet,False,none,lr,0.0001,0.0001,32,26,0.0261,1.3037,1.5229,0.8372,0.7738,nan,nan,nan,nan,1
late,cage,3,1,resnet,False,none,lr,0.0001,0.0001,32,27,0.0691,1.9636,1.3840,0.8372,0.7897,nan,nan,nan,nan,1
late,cage,3,1,resnet,False,none,lr,0.0001,0.0001,32,28,0.0275,1.4878,1.5906,0.8140,0.7103,2.1061,1.9413,0.7857,0.5469,1
late,cage,3,1,resnet,False,none,lr,0.0001,0.0001,32,29,0.0352,2.2325,1.6217,0.8372,0.7143,nan,nan,nan,nan,0
late,cage,3,1,resnet,False,none,lr,0.0001,0.0001,32,30,0.0366,2.1898,1.6626,0.8372,0.6429,nan,nan,nan,nan,0
late,cage,3,1,resnet,False,none,lr,0.0001,0.0001,32,31,0.0520,1.5392,1.2587,0.8372,0.7619,nan,nan,nan,nan,0
late,cage,3,1,resnet,False,none,lr,0.0001,0.0001,32,32,0.0375,1.7119,1.5011,0.8140,0.6984,nan,nan,nan,nan,0
late,cage,3,1,resnet,False,none,lr,0.0001,0.0001,32,33,0.0299,2.2435,1.5950,0.8372,0.6627,nan,nan,nan,nan,0
late,cage,3,2,resnet,False,none,lr,0.0001,0.0001,32,1,0.7042,0.6902,0.7567,0.3095,0.5699,nan,nan,nan,nan,0
late,cage,3,2,resnet,False,none,lr,0.0001,0.0001,32,2,0.6755,0.6596,0.6275,0.7857,0.7610,nan,nan,nan,nan,0
late,cage,3,2,resnet,False,none,lr,0.0001,0.0001,32,3,0.6337,0.6283,0.6017,0.7857,0.7868,nan,nan,nan,nan,0
late,cage,3,2,resnet,False,none,lr,0.0001,0.0001,32,4,0.5672,0.6460,0.6671,0.6905,0.7426,nan,nan,nan,nan,0
late,cage,3,2,resnet,False,none,lr,0.0001,0.0001,32,5,0.4977,0.7212,0.9033,0.5476,0.6875,nan,nan,nan,nan,1
late,cage,3,2,resnet,False,none,lr,0.0001,0.0001,32,6,0.4143,0.6766,0.8828,0.7143,0.7463,0.6739,0.8575,0.5952,0.6327,1
late,cage,3,2,resnet,False,none,lr,0.0001,0.0001,32,7,0.3363,0.9141,0.8559,0.8333,0.7390,nan,nan,nan,nan,0
late,cage,3,2,resnet,False,none,lr,0.0001,0.0001,32,8,0.2822,1.1930,0.9683,0.8095,0.6838,nan,nan,nan,nan,0
late,cage,3,2,resnet,False,none,lr,0.0001,0.0001,32,9,0.2410,1.0424,1.0007,0.8095,0.6765,nan,nan,nan,nan,0
late,cage,3,2,resnet,False,none,lr,0.0001,0.0001,32,10,0.2006,1.3851,1.1059,0.7857,0.7316,nan,nan,nan,nan,0
late,cage,3,2,resnet,False,none,lr,0.0001,0.0001,32,11,0.1635,1.1282,1.0880,0.7857,0.6949,nan,nan,nan,nan,0
late,cage,3,2,resnet,False,none,lr,0.0001,0.0001,32,12,0.1488,1.5453,1.2615,0.8095,0.7132,nan,nan,nan,nan,0
late,cage,3,2,resnet,False,none,lr,0.0001,0.0001,32,13,0.1380,1.2751,1.1173,0.7857,0.7426,nan,nan,nan,nan,0
late,cage,3,2,resnet,False,none,lr,0.0001,0.0001,32,14,0.1052,1.6393,1.2970,0.7857,0.7169,nan,nan,nan,nan,0
late,cage,3,2,resnet,False,none,lr,0.0001,0.0001,32,15,0.0872,1.8915,1.3303,0.8095,0.7500,nan,nan,nan,nan,0
late,cage,3,2,resnet,False,none,lr,0.0001,0.0001,32,16,0.0825,1.4030,1.3849,0.7857,0.6728,nan,nan,nan,nan,0
late,cage,3,4,resnet,False,none,lr,0.0001,0.0001,32,1,0.6978,0.6784,0.7134,0.1860,0.7214,nan,nan,nan,nan,0
late,cage,3,4,resnet,False,none,lr,0.0001,0.0001,32,2,0.6836,0.6878,0.6676,0.6744,0.5607,nan,nan,nan,nan,0
late,cage,3,4,resnet,False,none,lr,0.0001,0.0001,32,3,0.6541,0.6905,0.6942,0.4884,0.5714,nan,nan,nan,nan,0
late,cage,3,4,resnet,False,none,lr,0.0001,0.0001,32,4,0.5925,0.7161,0.6840,0.6744,0.5750,nan,nan,nan,nan,0
late,cage,3,4,resnet,False,none,lr,0.0001,0.0001,32,5,0.5250,0.8556,0.7479,0.8140,0.6000,0.7686,0.6344,0.8333,0.6857,1
late,cage,3,4,resnet,False,none,lr,0.0001,0.0001,32,6,0.4639,0.8945,0.8426,0.8372,0.5571,nan,nan,nan,nan,0
late,cage,3,4,resnet,False,none,lr,0.0001,0.0001,32,7,0.3923,0.9911,1.1053,0.6744,0.5071,nan,nan,nan,nan,0
late,cage,3,4,resnet,False,none,lr,0.0001,0.0001,32,8,0.3328,1.5386,1.2600,0.8140,0.5250,nan,nan,nan,nan,0
late,cage,3,4,resnet,False,none,lr,0.0001,0.0001,32,9,0.2852,1.0877,1.2055,0.7442,0.5214,nan,nan,nan,nan,0
late,cage,3,4,resnet,False,none,lr,0.0001,0.0001,32,10,0.2519,1.1452,1.1420,0.8140,0.5786,nan,nan,nan,nan,0
late,cage,3,4,resnet,False,none,lr,0.0001,0.0001,32,11,0.2122,1.1614,1.1714,0.8140,0.5321,nan,nan,nan,nan,0
late,cage,3,4,resnet,False,none,lr,0.0001,0.0001,32,12,0.1722,1.2726,1.3713,0.7674,0.5250,nan,nan,nan,nan,0
late,cage,3,4,resnet,False,none,lr,0.0001,0.0001,32,13,0.1485,1.6671,1.5604,0.8140,0.5429,nan,nan,nan,nan,0
late,cage,3,4,resnet,False,none,lr,0.0001,0.0001,32,14,0.1311,1.6352,1.5836,0.8140,0.6571,nan,nan,nan,nan,0
late,cage,3,4,resnet,False,none,lr,0.0001,0.0001,32,15,0.1268,1.3705,1.7070,0.7907,0.5607,nan,nan,nan,nan,0
late,cage,3,4,resnet,False,none,lr,0.0001,0.0001,32,16,0.1116,1.3144,1.7194,0.6977,0.5643,nan,nan,nan,nan,0
late,cage,3,5,resnet,False,none,lr,0.0001,0.0001,32,1,0.7004,0.8835,0.6794,0.7750,0.5125,nan,nan,nan,nan,0
late,cage,3,5,resnet,False,none,lr,0.0001,0.0001,32,2,0.6780,0.6987,0.7243,0.2750,0.4158,nan,nan,nan,nan,0
late,cage,3,5,resnet,False,none,lr,0.0001,0.0001,32,3,0.6426,0.8810,0.7038,0.7250,0.3728,nan,nan,nan,nan,0
late,cage,3,5,resnet,False,none,lr,0.0001,0.0001,32,4,0.5794,0.9331,0.7172,0.8000,0.4409,nan,nan,nan,nan,0
late,cage,3,5,resnet,False,none,lr,0.0001,0.0001,32,5,0.4973,0.8231,0.9888,0.3750,0.4409,nan,nan,nan,nan,1
late,cage,3,5,resnet,False,none,lr,0.0001,0.0001,32,6,0.4186,1.2240,0.9401,0.6500,0.4444,nan,nan,nan,nan,0
late,cage,3,5,resnet,False,none,lr,0.0001,0.0001,32,7,0.3578,1.1830,0.9569,0.6500,0.4014,nan,nan,nan,nan,0
late,cage,3,5,resnet,False,none,lr,0.0001,0.0001,32,8,0.3202,1.4419,1.1290,0.7000,0.4265,nan,nan,nan,nan,0
late,cage,3,5,resnet,False,none,lr,0.0001,0.0001,32,9,0.2539,1.8932,1.3195,0.7250,0.4516,nan,nan,nan,nan,0
late,cage,3,5,resnet,False,none,lr,0.0001,0.0001,32,10,0.2112,1.5222,1.1557,0.7250,0.4982,nan,nan,nan,nan,1
late,cage,3,5,resnet,False,none,lr,0.0001,0.0001,32,11,0.1812,1.8568,1.3980,0.7000,0.3692,nan,nan,nan,nan,0
late,cage,3,5,resnet,False,none,lr,0.0001,0.0001,32,12,0.1618,1.9324,1.4017,0.7000,0.4444,nan,nan,nan,nan,0
late,cage,3,5,resnet,False,none,lr,0.0001,0.0001,32,13,0.1318,2.5268,1.7784,0.7500,0.4516,nan,nan,nan,nan,0
late,cage,3,5,resnet,False,none,lr,0.0001,0.0001,32,14,0.0916,1.7674,1.6849,0.5750,0.4695,nan,nan,nan,nan,0
late,cage,3,5,resnet,False,none,lr,0.0001,0.0001,32,15,0.1023,2.4996,1.8127,0.7000,0.4624,nan,nan,nan,nan,0
late,cage,3,5,resnet,False,none,lr,0.0001,0.0001,32,16,0.0831,1.8773,1.6628,0.6500,0.5018,nan,nan,nan,nan,1
late,cage,3,5,resnet,False,none,lr,0.0001,0.0001,32,17,0.0780,2.1300,1.7218,0.6250,0.4480,nan,nan,nan,nan,0
late,cage,3,5,resnet,False,none,lr,0.0001,0.0001,32,18,0.0712,2.2770,1.8296,0.7000,0.5412,1.5154,1.5044,0.8333,0.6204,1
late,cage,3,5,resnet,False,none,lr,0.0001,0.0001,32,19,0.0577,2.7945,1.9711,0.7750,0.4373,nan,nan,nan,nan,0
late,cage,3,5,resnet,False,none,lr,0.0001,0.0001,32,20,0.0524,2.2331,1.8909,0.7000,0.4731,nan,nan,nan,nan,0
late,cage,3,5,resnet,False,none,lr,0.0001,0.0001,32,21,0.0654,2.7567,2.0011,0.7250,0.4301,nan,nan,nan,nan,0
late,cage,3,5,resnet,False,none,lr,0.0001,0.0001,32,22,0.0349,3.2926,2.2660,0.7250,0.4480,nan,nan,nan,nan,0
late,cage,3,5,resnet,False,none,lr,0.0001,0.0001,32,23,0.0408,3.0714,2.1962,0.7250,0.5627,nan,nan,nan,nan,0
late,cage,3,6,resnet,False,none,lr,0.0001,0.0001,32,1,0.6944,0.6865,0.6689,0.7561,0.6143,nan,nan,nan,nan,0
late,cage,3,6,resnet,False,none,lr,0.0001,0.0001,32,2,0.6860,0.7072,0.6887,0.6585,0.4762,nan,nan,nan,nan,0
late,cage,3,6,resnet,False,none,lr,0.0001,0.0001,32,3,0.6754,0.7354,0.6835,0.7317,0.3857,nan,nan,nan,nan,0
late,cage,3,6,resnet,False,none,lr,0.0001,0.0001,32,4,0.6387,0.7646,0.6684,0.8293,0.4619,nan,nan,nan,nan,0
late,cage,3,6,resnet,False,none,lr,0.0001,0.0001,32,5,0.5737,0.7653,0.8868,0.3171,0.4857,nan,nan,nan,nan,1
late,cage,3,6,resnet,False,none,lr,0.0001,0.0001,32,6,0.4850,0.8434,0.7564,0.7561,0.5381,nan,nan,nan,nan,0
late,cage,3,6,resnet,False,none,lr,0.0001,0.0001,32,7,0.4424,0.8012,0.8786,0.5610,0.4857,nan,nan,nan,nan,0
late,cage,3,6,resnet,False,none,lr,0.0001,0.0001,32,8,0.3705,0.8442,0.8820,0.7561,0.6238,0.9683,0.8773,0.7619,0.5551,1
late,cage,3,6,resnet,False,none,lr,0.0001,0.0001,32,9,0.3484,0.8988,1.0042,0.5610,0.4714,nan,nan,nan,nan,0
late,cage,3,6,resnet,False,none,lr,0.0001,0.0001,32,10,0.2836,1.0580,1.1565,0.5854,0.4429,nan,nan,nan,nan,0
late,cage,3,6,resnet,False,none,lr,0.0001,0.0001,32,11,0.2529,1.3154,1.0632,0.8293,0.4905,nan,nan,nan,nan,0
late,cage,3,6,resnet,False,none,lr,0.0001,0.0001,32,12,0.2020,1.6018,1.3601,0.8049,0.4429,nan,nan,nan,nan,0
late,cage,3,6,resnet,False,none,lr,0.0001,0.0001,32,13,0.1821,1.6201,1.2594,0.8293,0.4857,nan,nan,nan,nan,0
late,cage,3,6,resnet,False,none,lr,0.0001,0.0001,32,14,0.1584,1.3160,1.2194,0.8049,0.5143,nan,nan,nan,nan,0
late,cage,3,6,resnet,False,none,lr,0.0001,0.0001,32,15,0.1545,1.5679,1.4175,0.7805,0.4857,nan,nan,nan,nan,0
late,cage,3,6,resnet,False,none,lr,0.0001,0.0001,32,16,0.1277,1.9614,1.5172,0.8049,0.4238,nan,nan,nan,nan,0
late,cage,3,7,resnet,False,none,lr,0.0001,0.0001,32,1,0.7002,0.7200,0.6501,0.8182,0.4132,nan,nan,nan,nan,0
late,cage,3,7,resnet,False,none,lr,0.0001,0.0001,32,2,0.6794,0.7181,0.7009,0.5455,0.3403,nan,nan,nan,nan,0
late,cage,3,7,resnet,False,none,lr,0.0001,0.0001,32,3,0.6506,0.7249,0.6014,0.8182,0.6250,nan,nan,nan,nan,0
late,cage,3,7,resnet,False,none,lr,0.0001,0.0001,32,4,0.6045,0.7431,0.6339,0.8182,0.5660,nan,nan,nan,nan,0
late,cage,3,7,resnet,False,none,lr,0.0001,0.0001,32,5,0.5266,0.8610,0.6366,0.8409,0.6111,nan,nan,nan,nan,1
late,cage,3,7,resnet,False,none,lr,0.0001,0.0001,32,6,0.4532,0.8073,0.6333,0.8409,0.7083,nan,nan,nan,nan,1
late,cage,3,7,resnet,False,none,lr,0.0001,0.0001,32,7,0.3926,0.7400,0.6769,0.7727,0.6910,nan,nan,nan,nan,1
late,cage,3,7,resnet,False,none,lr,0.0001,0.0001,32,8,0.3307,0.9977,0.7855,0.7955,0.7292,nan,nan,nan,nan,1
late,cage,3,7,resnet,False,none,lr,0.0001,0.0001,32,9,0.2788,0.9707,0.8502,0.7727,0.6493,nan,nan,nan,nan,1
late,cage,3,7,resnet,False,none,lr,0.0001,0.0001,32,10,0.2422,1.0273,0.8513,0.8409,0.6910,nan,nan,nan,nan,1
late,cage,3,7,resnet,False,none,lr,0.0001,0.0001,32,11,0.2130,0.5926,0.9365,0.7273,0.7604,nan,nan,nan,nan,1
late,cage,3,7,resnet,False,none,lr,0.0001,0.0001,32,12,0.1820,0.8676,0.8575,0.7955,0.7569,nan,nan,nan,nan,1
late,cage,3,7,resnet,False,none,lr,0.0001,0.0001,32,13,0.1663,1.6331,1.0667,0.8182,0.8368,nan,nan,nan,nan,1
late,cage,3,7,resnet,False,none,lr,0.0001,0.0001,32,14,0.1263,0.8740,1.1403,0.7500,0.7778,nan,nan,nan,nan,1
late,cage,3,7,resnet,False,none,lr,0.0001,0.0001,32,15,0.1308,1.1675,1.0165,0.8182,0.7986,nan,nan,nan,nan,1
late,cage,3,7,resnet,False,none,lr,0.0001,0.0001,32,16,0.0953,1.0090,1.1129,0.7955,0.7361,nan,nan,nan,nan,0
late,cage,3,7,resnet,False,none,lr,0.0001,0.0001,32,17,0.1068,0.8625,0.9125,0.7955,0.8507,1.4460,1.3592,0.7857,0.5102,1
late,cage,3,7,resnet,False,none,lr,0.0001,0.0001,32,18,0.0964,1.7964,1.2310,0.8182,0.6979,nan,nan,nan,nan,0
late,cage,3,7,resnet,False,none,lr,0.0001,0.0001,32,19,0.0830,1.0184,1.2050,0.8182,0.7778,nan,nan,nan,nan,0
late,cage,3,7,resnet,False,none,lr,0.0001,0.0001,32,20,0.0489,2.2728,1.4286,0.8182,0.6667,nan,nan,nan,nan,0
late,cage,3,7,resnet,False,none,lr,0.0001,0.0001,32,21,0.0684,1.4099,1.2886,0.8182,0.7500,nan,nan,nan,nan,0
late,cage,3,7,resnet,False,none,lr,0.0001,0.0001,32,22,0.0718,1.5638,1.3771,0.8182,0.7882,nan,nan,nan,nan,0
late,cage,3,8,resnet,False,none,lr,0.0001,0.0001,32,1,0.6934,0.7013,0.6826,0.6383,0.4103,nan,nan,nan,nan,0
late,cage,3,8,resnet,False,none,lr,0.0001,0.0001,32,2,0.6844,0.7003,0.6689,0.7021,0.4551,nan,nan,nan,nan,0
late,cage,3,8,resnet,False,none,lr,0.0001,0.0001,32,3,0.6747,0.7092,0.6593,0.7021,0.4872,nan,nan,nan,nan,0
late,cage,3,8,resnet,False,none,lr,0.0001,0.0001,32,4,0.6520,0.7131,0.6358,0.7447,0.5192,nan,nan,nan,nan,0
late,cage,3,8,resnet,False,none,lr,0.0001,0.0001,32,5,0.5989,0.6875,0.7520,0.5319,0.5865,nan,nan,nan,nan,1
late,cage,3,8,resnet,False,none,lr,0.0001,0.0001,32,6,0.5262,0.7490,0.9590,0.3830,0.5288,nan,nan,nan,nan,1
late,cage,3,8,resnet,False,none,lr,0.0001,0.0001,32,7,0.4589,0.8670,0.7861,0.6596,0.5096,nan,nan,nan,nan,1
late,cage,3,8,resnet,False,none,lr,0.0001,0.0001,32,8,0.3884,1.4384,0.8501,0.8298,0.5545,nan,nan,nan,nan,1
late,cage,3,8,resnet,False,none,lr,0.0001,0.0001,32,9,0.3413,1.2075,0.8395,0.8085,0.5449,1.0215,0.8787,0.7857,0.5918,1
late,cage,3,8,resnet,False,none,lr,0.0001,0.0001,32,10,0.2732,0.9207,1.0452,0.5532,0.5064,nan,nan,nan,nan,0
late,cage,3,8,resnet,False,none,lr,0.0001,0.0001,32,11,0.2476,1.1269,1.0520,0.7234,0.5417,nan,nan,nan,nan,0
late,cage,3,8,resnet,False,none,lr,0.0001,0.0001,32,12,0.2023,1.3336,1.0865,0.7872,0.5929,nan,nan,nan,nan,0
late,cage,3,8,resnet,False,none,lr,0.0001,0.0001,32,13,0.1707,1.7303,1.2436,0.8298,0.5064,nan,nan,nan,nan,0
late,cage,3,8,resnet,False,none,lr,0.0001,0.0001,32,14,0.1545,1.4718,0.9857,0.8085,0.5128,nan,nan,nan,nan,0
late,cage,3,8,resnet,False,none,lr,0.0001,0.0001,32,15,0.1424,1.3532,1.1541,0.8085,0.5513,nan,nan,nan,nan,0
late,cage,3,8,resnet,False,none,lr,0.0001,0.0001,32,16,0.1050,1.5046,1.2788,0.7872,0.5417,nan,nan,nan,nan,0
late,cage,3,9,resnet,False,none,lr,0.0001,0.0001,32,1,0.6991,0.7031,0.6858,0.6429,0.4714,nan,nan,nan,nan,0
late,cage,3,9,resnet,False,none,lr,0.0001,0.0001,32,2,0.6766,0.6940,0.7502,0.3095,0.4949,nan,nan,nan,nan,0
late,cage,3,9,resnet,False,none,lr,0.0001,0.0001,32,3,0.6298,0.7558,0.8138,0.6429,0.5253,nan,nan,nan,nan,0
late,cage,3,9,resnet,False,none,lr,0.0001,0.0001,32,4,0.5692,0.7933,0.9190,0.5476,0.4411,nan,nan,nan,nan,0
late,cage,3,9,resnet,False,none,lr,0.0001,0.0001,32,5,0.4848,0.8856,1.1236,0.5476,0.4444,nan,nan,nan,nan,1
late,cage,3,9,resnet,False,none,lr,0.0001,0.0001,32,6,0.4021,0.8065,0.8255,0.7857,0.5926,0.7333,0.7817,0.7857,0.5510,1
late,cage,3,9,resnet,False,none,lr,0.0001,0.0001,32,7,0.3490,1.1525,1.1270,0.5952,0.3737,nan,nan,nan,nan,0
late,cage,3,9,resnet,False,none,lr,0.0001,0.0001,32,8,0.2778,1.3794,1.2521,0.6905,0.3939,nan,nan,nan,nan,0
late,cage,3,9,resnet,False,none,lr,0.0001,0.0001,32,9,0.2103,1.5678,1.4907,0.6429,0.4949,nan,nan,nan,nan,0
late,cage,3,9,resnet,False,none,lr,0.0001,0.0001,32,10,0.1873,1.9274,1.5598,0.6905,0.4815,nan,nan,nan,nan,0
late,cage,3,9,resnet,False,none,lr,0.0001,0.0001,32,11,0.1705,2.0207,1.5322,0.7381,0.4781,nan,nan,nan,nan,0
late,cage,3,9,resnet,False,none,lr,0.0001,0.0001,32,12,0.1505,1.7377,1.6827,0.6905,0.4882,nan,nan,nan,nan,0
late,cage,3,9,resnet,False,none,lr,0.0001,0.0001,32,13,0.1061,1.4009,1.8721,0.6905,0.4848,nan,nan,nan,nan,0
late,cage,3,9,resnet,False,none,lr,0.0001,0.0001,32,14,0.1087,2.3801,1.6650,0.6905,0.5185,nan,nan,nan,nan,0
late,cage,3,9,resnet,False,none,lr,0.0001,0.0001,32,15,0.0899,2.5181,1.7192,0.7143,0.3838,nan,nan,nan,nan,0
late,cage,3,9,resnet,False,none,lr,0.0001,0.0001,32,16,0.0550,2.9368,2.0526,0.7619,0.4815,nan,nan,nan,nan,0
late,cage,4,0,resnet,False,none,lr,0.0001,0.0001,32,1,0.6990,0.7102,0.7175,0.3953,0.4325,nan,nan,nan,nan,0
late,cage,4,0,resnet,False,none,lr,0.0001,0.0001,32,2,0.6793,0.6886,0.6948,0.5349,0.5833,nan,nan,nan,nan,0
late,cage,4,0,resnet,False,none,lr,0.0001,0.0001,32,3,0.6566,0.6912,0.7048,0.6512,0.6190,nan,nan,nan,nan,0
late,cage,4,0,resnet,False,none,lr,0.0001,0.0001,32,4,0.5975,0.8156,0.6908,0.8837,0.5159,nan,nan,nan,nan,0
late,cage,4,0,resnet,False,none,lr,0.0001,0.0001,32,5,0.5351,0.8774,0.7289,0.8372,0.5873,nan,nan,nan,nan,1
late,cage,4,0,resnet,False,none,lr,0.0001,0.0001,32,6,0.4603,0.6626,0.7004,0.7442,0.6746,nan,nan,nan,nan,1
late,cage,4,0,resnet,False,none,lr,0.0001,0.0001,32,7,0.3756,1.2207,0.8900,0.8372,0.6032,nan,nan,nan,nan,0
late,cage,4,0,resnet,False,none,lr,0.0001,0.0001,32,8,0.3084,1.3198,1.0554,0.8140,0.5476,nan,nan,nan,nan,0
late,cage,4,0,resnet,False,none,lr,0.0001,0.0001,32,9,0.2530,0.9985,1.0641,0.7907,0.5873,nan,nan,nan,nan,0
late,cage,4,0,resnet,False,none,lr,0.0001,0.0001,32,10,0.2305,1.0110,1.0786,0.7442,0.5357,nan,nan,nan,nan,0
late,cage,4,0,resnet,False,none,lr,0.0001,0.0001,32,11,0.1822,1.3015,1.1661,0.7907,0.5714,nan,nan,nan,nan,0
late,cage,4,0,resnet,False,none,lr,0.0001,0.0001,32,12,0.1675,1.9047,1.3397,0.8372,0.5992,nan,nan,nan,nan,0
late,cage,4,0,resnet,False,none,lr,0.0001,0.0001,32,13,0.1247,1.4969,1.3799,0.8140,0.6984,nan,nan,nan,nan,0
late,cage,4,0,resnet,False,none,lr,0.0001,0.0001,32,14,0.1390,0.9102,1.1000,0.7907,0.7222,nan,nan,nan,nan,1
late,cage,4,0,resnet,False,none,lr,0.0001,0.0001,32,15,0.0941,2.0252,1.5430,0.8372,0.6310,nan,nan,nan,nan,1
late,cage,4,0,resnet,False,none,lr,0.0001,0.0001,32,16,0.0889,1.3234,1.8197,0.6512,0.5794,nan,nan,nan,nan,0
late,cage,4,0,resnet,False,none,lr,0.0001,0.0001,32,17,0.0930,2.3518,1.6861,0.8372,0.6865,nan,nan,nan,nan,1
late,cage,4,0,resnet,False,none,lr,0.0001,0.0001,32,18,0.0694,1.5660,1.5414,0.8140,0.6944,nan,nan,nan,nan,0
late,cage,4,0,resnet,False,none,lr,0.0001,0.0001,32,19,0.0691,2.1463,1.6072,0.8140,0.7024,nan,nan,nan,nan,0
late,cage,4,0,resnet,False,none,lr,0.0001,0.0001,32,20,0.0681,1.7678,1.6380,0.7907,0.6349,nan,nan,nan,nan,0
late,cage,4,0,resnet,False,none,lr,0.0001,0.0001,32,21,0.0645,1.6816,1.4756,0.8140,0.6349,1.8527,1.7492,0.7907,0.5643,1
late,cage,4,0,resnet,False,none,lr,0.0001,0.0001,32,22,0.0717,2.5196,1.8509,0.8140,0.6349,nan,nan,nan,nan,0
late,cage,4,0,resnet,False,none,lr,0.0001,0.0001,32,23,0.0264,2.0520,1.7099,0.8140,0.6627,nan,nan,nan,nan,0
late,cage,4,0,resnet,False,none,lr,0.0001,0.0001,32,24,0.0481,1.7720,1.6018,0.8140,0.6706,nan,nan,nan,nan,0
late,cage,4,0,resnet,False,none,lr,0.0001,0.0001,32,25,0.0467,2.4672,1.8370,0.8140,0.7143,nan,nan,nan,nan,0
late,cage,4,0,resnet,False,none,lr,0.0001,0.0001,32,26,0.0594,2.2755,1.6826,0.8140,0.6349,nan,nan,nan,nan,0
late,cage,4,1,resnet,False,none,lr,0.0001,0.0001,32,1,0.7022,0.6932,0.6851,0.6512,0.5159,nan,nan,nan,nan,0
late,cage,4,1,resnet,False,none,lr,0.0001,0.0001,32,2,0.6843,0.6770,0.6745,0.6744,0.6468,nan,nan,nan,nan,0
late,cage,4,1,resnet,False,none,lr,0.0001,0.0001,32,3,0.6503,0.6668,0.6159,0.7209,0.6310,nan,nan,nan,nan,0
late,cage,4,1,resnet,False,none,lr,0.0001,0.0001,32,4,0.5753,0.6559,0.7067,0.6744,0.6587,nan,nan,nan,nan,0
late,cage,4,1,resnet,False,none,lr,0.0001,0.0001,32,5,0.5086,0.6363,0.7324,0.6512,0.6905,nan,nan,nan,nan,1
late,cage,4,1,resnet,False,none,lr,0.0001,0.0001,32,6,0.4320,0.8972,0.7733,0.7442,0.5595,nan,nan,nan,nan,1
late,cage,4,1,resnet,False,none,lr,0.0001,0.0001,32,7,0.3759,0.6455,0.9301,0.5116,0.6667,nan,nan,nan,nan,0
late,cage,4,1,resnet,False,none,lr,0.0001,0.0001,32,8,0.3170,0.8340,0.7792,0.8372,0.6865,nan,nan,nan,nan,1
late,cage,4,1,resnet,False,none,lr,0.0001,0.0001,32,9,0.2626,1.1856,0.8929,0.8372,0.6429,nan,nan,nan,nan,0
late,cage,4,1,resnet,False,none,lr,0.0001,0.0001,32,10,0.2194,1.4406,0.9097,0.8372,0.6429,nan,nan,nan,nan,0
late,cage,4,1,resnet,False,none,lr,0.0001,0.0001,32,11,0.2018,1.1683,1.0564,0.7907,0.5913,nan,nan,nan,nan,0
late,cage,4,1,resnet,False,none,lr,0.0001,0.0001,32,12,0.1687,1.0475,1.0953,0.8140,0.6508,nan,nan,nan,nan,0
late,cage,4,1,resnet,False,none,lr,0.0001,0.0001,32,13,0.1308,1.0423,1.1033,0.8140,0.6349,nan,nan,nan,nan,0
late,cage,4,1,resnet,False,none,lr,0.0001,0.0001,32,14,0.1016,1.1905,1.0556,0.8605,0.7143,nan,nan,nan,nan,0
late,cage,4,1,resnet,False,none,lr,0.0001,0.0001,32,15,0.1156,1.5147,1.1112,0.8372,0.6706,nan,nan,nan,nan,0
late,cage,4,1,resnet,False,none,lr,0.0001,0.0001,32,16,0.1123,1.5746,1.2610,0.8372,0.6627,2.1032,1.7807,0.8140,0.6107,1
late,cage,4,1,resnet,False,none,lr,0.0001,0.0001,32,17,0.0779,1.2433,1.3153,0.7907,0.6071,nan,nan,nan,nan,0
late,cage,4,1,resnet,False,none,lr,0.0001,0.0001,32,18,0.0724,1.5556,1.3159,0.8372,0.5794,nan,nan,nan,nan,0
late,cage,4,1,resnet,False,none,lr,0.0001,0.0001,32,19,0.0572,1.7413,1.2604,0.8605,0.6825,nan,nan,nan,nan,0
late,cage,4,1,resnet,False,none,lr,0.0001,0.0001,32,20,0.0589,1.6410,1.4079,0.8605,0.6786,nan,nan,nan,nan,0
late,cage,4,1,resnet,False,none,lr,0.0001,0.0001,32,21,0.0373,1.9463,1.5734,0.8372,0.6111,nan,nan,nan,nan,0
late,cage,4,2,resnet,False,none,lr,0.0001,0.0001,32,1,0.6954,0.6777,0.7550,0.1905,0.6949,nan,nan,nan,nan,0
late,cage,4,2,resnet,False,none,lr,0.0001,0.0001,32,2,0.6832,0.6638,0.6499,0.7857,0.7904,nan,nan,nan,nan,0
late,cage,4,2,resnet,False,none,lr,0.0001,0.0001,32,3,0.6674,0.6578,0.6613,0.6429,0.6728,nan,nan,nan,nan,0
late,cage,4,2,resnet,False,none,lr,0.0001,0.0001,32,4,0.6346,0.6408,0.7421,0.3810,0.7574,nan,nan,nan,nan,0
late,cage,4,2,resnet,False,none,lr,0.0001,0.0001,32,5,0.5649,0.6472,0.6831,0.7381,0.7059,nan,nan,nan,nan,1
late,cage,4,2,resnet,False,none,lr,0.0001,0.0001,32,6,0.5202,0.6591,0.6411,0.7619,0.7132,nan,nan,nan,nan,0
late,cage,4,2,resnet,False,none,lr,0.0001,0.0001,32,7,0.4607,0.9503,0.6968,0.8095,0.6654,nan,nan,nan,nan,0
late,cage,4,2,resnet,False,none,lr,0.0001,0.0001,32,8,0.4167,0.6516,0.8733,0.6905,0.7353,nan,nan,nan,nan,0
late,cage,4,2,resnet,False,none,lr,0.0001,0.0001,32,9,0.3464,0.6145,0.8570,0.6429,0.7279,nan,nan,nan,nan,0
late,cage,4,2,resnet,False,none,lr,0.0001,0.0001,32,10,0.3044,0.8860,0.8211,0.7857,0.7132,nan,nan,nan,nan,0
late,cage,4,2,resnet,False,none,lr,0.0001,0.0001,32,11,0.2674,0.6715,0.7744,0.8333,0.8235,nan,nan,nan,nan,1
late,cage,4,2,resnet,False,none,lr,0.0001,0.0001,32,12,0.2104,1.3635,1.0718,0.7381,0.7022,nan,nan,nan,nan,1
late,cage,4,2,resnet,False,none,lr,0.0001,0.0001,32,13,0.2095,1.2568,1.0345,0.7857,0.8235,1.8419,1.6204,0.8140,0.4964,1
late,cage,4,2,resnet,False,none,lr,0.0001,0.0001,32,14,0.1695,1.3430,1.1065,0.7857,0.7463,nan,nan,nan,nan,0
late,cage,4,2,resnet,False,none,lr,0.0001,0.0001,32,15,0.1473,1.2474,1.2443,0.7857,0.7022,nan,nan,nan,nan,0
late,cage,4,2,resnet,False,none,lr,0.0001,0.0001,32,16,0.1268,1.2779,1.3204,0.7619,0.6654,nan,nan,nan,nan,0
late,cage,4,2,resnet,False,none,lr,0.0001,0.0001,32,17,0.1332,1.1376,1.2149,0.7619,0.7353,nan,nan,nan,nan,0
late,cage,4,2,resnet,False,none,lr,0.0001,0.0001,32,18,0.1097,1.6970,1.2988,0.7857,0.7610,nan,nan,nan,nan,0
late,cage,4,3,resnet,False,none,lr,0.0001,0.0001,32,1,0.7004,0.6976,0.6740,0.8333,0.4204,nan,nan,nan,nan,0
late,cage,4,3,resnet,False,none,lr,0.0001,0.0001,32,2,0.6813,0.7057,0.7892,0.1667,0.5429,nan,nan,nan,nan,0
late,cage,4,3,resnet,False,none,lr,0.0001,0.0001,32,3,0.6410,0.7023,0.8074,0.3333,0.5878,nan,nan,nan,nan,0
late,cage,4,3,resnet,False,none,lr,0.0001,0.0001,32,4,0.5747,0.6574,0.6943,0.6905,0.6653,nan,nan,nan,nan,0
late,cage,4,3,resnet,False,none,lr,0.0001,0.0001,32,5,0.5052,0.7641,0.7435,0.7381,0.5510,nan,nan,nan,nan,1
late,cage,4,3,resnet,False,none,lr,0.0001,0.0001,32,6,0.4411,0.7544,0.9451,0.5000,0.6082,nan,nan,nan,nan,1
late,cage,4,3,resnet,False,none,lr,0.0001,0.0001,32,7,0.3917,0.8624,0.8194,0.7857,0.6245,0.9587,0.9081,0.7907,0.6321,1
late,cage,4,3,resnet,False,none,lr,0.0001,0.0001,32,8,0.3190,0.9077,0.9375,0.8095,0.6041,nan,nan,nan,nan,0
late,cage,4,3,resnet,False,none,lr,0.0001,0.0001,32,9,0.2858,1.1535,1.0140,0.8095,0.6082,nan,nan,nan,nan,0
late,cage,4,3,resnet,False,none,lr,0.0001,0.0001,32,10,0.2694,1.5861,1.1544,0.8333,0.4816,nan,nan,nan,nan,0
late,cage,4,3,resnet,False,none,lr,0.0001,0.0001,32,11,0.2147,0.9526,1.2861,0.6190,0.5102,nan,nan,nan,nan,0
late,cage,4,3,resnet,False,none,lr,0.0001,0.0001,32,12,0.1853,0.9684,1.0590,0.7619,0.6612,nan,nan,nan,nan,0
late,cage,4,3,resnet,False,none,lr,0.0001,0.0001,32,13,0.1613,1.7225,1.3960,0.8095,0.4980,nan,nan,nan,nan,0
late,cage,4,3,resnet,False,none,lr,0.0001,0.0001,32,14,0.1396,1.6433,1.3114,0.8333,0.5469,nan,nan,nan,nan,0
late,cage,4,3,resnet,False,none,lr,0.0001,0.0001,32,15,0.1092,1.3150,1.2954,0.8095,0.6204,nan,nan,nan,nan,0
late,cage,4,3,resnet,False,none,lr,0.0001,0.0001,32,16,0.1168,1.7727,1.5124,0.8095,0.4490,nan,nan,nan,nan,0
late,cage,4,5,resnet,False,none,lr,0.0001,0.0001,32,1,0.6956,0.7132,0.6974,0.6000,0.2975,nan,nan,nan,nan,0
late,cage,4,5,resnet,False,none,lr,0.0001,0.0001,32,2,0.6770,0.7297,0.7014,0.5250,0.4229,nan,nan,nan,nan,0
late,cage,4,5,resnet,False,none,lr,0.0001,0.0001,32,3,0.6219,0.8319,0.7315,0.6500,0.4301,nan,nan,nan,nan,0
late,cage,4,5,resnet,False,none,lr,0.0001,0.0001,32,4,0.5571,0.9041,0.8077,0.5750,0.3943,nan,nan,nan,nan,0
late,cage,4,5,resnet,False,none,lr,0.0001,0.0001,32,5,0.4731,1.1680,0.9003,0.7250,0.3763,nan,nan,nan,nan,1
late,cage,4,5,resnet,False,none,lr,0.0001,0.0001,32,6,0.4015,1.0992,0.9697,0.6000,0.3799,0.7428,0.8701,0.7674,0.6571,1
late,cage,4,5,resnet,False,none,lr,0.0001,0.0001,32,7,0.3643,1.2656,1.0904,0.5750,0.3477,nan,nan,nan,nan,0
late,cage,4,5,resnet,False,none,lr,0.0001,0.0001,32,8,0.2960,1.2903,1.3144,0.5000,0.3799,nan,nan,nan,nan,0
late,cage,4,5,resnet,False,none,lr,0.0001,0.0001,32,9,0.2422,1.6176,1.2914,0.7000,0.4050,nan,nan,nan,nan,0
late,cage,4,5,resnet,False,none,lr,0.0001,0.0001,32,10,0.2103,2.2669,1.6487,0.7000,0.3477,nan,nan,nan,nan,0
late,cage,4,5,resnet,False,none,lr,0.0001,0.0001,32,11,0.1889,1.6577,1.5125,0.5000,0.3548,nan,nan,nan,nan,0
late,cage,4,5,resnet,False,none,lr,0.0001,0.0001,32,12,0.1701,2.0748,1.8865,0.5000,0.3548,nan,nan,nan,nan,0
late,cage,4,5,resnet,False,none,lr,0.0001,0.0001,32,13,0.1254,1.7833,1.6348,0.6000,0.3907,nan,nan,nan,nan,0
late,cage,4,5,resnet,False,none,lr,0.0001,0.0001,32,14,0.1558,2.3285,1.7749,0.7000,0.3369,nan,nan,nan,nan,0
late,cage,4,5,resnet,False,none,lr,0.0001,0.0001,32,15,0.1019,2.6751,2.1755,0.6500,0.3584,nan,nan,nan,nan,0
late,cage,4,5,resnet,False,none,lr,0.0001,0.0001,32,16,0.0933,2.6613,1.8149,0.7250,0.3978,nan,nan,nan,nan,0
late,cage,4,6,resnet,False,none,lr,0.0001,0.0001,32,1,0.6962,0.6931,0.6857,0.7073,0.5048,nan,nan,nan,nan,0
late,cage,4,6,resnet,False,none,lr,0.0001,0.0001,32,2,0.6853,0.6996,0.6909,0.5610,0.4524,nan,nan,nan,nan,0
late,cage,4,6,resnet,False,none,lr,0.0001,0.0001,32,3,0.6549,0.7180,0.7306,0.4634,0.4619,nan,nan,nan,nan,0
late,cage,4,6,resnet,False,none,lr,0.0001,0.0001,32,4,0.5952,0.6687,0.7242,0.6098,0.6619,nan,nan,nan,nan,0
late,cage,4,6,resnet,False,none,lr,0.0001,0.0001,32,5,0.5379,0.6918,0.7784,0.6829,0.6143,nan,nan,nan,nan,1
late,cage,4,6,resnet,False,none,lr,0.0001,0.0001,32,6,0.4701,0.8096,0.7329,0.8049,0.5571,nan,nan,nan,nan,1
late,cage,4,6,resnet,False,none,lr,0.0001,0.0001,32,7,0.4045,0.9634,0.8164,0.7805,0.5381,0.9220,0.8783,0.8140,0.6786,1
late,cage,4,6,resnet,False,none,lr,0.0001,0.0001,32,8,0.3724,1.4405,1.0529,0.8537,0.3952,nan,nan,nan,nan,0
late,cage,4,6,resnet,False,none,lr,0.0001,0.0001,32,9,0.3098,0.8875,1.0240,0.5854,0.4238,nan,nan,nan,nan,0
late,cage,4,6,resnet,False,none,lr,0.0001,0.0001,32,10,0.2802,0.9124,0.9119,0.6829,0.5619,nan,nan,nan,nan,0
late,cage,4,6,resnet,False,none,lr,0.0001,0.0001,32,11,0.2375,1.3849,1.1123,0.7561,0.5238,nan,nan,nan,nan,0
late,cage,4,6,resnet,False,none,lr,0.0001,0.0001,32,12,0.1919,1.4806,1.3241,0.8049,0.4667,nan,nan,nan,nan,0
late,cage,4,6,resnet,False,none,lr,0.0001,0.0001,32,13,0.1964,1.8405,1.3872,0.8537,0.4429,nan,nan,nan,nan,0
late,cage,4,6,resnet,False,none,lr,0.0001,0.0001,32,14,0.1531,1.6106,1.2264,0.8537,0.5238,nan,nan,nan,nan,0
late,cage,4,6,resnet,False,none,lr,0.0001,0.0001,32,15,0.1461,1.1481,1.2555,0.7561,0.5810,nan,nan,nan,nan,0
late,cage,4,6,resnet,False,none,lr,0.0001,0.0001,32,16,0.1439,1.3482,1.2934,0.8049,0.5524,nan,nan,nan,nan,0
late,cage,4,7,resnet,False,none,lr,0.0001,0.0001,32,1,0.6987,0.6955,0.6840,0.6136,0.5312,nan,nan,nan,nan,0
late,cage,4,7,resnet,False,none,lr,0.0001,0.0001,32,2,0.6793,0.6998,0.7302,0.4091,0.5000,nan,nan,nan,nan,0
late,cage,4,7,resnet,False,none,lr,0.0001,0.0001,32,3,0.6428,0.6534,0.7206,0.5682,0.6389,nan,nan,nan,nan,0
late,cage,4,7,resnet,False,none,lr,0.0001,0.0001,32,4,0.5841,0.8233,0.6251,0.8182,0.6181,nan,nan,nan,nan,0
late,cage,4,7,resnet,False,none,lr,0.0001,0.0001,32,5,0.5280,0.7618,0.6243,0.8182,0.6215,nan,nan,nan,nan,1
late,cage,4,7,resnet,False,none,lr,0.0001,0.0001,32,6,0.4505,0.8169,0.7939,0.6818,0.5451,nan,nan,nan,nan,0
late,cage,4,7,resnet,False,none,lr,0.0001,0.0001,32,7,0.3909,0.8004,0.8672,0.6364,0.5660,nan,nan,nan,nan,1
late,cage,4,7,resnet,False,none,lr,0.0001,0.0001,32,8,0.3354,0.7214,0.7052,0.7727,0.7292,nan,nan,nan,nan,1
late,cage,4,7,resnet,False,none,lr,0.0001,0.0001,32,9,0.2914,1.2932,0.8358,0.8182,0.6285,nan,nan,nan,nan,0
late,cage,4,7,resnet,False,none,lr,0.0001,0.0001,32,10,0.2676,0.9062,0.8963,0.7273,0.6215,nan,nan,nan,nan,0
late,cage,4,7,resnet,False,none,lr,0.0001,0.0001,32,11,0.2283,0.8476,0.9007,0.7273,0.7049,nan,nan,nan,nan,1
late,cage,4,7,resnet,False,none,lr,0.0001,0.0001,32,12,0.1976,0.8392,0.8240,0.8182,0.7222,nan,nan,nan,nan,1
late,cage,4,7,resnet,False,none,lr,0.0001,0.0001,32,13,0.1668,1.4433,1.3133,0.7955,0.5417,nan,nan,nan,nan,0
late,cage,4,7,resnet,False,none,lr,0.0001,0.0001,32,14,0.1536,1.6417,1.1665,0.8182,0.6736,nan,nan,nan,nan,0
late,cage,4,7,resnet,False,none,lr,0.0001,0.0001,32,15,0.1367,1.4503,1.0550,0.8182,0.7917,1.5995,1.4795,0.7907,0.6179,1
late,cage,4,7,resnet,False,none,lr,0.0001,0.0001,32,16,0.0975,0.8786,1.5569,0.6136,0.6181,nan,nan,nan,nan,0
late,cage,4,7,resnet,False,none,lr,0.0001,0.0001,32,17,0.1304,1.5389,1.2354,0.7955,0.6632,nan,nan,nan,nan,0
late,cage,4,7,resnet,False,none,lr,0.0001,0.0001,32,18,0.1248,1.8475,1.2336,0.8182,0.6181,nan,nan,nan,nan,0
late,cage,4,7,resnet,False,none,lr,0.0001,0.0001,32,19,0.0699,2.2840,1.4224,0.8182,0.6632,nan,nan,nan,nan,0
late,cage,4,7,resnet,False,none,lr,0.0001,0.0001,32,20,0.0771,2.2280,1.4709,0.8182,0.6528,nan,nan,nan,nan,0
late,cage,4,8,resnet,False,none,lr,0.0001,0.0001,32,1,0.6958,0.7327,0.6098,0.8298,0.4487,nan,nan,nan,nan,0
late,cage,4,8,resnet,False,none,lr,0.0001,0.0001,32,2,0.6843,0.7230,0.6229,0.8298,0.4615,nan,nan,nan,nan,0
late,cage,4,8,resnet,False,none,lr,0.0001,0.0001,32,3,0.6586,0.6810,0.7772,0.3830,0.6506,nan,nan,nan,nan,0
late,cage,4,8,resnet,False,none,lr,0.0001,0.0001,32,4,0.6033,0.7495,0.5936,0.8298,0.6603,nan,nan,nan,nan,0
late,cage,4,8,resnet,False,none,lr,0.0001,0.0001,32,5,0.5416,0.6694,0.7689,0.5106,0.5994,nan,nan,nan,nan,1
late,cage,4,8,resnet,False,none,lr,0.0001,0.0001,32,6,0.4770,0.7341,0.6322,0.7872,0.7083,nan,nan,nan,nan,1
late,cage,4,8,resnet,False,none,lr,0.0001,0.0001,32,7,0.4107,0.6656,0.8289,0.6170,0.6699,0.7487,0.9000,0.5814,0.5750,1
late,cage,4,8,resnet,False,none,lr,0.0001,0.0001,32,8,0.3476,0.9154,0.7990,0.7872,0.6603,nan,nan,nan,nan,0
late,cage,4,8,resnet,False,none,lr,0.0001,0.0001,32,9,0.2951,0.8039,0.9024,0.7234,0.6218,nan,nan,nan,nan,0
late,cage,4,8,resnet,False,none,lr,0.0001,0.0001,32,10,0.2581,1.2907,1.0343,0.7447,0.5994,nan,nan,nan,nan,0
late,cage,4,8,resnet,False,none,lr,0.0001,0.0001,32,11,0.2338,1.4695,1.0475,0.7872,0.5737,nan,nan,nan,nan,0
late,cage,4,8,resnet,False,none,lr,0.0001,0.0001,32,12,0.1854,1.0080,1.2125,0.6809,0.5929,nan,nan,nan,nan,0
late,cage,4,8,resnet,False,none,lr,0.0001,0.0001,32,13,0.1625,1.5620,1.1722,0.7872,0.6186,nan,nan,nan,nan,0
late,cage,4,8,resnet,False,none,lr,0.0001,0.0001,32,14,0.1354,1.5131,1.2442,0.7234,0.5994,nan,nan,nan,nan,0
late,cage,4,8,resnet,False,none,lr,0.0001,0.0001,32,15,0.1226,1.6917,1.2131,0.8085,0.6026,nan,nan,nan,nan,0
late,cage,4,8,resnet,False,none,lr,0.0001,0.0001,32,16,0.1188,1.8578,1.2318,0.8298,0.6250,nan,nan,nan,nan,0
late,cage,4,9,resnet,False,none,lr,0.0001,0.0001,32,1,0.7049,0.6980,0.6739,0.7857,0.5859,nan,nan,nan,nan,0
late,cage,4,9,resnet,False,none,lr,0.0001,0.0001,32,2,0.6709,0.7423,0.6866,0.7381,0.5185,nan,nan,nan,nan,0
late,cage,4,9,resnet,False,none,lr,0.0001,0.0001,32,3,0.6144,0.7259,0.8094,0.5476,0.5387,nan,nan,nan,nan,0
late,cage,4,9,resnet,False,none,lr,0.0001,0.0001,32,4,0.5521,0.8608,0.8224,0.6905,0.5488,nan,nan,nan,nan,0
late,cage,4,9,resnet,False,none,lr,0.0001,0.0001,32,5,0.4715,1.0078,0.9427,0.5952,0.4882,nan,nan,nan,nan,1
late,cage,4,9,resnet,False,none,lr,0.0001,0.0001,32,6,0.4043,1.2747,0.9535,0.7381,0.5387,nan,nan,nan,nan,0
late,cage,4,9,resnet,False,none,lr,0.0001,0.0001,32,7,0.3290,0.8858,1.2123,0.5238,0.5084,nan,nan,nan,nan,0
late,cage,4,9,resnet,False,none,lr,0.0001,0.0001,32,8,0.2760,1.4442,1.3050,0.6667,0.4680,nan,nan,nan,nan,0
late,cage,4,9,resnet,False,none,lr,0.0001,0.0001,32,9,0.2348,1.5604,1.3229,0.7619,0.5623,nan,nan,nan,nan,0
late,cage,4,9,resnet,False,none,lr,0.0001,0.0001,32,10,0.2150,2.0157,1.3703,0.7619,0.5724,nan,nan,nan,nan,0
late,cage,4,9,resnet,False,none,lr,0.0001,0.0001,32,11,0.1676,2.0761,1.4748,0.7619,0.5791,nan,nan,nan,nan,0
late,cage,4,9,resnet,False,none,lr,0.0001,0.0001,32,12,0.1552,2.1845,1.4907,0.7619,0.5387,nan,nan,nan,nan,1
late,cage,4,9,resnet,False,none,lr,0.0001,0.0001,32,13,0.1133,1.7615,1.5509,0.7619,0.5690,1.1907,1.3276,0.7907,0.6893,1
late,cage,4,9,resnet,False,none,lr,0.0001,0.0001,32,14,0.1003,2.0450,1.6283,0.7381,0.5084,nan,nan,nan,nan,0
late,cage,4,9,resnet,False,none,lr,0.0001,0.0001,32,15,0.1050,1.7610,1.7490,0.6429,0.5589,nan,nan,nan,nan,0
late,cage,4,9,resnet,False,none,lr,0.0001,0.0001,32,16,0.0812,2.2125,1.6695,0.7381,0.5859,nan,nan,nan,nan,0
late,cage,4,9,resnet,False,none,lr,0.0001,0.0001,32,17,0.1005,2.0039,1.7630,0.7143,0.5791,nan,nan,nan,nan,0
late,cage,4,9,resnet,False,none,lr,0.0001,0.0001,32,18,0.0780,3.0842,2.1736,0.7381,0.5286,nan,nan,nan,nan,0
late,cage,5,0,resnet,False,none,lr,0.0001,0.0001,32,1,0.6907,0.7020,0.6911,0.6744,0.4087,nan,nan,nan,nan,0
late,cage,5,0,resnet,False,none,lr,0.0001,0.0001,32,2,0.6779,0.6826,0.6702,0.7209,0.6111,nan,nan,nan,nan,0
late,cage,5,0,resnet,False,none,lr,0.0001,0.0001,32,3,0.6568,0.7958,0.6061,0.8372,0.6825,nan,nan,nan,nan,0
late,cage,5,0,resnet,False,none,lr,0.0001,0.0001,32,4,0.6077,0.6340,0.6949,0.6512,0.7540,nan,nan,nan,nan,0
late,cage,5,0,resnet,False,none,lr,0.0001,0.0001,32,5,0.5338,0.6231,0.7409,0.4884,0.7381,nan,nan,nan,nan,1
late,cage,5,0,resnet,False,none,lr,0.0001,0.0001,32,6,0.4677,0.5581,0.7080,0.7442,0.7937,nan,nan,nan,nan,1
late,cage,5,0,resnet,False,none,lr,0.0001,0.0001,32,7,0.3883,0.6549,0.9654,0.4419,0.7460,nan,nan,nan,nan,1
late,cage,5,0,resnet,False,none,lr,0.0001,0.0001,32,8,0.3393,0.6591,0.7595,0.8605,0.7897,1.2868,1.0097,0.6750,0.4373,1
late,cage,5,0,resnet,False,none,lr,0.0001,0.0001,32,9,0.2887,0.8393,0.9034,0.8140,0.7143,nan,nan,nan,nan,0
late,cage,5,0,resnet,False,none,lr,0.0001,0.0001,32,10,0.2336,0.8528,0.9267,0.8605,0.7579,nan,nan,nan,nan,0
late,cage,5,0,resnet,False,none,lr,0.0001,0.0001,32,11,0.2232,1.0499,0.9537,0.8605,0.7460,nan,nan,nan,nan,0
late,cage,5,0,resnet,False,none,lr,0.0001,0.0001,32,12,0.1732,1.5367,1.2776,0.8372,0.6706,nan,nan,nan,nan,0
late,cage,5,0,resnet,False,none,lr,0.0001,0.0001,32,13,0.1522,1.2797,1.2041,0.8372,0.7024,nan,nan,nan,nan,0
late,cage,5,0,resnet,False,none,lr,0.0001,0.0001,32,14,0.1171,1.4956,1.4084,0.8140,0.7619,nan,nan,nan,nan,0
late,cage,5,0,resnet,False,none,lr,0.0001,0.0001,32,15,0.1189,1.1197,1.1362,0.8372,0.7500,nan,nan,nan,nan,0
late,cage,5,0,resnet,False,none,lr,0.0001,0.0001,32,16,0.0948,1.2980,1.2502,0.8140,0.7302,nan,nan,nan,nan,0
late,cage,5,1,resnet,False,none,lr,0.0001,0.0001,32,1,0.6919,0.6738,0.6960,0.4884,0.6984,nan,nan,nan,nan,0
late,cage,5,1,resnet,False,none,lr,0.0001,0.0001,32,2,0.6665,0.6627,0.5940,0.7674,0.7143,nan,nan,nan,nan,0
late,cage,5,1,resnet,False,none,lr,0.0001,0.0001,32,3,0.6169,0.6242,0.6197,0.6977,0.7183,nan,nan,nan,nan,0
late,cage,5,1,resnet,False,none,lr,0.0001,0.0001,32,4,0.5405,0.5703,0.5575,0.7907,0.8095,nan,nan,nan,nan,0
late,cage,5,1,resnet,False,none,lr,0.0001,0.0001,32,5,0.4670,0.6791,0.5923,0.8140,0.7460,nan,nan,nan,nan,1
late,cage,5,1,resnet,False,none,lr,0.0001,0.0001,32,6,0.4088,0.5942,0.7377,0.7209,0.7341,nan,nan,nan,nan,1
late,cage,5,1,resnet,False,none,lr,0.0001,0.0001,32,7,0.3410,0.7208,0.7048,0.7442,0.7579,nan,nan,nan,nan,1
late,cage,5,1,resnet,False,none,lr,0.0001,0.0001,32,8,0.2909,0.6834,0.7241,0.8140,0.7381,nan,nan,nan,nan,0
late,cage,5,1,resnet,False,none,lr,0.0001,0.0001,32,9,0.2419,0.9180,0.7181,0.8140,0.7579,nan,nan,nan,nan,0
late,cage,5,1,resnet,False,none,lr,0.0001,0.0001,32,10,0.2075,0.9526,0.8357,0.8372,0.7302,nan,nan,nan,nan,0
late,cage,5,1,resnet,False,none,lr,0.0001,0.0001,32,11,0.1821,0.7142,0.9895,0.7442,0.6627,nan,nan,nan,nan,0
late,cage,5,1,resnet,False,none,lr,0.0001,0.0001,32,12,0.1383,0.7381,0.8989,0.7907,0.7817,nan,nan,nan,nan,0
late,cage,5,1,resnet,False,none,lr,0.0001,0.0001,32,13,0.1342,1.2973,1.0335,0.8140,0.8175,nan,nan,nan,nan,0
late,cage,5,1,resnet,False,none,lr,0.0001,0.0001,32,14,0.1078,1.3971,1.0044,0.8140,0.8214,2.4857,1.6894,0.7750,0.4122,1
late,cage,5,1,resnet,False,none,lr,0.0001,0.0001,32,15,0.1060,1.0760,1.1615,0.8140,0.6786,nan,nan,nan,nan,0
late,cage,5,1,resnet,False,none,lr,0.0001,0.0001,32,16,0.0805,1.3371,1.0424,0.8372,0.6508,nan,nan,nan,nan,0
late,cage,5,1,resnet,False,none,lr,0.0001,0.0001,32,17,0.0779,0.9933,1.1524,0.8372,0.7222,nan,nan,nan,nan,0
late,cage,5,1,resnet,False,none,lr,0.0001,0.0001,32,18,0.0606,1.2277,1.2054,0.8372,0.7302,nan,nan,nan,nan,0
late,cage,5,1,resnet,False,none,lr,0.0001,0.0001,32,19,0.0548,1.6942,1.2757,0.8372,0.6706,nan,nan,nan,nan,0
late,cage,5,2,resnet,False,none,lr,0.0001,0.0001,32,1,0.6970,0.6884,0.6867,0.6667,0.6213,nan,nan,nan,nan,0
late,cage,5,2,resnet,False,none,lr,0.0001,0.0001,32,2,0.6742,0.7345,0.6427,0.8333,0.6140,nan,nan,nan,nan,0
late,cage,5,2,resnet,False,none,lr,0.0001,0.0001,32,3,0.6222,0.7529,0.6262,0.7857,0.6801,nan,nan,nan,nan,0
late,cage,5,2,resnet,False,none,lr,0.0001,0.0001,32,4,0.5449,0.7002,0.8481,0.4762,0.6324,nan,nan,nan,nan,0
late,cage,5,2,resnet,False,none,lr,0.0001,0.0001,32,5,0.4528,0.7494,0.7270,0.7857,0.7390,nan,nan,nan,nan,1
late,cage,5,2,resnet,False,none,lr,0.0001,0.0001,32,6,0.3766,1.3146,0.8520,0.8095,0.7279,nan,nan,nan,nan,1
late,cage,5,2,resnet,False,none,lr,0.0001,0.0001,32,7,0.3158,0.7233,0.9950,0.8095,0.7279,nan,nan,nan,nan,1
late,cage,5,2,resnet,False,none,lr,0.0001,0.0001,32,8,0.2605,1.0723,0.9552,0.7857,0.7059,1.6686,1.2133,0.7500,0.4158,1
late,cage,5,2,resnet,False,none,lr,0.0001,0.0001,32,9,0.2241,0.8556,1.1322,0.7381,0.6213,nan,nan,nan,nan,0
late,cage,5,2,resnet,False,none,lr,0.0001,0.0001,32,10,0.2002,0.8546,1.0031,0.8571,0.7316,nan,nan,nan,nan,0
late,cage,5,2,resnet,False,none,lr,0.0001,0.0001,32,11,0.1708,1.8203,1.2683,0.7857,0.6691,nan,nan,nan,nan,0
late,cage,5,2,resnet,False,none,lr,0.0001,0.0001,32,12,0.1300,1.1798,1.2337,0.8095,0.7059,nan,nan,nan,nan,0
late,cage,5,2,resnet,False,none,lr,0.0001,0.0001,32,13,0.1104,1.1230,1.3664,0.7619,0.6618,nan,nan,nan,nan,0
late,cage,5,2,resnet,False,none,lr,0.0001,0.0001,32,14,0.0972,1.3555,1.2621,0.8095,0.7500,nan,nan,nan,nan,0
late,cage,5,2,resnet,False,none,lr,0.0001,0.0001,32,15,0.0817,2.0578,1.4575,0.7857,0.6618,nan,nan,nan,nan,0
late,cage,5,2,resnet,False,none,lr,0.0001,0.0001,32,16,0.0843,1.0501,1.2767,0.8571,0.7243,nan,nan,nan,nan,0
late,cage,5,3,resnet,False,none,lr,0.0001,0.0001,32,1,0.6874,0.6888,0.6593,0.7381,0.6041,nan,nan,nan,nan,0
late,cage,5,3,resnet,False,none,lr,0.0001,0.0001,32,2,0.6579,0.6687,0.6823,0.5476,0.6367,nan,nan,nan,nan,0
late,cage,5,3,resnet,False,none,lr,0.0001,0.0001,32,3,0.6032,0.6784,0.6733,0.7143,0.6286,nan,nan,nan,nan,0
late,cage,5,3,resnet,False,none,lr,0.0001,0.0001,32,4,0.5201,0.6876,0.7216,0.6905,0.6245,nan,nan,nan,nan,0
late,cage,5,3,resnet,False,none,lr,0.0001,0.0001,32,5,0.4310,0.6752,0.7605,0.7857,0.6612,nan,nan,nan,nan,1
late,cage,5,3,resnet,False,none,lr,0.0001,0.0001,32,6,0.3589,0.7898,0.8347,0.7619,0.6939,nan,nan,nan,nan,1
late,cage,5,3,resnet,False,none,lr,0.0001,0.0001,32,7,0.3021,0.6298,0.9817,0.6667,0.6857,1.0437,1.0709,0.6000,0.4516,1
late,cage,5,3,resnet,False,none,lr,0.0001,0.0001,32,8,0.2457,1.5974,1.1142,0.8333,0.5633,nan,nan,nan,nan,0
late,cage,5,3,resnet,False,none,lr,0.0001,0.0001,32,9,0.2070,1.1840,0.9563,0.8095,0.6571,nan,nan,nan,nan,0
late,cage,5,3,resnet,False,none,lr,0.0001,0.0001,32,10,0.1852,1.0476,1.1311,0.7143,0.5918,nan,nan,nan,nan,0
late,cage,5,3,resnet,False,none,lr,0.0001,0.0001,32,11,0.1483,1.4530,1.2696,0.8095,0.4653,nan,nan,nan,nan,0
late,cage,5,3,resnet,False,none,lr,0.0001,0.0001,32,12,0.1171,1.0982,1.2395,0.8095,0.5755,nan,nan,nan,nan,0
late,cage,5,3,resnet,False,none,lr,0.0001,0.0001,32,13,0.1108,2.0312,1.5467,0.8333,0.5469,nan,nan,nan,nan,0
late,cage,5,3,resnet,False,none,lr,0.0001,0.0001,32,14,0.1025,0.9302,1.3551,0.7381,0.6816,nan,nan,nan,nan,0
late,cage,5,3,resnet,False,none,lr,0.0001,0.0001,32,15,0.0793,1.4494,1.4785,0.7857,0.5265,nan,nan,nan,nan,0
late,cage,5,3,resnet,False,none,lr,0.0001,0.0001,32,16,0.0720,1.4759,1.4268,0.8095,0.6245,nan,nan,nan,nan,0
late,cage,5,4,resnet,False,none,lr,0.0001,0.0001,32,1,0.7018,0.6867,0.6707,0.8140,0.6250,nan,nan,nan,nan,0
late,cage,5,4,resnet,False,none,lr,0.0001,0.0001,32,2,0.6787,0.7112,0.6480,0.8140,0.6964,nan,nan,nan,nan,0
late,cage,5,4,resnet,False,none,lr,0.0001,0.0001,32,3,0.6449,0.6667,0.7398,0.3256,0.6929,nan,nan,nan,nan,0
late,cage,5,4,resnet,False,none,lr,0.0001,0.0001,32,4,0.5662,0.6540,0.7304,0.4419,0.6750,nan,nan,nan,nan,0
late,cage,5,4,resnet,False,none,lr,0.0001,0.0001,32,5,0.4868,0.7957,0.7833,0.7674,0.6464,nan,nan,nan,nan,1
late,cage,5,4,resnet,False,none,lr,0.0001,0.0001,32,6,0.4086,0.6602,0.9236,0.5116,0.6643,0.8974,1.1385,0.4000,0.4301,1
late,cage,5,4,resnet,False,none,lr,0.0001,0.0001,32,7,0.3389,0.7371,0.9117,0.6047,0.6286,nan,nan,nan,nan,0
late,cage,5,4,resnet,False,none,lr,0.0001,0.0001,32,8,0.2831,0.7244,0.9541,0.6977,0.6750,nan,nan,nan,nan,0
late,cage,5,4,resnet,False,none,lr,0.0001,0.0001,32,9,0.2294,0.7568,0.9184,0.7674,0.6643,nan,nan,nan,nan,0
late,cage,5,4,resnet,False,none,lr,0.0001,0.0001,32,10,0.1926,1.2586,1.1150,0.7907,0.5286,nan,nan,nan,nan,0
late,cage,5,4,resnet,False,none,lr,0.0001,0.0001,32,11,0.1364,1.5146,1.3447,0.8140,0.5929,nan,nan,nan,nan,0
late,cage,5,4,resnet,False,none,lr,0.0001,0.0001,32,12,0.1438,1.3878,1.4128,0.7907,0.6286,nan,nan,nan,nan,0
late,cage,5,4,resnet,False,none,lr,0.0001,0.0001,32,13,0.1102,1.6918,1.6979,0.7674,0.5357,nan,nan,nan,nan,0
late,cage,5,4,resnet,False,none,lr,0.0001,0.0001,32,14,0.1227,1.6641,1.4251,0.8372,0.6643,nan,nan,nan,nan,0
late,cage,5,4,resnet,False,none,lr,0.0001,0.0001,32,15,0.0763,1.5051,1.4906,0.8140,0.6464,nan,nan,nan,nan,0
late,cage,5,4,resnet,False,none,lr,0.0001,0.0001,32,16,0.0525,1.9498,1.7373,0.8372,0.6393,nan,nan,nan,nan,0
late,cage,5,6,resnet,False,none,lr,0.0001,0.0001,32,1,0.6904,0.7407,0.8048,0.1463,0.5571,nan,nan,nan,nan,0
late,cage,5,6,resnet,False,none,lr,0.0001,0.0001,32,2,0.6692,0.6967,0.6401,0.6829,0.5000,nan,nan,nan,nan,0
late,cage,5,6,resnet,False,none,lr,0.0001,0.0001,32,3,0.6362,0.6650,0.6618,0.6341,0.6429,nan,nan,nan,nan,0
late,cage,5,6,resnet,False,none,lr,0.0001,0.0001,32,4,0.5932,0.6954,0.6523,0.6585,0.5381,nan,nan,nan,nan,0
late,cage,5,6,resnet,False,none,lr,0.0001,0.0001,32,5,0.5118,0.7463,0.7843,0.6341,0.4905,nan,nan,nan,nan,1
late,cage,5,6,resnet,False,none,lr,0.0001,0.0001,32,6,0.4215,0.7478,0.7557,0.7317,0.6619,nan,nan,nan,nan,1
late,cage,5,6,resnet,False,none,lr,0.0001,0.0001,32,7,0.3762,0.7892,1.0524,0.4634,0.5381,0.9484,1.1228,0.4750,0.4409,1
late,cage,5,6,resnet,False,none,lr,0.0001,0.0001,32,8,0.3090,1.0858,0.9714,0.8049,0.5952,nan,nan,nan,nan,0
late,cage,5,6,resnet,False,none,lr,0.0001,0.0001,32,9,0.2600,1.0418,1.1638,0.7073,0.4762,nan,nan,nan,nan,0
late,cage,5,6,resnet,False,none,lr,0.0001,0.0001,32,10,0.2078,1.2608,1.2009,0.7317,0.5476,nan,nan,nan,nan,0
late,cage,5,6,resnet,False,none,lr,0.0001,0.0001,32,11,0.1925,1.7503,1.4062,0.8049,0.4571,nan,nan,nan,nan,0
late,cage,5,6,resnet,False,none,lr,0.0001,0.0001,32,12,0.1733,1.2373,1.5728,0.5610,0.4286,nan,nan,nan,nan,0
late,cage,5,6,resnet,False,none,lr,0.0001,0.0001,32,13,0.1500,1.6661,1.3270,0.7805,0.5810,nan,nan,nan,nan,0
late,cage,5,6,resnet,False,none,lr,0.0001,0.0001,32,14,0.1115,1.8564,1.4141,0.8293,0.6238,nan,nan,nan,nan,0
late,cage,5,6,resnet,False,none,lr,0.0001,0.0001,32,15,0.0983,1.4411,1.5756,0.7317,0.5571,nan,nan,nan,nan,0
late,cage,5,6,resnet,False,none,lr,0.0001,0.0001,32,16,0.1052,2.0104,1.5668,0.8293,0.5857,nan,nan,nan,nan,0
late,cage,5,7,resnet,False,none,lr,0.0001,0.0001,32,1,0.7024,0.7009,0.7055,0.4318,0.4375,nan,nan,nan,nan,0
late,cage,5,7,resnet,False,none,lr,0.0001,0.0001,32,2,0.6754,0.7069,0.7263,0.3636,0.4097,nan,nan,nan,nan,0
late,cage,5,7,resnet,False,none,lr,0.0001,0.0001,32,3,0.6352,0.6631,0.6120,0.7955,0.7049,nan,nan,nan,nan,0
late,cage,5,7,resnet,False,none,lr,0.0001,0.0001,32,4,0.5733,0.6762,0.5904,0.7727,0.7743,nan,nan,nan,nan,0
late,cage,5,7,resnet,False,none,lr,0.0001,0.0001,32,5,0.4834,0.5669,0.5544,0.8182,0.8611,nan,nan,nan,nan,1
late,cage,5,7,resnet,False,none,lr,0.0001,0.0001,32,6,0.4228,0.7077,0.6063,0.7727,0.7257,nan,nan,nan,nan,1
late,cage,5,7,resnet,False,none,lr,0.0001,0.0001,32,7,0.3510,0.7557,0.7043,0.7500,0.7361,1.2437,1.0725,0.6500,0.4337,1
late,cage,5,7,resnet,False,none,lr,0.0001,0.0001,32,8,0.2952,1.1725,0.7466,0.8409,0.6250,nan,nan,nan,nan,0
late,cage,5,7,resnet,False,none,lr,0.0001,0.0001,32,9,0.2493,0.7000,0.8208,0.7727,0.7118,nan,nan,nan,nan,0
late,cage,5,7,resnet,False,none,lr,0.0001,0.0001,32,10,0.2183,0.8876,0.8830,0.8409,0.6771,nan,nan,nan,nan,0
late,cage,5,7,resnet,False,none,lr,0.0001,0.0001,32,11,0.1854,1.0142,0.9049,0.8182,0.6875,nan,nan,nan,nan,0
late,cage,5,7,resnet,False,none,lr,0.0001,0.0001,32,12,0.1791,1.4108,1.0479,0.8409,0.7153,nan,nan,nan,nan,0
late,cage,5,7,resnet,False,none,lr,0.0001,0.0001,32,13,0.1384,1.1787,0.9867,0.8182,0.7118,nan,nan,nan,nan,0
late,cage,5,7,resnet,False,none,lr,0.0001,0.0001,32,14,0.1302,1.3845,0.9967,0.8182,0.6667,nan,nan,nan,nan,0
late,cage,5,7,resnet,False,none,lr,0.0001,0.0001,32,15,0.1085,1.6841,1.1581,0.8182,0.6528,nan,nan,nan,nan,0
late,cage,5,7,resnet,False,none,lr,0.0001,0.0001,32,16,0.0953,1.6316,1.0611,0.8182,0.7778,nan,nan,nan,nan,0
late,cage,5,8,resnet,False,none,lr,0.0001,0.0001,32,1,0.6888,0.6965,0.7175,0.2553,0.4904,nan,nan,nan,nan,0
late,cage,5,8,resnet,False,none,lr,0.0001,0.0001,32,2,0.6691,0.7388,0.6582,0.7660,0.4423,nan,nan,nan,nan,0
late,cage,5,8,resnet,False,none,lr,0.0001,0.0001,32,3,0.6264,0.6588,0.7377,0.4043,0.6571,nan,nan,nan,nan,0
late,cage,5,8,resnet,False,none,lr,0.0001,0.0001,32,4,0.5481,0.8291,0.6555,0.8298,0.6090,nan,nan,nan,nan,0
late,cage,5,8,resnet,False,none,lr,0.0001,0.0001,32,5,0.4701,0.6631,0.6305,0.8298,0.6955,nan,nan,nan,nan,1
late,cage,5,8,resnet,False,none,lr,0.0001,0.0001,32,6,0.4187,0.7134,0.8096,0.6596,0.6378,nan,nan,nan,nan,1
late,cage,5,8,resnet,False,none,lr,0.0001,0.0001,32,7,0.3391,1.1172,0.8457,0.7660,0.5417,1.1296,0.8751,0.7500,0.4839,1
late,cage,5,8,resnet,False,none,lr,0.0001,0.0001,32,8,0.2960,1.0883,0.8156,0.8511,0.6282,nan,nan,nan,nan,0
late,cage,5,8,resnet,False,none,lr,0.0001,0.0001,32,9,0.2447,1.0229,0.9796,0.7660,0.5769,nan,nan,nan,nan,0
late,cage,5,8,resnet,False,none,lr,0.0001,0.0001,32,10,0.2298,1.1348,1.0674,0.7447,0.5417,nan,nan,nan,nan,0
late,cage,5,8,resnet,False,none,lr,0.0001,0.0001,32,11,0.1895,1.1260,1.1211,0.7660,0.6282,nan,nan,nan,nan,0
late,cage,5,8,resnet,False,none,lr,0.0001,0.0001,32,12,0.1770,1.3832,1.1985,0.7872,0.5385,nan,nan,nan,nan,0
late,cage,5,8,resnet,False,none,lr,0.0001,0.0001,32,13,0.1385,1.5400,1.2033,0.8085,0.6154,nan,nan,nan,nan,0
late,cage,5,8,resnet,False,none,lr,0.0001,0.0001,32,14,0.1232,1.4419,1.1299,0.7872,0.6186,nan,nan,nan,nan,0
late,cage,5,8,resnet,False,none,lr,0.0001,0.0001,32,15,0.1119,2.2314,1.4076,0.8298,0.5513,nan,nan,nan,nan,0
late,cage,5,8,resnet,False,none,lr,0.0001,0.0001,32,16,0.0998,1.8025,1.3068,0.8085,0.6410,nan,nan,nan,nan,0
late,cage,5,9,resnet,False,none,lr,0.0001,0.0001,32,1,0.6929,0.6632,0.6456,0.7857,0.7912,nan,nan,nan,nan,0
late,cage,5,9,resnet,False,none,lr,0.0001,0.0001,32,2,0.6772,0.7131,0.6762,0.7143,0.5724,nan,nan,nan,nan,0
late,cage,5,9,resnet,False,none,lr,0.0001,0.0001,32,3,0.6078,0.7087,1.0580,0.3571,0.5926,nan,nan,nan,nan,0
late,cage,5,9,resnet,False,none,lr,0.0001,0.0001,32,4,0.5339,0.8738,0.7981,0.6905,0.5724,nan,nan,nan,nan,0
late,cage,5,9,resnet,False,none,lr,0.0001,0.0001,32,5,0.4480,1.1266,0.8916,0.6905,0.4815,1.2632,0.9031,0.7000,0.3728,1
late,cage,5,9,resnet,False,none,lr,0.0001,0.0001,32,6,0.3679,0.9493,1.0733,0.6190,0.4781,nan,nan,nan,nan,0
late,cage,5,9,resnet,False,none,lr,0.0001,0.0001,32,7,0.3225,1.3058,1.0605,0.7143,0.5219,nan,nan,nan,nan,0
late,cage,5,9,resnet,False,none,lr,0.0001,0.0001,32,8,0.2723,1.1740,1.1859,0.6667,0.5118,nan,nan,nan,nan,0
late,cage,5,9,resnet,False,none,lr,0.0001,0.0001,32,9,0.2293,1.1907,1.3873,0.5952,0.4310,nan,nan,nan,nan,0
late,cage,5,9,resnet,False,none,lr,0.0001,0.0001,32,10,0.1814,1.6872,1.4741,0.6905,0.4444,nan,nan,nan,nan,0
late,cage,5,9,resnet,False,none,lr,0.0001,0.0001,32,11,0.1472,1.8470,1.6460,0.6667,0.4242,nan,nan,nan,nan,0
late,cage,5,9,resnet,False,none,lr,0.0001,0.0001,32,12,0.1354,2.1546,1.6309,0.6905,0.5051,nan,nan,nan,nan,0
late,cage,5,9,resnet,False,none,lr,0.0001,0.0001,32,13,0.1191,2.2472,1.7490,0.7143,0.4209,nan,nan,nan,nan,0
late,cage,5,9,resnet,False,none,lr,0.0001,0.0001,32,14,0.1329,1.7074,1.6308,0.6429,0.4242,nan,nan,nan,nan,0
late,cage,5,9,resnet,False,none,lr,0.0001,0.0001,32,15,0.0847,1.4924,1.7852,0.6667,0.5320,nan,nan,nan,nan,0
late,cage,5,9,resnet,False,none,lr,0.0001,0.0001,32,16,0.0737,1.5448,1.8182,0.7381,0.5724,nan,nan,nan,nan,0
late,cage,6,0,resnet,False,none,lr,0.0001,0.0001,32,1,0.6994,0.6995,0.7568,0.1628,0.7183,nan,nan,nan,nan,0
late,cage,6,0,resnet,False,none,lr,0.0001,0.0001,32,2,0.6836,0.6643,0.6387,0.8140,0.7500,nan,nan,nan,nan,0
late,cage,6,0,resnet,False,none,lr,0.0001,0.0001,32,3,0.6661,0.7389,0.8583,0.1628,0.6468,nan,nan,nan,nan,0
late,cage,6,0,resnet,False,none,lr,0.0001,0.0001,32,4,0.6339,0.6062,0.6625,0.7209,0.8690,nan,nan,nan,nan,0
late,cage,6,0,resnet,False,none,lr,0.0001,0.0001,32,5,0.5753,0.6431,0.6910,0.7209,0.7103,0.7813,0.8059,0.5854,0.4619,1
late,cage,6,0,resnet,False,none,lr,0.0001,0.0001,32,6,0.5144,0.7301,0.8100,0.6977,0.5952,nan,nan,nan,nan,0
late,cage,6,0,resnet,False,none,lr,0.0001,0.0001,32,7,0.4483,0.6268,0.8136,0.6512,0.6944,nan,nan,nan,nan,0
late,cage,6,0,resnet,False,none,lr,0.0001,0.0001,32,8,0.3694,0.5913,0.8974,0.7209,0.7540,nan,nan,nan,nan,0
late,cage,6,0,resnet,False,none,lr,0.0001,0.0001,32,9,0.3361,0.7207,0.8577,0.7674,0.6825,nan,nan,nan,nan,0
late,cage,6,0,resnet,False,none,lr,0.0001,0.0001,32,10,0.2695,1.0958,0.9947,0.7907,0.6706,nan,nan,nan,nan,0
late,cage,6,0,resnet,False,none,lr,0.0001,0.0001,32,11,0.2480,0.6577,0.9434,0.7907,0.7500,nan,nan,nan,nan,0
late,cage,6,0,resnet,False,none,lr,0.0001,0.0001,32,12,0.1921,1.7136,1.2915,0.8372,0.7778,nan,nan,nan,nan,0
late,cage,6,0,resnet,False,none,lr,0.0001,0.0001,32,13,0.1854,0.8401,1.2204,0.7442,0.7341,nan,nan,nan,nan,0
late,cage,6,0,resnet,False,none,lr,0.0001,0.0001,32,14,0.1684,1.6945,1.3266,0.8372,0.7024,nan,nan,nan,nan,0
late,cage,6,0,resnet,False,none,lr,0.0001,0.0001,32,15,0.1206,1.1930,1.3827,0.8140,0.6944,nan,nan,nan,nan,0
late,cage,6,0,resnet,False,none,lr,0.0001,0.0001,32,16,0.1030,1.5982,1.3898,0.8372,0.6746,nan,nan,nan,nan,0
late,cage,6,1,resnet,False,none,lr,0.0001,0.0001,32,1,0.6972,0.6857,0.7261,0.2791,0.6508,nan,nan,nan,nan,0
late,cage,6,1,resnet,False,none,lr,0.0001,0.0001,32,2,0.6791,0.6816,0.7272,0.4186,0.6746,nan,nan,nan,nan,0
late,cage,6,1,resnet,False,none,lr,0.0001,0.0001,32,3,0.6531,0.6994,0.8055,0.2558,0.6587,nan,nan,nan,nan,0
late,cage,6,1,resnet,False,none,lr,0.0001,0.0001,32,4,0.6128,0.6557,0.6763,0.6279,0.6667,nan,nan,nan,nan,0
late,cage,6,1,resnet,False,none,lr,0.0001,0.0001,32,5,0.5458,0.6475,0.7540,0.6279,0.6746,nan,nan,nan,nan,1
late,cage,6,1,resnet,False,none,lr,0.0001,0.0001,32,6,0.4763,0.7063,0.8734,0.5116,0.6270,nan,nan,nan,nan,0
late,cage,6,1,resnet,False,none,lr,0.0001,0.0001,32,7,0.4138,0.7018,0.6977,0.7674,0.6548,nan,nan,nan,nan,0
late,cage,6,1,resnet,False,none,lr,0.0001,0.0001,32,8,0.3508,0.7771,1.0130,0.6512,0.6468,nan,nan,nan,nan,0
late,cage,6,1,resnet,False,none,lr,0.0001,0.0001,32,9,0.3280,0.7339,0.9589,0.6744,0.6746,nan,nan,nan,nan,0
late,cage,6,1,resnet,False,none,lr,0.0001,0.0001,32,10,0.2698,0.9883,0.8326,0.7674,0.6984,nan,nan,nan,nan,0
late,cage,6,1,resnet,False,none,lr,0.0001,0.0001,32,11,0.2218,1.0612,1.0483,0.7907,0.6587,nan,nan,nan,nan,0
late,cage,6,1,resnet,False,none,lr,0.0001,0.0001,32,12,0.1960,0.7994,0.9984,0.8140,0.7302,1.0437,1.2861,0.7561,0.4952,1
late,cage,6,1,resnet,False,none,lr,0.0001,0.0001,32,13,0.1853,0.9663,0.9684,0.7442,0.6468,nan,nan,nan,nan,0
late,cage,6,1,resnet,False,none,lr,0.0001,0.0001,32,14,0.1701,1.0177,1.2292,0.7674,0.6190,nan,nan,nan,nan,0
late,cage,6,1,resnet,False,none,lr,0.0001,0.0001,32,15,0.1300,1.0643,1.1933,0.7674,0.6825,nan,nan,nan,nan,0
late,cage,6,1,resnet,False,none,lr,0.0001,0.0001,32,16,0.1236,1.5050,1.2052,0.8140,0.5992,nan,nan,nan,nan,0
late,cage,6,1,resnet,False,none,lr,0.0001,0.0001,32,17,0.1097,1.6734,1.2029,0.8140,0.6389,nan,nan,nan,nan,0
late,cage,6,2,resnet,False,none,lr,0.0001,0.0001,32,1,0.7033,0.7017,0.7795,0.1905,0.4743,nan,nan,nan,nan,0
late,cage,6,2,resnet,False,none,lr,0.0001,0.0001,32,2,0.6845,0.6864,0.6561,0.7381,0.6360,nan,nan,nan,nan,0
late,cage,6,2,resnet,False,none,lr,0.0001,0.0001,32,3,0.6592,0.6763,0.8001,0.3095,0.6471,nan,nan,nan,nan,0
late,cage,6,2,resnet,False,none,lr,0.0001,0.0001,32,4,0.6008,0.6588,0.6595,0.8571,0.7537,nan,nan,nan,nan,0
late,cage,6,2,resnet,False,none,lr,0.0001,0.0001,32,5,0.5409,0.6809,0.6252,0.8095,0.7721,nan,nan,nan,nan,1
late,cage,6,2,resnet,False,none,lr,0.0001,0.0001,32,6,0.4628,0.6971,0.7908,0.6905,0.6765,0.7216,0.8028,0.6585,0.5667,1
late,cage,6,2,resnet,False,none,lr,0.0001,0.0001,32,7,0.4153,0.7612,0.9757,0.6905,0.6434,nan,nan,nan,nan,0
late,cage,6,2,resnet,False,none,lr,0.0001,0.0001,32,8,0.3534,1.0459,0.9246,0.7381,0.5993,nan,nan,nan,nan,0
late,cage,6,2,resnet,False,none,lr,0.0001,0.0001,32,9,0.3005,0.9081,1.1944,0.6667,0.5699,nan,nan,nan,nan,0
late,cage,6,2,resnet,False,none,lr,0.0001,0.0001,32,10,0.2629,0.9166,0.9938,0.8095,0.7022,nan,nan,nan,nan,0
late,cage,6,2,resnet,False,none,lr,0.0001,0.0001,32,11,0.2112,1.0989,1.1908,0.7619,0.6360,nan,nan,nan,nan,0
late,cage,6,2,resnet,False,none,lr,0.0001,0.0001,32,12,0.1914,1.2178,1.1550,0.7857,0.6838,nan,nan,nan,nan,0
late,cage,6,2,resnet,False,none,lr,0.0001,0.0001,32,13,0.1616,1.6897,1.3185,0.7857,0.7537,nan,nan,nan,nan,0
late,cage,6,2,resnet,False,none,lr,0.0001,0.0001,32,14,0.1501,1.1079,1.3037,0.8095,0.7169,nan,nan,nan,nan,0
late,cage,6,2,resnet,False,none,lr,0.0001,0.0001,32,15,0.1260,1.7168,1.4259,0.7619,0.6581,nan,nan,nan,nan,0
late,cage,6,2,resnet,False,none,lr,0.0001,0.0001,32,16,0.1106,1.7037,1.4626,0.7619,0.6654,nan,nan,nan,nan,0
late,cage,6,3,resnet,False,none,lr,0.0001,0.0001,32,1,0.7003,0.6970,0.7042,0.3810,0.4939,nan,nan,nan,nan,0
late,cage,6,3,resnet,False,none,lr,0.0001,0.0001,32,2,0.6749,0.7422,0.6510,0.7381,0.4531,nan,nan,nan,nan,0
late,cage,6,3,resnet,False,none,lr,0.0001,0.0001,32,3,0.6442,0.6634,0.6689,0.6429,0.6367,nan,nan,nan,nan,0
late,cage,6,3,resnet,False,none,lr,0.0001,0.0001,32,4,0.5748,0.6985,0.6814,0.7619,0.6163,nan,nan,nan,nan,0
late,cage,6,3,resnet,False,none,lr,0.0001,0.0001,32,5,0.4937,0.7550,0.7217,0.8095,0.6122,nan,nan,nan,nan,1
late,cage,6,3,resnet,False,none,lr,0.0001,0.0001,32,6,0.4160,0.7279,0.8649,0.7619,0.6000,nan,nan,nan,nan,1
late,cage,6,3,resnet,False,none,lr,0.0001,0.0001,32,7,0.3659,0.7079,0.9079,0.6667,0.6286,nan,nan,nan,nan,1
late,cage,6,3,resnet,False,none,lr,0.0001,0.0001,32,8,0.2879,0.8695,0.9649,0.7381,0.6327,nan,nan,nan,nan,0
late,cage,6,3,resnet,False,none,lr,0.0001,0.0001,32,9,0.2523,1.0997,0.9594,0.8333,0.6490,nan,nan,nan,nan,1
late,cage,6,3,resnet,False,none,lr,0.0001,0.0001,32,10,0.1977,0.7408,1.0867,0.6667,0.6694,nan,nan,nan,nan,1
late,cage,6,3,resnet,False,none,lr,0.0001,0.0001,32,11,0.1838,1.0246,0.8864,0.8095,0.7551,nan,nan,nan,nan,1
late,cage,6,3,resnet,False,none,lr,0.0001,0.0001,32,12,0.1476,1.1215,0.9987,0.8333,0.7224,nan,nan,nan,nan,1
late,cage,6,3,resnet,False,none,lr,0.0001,0.0001,32,13,0.1419,1.7053,1.2705,0.8333,0.7184,nan,nan,nan,nan,1
late,cage,6,3,resnet,False,none,lr,0.0001,0.0001,32,14,0.1180,1.0464,1.1297,0.8095,0.7020,1.6813,1.5910,0.8049,0.4143,1
late,cage,6,3,resnet,False,none,lr,0.0001,0.0001,32,15,0.0855,1.4280,1.3102,0.8095,0.6531,nan,nan,nan,nan,0
late,cage,6,3,resnet,False,none,lr,0.0001,0.0001,32,16,0.0835,1.3415,1.5001,0.7857,0.6000,nan,nan,nan,nan,0
late,cage,6,3,resnet,False,none,lr,0.0001,0.0001,32,17,0.0923,1.1013,1.3649,0.7857,0.5633,nan,nan,nan,nan,0
late,cage,6,3,resnet,False,none,lr,0.0001,0.0001,32,18,0.1157,1.0502,1.2081,0.8095,0.6571,nan,nan,nan,nan,0
late,cage,6,3,resnet,False,none,lr,0.0001,0.0001,32,19,0.0653,1.5593,1.3894,0.8095,0.7714,nan,nan,nan,nan,0
late,cage,6,4,resnet,False,none,lr,0.0001,0.0001,32,1,0.6946,0.6891,0.6828,0.6977,0.5929,nan,nan,nan,nan,0
late,cage,6,4,resnet,False,none,lr,0.0001,0.0001,32,2,0.6844,0.6773,0.6846,0.3721,0.6357,nan,nan,nan,nan,0
late,cage,6,4,resnet,False,none,lr,0.0001,0.0001,32,3,0.6698,0.6557,0.6599,0.7442,0.8214,nan,nan,nan,nan,0
late,cage,6,4,resnet,False,none,lr,0.0001,0.0001,32,4,0.6307,0.7380,0.6808,0.7907,0.6036,nan,nan,nan,nan,0
late,cage,6,4,resnet,False,none,lr,0.0001,0.0001,32,5,0.5851,0.6623,0.7305,0.4884,0.6500,nan,nan,nan,nan,1
late,cage,6,4,resnet,False,none,lr,0.0001,0.0001,32,6,0.5205,0.6909,0.6957,0.7674,0.6714,0.7622,0.7657,0.6585,0.4333,1
late,cage,6,4,resnet,False,none,lr,0.0001,0.0001,32,7,0.4715,0.8241,0.8447,0.7442,0.4571,nan,nan,nan,nan,0
late,cage,6,4,resnet,False,none,lr,0.0001,0.0001,32,8,0.4155,1.0900,0.9432,0.8140,0.5393,nan,nan,nan,nan,0
late,cage,6,4,resnet,False,none,lr,0.0001,0.0001,32,9,0.3552,1.1022,1.0573,0.7674,0.5714,nan,nan,nan,nan,0
late,cage,6,4,resnet,False,none,lr,0.0001,0.0001,32,10,0.3180,0.7680,1.0805,0.5581,0.5393,nan,nan,nan,nan,0
late,cage,6,4,resnet,False,none,lr,0.0001,0.0001,32,11,0.2660,0.9817,1.2089,0.7442,0.6607,nan,nan,nan,nan,0
late,cage,6,4,resnet,False,none,lr,0.0001,0.0001,32,12,0.2528,1.2279,1.1847,0.7907,0.7071,nan,nan,nan,nan,0
late,cage,6,4,resnet,False,none,lr,0.0001,0.0001,32,13,0.2074,1.1888,1.2651,0.8140,0.6964,nan,nan,nan,nan,0
late,cage,6,4,resnet,False,none,lr,0.0001,0.0001,32,14,0.1910,2.0600,1.6077,0.8140,0.5214,nan,nan,nan,nan,0
late,cage,6,4,resnet,False,none,lr,0.0001,0.0001,32,15,0.1795,1.2887,1.3529,0.7907,0.6393,nan,nan,nan,nan,0
late,cage,6,4,resnet,False,none,lr,0.0001,0.0001,32,16,0.1760,1.7099,1.5905,0.8372,0.5321,nan,nan,nan,nan,0
late,cage,6,5,resnet,False,none,lr,0.0001,0.0001,32,1,0.6955,0.6898,0.7053,0.3750,0.4910,nan,nan,nan,nan,0
late,cage,6,5,resnet,False,none,lr,0.0001,0.0001,32,2,0.6699,0.7452,0.6765,0.7250,0.4265,nan,nan,nan,nan,0
late,cage,6,5,resnet,False,none,lr,0.0001,0.0001,32,3,0.6343,0.7754,0.7474,0.5000,0.4158,nan,nan,nan,nan,0
late,cage,6,5,resnet,False,none,lr,0.0001,0.0001,32,4,0.5642,0.9084,0.7510,0.7750,0.4409,nan,nan,nan,nan,0
late,cage,6,5,resnet,False,none,lr,0.0001,0.0001,32,5,0.4947,0.8782,0.9578,0.3750,0.3978,nan,nan,nan,nan,1
late,cage,6,5,resnet,False,none,lr,0.0001,0.0001,32,6,0.4201,1.1498,0.9876,0.6250,0.3978,nan,nan,nan,nan,0
late,cage,6,5,resnet,False,none,lr,0.0001,0.0001,32,7,0.3431,1.1783,1.0524,0.6000,0.4373,nan,nan,nan,nan,0
late,cage,6,5,resnet,False,none,lr,0.0001,0.0001,32,8,0.2753,1.1867,1.1428,0.6250,0.4624,nan,nan,nan,nan,0
late,cage,6,5,resnet,False,none,lr,0.0001,0.0001,32,9,0.2303,1.9486,1.4067,0.7250,0.4373,nan,nan,nan,nan,0
late,cage,6,5,resnet,False,none,lr,0.0001,0.0001,32,10,0.1958,2.2354,1.5196,0.7750,0.4588,nan,nan,nan,nan,0
late,cage,6,5,resnet,False,none,lr,0.0001,0.0001,32,11,0.1723,1.4617,1.5168,0.5500,0.4050,1.1380,1.3676,0.6585,0.4571,1
late,cage,6,5,resnet,False,none,lr,0.0001,0.0001,32,12,0.1504,2.1483,1.7679,0.7250,0.4050,nan,nan,nan,nan,0
late,cage,6,5,resnet,False,none,lr,0.0001,0.0001,32,13,0.1294,2.2373,1.7469,0.7000,0.4337,nan,nan,nan,nan,0
late,cage,6,5,resnet,False,none,lr,0.0001,0.0001,32,14,0.1061,1.9965,1.8363,0.7500,0.4373,nan,nan,nan,nan,0
late,cage,6,5,resnet,False,none,lr,0.0001,0.0001,32,15,0.0915,2.5803,1.9240,0.7500,0.4158,nan,nan,nan,nan,0
late,cage,6,5,resnet,False,none,lr,0.0001,0.0001,32,16,0.0969,3.0446,2.1051,0.7750,0.4086,nan,nan,nan,nan,0
