fusion,dataset,test_set,dev_set,arch,use_pretrained,augmentation,speech_encoder_arch,lr,wd,batch_size,epoch,train_loss,dev_loss_patient,dev_loss_cough,dev_acc,dev_auc,test_loss_patient,test_loss_cough,test_acc,test_auc,is_best
early,cage,0,1,resnet,True,none,lr,1e-05,0.0001,32,1,0.7267,0.6788,0.6756,0.6047,0.6190,nan,nan,nan,nan,0
early,cage,0,1,resnet,True,none,lr,1e-05,0.0001,32,2,0.6668,0.6644,0.6776,0.6512,0.6627,nan,nan,nan,nan,0
early,cage,0,1,resnet,True,none,lr,1e-05,0.0001,32,3,0.6289,0.6733,0.6710,0.5814,0.6032,nan,nan,nan,nan,0
early,cage,0,1,resnet,True,none,lr,1e-05,0.0001,32,4,0.5961,0.6578,0.6549,0.6744,0.6310,nan,nan,nan,nan,0
early,cage,0,1,resnet,True,none,lr,1e-05,0.0001,32,5,0.5534,0.6781,0.6338,0.7442,0.6310,nan,nan,nan,nan,1
early,cage,0,1,resnet,True,none,lr,1e-05,0.0001,32,6,0.5137,0.6708,0.6398,0.7209,0.6230,nan,nan,nan,nan,0
early,cage,0,1,resnet,True,none,lr,1e-05,0.0001,32,7,0.4603,0.6834,0.6641,0.7209,0.6230,nan,nan,nan,nan,0
early,cage,0,1,resnet,True,none,lr,1e-05,0.0001,32,8,0.4209,0.6773,0.6675,0.7209,0.6389,nan,nan,nan,nan,0
early,cage,0,1,resnet,True,none,lr,1e-05,0.0001,32,9,0.3855,0.7063,0.6741,0.7674,0.6230,nan,nan,nan,nan,0
early,cage,0,1,resnet,True,none,lr,1e-05,0.0001,32,10,0.3414,0.7481,0.6540,0.7674,0.6825,nan,nan,nan,nan,1
early,cage,0,1,resnet,True,none,lr,1e-05,0.0001,32,11,0.2918,0.7587,0.7148,0.7674,0.6349,nan,nan,nan,nan,0
early,cage,0,1,resnet,True,none,lr,1e-05,0.0001,32,12,0.2507,0.8144,0.7028,0.8140,0.6508,0.7240,0.7417,0.8372,0.7421,1
early,cage,0,1,resnet,True,none,lr,1e-05,0.0001,32,13,0.2202,0.8767,0.7550,0.8605,0.6230,nan,nan,nan,nan,0
early,cage,0,1,resnet,True,none,lr,1e-05,0.0001,32,14,0.1969,0.9194,0.8262,0.8140,0.6032,nan,nan,nan,nan,0
early,cage,0,1,resnet,True,none,lr,1e-05,0.0001,32,15,0.1594,1.0179,0.8024,0.8140,0.6032,nan,nan,nan,nan,0
early,cage,0,1,resnet,True,none,lr,1e-05,0.0001,32,16,0.1395,1.0398,0.8130,0.8140,0.6548,nan,nan,nan,nan,0
early,cage,0,1,resnet,True,none,lr,1e-05,0.0001,32,17,0.1148,1.0570,0.8636,0.8140,0.5992,nan,nan,nan,nan,0
early,cage,0,2,resnet,True,none,lr,1e-05,0.0001,32,1,0.7200,0.6725,0.6685,0.7381,0.7022,nan,nan,nan,nan,0
early,cage,0,2,resnet,True,none,lr,1e-05,0.0001,32,2,0.6625,0.6628,0.6682,0.7381,0.7169,nan,nan,nan,nan,0
early,cage,0,2,resnet,True,none,lr,1e-05,0.0001,32,3,0.6406,0.6716,0.6911,0.6667,0.6618,nan,nan,nan,nan,0
early,cage,0,2,resnet,True,none,lr,1e-05,0.0001,32,4,0.6050,0.6535,0.6743,0.6905,0.7353,nan,nan,nan,nan,0
early,cage,0,2,resnet,True,none,lr,1e-05,0.0001,32,5,0.5570,0.6481,0.6497,0.8095,0.7426,nan,nan,nan,nan,1
early,cage,0,2,resnet,True,none,lr,1e-05,0.0001,32,6,0.5243,0.6544,0.6872,0.7143,0.7059,nan,nan,nan,nan,0
early,cage,0,2,resnet,True,none,lr,1e-05,0.0001,32,7,0.4844,0.6785,0.6713,0.7381,0.7022,nan,nan,nan,nan,0
early,cage,0,2,resnet,True,none,lr,1e-05,0.0001,32,8,0.4346,0.6736,0.6709,0.7857,0.7279,nan,nan,nan,nan,1
early,cage,0,2,resnet,True,none,lr,1e-05,0.0001,32,9,0.3903,0.6777,0.6762,0.8571,0.7353,nan,nan,nan,nan,0
early,cage,0,2,resnet,True,none,lr,1e-05,0.0001,32,10,0.3452,0.7215,0.7124,0.7619,0.7096,nan,nan,nan,nan,0
early,cage,0,2,resnet,True,none,lr,1e-05,0.0001,32,11,0.3075,0.7040,0.7051,0.8571,0.7390,nan,nan,nan,nan,0
early,cage,0,2,resnet,True,none,lr,1e-05,0.0001,32,12,0.2666,0.7411,0.7429,0.8095,0.6985,nan,nan,nan,nan,0
early,cage,0,2,resnet,True,none,lr,1e-05,0.0001,32,13,0.2187,0.7585,0.7591,0.7857,0.7206,nan,nan,nan,nan,0
early,cage,0,2,resnet,True,none,lr,1e-05,0.0001,32,14,0.1967,0.6871,0.7825,0.8571,0.7647,nan,nan,nan,nan,0
early,cage,0,2,resnet,True,none,lr,1e-05,0.0001,32,15,0.1706,0.8592,0.8038,0.7857,0.7610,nan,nan,nan,nan,1
early,cage,0,2,resnet,True,none,lr,1e-05,0.0001,32,16,0.1508,0.7775,0.8191,0.8333,0.7169,nan,nan,nan,nan,0
early,cage,0,2,resnet,True,none,lr,1e-05,0.0001,32,17,0.1211,0.8545,0.8323,0.8095,0.7574,nan,nan,nan,nan,1
early,cage,0,2,resnet,True,none,lr,1e-05,0.0001,32,18,0.1085,0.8881,0.8491,0.7857,0.7500,0.8507,0.8262,0.8140,0.7897,1
early,cage,0,2,resnet,True,none,lr,1e-05,0.0001,32,19,0.0909,1.0531,0.9054,0.7857,0.7022,nan,nan,nan,nan,0
early,cage,0,2,resnet,True,none,lr,1e-05,0.0001,32,20,0.0746,1.0124,0.9331,0.7857,0.7316,nan,nan,nan,nan,0
early,cage,0,2,resnet,True,none,lr,1e-05,0.0001,32,21,0.0696,1.0310,0.9510,0.7857,0.7132,nan,nan,nan,nan,0
early,cage,0,2,resnet,True,none,lr,1e-05,0.0001,32,22,0.0621,0.9533,0.9590,0.8095,0.7390,nan,nan,nan,nan,0
early,cage,0,2,resnet,True,none,lr,1e-05,0.0001,32,23,0.0532,1.0947,0.9884,0.8095,0.7500,nan,nan,nan,nan,0
early,cage,0,3,resnet,True,none,lr,1e-05,0.0001,32,1,0.7163,0.7054,0.7139,0.4762,0.4653,nan,nan,nan,nan,0
early,cage,0,3,resnet,True,none,lr,1e-05,0.0001,32,2,0.6677,0.7029,0.6935,0.6429,0.5551,nan,nan,nan,nan,0
early,cage,0,3,resnet,True,none,lr,1e-05,0.0001,32,3,0.6343,0.6993,0.6583,0.7143,0.5714,nan,nan,nan,nan,0
early,cage,0,3,resnet,True,none,lr,1e-05,0.0001,32,4,0.5980,0.6907,0.6959,0.6429,0.6163,nan,nan,nan,nan,0
early,cage,0,3,resnet,True,none,lr,1e-05,0.0001,32,5,0.5527,0.6953,0.6795,0.6667,0.6245,nan,nan,nan,nan,1
early,cage,0,3,resnet,True,none,lr,1e-05,0.0001,32,6,0.5266,0.6864,0.6988,0.6905,0.6204,nan,nan,nan,nan,1
early,cage,0,3,resnet,True,none,lr,1e-05,0.0001,32,7,0.4719,0.7305,0.6981,0.7143,0.5469,nan,nan,nan,nan,0
early,cage,0,3,resnet,True,none,lr,1e-05,0.0001,32,8,0.4344,0.7615,0.7042,0.7143,0.5837,nan,nan,nan,nan,0
early,cage,0,3,resnet,True,none,lr,1e-05,0.0001,32,9,0.3832,0.7122,0.7173,0.7619,0.6245,nan,nan,nan,nan,0
early,cage,0,3,resnet,True,none,lr,1e-05,0.0001,32,10,0.3338,0.7264,0.7037,0.7857,0.6653,nan,nan,nan,nan,1
early,cage,0,3,resnet,True,none,lr,1e-05,0.0001,32,11,0.2970,0.7398,0.6982,0.7857,0.7306,nan,nan,nan,nan,1
early,cage,0,3,resnet,True,none,lr,1e-05,0.0001,32,12,0.2593,0.8059,0.7951,0.8095,0.6041,nan,nan,nan,nan,1
early,cage,0,3,resnet,True,none,lr,1e-05,0.0001,32,13,0.2237,0.8532,0.7927,0.7857,0.6735,nan,nan,nan,nan,1
early,cage,0,3,resnet,True,none,lr,1e-05,0.0001,32,14,0.1842,0.8998,0.8236,0.8333,0.7020,nan,nan,nan,nan,1
early,cage,0,3,resnet,True,none,lr,1e-05,0.0001,32,15,0.1641,0.9522,0.8652,0.8333,0.6653,nan,nan,nan,nan,0
early,cage,0,3,resnet,True,none,lr,1e-05,0.0001,32,16,0.1458,1.0318,0.8963,0.8333,0.7388,nan,nan,nan,nan,0
early,cage,0,3,resnet,True,none,lr,1e-05,0.0001,32,17,0.1196,1.1112,0.9558,0.8333,0.6939,1.0478,0.9509,0.8140,0.7460,1
early,cage,0,3,resnet,True,none,lr,1e-05,0.0001,32,18,0.0992,1.1288,0.9580,0.8333,0.6327,nan,nan,nan,nan,0
early,cage,0,3,resnet,True,none,lr,1e-05,0.0001,32,19,0.0900,1.2809,1.0589,0.8333,0.6531,nan,nan,nan,nan,0
early,cage,0,3,resnet,True,none,lr,1e-05,0.0001,32,20,0.0814,1.2155,1.0104,0.8333,0.6939,nan,nan,nan,nan,0
early,cage,0,3,resnet,True,none,lr,1e-05,0.0001,32,21,0.0707,1.3437,1.0720,0.8333,0.6531,nan,nan,nan,nan,0
early,cage,0,3,resnet,True,none,lr,1e-05,0.0001,32,22,0.0605,1.3895,1.0716,0.8333,0.7184,nan,nan,nan,nan,0
early,cage,0,4,resnet,True,none,lr,1e-05,0.0001,32,1,0.7324,0.6640,0.6851,0.4651,0.6607,nan,nan,nan,nan,0
early,cage,0,4,resnet,True,none,lr,1e-05,0.0001,32,2,0.6644,0.6526,0.6559,0.6512,0.6893,nan,nan,nan,nan,0
early,cage,0,4,resnet,True,none,lr,1e-05,0.0001,32,3,0.6371,0.6832,0.6477,0.7442,0.6179,nan,nan,nan,nan,0
early,cage,0,4,resnet,True,none,lr,1e-05,0.0001,32,4,0.6051,0.6441,0.6481,0.6512,0.6607,nan,nan,nan,nan,0
early,cage,0,4,resnet,True,none,lr,1e-05,0.0001,32,5,0.5609,0.6576,0.6270,0.6977,0.6500,nan,nan,nan,nan,1
early,cage,0,4,resnet,True,none,lr,1e-05,0.0001,32,6,0.5194,0.6512,0.6285,0.7442,0.6464,nan,nan,nan,nan,0
early,cage,0,4,resnet,True,none,lr,1e-05,0.0001,32,7,0.4760,0.6666,0.6354,0.8605,0.6750,nan,nan,nan,nan,0
early,cage,0,4,resnet,True,none,lr,1e-05,0.0001,32,8,0.4395,0.6523,0.6415,0.8372,0.7036,nan,nan,nan,nan,1
early,cage,0,4,resnet,True,none,lr,1e-05,0.0001,32,9,0.3894,0.6392,0.6422,0.7907,0.6893,nan,nan,nan,nan,1
early,cage,0,4,resnet,True,none,lr,1e-05,0.0001,32,10,0.3486,0.5778,0.6350,0.8372,0.8000,nan,nan,nan,nan,1
early,cage,0,4,resnet,True,none,lr,1e-05,0.0001,32,11,0.3071,0.6606,0.6771,0.8605,0.7214,nan,nan,nan,nan,1
early,cage,0,4,resnet,True,none,lr,1e-05,0.0001,32,12,0.2681,0.7032,0.6774,0.8605,0.7393,nan,nan,nan,nan,1
early,cage,0,4,resnet,True,none,lr,1e-05,0.0001,32,13,0.2389,0.7137,0.7205,0.8837,0.7107,nan,nan,nan,nan,0
early,cage,0,4,resnet,True,none,lr,1e-05,0.0001,32,14,0.2042,0.7764,0.7535,0.8837,0.7214,0.8125,0.7757,0.7907,0.7976,1
early,cage,0,4,resnet,True,none,lr,1e-05,0.0001,32,15,0.1777,0.8356,0.7852,0.8605,0.6929,nan,nan,nan,nan,0
early,cage,0,4,resnet,True,none,lr,1e-05,0.0001,32,16,0.1526,0.7924,0.8161,0.8837,0.7536,nan,nan,nan,nan,0
early,cage,0,4,resnet,True,none,lr,1e-05,0.0001,32,17,0.1353,0.9497,0.8750,0.8605,0.7321,nan,nan,nan,nan,0
early,cage,0,4,resnet,True,none,lr,1e-05,0.0001,32,18,0.1138,0.8519,0.8638,0.8605,0.7821,nan,nan,nan,nan,0
early,cage,0,4,resnet,True,none,lr,1e-05,0.0001,32,19,0.1029,0.8886,0.8978,0.8605,0.7286,nan,nan,nan,nan,0
early,cage,0,5,resnet,True,none,lr,1e-05,0.0001,32,1,0.7196,0.7269,0.6935,0.6250,0.5018,nan,nan,nan,nan,0
early,cage,0,5,resnet,True,none,lr,1e-05,0.0001,32,2,0.6639,0.7337,0.7088,0.5250,0.4839,nan,nan,nan,nan,0
early,cage,0,5,resnet,True,none,lr,1e-05,0.0001,32,3,0.6249,0.7596,0.7033,0.6000,0.4731,nan,nan,nan,nan,0
early,cage,0,5,resnet,True,none,lr,1e-05,0.0001,32,4,0.5859,0.8209,0.7074,0.7250,0.4839,nan,nan,nan,nan,0
early,cage,0,5,resnet,True,none,lr,1e-05,0.0001,32,5,0.5527,0.7922,0.7103,0.6250,0.4946,0.6458,0.6321,0.7674,0.6984,1
early,cage,0,5,resnet,True,none,lr,1e-05,0.0001,32,6,0.5160,0.8363,0.7400,0.6750,0.4659,nan,nan,nan,nan,0
early,cage,0,5,resnet,True,none,lr,1e-05,0.0001,32,7,0.4600,0.8828,0.7733,0.6750,0.4803,nan,nan,nan,nan,0
early,cage,0,5,resnet,True,none,lr,1e-05,0.0001,32,8,0.4203,0.9231,0.8033,0.6500,0.4910,nan,nan,nan,nan,0
early,cage,0,5,resnet,True,none,lr,1e-05,0.0001,32,9,0.3626,1.0159,0.8444,0.7250,0.4444,nan,nan,nan,nan,0
early,cage,0,5,resnet,True,none,lr,1e-05,0.0001,32,10,0.3266,1.1312,0.9184,0.7500,0.4014,nan,nan,nan,nan,0
early,cage,0,5,resnet,True,none,lr,1e-05,0.0001,32,11,0.2856,1.2362,0.9652,0.7750,0.4301,nan,nan,nan,nan,0
early,cage,0,5,resnet,True,none,lr,1e-05,0.0001,32,12,0.2523,1.2732,1.0077,0.7250,0.4265,nan,nan,nan,nan,0
early,cage,0,5,resnet,True,none,lr,1e-05,0.0001,32,13,0.2141,1.2952,1.0433,0.7500,0.4409,nan,nan,nan,nan,0
early,cage,0,5,resnet,True,none,lr,1e-05,0.0001,32,14,0.1799,1.6150,1.1978,0.7500,0.4229,nan,nan,nan,nan,0
early,cage,0,5,resnet,True,none,lr,1e-05,0.0001,32,15,0.1468,1.6300,1.2078,0.7750,0.4014,nan,nan,nan,nan,0
early,cage,0,5,resnet,True,none,lr,1e-05,0.0001,32,16,0.1254,1.7566,1.3087,0.7250,0.4229,nan,nan,nan,nan,0
early,cage,0,6,resnet,True,none,lr,1e-05,0.0001,32,1,0.7297,0.6865,0.6697,0.6341,0.5333,nan,nan,nan,nan,0
early,cage,0,6,resnet,True,none,lr,1e-05,0.0001,32,2,0.6665,0.6874,0.6660,0.6098,0.5095,nan,nan,nan,nan,0
early,cage,0,6,resnet,True,none,lr,1e-05,0.0001,32,3,0.6287,0.6866,0.6710,0.6341,0.5429,nan,nan,nan,nan,0
early,cage,0,6,resnet,True,none,lr,1e-05,0.0001,32,4,0.5976,0.6918,0.6594,0.6829,0.5381,nan,nan,nan,nan,0
early,cage,0,6,resnet,True,none,lr,1e-05,0.0001,32,5,0.5524,0.7103,0.6604,0.7561,0.5619,nan,nan,nan,nan,1
early,cage,0,6,resnet,True,none,lr,1e-05,0.0001,32,6,0.5088,0.7147,0.6602,0.7561,0.5476,nan,nan,nan,nan,0
early,cage,0,6,resnet,True,none,lr,1e-05,0.0001,32,7,0.4701,0.6888,0.6730,0.7317,0.6048,nan,nan,nan,nan,1
early,cage,0,6,resnet,True,none,lr,1e-05,0.0001,32,8,0.4260,0.7026,0.6947,0.7805,0.6095,nan,nan,nan,nan,1
early,cage,0,6,resnet,True,none,lr,1e-05,0.0001,32,9,0.3793,0.7283,0.6988,0.8049,0.6571,nan,nan,nan,nan,1
early,cage,0,6,resnet,True,none,lr,1e-05,0.0001,32,10,0.3392,0.7587,0.7065,0.8293,0.6476,nan,nan,nan,nan,1
early,cage,0,6,resnet,True,none,lr,1e-05,0.0001,32,11,0.2938,0.7591,0.7346,0.8293,0.6476,nan,nan,nan,nan,1
early,cage,0,6,resnet,True,none,lr,1e-05,0.0001,32,12,0.2597,0.7656,0.7355,0.8537,0.6667,nan,nan,nan,nan,1
early,cage,0,6,resnet,True,none,lr,1e-05,0.0001,32,13,0.2226,0.7952,0.7724,0.8537,0.6524,nan,nan,nan,nan,1
early,cage,0,6,resnet,True,none,lr,1e-05,0.0001,32,14,0.1871,0.8535,0.8023,0.8780,0.6667,nan,nan,nan,nan,0
early,cage,0,6,resnet,True,none,lr,1e-05,0.0001,32,15,0.1726,0.9314,0.8398,0.8537,0.6571,nan,nan,nan,nan,0
early,cage,0,6,resnet,True,none,lr,1e-05,0.0001,32,16,0.1423,0.8714,0.8542,0.8780,0.6619,0.8324,0.8763,0.7907,0.7460,1
early,cage,0,6,resnet,True,none,lr,1e-05,0.0001,32,17,0.1304,0.9597,0.8446,0.8537,0.6524,nan,nan,nan,nan,0
early,cage,0,6,resnet,True,none,lr,1e-05,0.0001,32,18,0.1107,0.9245,0.8758,0.8780,0.6667,nan,nan,nan,nan,0
early,cage,0,6,resnet,True,none,lr,1e-05,0.0001,32,19,0.0895,1.0349,0.9331,0.8537,0.6714,nan,nan,nan,nan,0
early,cage,0,6,resnet,True,none,lr,1e-05,0.0001,32,20,0.0803,1.2009,1.0105,0.8537,0.6714,nan,nan,nan,nan,0
early,cage,0,6,resnet,True,none,lr,1e-05,0.0001,32,21,0.0685,1.2232,1.0306,0.8537,0.6429,nan,nan,nan,nan,0
early,cage,0,7,resnet,True,none,lr,1e-05,0.0001,32,1,0.7192,0.6874,0.6609,0.6591,0.5868,nan,nan,nan,nan,0
early,cage,0,7,resnet,True,none,lr,1e-05,0.0001,32,2,0.6640,0.7208,0.6384,0.7727,0.5417,nan,nan,nan,nan,0
early,cage,0,7,resnet,True,none,lr,1e-05,0.0001,32,3,0.6283,0.7164,0.6677,0.6591,0.5347,nan,nan,nan,nan,0
early,cage,0,7,resnet,True,none,lr,1e-05,0.0001,32,4,0.5867,0.7404,0.6887,0.6818,0.4965,nan,nan,nan,nan,0
early,cage,0,7,resnet,True,none,lr,1e-05,0.0001,32,5,0.5536,0.7468,0.6805,0.6818,0.5243,nan,nan,nan,nan,1
early,cage,0,7,resnet,True,none,lr,1e-05,0.0001,32,6,0.5140,0.7664,0.6718,0.7727,0.5764,nan,nan,nan,nan,0
early,cage,0,7,resnet,True,none,lr,1e-05,0.0001,32,7,0.4695,0.8105,0.7066,0.7273,0.5000,nan,nan,nan,nan,0
early,cage,0,7,resnet,True,none,lr,1e-05,0.0001,32,8,0.4230,0.7874,0.7065,0.7273,0.5486,nan,nan,nan,nan,0
early,cage,0,7,resnet,True,none,lr,1e-05,0.0001,32,9,0.3868,0.7949,0.7274,0.7727,0.5382,nan,nan,nan,nan,0
early,cage,0,7,resnet,True,none,lr,1e-05,0.0001,32,10,0.3372,0.9135,0.7495,0.8182,0.5382,nan,nan,nan,nan,0
early,cage,0,7,resnet,True,none,lr,1e-05,0.0001,32,11,0.2964,0.8370,0.7541,0.7727,0.5972,nan,nan,nan,nan,1
early,cage,0,7,resnet,True,none,lr,1e-05,0.0001,32,12,0.2668,0.9746,0.7884,0.7727,0.5660,nan,nan,nan,nan,1
early,cage,0,7,resnet,True,none,lr,1e-05,0.0001,32,13,0.2230,0.9933,0.8145,0.8182,0.5694,nan,nan,nan,nan,0
early,cage,0,7,resnet,True,none,lr,1e-05,0.0001,32,14,0.2014,1.0695,0.8417,0.8182,0.6007,0.7720,0.7254,0.8140,0.7817,1
early,cage,0,7,resnet,True,none,lr,1e-05,0.0001,32,15,0.1662,1.1274,0.9096,0.8182,0.5625,nan,nan,nan,nan,0
early,cage,0,7,resnet,True,none,lr,1e-05,0.0001,32,16,0.1490,1.1485,0.9092,0.7727,0.5833,nan,nan,nan,nan,0
early,cage,0,7,resnet,True,none,lr,1e-05,0.0001,32,17,0.1343,1.3000,0.9765,0.8182,0.5382,nan,nan,nan,nan,0
early,cage,0,7,resnet,True,none,lr,1e-05,0.0001,32,18,0.1112,1.4367,1.0441,0.8182,0.5417,nan,nan,nan,nan,0
early,cage,0,7,resnet,True,none,lr,1e-05,0.0001,32,19,0.1017,1.2470,1.0166,0.8182,0.5938,nan,nan,nan,nan,0
early,cage,0,8,resnet,True,none,lr,1e-05,0.0001,32,1,0.7150,0.6869,0.6645,0.7447,0.5641,nan,nan,nan,nan,0
early,cage,0,8,resnet,True,none,lr,1e-05,0.0001,32,2,0.6593,0.7022,0.6454,0.7660,0.5641,nan,nan,nan,nan,0
early,cage,0,8,resnet,True,none,lr,1e-05,0.0001,32,3,0.6335,0.6950,0.6680,0.7234,0.5962,nan,nan,nan,nan,0
early,cage,0,8,resnet,True,none,lr,1e-05,0.0001,32,4,0.5862,0.7230,0.6546,0.7234,0.5481,nan,nan,nan,nan,0
early,cage,0,8,resnet,True,none,lr,1e-05,0.0001,32,5,0.5621,0.7051,0.6605,0.7447,0.6026,nan,nan,nan,nan,1
early,cage,0,8,resnet,True,none,lr,1e-05,0.0001,32,6,0.5209,0.7101,0.6300,0.7872,0.6571,nan,nan,nan,nan,1
early,cage,0,8,resnet,True,none,lr,1e-05,0.0001,32,7,0.4793,0.7596,0.6631,0.7447,0.5833,nan,nan,nan,nan,0
early,cage,0,8,resnet,True,none,lr,1e-05,0.0001,32,8,0.4227,0.7876,0.6869,0.7660,0.6122,0.6375,0.6576,0.7907,0.7937,1
early,cage,0,8,resnet,True,none,lr,1e-05,0.0001,32,9,0.3834,0.8194,0.7048,0.7447,0.5705,nan,nan,nan,nan,0
early,cage,0,8,resnet,True,none,lr,1e-05,0.0001,32,10,0.3351,0.9166,0.7172,0.7872,0.5609,nan,nan,nan,nan,0
early,cage,0,8,resnet,True,none,lr,1e-05,0.0001,32,11,0.2991,0.9530,0.7456,0.7872,0.5897,nan,nan,nan,nan,0
early,cage,0,8,resnet,True,none,lr,1e-05,0.0001,32,12,0.2517,1.0476,0.7894,0.8085,0.5513,nan,nan,nan,nan,0
early,cage,0,8,resnet,True,none,lr,1e-05,0.0001,32,13,0.2294,1.0066,0.7990,0.7872,0.5769,nan,nan,nan,nan,0
early,cage,0,8,resnet,True,none,lr,1e-05,0.0001,32,14,0.1944,1.1369,0.8360,0.8085,0.5385,nan,nan,nan,nan,0
early,cage,0,8,resnet,True,none,lr,1e-05,0.0001,32,15,0.1683,1.1372,0.8458,0.8085,0.5769,nan,nan,nan,nan,0
early,cage,0,8,resnet,True,none,lr,1e-05,0.0001,32,16,0.1431,1.3054,0.9152,0.8298,0.5641,nan,nan,nan,nan,0
early,cage,0,9,resnet,True,none,lr,1e-05,0.0001,32,1,0.7234,0.6634,0.6879,0.6905,0.6801,nan,nan,nan,nan,0
early,cage,0,9,resnet,True,none,lr,1e-05,0.0001,32,2,0.6707,0.6605,0.6928,0.6905,0.7003,nan,nan,nan,nan,0
early,cage,0,9,resnet,True,none,lr,1e-05,0.0001,32,3,0.6372,0.6627,0.6984,0.7143,0.6970,nan,nan,nan,nan,0
early,cage,0,9,resnet,True,none,lr,1e-05,0.0001,32,4,0.5931,0.6804,0.7166,0.7143,0.6801,nan,nan,nan,nan,0
early,cage,0,9,resnet,True,none,lr,1e-05,0.0001,32,5,0.5417,0.6961,0.7475,0.6905,0.6465,0.6440,0.6470,0.7674,0.6944,1
early,cage,0,9,resnet,True,none,lr,1e-05,0.0001,32,6,0.5064,0.7110,0.7543,0.6667,0.6431,nan,nan,nan,nan,0
early,cage,0,9,resnet,True,none,lr,1e-05,0.0001,32,7,0.4778,0.7264,0.7563,0.6667,0.6465,nan,nan,nan,nan,0
early,cage,0,9,resnet,True,none,lr,1e-05,0.0001,32,8,0.4129,0.7752,0.8126,0.6905,0.6296,nan,nan,nan,nan,0
early,cage,0,9,resnet,True,none,lr,1e-05,0.0001,32,9,0.3797,0.7946,0.8027,0.6905,0.6229,nan,nan,nan,nan,0
early,cage,0,9,resnet,True,none,lr,1e-05,0.0001,32,10,0.3261,0.8677,0.8461,0.6429,0.6128,nan,nan,nan,nan,0
early,cage,0,9,resnet,True,none,lr,1e-05,0.0001,32,11,0.2900,0.9155,0.9171,0.6429,0.5892,nan,nan,nan,nan,0
early,cage,0,9,resnet,True,none,lr,1e-05,0.0001,32,12,0.2450,0.9568,0.8504,0.6905,0.6397,nan,nan,nan,nan,0
early,cage,0,9,resnet,True,none,lr,1e-05,0.0001,32,13,0.2245,1.0216,0.9327,0.6429,0.5993,nan,nan,nan,nan,0
early,cage,0,9,resnet,True,none,lr,1e-05,0.0001,32,14,0.1845,1.0697,0.9323,0.6429,0.6027,nan,nan,nan,nan,0
early,cage,0,9,resnet,True,none,lr,1e-05,0.0001,32,15,0.1620,1.1162,1.0271,0.6905,0.5926,nan,nan,nan,nan,0
early,cage,0,9,resnet,True,none,lr,1e-05,0.0001,32,16,0.1313,1.1955,0.9980,0.7143,0.6094,nan,nan,nan,nan,0
early,cage,1,0,resnet,True,none,lr,1e-05,0.0001,32,1,0.7402,0.7073,0.6625,0.7907,0.4841,nan,nan,nan,nan,0
early,cage,1,0,resnet,True,none,lr,1e-05,0.0001,32,2,0.6701,0.6760,0.6468,0.7209,0.6310,nan,nan,nan,nan,0
early,cage,1,0,resnet,True,none,lr,1e-05,0.0001,32,3,0.6308,0.6736,0.6609,0.7209,0.6389,nan,nan,nan,nan,0
early,cage,1,0,resnet,True,none,lr,1e-05,0.0001,32,4,0.5977,0.6662,0.6398,0.7209,0.6944,nan,nan,nan,nan,0
early,cage,1,0,resnet,True,none,lr,1e-05,0.0001,32,5,0.5542,0.6627,0.6345,0.7442,0.6825,nan,nan,nan,nan,1
early,cage,1,0,resnet,True,none,lr,1e-05,0.0001,32,6,0.5096,0.6511,0.6410,0.6977,0.7222,nan,nan,nan,nan,1
early,cage,1,0,resnet,True,none,lr,1e-05,0.0001,32,7,0.4686,0.6555,0.6424,0.7674,0.7183,nan,nan,nan,nan,1
early,cage,1,0,resnet,True,none,lr,1e-05,0.0001,32,8,0.4293,0.6759,0.6220,0.8140,0.7460,nan,nan,nan,nan,1
early,cage,1,0,resnet,True,none,lr,1e-05,0.0001,32,9,0.3806,0.6576,0.6687,0.7209,0.7381,nan,nan,nan,nan,1
early,cage,1,0,resnet,True,none,lr,1e-05,0.0001,32,10,0.3268,0.6889,0.6821,0.8140,0.7500,nan,nan,nan,nan,1
early,cage,1,0,resnet,True,none,lr,1e-05,0.0001,32,11,0.2843,0.7431,0.7329,0.7907,0.7262,nan,nan,nan,nan,0
early,cage,1,0,resnet,True,none,lr,1e-05,0.0001,32,12,0.2581,0.7605,0.7537,0.8140,0.7222,nan,nan,nan,nan,0
early,cage,1,0,resnet,True,none,lr,1e-05,0.0001,32,13,0.2106,0.7399,0.7535,0.8372,0.7540,nan,nan,nan,nan,0
early,cage,1,0,resnet,True,none,lr,1e-05,0.0001,32,14,0.1898,0.7905,0.7841,0.8140,0.7937,nan,nan,nan,nan,1
early,cage,1,0,resnet,True,none,lr,1e-05,0.0001,32,15,0.1676,0.8852,0.8321,0.8140,0.7897,nan,nan,nan,nan,1
early,cage,1,0,resnet,True,none,lr,1e-05,0.0001,32,16,0.1470,0.8632,0.8424,0.8140,0.8095,nan,nan,nan,nan,1
early,cage,1,0,resnet,True,none,lr,1e-05,0.0001,32,17,0.1238,0.9125,0.8634,0.8140,0.8175,nan,nan,nan,nan,1
early,cage,1,0,resnet,True,none,lr,1e-05,0.0001,32,18,0.0982,0.9102,0.9033,0.8372,0.7738,nan,nan,nan,nan,0
early,cage,1,0,resnet,True,none,lr,1e-05,0.0001,32,19,0.0956,1.0066,0.9352,0.8372,0.8214,nan,nan,nan,nan,1
early,cage,1,0,resnet,True,none,lr,1e-05,0.0001,32,20,0.0749,0.9404,0.9220,0.8140,0.8214,1.0940,0.9498,0.8140,0.6429,1
early,cage,1,0,resnet,True,none,lr,1e-05,0.0001,32,21,0.0766,1.0547,0.9994,0.7907,0.7897,nan,nan,nan,nan,0
early,cage,1,0,resnet,True,none,lr,1e-05,0.0001,32,22,0.0601,0.9564,0.9883,0.7907,0.7778,nan,nan,nan,nan,0
early,cage,1,0,resnet,True,none,lr,1e-05,0.0001,32,23,0.0606,1.1082,1.0605,0.8140,0.7778,nan,nan,nan,nan,0
early,cage,1,0,resnet,True,none,lr,1e-05,0.0001,32,24,0.0512,1.1401,1.1051,0.8140,0.7183,nan,nan,nan,nan,0
early,cage,1,0,resnet,True,none,lr,1e-05,0.0001,32,25,0.0449,1.2797,1.1347,0.8140,0.7738,nan,nan,nan,nan,0
early,cage,1,2,resnet,True,none,lr,1e-05,0.0001,32,1,0.7065,0.6641,0.6815,0.6667,0.7169,nan,nan,nan,nan,0
early,cage,1,2,resnet,True,none,lr,1e-05,0.0001,32,2,0.6648,0.6419,0.6804,0.6429,0.7426,nan,nan,nan,nan,0
early,cage,1,2,resnet,True,none,lr,1e-05,0.0001,32,3,0.6282,0.6466,0.6506,0.6905,0.7169,nan,nan,nan,nan,0
early,cage,1,2,resnet,True,none,lr,1e-05,0.0001,32,4,0.5910,0.6206,0.6291,0.7619,0.7684,nan,nan,nan,nan,0
early,cage,1,2,resnet,True,none,lr,1e-05,0.0001,32,5,0.5481,0.6338,0.6462,0.7619,0.7574,nan,nan,nan,nan,1
early,cage,1,2,resnet,True,none,lr,1e-05,0.0001,32,6,0.5087,0.6375,0.6592,0.7381,0.7022,nan,nan,nan,nan,0
early,cage,1,2,resnet,True,none,lr,1e-05,0.0001,32,7,0.4627,0.6590,0.6602,0.7143,0.7243,nan,nan,nan,nan,0
early,cage,1,2,resnet,True,none,lr,1e-05,0.0001,32,8,0.4088,0.6640,0.6520,0.8095,0.7500,nan,nan,nan,nan,0
early,cage,1,2,resnet,True,none,lr,1e-05,0.0001,32,9,0.3569,0.6791,0.6817,0.7857,0.7316,nan,nan,nan,nan,0
early,cage,1,2,resnet,True,none,lr,1e-05,0.0001,32,10,0.3321,0.7227,0.7122,0.7381,0.6801,nan,nan,nan,nan,0
early,cage,1,2,resnet,True,none,lr,1e-05,0.0001,32,11,0.2798,0.6981,0.6863,0.7857,0.7684,nan,nan,nan,nan,0
early,cage,1,2,resnet,True,none,lr,1e-05,0.0001,32,12,0.2445,0.7049,0.7049,0.8095,0.7426,nan,nan,nan,nan,0
early,cage,1,2,resnet,True,none,lr,1e-05,0.0001,32,13,0.2039,0.7647,0.7430,0.7857,0.7463,nan,nan,nan,nan,0
early,cage,1,2,resnet,True,none,lr,1e-05,0.0001,32,14,0.1744,0.7258,0.7925,0.8095,0.7390,nan,nan,nan,nan,0
early,cage,1,2,resnet,True,none,lr,1e-05,0.0001,32,15,0.1533,0.8091,0.8133,0.7619,0.7316,0.9412,0.8380,0.8372,0.6111,1
early,cage,1,2,resnet,True,none,lr,1e-05,0.0001,32,16,0.1336,0.8583,0.8130,0.8095,0.7279,nan,nan,nan,nan,0
early,cage,1,2,resnet,True,none,lr,1e-05,0.0001,32,17,0.1168,0.9123,0.8898,0.7857,0.7132,nan,nan,nan,nan,0
early,cage,1,2,resnet,True,none,lr,1e-05,0.0001,32,18,0.1046,0.9020,0.8795,0.8095,0.7022,nan,nan,nan,nan,0
early,cage,1,2,resnet,True,none,lr,1e-05,0.0001,32,19,0.0800,1.0437,0.9285,0.8095,0.6985,nan,nan,nan,nan,0
early,cage,1,2,resnet,True,none,lr,1e-05,0.0001,32,20,0.0788,1.0005,0.9325,0.8095,0.7353,nan,nan,nan,nan,0
early,cage,1,3,resnet,True,none,lr,1e-05,0.0001,32,1,0.7227,0.6809,0.6658,0.6667,0.6408,nan,nan,nan,nan,0
early,cage,1,3,resnet,True,none,lr,1e-05,0.0001,32,2,0.6673,0.6877,0.6430,0.8095,0.6204,nan,nan,nan,nan,0
early,cage,1,3,resnet,True,none,lr,1e-05,0.0001,32,3,0.6281,0.6766,0.6333,0.7619,0.6408,nan,nan,nan,nan,0
early,cage,1,3,resnet,True,none,lr,1e-05,0.0001,32,4,0.5930,0.6824,0.6516,0.7381,0.6204,nan,nan,nan,nan,0
early,cage,1,3,resnet,True,none,lr,1e-05,0.0001,32,5,0.5537,0.6917,0.6483,0.7143,0.6163,nan,nan,nan,nan,1
early,cage,1,3,resnet,True,none,lr,1e-05,0.0001,32,6,0.5077,0.6779,0.6614,0.6905,0.6449,nan,nan,nan,nan,0
early,cage,1,3,resnet,True,none,lr,1e-05,0.0001,32,7,0.4719,0.6650,0.6305,0.7857,0.6857,nan,nan,nan,nan,1
early,cage,1,3,resnet,True,none,lr,1e-05,0.0001,32,8,0.4165,0.6957,0.6438,0.8095,0.6776,nan,nan,nan,nan,1
early,cage,1,3,resnet,True,none,lr,1e-05,0.0001,32,9,0.3798,0.6673,0.6612,0.8095,0.7347,nan,nan,nan,nan,1
early,cage,1,3,resnet,True,none,lr,1e-05,0.0001,32,10,0.3391,0.7202,0.6755,0.8095,0.6980,nan,nan,nan,nan,1
early,cage,1,3,resnet,True,none,lr,1e-05,0.0001,32,11,0.2890,0.7534,0.6829,0.7857,0.7102,0.8128,0.7271,0.8140,0.6349,1
early,cage,1,3,resnet,True,none,lr,1e-05,0.0001,32,12,0.2563,0.7550,0.7430,0.7857,0.6735,nan,nan,nan,nan,0
early,cage,1,3,resnet,True,none,lr,1e-05,0.0001,32,13,0.2194,0.7991,0.7768,0.7619,0.6531,nan,nan,nan,nan,0
early,cage,1,3,resnet,True,none,lr,1e-05,0.0001,32,14,0.1978,0.7999,0.7790,0.7857,0.7184,nan,nan,nan,nan,0
early,cage,1,3,resnet,True,none,lr,1e-05,0.0001,32,15,0.1641,0.8726,0.8172,0.8095,0.6735,nan,nan,nan,nan,0
early,cage,1,3,resnet,True,none,lr,1e-05,0.0001,32,16,0.1456,0.9699,0.8783,0.8095,0.6408,nan,nan,nan,nan,0
early,cage,1,4,resnet,True,none,lr,1e-05,0.0001,32,1,0.7303,0.6933,0.6525,0.7907,0.6179,nan,nan,nan,nan,0
early,cage,1,4,resnet,True,none,lr,1e-05,0.0001,32,2,0.6818,0.6754,0.6525,0.6512,0.6321,nan,nan,nan,nan,0
early,cage,1,4,resnet,True,none,lr,1e-05,0.0001,32,3,0.6414,0.6703,0.6413,0.6744,0.6321,nan,nan,nan,nan,0
early,cage,1,4,resnet,True,none,lr,1e-05,0.0001,32,4,0.6125,0.6464,0.6200,0.7907,0.6964,nan,nan,nan,nan,0
early,cage,1,4,resnet,True,none,lr,1e-05,0.0001,32,5,0.5695,0.6570,0.6370,0.7442,0.6786,nan,nan,nan,nan,1
early,cage,1,4,resnet,True,none,lr,1e-05,0.0001,32,6,0.5176,0.6521,0.6264,0.7209,0.6571,nan,nan,nan,nan,1
early,cage,1,4,resnet,True,none,lr,1e-05,0.0001,32,7,0.4916,0.6639,0.6513,0.7907,0.6714,nan,nan,nan,nan,1
early,cage,1,4,resnet,True,none,lr,1e-05,0.0001,32,8,0.4457,0.6124,0.6065,0.8605,0.7679,nan,nan,nan,nan,1
early,cage,1,4,resnet,True,none,lr,1e-05,0.0001,32,9,0.3926,0.5977,0.6170,0.7674,0.7929,nan,nan,nan,nan,1
early,cage,1,4,resnet,True,none,lr,1e-05,0.0001,32,10,0.3482,0.6065,0.6375,0.7907,0.7929,nan,nan,nan,nan,1
early,cage,1,4,resnet,True,none,lr,1e-05,0.0001,32,11,0.3102,0.6306,0.6342,0.8372,0.8143,nan,nan,nan,nan,1
early,cage,1,4,resnet,True,none,lr,1e-05,0.0001,32,12,0.2587,0.6486,0.6903,0.8605,0.7857,nan,nan,nan,nan,1
early,cage,1,4,resnet,True,none,lr,1e-05,0.0001,32,13,0.2387,0.6782,0.6878,0.8372,0.7929,nan,nan,nan,nan,0
early,cage,1,4,resnet,True,none,lr,1e-05,0.0001,32,14,0.1954,0.7154,0.7283,0.8372,0.7964,nan,nan,nan,nan,1
early,cage,1,4,resnet,True,none,lr,1e-05,0.0001,32,15,0.1761,0.6510,0.7319,0.8372,0.8321,0.8713,0.7404,0.8140,0.6627,1
early,cage,1,4,resnet,True,none,lr,1e-05,0.0001,32,16,0.1488,0.7013,0.7903,0.8372,0.7679,nan,nan,nan,nan,0
early,cage,1,4,resnet,True,none,lr,1e-05,0.0001,32,17,0.1266,0.8916,0.8892,0.8140,0.7464,nan,nan,nan,nan,0
early,cage,1,4,resnet,True,none,lr,1e-05,0.0001,32,18,0.1071,0.7996,0.8813,0.8140,0.7750,nan,nan,nan,nan,0
early,cage,1,4,resnet,True,none,lr,1e-05,0.0001,32,19,0.0937,0.8250,0.9182,0.7907,0.7679,nan,nan,nan,nan,0
early,cage,1,4,resnet,True,none,lr,1e-05,0.0001,32,20,0.0811,0.9318,0.9536,0.8372,0.7679,nan,nan,nan,nan,0
early,cage,1,5,resnet,True,none,lr,1e-05,0.0001,32,1,0.7128,0.7201,0.7006,0.5000,0.4552,nan,nan,nan,nan,0
early,cage,1,5,resnet,True,none,lr,1e-05,0.0001,32,2,0.6649,0.7411,0.7185,0.5500,0.4624,nan,nan,nan,nan,0
early,cage,1,5,resnet,True,none,lr,1e-05,0.0001,32,3,0.6133,0.7611,0.7205,0.5500,0.4803,nan,nan,nan,nan,0
early,cage,1,5,resnet,True,none,lr,1e-05,0.0001,32,4,0.5729,0.8264,0.7397,0.5750,0.4409,nan,nan,nan,nan,0
early,cage,1,5,resnet,True,none,lr,1e-05,0.0001,32,5,0.5417,0.8346,0.7519,0.6250,0.4767,0.6875,0.6575,0.6977,0.6071,1
early,cage,1,5,resnet,True,none,lr,1e-05,0.0001,32,6,0.4979,0.8959,0.7938,0.5750,0.4301,nan,nan,nan,nan,0
early,cage,1,5,resnet,True,none,lr,1e-05,0.0001,32,7,0.4430,0.9653,0.8135,0.6000,0.4480,nan,nan,nan,nan,0
early,cage,1,5,resnet,True,none,lr,1e-05,0.0001,32,8,0.3981,1.0289,0.8583,0.6000,0.4194,nan,nan,nan,nan,0
early,cage,1,5,resnet,True,none,lr,1e-05,0.0001,32,9,0.3513,1.0247,0.8675,0.6750,0.4516,nan,nan,nan,nan,0
early,cage,1,5,resnet,True,none,lr,1e-05,0.0001,32,10,0.3052,1.2320,0.9420,0.7000,0.4086,nan,nan,nan,nan,0
early,cage,1,5,resnet,True,none,lr,1e-05,0.0001,32,11,0.2683,1.1703,0.9740,0.6250,0.4337,nan,nan,nan,nan,0
early,cage,1,5,resnet,True,none,lr,1e-05,0.0001,32,12,0.2338,1.4426,1.0628,0.7500,0.4086,nan,nan,nan,nan,0
early,cage,1,5,resnet,True,none,lr,1e-05,0.0001,32,13,0.1996,1.3779,1.0802,0.6500,0.4265,nan,nan,nan,nan,0
early,cage,1,5,resnet,True,none,lr,1e-05,0.0001,32,14,0.1687,1.5023,1.1371,0.7750,0.4373,nan,nan,nan,nan,0
early,cage,1,5,resnet,True,none,lr,1e-05,0.0001,32,15,0.1497,1.6577,1.2302,0.6750,0.3907,nan,nan,nan,nan,0
early,cage,1,5,resnet,True,none,lr,1e-05,0.0001,32,16,0.1275,1.5434,1.2036,0.7000,0.4516,nan,nan,nan,nan,0
early,cage,1,6,resnet,True,none,lr,1e-05,0.0001,32,1,0.7166,0.7110,0.7167,0.5854,0.4333,nan,nan,nan,nan,0
early,cage,1,6,resnet,True,none,lr,1e-05,0.0001,32,2,0.6708,0.6971,0.6930,0.6341,0.5095,nan,nan,nan,nan,0
early,cage,1,6,resnet,True,none,lr,1e-05,0.0001,32,3,0.6396,0.7215,0.6982,0.6585,0.4286,nan,nan,nan,nan,0
early,cage,1,6,resnet,True,none,lr,1e-05,0.0001,32,4,0.5843,0.6972,0.6733,0.7073,0.5619,nan,nan,nan,nan,0
early,cage,1,6,resnet,True,none,lr,1e-05,0.0001,32,5,0.5452,0.7219,0.6749,0.7317,0.5000,nan,nan,nan,nan,1
early,cage,1,6,resnet,True,none,lr,1e-05,0.0001,32,6,0.5082,0.7318,0.7039,0.7317,0.5095,nan,nan,nan,nan,1
early,cage,1,6,resnet,True,none,lr,1e-05,0.0001,32,7,0.4627,0.7708,0.7332,0.7317,0.5000,nan,nan,nan,nan,0
early,cage,1,6,resnet,True,none,lr,1e-05,0.0001,32,8,0.4381,0.7431,0.6982,0.7805,0.5524,nan,nan,nan,nan,1
early,cage,1,6,resnet,True,none,lr,1e-05,0.0001,32,9,0.3738,0.8179,0.7519,0.7805,0.5190,nan,nan,nan,nan,0
early,cage,1,6,resnet,True,none,lr,1e-05,0.0001,32,10,0.3241,0.8290,0.7741,0.7805,0.5381,nan,nan,nan,nan,0
early,cage,1,6,resnet,True,none,lr,1e-05,0.0001,32,11,0.2883,0.8533,0.7842,0.8049,0.5476,nan,nan,nan,nan,1
early,cage,1,6,resnet,True,none,lr,1e-05,0.0001,32,12,0.2563,0.8601,0.8124,0.8049,0.5619,nan,nan,nan,nan,1
early,cage,1,6,resnet,True,none,lr,1e-05,0.0001,32,13,0.2207,0.9825,0.8477,0.8293,0.5714,nan,nan,nan,nan,0
early,cage,1,6,resnet,True,none,lr,1e-05,0.0001,32,14,0.1943,0.9742,0.8899,0.8049,0.5524,nan,nan,nan,nan,1
early,cage,1,6,resnet,True,none,lr,1e-05,0.0001,32,15,0.1623,0.9991,0.8897,0.8293,0.6048,nan,nan,nan,nan,1
early,cage,1,6,resnet,True,none,lr,1e-05,0.0001,32,16,0.1337,1.0252,0.9255,0.8293,0.5905,nan,nan,nan,nan,1
early,cage,1,6,resnet,True,none,lr,1e-05,0.0001,32,17,0.1159,1.2007,1.0058,0.8293,0.5667,nan,nan,nan,nan,0
early,cage,1,6,resnet,True,none,lr,1e-05,0.0001,32,18,0.1033,1.1886,0.9967,0.8537,0.5762,nan,nan,nan,nan,0
early,cage,1,6,resnet,True,none,lr,1e-05,0.0001,32,19,0.0945,1.4259,1.1126,0.8537,0.5714,1.1690,0.8653,0.8372,0.6627,1
early,cage,1,6,resnet,True,none,lr,1e-05,0.0001,32,20,0.0757,1.3678,1.1074,0.8537,0.5571,nan,nan,nan,nan,0
early,cage,1,6,resnet,True,none,lr,1e-05,0.0001,32,21,0.0757,1.3314,1.0867,0.8537,0.6143,nan,nan,nan,nan,0
early,cage,1,6,resnet,True,none,lr,1e-05,0.0001,32,22,0.0646,1.4405,1.1702,0.8537,0.5714,nan,nan,nan,nan,0
early,cage,1,6,resnet,True,none,lr,1e-05,0.0001,32,23,0.0553,1.2829,1.1212,0.8537,0.5571,nan,nan,nan,nan,0
early,cage,1,6,resnet,True,none,lr,1e-05,0.0001,32,24,0.0509,1.4731,1.2214,0.8537,0.5810,nan,nan,nan,nan,0
early,cage,1,7,resnet,True,none,lr,1e-05,0.0001,32,1,0.7148,0.7000,0.6864,0.6136,0.5174,nan,nan,nan,nan,0
early,cage,1,7,resnet,True,none,lr,1e-05,0.0001,32,2,0.6745,0.7104,0.6967,0.5682,0.4826,nan,nan,nan,nan,0
early,cage,1,7,resnet,True,none,lr,1e-05,0.0001,32,3,0.6375,0.7470,0.6890,0.6818,0.4688,nan,nan,nan,nan,0
early,cage,1,7,resnet,True,none,lr,1e-05,0.0001,32,4,0.5940,0.7548,0.6973,0.6136,0.4792,nan,nan,nan,nan,0
early,cage,1,7,resnet,True,none,lr,1e-05,0.0001,32,5,0.5549,0.7661,0.7087,0.6818,0.5035,nan,nan,nan,nan,1
early,cage,1,7,resnet,True,none,lr,1e-05,0.0001,32,6,0.5178,0.7681,0.7146,0.6591,0.4931,nan,nan,nan,nan,0
early,cage,1,7,resnet,True,none,lr,1e-05,0.0001,32,7,0.4722,0.8061,0.7133,0.7727,0.5035,nan,nan,nan,nan,0
early,cage,1,7,resnet,True,none,lr,1e-05,0.0001,32,8,0.4269,0.8218,0.7019,0.7500,0.5139,nan,nan,nan,nan,1
early,cage,1,7,resnet,True,none,lr,1e-05,0.0001,32,9,0.3861,0.8506,0.7296,0.7727,0.5139,nan,nan,nan,nan,1
early,cage,1,7,resnet,True,none,lr,1e-05,0.0001,32,10,0.3437,0.9252,0.7537,0.7955,0.5139,nan,nan,nan,nan,0
early,cage,1,7,resnet,True,none,lr,1e-05,0.0001,32,11,0.3094,0.9467,0.8038,0.7727,0.5243,nan,nan,nan,nan,1
early,cage,1,7,resnet,True,none,lr,1e-05,0.0001,32,12,0.2631,0.9419,0.7660,0.7955,0.5590,nan,nan,nan,nan,1
early,cage,1,7,resnet,True,none,lr,1e-05,0.0001,32,13,0.2264,1.0172,0.8076,0.8182,0.5382,nan,nan,nan,nan,0
early,cage,1,7,resnet,True,none,lr,1e-05,0.0001,32,14,0.1996,1.0923,0.8372,0.7955,0.5521,nan,nan,nan,nan,1
early,cage,1,7,resnet,True,none,lr,1e-05,0.0001,32,15,0.1685,1.1836,0.8967,0.8182,0.5312,nan,nan,nan,nan,0
early,cage,1,7,resnet,True,none,lr,1e-05,0.0001,32,16,0.1501,1.1779,0.9002,0.7955,0.5764,nan,nan,nan,nan,1
early,cage,1,7,resnet,True,none,lr,1e-05,0.0001,32,17,0.1270,1.2750,0.9332,0.8182,0.5799,nan,nan,nan,nan,0
early,cage,1,7,resnet,True,none,lr,1e-05,0.0001,32,18,0.1124,1.4023,1.0153,0.7955,0.5799,nan,nan,nan,nan,1
early,cage,1,7,resnet,True,none,lr,1e-05,0.0001,32,19,0.0951,1.2994,0.9550,0.8182,0.5903,nan,nan,nan,nan,1
early,cage,1,7,resnet,True,none,lr,1e-05,0.0001,32,20,0.0772,1.3689,1.0114,0.7955,0.5868,nan,nan,nan,nan,1
early,cage,1,7,resnet,True,none,lr,1e-05,0.0001,32,21,0.0780,1.4805,1.0730,0.7955,0.5972,nan,nan,nan,nan,0
early,cage,1,7,resnet,True,none,lr,1e-05,0.0001,32,22,0.0669,1.5505,1.0989,0.7955,0.5833,nan,nan,nan,nan,0
early,cage,1,7,resnet,True,none,lr,1e-05,0.0001,32,23,0.0569,1.6326,1.1415,0.7955,0.5833,1.2467,0.9674,0.8140,0.6984,1
early,cage,1,7,resnet,True,none,lr,1e-05,0.0001,32,24,0.0528,1.5336,1.1554,0.7955,0.5938,nan,nan,nan,nan,0
early,cage,1,7,resnet,True,none,lr,1e-05,0.0001,32,25,0.0417,1.8214,1.2356,0.7955,0.5868,nan,nan,nan,nan,0
early,cage,1,7,resnet,True,none,lr,1e-05,0.0001,32,26,0.0364,1.7690,1.2279,0.7955,0.5764,nan,nan,nan,nan,0
early,cage,1,7,resnet,True,none,lr,1e-05,0.0001,32,27,0.0347,1.9501,1.3094,0.8182,0.5556,nan,nan,nan,nan,0
early,cage,1,7,resnet,True,none,lr,1e-05,0.0001,32,28,0.0382,1.8264,1.3220,0.7955,0.5556,nan,nan,nan,nan,0
early,cage,1,8,resnet,True,none,lr,1e-05,0.0001,32,1,0.7064,0.6877,0.6133,0.8298,0.6699,nan,nan,nan,nan,0
early,cage,1,8,resnet,True,none,lr,1e-05,0.0001,32,2,0.6610,0.6679,0.6374,0.7447,0.7083,nan,nan,nan,nan,0
early,cage,1,8,resnet,True,none,lr,1e-05,0.0001,32,3,0.6237,0.6922,0.6260,0.7660,0.6571,nan,nan,nan,nan,0
early,cage,1,8,resnet,True,none,lr,1e-05,0.0001,32,4,0.5843,0.6884,0.6435,0.7872,0.6763,nan,nan,nan,nan,0
early,cage,1,8,resnet,True,none,lr,1e-05,0.0001,32,5,0.5535,0.7110,0.6186,0.7872,0.6763,0.6694,0.6233,0.7442,0.6548,1
early,cage,1,8,resnet,True,none,lr,1e-05,0.0001,32,6,0.5026,0.7319,0.6262,0.7872,0.6827,nan,nan,nan,nan,0
early,cage,1,8,resnet,True,none,lr,1e-05,0.0001,32,7,0.4687,0.7339,0.6426,0.7872,0.6474,nan,nan,nan,nan,0
early,cage,1,8,resnet,True,none,lr,1e-05,0.0001,32,8,0.4194,0.7694,0.6521,0.7872,0.6314,nan,nan,nan,nan,0
early,cage,1,8,resnet,True,none,lr,1e-05,0.0001,32,9,0.3645,0.8577,0.6888,0.7872,0.6186,nan,nan,nan,nan,0
early,cage,1,8,resnet,True,none,lr,1e-05,0.0001,32,10,0.3409,0.8829,0.6916,0.7872,0.5865,nan,nan,nan,nan,0
early,cage,1,8,resnet,True,none,lr,1e-05,0.0001,32,11,0.2942,0.8737,0.7072,0.8085,0.5994,nan,nan,nan,nan,0
early,cage,1,8,resnet,True,none,lr,1e-05,0.0001,32,12,0.2563,1.0536,0.7800,0.7872,0.5417,nan,nan,nan,nan,0
early,cage,1,8,resnet,True,none,lr,1e-05,0.0001,32,13,0.2198,1.0275,0.7932,0.8085,0.5353,nan,nan,nan,nan,0
early,cage,1,8,resnet,True,none,lr,1e-05,0.0001,32,14,0.1963,1.1009,0.8183,0.7872,0.5481,nan,nan,nan,nan,0
early,cage,1,8,resnet,True,none,lr,1e-05,0.0001,32,15,0.1648,1.2745,0.8609,0.8298,0.5737,nan,nan,nan,nan,0
early,cage,1,8,resnet,True,none,lr,1e-05,0.0001,32,16,0.1343,1.2119,0.8587,0.8298,0.5769,nan,nan,nan,nan,0
early,cage,1,9,resnet,True,none,lr,1e-05,0.0001,32,1,0.7291,0.6951,0.7020,0.5952,0.5421,nan,nan,nan,nan,0
early,cage,1,9,resnet,True,none,lr,1e-05,0.0001,32,2,0.6692,0.6995,0.7185,0.7143,0.5589,nan,nan,nan,nan,0
early,cage,1,9,resnet,True,none,lr,1e-05,0.0001,32,3,0.6205,0.7176,0.7907,0.5476,0.5320,nan,nan,nan,nan,0
early,cage,1,9,resnet,True,none,lr,1e-05,0.0001,32,4,0.5877,0.7310,0.7485,0.6905,0.5724,nan,nan,nan,nan,0
early,cage,1,9,resnet,True,none,lr,1e-05,0.0001,32,5,0.5509,0.7506,0.8013,0.6905,0.5522,nan,nan,nan,nan,1
early,cage,1,9,resnet,True,none,lr,1e-05,0.0001,32,6,0.4969,0.7627,0.7686,0.7143,0.5724,0.6710,0.6102,0.6977,0.6627,1
early,cage,1,9,resnet,True,none,lr,1e-05,0.0001,32,7,0.4640,0.8546,0.8767,0.7143,0.5320,nan,nan,nan,nan,0
early,cage,1,9,resnet,True,none,lr,1e-05,0.0001,32,8,0.4119,0.8127,0.8579,0.6905,0.5690,nan,nan,nan,nan,0
early,cage,1,9,resnet,True,none,lr,1e-05,0.0001,32,9,0.3648,0.8875,0.9046,0.6905,0.5185,nan,nan,nan,nan,0
early,cage,1,9,resnet,True,none,lr,1e-05,0.0001,32,10,0.3235,0.9888,1.0010,0.6905,0.5657,nan,nan,nan,nan,0
early,cage,1,9,resnet,True,none,lr,1e-05,0.0001,32,11,0.2812,1.0649,1.0494,0.6905,0.5286,nan,nan,nan,nan,0
early,cage,1,9,resnet,True,none,lr,1e-05,0.0001,32,12,0.2545,1.0444,1.0313,0.6905,0.5690,nan,nan,nan,nan,0
early,cage,1,9,resnet,True,none,lr,1e-05,0.0001,32,13,0.2077,1.1338,1.0897,0.6905,0.5185,nan,nan,nan,nan,0
early,cage,1,9,resnet,True,none,lr,1e-05,0.0001,32,14,0.1815,1.2064,1.0477,0.7143,0.5791,nan,nan,nan,nan,0
early,cage,1,9,resnet,True,none,lr,1e-05,0.0001,32,15,0.1625,1.3286,1.1338,0.6905,0.5488,nan,nan,nan,nan,0
early,cage,1,9,resnet,True,none,lr,1e-05,0.0001,32,16,0.1410,1.3879,1.1759,0.6905,0.5522,nan,nan,nan,nan,0
early,cage,2,0,resnet,True,none,lr,1e-05,0.0001,32,1,0.7234,0.6715,0.6508,0.7907,0.6548,nan,nan,nan,nan,0
early,cage,2,0,resnet,True,none,lr,1e-05,0.0001,32,2,0.6715,0.6590,0.6462,0.7209,0.6706,nan,nan,nan,nan,0
early,cage,2,0,resnet,True,none,lr,1e-05,0.0001,32,3,0.6253,0.6621,0.6341,0.7442,0.6786,nan,nan,nan,nan,0
early,cage,2,0,resnet,True,none,lr,1e-05,0.0001,32,4,0.5866,0.6605,0.6480,0.7442,0.6587,nan,nan,nan,nan,0
early,cage,2,0,resnet,True,none,lr,1e-05,0.0001,32,5,0.5542,0.6684,0.6435,0.7209,0.6905,nan,nan,nan,nan,1
early,cage,2,0,resnet,True,none,lr,1e-05,0.0001,32,6,0.5108,0.6653,0.6674,0.7442,0.6667,nan,nan,nan,nan,0
early,cage,2,0,resnet,True,none,lr,1e-05,0.0001,32,7,0.4708,0.6531,0.6595,0.7442,0.7024,nan,nan,nan,nan,1
early,cage,2,0,resnet,True,none,lr,1e-05,0.0001,32,8,0.4333,0.6523,0.6791,0.7442,0.6905,nan,nan,nan,nan,0
early,cage,2,0,resnet,True,none,lr,1e-05,0.0001,32,9,0.3846,0.7034,0.6969,0.7674,0.6706,nan,nan,nan,nan,0
early,cage,2,0,resnet,True,none,lr,1e-05,0.0001,32,10,0.3338,0.7198,0.6982,0.7907,0.6905,nan,nan,nan,nan,0
early,cage,2,0,resnet,True,none,lr,1e-05,0.0001,32,11,0.3019,0.6892,0.7202,0.7907,0.7341,nan,nan,nan,nan,1
early,cage,2,0,resnet,True,none,lr,1e-05,0.0001,32,12,0.2571,0.7455,0.7473,0.7907,0.7222,nan,nan,nan,nan,0
early,cage,2,0,resnet,True,none,lr,1e-05,0.0001,32,13,0.2318,0.7633,0.7657,0.8140,0.7341,nan,nan,nan,nan,1
early,cage,2,0,resnet,True,none,lr,1e-05,0.0001,32,14,0.1938,0.8017,0.7926,0.8140,0.7103,nan,nan,nan,nan,1
early,cage,2,0,resnet,True,none,lr,1e-05,0.0001,32,15,0.1705,0.8788,0.8514,0.7907,0.7341,nan,nan,nan,nan,1
early,cage,2,0,resnet,True,none,lr,1e-05,0.0001,32,16,0.1432,0.9078,0.8722,0.7907,0.7659,nan,nan,nan,nan,1
early,cage,2,0,resnet,True,none,lr,1e-05,0.0001,32,17,0.1240,0.9790,0.9157,0.7907,0.7579,nan,nan,nan,nan,1
early,cage,2,0,resnet,True,none,lr,1e-05,0.0001,32,18,0.1099,0.8993,0.8972,0.7907,0.7460,nan,nan,nan,nan,0
early,cage,2,0,resnet,True,none,lr,1e-05,0.0001,32,19,0.0821,1.0152,0.9146,0.7907,0.8016,nan,nan,nan,nan,1
early,cage,2,0,resnet,True,none,lr,1e-05,0.0001,32,20,0.0868,1.0142,0.9358,0.7907,0.7937,1.0085,0.9468,0.8095,0.7279,1
early,cage,2,0,resnet,True,none,lr,1e-05,0.0001,32,21,0.0722,1.2109,1.0622,0.7907,0.6865,nan,nan,nan,nan,0
early,cage,2,0,resnet,True,none,lr,1e-05,0.0001,32,22,0.0627,1.1700,1.0190,0.7907,0.7698,nan,nan,nan,nan,0
early,cage,2,0,resnet,True,none,lr,1e-05,0.0001,32,23,0.0564,1.1346,1.0377,0.7907,0.7579,nan,nan,nan,nan,0
early,cage,2,0,resnet,True,none,lr,1e-05,0.0001,32,24,0.0562,1.1944,1.1386,0.8140,0.6429,nan,nan,nan,nan,0
early,cage,2,0,resnet,True,none,lr,1e-05,0.0001,32,25,0.0464,1.3841,1.1687,0.8140,0.7460,nan,nan,nan,nan,0
early,cage,2,1,resnet,True,none,lr,1e-05,0.0001,32,1,0.7258,0.6881,0.6695,0.6744,0.5278,nan,nan,nan,nan,0
early,cage,2,1,resnet,True,none,lr,1e-05,0.0001,32,2,0.6662,0.6791,0.6785,0.5349,0.5635,nan,nan,nan,nan,0
early,cage,2,1,resnet,True,none,lr,1e-05,0.0001,32,3,0.6306,0.6725,0.6552,0.6977,0.6071,nan,nan,nan,nan,0
early,cage,2,1,resnet,True,none,lr,1e-05,0.0001,32,4,0.5941,0.6670,0.6607,0.6512,0.6190,nan,nan,nan,nan,0
early,cage,2,1,resnet,True,none,lr,1e-05,0.0001,32,5,0.5542,0.6798,0.6402,0.7209,0.6111,nan,nan,nan,nan,1
early,cage,2,1,resnet,True,none,lr,1e-05,0.0001,32,6,0.5191,0.6658,0.6561,0.6744,0.6071,nan,nan,nan,nan,1
early,cage,2,1,resnet,True,none,lr,1e-05,0.0001,32,7,0.4601,0.6644,0.6771,0.7209,0.6468,nan,nan,nan,nan,1
early,cage,2,1,resnet,True,none,lr,1e-05,0.0001,32,8,0.4225,0.6885,0.6448,0.6977,0.6389,nan,nan,nan,nan,1
early,cage,2,1,resnet,True,none,lr,1e-05,0.0001,32,9,0.3732,0.6934,0.6999,0.6977,0.6230,nan,nan,nan,nan,0
early,cage,2,1,resnet,True,none,lr,1e-05,0.0001,32,10,0.3362,0.6857,0.6780,0.7209,0.6587,nan,nan,nan,nan,1
early,cage,2,1,resnet,True,none,lr,1e-05,0.0001,32,11,0.2826,0.7547,0.7529,0.6977,0.6349,nan,nan,nan,nan,1
early,cage,2,1,resnet,True,none,lr,1e-05,0.0001,32,12,0.2559,0.8147,0.7254,0.8605,0.6508,nan,nan,nan,nan,0
early,cage,2,1,resnet,True,none,lr,1e-05,0.0001,32,13,0.2171,0.8179,0.7826,0.7674,0.6270,nan,nan,nan,nan,0
early,cage,2,1,resnet,True,none,lr,1e-05,0.0001,32,14,0.1727,0.8034,0.7445,0.8605,0.6865,nan,nan,nan,nan,1
early,cage,2,1,resnet,True,none,lr,1e-05,0.0001,32,15,0.1530,0.8567,0.8009,0.8605,0.6786,nan,nan,nan,nan,0
early,cage,2,1,resnet,True,none,lr,1e-05,0.0001,32,16,0.1372,0.9757,0.8125,0.8372,0.6825,nan,nan,nan,nan,1
early,cage,2,1,resnet,True,none,lr,1e-05,0.0001,32,17,0.1126,1.0223,0.8371,0.8605,0.6786,nan,nan,nan,nan,1
early,cage,2,1,resnet,True,none,lr,1e-05,0.0001,32,18,0.1007,0.9859,0.8409,0.8605,0.7024,nan,nan,nan,nan,1
early,cage,2,1,resnet,True,none,lr,1e-05,0.0001,32,19,0.0873,1.1307,0.8945,0.8605,0.6786,nan,nan,nan,nan,0
early,cage,2,1,resnet,True,none,lr,1e-05,0.0001,32,20,0.0791,1.1695,0.8987,0.8605,0.6905,nan,nan,nan,nan,0
early,cage,2,1,resnet,True,none,lr,1e-05,0.0001,32,21,0.0717,1.2425,0.9474,0.8372,0.6905,nan,nan,nan,nan,0
early,cage,2,1,resnet,True,none,lr,1e-05,0.0001,32,22,0.0560,1.2947,0.9761,0.8372,0.6825,nan,nan,nan,nan,0
early,cage,2,1,resnet,True,none,lr,1e-05,0.0001,32,23,0.0529,1.3493,0.9993,0.8372,0.7262,nan,nan,nan,nan,1
early,cage,2,1,resnet,True,none,lr,1e-05,0.0001,32,24,0.0476,1.1046,0.9837,0.8605,0.6905,nan,nan,nan,nan,0
early,cage,2,1,resnet,True,none,lr,1e-05,0.0001,32,25,0.0379,1.3237,1.0211,0.8372,0.7024,nan,nan,nan,nan,0
early,cage,2,1,resnet,True,none,lr,1e-05,0.0001,32,26,0.0379,1.4557,1.0522,0.8372,0.7302,nan,nan,nan,nan,1
early,cage,2,1,resnet,True,none,lr,1e-05,0.0001,32,27,0.0323,1.2879,1.0536,0.8372,0.7024,nan,nan,nan,nan,0
early,cage,2,1,resnet,True,none,lr,1e-05,0.0001,32,28,0.0277,1.4498,1.0968,0.8372,0.7183,nan,nan,nan,nan,0
early,cage,2,1,resnet,True,none,lr,1e-05,0.0001,32,29,0.0286,1.4303,1.1407,0.8372,0.7024,nan,nan,nan,nan,0
early,cage,2,1,resnet,True,none,lr,1e-05,0.0001,32,30,0.0230,1.5056,1.1483,0.8372,0.7063,1.3429,1.1386,0.7857,0.7316,1
early,cage,2,1,resnet,True,none,lr,1e-05,0.0001,32,31,0.0248,1.5306,1.1500,0.8372,0.7063,nan,nan,nan,nan,0
early,cage,2,1,resnet,True,none,lr,1e-05,0.0001,32,32,0.0226,1.5290,1.2437,0.8372,0.7063,nan,nan,nan,nan,0
early,cage,2,1,resnet,True,none,lr,1e-05,0.0001,32,33,0.0201,1.6173,1.1885,0.8372,0.7063,nan,nan,nan,nan,0
early,cage,2,1,resnet,True,none,lr,1e-05,0.0001,32,34,0.0205,1.6637,1.2012,0.8372,0.7063,nan,nan,nan,nan,0
early,cage,2,1,resnet,True,none,lr,1e-05,0.0001,32,35,0.0131,1.6137,1.2726,0.8372,0.6944,nan,nan,nan,nan,0
early,cage,2,3,resnet,True,none,lr,1e-05,0.0001,32,1,0.7303,0.6810,0.6733,0.6905,0.6000,nan,nan,nan,nan,0
early,cage,2,3,resnet,True,none,lr,1e-05,0.0001,32,2,0.6652,0.6900,0.6633,0.7381,0.5510,nan,nan,nan,nan,0
early,cage,2,3,resnet,True,none,lr,1e-05,0.0001,32,3,0.6304,0.6984,0.6926,0.6667,0.5102,nan,nan,nan,nan,0
early,cage,2,3,resnet,True,none,lr,1e-05,0.0001,32,4,0.5876,0.6897,0.6746,0.6905,0.5673,nan,nan,nan,nan,0
early,cage,2,3,resnet,True,none,lr,1e-05,0.0001,32,5,0.5536,0.6677,0.6582,0.7381,0.6327,nan,nan,nan,nan,1
early,cage,2,3,resnet,True,none,lr,1e-05,0.0001,32,6,0.5156,0.6954,0.6845,0.7143,0.5755,nan,nan,nan,nan,0
early,cage,2,3,resnet,True,none,lr,1e-05,0.0001,32,7,0.4626,0.6913,0.6764,0.7381,0.5959,nan,nan,nan,nan,0
early,cage,2,3,resnet,True,none,lr,1e-05,0.0001,32,8,0.4248,0.7313,0.7011,0.7381,0.5837,nan,nan,nan,nan,1
early,cage,2,3,resnet,True,none,lr,1e-05,0.0001,32,9,0.3732,0.7110,0.7006,0.7619,0.6571,nan,nan,nan,nan,1
early,cage,2,3,resnet,True,none,lr,1e-05,0.0001,32,10,0.3322,0.7683,0.7168,0.7619,0.6898,nan,nan,nan,nan,1
early,cage,2,3,resnet,True,none,lr,1e-05,0.0001,32,11,0.2867,0.7926,0.7885,0.7619,0.6245,nan,nan,nan,nan,1
early,cage,2,3,resnet,True,none,lr,1e-05,0.0001,32,12,0.2503,0.8413,0.7792,0.8095,0.6571,nan,nan,nan,nan,1
early,cage,2,3,resnet,True,none,lr,1e-05,0.0001,32,13,0.2185,0.8211,0.7897,0.7857,0.6735,nan,nan,nan,nan,1
early,cage,2,3,resnet,True,none,lr,1e-05,0.0001,32,14,0.1843,0.8434,0.8450,0.7857,0.6898,nan,nan,nan,nan,1
early,cage,2,3,resnet,True,none,lr,1e-05,0.0001,32,15,0.1564,0.8867,0.8510,0.7857,0.6816,nan,nan,nan,nan,0
early,cage,2,3,resnet,True,none,lr,1e-05,0.0001,32,16,0.1370,0.9116,0.8674,0.7619,0.7347,nan,nan,nan,nan,1
early,cage,2,3,resnet,True,none,lr,1e-05,0.0001,32,17,0.1219,1.0043,0.9158,0.8095,0.7265,nan,nan,nan,nan,1
early,cage,2,3,resnet,True,none,lr,1e-05,0.0001,32,18,0.0925,1.1222,1.0059,0.8095,0.6776,nan,nan,nan,nan,0
early,cage,2,3,resnet,True,none,lr,1e-05,0.0001,32,19,0.0878,1.0724,0.9303,0.8333,0.7388,0.9929,0.8992,0.8095,0.6985,1
early,cage,2,3,resnet,True,none,lr,1e-05,0.0001,32,20,0.0781,1.2206,1.0440,0.8333,0.6612,nan,nan,nan,nan,0
early,cage,2,3,resnet,True,none,lr,1e-05,0.0001,32,21,0.0604,1.0366,0.9762,0.8095,0.7184,nan,nan,nan,nan,0
early,cage,2,3,resnet,True,none,lr,1e-05,0.0001,32,22,0.0558,1.2505,1.0398,0.8333,0.7510,nan,nan,nan,nan,0
early,cage,2,3,resnet,True,none,lr,1e-05,0.0001,32,23,0.0469,1.2748,1.1189,0.8333,0.6980,nan,nan,nan,nan,0
early,cage,2,3,resnet,True,none,lr,1e-05,0.0001,32,24,0.0447,1.3779,1.1872,0.8333,0.6735,nan,nan,nan,nan,0
early,cage,2,4,resnet,True,none,lr,1e-05,0.0001,32,1,0.7172,0.6939,0.6791,0.7209,0.5179,nan,nan,nan,nan,0
early,cage,2,4,resnet,True,none,lr,1e-05,0.0001,32,2,0.6756,0.6875,0.6743,0.6744,0.5643,nan,nan,nan,nan,0
early,cage,2,4,resnet,True,none,lr,1e-05,0.0001,32,3,0.6415,0.6818,0.6505,0.6977,0.6036,nan,nan,nan,nan,0
early,cage,2,4,resnet,True,none,lr,1e-05,0.0001,32,4,0.6010,0.6861,0.6733,0.7209,0.6036,nan,nan,nan,nan,0
early,cage,2,4,resnet,True,none,lr,1e-05,0.0001,32,5,0.5619,0.6813,0.6501,0.7674,0.6357,nan,nan,nan,nan,1
early,cage,2,4,resnet,True,none,lr,1e-05,0.0001,32,6,0.5156,0.6861,0.6688,0.6977,0.6214,nan,nan,nan,nan,1
early,cage,2,4,resnet,True,none,lr,1e-05,0.0001,32,7,0.4784,0.6659,0.6495,0.7442,0.6679,nan,nan,nan,nan,1
early,cage,2,4,resnet,True,none,lr,1e-05,0.0001,32,8,0.4248,0.6833,0.6747,0.7907,0.6821,nan,nan,nan,nan,1
early,cage,2,4,resnet,True,none,lr,1e-05,0.0001,32,9,0.3780,0.6799,0.6569,0.8140,0.7179,nan,nan,nan,nan,1
early,cage,2,4,resnet,True,none,lr,1e-05,0.0001,32,10,0.3374,0.6945,0.7176,0.7674,0.6929,nan,nan,nan,nan,1
early,cage,2,4,resnet,True,none,lr,1e-05,0.0001,32,11,0.2979,0.7323,0.7533,0.7674,0.6750,nan,nan,nan,nan,1
early,cage,2,4,resnet,True,none,lr,1e-05,0.0001,32,12,0.2519,0.7045,0.7511,0.8140,0.7286,nan,nan,nan,nan,1
early,cage,2,4,resnet,True,none,lr,1e-05,0.0001,32,13,0.2118,0.7922,0.7774,0.8140,0.6857,nan,nan,nan,nan,0
early,cage,2,4,resnet,True,none,lr,1e-05,0.0001,32,14,0.1844,0.8450,0.8071,0.7907,0.7464,nan,nan,nan,nan,1
early,cage,2,4,resnet,True,none,lr,1e-05,0.0001,32,15,0.1597,0.8434,0.8119,0.7907,0.7321,nan,nan,nan,nan,1
early,cage,2,4,resnet,True,none,lr,1e-05,0.0001,32,16,0.1425,0.8818,0.8670,0.7907,0.7536,1.0819,0.8861,0.7857,0.6434,1
early,cage,2,4,resnet,True,none,lr,1e-05,0.0001,32,17,0.1159,0.9718,0.9221,0.8140,0.7286,nan,nan,nan,nan,0
early,cage,2,4,resnet,True,none,lr,1e-05,0.0001,32,18,0.1062,0.9763,0.9400,0.8140,0.7000,nan,nan,nan,nan,0
early,cage,2,4,resnet,True,none,lr,1e-05,0.0001,32,19,0.0834,1.1071,1.0578,0.7907,0.7429,nan,nan,nan,nan,0
early,cage,2,4,resnet,True,none,lr,1e-05,0.0001,32,20,0.0812,1.0526,1.0126,0.7674,0.7143,nan,nan,nan,nan,0
early,cage,2,4,resnet,True,none,lr,1e-05,0.0001,32,21,0.0698,1.1264,1.0494,0.7674,0.7071,nan,nan,nan,nan,0
early,cage,2,5,resnet,True,none,lr,1e-05,0.0001,32,1,0.7172,0.7445,0.6798,0.7000,0.5305,nan,nan,nan,nan,0
early,cage,2,5,resnet,True,none,lr,1e-05,0.0001,32,2,0.6630,0.7622,0.6910,0.7000,0.5090,nan,nan,nan,nan,0
early,cage,2,5,resnet,True,none,lr,1e-05,0.0001,32,3,0.6260,0.7420,0.7089,0.6250,0.5341,nan,nan,nan,nan,0
early,cage,2,5,resnet,True,none,lr,1e-05,0.0001,32,4,0.5813,0.7874,0.7076,0.7000,0.5161,nan,nan,nan,nan,0
early,cage,2,5,resnet,True,none,lr,1e-05,0.0001,32,5,0.5515,0.8436,0.7340,0.7250,0.5090,0.6358,0.6490,0.7381,0.7353,1
early,cage,2,5,resnet,True,none,lr,1e-05,0.0001,32,6,0.4989,0.8619,0.7395,0.7000,0.5018,nan,nan,nan,nan,0
early,cage,2,5,resnet,True,none,lr,1e-05,0.0001,32,7,0.4560,0.9036,0.7781,0.7000,0.4982,nan,nan,nan,nan,0
early,cage,2,5,resnet,True,none,lr,1e-05,0.0001,32,8,0.4120,0.8922,0.7797,0.7250,0.5090,nan,nan,nan,nan,0
early,cage,2,5,resnet,True,none,lr,1e-05,0.0001,32,9,0.3616,1.0604,0.8510,0.7250,0.4803,nan,nan,nan,nan,0
early,cage,2,5,resnet,True,none,lr,1e-05,0.0001,32,10,0.3125,1.0828,0.8655,0.7500,0.5090,nan,nan,nan,nan,0
early,cage,2,5,resnet,True,none,lr,1e-05,0.0001,32,11,0.2704,1.1354,0.9241,0.7250,0.5233,nan,nan,nan,nan,0
early,cage,2,5,resnet,True,none,lr,1e-05,0.0001,32,12,0.2370,1.2290,0.9571,0.7750,0.5054,nan,nan,nan,nan,0
early,cage,2,5,resnet,True,none,lr,1e-05,0.0001,32,13,0.2030,1.3038,1.0390,0.7500,0.4480,nan,nan,nan,nan,0
early,cage,2,5,resnet,True,none,lr,1e-05,0.0001,32,14,0.1810,1.3431,1.0712,0.7500,0.4839,nan,nan,nan,nan,0
early,cage,2,5,resnet,True,none,lr,1e-05,0.0001,32,15,0.1515,1.5898,1.1952,0.7750,0.4229,nan,nan,nan,nan,0
early,cage,2,5,resnet,True,none,lr,1e-05,0.0001,32,16,0.1339,1.5665,1.2079,0.7750,0.4731,nan,nan,nan,nan,0
early,cage,2,6,resnet,True,none,lr,1e-05,0.0001,32,1,0.7181,0.6758,0.6485,0.7561,0.5905,nan,nan,nan,nan,0
early,cage,2,6,resnet,True,none,lr,1e-05,0.0001,32,2,0.6651,0.6873,0.6577,0.6829,0.5476,nan,nan,nan,nan,0
early,cage,2,6,resnet,True,none,lr,1e-05,0.0001,32,3,0.6227,0.6954,0.6677,0.6829,0.4952,nan,nan,nan,nan,0
early,cage,2,6,resnet,True,none,lr,1e-05,0.0001,32,4,0.5751,0.7061,0.6659,0.7317,0.5286,nan,nan,nan,nan,0
early,cage,2,6,resnet,True,none,lr,1e-05,0.0001,32,5,0.5452,0.6940,0.6701,0.7073,0.5762,nan,nan,nan,nan,1
early,cage,2,6,resnet,True,none,lr,1e-05,0.0001,32,6,0.4954,0.7044,0.6784,0.6829,0.5762,nan,nan,nan,nan,0
early,cage,2,6,resnet,True,none,lr,1e-05,0.0001,32,7,0.4483,0.7134,0.6758,0.7317,0.6143,nan,nan,nan,nan,1
early,cage,2,6,resnet,True,none,lr,1e-05,0.0001,32,8,0.4125,0.7113,0.7138,0.7073,0.6333,nan,nan,nan,nan,1
early,cage,2,6,resnet,True,none,lr,1e-05,0.0001,32,9,0.3639,0.7582,0.7478,0.7805,0.5905,nan,nan,nan,nan,1
early,cage,2,6,resnet,True,none,lr,1e-05,0.0001,32,10,0.3266,0.7935,0.7955,0.7805,0.5905,nan,nan,nan,nan,0
early,cage,2,6,resnet,True,none,lr,1e-05,0.0001,32,11,0.2865,0.7796,0.7591,0.7805,0.6429,nan,nan,nan,nan,1
early,cage,2,6,resnet,True,none,lr,1e-05,0.0001,32,12,0.2428,0.8470,0.7901,0.8537,0.6476,nan,nan,nan,nan,1
early,cage,2,6,resnet,True,none,lr,1e-05,0.0001,32,13,0.2069,0.9427,0.8506,0.8537,0.6238,nan,nan,nan,nan,0
early,cage,2,6,resnet,True,none,lr,1e-05,0.0001,32,14,0.1815,0.9635,0.8886,0.8537,0.6238,nan,nan,nan,nan,0
early,cage,2,6,resnet,True,none,lr,1e-05,0.0001,32,15,0.1521,1.0020,0.8707,0.8537,0.6762,nan,nan,nan,nan,1
early,cage,2,6,resnet,True,none,lr,1e-05,0.0001,32,16,0.1322,1.0744,0.9344,0.8537,0.6810,nan,nan,nan,nan,1
early,cage,2,6,resnet,True,none,lr,1e-05,0.0001,32,17,0.1127,1.0959,0.9561,0.8537,0.6714,nan,nan,nan,nan,0
early,cage,2,6,resnet,True,none,lr,1e-05,0.0001,32,18,0.1114,1.0919,0.9725,0.8537,0.7000,nan,nan,nan,nan,1
early,cage,2,6,resnet,True,none,lr,1e-05,0.0001,32,19,0.0850,1.2533,1.0398,0.8537,0.6810,0.9739,0.9135,0.7857,0.7757,1
early,cage,2,6,resnet,True,none,lr,1e-05,0.0001,32,20,0.0745,1.3391,1.0862,0.8537,0.6476,nan,nan,nan,nan,0
early,cage,2,6,resnet,True,none,lr,1e-05,0.0001,32,21,0.0654,1.2138,1.0395,0.8537,0.6762,nan,nan,nan,nan,0
early,cage,2,6,resnet,True,none,lr,1e-05,0.0001,32,22,0.0571,1.4303,1.1632,0.8537,0.6048,nan,nan,nan,nan,0
early,cage,2,6,resnet,True,none,lr,1e-05,0.0001,32,23,0.0552,1.4305,1.1371,0.8537,0.6619,nan,nan,nan,nan,0
early,cage,2,6,resnet,True,none,lr,1e-05,0.0001,32,24,0.0436,1.3795,1.1256,0.8537,0.6714,nan,nan,nan,nan,0
early,cage,2,7,resnet,True,none,lr,1e-05,0.0001,32,1,0.7231,0.7055,0.6596,0.7273,0.5174,nan,nan,nan,nan,0
early,cage,2,7,resnet,True,none,lr,1e-05,0.0001,32,2,0.6729,0.7293,0.6704,0.6818,0.4514,nan,nan,nan,nan,0
early,cage,2,7,resnet,True,none,lr,1e-05,0.0001,32,3,0.6227,0.7451,0.6862,0.6136,0.4549,nan,nan,nan,nan,0
early,cage,2,7,resnet,True,none,lr,1e-05,0.0001,32,4,0.5922,0.7509,0.6955,0.6818,0.4861,nan,nan,nan,nan,0
early,cage,2,7,resnet,True,none,lr,1e-05,0.0001,32,5,0.5573,0.7673,0.7268,0.5682,0.4688,nan,nan,nan,nan,1
early,cage,2,7,resnet,True,none,lr,1e-05,0.0001,32,6,0.5012,0.7730,0.6790,0.7273,0.5000,nan,nan,nan,nan,0
early,cage,2,7,resnet,True,none,lr,1e-05,0.0001,32,7,0.4663,0.8074,0.7032,0.7045,0.4861,nan,nan,nan,nan,0
early,cage,2,7,resnet,True,none,lr,1e-05,0.0001,32,8,0.4302,0.8202,0.7048,0.7045,0.5035,nan,nan,nan,nan,1
early,cage,2,7,resnet,True,none,lr,1e-05,0.0001,32,9,0.3792,0.8216,0.7336,0.7955,0.4792,nan,nan,nan,nan,0
early,cage,2,7,resnet,True,none,lr,1e-05,0.0001,32,10,0.3409,0.8423,0.7445,0.7727,0.5000,nan,nan,nan,nan,0
early,cage,2,7,resnet,True,none,lr,1e-05,0.0001,32,11,0.2923,0.9153,0.7627,0.7727,0.5521,nan,nan,nan,nan,1
early,cage,2,7,resnet,True,none,lr,1e-05,0.0001,32,12,0.2535,1.0311,0.8053,0.8182,0.5000,nan,nan,nan,nan,0
early,cage,2,7,resnet,True,none,lr,1e-05,0.0001,32,13,0.2153,1.0828,0.8424,0.7955,0.5000,nan,nan,nan,nan,0
early,cage,2,7,resnet,True,none,lr,1e-05,0.0001,32,14,0.1865,1.0904,0.8486,0.7955,0.5451,nan,nan,nan,nan,1
early,cage,2,7,resnet,True,none,lr,1e-05,0.0001,32,15,0.1661,1.1940,0.8822,0.8182,0.5382,0.7781,0.7652,0.8333,0.7684,1
early,cage,2,7,resnet,True,none,lr,1e-05,0.0001,32,16,0.1351,1.2912,0.9293,0.8182,0.5208,nan,nan,nan,nan,0
early,cage,2,7,resnet,True,none,lr,1e-05,0.0001,32,17,0.1169,1.2871,0.9397,0.8182,0.5069,nan,nan,nan,nan,0
early,cage,2,7,resnet,True,none,lr,1e-05,0.0001,32,18,0.1029,1.3597,0.9714,0.8182,0.5347,nan,nan,nan,nan,0
early,cage,2,7,resnet,True,none,lr,1e-05,0.0001,32,19,0.0828,1.3658,0.9967,0.8182,0.5382,nan,nan,nan,nan,0
early,cage,2,7,resnet,True,none,lr,1e-05,0.0001,32,20,0.0791,1.5469,1.1013,0.8182,0.5174,nan,nan,nan,nan,0
early,cage,2,8,resnet,True,none,lr,1e-05,0.0001,32,1,0.7075,0.6790,0.6703,0.7447,0.5994,nan,nan,nan,nan,0
early,cage,2,8,resnet,True,none,lr,1e-05,0.0001,32,2,0.6702,0.6781,0.6962,0.6596,0.6186,nan,nan,nan,nan,0
early,cage,2,8,resnet,True,none,lr,1e-05,0.0001,32,3,0.6301,0.7034,0.6737,0.6809,0.5833,nan,nan,nan,nan,0
early,cage,2,8,resnet,True,none,lr,1e-05,0.0001,32,4,0.5875,0.7236,0.6690,0.7234,0.5769,nan,nan,nan,nan,0
early,cage,2,8,resnet,True,none,lr,1e-05,0.0001,32,5,0.5447,0.7119,0.6562,0.7660,0.6090,0.6363,0.6479,0.7619,0.7316,1
early,cage,2,8,resnet,True,none,lr,1e-05,0.0001,32,6,0.4966,0.7391,0.6429,0.7660,0.6186,nan,nan,nan,nan,0
early,cage,2,8,resnet,True,none,lr,1e-05,0.0001,32,7,0.4582,0.7462,0.6751,0.7660,0.6026,nan,nan,nan,nan,0
early,cage,2,8,resnet,True,none,lr,1e-05,0.0001,32,8,0.4205,0.8090,0.6826,0.7872,0.5929,nan,nan,nan,nan,0
early,cage,2,8,resnet,True,none,lr,1e-05,0.0001,32,9,0.3717,0.8529,0.7164,0.7660,0.5577,nan,nan,nan,nan,0
early,cage,2,8,resnet,True,none,lr,1e-05,0.0001,32,10,0.3193,0.9222,0.7532,0.7660,0.5417,nan,nan,nan,nan,0
early,cage,2,8,resnet,True,none,lr,1e-05,0.0001,32,11,0.2847,0.9198,0.7667,0.7660,0.5577,nan,nan,nan,nan,0
early,cage,2,8,resnet,True,none,lr,1e-05,0.0001,32,12,0.2410,0.9386,0.7544,0.7872,0.5962,nan,nan,nan,nan,0
early,cage,2,8,resnet,True,none,lr,1e-05,0.0001,32,13,0.2107,1.0598,0.8193,0.7660,0.5545,nan,nan,nan,nan,0
early,cage,2,8,resnet,True,none,lr,1e-05,0.0001,32,14,0.1847,1.1079,0.8168,0.7872,0.5801,nan,nan,nan,nan,0
early,cage,2,8,resnet,True,none,lr,1e-05,0.0001,32,15,0.1687,1.1446,0.8692,0.8085,0.5609,nan,nan,nan,nan,0
early,cage,2,8,resnet,True,none,lr,1e-05,0.0001,32,16,0.1371,1.2299,0.8771,0.8085,0.5897,nan,nan,nan,nan,0
early,cage,2,9,resnet,True,none,lr,1e-05,0.0001,32,1,0.7167,0.6958,0.6848,0.6667,0.5825,nan,nan,nan,nan,0
early,cage,2,9,resnet,True,none,lr,1e-05,0.0001,32,2,0.6682,0.6793,0.7496,0.5000,0.5690,nan,nan,nan,nan,0
early,cage,2,9,resnet,True,none,lr,1e-05,0.0001,32,3,0.6175,0.6831,0.7485,0.5714,0.5960,nan,nan,nan,nan,0
early,cage,2,9,resnet,True,none,lr,1e-05,0.0001,32,4,0.5846,0.7013,0.7642,0.6429,0.5791,nan,nan,nan,nan,0
early,cage,2,9,resnet,True,none,lr,1e-05,0.0001,32,5,0.5330,0.7105,0.7632,0.6429,0.6263,nan,nan,nan,nan,1
early,cage,2,9,resnet,True,none,lr,1e-05,0.0001,32,6,0.4975,0.7393,0.8290,0.6429,0.5791,nan,nan,nan,nan,0
early,cage,2,9,resnet,True,none,lr,1e-05,0.0001,32,7,0.4539,0.7787,0.8076,0.6905,0.5960,nan,nan,nan,nan,0
early,cage,2,9,resnet,True,none,lr,1e-05,0.0001,32,8,0.4078,0.8148,0.8086,0.7381,0.5960,nan,nan,nan,nan,0
early,cage,2,9,resnet,True,none,lr,1e-05,0.0001,32,9,0.3609,0.8609,0.8405,0.6905,0.5859,0.6865,0.7264,0.7381,0.6801,1
early,cage,2,9,resnet,True,none,lr,1e-05,0.0001,32,10,0.3198,0.9252,0.9429,0.7381,0.5522,nan,nan,nan,nan,0
early,cage,2,9,resnet,True,none,lr,1e-05,0.0001,32,11,0.2778,0.9615,0.9044,0.6905,0.5522,nan,nan,nan,nan,0
early,cage,2,9,resnet,True,none,lr,1e-05,0.0001,32,12,0.2377,0.9843,0.9710,0.6667,0.5859,nan,nan,nan,nan,0
early,cage,2,9,resnet,True,none,lr,1e-05,0.0001,32,13,0.2112,1.0830,0.9319,0.6905,0.5623,nan,nan,nan,nan,0
early,cage,2,9,resnet,True,none,lr,1e-05,0.0001,32,14,0.1840,1.1983,1.0264,0.7381,0.5892,nan,nan,nan,nan,0
early,cage,2,9,resnet,True,none,lr,1e-05,0.0001,32,15,0.1575,1.1903,1.0362,0.6905,0.5623,nan,nan,nan,nan,0
early,cage,2,9,resnet,True,none,lr,1e-05,0.0001,32,16,0.1223,1.2635,1.1004,0.6667,0.5758,nan,nan,nan,nan,0
early,cage,3,0,resnet,True,none,lr,1e-05,0.0001,32,1,0.7142,0.6551,0.6522,0.6977,0.6944,nan,nan,nan,nan,0
early,cage,3,0,resnet,True,none,lr,1e-05,0.0001,32,2,0.6727,0.6496,0.6482,0.7209,0.7143,nan,nan,nan,nan,0
early,cage,3,0,resnet,True,none,lr,1e-05,0.0001,32,3,0.6336,0.6461,0.6316,0.7907,0.6944,nan,nan,nan,nan,0
early,cage,3,0,resnet,True,none,lr,1e-05,0.0001,32,4,0.5930,0.6418,0.6240,0.7674,0.7262,nan,nan,nan,nan,0
early,cage,3,0,resnet,True,none,lr,1e-05,0.0001,32,5,0.5584,0.6350,0.6396,0.7907,0.7262,nan,nan,nan,nan,1
early,cage,3,0,resnet,True,none,lr,1e-05,0.0001,32,6,0.5190,0.6393,0.6288,0.7442,0.7262,nan,nan,nan,nan,1
early,cage,3,0,resnet,True,none,lr,1e-05,0.0001,32,7,0.4798,0.6668,0.6313,0.7907,0.7222,nan,nan,nan,nan,0
early,cage,3,0,resnet,True,none,lr,1e-05,0.0001,32,8,0.4249,0.6590,0.6460,0.8140,0.7262,0.6946,0.6657,0.7857,0.6408,1
early,cage,3,0,resnet,True,none,lr,1e-05,0.0001,32,9,0.3863,0.6614,0.6781,0.7907,0.7262,nan,nan,nan,nan,0
early,cage,3,0,resnet,True,none,lr,1e-05,0.0001,32,10,0.3473,0.7187,0.7143,0.7907,0.7222,nan,nan,nan,nan,0
early,cage,3,0,resnet,True,none,lr,1e-05,0.0001,32,11,0.2987,0.7206,0.7383,0.7907,0.7183,nan,nan,nan,nan,0
early,cage,3,0,resnet,True,none,lr,1e-05,0.0001,32,12,0.2623,0.7631,0.7592,0.7674,0.7183,nan,nan,nan,nan,0
early,cage,3,0,resnet,True,none,lr,1e-05,0.0001,32,13,0.2274,0.8069,0.7958,0.7907,0.7222,nan,nan,nan,nan,0
early,cage,3,0,resnet,True,none,lr,1e-05,0.0001,32,14,0.1934,0.7664,0.8061,0.7907,0.7460,nan,nan,nan,nan,0
early,cage,3,0,resnet,True,none,lr,1e-05,0.0001,32,15,0.1685,0.8873,0.8729,0.7907,0.7341,nan,nan,nan,nan,0
early,cage,3,0,resnet,True,none,lr,1e-05,0.0001,32,16,0.1439,0.9907,0.9091,0.7907,0.7103,nan,nan,nan,nan,0
early,cage,3,1,resnet,True,none,lr,1e-05,0.0001,32,1,0.7090,0.6778,0.6362,0.7442,0.6071,nan,nan,nan,nan,0
early,cage,3,1,resnet,True,none,lr,1e-05,0.0001,32,2,0.6553,0.6762,0.6697,0.6279,0.6111,nan,nan,nan,nan,0
early,cage,3,1,resnet,True,none,lr,1e-05,0.0001,32,3,0.6230,0.6789,0.6259,0.7907,0.6230,nan,nan,nan,nan,0
early,cage,3,1,resnet,True,none,lr,1e-05,0.0001,32,4,0.5883,0.6927,0.6691,0.7209,0.5913,nan,nan,nan,nan,0
early,cage,3,1,resnet,True,none,lr,1e-05,0.0001,32,5,0.5449,0.6959,0.6412,0.7209,0.6071,nan,nan,nan,nan,1
early,cage,3,1,resnet,True,none,lr,1e-05,0.0001,32,6,0.4936,0.7115,0.6454,0.7442,0.6032,nan,nan,nan,nan,0
early,cage,3,1,resnet,True,none,lr,1e-05,0.0001,32,7,0.4590,0.7026,0.6481,0.7442,0.6190,nan,nan,nan,nan,0
early,cage,3,1,resnet,True,none,lr,1e-05,0.0001,32,8,0.4070,0.7589,0.6459,0.8140,0.6032,nan,nan,nan,nan,0
early,cage,3,1,resnet,True,none,lr,1e-05,0.0001,32,9,0.3583,0.7705,0.7125,0.7209,0.6190,nan,nan,nan,nan,0
early,cage,3,1,resnet,True,none,lr,1e-05,0.0001,32,10,0.3126,0.7392,0.6829,0.7674,0.6508,0.6802,0.6791,0.7619,0.6816,1
early,cage,3,1,resnet,True,none,lr,1e-05,0.0001,32,11,0.2772,0.8423,0.7212,0.8140,0.5913,nan,nan,nan,nan,0
early,cage,3,1,resnet,True,none,lr,1e-05,0.0001,32,12,0.2341,0.9110,0.7531,0.8605,0.6230,nan,nan,nan,nan,0
early,cage,3,1,resnet,True,none,lr,1e-05,0.0001,32,13,0.2026,0.9572,0.8060,0.8140,0.5833,nan,nan,nan,nan,0
early,cage,3,1,resnet,True,none,lr,1e-05,0.0001,32,14,0.1763,0.9612,0.8060,0.8605,0.6310,nan,nan,nan,nan,0
early,cage,3,1,resnet,True,none,lr,1e-05,0.0001,32,15,0.1513,1.0040,0.8350,0.8140,0.5873,nan,nan,nan,nan,0
early,cage,3,1,resnet,True,none,lr,1e-05,0.0001,32,16,0.1292,1.1203,0.8580,0.8605,0.6151,nan,nan,nan,nan,0
early,cage,3,2,resnet,True,none,lr,1e-05,0.0001,32,1,0.7150,0.6630,0.6847,0.5476,0.6875,nan,nan,nan,nan,0
early,cage,3,2,resnet,True,none,lr,1e-05,0.0001,32,2,0.6589,0.6582,0.6492,0.6905,0.7059,nan,nan,nan,nan,0
early,cage,3,2,resnet,True,none,lr,1e-05,0.0001,32,3,0.6208,0.6504,0.6584,0.6667,0.7022,nan,nan,nan,nan,0
early,cage,3,2,resnet,True,none,lr,1e-05,0.0001,32,4,0.5792,0.6312,0.7105,0.5714,0.7206,nan,nan,nan,nan,0
early,cage,3,2,resnet,True,none,lr,1e-05,0.0001,32,5,0.5443,0.6378,0.6487,0.6905,0.7463,nan,nan,nan,nan,1
early,cage,3,2,resnet,True,none,lr,1e-05,0.0001,32,6,0.5032,0.6260,0.6839,0.7143,0.7463,nan,nan,nan,nan,1
early,cage,3,2,resnet,True,none,lr,1e-05,0.0001,32,7,0.4591,0.6528,0.6690,0.6905,0.7059,nan,nan,nan,nan,0
early,cage,3,2,resnet,True,none,lr,1e-05,0.0001,32,8,0.4107,0.6166,0.6815,0.7381,0.7390,0.6688,0.6874,0.7381,0.6490,1
early,cage,3,2,resnet,True,none,lr,1e-05,0.0001,32,9,0.3646,0.6723,0.7058,0.7381,0.7022,nan,nan,nan,nan,0
early,cage,3,2,resnet,True,none,lr,1e-05,0.0001,32,10,0.3147,0.7089,0.7076,0.7857,0.6801,nan,nan,nan,nan,0
early,cage,3,2,resnet,True,none,lr,1e-05,0.0001,32,11,0.2758,0.7181,0.7469,0.6905,0.6985,nan,nan,nan,nan,0
early,cage,3,2,resnet,True,none,lr,1e-05,0.0001,32,12,0.2360,0.7022,0.7589,0.8333,0.7243,nan,nan,nan,nan,0
early,cage,3,2,resnet,True,none,lr,1e-05,0.0001,32,13,0.2092,0.7651,0.7620,0.7857,0.7206,nan,nan,nan,nan,0
early,cage,3,2,resnet,True,none,lr,1e-05,0.0001,32,14,0.1807,0.8078,0.8255,0.7857,0.6728,nan,nan,nan,nan,0
early,cage,3,2,resnet,True,none,lr,1e-05,0.0001,32,15,0.1615,0.8741,0.8345,0.7857,0.6765,nan,nan,nan,nan,0
early,cage,3,2,resnet,True,none,lr,1e-05,0.0001,32,16,0.1346,0.8469,0.8717,0.7857,0.6838,nan,nan,nan,nan,0
early,cage,3,4,resnet,True,none,lr,1e-05,0.0001,32,1,0.7152,0.6799,0.6723,0.6047,0.5607,nan,nan,nan,nan,0
early,cage,3,4,resnet,True,none,lr,1e-05,0.0001,32,2,0.6695,0.6747,0.6712,0.6512,0.6000,nan,nan,nan,nan,0
early,cage,3,4,resnet,True,none,lr,1e-05,0.0001,32,3,0.6372,0.6610,0.6513,0.6977,0.6357,nan,nan,nan,nan,0
early,cage,3,4,resnet,True,none,lr,1e-05,0.0001,32,4,0.6064,0.6842,0.6479,0.7674,0.6107,nan,nan,nan,nan,0
early,cage,3,4,resnet,True,none,lr,1e-05,0.0001,32,5,0.5568,0.6822,0.6554,0.7674,0.5964,nan,nan,nan,nan,1
early,cage,3,4,resnet,True,none,lr,1e-05,0.0001,32,6,0.5234,0.6647,0.6510,0.7442,0.6321,nan,nan,nan,nan,1
early,cage,3,4,resnet,True,none,lr,1e-05,0.0001,32,7,0.4840,0.6756,0.6462,0.7907,0.6321,nan,nan,nan,nan,1
early,cage,3,4,resnet,True,none,lr,1e-05,0.0001,32,8,0.4368,0.6654,0.6571,0.8140,0.6607,nan,nan,nan,nan,1
early,cage,3,4,resnet,True,none,lr,1e-05,0.0001,32,9,0.4002,0.6919,0.6708,0.8372,0.6357,nan,nan,nan,nan,0
early,cage,3,4,resnet,True,none,lr,1e-05,0.0001,32,10,0.3557,0.6994,0.6728,0.8605,0.6893,nan,nan,nan,nan,1
early,cage,3,4,resnet,True,none,lr,1e-05,0.0001,32,11,0.3155,0.6374,0.6725,0.8140,0.7250,nan,nan,nan,nan,1
early,cage,3,4,resnet,True,none,lr,1e-05,0.0001,32,12,0.2594,0.7492,0.7171,0.8837,0.7107,nan,nan,nan,nan,1
early,cage,3,4,resnet,True,none,lr,1e-05,0.0001,32,13,0.2369,0.7655,0.7672,0.8837,0.6714,nan,nan,nan,nan,0
early,cage,3,4,resnet,True,none,lr,1e-05,0.0001,32,14,0.2081,0.6907,0.7288,0.8605,0.7500,0.7707,0.7692,0.8095,0.6939,1
early,cage,3,4,resnet,True,none,lr,1e-05,0.0001,32,15,0.1692,0.7812,0.7837,0.8605,0.7143,nan,nan,nan,nan,0
early,cage,3,4,resnet,True,none,lr,1e-05,0.0001,32,16,0.1459,0.8337,0.8536,0.8837,0.6714,nan,nan,nan,nan,0
early,cage,3,4,resnet,True,none,lr,1e-05,0.0001,32,17,0.1264,0.8745,0.8750,0.8605,0.7393,nan,nan,nan,nan,0
early,cage,3,4,resnet,True,none,lr,1e-05,0.0001,32,18,0.1202,1.0037,0.9552,0.8605,0.6750,nan,nan,nan,nan,0
early,cage,3,4,resnet,True,none,lr,1e-05,0.0001,32,19,0.0941,0.8777,0.9176,0.8605,0.7214,nan,nan,nan,nan,0
early,cage,3,5,resnet,True,none,lr,1e-05,0.0001,32,1,0.7212,0.7189,0.6635,0.7500,0.5556,nan,nan,nan,nan,0
early,cage,3,5,resnet,True,none,lr,1e-05,0.0001,32,2,0.6622,0.7387,0.6792,0.6500,0.5054,nan,nan,nan,nan,0
early,cage,3,5,resnet,True,none,lr,1e-05,0.0001,32,3,0.6193,0.7156,0.6756,0.6500,0.5699,nan,nan,nan,nan,0
early,cage,3,5,resnet,True,none,lr,1e-05,0.0001,32,4,0.5768,0.7956,0.6955,0.7500,0.5412,nan,nan,nan,nan,0
early,cage,3,5,resnet,True,none,lr,1e-05,0.0001,32,5,0.5398,0.8189,0.7069,0.7250,0.5448,0.6954,0.6594,0.6905,0.6122,1
early,cage,3,5,resnet,True,none,lr,1e-05,0.0001,32,6,0.4991,0.8586,0.7423,0.7000,0.4982,nan,nan,nan,nan,0
early,cage,3,5,resnet,True,none,lr,1e-05,0.0001,32,7,0.4620,0.9111,0.7685,0.7750,0.5341,nan,nan,nan,nan,0
early,cage,3,5,resnet,True,none,lr,1e-05,0.0001,32,8,0.4122,0.9253,0.7983,0.6750,0.5161,nan,nan,nan,nan,0
early,cage,3,5,resnet,True,none,lr,1e-05,0.0001,32,9,0.3530,1.0764,0.8657,0.7500,0.4588,nan,nan,nan,nan,0
early,cage,3,5,resnet,True,none,lr,1e-05,0.0001,32,10,0.3099,1.1147,0.9257,0.6750,0.4480,nan,nan,nan,nan,0
early,cage,3,5,resnet,True,none,lr,1e-05,0.0001,32,11,0.2771,1.1946,0.9461,0.7750,0.4624,nan,nan,nan,nan,0
early,cage,3,5,resnet,True,none,lr,1e-05,0.0001,32,12,0.2333,1.3569,1.0250,0.7750,0.4337,nan,nan,nan,nan,0
early,cage,3,5,resnet,True,none,lr,1e-05,0.0001,32,13,0.2041,1.3323,1.0358,0.7750,0.4982,nan,nan,nan,nan,0
early,cage,3,5,resnet,True,none,lr,1e-05,0.0001,32,14,0.1759,1.4281,1.1113,0.8000,0.4982,nan,nan,nan,nan,0
early,cage,3,5,resnet,True,none,lr,1e-05,0.0001,32,15,0.1510,1.5347,1.1722,0.7750,0.4767,nan,nan,nan,nan,0
early,cage,3,5,resnet,True,none,lr,1e-05,0.0001,32,16,0.1240,1.6747,1.2519,0.7500,0.4659,nan,nan,nan,nan,0
early,cage,3,6,resnet,True,none,lr,1e-05,0.0001,32,1,0.7184,0.6928,0.6793,0.7073,0.5000,nan,nan,nan,nan,0
early,cage,3,6,resnet,True,none,lr,1e-05,0.0001,32,2,0.6629,0.7045,0.6762,0.7073,0.4476,nan,nan,nan,nan,0
early,cage,3,6,resnet,True,none,lr,1e-05,0.0001,32,3,0.6206,0.7109,0.6780,0.7317,0.4619,nan,nan,nan,nan,0
early,cage,3,6,resnet,True,none,lr,1e-05,0.0001,32,4,0.5809,0.7210,0.6660,0.7561,0.4667,nan,nan,nan,nan,0
early,cage,3,6,resnet,True,none,lr,1e-05,0.0001,32,5,0.5428,0.7283,0.6699,0.7805,0.4952,nan,nan,nan,nan,1
early,cage,3,6,resnet,True,none,lr,1e-05,0.0001,32,6,0.5114,0.7318,0.6861,0.7561,0.5429,nan,nan,nan,nan,1
early,cage,3,6,resnet,True,none,lr,1e-05,0.0001,32,7,0.4675,0.7468,0.7097,0.7073,0.5000,nan,nan,nan,nan,1
early,cage,3,6,resnet,True,none,lr,1e-05,0.0001,32,8,0.4148,0.7666,0.7037,0.8293,0.5333,nan,nan,nan,nan,1
early,cage,3,6,resnet,True,none,lr,1e-05,0.0001,32,9,0.3720,0.8023,0.7142,0.8293,0.5762,nan,nan,nan,nan,1
early,cage,3,6,resnet,True,none,lr,1e-05,0.0001,32,10,0.3431,0.8402,0.7416,0.8537,0.5524,0.8054,0.7051,0.8095,0.5633,1
early,cage,3,6,resnet,True,none,lr,1e-05,0.0001,32,11,0.2857,0.8148,0.7774,0.8049,0.5571,nan,nan,nan,nan,0
early,cage,3,6,resnet,True,none,lr,1e-05,0.0001,32,12,0.2578,0.9120,0.8185,0.8293,0.4952,nan,nan,nan,nan,0
early,cage,3,6,resnet,True,none,lr,1e-05,0.0001,32,13,0.2229,0.9316,0.8639,0.8049,0.5381,nan,nan,nan,nan,0
early,cage,3,6,resnet,True,none,lr,1e-05,0.0001,32,14,0.1914,1.0847,0.9259,0.8293,0.5048,nan,nan,nan,nan,0
early,cage,3,6,resnet,True,none,lr,1e-05,0.0001,32,15,0.1608,1.0352,0.9141,0.8293,0.5619,nan,nan,nan,nan,0
early,cage,3,6,resnet,True,none,lr,1e-05,0.0001,32,16,0.1418,1.1022,0.9524,0.8537,0.5286,nan,nan,nan,nan,0
early,cage,3,7,resnet,True,none,lr,1e-05,0.0001,32,1,0.7145,0.7361,0.6877,0.6364,0.3819,nan,nan,nan,nan,0
early,cage,3,7,resnet,True,none,lr,1e-05,0.0001,32,2,0.6589,0.7275,0.6922,0.6364,0.4514,nan,nan,nan,nan,0
early,cage,3,7,resnet,True,none,lr,1e-05,0.0001,32,3,0.6239,0.7507,0.7028,0.6591,0.4444,nan,nan,nan,nan,0
early,cage,3,7,resnet,True,none,lr,1e-05,0.0001,32,4,0.5858,0.8034,0.6871,0.7273,0.4549,nan,nan,nan,nan,0
early,cage,3,7,resnet,True,none,lr,1e-05,0.0001,32,5,0.5417,0.7913,0.7113,0.6591,0.4514,nan,nan,nan,nan,1
early,cage,3,7,resnet,True,none,lr,1e-05,0.0001,32,6,0.5013,0.7926,0.7187,0.7500,0.4549,nan,nan,nan,nan,1
early,cage,3,7,resnet,True,none,lr,1e-05,0.0001,32,7,0.4667,0.8081,0.7215,0.7273,0.5139,nan,nan,nan,nan,1
early,cage,3,7,resnet,True,none,lr,1e-05,0.0001,32,8,0.4138,0.8572,0.7483,0.7273,0.4965,nan,nan,nan,nan,1
early,cage,3,7,resnet,True,none,lr,1e-05,0.0001,32,9,0.3713,0.8505,0.7279,0.7500,0.5590,nan,nan,nan,nan,1
early,cage,3,7,resnet,True,none,lr,1e-05,0.0001,32,10,0.3331,0.8262,0.7490,0.7500,0.5660,nan,nan,nan,nan,1
early,cage,3,7,resnet,True,none,lr,1e-05,0.0001,32,11,0.2898,0.9369,0.7806,0.7727,0.5556,nan,nan,nan,nan,1
early,cage,3,7,resnet,True,none,lr,1e-05,0.0001,32,12,0.2458,0.9227,0.8179,0.7500,0.5417,nan,nan,nan,nan,1
early,cage,3,7,resnet,True,none,lr,1e-05,0.0001,32,13,0.2229,0.9828,0.8420,0.7727,0.5451,0.9271,0.8574,0.8095,0.5388,1
early,cage,3,7,resnet,True,none,lr,1e-05,0.0001,32,14,0.1960,1.1480,0.9117,0.7955,0.5347,nan,nan,nan,nan,0
early,cage,3,7,resnet,True,none,lr,1e-05,0.0001,32,15,0.1679,1.1405,0.9137,0.7727,0.5243,nan,nan,nan,nan,0
early,cage,3,7,resnet,True,none,lr,1e-05,0.0001,32,16,0.1440,1.2321,0.9409,0.7955,0.5660,nan,nan,nan,nan,0
early,cage,3,7,resnet,True,none,lr,1e-05,0.0001,32,17,0.1127,1.1976,0.9624,0.7955,0.5694,nan,nan,nan,nan,0
early,cage,3,7,resnet,True,none,lr,1e-05,0.0001,32,18,0.0988,1.3262,1.0437,0.7955,0.5521,nan,nan,nan,nan,0
early,cage,3,8,resnet,True,none,lr,1e-05,0.0001,32,1,0.7150,0.6946,0.6723,0.7234,0.5929,nan,nan,nan,nan,0
early,cage,3,8,resnet,True,none,lr,1e-05,0.0001,32,2,0.6598,0.6969,0.6445,0.7234,0.6218,nan,nan,nan,nan,0
early,cage,3,8,resnet,True,none,lr,1e-05,0.0001,32,3,0.6351,0.6929,0.6715,0.7021,0.6506,nan,nan,nan,nan,0
early,cage,3,8,resnet,True,none,lr,1e-05,0.0001,32,4,0.5864,0.6829,0.6662,0.7234,0.6635,nan,nan,nan,nan,0
early,cage,3,8,resnet,True,none,lr,1e-05,0.0001,32,5,0.5496,0.7082,0.6376,0.7660,0.6218,nan,nan,nan,nan,1
early,cage,3,8,resnet,True,none,lr,1e-05,0.0001,32,6,0.5067,0.7213,0.6425,0.7872,0.6346,nan,nan,nan,nan,1
early,cage,3,8,resnet,True,none,lr,1e-05,0.0001,32,7,0.4504,0.7315,0.6507,0.7660,0.6571,0.7149,0.6979,0.7143,0.5592,1
early,cage,3,8,resnet,True,none,lr,1e-05,0.0001,32,8,0.4193,0.7641,0.6902,0.7447,0.6378,nan,nan,nan,nan,0
early,cage,3,8,resnet,True,none,lr,1e-05,0.0001,32,9,0.3711,0.8129,0.6765,0.7660,0.6635,nan,nan,nan,nan,0
early,cage,3,8,resnet,True,none,lr,1e-05,0.0001,32,10,0.3295,0.8680,0.7041,0.7660,0.6250,nan,nan,nan,nan,0
early,cage,3,8,resnet,True,none,lr,1e-05,0.0001,32,11,0.2822,0.8271,0.7146,0.7660,0.6506,nan,nan,nan,nan,0
early,cage,3,8,resnet,True,none,lr,1e-05,0.0001,32,12,0.2422,0.9631,0.7375,0.7872,0.6571,nan,nan,nan,nan,0
early,cage,3,8,resnet,True,none,lr,1e-05,0.0001,32,13,0.2100,0.9699,0.7732,0.7872,0.6410,nan,nan,nan,nan,0
early,cage,3,8,resnet,True,none,lr,1e-05,0.0001,32,14,0.1886,1.0287,0.7875,0.8085,0.6474,nan,nan,nan,nan,0
early,cage,3,8,resnet,True,none,lr,1e-05,0.0001,32,15,0.1631,1.1021,0.8273,0.8085,0.6250,nan,nan,nan,nan,0
early,cage,3,8,resnet,True,none,lr,1e-05,0.0001,32,16,0.1352,1.1307,0.8690,0.7872,0.5929,nan,nan,nan,nan,0
early,cage,3,9,resnet,True,none,lr,1e-05,0.0001,32,1,0.7245,0.6724,0.6818,0.7381,0.6599,nan,nan,nan,nan,0
early,cage,3,9,resnet,True,none,lr,1e-05,0.0001,32,2,0.6599,0.6696,0.7022,0.6667,0.6532,nan,nan,nan,nan,0
early,cage,3,9,resnet,True,none,lr,1e-05,0.0001,32,3,0.6189,0.6895,0.7051,0.7619,0.6330,nan,nan,nan,nan,0
early,cage,3,9,resnet,True,none,lr,1e-05,0.0001,32,4,0.5803,0.6878,0.7198,0.6429,0.6397,nan,nan,nan,nan,0
early,cage,3,9,resnet,True,none,lr,1e-05,0.0001,32,5,0.5287,0.7211,0.7522,0.7143,0.5926,0.6836,0.6634,0.7381,0.6163,1
early,cage,3,9,resnet,True,none,lr,1e-05,0.0001,32,6,0.4964,0.7812,0.7871,0.7143,0.5556,nan,nan,nan,nan,0
early,cage,3,9,resnet,True,none,lr,1e-05,0.0001,32,7,0.4397,0.7996,0.8264,0.7143,0.6027,nan,nan,nan,nan,0
early,cage,3,9,resnet,True,none,lr,1e-05,0.0001,32,8,0.4035,0.8479,0.8497,0.7143,0.5791,nan,nan,nan,nan,0
early,cage,3,9,resnet,True,none,lr,1e-05,0.0001,32,9,0.3484,0.8780,0.8509,0.7143,0.5623,nan,nan,nan,nan,0
early,cage,3,9,resnet,True,none,lr,1e-05,0.0001,32,10,0.3112,0.9387,0.8738,0.6667,0.5859,nan,nan,nan,nan,0
early,cage,3,9,resnet,True,none,lr,1e-05,0.0001,32,11,0.2686,1.0218,0.8908,0.7143,0.6027,nan,nan,nan,nan,0
early,cage,3,9,resnet,True,none,lr,1e-05,0.0001,32,12,0.2355,1.0208,0.9461,0.7143,0.6027,nan,nan,nan,nan,0
early,cage,3,9,resnet,True,none,lr,1e-05,0.0001,32,13,0.2061,1.1337,1.0466,0.6905,0.5118,nan,nan,nan,nan,0
early,cage,3,9,resnet,True,none,lr,1e-05,0.0001,32,14,0.1749,1.1071,1.0666,0.6905,0.5522,nan,nan,nan,nan,0
early,cage,3,9,resnet,True,none,lr,1e-05,0.0001,32,15,0.1457,1.2024,1.0489,0.6905,0.5926,nan,nan,nan,nan,0
early,cage,3,9,resnet,True,none,lr,1e-05,0.0001,32,16,0.1253,1.3314,1.1239,0.6905,0.5421,nan,nan,nan,nan,0
early,cage,4,0,resnet,True,none,lr,1e-05,0.0001,32,1,0.7338,0.6774,0.6645,0.7907,0.6389,nan,nan,nan,nan,0
early,cage,4,0,resnet,True,none,lr,1e-05,0.0001,32,2,0.6682,0.6475,0.6315,0.7442,0.7421,nan,nan,nan,nan,0
early,cage,4,0,resnet,True,none,lr,1e-05,0.0001,32,3,0.6352,0.6460,0.6454,0.6744,0.7024,nan,nan,nan,nan,0
early,cage,4,0,resnet,True,none,lr,1e-05,0.0001,32,4,0.5884,0.6407,0.6246,0.7209,0.7421,nan,nan,nan,nan,0
early,cage,4,0,resnet,True,none,lr,1e-05,0.0001,32,5,0.5614,0.6511,0.6219,0.7674,0.7143,nan,nan,nan,nan,1
early,cage,4,0,resnet,True,none,lr,1e-05,0.0001,32,6,0.5177,0.6381,0.6296,0.7442,0.7659,nan,nan,nan,nan,1
early,cage,4,0,resnet,True,none,lr,1e-05,0.0001,32,7,0.4779,0.6315,0.6338,0.7674,0.7579,nan,nan,nan,nan,0
early,cage,4,0,resnet,True,none,lr,1e-05,0.0001,32,8,0.4286,0.6576,0.6456,0.7907,0.7302,nan,nan,nan,nan,1
early,cage,4,0,resnet,True,none,lr,1e-05,0.0001,32,9,0.3889,0.6690,0.6592,0.7674,0.7540,nan,nan,nan,nan,0
early,cage,4,0,resnet,True,none,lr,1e-05,0.0001,32,10,0.3391,0.7046,0.6590,0.7907,0.7698,nan,nan,nan,nan,1
early,cage,4,0,resnet,True,none,lr,1e-05,0.0001,32,11,0.2949,0.7188,0.6862,0.7674,0.8056,nan,nan,nan,nan,1
early,cage,4,0,resnet,True,none,lr,1e-05,0.0001,32,12,0.2623,0.7296,0.7078,0.8140,0.7937,0.7321,0.7461,0.8605,0.6964,1
early,cage,4,0,resnet,True,none,lr,1e-05,0.0001,32,13,0.2241,0.8345,0.7781,0.7907,0.7500,nan,nan,nan,nan,0
early,cage,4,0,resnet,True,none,lr,1e-05,0.0001,32,14,0.1928,0.8105,0.7886,0.8140,0.7421,nan,nan,nan,nan,0
early,cage,4,0,resnet,True,none,lr,1e-05,0.0001,32,15,0.1759,0.8873,0.8285,0.8140,0.7460,nan,nan,nan,nan,0
early,cage,4,0,resnet,True,none,lr,1e-05,0.0001,32,16,0.1481,0.8507,0.8217,0.8140,0.7857,nan,nan,nan,nan,0
early,cage,4,0,resnet,True,none,lr,1e-05,0.0001,32,17,0.1217,0.9740,0.8759,0.8140,0.7937,nan,nan,nan,nan,0
early,cage,4,1,resnet,True,none,lr,1e-05,0.0001,32,1,0.7240,0.6994,0.6755,0.7209,0.5198,nan,nan,nan,nan,0
early,cage,4,1,resnet,True,none,lr,1e-05,0.0001,32,2,0.6866,0.6820,0.6512,0.6744,0.5873,nan,nan,nan,nan,0
early,cage,4,1,resnet,True,none,lr,1e-05,0.0001,32,3,0.6343,0.6879,0.6375,0.7674,0.5952,nan,nan,nan,nan,0
early,cage,4,1,resnet,True,none,lr,1e-05,0.0001,32,4,0.6009,0.6720,0.6492,0.6744,0.5952,nan,nan,nan,nan,0
early,cage,4,1,resnet,True,none,lr,1e-05,0.0001,32,5,0.5611,0.6681,0.6379,0.6744,0.5952,nan,nan,nan,nan,1
early,cage,4,1,resnet,True,none,lr,1e-05,0.0001,32,6,0.5168,0.7061,0.6265,0.7442,0.6111,nan,nan,nan,nan,1
early,cage,4,1,resnet,True,none,lr,1e-05,0.0001,32,7,0.4864,0.6800,0.6449,0.7209,0.6111,nan,nan,nan,nan,0
early,cage,4,1,resnet,True,none,lr,1e-05,0.0001,32,8,0.4403,0.6865,0.6211,0.7442,0.6508,nan,nan,nan,nan,1
early,cage,4,1,resnet,True,none,lr,1e-05,0.0001,32,9,0.3901,0.7321,0.6699,0.7674,0.5476,nan,nan,nan,nan,0
early,cage,4,1,resnet,True,none,lr,1e-05,0.0001,32,10,0.3568,0.7356,0.6642,0.7674,0.6349,nan,nan,nan,nan,0
early,cage,4,1,resnet,True,none,lr,1e-05,0.0001,32,11,0.3068,0.7826,0.6776,0.7907,0.6151,nan,nan,nan,nan,0
early,cage,4,1,resnet,True,none,lr,1e-05,0.0001,32,12,0.2646,0.7741,0.7261,0.7674,0.6270,nan,nan,nan,nan,0
early,cage,4,1,resnet,True,none,lr,1e-05,0.0001,32,13,0.2284,0.7926,0.6881,0.8372,0.6706,nan,nan,nan,nan,1
early,cage,4,1,resnet,True,none,lr,1e-05,0.0001,32,14,0.1942,0.7745,0.7311,0.7674,0.6865,nan,nan,nan,nan,1
early,cage,4,1,resnet,True,none,lr,1e-05,0.0001,32,15,0.1739,0.8881,0.7310,0.8605,0.6905,nan,nan,nan,nan,1
early,cage,4,1,resnet,True,none,lr,1e-05,0.0001,32,16,0.1407,0.9689,0.7638,0.8605,0.6786,nan,nan,nan,nan,1
early,cage,4,1,resnet,True,none,lr,1e-05,0.0001,32,17,0.1232,1.0062,0.8143,0.8605,0.6706,nan,nan,nan,nan,1
early,cage,4,1,resnet,True,none,lr,1e-05,0.0001,32,18,0.1013,1.0086,0.8283,0.8605,0.6984,0.7927,0.8180,0.8605,0.8643,1
early,cage,4,1,resnet,True,none,lr,1e-05,0.0001,32,19,0.0909,1.0920,0.8402,0.8605,0.6587,nan,nan,nan,nan,0
early,cage,4,1,resnet,True,none,lr,1e-05,0.0001,32,20,0.0759,1.1816,0.9180,0.8605,0.6389,nan,nan,nan,nan,0
early,cage,4,1,resnet,True,none,lr,1e-05,0.0001,32,21,0.0720,1.2049,0.8929,0.8605,0.6667,nan,nan,nan,nan,0
early,cage,4,1,resnet,True,none,lr,1e-05,0.0001,32,22,0.0634,1.1060,0.9054,0.8605,0.6865,nan,nan,nan,nan,0
early,cage,4,1,resnet,True,none,lr,1e-05,0.0001,32,23,0.0509,1.2180,0.9077,0.8605,0.7103,nan,nan,nan,nan,0
early,cage,4,2,resnet,True,none,lr,1e-05,0.0001,32,1,0.7228,0.6633,0.6808,0.6429,0.6875,nan,nan,nan,nan,0
early,cage,4,2,resnet,True,none,lr,1e-05,0.0001,32,2,0.6643,0.6572,0.6698,0.6190,0.6838,nan,nan,nan,nan,0
early,cage,4,2,resnet,True,none,lr,1e-05,0.0001,32,3,0.6256,0.6524,0.6431,0.7381,0.7353,nan,nan,nan,nan,0
early,cage,4,2,resnet,True,none,lr,1e-05,0.0001,32,4,0.5921,0.6660,0.6464,0.7381,0.6618,nan,nan,nan,nan,0
early,cage,4,2,resnet,True,none,lr,1e-05,0.0001,32,5,0.5569,0.6684,0.6390,0.7857,0.6985,0.6537,0.6238,0.8372,0.6857,1
early,cage,4,2,resnet,True,none,lr,1e-05,0.0001,32,6,0.5078,0.6745,0.6530,0.7619,0.6728,nan,nan,nan,nan,0
early,cage,4,2,resnet,True,none,lr,1e-05,0.0001,32,7,0.4725,0.6813,0.6405,0.7381,0.7169,nan,nan,nan,nan,0
early,cage,4,2,resnet,True,none,lr,1e-05,0.0001,32,8,0.4198,0.6864,0.6615,0.7143,0.7169,nan,nan,nan,nan,0
early,cage,4,2,resnet,True,none,lr,1e-05,0.0001,32,9,0.3801,0.7426,0.6987,0.7381,0.6581,nan,nan,nan,nan,0
early,cage,4,2,resnet,True,none,lr,1e-05,0.0001,32,10,0.3272,0.7394,0.6949,0.7619,0.6801,nan,nan,nan,nan,0
early,cage,4,2,resnet,True,none,lr,1e-05,0.0001,32,11,0.2936,0.7523,0.7177,0.7619,0.6765,nan,nan,nan,nan,0
early,cage,4,2,resnet,True,none,lr,1e-05,0.0001,32,12,0.2591,0.7745,0.7245,0.7857,0.7353,nan,nan,nan,nan,0
early,cage,4,2,resnet,True,none,lr,1e-05,0.0001,32,13,0.2170,0.8233,0.7788,0.7143,0.6654,nan,nan,nan,nan,0
early,cage,4,2,resnet,True,none,lr,1e-05,0.0001,32,14,0.1874,0.9455,0.8065,0.7857,0.6471,nan,nan,nan,nan,0
early,cage,4,2,resnet,True,none,lr,1e-05,0.0001,32,15,0.1677,0.8703,0.8031,0.7857,0.6985,nan,nan,nan,nan,0
early,cage,4,2,resnet,True,none,lr,1e-05,0.0001,32,16,0.1373,1.0007,0.8393,0.7857,0.6912,nan,nan,nan,nan,0
early,cage,4,3,resnet,True,none,lr,1e-05,0.0001,32,1,0.7572,0.6954,0.6947,0.5476,0.4776,nan,nan,nan,nan,0
early,cage,4,3,resnet,True,none,lr,1e-05,0.0001,32,2,0.6660,0.6983,0.6787,0.6190,0.4735,nan,nan,nan,nan,0
early,cage,4,3,resnet,True,none,lr,1e-05,0.0001,32,3,0.6444,0.6931,0.6542,0.6905,0.5306,nan,nan,nan,nan,0
early,cage,4,3,resnet,True,none,lr,1e-05,0.0001,32,4,0.5956,0.6999,0.6564,0.7143,0.5265,nan,nan,nan,nan,0
early,cage,4,3,resnet,True,none,lr,1e-05,0.0001,32,5,0.5690,0.6918,0.6819,0.7143,0.5429,nan,nan,nan,nan,1
early,cage,4,3,resnet,True,none,lr,1e-05,0.0001,32,6,0.5259,0.7019,0.6737,0.7143,0.5918,nan,nan,nan,nan,1
early,cage,4,3,resnet,True,none,lr,1e-05,0.0001,32,7,0.4746,0.6845,0.7270,0.7143,0.5796,nan,nan,nan,nan,1
early,cage,4,3,resnet,True,none,lr,1e-05,0.0001,32,8,0.4338,0.7126,0.6955,0.7857,0.6245,nan,nan,nan,nan,1
early,cage,4,3,resnet,True,none,lr,1e-05,0.0001,32,9,0.3843,0.7156,0.7002,0.7857,0.6163,nan,nan,nan,nan,1
early,cage,4,3,resnet,True,none,lr,1e-05,0.0001,32,10,0.3439,0.6770,0.7204,0.7857,0.6816,nan,nan,nan,nan,1
early,cage,4,3,resnet,True,none,lr,1e-05,0.0001,32,11,0.3020,0.7611,0.7528,0.8095,0.5878,nan,nan,nan,nan,0
early,cage,4,3,resnet,True,none,lr,1e-05,0.0001,32,12,0.2700,0.7901,0.7561,0.8095,0.6735,nan,nan,nan,nan,1
early,cage,4,3,resnet,True,none,lr,1e-05,0.0001,32,13,0.2275,0.7946,0.7872,0.8333,0.7184,nan,nan,nan,nan,1
early,cage,4,3,resnet,True,none,lr,1e-05,0.0001,32,14,0.1985,0.8470,0.8257,0.8095,0.6449,nan,nan,nan,nan,1
early,cage,4,3,resnet,True,none,lr,1e-05,0.0001,32,15,0.1667,0.8598,0.8146,0.8333,0.7918,nan,nan,nan,nan,1
early,cage,4,3,resnet,True,none,lr,1e-05,0.0001,32,16,0.1434,0.9492,0.8681,0.8333,0.7061,nan,nan,nan,nan,1
early,cage,4,3,resnet,True,none,lr,1e-05,0.0001,32,17,0.1261,0.9322,0.8778,0.8333,0.8041,nan,nan,nan,nan,1
early,cage,4,3,resnet,True,none,lr,1e-05,0.0001,32,18,0.1099,0.9087,0.8770,0.8333,0.7959,nan,nan,nan,nan,1
early,cage,4,3,resnet,True,none,lr,1e-05,0.0001,32,19,0.0983,1.0077,0.9266,0.8333,0.7796,0.9136,0.9561,0.8605,0.7679,1
early,cage,4,3,resnet,True,none,lr,1e-05,0.0001,32,20,0.0805,1.1544,1.0090,0.8333,0.7102,nan,nan,nan,nan,0
early,cage,4,3,resnet,True,none,lr,1e-05,0.0001,32,21,0.0832,1.0704,1.0051,0.8333,0.7714,nan,nan,nan,nan,0
early,cage,4,3,resnet,True,none,lr,1e-05,0.0001,32,22,0.0628,1.3095,1.0873,0.8333,0.7347,nan,nan,nan,nan,0
early,cage,4,3,resnet,True,none,lr,1e-05,0.0001,32,23,0.0503,1.2127,1.1126,0.8333,0.7388,nan,nan,nan,nan,0
early,cage,4,3,resnet,True,none,lr,1e-05,0.0001,32,24,0.0446,1.1382,1.0743,0.8333,0.7224,nan,nan,nan,nan,0
early,cage,4,5,resnet,True,none,lr,1e-05,0.0001,32,1,0.7242,0.7104,0.6982,0.5750,0.5125,nan,nan,nan,nan,0
early,cage,4,5,resnet,True,none,lr,1e-05,0.0001,32,2,0.6742,0.7588,0.6952,0.7250,0.5054,nan,nan,nan,nan,0
early,cage,4,5,resnet,True,none,lr,1e-05,0.0001,32,3,0.6182,0.7872,0.7279,0.6500,0.4803,nan,nan,nan,nan,0
early,cage,4,5,resnet,True,none,lr,1e-05,0.0001,32,4,0.5863,0.7878,0.7122,0.6500,0.5341,nan,nan,nan,nan,0
early,cage,4,5,resnet,True,none,lr,1e-05,0.0001,32,5,0.5504,0.8240,0.7330,0.6750,0.5018,0.6518,0.6294,0.7674,0.6964,1
early,cage,4,5,resnet,True,none,lr,1e-05,0.0001,32,6,0.5100,0.8742,0.7684,0.7250,0.4839,nan,nan,nan,nan,0
early,cage,4,5,resnet,True,none,lr,1e-05,0.0001,32,7,0.4617,0.9189,0.8034,0.6500,0.4444,nan,nan,nan,nan,0
early,cage,4,5,resnet,True,none,lr,1e-05,0.0001,32,8,0.4150,0.9589,0.8245,0.7000,0.4875,nan,nan,nan,nan,0
early,cage,4,5,resnet,True,none,lr,1e-05,0.0001,32,9,0.3725,1.1335,0.9064,0.7250,0.4516,nan,nan,nan,nan,0
early,cage,4,5,resnet,True,none,lr,1e-05,0.0001,32,10,0.3334,1.1383,0.9451,0.7250,0.4731,nan,nan,nan,nan,0
early,cage,4,5,resnet,True,none,lr,1e-05,0.0001,32,11,0.2922,1.1927,0.9860,0.7000,0.4373,nan,nan,nan,nan,0
early,cage,4,5,resnet,True,none,lr,1e-05,0.0001,32,12,0.2582,1.2429,1.0067,0.7250,0.4265,nan,nan,nan,nan,0
early,cage,4,5,resnet,True,none,lr,1e-05,0.0001,32,13,0.2179,1.4309,1.1013,0.7750,0.4301,nan,nan,nan,nan,0
early,cage,4,5,resnet,True,none,lr,1e-05,0.0001,32,14,0.1933,1.4867,1.1407,0.7500,0.4337,nan,nan,nan,nan,0
early,cage,4,5,resnet,True,none,lr,1e-05,0.0001,32,15,0.1662,1.6812,1.2348,0.7750,0.4337,nan,nan,nan,nan,0
early,cage,4,5,resnet,True,none,lr,1e-05,0.0001,32,16,0.1412,1.6460,1.2419,0.7750,0.4444,nan,nan,nan,nan,0
early,cage,4,6,resnet,True,none,lr,1e-05,0.0001,32,1,0.7372,0.6889,0.6715,0.6585,0.5143,nan,nan,nan,nan,0
early,cage,4,6,resnet,True,none,lr,1e-05,0.0001,32,2,0.6617,0.6940,0.6613,0.7317,0.5333,nan,nan,nan,nan,0
early,cage,4,6,resnet,True,none,lr,1e-05,0.0001,32,3,0.6269,0.6996,0.6792,0.6098,0.5333,nan,nan,nan,nan,0
early,cage,4,6,resnet,True,none,lr,1e-05,0.0001,32,4,0.5845,0.7014,0.6621,0.7561,0.5286,nan,nan,nan,nan,0
early,cage,4,6,resnet,True,none,lr,1e-05,0.0001,32,5,0.5558,0.6983,0.6746,0.6585,0.5667,nan,nan,nan,nan,1
early,cage,4,6,resnet,True,none,lr,1e-05,0.0001,32,6,0.5152,0.6976,0.6810,0.7073,0.5762,nan,nan,nan,nan,1
early,cage,4,6,resnet,True,none,lr,1e-05,0.0001,32,7,0.4805,0.7101,0.6908,0.7561,0.5571,nan,nan,nan,nan,0
early,cage,4,6,resnet,True,none,lr,1e-05,0.0001,32,8,0.4269,0.7715,0.7169,0.8049,0.5667,nan,nan,nan,nan,1
early,cage,4,6,resnet,True,none,lr,1e-05,0.0001,32,9,0.3828,0.7120,0.7267,0.7317,0.6381,nan,nan,nan,nan,1
early,cage,4,6,resnet,True,none,lr,1e-05,0.0001,32,10,0.3378,0.7638,0.7232,0.8293,0.6048,nan,nan,nan,nan,1
early,cage,4,6,resnet,True,none,lr,1e-05,0.0001,32,11,0.2973,0.7779,0.7935,0.7805,0.6238,nan,nan,nan,nan,1
early,cage,4,6,resnet,True,none,lr,1e-05,0.0001,32,12,0.2573,0.8514,0.7719,0.8293,0.6429,nan,nan,nan,nan,1
early,cage,4,6,resnet,True,none,lr,1e-05,0.0001,32,13,0.2170,0.8478,0.7917,0.8537,0.6524,nan,nan,nan,nan,1
early,cage,4,6,resnet,True,none,lr,1e-05,0.0001,32,14,0.1976,0.8828,0.8356,0.8293,0.6190,nan,nan,nan,nan,0
early,cage,4,6,resnet,True,none,lr,1e-05,0.0001,32,15,0.1643,0.9205,0.8487,0.8537,0.6619,0.7539,0.8335,0.7674,0.7929,1
early,cage,4,6,resnet,True,none,lr,1e-05,0.0001,32,16,0.1349,0.9992,0.8927,0.8537,0.6143,nan,nan,nan,nan,0
early,cage,4,6,resnet,True,none,lr,1e-05,0.0001,32,17,0.1228,1.0337,0.9060,0.8537,0.6190,nan,nan,nan,nan,0
early,cage,4,6,resnet,True,none,lr,1e-05,0.0001,32,18,0.1130,1.0557,0.9633,0.8537,0.6333,nan,nan,nan,nan,0
early,cage,4,6,resnet,True,none,lr,1e-05,0.0001,32,19,0.0907,1.1874,1.0272,0.8537,0.5952,nan,nan,nan,nan,0
early,cage,4,6,resnet,True,none,lr,1e-05,0.0001,32,20,0.0851,1.1244,1.0156,0.8293,0.6333,nan,nan,nan,nan,0
early,cage,4,7,resnet,True,none,lr,1e-05,0.0001,32,1,0.7273,0.7097,0.6787,0.5909,0.4410,nan,nan,nan,nan,0
early,cage,4,7,resnet,True,none,lr,1e-05,0.0001,32,2,0.6813,0.6996,0.6658,0.7045,0.5486,nan,nan,nan,nan,0
early,cage,4,7,resnet,True,none,lr,1e-05,0.0001,32,3,0.6328,0.7183,0.6684,0.7045,0.4931,nan,nan,nan,nan,0
early,cage,4,7,resnet,True,none,lr,1e-05,0.0001,32,4,0.5983,0.7194,0.6499,0.7045,0.5451,nan,nan,nan,nan,0
early,cage,4,7,resnet,True,none,lr,1e-05,0.0001,32,5,0.5559,0.7537,0.6643,0.7273,0.5104,nan,nan,nan,nan,1
early,cage,4,7,resnet,True,none,lr,1e-05,0.0001,32,6,0.5338,0.7282,0.6644,0.7500,0.5451,nan,nan,nan,nan,1
early,cage,4,7,resnet,True,none,lr,1e-05,0.0001,32,7,0.4801,0.7850,0.7069,0.7273,0.4896,nan,nan,nan,nan,0
early,cage,4,7,resnet,True,none,lr,1e-05,0.0001,32,8,0.4310,0.7684,0.7140,0.7500,0.5278,nan,nan,nan,nan,0
early,cage,4,7,resnet,True,none,lr,1e-05,0.0001,32,9,0.3926,0.7934,0.6927,0.8182,0.5660,nan,nan,nan,nan,0
early,cage,4,7,resnet,True,none,lr,1e-05,0.0001,32,10,0.3495,0.8048,0.7143,0.7273,0.5972,nan,nan,nan,nan,1
early,cage,4,7,resnet,True,none,lr,1e-05,0.0001,32,11,0.3073,0.8796,0.7413,0.7500,0.5764,nan,nan,nan,nan,1
early,cage,4,7,resnet,True,none,lr,1e-05,0.0001,32,12,0.2751,0.9140,0.7622,0.8182,0.5486,nan,nan,nan,nan,1
early,cage,4,7,resnet,True,none,lr,1e-05,0.0001,32,13,0.2273,0.9854,0.7773,0.7955,0.5799,nan,nan,nan,nan,1
early,cage,4,7,resnet,True,none,lr,1e-05,0.0001,32,14,0.1992,0.9886,0.7941,0.7727,0.5972,nan,nan,nan,nan,1
early,cage,4,7,resnet,True,none,lr,1e-05,0.0001,32,15,0.1733,0.9988,0.8444,0.8182,0.5799,nan,nan,nan,nan,0
early,cage,4,7,resnet,True,none,lr,1e-05,0.0001,32,16,0.1488,1.0860,0.8448,0.8182,0.6528,nan,nan,nan,nan,1
early,cage,4,7,resnet,True,none,lr,1e-05,0.0001,32,17,0.1223,1.1695,0.9223,0.7955,0.5799,nan,nan,nan,nan,1
early,cage,4,7,resnet,True,none,lr,1e-05,0.0001,32,18,0.1137,1.2708,0.9355,0.8182,0.6215,nan,nan,nan,nan,1
early,cage,4,7,resnet,True,none,lr,1e-05,0.0001,32,19,0.0972,1.2697,0.9695,0.7955,0.5868,nan,nan,nan,nan,0
early,cage,4,7,resnet,True,none,lr,1e-05,0.0001,32,20,0.0840,1.2949,0.9767,0.7727,0.6389,nan,nan,nan,nan,1
early,cage,4,7,resnet,True,none,lr,1e-05,0.0001,32,21,0.0676,1.2978,1.0061,0.7955,0.6424,nan,nan,nan,nan,0
early,cage,4,7,resnet,True,none,lr,1e-05,0.0001,32,22,0.0607,1.4325,1.0500,0.8182,0.6528,nan,nan,nan,nan,1
early,cage,4,7,resnet,True,none,lr,1e-05,0.0001,32,23,0.0539,1.3262,1.0188,0.7955,0.6562,nan,nan,nan,nan,1
early,cage,4,7,resnet,True,none,lr,1e-05,0.0001,32,24,0.0486,1.5151,1.0868,0.8182,0.6597,nan,nan,nan,nan,1
early,cage,4,7,resnet,True,none,lr,1e-05,0.0001,32,25,0.0436,1.4197,1.0887,0.8182,0.6771,1.0495,1.0000,0.7907,0.7821,1
early,cage,4,7,resnet,True,none,lr,1e-05,0.0001,32,26,0.0393,1.5707,1.1377,0.8182,0.6250,nan,nan,nan,nan,0
early,cage,4,7,resnet,True,none,lr,1e-05,0.0001,32,27,0.0337,1.6457,1.1806,0.8182,0.6354,nan,nan,nan,nan,0
early,cage,4,7,resnet,True,none,lr,1e-05,0.0001,32,28,0.0325,1.5570,1.2081,0.8182,0.6215,nan,nan,nan,nan,0
early,cage,4,7,resnet,True,none,lr,1e-05,0.0001,32,29,0.0264,1.5691,1.1773,0.8182,0.6632,nan,nan,nan,nan,0
early,cage,4,7,resnet,True,none,lr,1e-05,0.0001,32,30,0.0217,1.7950,1.2690,0.8182,0.6354,nan,nan,nan,nan,0
early,cage,4,8,resnet,True,none,lr,1e-05,0.0001,32,1,0.7355,0.6796,0.6890,0.5532,0.5994,nan,nan,nan,nan,0
early,cage,4,8,resnet,True,none,lr,1e-05,0.0001,32,2,0.6689,0.6726,0.6707,0.5957,0.6506,nan,nan,nan,nan,0
early,cage,4,8,resnet,True,none,lr,1e-05,0.0001,32,3,0.6273,0.6931,0.6404,0.7660,0.6346,nan,nan,nan,nan,0
early,cage,4,8,resnet,True,none,lr,1e-05,0.0001,32,4,0.5950,0.6817,0.6350,0.8085,0.6538,nan,nan,nan,nan,0
early,cage,4,8,resnet,True,none,lr,1e-05,0.0001,32,5,0.5517,0.6798,0.6362,0.8085,0.6859,nan,nan,nan,nan,1
early,cage,4,8,resnet,True,none,lr,1e-05,0.0001,32,6,0.5226,0.6968,0.6288,0.7872,0.6603,0.6594,0.6234,0.8140,0.6857,1
early,cage,4,8,resnet,True,none,lr,1e-05,0.0001,32,7,0.4614,0.7490,0.6418,0.7660,0.6218,nan,nan,nan,nan,0
early,cage,4,8,resnet,True,none,lr,1e-05,0.0001,32,8,0.4295,0.7897,0.6510,0.7872,0.6314,nan,nan,nan,nan,0
early,cage,4,8,resnet,True,none,lr,1e-05,0.0001,32,9,0.3919,0.8663,0.6681,0.8085,0.5865,nan,nan,nan,nan,0
early,cage,4,8,resnet,True,none,lr,1e-05,0.0001,32,10,0.3295,0.7954,0.6877,0.7447,0.6154,nan,nan,nan,nan,0
early,cage,4,8,resnet,True,none,lr,1e-05,0.0001,32,11,0.2953,0.9097,0.7116,0.7660,0.6250,nan,nan,nan,nan,0
early,cage,4,8,resnet,True,none,lr,1e-05,0.0001,32,12,0.2636,0.9914,0.7528,0.8085,0.6186,nan,nan,nan,nan,0
early,cage,4,8,resnet,True,none,lr,1e-05,0.0001,32,13,0.2227,0.9829,0.7675,0.8085,0.6378,nan,nan,nan,nan,0
early,cage,4,8,resnet,True,none,lr,1e-05,0.0001,32,14,0.1923,1.1107,0.7989,0.7872,0.6218,nan,nan,nan,nan,0
early,cage,4,8,resnet,True,none,lr,1e-05,0.0001,32,15,0.1591,1.2107,0.8457,0.7872,0.6186,nan,nan,nan,nan,0
early,cage,4,8,resnet,True,none,lr,1e-05,0.0001,32,16,0.1410,1.2399,0.8918,0.8298,0.6282,nan,nan,nan,nan,0
early,cage,4,9,resnet,True,none,lr,1e-05,0.0001,32,1,0.7496,0.6994,0.7042,0.6905,0.5690,nan,nan,nan,nan,0
early,cage,4,9,resnet,True,none,lr,1e-05,0.0001,32,2,0.6724,0.7108,0.7025,0.7143,0.5589,nan,nan,nan,nan,0
early,cage,4,9,resnet,True,none,lr,1e-05,0.0001,32,3,0.6274,0.7122,0.7352,0.7143,0.5690,nan,nan,nan,nan,0
early,cage,4,9,resnet,True,none,lr,1e-05,0.0001,32,4,0.5971,0.7316,0.7482,0.6905,0.5253,nan,nan,nan,nan,0
early,cage,4,9,resnet,True,none,lr,1e-05,0.0001,32,5,0.5444,0.7562,0.7592,0.7143,0.5623,0.6930,0.6456,0.8140,0.6179,1
early,cage,4,9,resnet,True,none,lr,1e-05,0.0001,32,6,0.5086,0.7806,0.7975,0.6905,0.5455,nan,nan,nan,nan,0
early,cage,4,9,resnet,True,none,lr,1e-05,0.0001,32,7,0.4691,0.8600,0.8880,0.6429,0.5017,nan,nan,nan,nan,0
early,cage,4,9,resnet,True,none,lr,1e-05,0.0001,32,8,0.4333,0.8729,0.8931,0.6429,0.5253,nan,nan,nan,nan,0
early,cage,4,9,resnet,True,none,lr,1e-05,0.0001,32,9,0.3814,0.9712,0.8827,0.6667,0.4646,nan,nan,nan,nan,0
early,cage,4,9,resnet,True,none,lr,1e-05,0.0001,32,10,0.3422,1.0364,0.9834,0.6667,0.4949,nan,nan,nan,nan,0
early,cage,4,9,resnet,True,none,lr,1e-05,0.0001,32,11,0.2970,1.1336,1.0378,0.6667,0.4916,nan,nan,nan,nan,0
early,cage,4,9,resnet,True,none,lr,1e-05,0.0001,32,12,0.2660,1.0697,1.0162,0.6667,0.4983,nan,nan,nan,nan,0
early,cage,4,9,resnet,True,none,lr,1e-05,0.0001,32,13,0.2272,1.0970,1.0098,0.6190,0.5051,nan,nan,nan,nan,0
early,cage,4,9,resnet,True,none,lr,1e-05,0.0001,32,14,0.1935,1.2481,1.0710,0.7143,0.4983,nan,nan,nan,nan,0
early,cage,4,9,resnet,True,none,lr,1e-05,0.0001,32,15,0.1678,1.3603,1.1596,0.6905,0.5354,nan,nan,nan,nan,0
early,cage,4,9,resnet,True,none,lr,1e-05,0.0001,32,16,0.1489,1.4272,1.2054,0.6667,0.4882,nan,nan,nan,nan,0
early,cage,5,0,resnet,True,none,lr,1e-05,0.0001,32,1,0.7207,0.6884,0.6785,0.6977,0.5238,nan,nan,nan,nan,0
early,cage,5,0,resnet,True,none,lr,1e-05,0.0001,32,2,0.6601,0.6600,0.6470,0.7209,0.6508,nan,nan,nan,nan,0
early,cage,5,0,resnet,True,none,lr,1e-05,0.0001,32,3,0.6288,0.6648,0.6392,0.7674,0.6429,nan,nan,nan,nan,0
early,cage,5,0,resnet,True,none,lr,1e-05,0.0001,32,4,0.5886,0.6505,0.6268,0.7209,0.6865,nan,nan,nan,nan,0
early,cage,5,0,resnet,True,none,lr,1e-05,0.0001,32,5,0.5551,0.6694,0.6597,0.7442,0.6468,nan,nan,nan,nan,1
early,cage,5,0,resnet,True,none,lr,1e-05,0.0001,32,6,0.5081,0.6779,0.6609,0.7907,0.6310,nan,nan,nan,nan,1
early,cage,5,0,resnet,True,none,lr,1e-05,0.0001,32,7,0.4690,0.6975,0.6643,0.8372,0.6587,nan,nan,nan,nan,0
early,cage,5,0,resnet,True,none,lr,1e-05,0.0001,32,8,0.4215,0.7044,0.6667,0.8140,0.6667,nan,nan,nan,nan,1
early,cage,5,0,resnet,True,none,lr,1e-05,0.0001,32,9,0.3799,0.7601,0.7369,0.8605,0.6190,nan,nan,nan,nan,0
early,cage,5,0,resnet,True,none,lr,1e-05,0.0001,32,10,0.3284,0.7299,0.6957,0.8140,0.6944,nan,nan,nan,nan,0
early,cage,5,0,resnet,True,none,lr,1e-05,0.0001,32,11,0.2950,0.7641,0.7305,0.7907,0.7143,nan,nan,nan,nan,1
early,cage,5,0,resnet,True,none,lr,1e-05,0.0001,32,12,0.2464,0.7943,0.7441,0.7907,0.7063,nan,nan,nan,nan,1
early,cage,5,0,resnet,True,none,lr,1e-05,0.0001,32,13,0.2270,0.8140,0.8131,0.8605,0.6627,nan,nan,nan,nan,0
early,cage,5,0,resnet,True,none,lr,1e-05,0.0001,32,14,0.1946,0.8124,0.8069,0.7907,0.7262,nan,nan,nan,nan,1
early,cage,5,0,resnet,True,none,lr,1e-05,0.0001,32,15,0.1698,0.9196,0.8489,0.8140,0.7222,nan,nan,nan,nan,1
early,cage,5,0,resnet,True,none,lr,1e-05,0.0001,32,16,0.1424,0.9367,0.8668,0.8140,0.7381,nan,nan,nan,nan,0
early,cage,5,0,resnet,True,none,lr,1e-05,0.0001,32,17,0.1227,1.0902,0.9351,0.8140,0.7222,nan,nan,nan,nan,1
early,cage,5,0,resnet,True,none,lr,1e-05,0.0001,32,18,0.1138,1.1716,0.9780,0.8140,0.7500,nan,nan,nan,nan,1
early,cage,5,0,resnet,True,none,lr,1e-05,0.0001,32,19,0.0903,1.0309,0.9560,0.8140,0.7222,nan,nan,nan,nan,0
early,cage,5,0,resnet,True,none,lr,1e-05,0.0001,32,20,0.0750,1.1859,1.0080,0.8140,0.7460,nan,nan,nan,nan,0
early,cage,5,0,resnet,True,none,lr,1e-05,0.0001,32,21,0.0670,1.2527,1.0426,0.8140,0.7421,nan,nan,nan,nan,0
early,cage,5,0,resnet,True,none,lr,1e-05,0.0001,32,22,0.0560,1.2652,1.0777,0.8140,0.7579,nan,nan,nan,nan,1
early,cage,5,0,resnet,True,none,lr,1e-05,0.0001,32,23,0.0552,1.2468,1.0979,0.8140,0.7302,nan,nan,nan,nan,0
early,cage,5,0,resnet,True,none,lr,1e-05,0.0001,32,24,0.0528,1.1791,1.0637,0.8140,0.7500,nan,nan,nan,nan,0
early,cage,5,0,resnet,True,none,lr,1e-05,0.0001,32,25,0.0412,1.3649,1.1306,0.8140,0.7698,nan,nan,nan,nan,1
early,cage,5,0,resnet,True,none,lr,1e-05,0.0001,32,26,0.0397,1.2751,1.1207,0.8140,0.7857,nan,nan,nan,nan,1
early,cage,5,0,resnet,True,none,lr,1e-05,0.0001,32,27,0.0347,1.3503,1.1379,0.8140,0.8056,nan,nan,nan,nan,1
early,cage,5,0,resnet,True,none,lr,1e-05,0.0001,32,28,0.0269,1.3849,1.1754,0.8372,0.8413,nan,nan,nan,nan,1
early,cage,5,0,resnet,True,none,lr,1e-05,0.0001,32,29,0.0296,1.3698,1.2220,0.8140,0.7698,nan,nan,nan,nan,0
early,cage,5,0,resnet,True,none,lr,1e-05,0.0001,32,30,0.0257,1.4180,1.1997,0.8372,0.8333,2.7862,1.9225,0.7750,0.4158,1
early,cage,5,0,resnet,True,none,lr,1e-05,0.0001,32,31,0.0301,1.5280,1.2838,0.8372,0.7857,nan,nan,nan,nan,0
early,cage,5,0,resnet,True,none,lr,1e-05,0.0001,32,32,0.0232,1.8645,1.4489,0.8140,0.7778,nan,nan,nan,nan,0
early,cage,5,0,resnet,True,none,lr,1e-05,0.0001,32,33,0.0220,1.4697,1.2889,0.7907,0.8095,nan,nan,nan,nan,0
early,cage,5,0,resnet,True,none,lr,1e-05,0.0001,32,34,0.0193,1.5318,1.3039,0.8140,0.7976,nan,nan,nan,nan,0
early,cage,5,0,resnet,True,none,lr,1e-05,0.0001,32,35,0.0162,1.7018,1.3648,0.8372,0.8214,nan,nan,nan,nan,0
early,cage,5,1,resnet,True,none,lr,1e-05,0.0001,32,1,0.7089,0.6902,0.6891,0.5581,0.5397,nan,nan,nan,nan,0
early,cage,5,1,resnet,True,none,lr,1e-05,0.0001,32,2,0.6556,0.6875,0.6600,0.6977,0.5794,nan,nan,nan,nan,0
early,cage,5,1,resnet,True,none,lr,1e-05,0.0001,32,3,0.6148,0.6860,0.6268,0.7209,0.5913,nan,nan,nan,nan,0
early,cage,5,1,resnet,True,none,lr,1e-05,0.0001,32,4,0.5744,0.6910,0.6521,0.6977,0.5913,nan,nan,nan,nan,0
early,cage,5,1,resnet,True,none,lr,1e-05,0.0001,32,5,0.5382,0.6879,0.6364,0.6744,0.6190,nan,nan,nan,nan,1
early,cage,5,1,resnet,True,none,lr,1e-05,0.0001,32,6,0.4896,0.6896,0.6545,0.6977,0.6508,nan,nan,nan,nan,1
early,cage,5,1,resnet,True,none,lr,1e-05,0.0001,32,7,0.4467,0.7106,0.6772,0.6977,0.6389,nan,nan,nan,nan,1
early,cage,5,1,resnet,True,none,lr,1e-05,0.0001,32,8,0.4077,0.7265,0.6732,0.6744,0.6349,nan,nan,nan,nan,1
early,cage,5,1,resnet,True,none,lr,1e-05,0.0001,32,9,0.3509,0.7543,0.7146,0.6977,0.6310,1.0149,0.8578,0.7000,0.4875,1
early,cage,5,1,resnet,True,none,lr,1e-05,0.0001,32,10,0.3139,0.8082,0.6903,0.7674,0.6310,nan,nan,nan,nan,0
early,cage,5,1,resnet,True,none,lr,1e-05,0.0001,32,11,0.2742,0.8165,0.7587,0.6977,0.6349,nan,nan,nan,nan,0
early,cage,5,1,resnet,True,none,lr,1e-05,0.0001,32,12,0.2329,0.8996,0.7773,0.7442,0.6270,nan,nan,nan,nan,0
early,cage,5,1,resnet,True,none,lr,1e-05,0.0001,32,13,0.2023,0.9029,0.8170,0.7209,0.6270,nan,nan,nan,nan,0
early,cage,5,1,resnet,True,none,lr,1e-05,0.0001,32,14,0.1899,0.9399,0.8454,0.7209,0.6151,nan,nan,nan,nan,0
early,cage,5,1,resnet,True,none,lr,1e-05,0.0001,32,15,0.1482,1.0406,0.8327,0.7442,0.6468,nan,nan,nan,nan,0
early,cage,5,1,resnet,True,none,lr,1e-05,0.0001,32,16,0.1286,1.0424,0.8647,0.7442,0.6270,nan,nan,nan,nan,0
early,cage,5,2,resnet,True,none,lr,1e-05,0.0001,32,1,0.7141,0.6406,0.6528,0.6905,0.7500,nan,nan,nan,nan,0
early,cage,5,2,resnet,True,none,lr,1e-05,0.0001,32,2,0.6567,0.6335,0.6655,0.6190,0.7426,nan,nan,nan,nan,0
early,cage,5,2,resnet,True,none,lr,1e-05,0.0001,32,3,0.6200,0.6063,0.6417,0.7381,0.7868,nan,nan,nan,nan,0
early,cage,5,2,resnet,True,none,lr,1e-05,0.0001,32,4,0.5815,0.6006,0.6378,0.7619,0.7941,nan,nan,nan,nan,0
early,cage,5,2,resnet,True,none,lr,1e-05,0.0001,32,5,0.5359,0.6330,0.6326,0.8095,0.7206,nan,nan,nan,nan,1
early,cage,5,2,resnet,True,none,lr,1e-05,0.0001,32,6,0.4855,0.5953,0.6555,0.7143,0.7794,nan,nan,nan,nan,1
early,cage,5,2,resnet,True,none,lr,1e-05,0.0001,32,7,0.4420,0.6219,0.6338,0.8095,0.7647,nan,nan,nan,nan,0
early,cage,5,2,resnet,True,none,lr,1e-05,0.0001,32,8,0.3897,0.5973,0.6948,0.6905,0.7684,nan,nan,nan,nan,0
early,cage,5,2,resnet,True,none,lr,1e-05,0.0001,32,9,0.3423,0.6096,0.6398,0.8095,0.7868,nan,nan,nan,nan,0
early,cage,5,2,resnet,True,none,lr,1e-05,0.0001,32,10,0.3131,0.6071,0.6572,0.8333,0.7904,1.1461,0.9270,0.7750,0.4875,1
early,cage,5,2,resnet,True,none,lr,1e-05,0.0001,32,11,0.2581,0.7165,0.6872,0.8095,0.7279,nan,nan,nan,nan,0
early,cage,5,2,resnet,True,none,lr,1e-05,0.0001,32,12,0.2184,0.6592,0.7103,0.8095,0.7721,nan,nan,nan,nan,0
early,cage,5,2,resnet,True,none,lr,1e-05,0.0001,32,13,0.1993,0.7009,0.7220,0.8095,0.7684,nan,nan,nan,nan,0
early,cage,5,2,resnet,True,none,lr,1e-05,0.0001,32,14,0.1641,0.7676,0.7419,0.8333,0.7610,nan,nan,nan,nan,0
early,cage,5,2,resnet,True,none,lr,1e-05,0.0001,32,15,0.1456,0.7972,0.7747,0.8095,0.7353,nan,nan,nan,nan,0
early,cage,5,2,resnet,True,none,lr,1e-05,0.0001,32,16,0.1278,0.7715,0.7717,0.8095,0.7904,nan,nan,nan,nan,0
early,cage,5,3,resnet,True,none,lr,1e-05,0.0001,32,1,0.7087,0.6915,0.6694,0.6667,0.5714,nan,nan,nan,nan,0
early,cage,5,3,resnet,True,none,lr,1e-05,0.0001,32,2,0.6497,0.6886,0.6589,0.7381,0.5551,nan,nan,nan,nan,0
early,cage,5,3,resnet,True,none,lr,1e-05,0.0001,32,3,0.6081,0.6848,0.6526,0.6905,0.6041,nan,nan,nan,nan,0
early,cage,5,3,resnet,True,none,lr,1e-05,0.0001,32,4,0.5685,0.6819,0.6501,0.7619,0.6367,nan,nan,nan,nan,0
early,cage,5,3,resnet,True,none,lr,1e-05,0.0001,32,5,0.5267,0.6930,0.6450,0.7381,0.6245,nan,nan,nan,nan,1
early,cage,5,3,resnet,True,none,lr,1e-05,0.0001,32,6,0.4800,0.6995,0.6616,0.8095,0.6327,nan,nan,nan,nan,1
early,cage,5,3,resnet,True,none,lr,1e-05,0.0001,32,7,0.4450,0.7132,0.6656,0.7619,0.6245,nan,nan,nan,nan,1
early,cage,5,3,resnet,True,none,lr,1e-05,0.0001,32,8,0.3835,0.7290,0.6554,0.7857,0.6612,nan,nan,nan,nan,1
early,cage,5,3,resnet,True,none,lr,1e-05,0.0001,32,9,0.3374,0.6963,0.7035,0.8095,0.6898,nan,nan,nan,nan,1
early,cage,5,3,resnet,True,none,lr,1e-05,0.0001,32,10,0.3000,0.7733,0.6678,0.8095,0.7102,nan,nan,nan,nan,1
early,cage,5,3,resnet,True,none,lr,1e-05,0.0001,32,11,0.2677,0.7679,0.7396,0.7857,0.6776,nan,nan,nan,nan,1
early,cage,5,3,resnet,True,none,lr,1e-05,0.0001,32,12,0.2281,0.7769,0.7162,0.8095,0.7061,nan,nan,nan,nan,1
early,cage,5,3,resnet,True,none,lr,1e-05,0.0001,32,13,0.2062,0.9390,0.7883,0.8095,0.6531,nan,nan,nan,nan,0
early,cage,5,3,resnet,True,none,lr,1e-05,0.0001,32,14,0.1702,0.8879,0.7672,0.7857,0.7469,nan,nan,nan,nan,1
early,cage,5,3,resnet,True,none,lr,1e-05,0.0001,32,15,0.1467,0.9605,0.8063,0.7857,0.7592,nan,nan,nan,nan,1
early,cage,5,3,resnet,True,none,lr,1e-05,0.0001,32,16,0.1236,1.0333,0.8372,0.8095,0.7551,nan,nan,nan,nan,1
early,cage,5,3,resnet,True,none,lr,1e-05,0.0001,32,17,0.1066,0.9951,0.8718,0.7857,0.7551,nan,nan,nan,nan,1
early,cage,5,3,resnet,True,none,lr,1e-05,0.0001,32,18,0.0919,1.0394,0.8959,0.8095,0.7265,nan,nan,nan,nan,1
early,cage,5,3,resnet,True,none,lr,1e-05,0.0001,32,19,0.0809,1.1251,0.9139,0.8095,0.7306,nan,nan,nan,nan,0
early,cage,5,3,resnet,True,none,lr,1e-05,0.0001,32,20,0.0666,1.0744,0.9139,0.8095,0.7837,nan,nan,nan,nan,0
early,cage,5,3,resnet,True,none,lr,1e-05,0.0001,32,21,0.0616,1.2516,1.0095,0.8095,0.7347,nan,nan,nan,nan,0
early,cage,5,3,resnet,True,none,lr,1e-05,0.0001,32,22,0.0566,1.1730,0.9619,0.8095,0.7633,nan,nan,nan,nan,0
early,cage,5,3,resnet,True,none,lr,1e-05,0.0001,32,23,0.0495,1.1647,0.9952,0.8095,0.7592,nan,nan,nan,nan,1
early,cage,5,3,resnet,True,none,lr,1e-05,0.0001,32,24,0.0441,1.3495,1.0814,0.8095,0.7633,2.4713,1.7215,0.7500,0.4265,1
early,cage,5,3,resnet,True,none,lr,1e-05,0.0001,32,25,0.0388,1.3623,1.1201,0.8095,0.7551,nan,nan,nan,nan,0
early,cage,5,3,resnet,True,none,lr,1e-05,0.0001,32,26,0.0314,1.5365,1.1944,0.8095,0.7020,nan,nan,nan,nan,0
early,cage,5,3,resnet,True,none,lr,1e-05,0.0001,32,27,0.0348,1.2456,1.0608,0.7857,0.7551,nan,nan,nan,nan,0
early,cage,5,3,resnet,True,none,lr,1e-05,0.0001,32,28,0.0247,1.5573,1.1838,0.8095,0.7388,nan,nan,nan,nan,0
early,cage,5,3,resnet,True,none,lr,1e-05,0.0001,32,29,0.0259,1.4447,1.2118,0.7857,0.7469,nan,nan,nan,nan,0
early,cage,5,4,resnet,True,none,lr,1e-05,0.0001,32,1,0.7232,0.7126,0.6686,0.7907,0.5821,nan,nan,nan,nan,0
early,cage,5,4,resnet,True,none,lr,1e-05,0.0001,32,2,0.6620,0.6874,0.6577,0.7907,0.6107,nan,nan,nan,nan,0
early,cage,5,4,resnet,True,none,lr,1e-05,0.0001,32,3,0.6239,0.7011,0.6572,0.7442,0.5929,nan,nan,nan,nan,0
early,cage,5,4,resnet,True,none,lr,1e-05,0.0001,32,4,0.5787,0.6884,0.6443,0.7907,0.6143,nan,nan,nan,nan,0
early,cage,5,4,resnet,True,none,lr,1e-05,0.0001,32,5,0.5491,0.6798,0.6384,0.7209,0.6429,nan,nan,nan,nan,1
early,cage,5,4,resnet,True,none,lr,1e-05,0.0001,32,6,0.4997,0.7021,0.6642,0.8140,0.6143,nan,nan,nan,nan,1
early,cage,5,4,resnet,True,none,lr,1e-05,0.0001,32,7,0.4526,0.6889,0.6681,0.7674,0.6393,nan,nan,nan,nan,1
early,cage,5,4,resnet,True,none,lr,1e-05,0.0001,32,8,0.4010,0.7371,0.6921,0.7907,0.6143,nan,nan,nan,nan,0
early,cage,5,4,resnet,True,none,lr,1e-05,0.0001,32,9,0.3617,0.7389,0.6882,0.8372,0.6607,nan,nan,nan,nan,1
early,cage,5,4,resnet,True,none,lr,1e-05,0.0001,32,10,0.3160,0.7214,0.7218,0.8140,0.6607,nan,nan,nan,nan,0
early,cage,5,4,resnet,True,none,lr,1e-05,0.0001,32,11,0.2724,0.7383,0.7372,0.8140,0.6643,nan,nan,nan,nan,1
early,cage,5,4,resnet,True,none,lr,1e-05,0.0001,32,12,0.2377,0.8207,0.7847,0.8140,0.6643,nan,nan,nan,nan,0
early,cage,5,4,resnet,True,none,lr,1e-05,0.0001,32,13,0.2095,0.8398,0.8266,0.8140,0.6857,nan,nan,nan,nan,1
early,cage,5,4,resnet,True,none,lr,1e-05,0.0001,32,14,0.1721,0.8276,0.8470,0.8140,0.6964,nan,nan,nan,nan,1
early,cage,5,4,resnet,True,none,lr,1e-05,0.0001,32,15,0.1584,0.9377,0.8898,0.7907,0.6857,nan,nan,nan,nan,0
early,cage,5,4,resnet,True,none,lr,1e-05,0.0001,32,16,0.1366,0.9077,0.8892,0.8140,0.7000,1.8496,1.3569,0.7750,0.3405,1
early,cage,5,4,resnet,True,none,lr,1e-05,0.0001,32,17,0.1235,1.0334,0.9799,0.8372,0.6464,nan,nan,nan,nan,0
early,cage,5,4,resnet,True,none,lr,1e-05,0.0001,32,18,0.0939,1.0475,0.9797,0.8140,0.6786,nan,nan,nan,nan,0
early,cage,5,4,resnet,True,none,lr,1e-05,0.0001,32,19,0.0822,1.0609,1.0044,0.7907,0.7036,nan,nan,nan,nan,0
early,cage,5,4,resnet,True,none,lr,1e-05,0.0001,32,20,0.0749,1.1637,1.0785,0.8140,0.6571,nan,nan,nan,nan,0
early,cage,5,4,resnet,True,none,lr,1e-05,0.0001,32,21,0.0683,0.9644,1.0093,0.8372,0.7393,nan,nan,nan,nan,0
early,cage,5,6,resnet,True,none,lr,1e-05,0.0001,32,1,0.7367,0.6778,0.6725,0.6585,0.5857,nan,nan,nan,nan,0
early,cage,5,6,resnet,True,none,lr,1e-05,0.0001,32,2,0.6541,0.7117,0.6720,0.8049,0.4524,nan,nan,nan,nan,0
early,cage,5,6,resnet,True,none,lr,1e-05,0.0001,32,3,0.6194,0.7039,0.6972,0.6585,0.5190,nan,nan,nan,nan,0
early,cage,5,6,resnet,True,none,lr,1e-05,0.0001,32,4,0.5849,0.7113,0.7058,0.6098,0.5190,nan,nan,nan,nan,0
early,cage,5,6,resnet,True,none,lr,1e-05,0.0001,32,5,0.5504,0.7163,0.6943,0.5854,0.5286,nan,nan,nan,nan,1
early,cage,5,6,resnet,True,none,lr,1e-05,0.0001,32,6,0.4942,0.7091,0.6762,0.6829,0.5810,nan,nan,nan,nan,0
early,cage,5,6,resnet,True,none,lr,1e-05,0.0001,32,7,0.4564,0.7466,0.6970,0.7561,0.5952,nan,nan,nan,nan,1
early,cage,5,6,resnet,True,none,lr,1e-05,0.0001,32,8,0.4134,0.7312,0.6976,0.8049,0.6143,nan,nan,nan,nan,1
early,cage,5,6,resnet,True,none,lr,1e-05,0.0001,32,9,0.3576,0.7812,0.7424,0.8049,0.6095,nan,nan,nan,nan,1
early,cage,5,6,resnet,True,none,lr,1e-05,0.0001,32,10,0.3195,0.7957,0.7453,0.8049,0.6667,nan,nan,nan,nan,1
early,cage,5,6,resnet,True,none,lr,1e-05,0.0001,32,11,0.2781,0.8125,0.7731,0.8049,0.6619,nan,nan,nan,nan,1
early,cage,5,6,resnet,True,none,lr,1e-05,0.0001,32,12,0.2509,0.8492,0.7713,0.8049,0.6714,nan,nan,nan,nan,1
early,cage,5,6,resnet,True,none,lr,1e-05,0.0001,32,13,0.2132,0.9757,0.8536,0.8293,0.6524,nan,nan,nan,nan,1
early,cage,5,6,resnet,True,none,lr,1e-05,0.0001,32,14,0.1930,0.9641,0.8324,0.8537,0.6571,1.4474,1.0889,0.7250,0.4695,1
early,cage,5,6,resnet,True,none,lr,1e-05,0.0001,32,15,0.1575,1.0080,0.8968,0.8537,0.6810,nan,nan,nan,nan,0
early,cage,5,6,resnet,True,none,lr,1e-05,0.0001,32,16,0.1342,1.0458,0.9391,0.8293,0.6619,nan,nan,nan,nan,0
early,cage,5,6,resnet,True,none,lr,1e-05,0.0001,32,17,0.1112,1.0781,0.9678,0.8293,0.6381,nan,nan,nan,nan,0
early,cage,5,6,resnet,True,none,lr,1e-05,0.0001,32,18,0.1001,1.2030,1.0032,0.8537,0.6667,nan,nan,nan,nan,0
early,cage,5,6,resnet,True,none,lr,1e-05,0.0001,32,19,0.0854,1.3190,1.0654,0.8537,0.6429,nan,nan,nan,nan,0
early,cage,5,7,resnet,True,none,lr,1e-05,0.0001,32,1,0.7670,0.6960,0.6545,0.6818,0.5139,nan,nan,nan,nan,0
early,cage,5,7,resnet,True,none,lr,1e-05,0.0001,32,2,0.6595,0.7141,0.6739,0.5909,0.4931,nan,nan,nan,nan,0
early,cage,5,7,resnet,True,none,lr,1e-05,0.0001,32,3,0.6351,0.7333,0.6837,0.6136,0.5139,nan,nan,nan,nan,0
early,cage,5,7,resnet,True,none,lr,1e-05,0.0001,32,4,0.5873,0.7740,0.6854,0.6364,0.4861,nan,nan,nan,nan,0
early,cage,5,7,resnet,True,none,lr,1e-05,0.0001,32,5,0.5459,0.7689,0.6951,0.6818,0.5000,nan,nan,nan,nan,1
early,cage,5,7,resnet,True,none,lr,1e-05,0.0001,32,6,0.4991,0.8289,0.6725,0.7273,0.4896,nan,nan,nan,nan,0
early,cage,5,7,resnet,True,none,lr,1e-05,0.0001,32,7,0.4575,0.8434,0.6866,0.7500,0.5208,nan,nan,nan,nan,0
early,cage,5,7,resnet,True,none,lr,1e-05,0.0001,32,8,0.4210,0.8922,0.7433,0.6818,0.5069,nan,nan,nan,nan,0
early,cage,5,7,resnet,True,none,lr,1e-05,0.0001,32,9,0.3742,0.9061,0.7291,0.7500,0.5243,nan,nan,nan,nan,1
early,cage,5,7,resnet,True,none,lr,1e-05,0.0001,32,10,0.3287,0.9509,0.7517,0.7500,0.5486,nan,nan,nan,nan,1
early,cage,5,7,resnet,True,none,lr,1e-05,0.0001,32,11,0.2898,0.9299,0.7731,0.7727,0.5486,nan,nan,nan,nan,1
early,cage,5,7,resnet,True,none,lr,1e-05,0.0001,32,12,0.2503,1.0309,0.7858,0.7500,0.5417,nan,nan,nan,nan,0
early,cage,5,7,resnet,True,none,lr,1e-05,0.0001,32,13,0.2231,1.1047,0.8184,0.7500,0.5486,nan,nan,nan,nan,1
early,cage,5,7,resnet,True,none,lr,1e-05,0.0001,32,14,0.1788,1.1292,0.8448,0.7500,0.6076,nan,nan,nan,nan,1
early,cage,5,7,resnet,True,none,lr,1e-05,0.0001,32,15,0.1530,1.1135,0.8899,0.7500,0.5799,nan,nan,nan,nan,1
early,cage,5,7,resnet,True,none,lr,1e-05,0.0001,32,16,0.1365,1.2258,0.9224,0.7500,0.5694,nan,nan,nan,nan,0
early,cage,5,7,resnet,True,none,lr,1e-05,0.0001,32,17,0.1265,1.4076,1.0051,0.7500,0.5486,1.6751,1.2077,0.7250,0.4803,1
early,cage,5,7,resnet,True,none,lr,1e-05,0.0001,32,18,0.1024,1.4661,1.0360,0.7500,0.5521,nan,nan,nan,nan,0
early,cage,5,7,resnet,True,none,lr,1e-05,0.0001,32,19,0.0937,1.4010,1.0234,0.7727,0.5729,nan,nan,nan,nan,0
early,cage,5,7,resnet,True,none,lr,1e-05,0.0001,32,20,0.0738,1.4198,1.0414,0.7955,0.5903,nan,nan,nan,nan,0
early,cage,5,7,resnet,True,none,lr,1e-05,0.0001,32,21,0.0689,1.5937,1.0832,0.7955,0.5590,nan,nan,nan,nan,0
early,cage,5,7,resnet,True,none,lr,1e-05,0.0001,32,22,0.0594,1.6705,1.1333,0.7955,0.5938,nan,nan,nan,nan,0
early,cage,5,8,resnet,True,none,lr,1e-05,0.0001,32,1,0.7159,0.6805,0.6536,0.7447,0.6282,nan,nan,nan,nan,0
early,cage,5,8,resnet,True,none,lr,1e-05,0.0001,32,2,0.6603,0.6610,0.6236,0.7234,0.6987,nan,nan,nan,nan,0
early,cage,5,8,resnet,True,none,lr,1e-05,0.0001,32,3,0.6143,0.6797,0.6119,0.7660,0.6635,nan,nan,nan,nan,0
early,cage,5,8,resnet,True,none,lr,1e-05,0.0001,32,4,0.5746,0.6862,0.6308,0.7234,0.6442,nan,nan,nan,nan,0
early,cage,5,8,resnet,True,none,lr,1e-05,0.0001,32,5,0.5370,0.6865,0.6194,0.7447,0.6827,0.8381,0.7294,0.7000,0.5161,1
early,cage,5,8,resnet,True,none,lr,1e-05,0.0001,32,6,0.4951,0.7051,0.6420,0.7447,0.6314,nan,nan,nan,nan,0
early,cage,5,8,resnet,True,none,lr,1e-05,0.0001,32,7,0.4391,0.7591,0.6455,0.7660,0.6442,nan,nan,nan,nan,0
early,cage,5,8,resnet,True,none,lr,1e-05,0.0001,32,8,0.4018,0.7606,0.6568,0.7447,0.6218,nan,nan,nan,nan,0
early,cage,5,8,resnet,True,none,lr,1e-05,0.0001,32,9,0.3529,0.8297,0.6542,0.7872,0.6603,nan,nan,nan,nan,0
early,cage,5,8,resnet,True,none,lr,1e-05,0.0001,32,10,0.3227,0.8086,0.6844,0.7872,0.6731,nan,nan,nan,nan,0
early,cage,5,8,resnet,True,none,lr,1e-05,0.0001,32,11,0.2775,0.8919,0.7278,0.7872,0.6859,nan,nan,nan,nan,0
early,cage,5,8,resnet,True,none,lr,1e-05,0.0001,32,12,0.2375,0.9262,0.7408,0.7660,0.6122,nan,nan,nan,nan,0
early,cage,5,8,resnet,True,none,lr,1e-05,0.0001,32,13,0.2113,1.0592,0.7666,0.8085,0.6442,nan,nan,nan,nan,0
early,cage,5,8,resnet,True,none,lr,1e-05,0.0001,32,14,0.1859,1.1352,0.7967,0.8298,0.6218,nan,nan,nan,nan,0
early,cage,5,8,resnet,True,none,lr,1e-05,0.0001,32,15,0.1610,1.1832,0.8447,0.8298,0.6603,nan,nan,nan,nan,0
early,cage,5,8,resnet,True,none,lr,1e-05,0.0001,32,16,0.1307,1.1603,0.8459,0.8298,0.6506,nan,nan,nan,nan,0
early,cage,5,9,resnet,True,none,lr,1e-05,0.0001,32,1,0.7185,0.6833,0.6763,0.6667,0.6128,nan,nan,nan,nan,0
early,cage,5,9,resnet,True,none,lr,1e-05,0.0001,32,2,0.6546,0.6986,0.6910,0.6429,0.6027,nan,nan,nan,nan,0
early,cage,5,9,resnet,True,none,lr,1e-05,0.0001,32,3,0.6031,0.7146,0.7235,0.6429,0.6061,nan,nan,nan,nan,0
early,cage,5,9,resnet,True,none,lr,1e-05,0.0001,32,4,0.5666,0.7048,0.7295,0.6905,0.5993,nan,nan,nan,nan,0
early,cage,5,9,resnet,True,none,lr,1e-05,0.0001,32,5,0.5224,0.7508,0.7882,0.6667,0.5825,0.8664,0.7557,0.6500,0.4875,1
early,cage,5,9,resnet,True,none,lr,1e-05,0.0001,32,6,0.4797,0.7776,0.7765,0.7143,0.5825,nan,nan,nan,nan,0
early,cage,5,9,resnet,True,none,lr,1e-05,0.0001,32,7,0.4332,0.8370,0.8335,0.7143,0.5522,nan,nan,nan,nan,0
early,cage,5,9,resnet,True,none,lr,1e-05,0.0001,32,8,0.3821,0.8525,0.8893,0.6905,0.5488,nan,nan,nan,nan,0
early,cage,5,9,resnet,True,none,lr,1e-05,0.0001,32,9,0.3318,0.9258,0.8996,0.7143,0.5657,nan,nan,nan,nan,0
early,cage,5,9,resnet,True,none,lr,1e-05,0.0001,32,10,0.3071,0.9495,0.9073,0.7381,0.5724,nan,nan,nan,nan,0
early,cage,5,9,resnet,True,none,lr,1e-05,0.0001,32,11,0.2641,0.9365,0.8758,0.6905,0.6128,nan,nan,nan,nan,0
early,cage,5,9,resnet,True,none,lr,1e-05,0.0001,32,12,0.2223,1.0690,0.9527,0.6905,0.5724,nan,nan,nan,nan,0
early,cage,5,9,resnet,True,none,lr,1e-05,0.0001,32,13,0.1972,1.1652,1.0299,0.6905,0.5724,nan,nan,nan,nan,0
early,cage,5,9,resnet,True,none,lr,1e-05,0.0001,32,14,0.1666,1.1638,1.0366,0.6905,0.5926,nan,nan,nan,nan,0
early,cage,5,9,resnet,True,none,lr,1e-05,0.0001,32,15,0.1418,1.2464,1.1263,0.6667,0.5623,nan,nan,nan,nan,0
early,cage,5,9,resnet,True,none,lr,1e-05,0.0001,32,16,0.1228,1.3220,1.1317,0.6905,0.5657,nan,nan,nan,nan,0
early,cage,6,0,resnet,True,none,lr,1e-05,0.0001,32,1,0.7173,0.6803,0.6588,0.7674,0.6190,nan,nan,nan,nan,0
early,cage,6,0,resnet,True,none,lr,1e-05,0.0001,32,2,0.6672,0.6794,0.6559,0.7209,0.6071,nan,nan,nan,nan,0
early,cage,6,0,resnet,True,none,lr,1e-05,0.0001,32,3,0.6193,0.6787,0.6472,0.7442,0.5992,nan,nan,nan,nan,0
early,cage,6,0,resnet,True,none,lr,1e-05,0.0001,32,4,0.5873,0.6776,0.6434,0.7674,0.6190,nan,nan,nan,nan,0
early,cage,6,0,resnet,True,none,lr,1e-05,0.0001,32,5,0.5630,0.6680,0.6239,0.7442,0.6706,nan,nan,nan,nan,1
early,cage,6,0,resnet,True,none,lr,1e-05,0.0001,32,6,0.5231,0.6785,0.6687,0.7209,0.6270,nan,nan,nan,nan,0
early,cage,6,0,resnet,True,none,lr,1e-05,0.0001,32,7,0.4789,0.6672,0.6631,0.7907,0.6746,nan,nan,nan,nan,1
early,cage,6,0,resnet,True,none,lr,1e-05,0.0001,32,8,0.4327,0.6449,0.6440,0.7674,0.7540,nan,nan,nan,nan,1
early,cage,6,0,resnet,True,none,lr,1e-05,0.0001,32,9,0.3808,0.6975,0.6765,0.7674,0.7302,nan,nan,nan,nan,1
early,cage,6,0,resnet,True,none,lr,1e-05,0.0001,32,10,0.3351,0.6959,0.7129,0.7442,0.7143,nan,nan,nan,nan,1
early,cage,6,0,resnet,True,none,lr,1e-05,0.0001,32,11,0.3004,0.7374,0.7147,0.7674,0.7460,nan,nan,nan,nan,1
early,cage,6,0,resnet,True,none,lr,1e-05,0.0001,32,12,0.2583,0.7688,0.7195,0.7674,0.7540,0.9112,0.7978,0.8049,0.5762,1
early,cage,6,0,resnet,True,none,lr,1e-05,0.0001,32,13,0.2295,0.8318,0.7618,0.7674,0.7143,nan,nan,nan,nan,0
early,cage,6,0,resnet,True,none,lr,1e-05,0.0001,32,14,0.1918,0.8436,0.7652,0.7674,0.7698,nan,nan,nan,nan,0
early,cage,6,0,resnet,True,none,lr,1e-05,0.0001,32,15,0.1650,0.7857,0.7908,0.7907,0.7381,nan,nan,nan,nan,0
early,cage,6,0,resnet,True,none,lr,1e-05,0.0001,32,16,0.1377,0.9944,0.8829,0.7907,0.7063,nan,nan,nan,nan,0
early,cage,6,0,resnet,True,none,lr,1e-05,0.0001,32,17,0.1248,1.0319,0.9072,0.7907,0.6944,nan,nan,nan,nan,0
early,cage,6,1,resnet,True,none,lr,1e-05,0.0001,32,1,0.7120,0.6740,0.6818,0.6047,0.6349,nan,nan,nan,nan,0
early,cage,6,1,resnet,True,none,lr,1e-05,0.0001,32,2,0.6615,0.6650,0.6578,0.7442,0.6389,nan,nan,nan,nan,0
early,cage,6,1,resnet,True,none,lr,1e-05,0.0001,32,3,0.6208,0.6528,0.6484,0.7209,0.6587,nan,nan,nan,nan,0
early,cage,6,1,resnet,True,none,lr,1e-05,0.0001,32,4,0.5812,0.6525,0.6434,0.7209,0.6667,nan,nan,nan,nan,0
early,cage,6,1,resnet,True,none,lr,1e-05,0.0001,32,5,0.5413,0.6504,0.6456,0.7209,0.6548,nan,nan,nan,nan,1
early,cage,6,1,resnet,True,none,lr,1e-05,0.0001,32,6,0.5061,0.6771,0.6470,0.7674,0.6270,nan,nan,nan,nan,0
early,cage,6,1,resnet,True,none,lr,1e-05,0.0001,32,7,0.4579,0.6815,0.6475,0.7442,0.6230,nan,nan,nan,nan,0
early,cage,6,1,resnet,True,none,lr,1e-05,0.0001,32,8,0.4149,0.6959,0.6697,0.7209,0.6627,nan,nan,nan,nan,0
early,cage,6,1,resnet,True,none,lr,1e-05,0.0001,32,9,0.3672,0.7038,0.6994,0.6744,0.6746,nan,nan,nan,nan,0
early,cage,6,1,resnet,True,none,lr,1e-05,0.0001,32,10,0.3338,0.7567,0.6663,0.8605,0.6429,nan,nan,nan,nan,0
early,cage,6,1,resnet,True,none,lr,1e-05,0.0001,32,11,0.2822,0.7721,0.7174,0.7442,0.6627,nan,nan,nan,nan,0
early,cage,6,1,resnet,True,none,lr,1e-05,0.0001,32,12,0.2448,0.8061,0.7160,0.8372,0.6746,0.9423,0.8372,0.8293,0.5857,1
early,cage,6,1,resnet,True,none,lr,1e-05,0.0001,32,13,0.2096,0.8636,0.7648,0.8605,0.6667,nan,nan,nan,nan,0
early,cage,6,1,resnet,True,none,lr,1e-05,0.0001,32,14,0.1792,0.9033,0.7885,0.8605,0.6548,nan,nan,nan,nan,0
early,cage,6,1,resnet,True,none,lr,1e-05,0.0001,32,15,0.1645,0.9277,0.7681,0.8605,0.6389,nan,nan,nan,nan,0
early,cage,6,1,resnet,True,none,lr,1e-05,0.0001,32,16,0.1389,0.8664,0.8196,0.8140,0.6627,nan,nan,nan,nan,0
early,cage,6,1,resnet,True,none,lr,1e-05,0.0001,32,17,0.1186,1.0061,0.8200,0.8837,0.6587,nan,nan,nan,nan,0
early,cage,6,2,resnet,True,none,lr,1e-05,0.0001,32,1,0.7267,0.6456,0.6507,0.7143,0.8015,nan,nan,nan,nan,0
early,cage,6,2,resnet,True,none,lr,1e-05,0.0001,32,2,0.6626,0.6313,0.6432,0.7857,0.7831,nan,nan,nan,nan,0
early,cage,6,2,resnet,True,none,lr,1e-05,0.0001,32,3,0.6290,0.6289,0.6650,0.7143,0.7757,nan,nan,nan,nan,0
early,cage,6,2,resnet,True,none,lr,1e-05,0.0001,32,4,0.5860,0.6188,0.6122,0.8571,0.8088,nan,nan,nan,nan,0
early,cage,6,2,resnet,True,none,lr,1e-05,0.0001,32,5,0.5465,0.6116,0.6280,0.7857,0.7941,0.6944,0.6602,0.7317,0.6095,1
early,cage,6,2,resnet,True,none,lr,1e-05,0.0001,32,6,0.5116,0.6494,0.6402,0.7857,0.7390,nan,nan,nan,nan,0
early,cage,6,2,resnet,True,none,lr,1e-05,0.0001,32,7,0.4559,0.6192,0.6590,0.8095,0.7721,nan,nan,nan,nan,0
early,cage,6,2,resnet,True,none,lr,1e-05,0.0001,32,8,0.4171,0.6605,0.6603,0.7857,0.7463,nan,nan,nan,nan,0
early,cage,6,2,resnet,True,none,lr,1e-05,0.0001,32,9,0.3589,0.6648,0.6705,0.8095,0.7684,nan,nan,nan,nan,0
early,cage,6,2,resnet,True,none,lr,1e-05,0.0001,32,10,0.3292,0.6631,0.6697,0.8095,0.7794,nan,nan,nan,nan,0
early,cage,6,2,resnet,True,none,lr,1e-05,0.0001,32,11,0.2765,0.7004,0.7225,0.7857,0.7463,nan,nan,nan,nan,0
early,cage,6,2,resnet,True,none,lr,1e-05,0.0001,32,12,0.2408,0.6987,0.7230,0.7857,0.7574,nan,nan,nan,nan,0
early,cage,6,2,resnet,True,none,lr,1e-05,0.0001,32,13,0.2067,0.7714,0.7468,0.7857,0.7684,nan,nan,nan,nan,0
early,cage,6,2,resnet,True,none,lr,1e-05,0.0001,32,14,0.1806,0.7598,0.7670,0.7857,0.7647,nan,nan,nan,nan,0
early,cage,6,2,resnet,True,none,lr,1e-05,0.0001,32,15,0.1499,0.8339,0.7920,0.7857,0.7574,nan,nan,nan,nan,0
early,cage,6,2,resnet,True,none,lr,1e-05,0.0001,32,16,0.1266,0.8490,0.8353,0.7619,0.7757,nan,nan,nan,nan,0
early,cage,6,3,resnet,True,none,lr,1e-05,0.0001,32,1,0.7291,0.6881,0.6791,0.6190,0.5388,nan,nan,nan,nan,0
early,cage,6,3,resnet,True,none,lr,1e-05,0.0001,32,2,0.6723,0.7016,0.6897,0.5952,0.4857,nan,nan,nan,nan,0
early,cage,6,3,resnet,True,none,lr,1e-05,0.0001,32,3,0.6273,0.6897,0.6674,0.6905,0.5755,nan,nan,nan,nan,0
early,cage,6,3,resnet,True,none,lr,1e-05,0.0001,32,4,0.5969,0.7145,0.6875,0.7143,0.5143,nan,nan,nan,nan,0
early,cage,6,3,resnet,True,none,lr,1e-05,0.0001,32,5,0.5642,0.6901,0.6663,0.6905,0.5755,nan,nan,nan,nan,1
early,cage,6,3,resnet,True,none,lr,1e-05,0.0001,32,6,0.5183,0.7302,0.6678,0.7143,0.5429,nan,nan,nan,nan,0
early,cage,6,3,resnet,True,none,lr,1e-05,0.0001,32,7,0.4766,0.6933,0.6526,0.7143,0.6082,nan,nan,nan,nan,1
early,cage,6,3,resnet,True,none,lr,1e-05,0.0001,32,8,0.4272,0.7196,0.6826,0.7381,0.5878,nan,nan,nan,nan,0
early,cage,6,3,resnet,True,none,lr,1e-05,0.0001,32,9,0.3820,0.7129,0.6581,0.7857,0.6204,nan,nan,nan,nan,1
early,cage,6,3,resnet,True,none,lr,1e-05,0.0001,32,10,0.3390,0.7729,0.7024,0.8333,0.5714,nan,nan,nan,nan,0
early,cage,6,3,resnet,True,none,lr,1e-05,0.0001,32,11,0.3014,0.7576,0.6871,0.8095,0.6367,nan,nan,nan,nan,1
early,cage,6,3,resnet,True,none,lr,1e-05,0.0001,32,12,0.2501,0.8510,0.7668,0.8095,0.5837,nan,nan,nan,nan,0
early,cage,6,3,resnet,True,none,lr,1e-05,0.0001,32,13,0.2235,0.8907,0.7668,0.8333,0.6122,nan,nan,nan,nan,0
early,cage,6,3,resnet,True,none,lr,1e-05,0.0001,32,14,0.1926,0.8915,0.8220,0.8095,0.6327,nan,nan,nan,nan,0
early,cage,6,3,resnet,True,none,lr,1e-05,0.0001,32,15,0.1676,0.9112,0.8158,0.8095,0.6612,nan,nan,nan,nan,1
early,cage,6,3,resnet,True,none,lr,1e-05,0.0001,32,16,0.1456,1.0242,0.8991,0.8095,0.6000,nan,nan,nan,nan,0
early,cage,6,3,resnet,True,none,lr,1e-05,0.0001,32,17,0.1269,1.0487,0.8731,0.8333,0.6694,nan,nan,nan,nan,1
early,cage,6,3,resnet,True,none,lr,1e-05,0.0001,32,18,0.1093,1.0616,0.9159,0.8333,0.6122,nan,nan,nan,nan,0
early,cage,6,3,resnet,True,none,lr,1e-05,0.0001,32,19,0.0954,1.0912,0.9329,0.8333,0.6694,1.2046,1.0584,0.8293,0.6095,1
early,cage,6,3,resnet,True,none,lr,1e-05,0.0001,32,20,0.0831,1.1498,0.9972,0.8333,0.6286,nan,nan,nan,nan,0
early,cage,6,3,resnet,True,none,lr,1e-05,0.0001,32,21,0.0842,1.1775,0.9786,0.8333,0.6490,nan,nan,nan,nan,0
early,cage,6,3,resnet,True,none,lr,1e-05,0.0001,32,22,0.0599,1.3826,1.0639,0.8333,0.6571,nan,nan,nan,nan,0
early,cage,6,3,resnet,True,none,lr,1e-05,0.0001,32,23,0.0497,1.2165,1.0252,0.8333,0.6327,nan,nan,nan,nan,0
early,cage,6,3,resnet,True,none,lr,1e-05,0.0001,32,24,0.0437,1.3373,1.0966,0.8333,0.6571,nan,nan,nan,nan,0
early,cage,6,4,resnet,True,none,lr,1e-05,0.0001,32,1,0.7171,0.6695,0.6634,0.6279,0.6321,nan,nan,nan,nan,0
early,cage,6,4,resnet,True,none,lr,1e-05,0.0001,32,2,0.6649,0.6668,0.6446,0.6977,0.6357,nan,nan,nan,nan,0
early,cage,6,4,resnet,True,none,lr,1e-05,0.0001,32,3,0.6272,0.6633,0.6501,0.7209,0.6500,nan,nan,nan,nan,0
early,cage,6,4,resnet,True,none,lr,1e-05,0.0001,32,4,0.5922,0.6563,0.6273,0.7674,0.6786,nan,nan,nan,nan,0
early,cage,6,4,resnet,True,none,lr,1e-05,0.0001,32,5,0.5509,0.6549,0.6283,0.7907,0.6750,nan,nan,nan,nan,1
early,cage,6,4,resnet,True,none,lr,1e-05,0.0001,32,6,0.5117,0.6473,0.6235,0.8140,0.7286,nan,nan,nan,nan,1
early,cage,6,4,resnet,True,none,lr,1e-05,0.0001,32,7,0.4701,0.6308,0.6332,0.7674,0.7357,nan,nan,nan,nan,1
early,cage,6,4,resnet,True,none,lr,1e-05,0.0001,32,8,0.4228,0.5984,0.6251,0.7907,0.7679,nan,nan,nan,nan,1
early,cage,6,4,resnet,True,none,lr,1e-05,0.0001,32,9,0.3780,0.5970,0.6257,0.8372,0.8179,nan,nan,nan,nan,1
early,cage,6,4,resnet,True,none,lr,1e-05,0.0001,32,10,0.3327,0.6067,0.6648,0.8372,0.8357,nan,nan,nan,nan,1
early,cage,6,4,resnet,True,none,lr,1e-05,0.0001,32,11,0.2874,0.7060,0.6834,0.8605,0.7643,nan,nan,nan,nan,1
early,cage,6,4,resnet,True,none,lr,1e-05,0.0001,32,12,0.2484,0.7140,0.7143,0.8140,0.8214,nan,nan,nan,nan,1
early,cage,6,4,resnet,True,none,lr,1e-05,0.0001,32,13,0.2079,0.7465,0.7606,0.8140,0.8429,0.9379,0.8335,0.8780,0.5857,1
early,cage,6,4,resnet,True,none,lr,1e-05,0.0001,32,14,0.1788,0.7643,0.7774,0.8372,0.8071,nan,nan,nan,nan,0
early,cage,6,4,resnet,True,none,lr,1e-05,0.0001,32,15,0.1501,0.7363,0.7907,0.8605,0.7857,nan,nan,nan,nan,0
early,cage,6,4,resnet,True,none,lr,1e-05,0.0001,32,16,0.1232,0.8979,0.8670,0.8372,0.8143,nan,nan,nan,nan,0
early,cage,6,4,resnet,True,none,lr,1e-05,0.0001,32,17,0.1077,0.9303,0.9020,0.8372,0.7929,nan,nan,nan,nan,0
early,cage,6,4,resnet,True,none,lr,1e-05,0.0001,32,18,0.0976,0.8320,0.8919,0.8372,0.8321,nan,nan,nan,nan,0
early,cage,6,5,resnet,True,none,lr,1e-05,0.0001,32,1,0.7029,0.7670,0.7100,0.6500,0.4194,nan,nan,nan,nan,0
early,cage,6,5,resnet,True,none,lr,1e-05,0.0001,32,2,0.6495,0.7613,0.7260,0.6250,0.4588,nan,nan,nan,nan,0
early,cage,6,5,resnet,True,none,lr,1e-05,0.0001,32,3,0.6071,0.8279,0.7174,0.6500,0.4588,nan,nan,nan,nan,0
early,cage,6,5,resnet,True,none,lr,1e-05,0.0001,32,4,0.5633,0.8634,0.7417,0.6250,0.4695,nan,nan,nan,nan,0
early,cage,6,5,resnet,True,none,lr,1e-05,0.0001,32,5,0.5357,0.8689,0.7481,0.6750,0.4731,nan,nan,nan,nan,1
early,cage,6,5,resnet,True,none,lr,1e-05,0.0001,32,6,0.4900,0.8674,0.7589,0.6750,0.4946,nan,nan,nan,nan,1
early,cage,6,5,resnet,True,none,lr,1e-05,0.0001,32,7,0.4505,0.9712,0.7958,0.7250,0.4767,nan,nan,nan,nan,0
early,cage,6,5,resnet,True,none,lr,1e-05,0.0001,32,8,0.3967,0.9950,0.8260,0.7000,0.4659,0.7705,0.7058,0.7805,0.6143,1
early,cage,6,5,resnet,True,none,lr,1e-05,0.0001,32,9,0.3540,1.0608,0.8614,0.7000,0.4588,nan,nan,nan,nan,0
early,cage,6,5,resnet,True,none,lr,1e-05,0.0001,32,10,0.3161,1.1808,0.9236,0.7500,0.4659,nan,nan,nan,nan,0
early,cage,6,5,resnet,True,none,lr,1e-05,0.0001,32,11,0.2687,1.2219,0.9318,0.7500,0.4982,nan,nan,nan,nan,0
early,cage,6,5,resnet,True,none,lr,1e-05,0.0001,32,12,0.2310,1.2101,0.9837,0.7750,0.4624,nan,nan,nan,nan,0
early,cage,6,5,resnet,True,none,lr,1e-05,0.0001,32,13,0.2023,1.4192,1.0747,0.7500,0.4373,nan,nan,nan,nan,0
early,cage,6,5,resnet,True,none,lr,1e-05,0.0001,32,14,0.1711,1.5322,1.1428,0.7250,0.4409,nan,nan,nan,nan,0
early,cage,6,5,resnet,True,none,lr,1e-05,0.0001,32,15,0.1506,1.4590,1.1530,0.7250,0.4659,nan,nan,nan,nan,0
early,cage,6,5,resnet,True,none,lr,1e-05,0.0001,32,16,0.1272,1.7831,1.2944,0.7750,0.4624,nan,nan,nan,nan,0
