fusion,dataset,test_set,dev_set,arch,use_pretrained,augmentation,speech_encoder_arch,lr,wd,batch_size,epoch,train_loss,dev_loss_patient,dev_loss_cough,dev_acc,dev_auc,test_loss_patient,test_loss_cough,test_acc,test_auc,is_best
late,cage,0,1,resnet,False,none,lr,1e-05,0.0001,32,1,0.6904,0.6888,0.6833,0.5814,0.5873,nan,nan,nan,nan,0
late,cage,0,1,resnet,False,none,lr,1e-05,0.0001,32,2,0.6759,0.6873,0.6767,0.6977,0.5992,nan,nan,nan,nan,0
late,cage,0,1,resnet,False,none,lr,1e-05,0.0001,32,3,0.6609,0.6785,0.6958,0.5116,0.6905,nan,nan,nan,nan,0
late,cage,0,1,resnet,False,none,lr,1e-05,0.0001,32,4,0.6337,0.6782,0.6382,0.7442,0.6508,nan,nan,nan,nan,0
late,cage,0,1,resnet,False,none,lr,1e-05,0.0001,32,5,0.5773,0.6551,0.6649,0.7442,0.6349,0.6658,0.6531,0.7674,0.7063,1
late,cage,0,1,resnet,False,none,lr,1e-05,0.0001,32,6,0.4945,1.0433,0.7320,0.8372,0.5198,nan,nan,nan,nan,0
late,cage,0,1,resnet,False,none,lr,1e-05,0.0001,32,7,0.4129,0.7016,0.7614,0.6744,0.5873,nan,nan,nan,nan,0
late,cage,0,1,resnet,False,none,lr,1e-05,0.0001,32,8,0.3356,0.8178,0.7655,0.7907,0.5556,nan,nan,nan,nan,0
late,cage,0,1,resnet,False,none,lr,1e-05,0.0001,32,9,0.2722,0.7958,0.9190,0.6279,0.5437,nan,nan,nan,nan,0
late,cage,0,1,resnet,False,none,lr,1e-05,0.0001,32,10,0.2101,0.7721,0.8477,0.7209,0.5992,nan,nan,nan,nan,0
late,cage,0,1,resnet,False,none,lr,1e-05,0.0001,32,11,0.1562,0.8211,0.8265,0.7907,0.6190,nan,nan,nan,nan,0
late,cage,0,1,resnet,False,none,lr,1e-05,0.0001,32,12,0.1246,0.9087,0.9381,0.7442,0.5476,nan,nan,nan,nan,0
late,cage,0,1,resnet,False,none,lr,1e-05,0.0001,32,13,0.1054,0.9610,0.9161,0.7907,0.5397,nan,nan,nan,nan,0
late,cage,0,1,resnet,False,none,lr,1e-05,0.0001,32,14,0.0799,0.8710,1.0474,0.7209,0.5317,nan,nan,nan,nan,0
late,cage,0,1,resnet,False,none,lr,1e-05,0.0001,32,15,0.0637,0.9658,0.9503,0.7209,0.5556,nan,nan,nan,nan,0
late,cage,0,1,resnet,False,none,lr,1e-05,0.0001,32,16,0.0543,1.4491,1.0159,0.8140,0.5992,nan,nan,nan,nan,0
late,cage,0,2,resnet,False,none,lr,1e-05,0.0001,32,1,0.6922,0.7022,0.6872,0.7381,0.3493,nan,nan,nan,nan,0
late,cage,0,2,resnet,False,none,lr,1e-05,0.0001,32,2,0.6834,0.7035,0.6849,0.7143,0.4191,nan,nan,nan,nan,0
late,cage,0,2,resnet,False,none,lr,1e-05,0.0001,32,3,0.6728,0.7074,0.7091,0.5476,0.3897,nan,nan,nan,nan,0
late,cage,0,2,resnet,False,none,lr,1e-05,0.0001,32,4,0.6559,0.6944,0.6981,0.5714,0.5735,nan,nan,nan,nan,0
late,cage,0,2,resnet,False,none,lr,1e-05,0.0001,32,5,0.6212,0.7085,0.6547,0.7381,0.6360,nan,nan,nan,nan,1
late,cage,0,2,resnet,False,none,lr,1e-05,0.0001,32,6,0.5556,0.7572,0.6769,0.7381,0.5441,nan,nan,nan,nan,1
late,cage,0,2,resnet,False,none,lr,1e-05,0.0001,32,7,0.4803,0.7146,0.7362,0.6667,0.6103,nan,nan,nan,nan,1
late,cage,0,2,resnet,False,none,lr,1e-05,0.0001,32,8,0.4075,0.7091,0.7023,0.7857,0.6912,nan,nan,nan,nan,1
late,cage,0,2,resnet,False,none,lr,1e-05,0.0001,32,9,0.3568,0.8687,0.6960,0.7857,0.6287,nan,nan,nan,nan,1
late,cage,0,2,resnet,False,none,lr,1e-05,0.0001,32,10,0.3086,0.8386,0.6746,0.7857,0.7426,nan,nan,nan,nan,1
late,cage,0,2,resnet,False,none,lr,1e-05,0.0001,32,11,0.2611,0.7653,0.7401,0.7381,0.6213,nan,nan,nan,nan,1
late,cage,0,2,resnet,False,none,lr,1e-05,0.0001,32,12,0.2182,0.7660,0.7528,0.7381,0.6507,nan,nan,nan,nan,1
late,cage,0,2,resnet,False,none,lr,1e-05,0.0001,32,13,0.1749,0.7954,0.7553,0.7381,0.6397,nan,nan,nan,nan,0
late,cage,0,2,resnet,False,none,lr,1e-05,0.0001,32,14,0.1414,0.7208,0.7891,0.7619,0.7647,0.7369,0.7719,0.8140,0.6984,1
late,cage,0,2,resnet,False,none,lr,1e-05,0.0001,32,15,0.1253,1.3539,0.8816,0.8095,0.6066,nan,nan,nan,nan,0
late,cage,0,2,resnet,False,none,lr,1e-05,0.0001,32,16,0.1073,1.0620,0.8192,0.8095,0.6581,nan,nan,nan,nan,0
late,cage,0,2,resnet,False,none,lr,1e-05,0.0001,32,17,0.0894,1.0733,0.8283,0.7857,0.6654,nan,nan,nan,nan,0
late,cage,0,2,resnet,False,none,lr,1e-05,0.0001,32,18,0.0723,1.1055,0.8472,0.7857,0.6654,nan,nan,nan,nan,0
late,cage,0,2,resnet,False,none,lr,1e-05,0.0001,32,19,0.0670,1.3103,0.8954,0.7857,0.6066,nan,nan,nan,nan,0
late,cage,0,3,resnet,False,none,lr,1e-05,0.0001,32,1,0.6933,0.6909,0.6829,0.7857,0.5102,nan,nan,nan,nan,0
late,cage,0,3,resnet,False,none,lr,1e-05,0.0001,32,2,0.6808,0.6905,0.6802,0.7143,0.5102,nan,nan,nan,nan,0
late,cage,0,3,resnet,False,none,lr,1e-05,0.0001,32,3,0.6691,0.6955,0.7180,0.3333,0.4980,nan,nan,nan,nan,0
late,cage,0,3,resnet,False,none,lr,1e-05,0.0001,32,4,0.6468,0.7153,0.6730,0.7381,0.4776,nan,nan,nan,nan,0
late,cage,0,3,resnet,False,none,lr,1e-05,0.0001,32,5,0.6046,0.7031,0.6494,0.8095,0.6408,nan,nan,nan,nan,1
late,cage,0,3,resnet,False,none,lr,1e-05,0.0001,32,6,0.5310,0.6993,0.8051,0.5238,0.5878,nan,nan,nan,nan,1
late,cage,0,3,resnet,False,none,lr,1e-05,0.0001,32,7,0.4455,0.6854,0.7742,0.6429,0.6735,nan,nan,nan,nan,1
late,cage,0,3,resnet,False,none,lr,1e-05,0.0001,32,8,0.3690,0.6838,0.7947,0.6429,0.6367,nan,nan,nan,nan,1
late,cage,0,3,resnet,False,none,lr,1e-05,0.0001,32,9,0.3062,0.7782,0.8090,0.7381,0.6041,0.7459,0.7443,0.8140,0.6508,1
late,cage,0,3,resnet,False,none,lr,1e-05,0.0001,32,10,0.2473,0.8027,0.8326,0.6905,0.5959,nan,nan,nan,nan,0
late,cage,0,3,resnet,False,none,lr,1e-05,0.0001,32,11,0.1974,0.8187,0.8671,0.6905,0.5469,nan,nan,nan,nan,0
late,cage,0,3,resnet,False,none,lr,1e-05,0.0001,32,12,0.1671,1.1503,0.8462,0.8333,0.6857,nan,nan,nan,nan,0
late,cage,0,3,resnet,False,none,lr,1e-05,0.0001,32,13,0.1360,1.0698,0.9084,0.8095,0.5510,nan,nan,nan,nan,0
late,cage,0,3,resnet,False,none,lr,1e-05,0.0001,32,14,0.1109,1.1038,0.9062,0.8333,0.5837,nan,nan,nan,nan,0
late,cage,0,3,resnet,False,none,lr,1e-05,0.0001,32,15,0.0953,1.2593,0.9331,0.8333,0.5837,nan,nan,nan,nan,0
late,cage,0,3,resnet,False,none,lr,1e-05,0.0001,32,16,0.0787,1.0031,0.9118,0.8095,0.6082,nan,nan,nan,nan,0
late,cage,0,4,resnet,False,none,lr,1e-05,0.0001,32,1,0.6931,0.6952,0.6767,0.8140,0.6607,nan,nan,nan,nan,0
late,cage,0,4,resnet,False,none,lr,1e-05,0.0001,32,2,0.6788,0.6882,0.6894,0.6977,0.5786,nan,nan,nan,nan,0
late,cage,0,4,resnet,False,none,lr,1e-05,0.0001,32,3,0.6657,0.6956,0.6674,0.7907,0.6821,nan,nan,nan,nan,0
late,cage,0,4,resnet,False,none,lr,1e-05,0.0001,32,4,0.6392,0.6648,0.6733,0.7209,0.7679,nan,nan,nan,nan,0
late,cage,0,4,resnet,False,none,lr,1e-05,0.0001,32,5,0.5931,0.7148,0.7235,0.6744,0.5143,0.6713,0.6700,0.8140,0.7262,1
late,cage,0,4,resnet,False,none,lr,1e-05,0.0001,32,6,0.5138,0.6916,0.7224,0.6744,0.6107,nan,nan,nan,nan,0
late,cage,0,4,resnet,False,none,lr,1e-05,0.0001,32,7,0.4231,0.8453,0.7804,0.8140,0.5929,nan,nan,nan,nan,0
late,cage,0,4,resnet,False,none,lr,1e-05,0.0001,32,8,0.3439,0.8851,0.8613,0.8140,0.5821,nan,nan,nan,nan,0
late,cage,0,4,resnet,False,none,lr,1e-05,0.0001,32,9,0.2877,0.7837,0.8542,0.7674,0.6214,nan,nan,nan,nan,0
late,cage,0,4,resnet,False,none,lr,1e-05,0.0001,32,10,0.2202,1.0903,1.0916,0.7907,0.5500,nan,nan,nan,nan,0
late,cage,0,4,resnet,False,none,lr,1e-05,0.0001,32,11,0.1726,1.0778,1.0337,0.8140,0.6036,nan,nan,nan,nan,0
late,cage,0,4,resnet,False,none,lr,1e-05,0.0001,32,12,0.1307,1.1331,1.0977,0.8140,0.6286,nan,nan,nan,nan,0
late,cage,0,4,resnet,False,none,lr,1e-05,0.0001,32,13,0.1059,1.2899,1.2079,0.8372,0.5464,nan,nan,nan,nan,0
late,cage,0,4,resnet,False,none,lr,1e-05,0.0001,32,14,0.0989,1.5036,1.3183,0.8140,0.5679,nan,nan,nan,nan,0
late,cage,0,4,resnet,False,none,lr,1e-05,0.0001,32,15,0.0733,1.2857,1.2233,0.8140,0.6143,nan,nan,nan,nan,0
late,cage,0,4,resnet,False,none,lr,1e-05,0.0001,32,16,0.0535,1.3695,1.2932,0.8140,0.5893,nan,nan,nan,nan,0
late,cage,0,5,resnet,False,none,lr,1e-05,0.0001,32,1,0.6912,0.7073,0.6879,0.6500,0.4050,nan,nan,nan,nan,0
late,cage,0,5,resnet,False,none,lr,1e-05,0.0001,32,2,0.6754,0.6864,0.6907,0.5500,0.5986,nan,nan,nan,nan,0
late,cage,0,5,resnet,False,none,lr,1e-05,0.0001,32,3,0.6589,0.6987,0.7137,0.3250,0.3943,nan,nan,nan,nan,0
late,cage,0,5,resnet,False,none,lr,1e-05,0.0001,32,4,0.6334,0.7023,0.6880,0.5500,0.5018,nan,nan,nan,nan,0
late,cage,0,5,resnet,False,none,lr,1e-05,0.0001,32,5,0.5771,0.9546,0.7579,0.7750,0.3477,nan,nan,nan,nan,1
late,cage,0,5,resnet,False,none,lr,1e-05,0.0001,32,6,0.4986,0.7905,0.7486,0.6750,0.4265,nan,nan,nan,nan,0
late,cage,0,5,resnet,False,none,lr,1e-05,0.0001,32,7,0.4055,0.8728,0.8200,0.6250,0.3943,nan,nan,nan,nan,0
late,cage,0,5,resnet,False,none,lr,1e-05,0.0001,32,8,0.3344,1.0080,0.8560,0.6500,0.4910,nan,nan,nan,nan,0
late,cage,0,5,resnet,False,none,lr,1e-05,0.0001,32,9,0.2752,1.1764,0.9102,0.6750,0.3871,nan,nan,nan,nan,0
late,cage,0,5,resnet,False,none,lr,1e-05,0.0001,32,10,0.2047,1.2852,0.9943,0.7000,0.4516,nan,nan,nan,nan,0
late,cage,0,5,resnet,False,none,lr,1e-05,0.0001,32,11,0.1658,1.1582,1.0062,0.7000,0.4373,nan,nan,nan,nan,0
late,cage,0,5,resnet,False,none,lr,1e-05,0.0001,32,12,0.1280,1.2605,1.0207,0.7000,0.4229,nan,nan,nan,nan,0
late,cage,0,5,resnet,False,none,lr,1e-05,0.0001,32,13,0.1060,1.6844,1.1658,0.7250,0.4767,nan,nan,nan,nan,0
late,cage,0,5,resnet,False,none,lr,1e-05,0.0001,32,14,0.0832,1.6664,1.1654,0.7250,0.4767,nan,nan,nan,nan,0
late,cage,0,5,resnet,False,none,lr,1e-05,0.0001,32,15,0.0592,1.7322,1.2335,0.7250,0.4158,nan,nan,nan,nan,0
late,cage,0,5,resnet,False,none,lr,1e-05,0.0001,32,16,0.0526,1.9785,1.3462,0.7500,0.4875,1.4263,1.0782,0.8372,0.7024,1
late,cage,0,5,resnet,False,none,lr,1e-05,0.0001,32,17,0.0480,1.9372,1.3390,0.7250,0.4229,nan,nan,nan,nan,0
late,cage,0,5,resnet,False,none,lr,1e-05,0.0001,32,18,0.0386,2.2687,1.5051,0.7750,0.4552,nan,nan,nan,nan,0
late,cage,0,5,resnet,False,none,lr,1e-05,0.0001,32,19,0.0370,2.0140,1.3871,0.7250,0.4409,nan,nan,nan,nan,0
late,cage,0,5,resnet,False,none,lr,1e-05,0.0001,32,20,0.0287,1.9388,1.3736,0.7250,0.4480,nan,nan,nan,nan,0
late,cage,0,5,resnet,False,none,lr,1e-05,0.0001,32,21,0.0344,1.7612,1.4524,0.6750,0.3871,nan,nan,nan,nan,0
late,cage,0,6,resnet,False,none,lr,1e-05,0.0001,32,1,0.6951,0.6931,0.7115,0.1951,0.6524,nan,nan,nan,nan,0
late,cage,0,6,resnet,False,none,lr,1e-05,0.0001,32,2,0.6799,0.6818,0.6781,0.6829,0.6524,nan,nan,nan,nan,0
late,cage,0,6,resnet,False,none,lr,1e-05,0.0001,32,3,0.6635,0.6885,0.6579,0.8537,0.5476,nan,nan,nan,nan,0
late,cage,0,6,resnet,False,none,lr,1e-05,0.0001,32,4,0.6415,0.7274,0.6519,0.8537,0.4762,nan,nan,nan,nan,0
late,cage,0,6,resnet,False,none,lr,1e-05,0.0001,32,5,0.5942,0.7622,0.6599,0.8537,0.5190,0.7082,0.6120,0.8372,0.7302,1
late,cage,0,6,resnet,False,none,lr,1e-05,0.0001,32,6,0.5269,0.7215,0.7214,0.6829,0.5143,nan,nan,nan,nan,0
late,cage,0,6,resnet,False,none,lr,1e-05,0.0001,32,7,0.4341,0.7939,0.7707,0.7805,0.5333,nan,nan,nan,nan,0
late,cage,0,6,resnet,False,none,lr,1e-05,0.0001,32,8,0.3725,0.8249,0.7839,0.8049,0.5905,nan,nan,nan,nan,0
late,cage,0,6,resnet,False,none,lr,1e-05,0.0001,32,9,0.3052,1.0522,0.8709,0.8537,0.5238,nan,nan,nan,nan,0
late,cage,0,6,resnet,False,none,lr,1e-05,0.0001,32,10,0.2509,0.9602,0.8563,0.7805,0.5238,nan,nan,nan,nan,0
late,cage,0,6,resnet,False,none,lr,1e-05,0.0001,32,11,0.1952,1.2662,1.0056,0.8537,0.5476,nan,nan,nan,nan,0
late,cage,0,6,resnet,False,none,lr,1e-05,0.0001,32,12,0.1538,1.1289,1.0078,0.8049,0.4381,nan,nan,nan,nan,0
late,cage,0,6,resnet,False,none,lr,1e-05,0.0001,32,13,0.1225,1.3237,1.0415,0.8537,0.5048,nan,nan,nan,nan,0
late,cage,0,6,resnet,False,none,lr,1e-05,0.0001,32,14,0.1040,1.5713,1.1691,0.8537,0.4762,nan,nan,nan,nan,0
late,cage,0,6,resnet,False,none,lr,1e-05,0.0001,32,15,0.0863,1.4275,1.1128,0.8537,0.5095,nan,nan,nan,nan,0
late,cage,0,6,resnet,False,none,lr,1e-05,0.0001,32,16,0.0672,1.4822,1.1222,0.8537,0.4857,nan,nan,nan,nan,0
late,cage,0,7,resnet,False,none,lr,1e-05,0.0001,32,1,0.6922,0.7025,0.6513,0.7955,0.5556,nan,nan,nan,nan,0
late,cage,0,7,resnet,False,none,lr,1e-05,0.0001,32,2,0.6754,0.6903,0.7126,0.2727,0.6181,nan,nan,nan,nan,0
late,cage,0,7,resnet,False,none,lr,1e-05,0.0001,32,3,0.6608,0.7192,0.6354,0.8182,0.5174,nan,nan,nan,nan,0
late,cage,0,7,resnet,False,none,lr,1e-05,0.0001,32,4,0.6355,0.7100,0.7885,0.2500,0.5382,nan,nan,nan,nan,0
late,cage,0,7,resnet,False,none,lr,1e-05,0.0001,32,5,0.5964,0.7526,0.6280,0.8182,0.5799,nan,nan,nan,nan,1
late,cage,0,7,resnet,False,none,lr,1e-05,0.0001,32,6,0.5356,0.6946,0.6717,0.8182,0.6528,nan,nan,nan,nan,1
late,cage,0,7,resnet,False,none,lr,1e-05,0.0001,32,7,0.4612,0.7784,0.6858,0.7955,0.6354,nan,nan,nan,nan,0
late,cage,0,7,resnet,False,none,lr,1e-05,0.0001,32,8,0.3960,0.9056,0.6819,0.8182,0.6389,nan,nan,nan,nan,1
late,cage,0,7,resnet,False,none,lr,1e-05,0.0001,32,9,0.3414,0.8073,0.7537,0.7727,0.5903,nan,nan,nan,nan,1
late,cage,0,7,resnet,False,none,lr,1e-05,0.0001,32,10,0.2864,0.7525,0.7911,0.7955,0.6528,nan,nan,nan,nan,1
late,cage,0,7,resnet,False,none,lr,1e-05,0.0001,32,11,0.2285,0.7950,0.7926,0.7727,0.6562,nan,nan,nan,nan,0
late,cage,0,7,resnet,False,none,lr,1e-05,0.0001,32,12,0.1909,1.5549,0.9183,0.8182,0.6424,nan,nan,nan,nan,0
late,cage,0,7,resnet,False,none,lr,1e-05,0.0001,32,13,0.1532,1.0263,0.8311,0.8182,0.7049,nan,nan,nan,nan,1
late,cage,0,7,resnet,False,none,lr,1e-05,0.0001,32,14,0.1227,1.5591,0.9443,0.8182,0.6597,1.5109,1.1251,0.8372,0.6389,1
late,cage,0,7,resnet,False,none,lr,1e-05,0.0001,32,15,0.0950,1.2615,0.9562,0.8182,0.6424,nan,nan,nan,nan,0
late,cage,0,7,resnet,False,none,lr,1e-05,0.0001,32,16,0.0826,0.6910,1.0519,0.6591,0.6667,nan,nan,nan,nan,0
late,cage,0,7,resnet,False,none,lr,1e-05,0.0001,32,17,0.0773,1.1112,1.0331,0.7955,0.5903,nan,nan,nan,nan,0
late,cage,0,7,resnet,False,none,lr,1e-05,0.0001,32,18,0.0598,1.9337,1.1430,0.8182,0.6701,nan,nan,nan,nan,0
late,cage,0,7,resnet,False,none,lr,1e-05,0.0001,32,19,0.0528,0.9539,0.9508,0.8182,0.7292,nan,nan,nan,nan,0
late,cage,0,8,resnet,False,none,lr,1e-05,0.0001,32,1,0.6926,0.7107,0.6776,0.8298,0.3269,nan,nan,nan,nan,0
late,cage,0,8,resnet,False,none,lr,1e-05,0.0001,32,2,0.6700,0.7230,0.6522,0.8085,0.3974,nan,nan,nan,nan,0
late,cage,0,8,resnet,False,none,lr,1e-05,0.0001,32,3,0.6487,0.7287,0.7410,0.4468,0.3750,nan,nan,nan,nan,0
late,cage,0,8,resnet,False,none,lr,1e-05,0.0001,32,4,0.6105,0.7247,0.6804,0.7234,0.5160,nan,nan,nan,nan,0
late,cage,0,8,resnet,False,none,lr,1e-05,0.0001,32,5,0.5522,0.9191,0.6735,0.8085,0.4904,nan,nan,nan,nan,1
late,cage,0,8,resnet,False,none,lr,1e-05,0.0001,32,6,0.4730,0.9453,0.7065,0.8085,0.5385,nan,nan,nan,nan,1
late,cage,0,8,resnet,False,none,lr,1e-05,0.0001,32,7,0.3941,1.0572,0.7491,0.8085,0.5128,nan,nan,nan,nan,1
late,cage,0,8,resnet,False,none,lr,1e-05,0.0001,32,8,0.3126,1.0701,0.8642,0.7447,0.4904,nan,nan,nan,nan,1
late,cage,0,8,resnet,False,none,lr,1e-05,0.0001,32,9,0.2482,1.4592,0.8801,0.8298,0.5609,nan,nan,nan,nan,1
late,cage,0,8,resnet,False,none,lr,1e-05,0.0001,32,10,0.1887,1.6294,0.9979,0.8298,0.5064,nan,nan,nan,nan,0
late,cage,0,8,resnet,False,none,lr,1e-05,0.0001,32,11,0.1449,1.2801,0.9984,0.8085,0.5000,nan,nan,nan,nan,0
late,cage,0,8,resnet,False,none,lr,1e-05,0.0001,32,12,0.1229,1.5443,1.0254,0.8298,0.5385,nan,nan,nan,nan,0
late,cage,0,8,resnet,False,none,lr,1e-05,0.0001,32,13,0.0859,1.5896,1.0762,0.8085,0.5096,nan,nan,nan,nan,0
late,cage,0,8,resnet,False,none,lr,1e-05,0.0001,32,14,0.0716,0.9505,1.1666,0.6809,0.5353,nan,nan,nan,nan,0
late,cage,0,8,resnet,False,none,lr,1e-05,0.0001,32,15,0.0527,1.6838,1.1609,0.8085,0.5321,nan,nan,nan,nan,0
late,cage,0,8,resnet,False,none,lr,1e-05,0.0001,32,16,0.0473,1.6797,1.2182,0.8085,0.5449,1.0843,1.0429,0.8140,0.7540,1
late,cage,0,8,resnet,False,none,lr,1e-05,0.0001,32,17,0.0382,2.0651,1.2763,0.8298,0.5032,nan,nan,nan,nan,0
late,cage,0,8,resnet,False,none,lr,1e-05,0.0001,32,18,0.0309,1.9396,1.2334,0.8298,0.5224,nan,nan,nan,nan,0
late,cage,0,8,resnet,False,none,lr,1e-05,0.0001,32,19,0.0266,1.9763,1.2701,0.8298,0.5128,nan,nan,nan,nan,0
late,cage,0,8,resnet,False,none,lr,1e-05,0.0001,32,20,0.0267,2.0946,1.3472,0.8085,0.5064,nan,nan,nan,nan,0
late,cage,0,8,resnet,False,none,lr,1e-05,0.0001,32,21,0.0235,2.1302,1.3663,0.8298,0.5353,nan,nan,nan,nan,0
late,cage,0,9,resnet,False,none,lr,1e-05,0.0001,32,1,0.6900,0.7006,0.6813,0.7857,0.5084,nan,nan,nan,nan,0
late,cage,0,9,resnet,False,none,lr,1e-05,0.0001,32,2,0.6736,0.6921,0.6647,0.8333,0.6667,nan,nan,nan,nan,0
late,cage,0,9,resnet,False,none,lr,1e-05,0.0001,32,3,0.6592,0.6752,0.6981,0.5952,0.6330,nan,nan,nan,nan,0
late,cage,0,9,resnet,False,none,lr,1e-05,0.0001,32,4,0.6317,0.7183,0.7096,0.5952,0.4478,nan,nan,nan,nan,0
late,cage,0,9,resnet,False,none,lr,1e-05,0.0001,32,5,0.5825,0.8432,0.7386,0.7143,0.4040,0.6776,0.6353,0.8372,0.6468,1
late,cage,0,9,resnet,False,none,lr,1e-05,0.0001,32,6,0.5170,0.9008,0.8192,0.6667,0.3569,nan,nan,nan,nan,0
late,cage,0,9,resnet,False,none,lr,1e-05,0.0001,32,7,0.4336,0.9734,0.8909,0.6429,0.4040,nan,nan,nan,nan,0
late,cage,0,9,resnet,False,none,lr,1e-05,0.0001,32,8,0.3566,1.0465,1.0265,0.6190,0.4141,nan,nan,nan,nan,0
late,cage,0,9,resnet,False,none,lr,1e-05,0.0001,32,9,0.2986,1.4096,1.0047,0.7857,0.4343,nan,nan,nan,nan,0
late,cage,0,9,resnet,False,none,lr,1e-05,0.0001,32,10,0.2458,1.5266,1.1007,0.7857,0.4747,nan,nan,nan,nan,0
late,cage,0,9,resnet,False,none,lr,1e-05,0.0001,32,11,0.2062,1.4592,1.1082,0.7381,0.4007,nan,nan,nan,nan,0
late,cage,0,9,resnet,False,none,lr,1e-05,0.0001,32,12,0.1577,1.5266,1.0605,0.7857,0.4781,nan,nan,nan,nan,0
late,cage,0,9,resnet,False,none,lr,1e-05,0.0001,32,13,0.1202,1.6153,1.1150,0.7857,0.4613,nan,nan,nan,nan,0
late,cage,0,9,resnet,False,none,lr,1e-05,0.0001,32,14,0.1033,1.5450,1.1660,0.7619,0.4747,nan,nan,nan,nan,0
late,cage,0,9,resnet,False,none,lr,1e-05,0.0001,32,15,0.0812,1.4812,1.1637,0.7381,0.4411,nan,nan,nan,nan,0
late,cage,0,9,resnet,False,none,lr,1e-05,0.0001,32,16,0.0553,1.3167,1.1511,0.7381,0.4882,nan,nan,nan,nan,0
late,cage,1,0,resnet,False,none,lr,1e-05,0.0001,32,1,0.6950,0.7009,0.6804,0.8372,0.2778,nan,nan,nan,nan,0
late,cage,1,0,resnet,False,none,lr,1e-05,0.0001,32,2,0.6831,0.7039,0.6870,0.8372,0.3294,nan,nan,nan,nan,0
late,cage,1,0,resnet,False,none,lr,1e-05,0.0001,32,3,0.6741,0.6993,0.6959,0.5814,0.4405,nan,nan,nan,nan,0
late,cage,1,0,resnet,False,none,lr,1e-05,0.0001,32,4,0.6614,0.6986,0.6741,0.7674,0.5119,nan,nan,nan,nan,0
late,cage,1,0,resnet,False,none,lr,1e-05,0.0001,32,5,0.6327,0.6999,0.6475,0.8140,0.6508,nan,nan,nan,nan,1
late,cage,1,0,resnet,False,none,lr,1e-05,0.0001,32,6,0.5691,0.6576,0.6788,0.8372,0.7183,nan,nan,nan,nan,1
late,cage,1,0,resnet,False,none,lr,1e-05,0.0001,32,7,0.4967,0.6520,0.6499,0.8605,0.7183,nan,nan,nan,nan,1
late,cage,1,0,resnet,False,none,lr,1e-05,0.0001,32,8,0.4171,0.9470,0.7472,0.8140,0.5833,nan,nan,nan,nan,1
late,cage,1,0,resnet,False,none,lr,1e-05,0.0001,32,9,0.3480,0.6627,0.7609,0.7907,0.6905,nan,nan,nan,nan,1
late,cage,1,0,resnet,False,none,lr,1e-05,0.0001,32,10,0.2936,0.6550,0.8100,0.7442,0.6349,nan,nan,nan,nan,0
late,cage,1,0,resnet,False,none,lr,1e-05,0.0001,32,11,0.2504,0.8565,0.7778,0.7907,0.6944,nan,nan,nan,nan,0
late,cage,1,0,resnet,False,none,lr,1e-05,0.0001,32,12,0.2055,0.8708,0.7992,0.8140,0.6627,nan,nan,nan,nan,0
late,cage,1,0,resnet,False,none,lr,1e-05,0.0001,32,13,0.1760,0.8284,0.8157,0.7907,0.6706,nan,nan,nan,nan,0
late,cage,1,0,resnet,False,none,lr,1e-05,0.0001,32,14,0.1418,0.9903,0.8308,0.8140,0.6865,nan,nan,nan,nan,0
late,cage,1,0,resnet,False,none,lr,1e-05,0.0001,32,15,0.1193,1.0110,0.8653,0.8140,0.6587,nan,nan,nan,nan,0
late,cage,1,0,resnet,False,none,lr,1e-05,0.0001,32,16,0.1004,1.1574,0.9232,0.8140,0.7183,nan,nan,nan,nan,1
late,cage,1,0,resnet,False,none,lr,1e-05,0.0001,32,17,0.0794,1.0849,0.8995,0.8140,0.7778,nan,nan,nan,nan,1
late,cage,1,0,resnet,False,none,lr,1e-05,0.0001,32,18,0.0696,1.2414,0.9761,0.8140,0.6865,nan,nan,nan,nan,0
late,cage,1,0,resnet,False,none,lr,1e-05,0.0001,32,19,0.0639,1.0786,0.9392,0.8140,0.7579,nan,nan,nan,nan,1
late,cage,1,0,resnet,False,none,lr,1e-05,0.0001,32,20,0.0550,1.0823,0.9700,0.8140,0.7024,1.0325,0.9098,0.7907,0.6667,1
late,cage,1,0,resnet,False,none,lr,1e-05,0.0001,32,21,0.0488,1.4833,1.0946,0.8372,0.7222,nan,nan,nan,nan,0
late,cage,1,0,resnet,False,none,lr,1e-05,0.0001,32,22,0.0485,1.1229,1.0260,0.8140,0.6905,nan,nan,nan,nan,0
late,cage,1,0,resnet,False,none,lr,1e-05,0.0001,32,23,0.0372,1.4611,1.1055,0.8372,0.7500,nan,nan,nan,nan,0
late,cage,1,0,resnet,False,none,lr,1e-05,0.0001,32,24,0.0328,1.4644,1.1391,0.8372,0.7063,nan,nan,nan,nan,0
late,cage,1,0,resnet,False,none,lr,1e-05,0.0001,32,25,0.0424,1.1265,1.1111,0.8140,0.6468,nan,nan,nan,nan,0
late,cage,1,2,resnet,False,none,lr,1e-05,0.0001,32,1,0.6917,0.7009,0.7102,0.2857,0.4265,nan,nan,nan,nan,0
late,cage,1,2,resnet,False,none,lr,1e-05,0.0001,32,2,0.6772,0.7162,0.6811,0.7143,0.4154,nan,nan,nan,nan,0
late,cage,1,2,resnet,False,none,lr,1e-05,0.0001,32,3,0.6593,0.7053,0.6755,0.7857,0.4485,nan,nan,nan,nan,0
late,cage,1,2,resnet,False,none,lr,1e-05,0.0001,32,4,0.6312,0.7483,0.8203,0.2857,0.3529,nan,nan,nan,nan,0
late,cage,1,2,resnet,False,none,lr,1e-05,0.0001,32,5,0.5856,0.7308,0.8049,0.4048,0.4449,nan,nan,nan,nan,1
late,cage,1,2,resnet,False,none,lr,1e-05,0.0001,32,6,0.5174,0.7244,0.6903,0.7619,0.5588,nan,nan,nan,nan,1
late,cage,1,2,resnet,False,none,lr,1e-05,0.0001,32,7,0.4306,0.8048,0.7166,0.8095,0.6618,nan,nan,nan,nan,1
late,cage,1,2,resnet,False,none,lr,1e-05,0.0001,32,8,0.3725,0.8281,0.7586,0.7619,0.6066,nan,nan,nan,nan,1
late,cage,1,2,resnet,False,none,lr,1e-05,0.0001,32,9,0.3018,0.8758,0.7708,0.8095,0.6287,nan,nan,nan,nan,1
late,cage,1,2,resnet,False,none,lr,1e-05,0.0001,32,10,0.2467,0.9209,0.7649,0.8095,0.6471,nan,nan,nan,nan,1
late,cage,1,2,resnet,False,none,lr,1e-05,0.0001,32,11,0.2138,0.9274,0.8195,0.7857,0.6471,nan,nan,nan,nan,1
late,cage,1,2,resnet,False,none,lr,1e-05,0.0001,32,12,0.1643,0.9161,0.7980,0.8095,0.6654,nan,nan,nan,nan,0
late,cage,1,2,resnet,False,none,lr,1e-05,0.0001,32,13,0.1278,0.9218,0.8869,0.7381,0.5993,nan,nan,nan,nan,0
late,cage,1,2,resnet,False,none,lr,1e-05,0.0001,32,14,0.1164,0.9638,0.9018,0.7381,0.6765,0.9774,0.9135,0.7907,0.6151,1
late,cage,1,2,resnet,False,none,lr,1e-05,0.0001,32,15,0.0913,1.0493,0.9272,0.7857,0.5625,nan,nan,nan,nan,0
late,cage,1,2,resnet,False,none,lr,1e-05,0.0001,32,16,0.0663,1.0311,0.9555,0.7857,0.6140,nan,nan,nan,nan,0
late,cage,1,2,resnet,False,none,lr,1e-05,0.0001,32,17,0.0584,1.1512,1.0054,0.7619,0.5919,nan,nan,nan,nan,0
late,cage,1,2,resnet,False,none,lr,1e-05,0.0001,32,18,0.0477,1.0601,1.0236,0.7619,0.7022,nan,nan,nan,nan,0
late,cage,1,2,resnet,False,none,lr,1e-05,0.0001,32,19,0.0413,1.5787,1.1103,0.8095,0.5882,nan,nan,nan,nan,0
late,cage,1,3,resnet,False,none,lr,1e-05,0.0001,32,1,0.6922,0.6947,0.6865,0.5952,0.4898,nan,nan,nan,nan,0
late,cage,1,3,resnet,False,none,lr,1e-05,0.0001,32,2,0.6773,0.6912,0.6626,0.7857,0.5551,nan,nan,nan,nan,0
late,cage,1,3,resnet,False,none,lr,1e-05,0.0001,32,3,0.6618,0.7013,0.6538,0.8095,0.4857,nan,nan,nan,nan,0
late,cage,1,3,resnet,False,none,lr,1e-05,0.0001,32,4,0.6320,0.7263,0.6437,0.8333,0.5143,nan,nan,nan,nan,0
late,cage,1,3,resnet,False,none,lr,1e-05,0.0001,32,5,0.5868,0.6940,0.6434,0.7857,0.6082,nan,nan,nan,nan,1
late,cage,1,3,resnet,False,none,lr,1e-05,0.0001,32,6,0.5055,0.7277,0.6909,0.8095,0.6694,nan,nan,nan,nan,1
late,cage,1,3,resnet,False,none,lr,1e-05,0.0001,32,7,0.4285,0.7104,0.7713,0.6667,0.5184,nan,nan,nan,nan,0
late,cage,1,3,resnet,False,none,lr,1e-05,0.0001,32,8,0.3475,0.8641,0.7790,0.8095,0.5796,nan,nan,nan,nan,1
late,cage,1,3,resnet,False,none,lr,1e-05,0.0001,32,9,0.2800,0.7911,0.8894,0.7381,0.5429,0.6405,0.7048,0.7907,0.7619,1
late,cage,1,3,resnet,False,none,lr,1e-05,0.0001,32,10,0.2236,0.8913,0.8899,0.7619,0.5429,nan,nan,nan,nan,0
late,cage,1,3,resnet,False,none,lr,1e-05,0.0001,32,11,0.1774,0.9621,0.9538,0.8095,0.5347,nan,nan,nan,nan,0
late,cage,1,3,resnet,False,none,lr,1e-05,0.0001,32,12,0.1439,1.0677,0.9919,0.7857,0.5959,nan,nan,nan,nan,0
late,cage,1,3,resnet,False,none,lr,1e-05,0.0001,32,13,0.1083,0.9007,1.0191,0.7619,0.5224,nan,nan,nan,nan,0
late,cage,1,3,resnet,False,none,lr,1e-05,0.0001,32,14,0.0906,1.4147,1.1164,0.8095,0.4490,nan,nan,nan,nan,0
late,cage,1,3,resnet,False,none,lr,1e-05,0.0001,32,15,0.0716,1.5144,1.1669,0.8333,0.5224,nan,nan,nan,nan,0
late,cage,1,3,resnet,False,none,lr,1e-05,0.0001,32,16,0.0602,1.2890,1.1439,0.8095,0.4041,nan,nan,nan,nan,0
late,cage,1,4,resnet,False,none,lr,1e-05,0.0001,32,1,0.6986,0.7045,0.6846,0.7674,0.4107,nan,nan,nan,nan,0
late,cage,1,4,resnet,False,none,lr,1e-05,0.0001,32,2,0.6782,0.6999,0.6869,0.6744,0.5179,nan,nan,nan,nan,0
late,cage,1,4,resnet,False,none,lr,1e-05,0.0001,32,3,0.6593,0.6873,0.7135,0.3023,0.5750,nan,nan,nan,nan,0
late,cage,1,4,resnet,False,none,lr,1e-05,0.0001,32,4,0.6284,0.7579,0.7060,0.7674,0.4536,nan,nan,nan,nan,0
late,cage,1,4,resnet,False,none,lr,1e-05,0.0001,32,5,0.5759,0.6974,0.7082,0.6512,0.5821,nan,nan,nan,nan,1
late,cage,1,4,resnet,False,none,lr,1e-05,0.0001,32,6,0.5017,0.7846,0.7856,0.6744,0.5143,nan,nan,nan,nan,1
late,cage,1,4,resnet,False,none,lr,1e-05,0.0001,32,7,0.4160,0.9557,0.8544,0.7907,0.5071,nan,nan,nan,nan,0
late,cage,1,4,resnet,False,none,lr,1e-05,0.0001,32,8,0.3355,0.8110,0.8139,0.7442,0.5679,nan,nan,nan,nan,0
late,cage,1,4,resnet,False,none,lr,1e-05,0.0001,32,9,0.2788,1.1049,0.9830,0.7907,0.5357,nan,nan,nan,nan,1
late,cage,1,4,resnet,False,none,lr,1e-05,0.0001,32,10,0.2105,0.9845,0.9646,0.7674,0.5607,nan,nan,nan,nan,0
late,cage,1,4,resnet,False,none,lr,1e-05,0.0001,32,11,0.1727,1.4578,1.1698,0.8140,0.5571,nan,nan,nan,nan,0
late,cage,1,4,resnet,False,none,lr,1e-05,0.0001,32,12,0.1214,1.5661,1.2829,0.8140,0.5964,nan,nan,nan,nan,1
late,cage,1,4,resnet,False,none,lr,1e-05,0.0001,32,13,0.1086,1.6156,1.3028,0.8140,0.5750,nan,nan,nan,nan,0
late,cage,1,4,resnet,False,none,lr,1e-05,0.0001,32,14,0.0807,1.7446,1.3940,0.8140,0.5714,nan,nan,nan,nan,1
late,cage,1,4,resnet,False,none,lr,1e-05,0.0001,32,15,0.0665,1.5378,1.2755,0.8140,0.6214,nan,nan,nan,nan,1
late,cage,1,4,resnet,False,none,lr,1e-05,0.0001,32,16,0.0622,1.4758,1.2931,0.8140,0.6179,nan,nan,nan,nan,1
late,cage,1,4,resnet,False,none,lr,1e-05,0.0001,32,17,0.0538,1.5952,1.3755,0.8140,0.5893,nan,nan,nan,nan,0
late,cage,1,4,resnet,False,none,lr,1e-05,0.0001,32,18,0.0333,1.9837,1.5665,0.8140,0.5714,nan,nan,nan,nan,0
late,cage,1,4,resnet,False,none,lr,1e-05,0.0001,32,19,0.0232,1.7568,1.4591,0.8140,0.6321,1.5180,1.0527,0.8372,0.6905,1
late,cage,1,4,resnet,False,none,lr,1e-05,0.0001,32,20,0.0241,2.1464,1.6618,0.8140,0.5964,nan,nan,nan,nan,0
late,cage,1,4,resnet,False,none,lr,1e-05,0.0001,32,21,0.0263,1.7522,1.4603,0.8140,0.5643,nan,nan,nan,nan,0
late,cage,1,4,resnet,False,none,lr,1e-05,0.0001,32,22,0.0176,1.7979,1.4934,0.8140,0.6214,nan,nan,nan,nan,0
late,cage,1,4,resnet,False,none,lr,1e-05,0.0001,32,23,0.0284,1.5266,1.4089,0.7907,0.5571,nan,nan,nan,nan,0
late,cage,1,4,resnet,False,none,lr,1e-05,0.0001,32,24,0.0219,2.9577,2.2408,0.8140,0.6143,nan,nan,nan,nan,0
late,cage,1,5,resnet,False,none,lr,1e-05,0.0001,32,1,0.6943,0.7062,0.6828,0.7250,0.4086,nan,nan,nan,nan,0
late,cage,1,5,resnet,False,none,lr,1e-05,0.0001,32,2,0.6804,0.7129,0.6954,0.5750,0.3082,nan,nan,nan,nan,0
late,cage,1,5,resnet,False,none,lr,1e-05,0.0001,32,3,0.6646,0.7363,0.6673,0.7750,0.4229,nan,nan,nan,nan,0
late,cage,1,5,resnet,False,none,lr,1e-05,0.0001,32,4,0.6314,0.7163,0.7031,0.6000,0.4552,nan,nan,nan,nan,0
late,cage,1,5,resnet,False,none,lr,1e-05,0.0001,32,5,0.5738,0.7329,0.8154,0.3000,0.3692,nan,nan,nan,nan,1
late,cage,1,5,resnet,False,none,lr,1e-05,0.0001,32,6,0.4885,0.9983,0.7699,0.7750,0.4158,nan,nan,nan,nan,0
late,cage,1,5,resnet,False,none,lr,1e-05,0.0001,32,7,0.4073,0.9028,0.7813,0.7000,0.4014,nan,nan,nan,nan,1
late,cage,1,5,resnet,False,none,lr,1e-05,0.0001,32,8,0.3343,0.8719,0.8444,0.6500,0.4086,nan,nan,nan,nan,0
late,cage,1,5,resnet,False,none,lr,1e-05,0.0001,32,9,0.2696,1.1255,0.8855,0.7500,0.4552,nan,nan,nan,nan,0
late,cage,1,5,resnet,False,none,lr,1e-05,0.0001,32,10,0.2245,1.2438,0.9367,0.7750,0.4050,nan,nan,nan,nan,0
late,cage,1,5,resnet,False,none,lr,1e-05,0.0001,32,11,0.1795,1.3795,1.0145,0.8000,0.4229,0.8835,0.7466,0.8372,0.6706,1
late,cage,1,5,resnet,False,none,lr,1e-05,0.0001,32,12,0.1485,1.3683,1.0107,0.7750,0.4014,nan,nan,nan,nan,0
late,cage,1,5,resnet,False,none,lr,1e-05,0.0001,32,13,0.1239,1.7711,1.1724,0.7750,0.3978,nan,nan,nan,nan,0
late,cage,1,5,resnet,False,none,lr,1e-05,0.0001,32,14,0.0848,1.8582,1.2164,0.7750,0.4373,nan,nan,nan,nan,0
late,cage,1,5,resnet,False,none,lr,1e-05,0.0001,32,15,0.0740,1.9198,1.2313,0.7750,0.4265,nan,nan,nan,nan,0
late,cage,1,5,resnet,False,none,lr,1e-05,0.0001,32,16,0.0647,1.8077,1.2010,0.7750,0.4265,nan,nan,nan,nan,0
late,cage,1,6,resnet,False,none,lr,1e-05,0.0001,32,1,0.7086,0.6891,0.6762,0.8537,0.5190,nan,nan,nan,nan,0
late,cage,1,6,resnet,False,none,lr,1e-05,0.0001,32,2,0.6853,0.6909,0.6812,0.7317,0.5000,nan,nan,nan,nan,0
late,cage,1,6,resnet,False,none,lr,1e-05,0.0001,32,3,0.6742,0.6833,0.6765,0.7805,0.6524,nan,nan,nan,nan,0
late,cage,1,6,resnet,False,none,lr,1e-05,0.0001,32,4,0.6557,0.6985,0.7003,0.6585,0.4524,nan,nan,nan,nan,0
late,cage,1,6,resnet,False,none,lr,1e-05,0.0001,32,5,0.6142,0.6802,0.6822,0.7317,0.6000,nan,nan,nan,nan,1
late,cage,1,6,resnet,False,none,lr,1e-05,0.0001,32,6,0.5408,0.7543,0.7263,0.8049,0.5190,nan,nan,nan,nan,0
late,cage,1,6,resnet,False,none,lr,1e-05,0.0001,32,7,0.4682,0.7478,0.7236,0.7805,0.5476,0.7434,0.7019,0.7674,0.5714,1
late,cage,1,6,resnet,False,none,lr,1e-05,0.0001,32,8,0.3916,0.9776,0.8154,0.8293,0.4762,nan,nan,nan,nan,0
late,cage,1,6,resnet,False,none,lr,1e-05,0.0001,32,9,0.3260,0.9545,0.7942,0.8293,0.4476,nan,nan,nan,nan,0
late,cage,1,6,resnet,False,none,lr,1e-05,0.0001,32,10,0.2824,0.8913,0.7805,0.8293,0.4905,nan,nan,nan,nan,0
late,cage,1,6,resnet,False,none,lr,1e-05,0.0001,32,11,0.2249,1.0520,0.8601,0.8537,0.4095,nan,nan,nan,nan,0
late,cage,1,6,resnet,False,none,lr,1e-05,0.0001,32,12,0.1892,1.0256,0.8804,0.8293,0.3619,nan,nan,nan,nan,0
late,cage,1,6,resnet,False,none,lr,1e-05,0.0001,32,13,0.1547,1.2015,0.9058,0.8537,0.4000,nan,nan,nan,nan,0
late,cage,1,6,resnet,False,none,lr,1e-05,0.0001,32,14,0.1313,1.0407,0.8621,0.8293,0.4524,nan,nan,nan,nan,0
late,cage,1,6,resnet,False,none,lr,1e-05,0.0001,32,15,0.1086,1.0239,0.9264,0.8293,0.3905,nan,nan,nan,nan,0
late,cage,1,6,resnet,False,none,lr,1e-05,0.0001,32,16,0.0906,1.2894,0.9571,0.8537,0.4524,nan,nan,nan,nan,0
late,cage,1,7,resnet,False,none,lr,1e-05,0.0001,32,1,0.6955,0.6990,0.6749,0.7727,0.4375,nan,nan,nan,nan,0
late,cage,1,7,resnet,False,none,lr,1e-05,0.0001,32,2,0.6831,0.6995,0.6830,0.5682,0.4549,nan,nan,nan,nan,0
late,cage,1,7,resnet,False,none,lr,1e-05,0.0001,32,3,0.6731,0.7066,0.6990,0.5909,0.4444,nan,nan,nan,nan,0
late,cage,1,7,resnet,False,none,lr,1e-05,0.0001,32,4,0.6495,0.7149,0.6996,0.7045,0.4097,nan,nan,nan,nan,0
late,cage,1,7,resnet,False,none,lr,1e-05,0.0001,32,5,0.5951,0.7010,0.7924,0.3636,0.5382,nan,nan,nan,nan,1
late,cage,1,7,resnet,False,none,lr,1e-05,0.0001,32,6,0.5216,0.7453,0.6512,0.7955,0.6285,nan,nan,nan,nan,1
late,cage,1,7,resnet,False,none,lr,1e-05,0.0001,32,7,0.4463,0.8662,0.6502,0.8182,0.5938,nan,nan,nan,nan,1
late,cage,1,7,resnet,False,none,lr,1e-05,0.0001,32,8,0.3752,0.7866,0.6606,0.8182,0.6424,nan,nan,nan,nan,1
late,cage,1,7,resnet,False,none,lr,1e-05,0.0001,32,9,0.3182,0.9335,0.6464,0.8182,0.6354,nan,nan,nan,nan,1
late,cage,1,7,resnet,False,none,lr,1e-05,0.0001,32,10,0.2652,0.8242,0.6431,0.8182,0.7118,nan,nan,nan,nan,1
late,cage,1,7,resnet,False,none,lr,1e-05,0.0001,32,11,0.2128,0.7678,0.7391,0.7727,0.6424,nan,nan,nan,nan,0
late,cage,1,7,resnet,False,none,lr,1e-05,0.0001,32,12,0.1763,1.0836,0.7300,0.8182,0.6875,nan,nan,nan,nan,1
late,cage,1,7,resnet,False,none,lr,1e-05,0.0001,32,13,0.1427,0.8448,0.7222,0.8182,0.6806,nan,nan,nan,nan,1
late,cage,1,7,resnet,False,none,lr,1e-05,0.0001,32,14,0.1155,0.7526,0.7637,0.8409,0.6701,nan,nan,nan,nan,1
late,cage,1,7,resnet,False,none,lr,1e-05,0.0001,32,15,0.1016,1.1456,0.7963,0.8182,0.6771,nan,nan,nan,nan,0
late,cage,1,7,resnet,False,none,lr,1e-05,0.0001,32,16,0.0807,1.2268,0.8400,0.8182,0.6076,nan,nan,nan,nan,0
late,cage,1,7,resnet,False,none,lr,1e-05,0.0001,32,17,0.0661,1.1873,0.8006,0.8182,0.6806,nan,nan,nan,nan,0
late,cage,1,7,resnet,False,none,lr,1e-05,0.0001,32,18,0.0524,1.2137,0.8529,0.8182,0.6840,nan,nan,nan,nan,0
late,cage,1,7,resnet,False,none,lr,1e-05,0.0001,32,19,0.0613,1.1371,0.7996,0.8182,0.7917,nan,nan,nan,nan,1
late,cage,1,7,resnet,False,none,lr,1e-05,0.0001,32,20,0.0486,1.1764,0.8587,0.8182,0.7118,nan,nan,nan,nan,1
late,cage,1,7,resnet,False,none,lr,1e-05,0.0001,32,21,0.0435,1.0184,0.8732,0.8182,0.6701,1.0042,0.8816,0.8372,0.7341,1
late,cage,1,7,resnet,False,none,lr,1e-05,0.0001,32,22,0.0399,1.1762,0.9108,0.8182,0.6250,nan,nan,nan,nan,0
late,cage,1,7,resnet,False,none,lr,1e-05,0.0001,32,23,0.0311,1.3413,0.9339,0.8182,0.7326,nan,nan,nan,nan,0
late,cage,1,7,resnet,False,none,lr,1e-05,0.0001,32,24,0.0299,1.1744,0.9796,0.8182,0.6007,nan,nan,nan,nan,0
late,cage,1,7,resnet,False,none,lr,1e-05,0.0001,32,25,0.0282,0.9783,1.0262,0.8182,0.5868,nan,nan,nan,nan,0
late,cage,1,7,resnet,False,none,lr,1e-05,0.0001,32,26,0.0239,1.4866,0.9932,0.8182,0.6528,nan,nan,nan,nan,0
late,cage,1,8,resnet,False,none,lr,1e-05,0.0001,32,1,0.7092,0.7022,0.7073,0.2766,0.3365,nan,nan,nan,nan,0
late,cage,1,8,resnet,False,none,lr,1e-05,0.0001,32,2,0.6777,0.7072,0.7029,0.5532,0.3013,nan,nan,nan,nan,0
late,cage,1,8,resnet,False,none,lr,1e-05,0.0001,32,3,0.6592,0.7169,0.6784,0.7234,0.3686,nan,nan,nan,nan,0
late,cage,1,8,resnet,False,none,lr,1e-05,0.0001,32,4,0.6312,0.7131,0.7242,0.5957,0.4776,nan,nan,nan,nan,0
late,cage,1,8,resnet,False,none,lr,1e-05,0.0001,32,5,0.5876,0.7695,0.7194,0.7021,0.4583,nan,nan,nan,nan,1
late,cage,1,8,resnet,False,none,lr,1e-05,0.0001,32,6,0.5038,0.8201,0.6809,0.7660,0.5256,nan,nan,nan,nan,1
late,cage,1,8,resnet,False,none,lr,1e-05,0.0001,32,7,0.4247,0.7959,0.8109,0.7021,0.4936,nan,nan,nan,nan,1
late,cage,1,8,resnet,False,none,lr,1e-05,0.0001,32,8,0.3431,0.8776,0.8504,0.7021,0.4744,nan,nan,nan,nan,1
late,cage,1,8,resnet,False,none,lr,1e-05,0.0001,32,9,0.2907,0.9103,0.7546,0.8298,0.5833,nan,nan,nan,nan,1
late,cage,1,8,resnet,False,none,lr,1e-05,0.0001,32,10,0.2521,0.9076,0.7955,0.7872,0.5801,nan,nan,nan,nan,1
late,cage,1,8,resnet,False,none,lr,1e-05,0.0001,32,11,0.1937,1.3714,0.8798,0.8298,0.5224,nan,nan,nan,nan,0
late,cage,1,8,resnet,False,none,lr,1e-05,0.0001,32,12,0.1581,1.1304,0.9121,0.7872,0.5032,nan,nan,nan,nan,0
late,cage,1,8,resnet,False,none,lr,1e-05,0.0001,32,13,0.1170,1.4892,0.9455,0.8298,0.5032,1.2485,0.8390,0.8140,0.6667,1
late,cage,1,8,resnet,False,none,lr,1e-05,0.0001,32,14,0.1008,1.4934,0.9758,0.8298,0.5192,nan,nan,nan,nan,0
late,cage,1,8,resnet,False,none,lr,1e-05,0.0001,32,15,0.0847,1.3366,0.9836,0.8298,0.4936,nan,nan,nan,nan,0
late,cage,1,8,resnet,False,none,lr,1e-05,0.0001,32,16,0.0619,1.3464,0.9787,0.8085,0.5769,nan,nan,nan,nan,0
late,cage,1,8,resnet,False,none,lr,1e-05,0.0001,32,17,0.0639,1.4106,1.0438,0.8085,0.5609,nan,nan,nan,nan,0
late,cage,1,8,resnet,False,none,lr,1e-05,0.0001,32,18,0.0631,1.7171,1.0699,0.8298,0.5545,nan,nan,nan,nan,0
late,cage,1,9,resnet,False,none,lr,1e-05,0.0001,32,1,0.6935,0.6965,0.6713,0.7619,0.6296,nan,nan,nan,nan,0
late,cage,1,9,resnet,False,none,lr,1e-05,0.0001,32,2,0.6740,0.6936,0.6989,0.5952,0.5253,nan,nan,nan,nan,0
late,cage,1,9,resnet,False,none,lr,1e-05,0.0001,32,3,0.6528,0.6720,0.7084,0.6190,0.6869,nan,nan,nan,nan,0
late,cage,1,9,resnet,False,none,lr,1e-05,0.0001,32,4,0.6190,0.7084,0.7500,0.5238,0.4646,nan,nan,nan,nan,0
late,cage,1,9,resnet,False,none,lr,1e-05,0.0001,32,5,0.5551,0.7748,0.8380,0.5476,0.4478,0.6514,0.6990,0.6512,0.6627,1
late,cage,1,9,resnet,False,none,lr,1e-05,0.0001,32,6,0.4866,0.6794,0.8940,0.4524,0.5724,nan,nan,nan,nan,0
late,cage,1,9,resnet,False,none,lr,1e-05,0.0001,32,7,0.3907,1.1067,0.9891,0.6905,0.4074,nan,nan,nan,nan,0
late,cage,1,9,resnet,False,none,lr,1e-05,0.0001,32,8,0.3349,1.1470,1.0012,0.6905,0.3771,nan,nan,nan,nan,0
late,cage,1,9,resnet,False,none,lr,1e-05,0.0001,32,9,0.2702,1.5864,1.1813,0.7381,0.3838,nan,nan,nan,nan,0
late,cage,1,9,resnet,False,none,lr,1e-05,0.0001,32,10,0.2172,1.6241,1.2028,0.7381,0.4175,nan,nan,nan,nan,0
late,cage,1,9,resnet,False,none,lr,1e-05,0.0001,32,11,0.1675,1.1066,1.1173,0.6667,0.4377,nan,nan,nan,nan,0
late,cage,1,9,resnet,False,none,lr,1e-05,0.0001,32,12,0.1390,1.2908,1.1742,0.7381,0.4579,nan,nan,nan,nan,0
late,cage,1,9,resnet,False,none,lr,1e-05,0.0001,32,13,0.1007,1.4793,1.2058,0.7619,0.4209,nan,nan,nan,nan,0
late,cage,1,9,resnet,False,none,lr,1e-05,0.0001,32,14,0.0841,1.8453,1.4240,0.7143,0.4613,nan,nan,nan,nan,0
late,cage,1,9,resnet,False,none,lr,1e-05,0.0001,32,15,0.0624,1.4229,1.3113,0.7143,0.4377,nan,nan,nan,nan,0
late,cage,1,9,resnet,False,none,lr,1e-05,0.0001,32,16,0.0587,1.6457,1.4017,0.7381,0.3737,nan,nan,nan,nan,0
late,cage,2,0,resnet,False,none,lr,1e-05,0.0001,32,1,0.6935,0.7029,0.6895,0.7209,0.3135,nan,nan,nan,nan,0
late,cage,2,0,resnet,False,none,lr,1e-05,0.0001,32,2,0.6727,0.6949,0.7459,0.1860,0.5952,nan,nan,nan,nan,0
late,cage,2,0,resnet,False,none,lr,1e-05,0.0001,32,3,0.6570,0.6930,0.6446,0.8372,0.6032,nan,nan,nan,nan,0
late,cage,2,0,resnet,False,none,lr,1e-05,0.0001,32,4,0.6309,0.6858,0.7263,0.5116,0.5952,nan,nan,nan,nan,0
late,cage,2,0,resnet,False,none,lr,1e-05,0.0001,32,5,0.5827,0.7234,0.6358,0.8372,0.6548,nan,nan,nan,nan,1
late,cage,2,0,resnet,False,none,lr,1e-05,0.0001,32,6,0.5135,0.8329,0.7228,0.8140,0.5556,nan,nan,nan,nan,1
late,cage,2,0,resnet,False,none,lr,1e-05,0.0001,32,7,0.4308,0.6888,0.7304,0.7907,0.6548,nan,nan,nan,nan,1
late,cage,2,0,resnet,False,none,lr,1e-05,0.0001,32,8,0.3678,0.7554,0.7966,0.7907,0.6032,nan,nan,nan,nan,0
late,cage,2,0,resnet,False,none,lr,1e-05,0.0001,32,9,0.2981,0.7619,0.7851,0.8605,0.6429,nan,nan,nan,nan,1
late,cage,2,0,resnet,False,none,lr,1e-05,0.0001,32,10,0.2425,0.9108,0.8032,0.8372,0.7183,nan,nan,nan,nan,1
late,cage,2,0,resnet,False,none,lr,1e-05,0.0001,32,11,0.1953,1.0758,0.8732,0.8372,0.6548,nan,nan,nan,nan,1
late,cage,2,0,resnet,False,none,lr,1e-05,0.0001,32,12,0.1538,1.1806,0.9507,0.8372,0.6786,nan,nan,nan,nan,0
late,cage,2,0,resnet,False,none,lr,1e-05,0.0001,32,13,0.1158,1.0264,0.9294,0.8140,0.6587,nan,nan,nan,nan,1
late,cage,2,0,resnet,False,none,lr,1e-05,0.0001,32,14,0.0980,1.0864,0.9497,0.8372,0.6310,nan,nan,nan,nan,0
late,cage,2,0,resnet,False,none,lr,1e-05,0.0001,32,15,0.0863,1.0823,0.9711,0.8372,0.6587,nan,nan,nan,nan,0
late,cage,2,0,resnet,False,none,lr,1e-05,0.0001,32,16,0.0669,1.3902,1.0587,0.8372,0.7143,nan,nan,nan,nan,0
late,cage,2,0,resnet,False,none,lr,1e-05,0.0001,32,17,0.0543,1.1648,1.0334,0.8372,0.7738,nan,nan,nan,nan,1
late,cage,2,0,resnet,False,none,lr,1e-05,0.0001,32,18,0.0481,1.2173,1.0589,0.8372,0.6548,nan,nan,nan,nan,0
late,cage,2,0,resnet,False,none,lr,1e-05,0.0001,32,19,0.0327,1.1277,1.0790,0.8372,0.7341,nan,nan,nan,nan,1
late,cage,2,0,resnet,False,none,lr,1e-05,0.0001,32,20,0.0340,1.4448,1.1487,0.8372,0.7024,1.6129,1.1933,0.7857,0.7022,1
late,cage,2,0,resnet,False,none,lr,1e-05,0.0001,32,21,0.0310,1.2021,1.1214,0.8372,0.6984,nan,nan,nan,nan,0
late,cage,2,0,resnet,False,none,lr,1e-05,0.0001,32,22,0.0214,1.5243,1.1920,0.8372,0.7063,nan,nan,nan,nan,0
late,cage,2,0,resnet,False,none,lr,1e-05,0.0001,32,23,0.0160,1.2311,1.1267,0.8372,0.7183,nan,nan,nan,nan,0
late,cage,2,0,resnet,False,none,lr,1e-05,0.0001,32,24,0.0151,1.5004,1.1748,0.8372,0.7262,nan,nan,nan,nan,0
late,cage,2,0,resnet,False,none,lr,1e-05,0.0001,32,25,0.0148,1.4111,1.2274,0.8372,0.6508,nan,nan,nan,nan,0
late,cage,2,1,resnet,False,none,lr,1e-05,0.0001,32,1,0.7026,0.6880,0.6626,0.8372,0.6825,nan,nan,nan,nan,0
late,cage,2,1,resnet,False,none,lr,1e-05,0.0001,32,2,0.6832,0.6809,0.6651,0.6977,0.6468,nan,nan,nan,nan,0
late,cage,2,1,resnet,False,none,lr,1e-05,0.0001,32,3,0.6741,0.6736,0.6521,0.7907,0.7341,nan,nan,nan,nan,0
late,cage,2,1,resnet,False,none,lr,1e-05,0.0001,32,4,0.6492,0.6667,0.6758,0.6279,0.6706,nan,nan,nan,nan,0
late,cage,2,1,resnet,False,none,lr,1e-05,0.0001,32,5,0.5954,0.6617,0.6572,0.7209,0.6349,nan,nan,nan,nan,1
late,cage,2,1,resnet,False,none,lr,1e-05,0.0001,32,6,0.5139,0.6754,0.6487,0.7442,0.6349,nan,nan,nan,nan,0
late,cage,2,1,resnet,False,none,lr,1e-05,0.0001,32,7,0.4211,0.7201,0.6256,0.7907,0.6429,nan,nan,nan,nan,0
late,cage,2,1,resnet,False,none,lr,1e-05,0.0001,32,8,0.3551,0.6843,0.6636,0.7442,0.6786,nan,nan,nan,nan,0
late,cage,2,1,resnet,False,none,lr,1e-05,0.0001,32,9,0.3036,0.8931,0.6700,0.8140,0.6151,nan,nan,nan,nan,0
late,cage,2,1,resnet,False,none,lr,1e-05,0.0001,32,10,0.2476,0.8406,0.6717,0.8372,0.6508,nan,nan,nan,nan,0
late,cage,2,1,resnet,False,none,lr,1e-05,0.0001,32,11,0.2005,0.8048,0.6989,0.8140,0.6667,nan,nan,nan,nan,0
late,cage,2,1,resnet,False,none,lr,1e-05,0.0001,32,12,0.1660,0.8044,0.7149,0.8140,0.6786,nan,nan,nan,nan,0
late,cage,2,1,resnet,False,none,lr,1e-05,0.0001,32,13,0.1400,0.6763,0.7717,0.7907,0.7262,nan,nan,nan,nan,0
late,cage,2,1,resnet,False,none,lr,1e-05,0.0001,32,14,0.1138,0.7485,0.7543,0.7674,0.6627,nan,nan,nan,nan,0
late,cage,2,1,resnet,False,none,lr,1e-05,0.0001,32,15,0.0899,0.8805,0.7665,0.8372,0.6944,0.9141,0.7944,0.7619,0.7353,1
late,cage,2,1,resnet,False,none,lr,1e-05,0.0001,32,16,0.0777,0.7888,0.8414,0.6977,0.6825,nan,nan,nan,nan,0
late,cage,2,1,resnet,False,none,lr,1e-05,0.0001,32,17,0.0682,0.7885,0.8154,0.7907,0.6548,nan,nan,nan,nan,0
late,cage,2,1,resnet,False,none,lr,1e-05,0.0001,32,18,0.0669,1.1749,0.8333,0.8372,0.6746,nan,nan,nan,nan,0
late,cage,2,1,resnet,False,none,lr,1e-05,0.0001,32,19,0.0661,0.9007,0.8512,0.7907,0.6667,nan,nan,nan,nan,0
late,cage,2,1,resnet,False,none,lr,1e-05,0.0001,32,20,0.0449,0.7551,0.9046,0.7442,0.6905,nan,nan,nan,nan,0
late,cage,2,3,resnet,False,none,lr,1e-05,0.0001,32,1,0.6915,0.6897,0.6814,0.7619,0.5143,nan,nan,nan,nan,0
late,cage,2,3,resnet,False,none,lr,1e-05,0.0001,32,2,0.6778,0.6929,0.6968,0.5714,0.4694,nan,nan,nan,nan,0
late,cage,2,3,resnet,False,none,lr,1e-05,0.0001,32,3,0.6636,0.6873,0.6699,0.7857,0.5918,nan,nan,nan,nan,0
late,cage,2,3,resnet,False,none,lr,1e-05,0.0001,32,4,0.6385,0.6932,0.7357,0.2381,0.5347,nan,nan,nan,nan,0
late,cage,2,3,resnet,False,none,lr,1e-05,0.0001,32,5,0.5882,0.6959,0.7715,0.4524,0.5388,nan,nan,nan,nan,1
late,cage,2,3,resnet,False,none,lr,1e-05,0.0001,32,6,0.5196,0.6873,0.7217,0.5952,0.5755,nan,nan,nan,nan,1
late,cage,2,3,resnet,False,none,lr,1e-05,0.0001,32,7,0.4362,0.6705,0.6638,0.8333,0.6980,nan,nan,nan,nan,1
late,cage,2,3,resnet,False,none,lr,1e-05,0.0001,32,8,0.3649,0.8018,0.7264,0.7619,0.5510,nan,nan,nan,nan,0
late,cage,2,3,resnet,False,none,lr,1e-05,0.0001,32,9,0.2997,0.8064,0.8172,0.7381,0.5388,nan,nan,nan,nan,0
late,cage,2,3,resnet,False,none,lr,1e-05,0.0001,32,10,0.2526,0.7199,0.7802,0.8333,0.6816,0.8136,0.8190,0.7619,0.6507,1
late,cage,2,3,resnet,False,none,lr,1e-05,0.0001,32,11,0.1998,0.9486,0.7919,0.7619,0.6000,nan,nan,nan,nan,0
late,cage,2,3,resnet,False,none,lr,1e-05,0.0001,32,12,0.1752,1.0446,0.8313,0.8095,0.5714,nan,nan,nan,nan,0
late,cage,2,3,resnet,False,none,lr,1e-05,0.0001,32,13,0.1294,0.9335,0.8252,0.7857,0.6245,nan,nan,nan,nan,0
late,cage,2,3,resnet,False,none,lr,1e-05,0.0001,32,14,0.1079,0.9731,0.8677,0.7857,0.5796,nan,nan,nan,nan,0
late,cage,2,3,resnet,False,none,lr,1e-05,0.0001,32,15,0.0910,1.3136,0.9479,0.8095,0.5878,nan,nan,nan,nan,0
late,cage,2,3,resnet,False,none,lr,1e-05,0.0001,32,16,0.0679,1.2038,0.9161,0.8095,0.6204,nan,nan,nan,nan,0
late,cage,2,4,resnet,False,none,lr,1e-05,0.0001,32,1,0.6929,0.6966,0.6810,0.8140,0.5393,nan,nan,nan,nan,0
late,cage,2,4,resnet,False,none,lr,1e-05,0.0001,32,2,0.6795,0.6875,0.6774,0.7907,0.6393,nan,nan,nan,nan,0
late,cage,2,4,resnet,False,none,lr,1e-05,0.0001,32,3,0.6662,0.7130,0.6846,0.7442,0.4643,nan,nan,nan,nan,0
late,cage,2,4,resnet,False,none,lr,1e-05,0.0001,32,4,0.6370,0.7097,0.6810,0.6744,0.5179,nan,nan,nan,nan,0
late,cage,2,4,resnet,False,none,lr,1e-05,0.0001,32,5,0.5843,0.7154,0.6928,0.7674,0.5857,nan,nan,nan,nan,1
late,cage,2,4,resnet,False,none,lr,1e-05,0.0001,32,6,0.5004,0.7448,0.7710,0.5581,0.5000,nan,nan,nan,nan,0
late,cage,2,4,resnet,False,none,lr,1e-05,0.0001,32,7,0.4173,0.6691,0.7900,0.4884,0.6036,nan,nan,nan,nan,0
late,cage,2,4,resnet,False,none,lr,1e-05,0.0001,32,8,0.3530,0.7840,0.8198,0.7907,0.5786,nan,nan,nan,nan,1
late,cage,2,4,resnet,False,none,lr,1e-05,0.0001,32,9,0.2782,1.2404,1.0366,0.8140,0.5107,nan,nan,nan,nan,0
late,cage,2,4,resnet,False,none,lr,1e-05,0.0001,32,10,0.2203,1.0182,0.9456,0.8140,0.6036,nan,nan,nan,nan,0
late,cage,2,4,resnet,False,none,lr,1e-05,0.0001,32,11,0.1737,0.7021,0.9563,0.6047,0.6000,nan,nan,nan,nan,1
late,cage,2,4,resnet,False,none,lr,1e-05,0.0001,32,12,0.1454,1.1260,1.0328,0.8140,0.6214,nan,nan,nan,nan,0
late,cage,2,4,resnet,False,none,lr,1e-05,0.0001,32,13,0.1162,1.2242,1.0831,0.8140,0.6071,nan,nan,nan,nan,1
late,cage,2,4,resnet,False,none,lr,1e-05,0.0001,32,14,0.0909,1.4351,1.2340,0.8140,0.6107,1.3509,0.8970,0.8095,0.6324,1
late,cage,2,4,resnet,False,none,lr,1e-05,0.0001,32,15,0.0757,1.3105,1.1701,0.8140,0.5679,nan,nan,nan,nan,0
late,cage,2,4,resnet,False,none,lr,1e-05,0.0001,32,16,0.0612,1.2352,1.1486,0.8140,0.6000,nan,nan,nan,nan,0
late,cage,2,4,resnet,False,none,lr,1e-05,0.0001,32,17,0.0506,1.4794,1.2830,0.8140,0.5857,nan,nan,nan,nan,0
late,cage,2,4,resnet,False,none,lr,1e-05,0.0001,32,18,0.0478,1.6051,1.3387,0.8140,0.5786,nan,nan,nan,nan,0
late,cage,2,4,resnet,False,none,lr,1e-05,0.0001,32,19,0.0372,1.2704,1.2193,0.8140,0.5929,nan,nan,nan,nan,0
late,cage,2,5,resnet,False,none,lr,1e-05,0.0001,32,1,0.6928,0.7044,0.6768,0.7000,0.5018,nan,nan,nan,nan,0
late,cage,2,5,resnet,False,none,lr,1e-05,0.0001,32,2,0.6796,0.7102,0.6715,0.7250,0.5520,nan,nan,nan,nan,0
late,cage,2,5,resnet,False,none,lr,1e-05,0.0001,32,3,0.6635,0.7323,0.6870,0.7250,0.3871,nan,nan,nan,nan,0
late,cage,2,5,resnet,False,none,lr,1e-05,0.0001,32,4,0.6235,0.7486,0.7143,0.6500,0.3943,nan,nan,nan,nan,0
late,cage,2,5,resnet,False,none,lr,1e-05,0.0001,32,5,0.5501,0.8821,0.6992,0.7750,0.5591,nan,nan,nan,nan,1
late,cage,2,5,resnet,False,none,lr,1e-05,0.0001,32,6,0.4572,0.9872,0.7690,0.7500,0.5305,nan,nan,nan,nan,1
late,cage,2,5,resnet,False,none,lr,1e-05,0.0001,32,7,0.3865,0.8314,0.8472,0.5000,0.4301,nan,nan,nan,nan,0
late,cage,2,5,resnet,False,none,lr,1e-05,0.0001,32,8,0.3192,1.0695,0.8309,0.7250,0.4875,nan,nan,nan,nan,0
late,cage,2,5,resnet,False,none,lr,1e-05,0.0001,32,9,0.2541,0.9272,0.8437,0.7000,0.4982,nan,nan,nan,nan,1
late,cage,2,5,resnet,False,none,lr,1e-05,0.0001,32,10,0.2036,1.0880,0.8538,0.7500,0.5484,nan,nan,nan,nan,0
late,cage,2,5,resnet,False,none,lr,1e-05,0.0001,32,11,0.1583,1.0511,0.8752,0.6750,0.5484,nan,nan,nan,nan,0
late,cage,2,5,resnet,False,none,lr,1e-05,0.0001,32,12,0.1293,1.3703,0.9893,0.7750,0.5090,nan,nan,nan,nan,1
late,cage,2,5,resnet,False,none,lr,1e-05,0.0001,32,13,0.0994,1.4876,1.0313,0.7750,0.5197,1.0816,0.8047,0.8333,0.7132,1
late,cage,2,5,resnet,False,none,lr,1e-05,0.0001,32,14,0.0789,1.7130,1.1546,0.7750,0.5018,nan,nan,nan,nan,0
late,cage,2,5,resnet,False,none,lr,1e-05,0.0001,32,15,0.0700,1.4471,1.1281,0.7250,0.4588,nan,nan,nan,nan,0
late,cage,2,5,resnet,False,none,lr,1e-05,0.0001,32,16,0.0628,1.8571,1.2287,0.7750,0.5305,nan,nan,nan,nan,0
late,cage,2,5,resnet,False,none,lr,1e-05,0.0001,32,17,0.0440,1.9001,1.2875,0.7750,0.4767,nan,nan,nan,nan,0
late,cage,2,5,resnet,False,none,lr,1e-05,0.0001,32,18,0.0422,1.8438,1.2524,0.7750,0.5412,nan,nan,nan,nan,0
late,cage,2,6,resnet,False,none,lr,1e-05,0.0001,32,1,0.6911,0.6882,0.6767,0.8537,0.6095,nan,nan,nan,nan,0
late,cage,2,6,resnet,False,none,lr,1e-05,0.0001,32,2,0.6866,0.6859,0.6728,0.7805,0.6524,nan,nan,nan,nan,0
late,cage,2,6,resnet,False,none,lr,1e-05,0.0001,32,3,0.6795,0.6795,0.6698,0.7073,0.6810,nan,nan,nan,nan,0
late,cage,2,6,resnet,False,none,lr,1e-05,0.0001,32,4,0.6638,0.6882,0.6960,0.7073,0.6143,nan,nan,nan,nan,0
late,cage,2,6,resnet,False,none,lr,1e-05,0.0001,32,5,0.6344,0.6930,0.6620,0.7805,0.5048,0.7071,0.6638,0.7619,0.5993,1
late,cage,2,6,resnet,False,none,lr,1e-05,0.0001,32,6,0.5917,0.6977,0.6862,0.7073,0.4857,nan,nan,nan,nan,0
late,cage,2,6,resnet,False,none,lr,1e-05,0.0001,32,7,0.5405,0.6880,0.7069,0.5366,0.5714,nan,nan,nan,nan,0
late,cage,2,6,resnet,False,none,lr,1e-05,0.0001,32,8,0.4906,0.6982,0.6751,0.7317,0.4810,nan,nan,nan,nan,0
late,cage,2,6,resnet,False,none,lr,1e-05,0.0001,32,9,0.4369,0.7406,0.6518,0.8293,0.5095,nan,nan,nan,nan,0
late,cage,2,6,resnet,False,none,lr,1e-05,0.0001,32,10,0.3822,0.7395,0.6761,0.7805,0.4905,nan,nan,nan,nan,0
late,cage,2,6,resnet,False,none,lr,1e-05,0.0001,32,11,0.3317,0.7392,0.6842,0.7561,0.5095,nan,nan,nan,nan,0
late,cage,2,6,resnet,False,none,lr,1e-05,0.0001,32,12,0.2873,0.7904,0.6668,0.8049,0.5143,nan,nan,nan,nan,0
late,cage,2,6,resnet,False,none,lr,1e-05,0.0001,32,13,0.2410,0.8378,0.7126,0.8049,0.4810,nan,nan,nan,nan,0
late,cage,2,6,resnet,False,none,lr,1e-05,0.0001,32,14,0.2031,0.9547,0.7422,0.8293,0.4714,nan,nan,nan,nan,0
late,cage,2,6,resnet,False,none,lr,1e-05,0.0001,32,15,0.1742,0.8872,0.7219,0.8293,0.5095,nan,nan,nan,nan,0
late,cage,2,6,resnet,False,none,lr,1e-05,0.0001,32,16,0.1522,0.8184,0.8097,0.7073,0.4952,nan,nan,nan,nan,0
late,cage,2,7,resnet,False,none,lr,1e-05,0.0001,32,1,0.6846,0.7080,0.7186,0.3409,0.4062,nan,nan,nan,nan,0
late,cage,2,7,resnet,False,none,lr,1e-05,0.0001,32,2,0.6666,0.7091,0.6946,0.5227,0.4479,nan,nan,nan,nan,0
late,cage,2,7,resnet,False,none,lr,1e-05,0.0001,32,3,0.6443,0.7137,0.6406,0.8182,0.5417,nan,nan,nan,nan,0
late,cage,2,7,resnet,False,none,lr,1e-05,0.0001,32,4,0.6142,0.7044,0.6569,0.7727,0.5347,nan,nan,nan,nan,0
late,cage,2,7,resnet,False,none,lr,1e-05,0.0001,32,5,0.5535,0.7179,0.8488,0.3864,0.4757,nan,nan,nan,nan,1
late,cage,2,7,resnet,False,none,lr,1e-05,0.0001,32,6,0.4696,0.7588,0.6511,0.7955,0.6771,nan,nan,nan,nan,1
late,cage,2,7,resnet,False,none,lr,1e-05,0.0001,32,7,0.4035,0.6537,0.7700,0.6136,0.6771,nan,nan,nan,nan,1
late,cage,2,7,resnet,False,none,lr,1e-05,0.0001,32,8,0.3289,0.7869,0.7558,0.7727,0.6562,nan,nan,nan,nan,1
late,cage,2,7,resnet,False,none,lr,1e-05,0.0001,32,9,0.2764,0.7261,0.7390,0.8182,0.6944,nan,nan,nan,nan,1
late,cage,2,7,resnet,False,none,lr,1e-05,0.0001,32,10,0.2185,1.0641,0.8034,0.8182,0.6840,nan,nan,nan,nan,1
late,cage,2,7,resnet,False,none,lr,1e-05,0.0001,32,11,0.1789,1.0183,0.7994,0.8182,0.7257,nan,nan,nan,nan,1
late,cage,2,7,resnet,False,none,lr,1e-05,0.0001,32,12,0.1350,1.0216,0.8171,0.8182,0.7500,nan,nan,nan,nan,1
late,cage,2,7,resnet,False,none,lr,1e-05,0.0001,32,13,0.1099,1.3929,0.9229,0.8182,0.7326,nan,nan,nan,nan,1
late,cage,2,7,resnet,False,none,lr,1e-05,0.0001,32,14,0.0829,1.1172,0.8289,0.8182,0.7917,nan,nan,nan,nan,1
late,cage,2,7,resnet,False,none,lr,1e-05,0.0001,32,15,0.0731,0.9800,0.8564,0.8182,0.7500,nan,nan,nan,nan,1
late,cage,2,7,resnet,False,none,lr,1e-05,0.0001,32,16,0.0606,0.9854,0.8714,0.8182,0.7882,nan,nan,nan,nan,1
late,cage,2,7,resnet,False,none,lr,1e-05,0.0001,32,17,0.0448,1.3937,0.9882,0.8182,0.7326,nan,nan,nan,nan,0
late,cage,2,7,resnet,False,none,lr,1e-05,0.0001,32,18,0.0436,1.3271,0.9771,0.8182,0.7743,nan,nan,nan,nan,0
late,cage,2,7,resnet,False,none,lr,1e-05,0.0001,32,19,0.0341,1.4184,1.0100,0.8182,0.8229,nan,nan,nan,nan,1
late,cage,2,7,resnet,False,none,lr,1e-05,0.0001,32,20,0.0332,1.5610,1.0443,0.8182,0.8368,1.7543,1.2224,0.8095,0.6066,1
late,cage,2,7,resnet,False,none,lr,1e-05,0.0001,32,21,0.0357,1.8947,1.1667,0.8182,0.7743,nan,nan,nan,nan,0
late,cage,2,7,resnet,False,none,lr,1e-05,0.0001,32,22,0.0253,1.0892,1.0111,0.8182,0.6979,nan,nan,nan,nan,0
late,cage,2,7,resnet,False,none,lr,1e-05,0.0001,32,23,0.0257,1.6151,1.0819,0.8182,0.8125,nan,nan,nan,nan,0
late,cage,2,7,resnet,False,none,lr,1e-05,0.0001,32,24,0.0192,1.5968,1.2037,0.8182,0.6528,nan,nan,nan,nan,0
late,cage,2,7,resnet,False,none,lr,1e-05,0.0001,32,25,0.0173,1.7800,1.2118,0.8182,0.6597,nan,nan,nan,nan,0
late,cage,2,8,resnet,False,none,lr,1e-05,0.0001,32,1,0.6921,0.7068,0.6948,0.5745,0.4038,nan,nan,nan,nan,0
late,cage,2,8,resnet,False,none,lr,1e-05,0.0001,32,2,0.6680,0.7216,0.6654,0.7447,0.4231,nan,nan,nan,nan,0
late,cage,2,8,resnet,False,none,lr,1e-05,0.0001,32,3,0.6438,0.7640,0.6460,0.8298,0.3301,nan,nan,nan,nan,0
late,cage,2,8,resnet,False,none,lr,1e-05,0.0001,32,4,0.6096,0.7766,0.6611,0.7872,0.4038,nan,nan,nan,nan,0
late,cage,2,8,resnet,False,none,lr,1e-05,0.0001,32,5,0.5572,0.7821,0.7106,0.6809,0.4583,nan,nan,nan,nan,1
late,cage,2,8,resnet,False,none,lr,1e-05,0.0001,32,6,0.4797,0.8193,0.7436,0.7660,0.4744,nan,nan,nan,nan,1
late,cage,2,8,resnet,False,none,lr,1e-05,0.0001,32,7,0.3949,1.0696,0.7764,0.8085,0.4647,nan,nan,nan,nan,1
late,cage,2,8,resnet,False,none,lr,1e-05,0.0001,32,8,0.3266,0.8231,0.9290,0.5745,0.5096,nan,nan,nan,nan,1
late,cage,2,8,resnet,False,none,lr,1e-05,0.0001,32,9,0.2594,1.3122,0.8355,0.8298,0.5064,nan,nan,nan,nan,1
late,cage,2,8,resnet,False,none,lr,1e-05,0.0001,32,10,0.2057,1.2758,0.9098,0.8298,0.4647,nan,nan,nan,nan,0
late,cage,2,8,resnet,False,none,lr,1e-05,0.0001,32,11,0.1522,1.4672,0.9385,0.8298,0.5000,nan,nan,nan,nan,1
late,cage,2,8,resnet,False,none,lr,1e-05,0.0001,32,12,0.1228,1.9589,1.1144,0.8298,0.5353,nan,nan,nan,nan,1
late,cage,2,8,resnet,False,none,lr,1e-05,0.0001,32,13,0.1059,1.3003,0.9499,0.8085,0.5609,nan,nan,nan,nan,1
late,cage,2,8,resnet,False,none,lr,1e-05,0.0001,32,14,0.0838,1.4317,1.0421,0.8085,0.5256,nan,nan,nan,nan,0
late,cage,2,8,resnet,False,none,lr,1e-05,0.0001,32,15,0.0642,1.5831,1.0558,0.8085,0.5288,nan,nan,nan,nan,1
late,cage,2,8,resnet,False,none,lr,1e-05,0.0001,32,16,0.0506,1.4677,1.0574,0.8085,0.5737,nan,nan,nan,nan,1
late,cage,2,8,resnet,False,none,lr,1e-05,0.0001,32,17,0.0406,1.4619,1.0537,0.8085,0.5609,nan,nan,nan,nan,1
late,cage,2,8,resnet,False,none,lr,1e-05,0.0001,32,18,0.0339,1.3050,1.0992,0.7872,0.5801,nan,nan,nan,nan,0
late,cage,2,8,resnet,False,none,lr,1e-05,0.0001,32,19,0.0270,1.6313,1.1494,0.8085,0.5385,nan,nan,nan,nan,1
late,cage,2,8,resnet,False,none,lr,1e-05,0.0001,32,20,0.0243,1.7621,1.1574,0.8298,0.5962,1.3746,1.1609,0.7857,0.7647,1
late,cage,2,8,resnet,False,none,lr,1e-05,0.0001,32,21,0.0244,2.0678,1.2535,0.8298,0.5641,nan,nan,nan,nan,0
late,cage,2,8,resnet,False,none,lr,1e-05,0.0001,32,22,0.0319,1.8964,1.2261,0.8085,0.5577,nan,nan,nan,nan,0
late,cage,2,8,resnet,False,none,lr,1e-05,0.0001,32,23,0.0223,1.7095,1.2252,0.8298,0.5673,nan,nan,nan,nan,0
late,cage,2,8,resnet,False,none,lr,1e-05,0.0001,32,24,0.0182,1.6162,1.2079,0.8085,0.5769,nan,nan,nan,nan,0
late,cage,2,8,resnet,False,none,lr,1e-05,0.0001,32,25,0.0144,2.1416,1.3006,0.8298,0.5929,nan,nan,nan,nan,0
late,cage,2,9,resnet,False,none,lr,1e-05,0.0001,32,1,0.6919,0.6941,0.6751,0.7857,0.6970,nan,nan,nan,nan,0
late,cage,2,9,resnet,False,none,lr,1e-05,0.0001,32,2,0.6847,0.6840,0.6896,0.5952,0.6734,nan,nan,nan,nan,0
late,cage,2,9,resnet,False,none,lr,1e-05,0.0001,32,3,0.6738,0.6986,0.6639,0.7381,0.6128,nan,nan,nan,nan,0
late,cage,2,9,resnet,False,none,lr,1e-05,0.0001,32,4,0.6457,0.6678,0.6990,0.6429,0.6768,nan,nan,nan,nan,0
late,cage,2,9,resnet,False,none,lr,1e-05,0.0001,32,5,0.5892,0.6996,0.7358,0.6905,0.5657,0.6786,0.7078,0.6429,0.6140,1
late,cage,2,9,resnet,False,none,lr,1e-05,0.0001,32,6,0.5088,0.8413,0.7490,0.6905,0.5354,nan,nan,nan,nan,0
late,cage,2,9,resnet,False,none,lr,1e-05,0.0001,32,7,0.4318,0.7674,0.8042,0.5952,0.5017,nan,nan,nan,nan,0
late,cage,2,9,resnet,False,none,lr,1e-05,0.0001,32,8,0.3736,0.8741,0.7796,0.6905,0.5354,nan,nan,nan,nan,0
late,cage,2,9,resnet,False,none,lr,1e-05,0.0001,32,9,0.3181,0.9021,0.7947,0.6905,0.5791,nan,nan,nan,nan,0
late,cage,2,9,resnet,False,none,lr,1e-05,0.0001,32,10,0.2719,0.8235,0.8799,0.5714,0.5253,nan,nan,nan,nan,0
late,cage,2,9,resnet,False,none,lr,1e-05,0.0001,32,11,0.2160,1.0829,0.8436,0.6905,0.5455,nan,nan,nan,nan,0
late,cage,2,9,resnet,False,none,lr,1e-05,0.0001,32,12,0.1834,1.1066,0.8056,0.7857,0.5791,nan,nan,nan,nan,0
late,cage,2,9,resnet,False,none,lr,1e-05,0.0001,32,13,0.1537,1.1516,0.9127,0.7143,0.5589,nan,nan,nan,nan,0
late,cage,2,9,resnet,False,none,lr,1e-05,0.0001,32,14,0.1283,1.0999,0.8649,0.7619,0.5825,nan,nan,nan,nan,0
late,cage,2,9,resnet,False,none,lr,1e-05,0.0001,32,15,0.1003,1.1709,0.8993,0.7619,0.5724,nan,nan,nan,nan,0
late,cage,2,9,resnet,False,none,lr,1e-05,0.0001,32,16,0.0783,1.4186,0.9420,0.7857,0.5623,nan,nan,nan,nan,0
late,cage,3,0,resnet,False,none,lr,1e-05,0.0001,32,1,0.6906,0.6967,0.6750,0.8140,0.3968,nan,nan,nan,nan,0
late,cage,3,0,resnet,False,none,lr,1e-05,0.0001,32,2,0.6747,0.6834,0.6999,0.4186,0.6706,nan,nan,nan,nan,0
late,cage,3,0,resnet,False,none,lr,1e-05,0.0001,32,3,0.6581,0.6765,0.6628,0.8140,0.6587,nan,nan,nan,nan,0
late,cage,3,0,resnet,False,none,lr,1e-05,0.0001,32,4,0.6293,0.6743,0.6199,0.8372,0.6825,nan,nan,nan,nan,0
late,cage,3,0,resnet,False,none,lr,1e-05,0.0001,32,5,0.5751,0.6107,0.6433,0.7907,0.8571,nan,nan,nan,nan,1
late,cage,3,0,resnet,False,none,lr,1e-05,0.0001,32,6,0.4960,0.5993,0.5998,0.8605,0.8532,nan,nan,nan,nan,1
late,cage,3,0,resnet,False,none,lr,1e-05,0.0001,32,7,0.3998,0.7503,0.6638,0.8140,0.7778,0.8396,0.7168,0.8333,0.6122,1
late,cage,3,0,resnet,False,none,lr,1e-05,0.0001,32,8,0.3294,0.6972,0.7736,0.8140,0.6429,nan,nan,nan,nan,0
late,cage,3,0,resnet,False,none,lr,1e-05,0.0001,32,9,0.2614,0.9719,0.7870,0.8140,0.6984,nan,nan,nan,nan,0
late,cage,3,0,resnet,False,none,lr,1e-05,0.0001,32,10,0.2051,0.6894,0.8600,0.7674,0.6667,nan,nan,nan,nan,0
late,cage,3,0,resnet,False,none,lr,1e-05,0.0001,32,11,0.1605,0.7901,0.9215,0.8140,0.6825,nan,nan,nan,nan,0
late,cage,3,0,resnet,False,none,lr,1e-05,0.0001,32,12,0.1276,1.3825,0.9915,0.8372,0.7460,nan,nan,nan,nan,0
late,cage,3,0,resnet,False,none,lr,1e-05,0.0001,32,13,0.0937,1.4487,1.0337,0.8372,0.7857,nan,nan,nan,nan,0
late,cage,3,0,resnet,False,none,lr,1e-05,0.0001,32,14,0.0800,1.1822,0.9370,0.8372,0.8056,nan,nan,nan,nan,0
late,cage,3,0,resnet,False,none,lr,1e-05,0.0001,32,15,0.0591,1.1780,0.9802,0.8140,0.7262,nan,nan,nan,nan,0
late,cage,3,0,resnet,False,none,lr,1e-05,0.0001,32,16,0.0491,0.9353,0.9917,0.8140,0.7341,nan,nan,nan,nan,0
late,cage,3,1,resnet,False,none,lr,1e-05,0.0001,32,1,0.6953,0.6886,0.6794,0.7674,0.6548,nan,nan,nan,nan,0
late,cage,3,1,resnet,False,none,lr,1e-05,0.0001,32,2,0.6880,0.6850,0.6594,0.8140,0.7222,nan,nan,nan,nan,0
late,cage,3,1,resnet,False,none,lr,1e-05,0.0001,32,3,0.6798,0.6802,0.6663,0.6279,0.6389,nan,nan,nan,nan,0
late,cage,3,1,resnet,False,none,lr,1e-05,0.0001,32,4,0.6627,0.6741,0.6519,0.7209,0.7143,nan,nan,nan,nan,0
late,cage,3,1,resnet,False,none,lr,1e-05,0.0001,32,5,0.6167,0.6743,0.6915,0.6047,0.6071,nan,nan,nan,nan,1
late,cage,3,1,resnet,False,none,lr,1e-05,0.0001,32,6,0.5433,0.6510,0.6787,0.7442,0.7341,0.6798,0.7721,0.5000,0.5673,1
late,cage,3,1,resnet,False,none,lr,1e-05,0.0001,32,7,0.4644,0.6828,0.7287,0.5814,0.5873,nan,nan,nan,nan,0
late,cage,3,1,resnet,False,none,lr,1e-05,0.0001,32,8,0.4021,0.7524,0.6500,0.8140,0.5476,nan,nan,nan,nan,0
late,cage,3,1,resnet,False,none,lr,1e-05,0.0001,32,9,0.3369,0.7453,0.6593,0.7442,0.5833,nan,nan,nan,nan,0
late,cage,3,1,resnet,False,none,lr,1e-05,0.0001,32,10,0.2868,0.8677,0.6393,0.8372,0.6032,nan,nan,nan,nan,0
late,cage,3,1,resnet,False,none,lr,1e-05,0.0001,32,11,0.2382,0.6902,0.6700,0.7674,0.6667,nan,nan,nan,nan,0
late,cage,3,1,resnet,False,none,lr,1e-05,0.0001,32,12,0.1991,0.8462,0.6635,0.8605,0.6151,nan,nan,nan,nan,0
late,cage,3,1,resnet,False,none,lr,1e-05,0.0001,32,13,0.1533,0.9374,0.6927,0.8372,0.5992,nan,nan,nan,nan,0
late,cage,3,1,resnet,False,none,lr,1e-05,0.0001,32,14,0.1330,0.9228,0.6993,0.8372,0.6270,nan,nan,nan,nan,0
late,cage,3,1,resnet,False,none,lr,1e-05,0.0001,32,15,0.1154,0.8612,0.7241,0.8605,0.6071,nan,nan,nan,nan,0
late,cage,3,1,resnet,False,none,lr,1e-05,0.0001,32,16,0.0998,0.9118,0.7827,0.7674,0.5833,nan,nan,nan,nan,0
late,cage,3,2,resnet,False,none,lr,1e-05,0.0001,32,1,0.6894,0.7130,0.6747,0.8095,0.3750,nan,nan,nan,nan,0
late,cage,3,2,resnet,False,none,lr,1e-05,0.0001,32,2,0.6717,0.7265,0.6763,0.7381,0.3824,nan,nan,nan,nan,0
late,cage,3,2,resnet,False,none,lr,1e-05,0.0001,32,3,0.6518,0.6754,0.6970,0.6429,0.7390,nan,nan,nan,nan,0
late,cage,3,2,resnet,False,none,lr,1e-05,0.0001,32,4,0.6192,0.6781,0.6903,0.6667,0.6801,nan,nan,nan,nan,0
late,cage,3,2,resnet,False,none,lr,1e-05,0.0001,32,5,0.5550,0.6882,0.7552,0.5476,0.5882,nan,nan,nan,nan,1
late,cage,3,2,resnet,False,none,lr,1e-05,0.0001,32,6,0.4788,0.7065,0.7929,0.6667,0.6544,nan,nan,nan,nan,1
late,cage,3,2,resnet,False,none,lr,1e-05,0.0001,32,7,0.3960,0.7749,0.8143,0.6190,0.5147,0.6418,0.7412,0.7857,0.7306,1
late,cage,3,2,resnet,False,none,lr,1e-05,0.0001,32,8,0.3213,0.9076,0.8901,0.6905,0.5404,nan,nan,nan,nan,0
late,cage,3,2,resnet,False,none,lr,1e-05,0.0001,32,9,0.2638,1.0448,0.8896,0.7619,0.5331,nan,nan,nan,nan,0
late,cage,3,2,resnet,False,none,lr,1e-05,0.0001,32,10,0.1957,1.1058,0.8965,0.8095,0.5993,nan,nan,nan,nan,0
late,cage,3,2,resnet,False,none,lr,1e-05,0.0001,32,11,0.1607,1.1744,0.9466,0.7857,0.5735,nan,nan,nan,nan,0
late,cage,3,2,resnet,False,none,lr,1e-05,0.0001,32,12,0.1213,1.0661,1.0248,0.7857,0.5441,nan,nan,nan,nan,0
late,cage,3,2,resnet,False,none,lr,1e-05,0.0001,32,13,0.1034,1.5012,1.0780,0.8095,0.5735,nan,nan,nan,nan,0
late,cage,3,2,resnet,False,none,lr,1e-05,0.0001,32,14,0.0794,1.2311,1.0889,0.7619,0.5699,nan,nan,nan,nan,0
late,cage,3,2,resnet,False,none,lr,1e-05,0.0001,32,15,0.0650,1.3423,1.1179,0.7619,0.4926,nan,nan,nan,nan,0
late,cage,3,2,resnet,False,none,lr,1e-05,0.0001,32,16,0.0481,1.9572,1.2826,0.8095,0.4669,nan,nan,nan,nan,0
late,cage,3,4,resnet,False,none,lr,1e-05,0.0001,32,1,0.6979,0.6953,0.6773,0.8140,0.5964,nan,nan,nan,nan,0
late,cage,3,4,resnet,False,none,lr,1e-05,0.0001,32,2,0.6837,0.6833,0.6715,0.7907,0.7179,nan,nan,nan,nan,0
late,cage,3,4,resnet,False,none,lr,1e-05,0.0001,32,3,0.6688,0.6764,0.6696,0.7442,0.7000,nan,nan,nan,nan,0
late,cage,3,4,resnet,False,none,lr,1e-05,0.0001,32,4,0.6381,0.7195,0.6922,0.7674,0.4536,nan,nan,nan,nan,0
late,cage,3,4,resnet,False,none,lr,1e-05,0.0001,32,5,0.5859,0.7120,0.6924,0.7674,0.5964,nan,nan,nan,nan,1
late,cage,3,4,resnet,False,none,lr,1e-05,0.0001,32,6,0.4886,0.8989,0.8128,0.7907,0.5286,nan,nan,nan,nan,0
late,cage,3,4,resnet,False,none,lr,1e-05,0.0001,32,7,0.4051,0.8146,0.7903,0.7674,0.6286,nan,nan,nan,nan,0
late,cage,3,4,resnet,False,none,lr,1e-05,0.0001,32,8,0.3330,0.9767,0.8938,0.8140,0.6107,nan,nan,nan,nan,0
late,cage,3,4,resnet,False,none,lr,1e-05,0.0001,32,9,0.2602,0.9738,0.9178,0.7907,0.5857,nan,nan,nan,nan,0
late,cage,3,4,resnet,False,none,lr,1e-05,0.0001,32,10,0.2074,0.9707,0.9293,0.8140,0.6786,nan,nan,nan,nan,0
late,cage,3,4,resnet,False,none,lr,1e-05,0.0001,32,11,0.1723,0.9805,0.9707,0.8140,0.6643,0.8548,0.8460,0.7857,0.6286,1
late,cage,3,4,resnet,False,none,lr,1e-05,0.0001,32,12,0.1376,0.9688,0.9571,0.7907,0.6500,nan,nan,nan,nan,0
late,cage,3,4,resnet,False,none,lr,1e-05,0.0001,32,13,0.1059,1.1644,1.0588,0.8140,0.6000,nan,nan,nan,nan,0
late,cage,3,4,resnet,False,none,lr,1e-05,0.0001,32,14,0.0843,1.2807,1.1226,0.8140,0.5964,nan,nan,nan,nan,0
late,cage,3,4,resnet,False,none,lr,1e-05,0.0001,32,15,0.0759,1.5240,1.2551,0.8140,0.6179,nan,nan,nan,nan,0
late,cage,3,4,resnet,False,none,lr,1e-05,0.0001,32,16,0.0666,1.3171,1.1651,0.8140,0.6179,nan,nan,nan,nan,0
late,cage,3,5,resnet,False,none,lr,1e-05,0.0001,32,1,0.6949,0.7047,0.6943,0.6750,0.3190,nan,nan,nan,nan,0
late,cage,3,5,resnet,False,none,lr,1e-05,0.0001,32,2,0.6771,0.7077,0.6869,0.6750,0.4301,nan,nan,nan,nan,0
late,cage,3,5,resnet,False,none,lr,1e-05,0.0001,32,3,0.6581,0.7090,0.6834,0.7500,0.4946,nan,nan,nan,nan,0
late,cage,3,5,resnet,False,none,lr,1e-05,0.0001,32,4,0.6247,0.7229,0.7013,0.7500,0.4588,nan,nan,nan,nan,0
late,cage,3,5,resnet,False,none,lr,1e-05,0.0001,32,5,0.5611,0.7264,0.7299,0.5750,0.4516,nan,nan,nan,nan,1
late,cage,3,5,resnet,False,none,lr,1e-05,0.0001,32,6,0.4774,0.8355,0.7347,0.6500,0.4552,nan,nan,nan,nan,1
late,cage,3,5,resnet,False,none,lr,1e-05,0.0001,32,7,0.3873,0.8207,0.8380,0.5500,0.4624,0.6670,0.8700,0.5000,0.6163,1
late,cage,3,5,resnet,False,none,lr,1e-05,0.0001,32,8,0.3286,1.0255,0.8780,0.6500,0.4301,nan,nan,nan,nan,0
late,cage,3,5,resnet,False,none,lr,1e-05,0.0001,32,9,0.2624,1.3914,1.0442,0.7250,0.3763,nan,nan,nan,nan,0
late,cage,3,5,resnet,False,none,lr,1e-05,0.0001,32,10,0.2147,2.0091,1.3332,0.7750,0.3441,nan,nan,nan,nan,0
late,cage,3,5,resnet,False,none,lr,1e-05,0.0001,32,11,0.1737,1.4752,1.1062,0.7500,0.4194,nan,nan,nan,nan,0
late,cage,3,5,resnet,False,none,lr,1e-05,0.0001,32,12,0.1357,1.4376,1.0834,0.7250,0.4265,nan,nan,nan,nan,0
late,cage,3,5,resnet,False,none,lr,1e-05,0.0001,32,13,0.0974,1.9581,1.3457,0.7750,0.3513,nan,nan,nan,nan,0
late,cage,3,5,resnet,False,none,lr,1e-05,0.0001,32,14,0.0892,1.5267,1.2120,0.7000,0.3907,nan,nan,nan,nan,0
late,cage,3,5,resnet,False,none,lr,1e-05,0.0001,32,15,0.0663,1.5831,1.2209,0.7000,0.3871,nan,nan,nan,nan,0
late,cage,3,5,resnet,False,none,lr,1e-05,0.0001,32,16,0.0636,1.6921,1.2755,0.7000,0.4158,nan,nan,nan,nan,0
late,cage,3,6,resnet,False,none,lr,1e-05,0.0001,32,1,0.6943,0.6900,0.6919,0.5122,0.5714,nan,nan,nan,nan,0
late,cage,3,6,resnet,False,none,lr,1e-05,0.0001,32,2,0.6779,0.7015,0.7194,0.2195,0.5952,nan,nan,nan,nan,0
late,cage,3,6,resnet,False,none,lr,1e-05,0.0001,32,3,0.6573,0.6973,0.6358,0.8537,0.5857,nan,nan,nan,nan,0
late,cage,3,6,resnet,False,none,lr,1e-05,0.0001,32,4,0.6305,0.7433,0.6801,0.8537,0.5143,nan,nan,nan,nan,0
late,cage,3,6,resnet,False,none,lr,1e-05,0.0001,32,5,0.5762,0.6991,0.7467,0.6341,0.5952,0.6654,0.7507,0.5000,0.6204,1
late,cage,3,6,resnet,False,none,lr,1e-05,0.0001,32,6,0.5047,0.8066,0.7449,0.8049,0.5048,nan,nan,nan,nan,0
late,cage,3,6,resnet,False,none,lr,1e-05,0.0001,32,7,0.4194,0.8371,0.8679,0.6585,0.4905,nan,nan,nan,nan,0
late,cage,3,6,resnet,False,none,lr,1e-05,0.0001,32,8,0.3591,0.8619,0.8798,0.7561,0.5333,nan,nan,nan,nan,0
late,cage,3,6,resnet,False,none,lr,1e-05,0.0001,32,9,0.2779,0.7987,0.8793,0.6098,0.5619,nan,nan,nan,nan,0
late,cage,3,6,resnet,False,none,lr,1e-05,0.0001,32,10,0.2251,1.0815,0.9125,0.8049,0.4857,nan,nan,nan,nan,0
late,cage,3,6,resnet,False,none,lr,1e-05,0.0001,32,11,0.1743,1.4369,1.1642,0.8537,0.4143,nan,nan,nan,nan,0
late,cage,3,6,resnet,False,none,lr,1e-05,0.0001,32,12,0.1286,1.1956,1.0613,0.8049,0.4952,nan,nan,nan,nan,0
late,cage,3,6,resnet,False,none,lr,1e-05,0.0001,32,13,0.1203,1.0194,1.0491,0.7561,0.5571,nan,nan,nan,nan,0
late,cage,3,6,resnet,False,none,lr,1e-05,0.0001,32,14,0.0917,1.3163,1.2021,0.7805,0.4476,nan,nan,nan,nan,0
late,cage,3,6,resnet,False,none,lr,1e-05,0.0001,32,15,0.0850,1.5420,1.2114,0.8537,0.5048,nan,nan,nan,nan,0
late,cage,3,6,resnet,False,none,lr,1e-05,0.0001,32,16,0.0592,1.6220,1.2618,0.8537,0.4571,nan,nan,nan,nan,0
late,cage,3,7,resnet,False,none,lr,1e-05,0.0001,32,1,0.6880,0.7063,0.6797,0.7955,0.3368,nan,nan,nan,nan,0
late,cage,3,7,resnet,False,none,lr,1e-05,0.0001,32,2,0.6811,0.7084,0.7026,0.4318,0.3785,nan,nan,nan,nan,0
late,cage,3,7,resnet,False,none,lr,1e-05,0.0001,32,3,0.6706,0.7157,0.6887,0.5682,0.4792,nan,nan,nan,nan,0
late,cage,3,7,resnet,False,none,lr,1e-05,0.0001,32,4,0.6586,0.7107,0.6844,0.6591,0.4583,nan,nan,nan,nan,0
late,cage,3,7,resnet,False,none,lr,1e-05,0.0001,32,5,0.6284,0.7169,0.6664,0.6818,0.4931,nan,nan,nan,nan,1
late,cage,3,7,resnet,False,none,lr,1e-05,0.0001,32,6,0.5783,0.6711,0.6594,0.7500,0.6146,nan,nan,nan,nan,1
late,cage,3,7,resnet,False,none,lr,1e-05,0.0001,32,7,0.5133,0.6652,0.6050,0.8409,0.7743,nan,nan,nan,nan,1
late,cage,3,7,resnet,False,none,lr,1e-05,0.0001,32,8,0.4517,0.6934,0.6170,0.8182,0.7049,nan,nan,nan,nan,1
late,cage,3,7,resnet,False,none,lr,1e-05,0.0001,32,9,0.4038,0.6922,0.6318,0.7955,0.6840,nan,nan,nan,nan,1
late,cage,3,7,resnet,False,none,lr,1e-05,0.0001,32,10,0.3538,0.6459,0.6212,0.7727,0.7674,nan,nan,nan,nan,1
late,cage,3,7,resnet,False,none,lr,1e-05,0.0001,32,11,0.2972,0.6689,0.6181,0.7955,0.7708,nan,nan,nan,nan,1
late,cage,3,7,resnet,False,none,lr,1e-05,0.0001,32,12,0.2534,0.6478,0.6441,0.8182,0.7812,nan,nan,nan,nan,0
late,cage,3,7,resnet,False,none,lr,1e-05,0.0001,32,13,0.2146,0.6849,0.6232,0.7955,0.8160,nan,nan,nan,nan,1
late,cage,3,7,resnet,False,none,lr,1e-05,0.0001,32,14,0.1897,0.7342,0.6649,0.8409,0.7049,nan,nan,nan,nan,0
late,cage,3,7,resnet,False,none,lr,1e-05,0.0001,32,15,0.1501,0.8058,0.6305,0.8182,0.8194,0.8206,0.7062,0.7857,0.7102,1
late,cage,3,7,resnet,False,none,lr,1e-05,0.0001,32,16,0.1198,1.0415,0.6881,0.8182,0.7778,nan,nan,nan,nan,0
late,cage,3,7,resnet,False,none,lr,1e-05,0.0001,32,17,0.1078,0.7923,0.6890,0.8182,0.7639,nan,nan,nan,nan,0
late,cage,3,7,resnet,False,none,lr,1e-05,0.0001,32,18,0.0880,0.9974,0.7442,0.8182,0.7292,nan,nan,nan,nan,0
late,cage,3,7,resnet,False,none,lr,1e-05,0.0001,32,19,0.0733,1.0249,0.7337,0.8182,0.7674,nan,nan,nan,nan,0
late,cage,3,7,resnet,False,none,lr,1e-05,0.0001,32,20,0.0713,0.9329,0.7109,0.8182,0.7951,nan,nan,nan,nan,0
late,cage,3,8,resnet,False,none,lr,1e-05,0.0001,32,1,0.6894,0.7023,0.6753,0.7021,0.3910,nan,nan,nan,nan,0
late,cage,3,8,resnet,False,none,lr,1e-05,0.0001,32,2,0.6704,0.7189,0.6453,0.8298,0.3462,nan,nan,nan,nan,0
late,cage,3,8,resnet,False,none,lr,1e-05,0.0001,32,3,0.6497,0.7281,0.6408,0.8298,0.4199,nan,nan,nan,nan,0
late,cage,3,8,resnet,False,none,lr,1e-05,0.0001,32,4,0.6049,0.7856,0.6449,0.8085,0.4551,nan,nan,nan,nan,0
late,cage,3,8,resnet,False,none,lr,1e-05,0.0001,32,5,0.5269,0.7334,0.6990,0.7021,0.5673,nan,nan,nan,nan,1
late,cage,3,8,resnet,False,none,lr,1e-05,0.0001,32,6,0.4303,0.9220,0.7646,0.7660,0.4391,nan,nan,nan,nan,1
late,cage,3,8,resnet,False,none,lr,1e-05,0.0001,32,7,0.3466,1.0112,0.7400,0.8298,0.5641,nan,nan,nan,nan,1
late,cage,3,8,resnet,False,none,lr,1e-05,0.0001,32,8,0.2649,1.1941,0.8032,0.8298,0.4936,nan,nan,nan,nan,1
late,cage,3,8,resnet,False,none,lr,1e-05,0.0001,32,9,0.2103,1.1177,0.8331,0.8298,0.5064,nan,nan,nan,nan,1
late,cage,3,8,resnet,False,none,lr,1e-05,0.0001,32,10,0.1561,1.0336,0.8834,0.7447,0.5288,nan,nan,nan,nan,0
late,cage,3,8,resnet,False,none,lr,1e-05,0.0001,32,11,0.1264,1.3087,0.8926,0.8298,0.5545,nan,nan,nan,nan,1
late,cage,3,8,resnet,False,none,lr,1e-05,0.0001,32,12,0.0861,1.1493,0.9109,0.8085,0.5224,nan,nan,nan,nan,0
late,cage,3,8,resnet,False,none,lr,1e-05,0.0001,32,13,0.0752,1.3130,0.9184,0.8298,0.5737,nan,nan,nan,nan,1
late,cage,3,8,resnet,False,none,lr,1e-05,0.0001,32,14,0.0581,1.3274,0.9252,0.8298,0.5705,nan,nan,nan,nan,1
late,cage,3,8,resnet,False,none,lr,1e-05,0.0001,32,15,0.0519,1.2459,0.9753,0.8085,0.5833,nan,nan,nan,nan,1
late,cage,3,8,resnet,False,none,lr,1e-05,0.0001,32,16,0.0412,1.5216,1.0249,0.8298,0.5673,nan,nan,nan,nan,0
late,cage,3,8,resnet,False,none,lr,1e-05,0.0001,32,17,0.0344,1.9670,1.1351,0.8298,0.5385,nan,nan,nan,nan,1
late,cage,3,8,resnet,False,none,lr,1e-05,0.0001,32,18,0.0335,1.7602,1.1010,0.8298,0.5513,nan,nan,nan,nan,0
late,cage,3,8,resnet,False,none,lr,1e-05,0.0001,32,19,0.0287,1.1387,0.9960,0.7660,0.6218,nan,nan,nan,nan,1
late,cage,3,8,resnet,False,none,lr,1e-05,0.0001,32,20,0.0214,1.6639,1.0879,0.8298,0.5577,nan,nan,nan,nan,0
late,cage,3,8,resnet,False,none,lr,1e-05,0.0001,32,21,0.0183,1.5354,1.0459,0.8298,0.5577,nan,nan,nan,nan,0
late,cage,3,8,resnet,False,none,lr,1e-05,0.0001,32,22,0.0194,1.7723,1.1197,0.8298,0.6026,1.6008,1.1806,0.8333,0.6163,1
late,cage,3,8,resnet,False,none,lr,1e-05,0.0001,32,23,0.0439,1.6036,1.2507,0.8298,0.5545,nan,nan,nan,nan,0
late,cage,3,8,resnet,False,none,lr,1e-05,0.0001,32,24,0.0406,2.3918,1.3539,0.8298,0.5962,nan,nan,nan,nan,0
late,cage,3,8,resnet,False,none,lr,1e-05,0.0001,32,25,0.0226,1.8092,1.1785,0.8298,0.5577,nan,nan,nan,nan,0
late,cage,3,8,resnet,False,none,lr,1e-05,0.0001,32,26,0.0173,2.1741,1.2976,0.8298,0.5385,nan,nan,nan,nan,0
late,cage,3,8,resnet,False,none,lr,1e-05,0.0001,32,27,0.0126,2.4367,1.4012,0.8298,0.5897,nan,nan,nan,nan,0
late,cage,3,9,resnet,False,none,lr,1e-05,0.0001,32,1,0.6898,0.6817,0.6756,0.7619,0.7340,nan,nan,nan,nan,0
late,cage,3,9,resnet,False,none,lr,1e-05,0.0001,32,2,0.6791,0.6825,0.7054,0.3333,0.5556,nan,nan,nan,nan,0
late,cage,3,9,resnet,False,none,lr,1e-05,0.0001,32,3,0.6629,0.7076,0.6841,0.7381,0.4781,nan,nan,nan,nan,0
late,cage,3,9,resnet,False,none,lr,1e-05,0.0001,32,4,0.6375,0.6978,0.7035,0.5952,0.5152,nan,nan,nan,nan,0
late,cage,3,9,resnet,False,none,lr,1e-05,0.0001,32,5,0.5905,0.8170,0.7497,0.7381,0.3670,0.7093,0.6819,0.7619,0.5429,1
late,cage,3,9,resnet,False,none,lr,1e-05,0.0001,32,6,0.5152,0.7022,0.8156,0.5476,0.5589,nan,nan,nan,nan,0
late,cage,3,9,resnet,False,none,lr,1e-05,0.0001,32,7,0.4339,0.9579,0.8221,0.7381,0.4108,nan,nan,nan,nan,0
late,cage,3,9,resnet,False,none,lr,1e-05,0.0001,32,8,0.3527,0.9890,0.9314,0.7381,0.4343,nan,nan,nan,nan,0
late,cage,3,9,resnet,False,none,lr,1e-05,0.0001,32,9,0.3038,0.9388,0.8699,0.7143,0.5118,nan,nan,nan,nan,0
late,cage,3,9,resnet,False,none,lr,1e-05,0.0001,32,10,0.2315,1.1148,1.0073,0.7143,0.4242,nan,nan,nan,nan,0
late,cage,3,9,resnet,False,none,lr,1e-05,0.0001,32,11,0.1900,1.0838,0.9575,0.7381,0.4545,nan,nan,nan,nan,0
late,cage,3,9,resnet,False,none,lr,1e-05,0.0001,32,12,0.1517,1.0989,1.0868,0.6905,0.4411,nan,nan,nan,nan,0
late,cage,3,9,resnet,False,none,lr,1e-05,0.0001,32,13,0.1224,1.2211,1.0558,0.7381,0.4949,nan,nan,nan,nan,0
late,cage,3,9,resnet,False,none,lr,1e-05,0.0001,32,14,0.0952,0.9145,1.1308,0.5714,0.5421,nan,nan,nan,nan,0
late,cage,3,9,resnet,False,none,lr,1e-05,0.0001,32,15,0.0755,1.5493,1.1617,0.7619,0.4613,nan,nan,nan,nan,0
late,cage,3,9,resnet,False,none,lr,1e-05,0.0001,32,16,0.0585,1.1765,1.1509,0.7381,0.4545,nan,nan,nan,nan,0
late,cage,4,0,resnet,False,none,lr,1e-05,0.0001,32,1,0.6901,0.6977,0.6908,0.6279,0.4325,nan,nan,nan,nan,0
late,cage,4,0,resnet,False,none,lr,1e-05,0.0001,32,2,0.6784,0.6969,0.7074,0.4186,0.4683,nan,nan,nan,nan,0
late,cage,4,0,resnet,False,none,lr,1e-05,0.0001,32,3,0.6652,0.6916,0.6947,0.6047,0.5714,nan,nan,nan,nan,0
late,cage,4,0,resnet,False,none,lr,1e-05,0.0001,32,4,0.6408,0.6868,0.6640,0.8605,0.6349,nan,nan,nan,nan,0
late,cage,4,0,resnet,False,none,lr,1e-05,0.0001,32,5,0.5858,0.6467,0.6328,0.8140,0.7698,nan,nan,nan,nan,1
late,cage,4,0,resnet,False,none,lr,1e-05,0.0001,32,6,0.4902,0.6327,0.7428,0.6977,0.7063,nan,nan,nan,nan,1
late,cage,4,0,resnet,False,none,lr,1e-05,0.0001,32,7,0.3925,0.6676,0.6993,0.8837,0.7024,nan,nan,nan,nan,1
late,cage,4,0,resnet,False,none,lr,1e-05,0.0001,32,8,0.3211,0.8090,0.7625,0.8140,0.6508,0.7935,0.8242,0.7907,0.5857,1
late,cage,4,0,resnet,False,none,lr,1e-05,0.0001,32,9,0.2452,0.8242,0.8059,0.8140,0.6230,nan,nan,nan,nan,0
late,cage,4,0,resnet,False,none,lr,1e-05,0.0001,32,10,0.1957,0.8241,0.8499,0.8140,0.5913,nan,nan,nan,nan,0
late,cage,4,0,resnet,False,none,lr,1e-05,0.0001,32,11,0.1521,1.0675,0.9292,0.8372,0.6230,nan,nan,nan,nan,0
late,cage,4,0,resnet,False,none,lr,1e-05,0.0001,32,12,0.1135,0.9928,0.8965,0.8140,0.6667,nan,nan,nan,nan,0
late,cage,4,0,resnet,False,none,lr,1e-05,0.0001,32,13,0.0947,0.8562,0.9297,0.8140,0.6349,nan,nan,nan,nan,0
late,cage,4,0,resnet,False,none,lr,1e-05,0.0001,32,14,0.0739,1.3264,1.0566,0.8372,0.5675,nan,nan,nan,nan,0
late,cage,4,0,resnet,False,none,lr,1e-05,0.0001,32,15,0.0571,1.1747,1.0120,0.8372,0.6310,nan,nan,nan,nan,0
late,cage,4,0,resnet,False,none,lr,1e-05,0.0001,32,16,0.0506,1.4536,1.1544,0.8372,0.5794,nan,nan,nan,nan,0
late,cage,4,1,resnet,False,none,lr,1e-05,0.0001,32,1,0.6972,0.6920,0.6646,0.8372,0.5198,nan,nan,nan,nan,0
late,cage,4,1,resnet,False,none,lr,1e-05,0.0001,32,2,0.6882,0.6885,0.6775,0.7907,0.5992,nan,nan,nan,nan,0
late,cage,4,1,resnet,False,none,lr,1e-05,0.0001,32,3,0.6814,0.6830,0.6614,0.8140,0.6905,nan,nan,nan,nan,0
late,cage,4,1,resnet,False,none,lr,1e-05,0.0001,32,4,0.6645,0.6658,0.6373,0.8140,0.8095,nan,nan,nan,nan,0
late,cage,4,1,resnet,False,none,lr,1e-05,0.0001,32,5,0.6213,0.6721,0.6277,0.8140,0.6865,nan,nan,nan,nan,1
late,cage,4,1,resnet,False,none,lr,1e-05,0.0001,32,6,0.5444,0.6273,0.6986,0.6047,0.7698,nan,nan,nan,nan,1
late,cage,4,1,resnet,False,none,lr,1e-05,0.0001,32,7,0.4634,0.6675,0.6351,0.7907,0.6548,0.6871,0.6951,0.7442,0.6821,1
late,cage,4,1,resnet,False,none,lr,1e-05,0.0001,32,8,0.4068,0.7157,0.6316,0.8140,0.6349,nan,nan,nan,nan,0
late,cage,4,1,resnet,False,none,lr,1e-05,0.0001,32,9,0.3583,0.6280,0.7313,0.6512,0.7302,nan,nan,nan,nan,0
late,cage,4,1,resnet,False,none,lr,1e-05,0.0001,32,10,0.2993,0.6339,0.6818,0.7442,0.6786,nan,nan,nan,nan,0
late,cage,4,1,resnet,False,none,lr,1e-05,0.0001,32,11,0.2486,0.8453,0.6717,0.8372,0.5595,nan,nan,nan,nan,0
late,cage,4,1,resnet,False,none,lr,1e-05,0.0001,32,12,0.2001,0.7674,0.6486,0.8605,0.6032,nan,nan,nan,nan,0
late,cage,4,1,resnet,False,none,lr,1e-05,0.0001,32,13,0.1761,0.7024,0.7083,0.7209,0.6429,nan,nan,nan,nan,0
late,cage,4,1,resnet,False,none,lr,1e-05,0.0001,32,14,0.1363,0.7752,0.6934,0.8372,0.6389,nan,nan,nan,nan,0
late,cage,4,1,resnet,False,none,lr,1e-05,0.0001,32,15,0.1088,0.8735,0.6956,0.8372,0.6627,nan,nan,nan,nan,0
late,cage,4,1,resnet,False,none,lr,1e-05,0.0001,32,16,0.0941,0.9072,0.6931,0.8605,0.6230,nan,nan,nan,nan,0
late,cage,4,2,resnet,False,none,lr,1e-05,0.0001,32,1,0.6977,0.7014,0.7051,0.3095,0.3125,nan,nan,nan,nan,0
late,cage,4,2,resnet,False,none,lr,1e-05,0.0001,32,2,0.6793,0.7292,0.6833,0.7619,0.2831,nan,nan,nan,nan,0
late,cage,4,2,resnet,False,none,lr,1e-05,0.0001,32,3,0.6675,0.7204,0.6641,0.7857,0.4191,nan,nan,nan,nan,0
late,cage,4,2,resnet,False,none,lr,1e-05,0.0001,32,4,0.6419,0.7136,0.7831,0.2619,0.3750,nan,nan,nan,nan,0
late,cage,4,2,resnet,False,none,lr,1e-05,0.0001,32,5,0.5960,0.7563,0.6580,0.7619,0.5735,nan,nan,nan,nan,1
late,cage,4,2,resnet,False,none,lr,1e-05,0.0001,32,6,0.5208,0.6986,0.6896,0.7381,0.6471,nan,nan,nan,nan,1
late,cage,4,2,resnet,False,none,lr,1e-05,0.0001,32,7,0.4384,0.6831,0.7762,0.5714,0.6213,nan,nan,nan,nan,1
late,cage,4,2,resnet,False,none,lr,1e-05,0.0001,32,8,0.3709,0.6846,0.8005,0.6429,0.6434,nan,nan,nan,nan,1
late,cage,4,2,resnet,False,none,lr,1e-05,0.0001,32,9,0.3057,0.9583,0.7318,0.7619,0.7132,nan,nan,nan,nan,1
late,cage,4,2,resnet,False,none,lr,1e-05,0.0001,32,10,0.2677,0.9809,0.7624,0.7619,0.6985,nan,nan,nan,nan,1
late,cage,4,2,resnet,False,none,lr,1e-05,0.0001,32,11,0.2121,0.7356,0.7487,0.7857,0.7132,nan,nan,nan,nan,1
late,cage,4,2,resnet,False,none,lr,1e-05,0.0001,32,12,0.1885,0.8584,0.7711,0.7857,0.7721,nan,nan,nan,nan,1
late,cage,4,2,resnet,False,none,lr,1e-05,0.0001,32,13,0.1444,0.9591,0.8277,0.7857,0.6912,1.1144,1.0152,0.8140,0.6250,1
late,cage,4,2,resnet,False,none,lr,1e-05,0.0001,32,14,0.1247,1.0540,0.8330,0.7619,0.7243,nan,nan,nan,nan,0
late,cage,4,2,resnet,False,none,lr,1e-05,0.0001,32,15,0.0972,0.8534,0.9045,0.7857,0.6434,nan,nan,nan,nan,0
late,cage,4,2,resnet,False,none,lr,1e-05,0.0001,32,16,0.0816,0.7632,0.8765,0.7857,0.7206,nan,nan,nan,nan,0
late,cage,4,2,resnet,False,none,lr,1e-05,0.0001,32,17,0.0690,1.1599,0.9244,0.7857,0.7243,nan,nan,nan,nan,0
late,cage,4,2,resnet,False,none,lr,1e-05,0.0001,32,18,0.0596,1.1552,0.8975,0.7619,0.7463,nan,nan,nan,nan,0
late,cage,4,3,resnet,False,none,lr,1e-05,0.0001,32,1,0.6924,0.6992,0.7075,0.3095,0.4163,nan,nan,nan,nan,0
late,cage,4,3,resnet,False,none,lr,1e-05,0.0001,32,2,0.6813,0.7010,0.6887,0.7143,0.4408,nan,nan,nan,nan,0
late,cage,4,3,resnet,False,none,lr,1e-05,0.0001,32,3,0.6667,0.7012,0.6758,0.7619,0.4163,nan,nan,nan,nan,0
late,cage,4,3,resnet,False,none,lr,1e-05,0.0001,32,4,0.6410,0.6954,0.7028,0.5952,0.4898,nan,nan,nan,nan,0
late,cage,4,3,resnet,False,none,lr,1e-05,0.0001,32,5,0.5902,0.7263,0.7583,0.5238,0.4449,nan,nan,nan,nan,1
late,cage,4,3,resnet,False,none,lr,1e-05,0.0001,32,6,0.5188,0.6871,0.7277,0.6905,0.5837,nan,nan,nan,nan,1
late,cage,4,3,resnet,False,none,lr,1e-05,0.0001,32,7,0.4332,0.6967,0.8025,0.5714,0.5551,nan,nan,nan,nan,1
late,cage,4,3,resnet,False,none,lr,1e-05,0.0001,32,8,0.3600,0.8628,0.7376,0.8095,0.6245,nan,nan,nan,nan,1
late,cage,4,3,resnet,False,none,lr,1e-05,0.0001,32,9,0.2927,0.8930,0.7909,0.7857,0.5714,nan,nan,nan,nan,1
late,cage,4,3,resnet,False,none,lr,1e-05,0.0001,32,10,0.2375,0.8239,0.8485,0.7857,0.5673,0.8623,0.8774,0.8140,0.6143,1
late,cage,4,3,resnet,False,none,lr,1e-05,0.0001,32,11,0.1851,0.9378,0.8709,0.8095,0.4857,nan,nan,nan,nan,0
late,cage,4,3,resnet,False,none,lr,1e-05,0.0001,32,12,0.1647,0.7980,1.1605,0.4524,0.4939,nan,nan,nan,nan,0
late,cage,4,3,resnet,False,none,lr,1e-05,0.0001,32,13,0.1200,1.1238,0.9003,0.8333,0.5755,nan,nan,nan,nan,0
late,cage,4,3,resnet,False,none,lr,1e-05,0.0001,32,14,0.0955,1.0872,0.8894,0.8333,0.5837,nan,nan,nan,nan,0
late,cage,4,3,resnet,False,none,lr,1e-05,0.0001,32,15,0.0703,1.1835,0.9428,0.8333,0.5592,nan,nan,nan,nan,0
late,cage,4,3,resnet,False,none,lr,1e-05,0.0001,32,16,0.0622,1.0873,0.9548,0.8333,0.5878,nan,nan,nan,nan,0
late,cage,4,5,resnet,False,none,lr,1e-05,0.0001,32,1,0.6938,0.7218,0.7017,0.6000,0.2186,nan,nan,nan,nan,0
late,cage,4,5,resnet,False,none,lr,1e-05,0.0001,32,2,0.6753,0.7114,0.7015,0.5000,0.3548,nan,nan,nan,nan,0
late,cage,4,5,resnet,False,none,lr,1e-05,0.0001,32,3,0.6547,0.7390,0.6947,0.6000,0.4050,nan,nan,nan,nan,0
late,cage,4,5,resnet,False,none,lr,1e-05,0.0001,32,4,0.6176,0.7220,0.7077,0.6500,0.4516,nan,nan,nan,nan,0
late,cage,4,5,resnet,False,none,lr,1e-05,0.0001,32,5,0.5589,0.8373,0.7526,0.7000,0.3333,nan,nan,nan,nan,1
late,cage,4,5,resnet,False,none,lr,1e-05,0.0001,32,6,0.4684,0.8483,0.7611,0.7000,0.5269,nan,nan,nan,nan,1
late,cage,4,5,resnet,False,none,lr,1e-05,0.0001,32,7,0.3877,0.8710,0.8416,0.6500,0.4229,nan,nan,nan,nan,1
late,cage,4,5,resnet,False,none,lr,1e-05,0.0001,32,8,0.3225,1.0504,0.8599,0.6750,0.4624,nan,nan,nan,nan,1
late,cage,4,5,resnet,False,none,lr,1e-05,0.0001,32,9,0.2466,1.2168,0.9159,0.7250,0.4839,nan,nan,nan,nan,1
late,cage,4,5,resnet,False,none,lr,1e-05,0.0001,32,10,0.2016,1.3798,1.0935,0.6750,0.4014,1.1690,1.0889,0.7674,0.4786,1
late,cage,4,5,resnet,False,none,lr,1e-05,0.0001,32,11,0.1698,1.5047,1.1447,0.7000,0.4050,nan,nan,nan,nan,0
late,cage,4,5,resnet,False,none,lr,1e-05,0.0001,32,12,0.1361,1.5600,1.2176,0.7250,0.3943,nan,nan,nan,nan,0
late,cage,4,5,resnet,False,none,lr,1e-05,0.0001,32,13,0.1064,1.5933,1.2107,0.7000,0.4301,nan,nan,nan,nan,0
late,cage,4,5,resnet,False,none,lr,1e-05,0.0001,32,14,0.0912,1.6068,1.1554,0.7000,0.4695,nan,nan,nan,nan,0
late,cage,4,5,resnet,False,none,lr,1e-05,0.0001,32,15,0.0654,1.6716,1.2449,0.6750,0.4265,nan,nan,nan,nan,0
late,cage,4,5,resnet,False,none,lr,1e-05,0.0001,32,16,0.0549,1.8572,1.2738,0.7250,0.4194,nan,nan,nan,nan,0
late,cage,4,6,resnet,False,none,lr,1e-05,0.0001,32,1,0.6953,0.6872,0.6646,0.8293,0.5714,nan,nan,nan,nan,0
late,cage,4,6,resnet,False,none,lr,1e-05,0.0001,32,2,0.6767,0.6829,0.6772,0.6585,0.5905,nan,nan,nan,nan,0
late,cage,4,6,resnet,False,none,lr,1e-05,0.0001,32,3,0.6511,0.7088,0.6576,0.8293,0.5190,nan,nan,nan,nan,0
late,cage,4,6,resnet,False,none,lr,1e-05,0.0001,32,4,0.6171,0.6871,0.7327,0.4634,0.6095,nan,nan,nan,nan,0
late,cage,4,6,resnet,False,none,lr,1e-05,0.0001,32,5,0.5452,0.6720,0.7660,0.5122,0.6286,nan,nan,nan,nan,1
late,cage,4,6,resnet,False,none,lr,1e-05,0.0001,32,6,0.4703,0.8854,0.7616,0.8049,0.5762,nan,nan,nan,nan,0
late,cage,4,6,resnet,False,none,lr,1e-05,0.0001,32,7,0.3829,0.7388,0.7816,0.7073,0.5857,nan,nan,nan,nan,0
late,cage,4,6,resnet,False,none,lr,1e-05,0.0001,32,8,0.3114,0.7625,0.7361,0.7561,0.6095,nan,nan,nan,nan,1
late,cage,4,6,resnet,False,none,lr,1e-05,0.0001,32,9,0.2388,0.7751,0.8508,0.8537,0.6619,0.8295,0.9560,0.8140,0.5857,1
late,cage,4,6,resnet,False,none,lr,1e-05,0.0001,32,10,0.2083,1.0856,0.9457,0.8293,0.5667,nan,nan,nan,nan,0
late,cage,4,6,resnet,False,none,lr,1e-05,0.0001,32,11,0.1489,1.3500,1.0179,0.8537,0.6238,nan,nan,nan,nan,0
late,cage,4,6,resnet,False,none,lr,1e-05,0.0001,32,12,0.1110,0.9292,0.8935,0.7805,0.6190,nan,nan,nan,nan,0
late,cage,4,6,resnet,False,none,lr,1e-05,0.0001,32,13,0.0868,1.3086,1.0315,0.8293,0.6048,nan,nan,nan,nan,0
late,cage,4,6,resnet,False,none,lr,1e-05,0.0001,32,14,0.0717,1.0211,1.0333,0.8049,0.6238,nan,nan,nan,nan,0
late,cage,4,6,resnet,False,none,lr,1e-05,0.0001,32,15,0.0616,1.1281,0.9947,0.8293,0.5762,nan,nan,nan,nan,0
late,cage,4,6,resnet,False,none,lr,1e-05,0.0001,32,16,0.0443,1.0303,0.9792,0.8049,0.6095,nan,nan,nan,nan,0
late,cage,4,7,resnet,False,none,lr,1e-05,0.0001,32,1,0.6961,0.6956,0.6820,0.6818,0.4792,nan,nan,nan,nan,0
late,cage,4,7,resnet,False,none,lr,1e-05,0.0001,32,2,0.6877,0.6959,0.6984,0.4545,0.4340,nan,nan,nan,nan,0
late,cage,4,7,resnet,False,none,lr,1e-05,0.0001,32,3,0.6802,0.7007,0.6949,0.5455,0.4479,nan,nan,nan,nan,0
late,cage,4,7,resnet,False,none,lr,1e-05,0.0001,32,4,0.6670,0.6950,0.6902,0.7045,0.5243,nan,nan,nan,nan,0
late,cage,4,7,resnet,False,none,lr,1e-05,0.0001,32,5,0.6294,0.6844,0.6560,0.7500,0.6597,nan,nan,nan,nan,1
late,cage,4,7,resnet,False,none,lr,1e-05,0.0001,32,6,0.5657,0.6776,0.6556,0.7955,0.6944,nan,nan,nan,nan,1
late,cage,4,7,resnet,False,none,lr,1e-05,0.0001,32,7,0.4942,0.7081,0.6720,0.7955,0.6181,nan,nan,nan,nan,1
late,cage,4,7,resnet,False,none,lr,1e-05,0.0001,32,8,0.4372,0.6534,0.6450,0.8182,0.7639,nan,nan,nan,nan,1
late,cage,4,7,resnet,False,none,lr,1e-05,0.0001,32,9,0.3758,0.7046,0.5968,0.8182,0.8090,nan,nan,nan,nan,1
late,cage,4,7,resnet,False,none,lr,1e-05,0.0001,32,10,0.3317,0.6305,0.6421,0.8409,0.7986,nan,nan,nan,nan,1
late,cage,4,7,resnet,False,none,lr,1e-05,0.0001,32,11,0.2778,0.6375,0.7458,0.7273,0.7292,nan,nan,nan,nan,1
late,cage,4,7,resnet,False,none,lr,1e-05,0.0001,32,12,0.2420,0.7793,0.6597,0.8182,0.7674,nan,nan,nan,nan,1
late,cage,4,7,resnet,False,none,lr,1e-05,0.0001,32,13,0.1932,0.8258,0.6497,0.8182,0.8333,0.9911,0.9141,0.7907,0.5143,1
late,cage,4,7,resnet,False,none,lr,1e-05,0.0001,32,14,0.1607,0.7376,0.7252,0.7955,0.7569,nan,nan,nan,nan,0
late,cage,4,7,resnet,False,none,lr,1e-05,0.0001,32,15,0.1411,0.5879,0.8197,0.7273,0.7674,nan,nan,nan,nan,0
late,cage,4,7,resnet,False,none,lr,1e-05,0.0001,32,16,0.1118,1.0618,0.7560,0.8182,0.7292,nan,nan,nan,nan,0
late,cage,4,7,resnet,False,none,lr,1e-05,0.0001,32,17,0.0970,0.7419,0.7602,0.7955,0.8160,nan,nan,nan,nan,0
late,cage,4,7,resnet,False,none,lr,1e-05,0.0001,32,18,0.0817,1.3841,0.8593,0.8182,0.8160,nan,nan,nan,nan,0
late,cage,4,8,resnet,False,none,lr,1e-05,0.0001,32,1,0.6930,0.7004,0.6931,0.5532,0.3237,nan,nan,nan,nan,0
late,cage,4,8,resnet,False,none,lr,1e-05,0.0001,32,2,0.6804,0.7104,0.6927,0.5532,0.3974,nan,nan,nan,nan,0
late,cage,4,8,resnet,False,none,lr,1e-05,0.0001,32,3,0.6644,0.7234,0.6956,0.6596,0.4038,nan,nan,nan,nan,0
late,cage,4,8,resnet,False,none,lr,1e-05,0.0001,32,4,0.6275,0.8290,0.6955,0.7234,0.3397,nan,nan,nan,nan,0
late,cage,4,8,resnet,False,none,lr,1e-05,0.0001,32,5,0.5542,0.7815,0.7209,0.7447,0.4647,nan,nan,nan,nan,1
late,cage,4,8,resnet,False,none,lr,1e-05,0.0001,32,6,0.4669,0.8472,0.7146,0.7872,0.4968,nan,nan,nan,nan,1
late,cage,4,8,resnet,False,none,lr,1e-05,0.0001,32,7,0.3866,0.8843,0.7567,0.7447,0.4904,nan,nan,nan,nan,1
late,cage,4,8,resnet,False,none,lr,1e-05,0.0001,32,8,0.3212,0.9010,0.7863,0.7021,0.5353,nan,nan,nan,nan,1
late,cage,4,8,resnet,False,none,lr,1e-05,0.0001,32,9,0.2670,1.2863,0.7677,0.8298,0.5256,nan,nan,nan,nan,1
late,cage,4,8,resnet,False,none,lr,1e-05,0.0001,32,10,0.2202,1.0980,0.7558,0.8298,0.5032,nan,nan,nan,nan,1
late,cage,4,8,resnet,False,none,lr,1e-05,0.0001,32,11,0.1746,1.2823,0.8231,0.8298,0.4968,nan,nan,nan,nan,0
late,cage,4,8,resnet,False,none,lr,1e-05,0.0001,32,12,0.1502,0.9732,0.9392,0.6170,0.4936,nan,nan,nan,nan,0
late,cage,4,8,resnet,False,none,lr,1e-05,0.0001,32,13,0.1214,0.9568,0.8733,0.7660,0.5192,nan,nan,nan,nan,0
late,cage,4,8,resnet,False,none,lr,1e-05,0.0001,32,14,0.0971,1.2101,0.8879,0.8298,0.5449,nan,nan,nan,nan,0
late,cage,4,8,resnet,False,none,lr,1e-05,0.0001,32,15,0.0789,1.4144,0.9154,0.8298,0.5096,nan,nan,nan,nan,0
late,cage,4,8,resnet,False,none,lr,1e-05,0.0001,32,16,0.0589,1.3034,0.8712,0.8298,0.5513,nan,nan,nan,nan,1
late,cage,4,8,resnet,False,none,lr,1e-05,0.0001,32,17,0.0504,1.6364,0.9700,0.8298,0.5449,nan,nan,nan,nan,1
late,cage,4,8,resnet,False,none,lr,1e-05,0.0001,32,18,0.0458,1.6139,0.9658,0.8298,0.5256,nan,nan,nan,nan,0
late,cage,4,8,resnet,False,none,lr,1e-05,0.0001,32,19,0.0378,1.0075,0.9614,0.7872,0.5737,0.9934,1.0540,0.6744,0.5143,1
late,cage,4,8,resnet,False,none,lr,1e-05,0.0001,32,20,0.0348,1.6843,1.0233,0.8298,0.5032,nan,nan,nan,nan,0
late,cage,4,8,resnet,False,none,lr,1e-05,0.0001,32,21,0.0300,1.4064,0.9748,0.8298,0.5224,nan,nan,nan,nan,0
late,cage,4,8,resnet,False,none,lr,1e-05,0.0001,32,22,0.0277,1.2021,1.0268,0.8511,0.4936,nan,nan,nan,nan,0
late,cage,4,8,resnet,False,none,lr,1e-05,0.0001,32,23,0.0291,1.6333,1.1007,0.8298,0.4615,nan,nan,nan,nan,0
late,cage,4,8,resnet,False,none,lr,1e-05,0.0001,32,24,0.0422,1.5539,1.1036,0.8298,0.5288,nan,nan,nan,nan,0
late,cage,4,9,resnet,False,none,lr,1e-05,0.0001,32,1,0.6995,0.6934,0.6965,0.5000,0.4916,nan,nan,nan,nan,0
late,cage,4,9,resnet,False,none,lr,1e-05,0.0001,32,2,0.6895,0.6979,0.6989,0.5000,0.4343,nan,nan,nan,nan,0
late,cage,4,9,resnet,False,none,lr,1e-05,0.0001,32,3,0.6824,0.6943,0.6848,0.7143,0.5993,nan,nan,nan,nan,0
late,cage,4,9,resnet,False,none,lr,1e-05,0.0001,32,4,0.6635,0.7173,0.7000,0.5952,0.4377,nan,nan,nan,nan,0
late,cage,4,9,resnet,False,none,lr,1e-05,0.0001,32,5,0.6076,0.7965,0.7248,0.6667,0.3737,0.7366,0.6942,0.7442,0.5143,1
late,cage,4,9,resnet,False,none,lr,1e-05,0.0001,32,6,0.5386,0.7624,0.7247,0.6667,0.4680,nan,nan,nan,nan,0
late,cage,4,9,resnet,False,none,lr,1e-05,0.0001,32,7,0.4733,0.8023,0.7996,0.6190,0.4141,nan,nan,nan,nan,0
late,cage,4,9,resnet,False,none,lr,1e-05,0.0001,32,8,0.4196,0.8905,0.7917,0.6429,0.4007,nan,nan,nan,nan,0
late,cage,4,9,resnet,False,none,lr,1e-05,0.0001,32,9,0.3640,0.9219,0.7938,0.7381,0.3569,nan,nan,nan,nan,0
late,cage,4,9,resnet,False,none,lr,1e-05,0.0001,32,10,0.3168,0.9255,0.8327,0.6905,0.4512,nan,nan,nan,nan,0
late,cage,4,9,resnet,False,none,lr,1e-05,0.0001,32,11,0.2650,1.0229,0.8417,0.6905,0.4646,nan,nan,nan,nan,0
late,cage,4,9,resnet,False,none,lr,1e-05,0.0001,32,12,0.2264,1.0469,0.8822,0.6905,0.4377,nan,nan,nan,nan,0
late,cage,4,9,resnet,False,none,lr,1e-05,0.0001,32,13,0.1896,0.9405,0.9370,0.6429,0.4983,nan,nan,nan,nan,0
late,cage,4,9,resnet,False,none,lr,1e-05,0.0001,32,14,0.1620,1.2424,0.9318,0.7381,0.4343,nan,nan,nan,nan,0
late,cage,4,9,resnet,False,none,lr,1e-05,0.0001,32,15,0.1400,1.1539,0.9032,0.7619,0.4242,nan,nan,nan,nan,0
late,cage,4,9,resnet,False,none,lr,1e-05,0.0001,32,16,0.1131,1.2616,0.9885,0.7381,0.4512,nan,nan,nan,nan,0
late,cage,5,0,resnet,False,none,lr,1e-05,0.0001,32,1,0.6917,0.6982,0.6887,0.7209,0.4008,nan,nan,nan,nan,0
late,cage,5,0,resnet,False,none,lr,1e-05,0.0001,32,2,0.6731,0.6963,0.6959,0.6279,0.4722,nan,nan,nan,nan,0
late,cage,5,0,resnet,False,none,lr,1e-05,0.0001,32,3,0.6578,0.6851,0.6782,0.8372,0.5437,nan,nan,nan,nan,0
late,cage,5,0,resnet,False,none,lr,1e-05,0.0001,32,4,0.6335,0.6804,0.6440,0.8372,0.6349,nan,nan,nan,nan,0
late,cage,5,0,resnet,False,none,lr,1e-05,0.0001,32,5,0.5898,0.6347,0.6812,0.6977,0.7937,nan,nan,nan,nan,1
late,cage,5,0,resnet,False,none,lr,1e-05,0.0001,32,6,0.5291,0.6445,0.6363,0.8605,0.7619,nan,nan,nan,nan,1
late,cage,5,0,resnet,False,none,lr,1e-05,0.0001,32,7,0.4532,0.8080,0.6836,0.8140,0.7381,nan,nan,nan,nan,1
late,cage,5,0,resnet,False,none,lr,1e-05,0.0001,32,8,0.3990,0.7150,0.7600,0.8372,0.6389,nan,nan,nan,nan,1
late,cage,5,0,resnet,False,none,lr,1e-05,0.0001,32,9,0.3394,0.7517,0.7664,0.8140,0.6706,nan,nan,nan,nan,1
late,cage,5,0,resnet,False,none,lr,1e-05,0.0001,32,10,0.2927,0.7639,0.7011,0.8372,0.8373,nan,nan,nan,nan,1
late,cage,5,0,resnet,False,none,lr,1e-05,0.0001,32,11,0.2333,0.7562,0.7984,0.8140,0.7341,nan,nan,nan,nan,0
late,cage,5,0,resnet,False,none,lr,1e-05,0.0001,32,12,0.1873,0.6483,0.7552,0.8605,0.8095,nan,nan,nan,nan,1
late,cage,5,0,resnet,False,none,lr,1e-05,0.0001,32,13,0.1525,0.8681,0.8512,0.8140,0.7540,nan,nan,nan,nan,1
late,cage,5,0,resnet,False,none,lr,1e-05,0.0001,32,14,0.1269,1.2915,0.9603,0.8140,0.7421,nan,nan,nan,nan,1
late,cage,5,0,resnet,False,none,lr,1e-05,0.0001,32,15,0.0958,1.1042,0.9151,0.8372,0.8214,nan,nan,nan,nan,0
late,cage,5,0,resnet,False,none,lr,1e-05,0.0001,32,16,0.0764,0.9764,0.9284,0.8140,0.7976,nan,nan,nan,nan,1
late,cage,5,0,resnet,False,none,lr,1e-05,0.0001,32,17,0.0661,0.6611,0.9505,0.8372,0.8016,nan,nan,nan,nan,0
late,cage,5,0,resnet,False,none,lr,1e-05,0.0001,32,18,0.0536,0.9611,0.9116,0.8140,0.8175,nan,nan,nan,nan,1
late,cage,5,0,resnet,False,none,lr,1e-05,0.0001,32,19,0.0461,1.6811,1.1805,0.8372,0.8175,nan,nan,nan,nan,1
late,cage,5,0,resnet,False,none,lr,1e-05,0.0001,32,20,0.0344,1.4629,1.0992,0.8372,0.8452,nan,nan,nan,nan,0
late,cage,5,0,resnet,False,none,lr,1e-05,0.0001,32,21,0.0318,1.2590,1.0521,0.8372,0.8095,2.3171,1.5845,0.7750,0.3799,1
late,cage,5,0,resnet,False,none,lr,1e-05,0.0001,32,22,0.0515,1.3673,1.1145,0.8140,0.7857,nan,nan,nan,nan,0
late,cage,5,0,resnet,False,none,lr,1e-05,0.0001,32,23,0.0347,1.5720,1.2290,0.8372,0.8016,nan,nan,nan,nan,0
late,cage,5,0,resnet,False,none,lr,1e-05,0.0001,32,24,0.0301,0.9257,1.0011,0.8140,0.8016,nan,nan,nan,nan,0
late,cage,5,0,resnet,False,none,lr,1e-05,0.0001,32,25,0.0261,0.9394,1.0612,0.8140,0.7460,nan,nan,nan,nan,0
late,cage,5,0,resnet,False,none,lr,1e-05,0.0001,32,26,0.0237,1.1905,1.1365,0.8372,0.7381,nan,nan,nan,nan,0
late,cage,5,1,resnet,False,none,lr,1e-05,0.0001,32,1,0.7106,0.6928,0.6949,0.4419,0.5198,nan,nan,nan,nan,0
late,cage,5,1,resnet,False,none,lr,1e-05,0.0001,32,2,0.6833,0.6865,0.6858,0.5349,0.6032,nan,nan,nan,nan,0
late,cage,5,1,resnet,False,none,lr,1e-05,0.0001,32,3,0.6686,0.6916,0.6557,0.7674,0.6071,nan,nan,nan,nan,0
late,cage,5,1,resnet,False,none,lr,1e-05,0.0001,32,4,0.6429,0.6808,0.6234,0.7907,0.6905,nan,nan,nan,nan,0
late,cage,5,1,resnet,False,none,lr,1e-05,0.0001,32,5,0.5892,0.6854,0.6496,0.7674,0.5754,nan,nan,nan,nan,1
late,cage,5,1,resnet,False,none,lr,1e-05,0.0001,32,6,0.5065,0.6635,0.6647,0.7907,0.6667,nan,nan,nan,nan,1
late,cage,5,1,resnet,False,none,lr,1e-05,0.0001,32,7,0.4149,0.6848,0.7826,0.5814,0.5794,nan,nan,nan,nan,0
late,cage,5,1,resnet,False,none,lr,1e-05,0.0001,32,8,0.3363,0.8268,0.6934,0.8605,0.6151,nan,nan,nan,nan,0
late,cage,5,1,resnet,False,none,lr,1e-05,0.0001,32,9,0.2827,0.6650,0.7452,0.7907,0.6944,nan,nan,nan,nan,0
late,cage,5,1,resnet,False,none,lr,1e-05,0.0001,32,10,0.2290,0.9177,0.7239,0.8605,0.5913,nan,nan,nan,nan,0
late,cage,5,1,resnet,False,none,lr,1e-05,0.0001,32,11,0.1788,0.7831,0.8422,0.6977,0.5913,nan,nan,nan,nan,0
late,cage,5,1,resnet,False,none,lr,1e-05,0.0001,32,12,0.1449,0.8105,0.7571,0.8605,0.6389,nan,nan,nan,nan,0
late,cage,5,1,resnet,False,none,lr,1e-05,0.0001,32,13,0.1136,1.0302,0.8043,0.8372,0.6984,nan,nan,nan,nan,1
late,cage,5,1,resnet,False,none,lr,1e-05,0.0001,32,14,0.0964,0.8776,0.7868,0.8605,0.6786,nan,nan,nan,nan,0
late,cage,5,1,resnet,False,none,lr,1e-05,0.0001,32,15,0.0766,0.9831,0.8075,0.8605,0.6587,nan,nan,nan,nan,1
late,cage,5,1,resnet,False,none,lr,1e-05,0.0001,32,16,0.0643,0.9311,0.8184,0.8605,0.7063,nan,nan,nan,nan,1
late,cage,5,1,resnet,False,none,lr,1e-05,0.0001,32,17,0.0662,0.8046,0.8546,0.8605,0.7024,nan,nan,nan,nan,1
late,cage,5,1,resnet,False,none,lr,1e-05,0.0001,32,18,0.0574,1.4113,0.9057,0.8372,0.6984,nan,nan,nan,nan,0
late,cage,5,1,resnet,False,none,lr,1e-05,0.0001,32,19,0.0427,0.8640,0.8528,0.8372,0.7024,nan,nan,nan,nan,0
late,cage,5,1,resnet,False,none,lr,1e-05,0.0001,32,20,0.0371,1.4409,0.9358,0.8372,0.7103,2.1672,1.3866,0.7750,0.4767,1
late,cage,5,1,resnet,False,none,lr,1e-05,0.0001,32,21,0.0334,0.9192,1.0234,0.8140,0.6548,nan,nan,nan,nan,0
late,cage,5,1,resnet,False,none,lr,1e-05,0.0001,32,22,0.0378,1.2658,0.9780,0.8605,0.6151,nan,nan,nan,nan,0
late,cage,5,1,resnet,False,none,lr,1e-05,0.0001,32,23,0.0303,1.1837,1.0302,0.8605,0.5675,nan,nan,nan,nan,0
late,cage,5,1,resnet,False,none,lr,1e-05,0.0001,32,24,0.0199,0.8981,0.9871,0.8372,0.6825,nan,nan,nan,nan,0
late,cage,5,1,resnet,False,none,lr,1e-05,0.0001,32,25,0.0197,1.1733,0.9995,0.8605,0.6667,nan,nan,nan,nan,0
late,cage,5,2,resnet,False,none,lr,1e-05,0.0001,32,1,0.7268,0.6977,0.7246,0.1905,0.3162,nan,nan,nan,nan,0
late,cage,5,2,resnet,False,none,lr,1e-05,0.0001,32,2,0.6916,0.7050,0.6905,0.6905,0.3125,nan,nan,nan,nan,0
late,cage,5,2,resnet,False,none,lr,1e-05,0.0001,32,3,0.6858,0.7131,0.7067,0.5238,0.2500,nan,nan,nan,nan,0
late,cage,5,2,resnet,False,none,lr,1e-05,0.0001,32,4,0.6759,0.7128,0.6899,0.6905,0.3897,nan,nan,nan,nan,0
late,cage,5,2,resnet,False,none,lr,1e-05,0.0001,32,5,0.6517,0.6898,0.6685,0.7619,0.6507,nan,nan,nan,nan,1
late,cage,5,2,resnet,False,none,lr,1e-05,0.0001,32,6,0.5998,0.6904,0.7908,0.2381,0.6176,nan,nan,nan,nan,1
late,cage,5,2,resnet,False,none,lr,1e-05,0.0001,32,7,0.5467,0.7576,0.6689,0.7619,0.4669,nan,nan,nan,nan,1
late,cage,5,2,resnet,False,none,lr,1e-05,0.0001,32,8,0.4854,0.7364,0.6450,0.8095,0.6103,nan,nan,nan,nan,1
late,cage,5,2,resnet,False,none,lr,1e-05,0.0001,32,9,0.4337,0.7169,0.6410,0.8095,0.6581,nan,nan,nan,nan,1
late,cage,5,2,resnet,False,none,lr,1e-05,0.0001,32,10,0.3856,0.7372,0.6511,0.8095,0.6544,nan,nan,nan,nan,0
late,cage,5,2,resnet,False,none,lr,1e-05,0.0001,32,11,0.3334,0.7663,0.6524,0.8095,0.6765,nan,nan,nan,nan,1
late,cage,5,2,resnet,False,none,lr,1e-05,0.0001,32,12,0.2950,0.7718,0.6645,0.8333,0.7132,nan,nan,nan,nan,1
late,cage,5,2,resnet,False,none,lr,1e-05,0.0001,32,13,0.2545,0.7507,0.6467,0.8095,0.7941,nan,nan,nan,nan,1
late,cage,5,2,resnet,False,none,lr,1e-05,0.0001,32,14,0.2250,0.7522,0.7146,0.8333,0.6213,nan,nan,nan,nan,0
late,cage,5,2,resnet,False,none,lr,1e-05,0.0001,32,15,0.1909,0.9978,0.7021,0.8095,0.7316,nan,nan,nan,nan,1
late,cage,5,2,resnet,False,none,lr,1e-05,0.0001,32,16,0.1625,1.0513,0.7359,0.8095,0.6838,nan,nan,nan,nan,0
late,cage,5,2,resnet,False,none,lr,1e-05,0.0001,32,17,0.1317,0.8268,0.7078,0.8333,0.7316,nan,nan,nan,nan,1
late,cage,5,2,resnet,False,none,lr,1e-05,0.0001,32,18,0.1135,1.0395,0.7319,0.8095,0.7353,nan,nan,nan,nan,0
late,cage,5,2,resnet,False,none,lr,1e-05,0.0001,32,19,0.1032,0.9605,0.7756,0.8095,0.6912,nan,nan,nan,nan,0
late,cage,5,2,resnet,False,none,lr,1e-05,0.0001,32,20,0.0914,0.8020,0.7613,0.8095,0.7426,nan,nan,nan,nan,0
late,cage,5,2,resnet,False,none,lr,1e-05,0.0001,32,21,0.0733,0.8799,0.8039,0.8095,0.7390,1.2515,1.0335,0.7500,0.5161,1
late,cage,5,2,resnet,False,none,lr,1e-05,0.0001,32,22,0.0727,0.8754,0.8356,0.7857,0.7206,nan,nan,nan,nan,0
late,cage,5,2,resnet,False,none,lr,1e-05,0.0001,32,23,0.0657,1.2727,0.8812,0.8095,0.6912,nan,nan,nan,nan,0
late,cage,5,2,resnet,False,none,lr,1e-05,0.0001,32,24,0.0569,0.9874,0.8543,0.8095,0.7316,nan,nan,nan,nan,0
late,cage,5,2,resnet,False,none,lr,1e-05,0.0001,32,25,0.0460,1.3213,0.9177,0.8095,0.7390,nan,nan,nan,nan,0
late,cage,5,2,resnet,False,none,lr,1e-05,0.0001,32,26,0.0489,1.1278,0.8798,0.8095,0.7500,nan,nan,nan,nan,0
late,cage,5,3,resnet,False,none,lr,1e-05,0.0001,32,1,0.6899,0.6856,0.6631,0.8095,0.6408,nan,nan,nan,nan,0
late,cage,5,3,resnet,False,none,lr,1e-05,0.0001,32,2,0.6761,0.6818,0.6616,0.8095,0.6571,nan,nan,nan,nan,0
late,cage,5,3,resnet,False,none,lr,1e-05,0.0001,32,3,0.6585,0.6841,0.6487,0.7857,0.6041,nan,nan,nan,nan,0
late,cage,5,3,resnet,False,none,lr,1e-05,0.0001,32,4,0.6260,0.6913,0.6836,0.7619,0.5388,nan,nan,nan,nan,0
late,cage,5,3,resnet,False,none,lr,1e-05,0.0001,32,5,0.5647,0.6625,0.7234,0.6429,0.6571,nan,nan,nan,nan,1
late,cage,5,3,resnet,False,none,lr,1e-05,0.0001,32,6,0.4921,0.6651,0.6931,0.8095,0.7020,nan,nan,nan,nan,1
late,cage,5,3,resnet,False,none,lr,1e-05,0.0001,32,7,0.3989,0.8991,0.7354,0.8095,0.5755,nan,nan,nan,nan,0
late,cage,5,3,resnet,False,none,lr,1e-05,0.0001,32,8,0.3442,0.7630,0.7165,0.7857,0.6816,nan,nan,nan,nan,0
late,cage,5,3,resnet,False,none,lr,1e-05,0.0001,32,9,0.2796,0.8373,0.7533,0.8333,0.6327,1.1141,0.9158,0.7000,0.4409,1
late,cage,5,3,resnet,False,none,lr,1e-05,0.0001,32,10,0.2274,0.9032,0.8154,0.8095,0.6245,nan,nan,nan,nan,0
late,cage,5,3,resnet,False,none,lr,1e-05,0.0001,32,11,0.1862,0.9752,0.8336,0.8095,0.5918,nan,nan,nan,nan,0
late,cage,5,3,resnet,False,none,lr,1e-05,0.0001,32,12,0.1505,0.9161,0.8225,0.7857,0.6327,nan,nan,nan,nan,0
late,cage,5,3,resnet,False,none,lr,1e-05,0.0001,32,13,0.1215,0.9631,0.8394,0.8333,0.6857,nan,nan,nan,nan,0
late,cage,5,3,resnet,False,none,lr,1e-05,0.0001,32,14,0.0973,1.1114,0.9342,0.8095,0.5388,nan,nan,nan,nan,0
late,cage,5,3,resnet,False,none,lr,1e-05,0.0001,32,15,0.0891,1.1200,0.9172,0.7857,0.5837,nan,nan,nan,nan,0
late,cage,5,3,resnet,False,none,lr,1e-05,0.0001,32,16,0.0675,1.2160,0.9561,0.8095,0.5755,nan,nan,nan,nan,0
late,cage,5,4,resnet,False,none,lr,1e-05,0.0001,32,1,0.6985,0.7035,0.7004,0.5116,0.3964,nan,nan,nan,nan,0
late,cage,5,4,resnet,False,none,lr,1e-05,0.0001,32,2,0.6870,0.7132,0.6970,0.6744,0.3321,nan,nan,nan,nan,0
late,cage,5,4,resnet,False,none,lr,1e-05,0.0001,32,3,0.6729,0.7153,0.6980,0.6512,0.4071,nan,nan,nan,nan,0
late,cage,5,4,resnet,False,none,lr,1e-05,0.0001,32,4,0.6433,0.7367,0.7057,0.6047,0.4393,nan,nan,nan,nan,0
late,cage,5,4,resnet,False,none,lr,1e-05,0.0001,32,5,0.5885,0.7223,0.7317,0.5814,0.4929,nan,nan,nan,nan,1
late,cage,5,4,resnet,False,none,lr,1e-05,0.0001,32,6,0.5089,0.7303,0.7290,0.7209,0.6036,nan,nan,nan,nan,1
late,cage,5,4,resnet,False,none,lr,1e-05,0.0001,32,7,0.4309,0.7683,0.7750,0.6512,0.5071,nan,nan,nan,nan,1
late,cage,5,4,resnet,False,none,lr,1e-05,0.0001,32,8,0.3651,0.8029,0.8241,0.6512,0.4964,nan,nan,nan,nan,1
late,cage,5,4,resnet,False,none,lr,1e-05,0.0001,32,9,0.3051,0.7444,0.8325,0.6047,0.5286,0.8084,0.7731,0.6750,0.5233,1
late,cage,5,4,resnet,False,none,lr,1e-05,0.0001,32,10,0.2430,0.9406,0.9070,0.7674,0.4679,nan,nan,nan,nan,0
late,cage,5,4,resnet,False,none,lr,1e-05,0.0001,32,11,0.2130,0.9762,0.9744,0.6977,0.5679,nan,nan,nan,nan,0
late,cage,5,4,resnet,False,none,lr,1e-05,0.0001,32,12,0.1636,0.8349,0.9820,0.6047,0.4714,nan,nan,nan,nan,0
late,cage,5,4,resnet,False,none,lr,1e-05,0.0001,32,13,0.1370,1.0726,1.0039,0.7907,0.5071,nan,nan,nan,nan,0
late,cage,5,4,resnet,False,none,lr,1e-05,0.0001,32,14,0.1171,1.2810,1.1820,0.7907,0.4607,nan,nan,nan,nan,0
late,cage,5,4,resnet,False,none,lr,1e-05,0.0001,32,15,0.0948,1.3946,1.1889,0.8140,0.4857,nan,nan,nan,nan,0
late,cage,5,4,resnet,False,none,lr,1e-05,0.0001,32,16,0.0833,1.2698,1.1303,0.8140,0.5286,nan,nan,nan,nan,0
late,cage,5,6,resnet,False,none,lr,1e-05,0.0001,32,1,0.6938,0.6891,0.6848,0.7317,0.5667,nan,nan,nan,nan,0
late,cage,5,6,resnet,False,none,lr,1e-05,0.0001,32,2,0.6818,0.6870,0.6808,0.7073,0.5810,nan,nan,nan,nan,0
late,cage,5,6,resnet,False,none,lr,1e-05,0.0001,32,3,0.6694,0.6891,0.6642,0.8293,0.5524,nan,nan,nan,nan,0
late,cage,5,6,resnet,False,none,lr,1e-05,0.0001,32,4,0.6457,0.6871,0.6746,0.8049,0.6238,nan,nan,nan,nan,0
late,cage,5,6,resnet,False,none,lr,1e-05,0.0001,32,5,0.6029,0.6865,0.7095,0.6829,0.6190,nan,nan,nan,nan,1
late,cage,5,6,resnet,False,none,lr,1e-05,0.0001,32,6,0.5282,0.7499,0.7634,0.7805,0.5048,nan,nan,nan,nan,0
late,cage,5,6,resnet,False,none,lr,1e-05,0.0001,32,7,0.4489,0.7935,0.7320,0.8049,0.5619,nan,nan,nan,nan,0
late,cage,5,6,resnet,False,none,lr,1e-05,0.0001,32,8,0.3758,0.8366,0.7323,0.8537,0.6619,nan,nan,nan,nan,1
late,cage,5,6,resnet,False,none,lr,1e-05,0.0001,32,9,0.3143,0.7854,0.7298,0.8293,0.6286,nan,nan,nan,nan,0
late,cage,5,6,resnet,False,none,lr,1e-05,0.0001,32,10,0.2702,0.7658,0.7863,0.8049,0.5619,nan,nan,nan,nan,0
late,cage,5,6,resnet,False,none,lr,1e-05,0.0001,32,11,0.2126,0.8437,0.7661,0.8293,0.6238,nan,nan,nan,nan,1
late,cage,5,6,resnet,False,none,lr,1e-05,0.0001,32,12,0.1786,0.7969,0.7911,0.8293,0.6048,nan,nan,nan,nan,1
late,cage,5,6,resnet,False,none,lr,1e-05,0.0001,32,13,0.1552,0.7815,0.7997,0.8537,0.6619,nan,nan,nan,nan,0
late,cage,5,6,resnet,False,none,lr,1e-05,0.0001,32,14,0.1351,0.8041,0.8404,0.8537,0.6286,nan,nan,nan,nan,0
late,cage,5,6,resnet,False,none,lr,1e-05,0.0001,32,15,0.1118,0.9529,0.8524,0.8537,0.6381,1.3954,1.0847,0.7250,0.4695,1
late,cage,5,6,resnet,False,none,lr,1e-05,0.0001,32,16,0.0800,0.9228,0.8576,0.8049,0.5905,nan,nan,nan,nan,0
late,cage,5,6,resnet,False,none,lr,1e-05,0.0001,32,17,0.0882,0.9176,0.8942,0.8293,0.6238,nan,nan,nan,nan,0
late,cage,5,6,resnet,False,none,lr,1e-05,0.0001,32,18,0.0687,1.2041,0.9793,0.8537,0.6095,nan,nan,nan,nan,0
late,cage,5,6,resnet,False,none,lr,1e-05,0.0001,32,19,0.0510,1.1464,0.9815,0.8293,0.6286,nan,nan,nan,nan,0
late,cage,5,6,resnet,False,none,lr,1e-05,0.0001,32,20,0.0523,1.2882,0.9987,0.8537,0.6905,nan,nan,nan,nan,0
late,cage,5,7,resnet,False,none,lr,1e-05,0.0001,32,1,0.6939,0.7038,0.6639,0.8182,0.3646,nan,nan,nan,nan,0
late,cage,5,7,resnet,False,none,lr,1e-05,0.0001,32,2,0.6868,0.7060,0.6767,0.7045,0.3854,nan,nan,nan,nan,0
late,cage,5,7,resnet,False,none,lr,1e-05,0.0001,32,3,0.6795,0.7046,0.6912,0.6136,0.4132,nan,nan,nan,nan,0
late,cage,5,7,resnet,False,none,lr,1e-05,0.0001,32,4,0.6655,0.7080,0.7003,0.5682,0.4549,nan,nan,nan,nan,0
late,cage,5,7,resnet,False,none,lr,1e-05,0.0001,32,5,0.6427,0.7073,0.6762,0.6591,0.4757,nan,nan,nan,nan,1
late,cage,5,7,resnet,False,none,lr,1e-05,0.0001,32,6,0.6074,0.7094,0.6635,0.7500,0.4861,nan,nan,nan,nan,1
late,cage,5,7,resnet,False,none,lr,1e-05,0.0001,32,7,0.5621,0.6807,0.6829,0.6364,0.6354,nan,nan,nan,nan,1
late,cage,5,7,resnet,False,none,lr,1e-05,0.0001,32,8,0.5160,0.6917,0.6598,0.7045,0.6042,nan,nan,nan,nan,1
late,cage,5,7,resnet,False,none,lr,1e-05,0.0001,32,9,0.4674,0.7265,0.6048,0.8182,0.6424,nan,nan,nan,nan,1
late,cage,5,7,resnet,False,none,lr,1e-05,0.0001,32,10,0.4221,0.7649,0.5892,0.8182,0.6840,nan,nan,nan,nan,1
late,cage,5,7,resnet,False,none,lr,1e-05,0.0001,32,11,0.3692,0.7283,0.6354,0.8409,0.6250,nan,nan,nan,nan,1
late,cage,5,7,resnet,False,none,lr,1e-05,0.0001,32,12,0.3207,0.7682,0.6040,0.8182,0.7153,nan,nan,nan,nan,1
late,cage,5,7,resnet,False,none,lr,1e-05,0.0001,32,13,0.2719,0.8016,0.6301,0.7955,0.6840,nan,nan,nan,nan,1
late,cage,5,7,resnet,False,none,lr,1e-05,0.0001,32,14,0.2310,0.6931,0.6865,0.7727,0.6910,nan,nan,nan,nan,1
late,cage,5,7,resnet,False,none,lr,1e-05,0.0001,32,15,0.1962,0.7404,0.6310,0.7955,0.7257,nan,nan,nan,nan,1
late,cage,5,7,resnet,False,none,lr,1e-05,0.0001,32,16,0.1656,0.8395,0.6474,0.8182,0.7222,1.0623,0.8577,0.7000,0.4659,1
late,cage,5,7,resnet,False,none,lr,1e-05,0.0001,32,17,0.1456,0.8843,0.6726,0.8182,0.6979,nan,nan,nan,nan,0
late,cage,5,7,resnet,False,none,lr,1e-05,0.0001,32,18,0.1246,0.8629,0.7192,0.8182,0.6736,nan,nan,nan,nan,0
late,cage,5,7,resnet,False,none,lr,1e-05,0.0001,32,19,0.1153,0.9477,0.7280,0.8182,0.6562,nan,nan,nan,nan,0
late,cage,5,7,resnet,False,none,lr,1e-05,0.0001,32,20,0.0907,1.0622,0.7288,0.8182,0.6597,nan,nan,nan,nan,0
late,cage,5,7,resnet,False,none,lr,1e-05,0.0001,32,21,0.0754,1.1710,0.7627,0.8182,0.7014,nan,nan,nan,nan,0
late,cage,5,8,resnet,False,none,lr,1e-05,0.0001,32,1,0.6932,0.6939,0.7029,0.5532,0.5641,nan,nan,nan,nan,0
late,cage,5,8,resnet,False,none,lr,1e-05,0.0001,32,2,0.6719,0.7092,0.7356,0.3191,0.4295,nan,nan,nan,nan,0
late,cage,5,8,resnet,False,none,lr,1e-05,0.0001,32,3,0.6445,0.7157,0.7650,0.3404,0.4647,nan,nan,nan,nan,0
late,cage,5,8,resnet,False,none,lr,1e-05,0.0001,32,4,0.6071,0.7312,0.8436,0.3404,0.4519,nan,nan,nan,nan,0
late,cage,5,8,resnet,False,none,lr,1e-05,0.0001,32,5,0.5473,0.7364,0.6987,0.6596,0.5192,nan,nan,nan,nan,1
late,cage,5,8,resnet,False,none,lr,1e-05,0.0001,32,6,0.4591,0.7830,0.9184,0.4468,0.4231,nan,nan,nan,nan,0
late,cage,5,8,resnet,False,none,lr,1e-05,0.0001,32,7,0.3874,0.8966,0.8681,0.6596,0.4712,nan,nan,nan,nan,0
late,cage,5,8,resnet,False,none,lr,1e-05,0.0001,32,8,0.3208,1.1336,0.7968,0.8085,0.5032,nan,nan,nan,nan,0
late,cage,5,8,resnet,False,none,lr,1e-05,0.0001,32,9,0.2538,1.3556,0.9028,0.8298,0.5000,nan,nan,nan,nan,0
late,cage,5,8,resnet,False,none,lr,1e-05,0.0001,32,10,0.2035,1.3750,0.8887,0.8298,0.5833,nan,nan,nan,nan,1
late,cage,5,8,resnet,False,none,lr,1e-05,0.0001,32,11,0.1530,1.3608,0.9276,0.8298,0.5737,nan,nan,nan,nan,1
late,cage,5,8,resnet,False,none,lr,1e-05,0.0001,32,12,0.1259,1.2569,0.9698,0.7872,0.5385,nan,nan,nan,nan,1
late,cage,5,8,resnet,False,none,lr,1e-05,0.0001,32,13,0.1064,1.3429,1.0171,0.8085,0.5417,nan,nan,nan,nan,1
late,cage,5,8,resnet,False,none,lr,1e-05,0.0001,32,14,0.0840,1.4480,1.0508,0.8085,0.5353,1.7947,1.2327,0.7250,0.4839,1
late,cage,5,8,resnet,False,none,lr,1e-05,0.0001,32,15,0.0660,1.5823,1.1106,0.8298,0.5673,nan,nan,nan,nan,0
late,cage,5,8,resnet,False,none,lr,1e-05,0.0001,32,16,0.0479,1.9661,1.2064,0.8298,0.5321,nan,nan,nan,nan,0
late,cage,5,8,resnet,False,none,lr,1e-05,0.0001,32,17,0.0434,1.4859,1.1287,0.8085,0.5256,nan,nan,nan,nan,0
late,cage,5,8,resnet,False,none,lr,1e-05,0.0001,32,18,0.0398,1.5799,1.1248,0.8085,0.5577,nan,nan,nan,nan,0
late,cage,5,8,resnet,False,none,lr,1e-05,0.0001,32,19,0.0309,1.5496,1.1535,0.8085,0.5641,nan,nan,nan,nan,0
late,cage,5,9,resnet,False,none,lr,1e-05,0.0001,32,1,0.6927,0.6871,0.6969,0.5476,0.6296,nan,nan,nan,nan,0
late,cage,5,9,resnet,False,none,lr,1e-05,0.0001,32,2,0.6666,0.7158,0.6743,0.7143,0.5286,nan,nan,nan,nan,0
late,cage,5,9,resnet,False,none,lr,1e-05,0.0001,32,3,0.6383,0.7880,0.6597,0.7857,0.4781,nan,nan,nan,nan,0
late,cage,5,9,resnet,False,none,lr,1e-05,0.0001,32,4,0.5879,0.7580,0.7022,0.6905,0.5152,nan,nan,nan,nan,0
late,cage,5,9,resnet,False,none,lr,1e-05,0.0001,32,5,0.5168,0.8363,0.7938,0.6667,0.4916,nan,nan,nan,nan,1
late,cage,5,9,resnet,False,none,lr,1e-05,0.0001,32,6,0.4298,0.7314,0.8071,0.6429,0.5859,nan,nan,nan,nan,0
late,cage,5,9,resnet,False,none,lr,1e-05,0.0001,32,7,0.3602,0.9344,0.9504,0.6190,0.4478,nan,nan,nan,nan,0
late,cage,5,9,resnet,False,none,lr,1e-05,0.0001,32,8,0.2825,1.3450,1.0306,0.7143,0.5253,nan,nan,nan,nan,0
late,cage,5,9,resnet,False,none,lr,1e-05,0.0001,32,9,0.2270,0.8373,1.1139,0.6429,0.5825,nan,nan,nan,nan,0
late,cage,5,9,resnet,False,none,lr,1e-05,0.0001,32,10,0.1728,1.6979,1.2572,0.7619,0.4613,nan,nan,nan,nan,0
late,cage,5,9,resnet,False,none,lr,1e-05,0.0001,32,11,0.1435,1.3511,1.2326,0.6905,0.4882,nan,nan,nan,nan,0
late,cage,5,9,resnet,False,none,lr,1e-05,0.0001,32,12,0.1098,1.5030,1.1817,0.7381,0.5825,nan,nan,nan,nan,0
late,cage,5,9,resnet,False,none,lr,1e-05,0.0001,32,13,0.0746,1.5865,1.2897,0.7381,0.5286,nan,nan,nan,nan,0
late,cage,5,9,resnet,False,none,lr,1e-05,0.0001,32,14,0.0603,1.0394,1.2841,0.7143,0.5589,nan,nan,nan,nan,0
late,cage,5,9,resnet,False,none,lr,1e-05,0.0001,32,15,0.0579,1.2322,1.2677,0.7619,0.5421,nan,nan,nan,nan,1
late,cage,5,9,resnet,False,none,lr,1e-05,0.0001,32,16,0.0462,1.9131,1.5338,0.7381,0.5219,2.3285,1.7295,0.7500,0.3405,1
late,cage,5,9,resnet,False,none,lr,1e-05,0.0001,32,17,0.0395,1.7528,1.3535,0.7619,0.5253,nan,nan,nan,nan,0
late,cage,5,9,resnet,False,none,lr,1e-05,0.0001,32,18,0.0307,1.8726,1.4581,0.7381,0.5387,nan,nan,nan,nan,0
late,cage,5,9,resnet,False,none,lr,1e-05,0.0001,32,19,0.0409,1.6525,1.7023,0.7381,0.4512,nan,nan,nan,nan,0
late,cage,5,9,resnet,False,none,lr,1e-05,0.0001,32,20,0.0467,1.9342,1.5014,0.7619,0.4815,nan,nan,nan,nan,0
late,cage,5,9,resnet,False,none,lr,1e-05,0.0001,32,21,0.0206,2.4290,1.5500,0.7857,0.5219,nan,nan,nan,nan,0
late,cage,6,0,resnet,False,none,lr,1e-05,0.0001,32,1,0.7377,0.6954,0.6735,0.8372,0.4008,nan,nan,nan,nan,0
late,cage,6,0,resnet,False,none,lr,1e-05,0.0001,32,2,0.6829,0.6916,0.6772,0.8372,0.5000,nan,nan,nan,nan,0
late,cage,6,0,resnet,False,none,lr,1e-05,0.0001,32,3,0.6722,0.6882,0.6791,0.7442,0.6111,nan,nan,nan,nan,0
late,cage,6,0,resnet,False,none,lr,1e-05,0.0001,32,4,0.6496,0.6741,0.6772,0.7674,0.6746,nan,nan,nan,nan,0
late,cage,6,0,resnet,False,none,lr,1e-05,0.0001,32,5,0.6013,0.6707,0.6269,0.8372,0.7302,nan,nan,nan,nan,1
late,cage,6,0,resnet,False,none,lr,1e-05,0.0001,32,6,0.5160,0.6327,0.6505,0.8605,0.7024,nan,nan,nan,nan,1
late,cage,6,0,resnet,False,none,lr,1e-05,0.0001,32,7,0.4218,0.7396,0.6956,0.8372,0.6825,0.9326,0.8046,0.8049,0.4095,1
late,cage,6,0,resnet,False,none,lr,1e-05,0.0001,32,8,0.3439,0.7912,0.7746,0.8372,0.6230,nan,nan,nan,nan,0
late,cage,6,0,resnet,False,none,lr,1e-05,0.0001,32,9,0.2871,0.6828,0.7442,0.8605,0.6429,nan,nan,nan,nan,0
late,cage,6,0,resnet,False,none,lr,1e-05,0.0001,32,10,0.2301,0.6919,0.7779,0.8372,0.6587,nan,nan,nan,nan,0
late,cage,6,0,resnet,False,none,lr,1e-05,0.0001,32,11,0.1786,0.7783,0.7962,0.8140,0.6389,nan,nan,nan,nan,0
late,cage,6,0,resnet,False,none,lr,1e-05,0.0001,32,12,0.1444,0.7977,0.8124,0.8605,0.6389,nan,nan,nan,nan,0
late,cage,6,0,resnet,False,none,lr,1e-05,0.0001,32,13,0.1195,0.8816,0.8477,0.8372,0.6310,nan,nan,nan,nan,0
late,cage,6,0,resnet,False,none,lr,1e-05,0.0001,32,14,0.0991,0.8364,0.8474,0.7907,0.6627,nan,nan,nan,nan,0
late,cage,6,0,resnet,False,none,lr,1e-05,0.0001,32,15,0.0831,0.9997,0.9135,0.8605,0.6508,nan,nan,nan,nan,0
late,cage,6,0,resnet,False,none,lr,1e-05,0.0001,32,16,0.0677,0.9958,0.9478,0.8140,0.6548,nan,nan,nan,nan,0
late,cage,6,1,resnet,False,none,lr,1e-05,0.0001,32,1,0.6888,0.6927,0.6400,0.8372,0.5595,nan,nan,nan,nan,0
late,cage,6,1,resnet,False,none,lr,1e-05,0.0001,32,2,0.6718,0.6845,0.6630,0.6977,0.6071,nan,nan,nan,nan,0
late,cage,6,1,resnet,False,none,lr,1e-05,0.0001,32,3,0.6531,0.6706,0.6609,0.7442,0.6825,nan,nan,nan,nan,0
late,cage,6,1,resnet,False,none,lr,1e-05,0.0001,32,4,0.6249,0.6600,0.6466,0.7907,0.7103,nan,nan,nan,nan,0
late,cage,6,1,resnet,False,none,lr,1e-05,0.0001,32,5,0.5756,0.7094,0.6091,0.8605,0.5754,nan,nan,nan,nan,1
late,cage,6,1,resnet,False,none,lr,1e-05,0.0001,32,6,0.4972,0.6700,0.6535,0.7442,0.6230,0.7196,0.7026,0.7805,0.5714,1
late,cage,6,1,resnet,False,none,lr,1e-05,0.0001,32,7,0.4235,0.7303,0.6831,0.7907,0.5992,nan,nan,nan,nan,0
late,cage,6,1,resnet,False,none,lr,1e-05,0.0001,32,8,0.3401,0.8625,0.7725,0.7674,0.5476,nan,nan,nan,nan,0
late,cage,6,1,resnet,False,none,lr,1e-05,0.0001,32,9,0.2782,1.1959,0.8440,0.8605,0.5159,nan,nan,nan,nan,0
late,cage,6,1,resnet,False,none,lr,1e-05,0.0001,32,10,0.2230,0.9850,0.8101,0.8372,0.5754,nan,nan,nan,nan,0
late,cage,6,1,resnet,False,none,lr,1e-05,0.0001,32,11,0.1735,1.0659,0.8847,0.8605,0.5159,nan,nan,nan,nan,0
late,cage,6,1,resnet,False,none,lr,1e-05,0.0001,32,12,0.1387,0.9881,0.8610,0.8372,0.5952,nan,nan,nan,nan,0
late,cage,6,1,resnet,False,none,lr,1e-05,0.0001,32,13,0.1185,1.1628,0.9544,0.8605,0.5516,nan,nan,nan,nan,0
late,cage,6,1,resnet,False,none,lr,1e-05,0.0001,32,14,0.0857,1.1474,0.9092,0.8605,0.6032,nan,nan,nan,nan,0
late,cage,6,1,resnet,False,none,lr,1e-05,0.0001,32,15,0.0657,1.0912,0.9259,0.8605,0.6111,nan,nan,nan,nan,0
late,cage,6,1,resnet,False,none,lr,1e-05,0.0001,32,16,0.0622,1.3465,1.0322,0.8372,0.5913,nan,nan,nan,nan,0
late,cage,6,2,resnet,False,none,lr,1e-05,0.0001,32,1,0.6952,0.6885,0.6865,0.6667,0.7096,nan,nan,nan,nan,0
late,cage,6,2,resnet,False,none,lr,1e-05,0.0001,32,2,0.6827,0.6901,0.6887,0.6905,0.6029,nan,nan,nan,nan,0
late,cage,6,2,resnet,False,none,lr,1e-05,0.0001,32,3,0.6727,0.6984,0.6792,0.7143,0.5478,nan,nan,nan,nan,0
late,cage,6,2,resnet,False,none,lr,1e-05,0.0001,32,4,0.6491,0.6947,0.6990,0.5952,0.5551,nan,nan,nan,nan,0
late,cage,6,2,resnet,False,none,lr,1e-05,0.0001,32,5,0.6097,0.6923,0.6604,0.7619,0.6507,nan,nan,nan,nan,1
late,cage,6,2,resnet,False,none,lr,1e-05,0.0001,32,6,0.5442,0.7082,0.6543,0.7857,0.7022,nan,nan,nan,nan,0
late,cage,6,2,resnet,False,none,lr,1e-05,0.0001,32,7,0.4716,0.7710,0.7016,0.7857,0.5993,nan,nan,nan,nan,0
late,cage,6,2,resnet,False,none,lr,1e-05,0.0001,32,8,0.3916,0.7089,0.7662,0.6429,0.5956,nan,nan,nan,nan,1
late,cage,6,2,resnet,False,none,lr,1e-05,0.0001,32,9,0.3307,0.6702,0.7870,0.6905,0.6581,0.6903,0.7538,0.6098,0.6190,1
late,cage,6,2,resnet,False,none,lr,1e-05,0.0001,32,10,0.2780,1.0704,0.7535,0.8095,0.6250,nan,nan,nan,nan,0
late,cage,6,2,resnet,False,none,lr,1e-05,0.0001,32,11,0.2290,0.8119,0.7823,0.7857,0.6029,nan,nan,nan,nan,0
late,cage,6,2,resnet,False,none,lr,1e-05,0.0001,32,12,0.1964,1.0159,0.7957,0.7857,0.5735,nan,nan,nan,nan,0
late,cage,6,2,resnet,False,none,lr,1e-05,0.0001,32,13,0.1549,0.8960,0.7618,0.8095,0.6912,nan,nan,nan,nan,0
late,cage,6,2,resnet,False,none,lr,1e-05,0.0001,32,14,0.1277,1.0411,0.8179,0.7619,0.6287,nan,nan,nan,nan,0
late,cage,6,2,resnet,False,none,lr,1e-05,0.0001,32,15,0.1092,1.1868,0.8805,0.7619,0.5699,nan,nan,nan,nan,0
late,cage,6,2,resnet,False,none,lr,1e-05,0.0001,32,16,0.0932,1.0628,0.8629,0.7857,0.6434,nan,nan,nan,nan,0
late,cage,6,3,resnet,False,none,lr,1e-05,0.0001,32,1,0.6964,0.6959,0.6690,0.8333,0.3673,nan,nan,nan,nan,0
late,cage,6,3,resnet,False,none,lr,1e-05,0.0001,32,2,0.6847,0.7000,0.6767,0.7857,0.3510,nan,nan,nan,nan,0
late,cage,6,3,resnet,False,none,lr,1e-05,0.0001,32,3,0.6762,0.7046,0.7036,0.4762,0.4449,nan,nan,nan,nan,0
late,cage,6,3,resnet,False,none,lr,1e-05,0.0001,32,4,0.6576,0.7086,0.6737,0.7619,0.4204,nan,nan,nan,nan,0
late,cage,6,3,resnet,False,none,lr,1e-05,0.0001,32,5,0.6169,0.6743,0.6922,0.6667,0.6449,nan,nan,nan,nan,1
late,cage,6,3,resnet,False,none,lr,1e-05,0.0001,32,6,0.5561,0.6821,0.6488,0.7857,0.6367,nan,nan,nan,nan,1
late,cage,6,3,resnet,False,none,lr,1e-05,0.0001,32,7,0.4901,0.6734,0.6996,0.7143,0.6286,nan,nan,nan,nan,1
late,cage,6,3,resnet,False,none,lr,1e-05,0.0001,32,8,0.4273,0.7602,0.6333,0.8333,0.6000,nan,nan,nan,nan,1
late,cage,6,3,resnet,False,none,lr,1e-05,0.0001,32,9,0.3837,0.6896,0.7280,0.7143,0.6122,0.6395,0.6700,0.8293,0.6905,1
late,cage,6,3,resnet,False,none,lr,1e-05,0.0001,32,10,0.3318,0.8389,0.7230,0.8095,0.4204,nan,nan,nan,nan,0
late,cage,6,3,resnet,False,none,lr,1e-05,0.0001,32,11,0.2830,0.7824,0.7736,0.6905,0.5184,nan,nan,nan,nan,0
late,cage,6,3,resnet,False,none,lr,1e-05,0.0001,32,12,0.2470,0.8912,0.7603,0.8095,0.5102,nan,nan,nan,nan,0
late,cage,6,3,resnet,False,none,lr,1e-05,0.0001,32,13,0.2018,0.9126,0.7588,0.8095,0.5184,nan,nan,nan,nan,0
late,cage,6,3,resnet,False,none,lr,1e-05,0.0001,32,14,0.1741,0.8141,0.8549,0.7143,0.4816,nan,nan,nan,nan,0
late,cage,6,3,resnet,False,none,lr,1e-05,0.0001,32,15,0.1364,1.0008,0.8163,0.8095,0.4816,nan,nan,nan,nan,0
late,cage,6,3,resnet,False,none,lr,1e-05,0.0001,32,16,0.1156,0.9869,0.8970,0.8095,0.3755,nan,nan,nan,nan,0
late,cage,6,4,resnet,False,none,lr,1e-05,0.0001,32,1,0.6933,0.6945,0.6837,0.7907,0.5357,nan,nan,nan,nan,0
late,cage,6,4,resnet,False,none,lr,1e-05,0.0001,32,2,0.6775,0.6870,0.6920,0.5116,0.5500,nan,nan,nan,nan,0
late,cage,6,4,resnet,False,none,lr,1e-05,0.0001,32,3,0.6615,0.6976,0.6758,0.7674,0.5607,nan,nan,nan,nan,0
late,cage,6,4,resnet,False,none,lr,1e-05,0.0001,32,4,0.6367,0.6844,0.6631,0.7442,0.6464,nan,nan,nan,nan,0
late,cage,6,4,resnet,False,none,lr,1e-05,0.0001,32,5,0.5802,0.8076,0.7378,0.7907,0.5714,0.7516,0.6802,0.8537,0.5667,1
late,cage,6,4,resnet,False,none,lr,1e-05,0.0001,32,6,0.5044,0.9672,0.8561,0.7907,0.5000,nan,nan,nan,nan,0
late,cage,6,4,resnet,False,none,lr,1e-05,0.0001,32,7,0.4185,0.8752,0.8591,0.7442,0.5571,nan,nan,nan,nan,0
late,cage,6,4,resnet,False,none,lr,1e-05,0.0001,32,8,0.3555,0.8800,0.9212,0.7209,0.5214,nan,nan,nan,nan,0
late,cage,6,4,resnet,False,none,lr,1e-05,0.0001,32,9,0.2903,0.8859,0.9559,0.7674,0.6036,nan,nan,nan,nan,0
late,cage,6,4,resnet,False,none,lr,1e-05,0.0001,32,10,0.2397,1.1882,1.0991,0.7674,0.4750,nan,nan,nan,nan,0
late,cage,6,4,resnet,False,none,lr,1e-05,0.0001,32,11,0.1932,1.0916,1.0594,0.7674,0.4714,nan,nan,nan,nan,0
late,cage,6,4,resnet,False,none,lr,1e-05,0.0001,32,12,0.1517,1.3875,1.2259,0.7907,0.4750,nan,nan,nan,nan,0
late,cage,6,4,resnet,False,none,lr,1e-05,0.0001,32,13,0.1127,1.1302,1.1027,0.7674,0.4821,nan,nan,nan,nan,0
late,cage,6,4,resnet,False,none,lr,1e-05,0.0001,32,14,0.0976,1.2125,1.1659,0.7674,0.4929,nan,nan,nan,nan,0
late,cage,6,4,resnet,False,none,lr,1e-05,0.0001,32,15,0.0909,0.8055,1.0990,0.6977,0.5357,nan,nan,nan,nan,0
late,cage,6,4,resnet,False,none,lr,1e-05,0.0001,32,16,0.0679,1.5341,1.3425,0.8140,0.5464,nan,nan,nan,nan,0
late,cage,6,5,resnet,False,none,lr,1e-05,0.0001,32,1,0.7005,0.7083,0.6907,0.6750,0.4301,nan,nan,nan,nan,0
late,cage,6,5,resnet,False,none,lr,1e-05,0.0001,32,2,0.6823,0.7167,0.6974,0.5500,0.3728,nan,nan,nan,nan,0
late,cage,6,5,resnet,False,none,lr,1e-05,0.0001,32,3,0.6685,0.6781,0.7225,0.3250,0.5699,nan,nan,nan,nan,0
late,cage,6,5,resnet,False,none,lr,1e-05,0.0001,32,4,0.6354,0.6961,0.6960,0.6500,0.5556,nan,nan,nan,nan,0
late,cage,6,5,resnet,False,none,lr,1e-05,0.0001,32,5,0.5747,0.7266,0.7174,0.6250,0.5591,nan,nan,nan,nan,1
late,cage,6,5,resnet,False,none,lr,1e-05,0.0001,32,6,0.4885,0.8453,0.7445,0.8000,0.5520,nan,nan,nan,nan,1
late,cage,6,5,resnet,False,none,lr,1e-05,0.0001,32,7,0.4166,0.7498,0.8405,0.4250,0.4337,0.6893,0.8326,0.5122,0.6524,1
late,cage,6,5,resnet,False,none,lr,1e-05,0.0001,32,8,0.3576,0.9081,0.8015,0.7250,0.4480,nan,nan,nan,nan,0
late,cage,6,5,resnet,False,none,lr,1e-05,0.0001,32,9,0.2881,0.8591,0.8257,0.6500,0.5018,nan,nan,nan,nan,0
late,cage,6,5,resnet,False,none,lr,1e-05,0.0001,32,10,0.2502,1.0053,0.8708,0.7000,0.4588,nan,nan,nan,nan,0
late,cage,6,5,resnet,False,none,lr,1e-05,0.0001,32,11,0.1984,1.1732,0.9498,0.7250,0.4337,nan,nan,nan,nan,0
late,cage,6,5,resnet,False,none,lr,1e-05,0.0001,32,12,0.1661,1.2650,0.9728,0.7250,0.4588,nan,nan,nan,nan,0
late,cage,6,5,resnet,False,none,lr,1e-05,0.0001,32,13,0.1342,1.7044,1.2046,0.7750,0.4265,nan,nan,nan,nan,0
late,cage,6,5,resnet,False,none,lr,1e-05,0.0001,32,14,0.1062,1.3841,1.0600,0.7500,0.4373,nan,nan,nan,nan,0
late,cage,6,5,resnet,False,none,lr,1e-05,0.0001,32,15,0.0954,1.3831,1.0522,0.7250,0.4982,nan,nan,nan,nan,0
late,cage,6,5,resnet,False,none,lr,1e-05,0.0001,32,16,0.0731,1.8445,1.2690,0.7500,0.4516,nan,nan,nan,nan,0
