fusion,dataset,test_set,dev_set,arch,use_pretrained,augmentation,speech_encoder_arch,lr,wd,batch_size,epoch,train_loss,dev_loss_patient,dev_loss_cough,dev_acc,dev_auc,test_loss_patient,test_loss_cough,test_acc,test_auc,is_best
early,cage,0,1,resnet,False,solarisation,lr,0.0001,0.0001,32,1,0.7210,0.7840,0.9499,0.1628,0.5675,nan,nan,nan,nan,0
early,cage,0,1,resnet,False,solarisation,lr,0.0001,0.0001,32,2,0.6862,0.7030,0.7190,0.4651,0.5040,nan,nan,nan,nan,0
early,cage,0,1,resnet,False,solarisation,lr,0.0001,0.0001,32,3,0.6062,0.7307,0.6821,0.7209,0.4484,nan,nan,nan,nan,0
early,cage,0,1,resnet,False,solarisation,lr,0.0001,0.0001,32,4,0.5495,0.6905,0.7570,0.5581,0.5476,nan,nan,nan,nan,0
early,cage,0,1,resnet,False,solarisation,lr,0.0001,0.0001,32,5,0.4537,0.7256,0.9439,0.3721,0.5238,0.8471,0.9309,0.3953,0.3254,1
early,cage,0,1,resnet,False,solarisation,lr,0.0001,0.0001,32,6,0.3507,1.2244,0.8704,0.8140,0.3333,nan,nan,nan,nan,0
early,cage,0,1,resnet,False,solarisation,lr,0.0001,0.0001,32,7,0.2569,0.7684,0.9764,0.4884,0.4762,nan,nan,nan,nan,0
early,cage,0,1,resnet,False,solarisation,lr,0.0001,0.0001,32,8,0.1746,0.9483,1.3568,0.4419,0.3770,nan,nan,nan,nan,0
early,cage,0,1,resnet,False,solarisation,lr,0.0001,0.0001,32,9,0.1486,1.1969,1.0928,0.7907,0.4444,nan,nan,nan,nan,0
early,cage,0,1,resnet,False,solarisation,lr,0.0001,0.0001,32,10,0.1236,0.9637,1.3978,0.3953,0.4206,nan,nan,nan,nan,0
early,cage,0,1,resnet,False,solarisation,lr,0.0001,0.0001,32,11,0.0937,0.9203,1.3616,0.5116,0.3889,nan,nan,nan,nan,0
early,cage,0,1,resnet,False,solarisation,lr,0.0001,0.0001,32,12,0.0779,1.4901,1.3272,0.8372,0.4484,nan,nan,nan,nan,0
early,cage,0,1,resnet,False,solarisation,lr,0.0001,0.0001,32,13,0.0689,1.6439,1.4278,0.7674,0.3571,nan,nan,nan,nan,0
early,cage,0,1,resnet,False,solarisation,lr,0.0001,0.0001,32,14,0.0471,1.3015,1.5911,0.5581,0.3214,nan,nan,nan,nan,0
early,cage,0,1,resnet,False,solarisation,lr,0.0001,0.0001,32,15,0.0474,1.3714,1.5882,0.5349,0.3492,nan,nan,nan,nan,0
early,cage,0,1,resnet,False,solarisation,lr,0.0001,0.0001,32,16,0.0925,1.9349,1.2961,0.8372,0.4444,nan,nan,nan,nan,0
early,cage,0,2,resnet,False,solarisation,lr,0.0001,0.0001,32,1,0.7208,0.6948,0.7976,0.1905,0.6581,nan,nan,nan,nan,0
early,cage,0,2,resnet,False,solarisation,lr,0.0001,0.0001,32,2,0.6915,0.6904,0.7922,0.2619,0.5882,nan,nan,nan,nan,0
early,cage,0,2,resnet,False,solarisation,lr,0.0001,0.0001,32,3,0.6512,0.6970,0.8416,0.3333,0.5441,nan,nan,nan,nan,0
early,cage,0,2,resnet,False,solarisation,lr,0.0001,0.0001,32,4,0.5933,0.6743,0.8090,0.3571,0.6213,nan,nan,nan,nan,0
early,cage,0,2,resnet,False,solarisation,lr,0.0001,0.0001,32,5,0.4877,0.7218,0.9713,0.3095,0.5772,0.7871,0.9410,0.2326,0.5675,1
early,cage,0,2,resnet,False,solarisation,lr,0.0001,0.0001,32,6,0.3961,0.9605,0.7745,0.7857,0.5257,nan,nan,nan,nan,0
early,cage,0,2,resnet,False,solarisation,lr,0.0001,0.0001,32,7,0.3017,1.1944,0.8559,0.7857,0.5735,nan,nan,nan,nan,0
early,cage,0,2,resnet,False,solarisation,lr,0.0001,0.0001,32,8,0.2253,1.1951,0.9149,0.7857,0.5074,nan,nan,nan,nan,0
early,cage,0,2,resnet,False,solarisation,lr,0.0001,0.0001,32,9,0.1701,1.3592,1.0059,0.7857,0.5625,nan,nan,nan,nan,0
early,cage,0,2,resnet,False,solarisation,lr,0.0001,0.0001,32,10,0.1287,1.6658,1.1473,0.7857,0.4743,nan,nan,nan,nan,0
early,cage,0,2,resnet,False,solarisation,lr,0.0001,0.0001,32,11,0.0839,1.4972,1.1827,0.7857,0.4926,nan,nan,nan,nan,0
early,cage,0,2,resnet,False,solarisation,lr,0.0001,0.0001,32,12,0.0868,2.8672,1.6901,0.8095,0.5809,nan,nan,nan,nan,0
early,cage,0,2,resnet,False,solarisation,lr,0.0001,0.0001,32,13,0.0656,1.3779,1.2305,0.8095,0.5037,nan,nan,nan,nan,0
early,cage,0,2,resnet,False,solarisation,lr,0.0001,0.0001,32,14,0.0757,2.0803,1.2963,0.7857,0.6287,nan,nan,nan,nan,0
early,cage,0,2,resnet,False,solarisation,lr,0.0001,0.0001,32,15,0.0425,1.7091,1.2644,0.7857,0.5110,nan,nan,nan,nan,0
early,cage,0,2,resnet,False,solarisation,lr,0.0001,0.0001,32,16,0.0381,2.8688,1.6431,0.8095,0.7169,nan,nan,nan,nan,0
early,cage,0,3,resnet,False,solarisation,lr,0.0001,0.0001,32,1,0.7225,0.7428,0.8443,0.1667,0.4735,nan,nan,nan,nan,0
early,cage,0,3,resnet,False,solarisation,lr,0.0001,0.0001,32,2,0.6831,0.7002,0.7116,0.4524,0.5347,nan,nan,nan,nan,0
early,cage,0,3,resnet,False,solarisation,lr,0.0001,0.0001,32,3,0.6365,0.8042,0.9682,0.1667,0.4000,nan,nan,nan,nan,0
early,cage,0,3,resnet,False,solarisation,lr,0.0001,0.0001,32,4,0.5720,0.8350,0.9981,0.1429,0.4245,nan,nan,nan,nan,0
early,cage,0,3,resnet,False,solarisation,lr,0.0001,0.0001,32,5,0.5019,0.7853,0.9841,0.2143,0.4980,nan,nan,nan,nan,1
early,cage,0,3,resnet,False,solarisation,lr,0.0001,0.0001,32,6,0.3875,0.7743,0.7575,0.7619,0.4980,nan,nan,nan,nan,0
early,cage,0,3,resnet,False,solarisation,lr,0.0001,0.0001,32,7,0.3055,0.8842,1.2141,0.1667,0.4939,nan,nan,nan,nan,0
early,cage,0,3,resnet,False,solarisation,lr,0.0001,0.0001,32,8,0.2278,0.9838,0.9294,0.8571,0.5714,nan,nan,nan,nan,1
early,cage,0,3,resnet,False,solarisation,lr,0.0001,0.0001,32,9,0.1571,1.1722,1.0898,0.7857,0.4816,nan,nan,nan,nan,1
early,cage,0,3,resnet,False,solarisation,lr,0.0001,0.0001,32,10,0.1276,0.7168,0.9558,0.5952,0.5837,nan,nan,nan,nan,1
early,cage,0,3,resnet,False,solarisation,lr,0.0001,0.0001,32,11,0.1007,1.5808,1.1533,0.8095,0.4082,nan,nan,nan,nan,0
early,cage,0,3,resnet,False,solarisation,lr,0.0001,0.0001,32,12,0.0959,1.6949,1.2309,0.8333,0.4980,nan,nan,nan,nan,0
early,cage,0,3,resnet,False,solarisation,lr,0.0001,0.0001,32,13,0.0731,2.0187,1.4851,0.8095,0.5755,nan,nan,nan,nan,0
early,cage,0,3,resnet,False,solarisation,lr,0.0001,0.0001,32,14,0.0743,2.1830,1.4220,0.8333,0.6531,nan,nan,nan,nan,1
early,cage,0,3,resnet,False,solarisation,lr,0.0001,0.0001,32,15,0.0585,1.5866,1.2243,0.8095,0.6367,nan,nan,nan,nan,1
early,cage,0,3,resnet,False,solarisation,lr,0.0001,0.0001,32,16,0.0452,2.0852,1.3743,0.8333,0.6367,nan,nan,nan,nan,1
early,cage,0,3,resnet,False,solarisation,lr,0.0001,0.0001,32,17,0.0395,2.3687,1.5519,0.8333,0.6694,2.4750,1.5968,0.8372,0.6270,1
early,cage,0,3,resnet,False,solarisation,lr,0.0001,0.0001,32,18,0.0542,1.5687,1.2066,0.8095,0.5714,nan,nan,nan,nan,0
early,cage,0,3,resnet,False,solarisation,lr,0.0001,0.0001,32,19,0.0345,2.3933,1.5611,0.8333,0.4041,nan,nan,nan,nan,0
early,cage,0,3,resnet,False,solarisation,lr,0.0001,0.0001,32,20,0.0275,2.7819,1.8047,0.8333,0.4612,nan,nan,nan,nan,0
early,cage,0,3,resnet,False,solarisation,lr,0.0001,0.0001,32,21,0.0439,1.6666,1.4407,0.8333,0.4694,nan,nan,nan,nan,0
early,cage,0,3,resnet,False,solarisation,lr,0.0001,0.0001,32,22,0.0433,2.1548,1.5242,0.8333,0.5143,nan,nan,nan,nan,0
early,cage,0,4,resnet,False,solarisation,lr,0.0001,0.0001,32,1,0.7205,0.7218,0.8293,0.1860,0.6571,nan,nan,nan,nan,0
early,cage,0,4,resnet,False,solarisation,lr,0.0001,0.0001,32,2,0.7082,0.6698,0.6722,0.7674,0.7500,nan,nan,nan,nan,0
early,cage,0,4,resnet,False,solarisation,lr,0.0001,0.0001,32,3,0.6654,0.6525,0.7029,0.5581,0.7107,nan,nan,nan,nan,0
early,cage,0,4,resnet,False,solarisation,lr,0.0001,0.0001,32,4,0.6139,0.7031,0.7916,0.1860,0.6964,nan,nan,nan,nan,0
early,cage,0,4,resnet,False,solarisation,lr,0.0001,0.0001,32,5,0.5163,0.7651,0.9241,0.2093,0.6929,0.8503,1.0762,0.1860,0.4603,1
early,cage,0,4,resnet,False,solarisation,lr,0.0001,0.0001,32,6,0.4045,1.5966,1.2415,0.8140,0.5250,nan,nan,nan,nan,0
early,cage,0,4,resnet,False,solarisation,lr,0.0001,0.0001,32,7,0.2978,0.8391,1.0310,0.6512,0.4393,nan,nan,nan,nan,0
early,cage,0,4,resnet,False,solarisation,lr,0.0001,0.0001,32,8,0.2308,1.8348,1.4844,0.8140,0.4786,nan,nan,nan,nan,0
early,cage,0,4,resnet,False,solarisation,lr,0.0001,0.0001,32,9,0.1773,0.9748,1.0717,0.7442,0.6036,nan,nan,nan,nan,0
early,cage,0,4,resnet,False,solarisation,lr,0.0001,0.0001,32,10,0.1437,0.8641,1.0716,0.7442,0.6786,nan,nan,nan,nan,0
early,cage,0,4,resnet,False,solarisation,lr,0.0001,0.0001,32,11,0.0888,1.0271,1.1518,0.7674,0.5893,nan,nan,nan,nan,0
early,cage,0,4,resnet,False,solarisation,lr,0.0001,0.0001,32,12,0.0921,1.5106,1.4607,0.7442,0.4679,nan,nan,nan,nan,0
early,cage,0,4,resnet,False,solarisation,lr,0.0001,0.0001,32,13,0.0660,1.2962,1.4282,0.6977,0.5250,nan,nan,nan,nan,0
early,cage,0,4,resnet,False,solarisation,lr,0.0001,0.0001,32,14,0.0392,1.3088,1.5328,0.7209,0.5679,nan,nan,nan,nan,0
early,cage,0,4,resnet,False,solarisation,lr,0.0001,0.0001,32,15,0.0274,0.9830,1.4996,0.6977,0.6143,nan,nan,nan,nan,0
early,cage,0,4,resnet,False,solarisation,lr,0.0001,0.0001,32,16,0.0347,2.6938,2.2135,0.7674,0.4286,nan,nan,nan,nan,0
early,cage,0,5,resnet,False,solarisation,lr,0.0001,0.0001,32,1,0.7336,0.6793,0.7608,0.2250,0.5161,nan,nan,nan,nan,0
early,cage,0,5,resnet,False,solarisation,lr,0.0001,0.0001,32,2,0.6863,0.7317,0.8791,0.2500,0.3405,nan,nan,nan,nan,0
early,cage,0,5,resnet,False,solarisation,lr,0.0001,0.0001,32,3,0.6288,0.7549,0.7641,0.4500,0.3154,nan,nan,nan,nan,0
early,cage,0,5,resnet,False,solarisation,lr,0.0001,0.0001,32,4,0.5397,0.8953,0.7543,0.7750,0.4122,nan,nan,nan,nan,0
early,cage,0,5,resnet,False,solarisation,lr,0.0001,0.0001,32,5,0.4429,0.8336,0.9107,0.3750,0.3799,0.7399,0.8016,0.6279,0.5714,1
early,cage,0,5,resnet,False,solarisation,lr,0.0001,0.0001,32,6,0.3219,0.9917,0.8994,0.6500,0.3333,nan,nan,nan,nan,0
early,cage,0,5,resnet,False,solarisation,lr,0.0001,0.0001,32,7,0.2633,0.9624,1.2021,0.4500,0.3907,nan,nan,nan,nan,0
early,cage,0,5,resnet,False,solarisation,lr,0.0001,0.0001,32,8,0.1630,1.2889,1.2801,0.7000,0.3333,nan,nan,nan,nan,0
early,cage,0,5,resnet,False,solarisation,lr,0.0001,0.0001,32,9,0.1452,0.9712,1.4710,0.3250,0.3799,nan,nan,nan,nan,0
early,cage,0,5,resnet,False,solarisation,lr,0.0001,0.0001,32,10,0.0980,1.4241,1.4154,0.7250,0.4050,nan,nan,nan,nan,0
early,cage,0,5,resnet,False,solarisation,lr,0.0001,0.0001,32,11,0.1088,0.9983,1.3952,0.5250,0.3692,nan,nan,nan,nan,0
early,cage,0,5,resnet,False,solarisation,lr,0.0001,0.0001,32,12,0.0751,2.4656,1.8215,0.7750,0.3297,nan,nan,nan,nan,0
early,cage,0,5,resnet,False,solarisation,lr,0.0001,0.0001,32,13,0.0601,1.0493,1.7857,0.2500,0.3548,nan,nan,nan,nan,0
early,cage,0,5,resnet,False,solarisation,lr,0.0001,0.0001,32,14,0.0644,1.1151,1.8075,0.3000,0.3405,nan,nan,nan,nan,0
early,cage,0,5,resnet,False,solarisation,lr,0.0001,0.0001,32,15,0.0561,1.9752,1.9178,0.6500,0.2509,nan,nan,nan,nan,0
early,cage,0,5,resnet,False,solarisation,lr,0.0001,0.0001,32,16,0.0476,1.3915,1.7349,0.4500,0.2975,nan,nan,nan,nan,0
early,cage,0,6,resnet,False,solarisation,lr,0.0001,0.0001,32,1,0.7188,0.7157,0.7482,0.2195,0.4905,nan,nan,nan,nan,0
early,cage,0,6,resnet,False,solarisation,lr,0.0001,0.0001,32,2,0.6886,0.6983,0.6638,0.8049,0.4571,nan,nan,nan,nan,0
early,cage,0,6,resnet,False,solarisation,lr,0.0001,0.0001,32,3,0.6314,0.8520,0.6606,0.8537,0.4048,nan,nan,nan,nan,0
early,cage,0,6,resnet,False,solarisation,lr,0.0001,0.0001,32,4,0.5658,0.8263,0.9540,0.1707,0.2810,nan,nan,nan,nan,0
early,cage,0,6,resnet,False,solarisation,lr,0.0001,0.0001,32,5,0.4588,1.2621,1.6063,0.1463,0.3905,nan,nan,nan,nan,1
early,cage,0,6,resnet,False,solarisation,lr,0.0001,0.0001,32,6,0.3512,1.1064,0.8941,0.8537,0.4048,nan,nan,nan,nan,0
early,cage,0,6,resnet,False,solarisation,lr,0.0001,0.0001,32,7,0.2690,1.2493,1.8173,0.1707,0.5333,nan,nan,nan,nan,0
early,cage,0,6,resnet,False,solarisation,lr,0.0001,0.0001,32,8,0.1981,1.4767,1.0514,0.8537,0.5571,nan,nan,nan,nan,1
early,cage,0,6,resnet,False,solarisation,lr,0.0001,0.0001,32,9,0.1282,1.1379,1.8921,0.2683,0.6905,nan,nan,nan,nan,1
early,cage,0,6,resnet,False,solarisation,lr,0.0001,0.0001,32,10,0.0914,0.8347,1.1276,0.7317,0.5571,nan,nan,nan,nan,1
early,cage,0,6,resnet,False,solarisation,lr,0.0001,0.0001,32,11,0.0897,1.2580,1.2089,0.8293,0.5762,0.9841,1.1148,0.8372,0.7500,1
early,cage,0,6,resnet,False,solarisation,lr,0.0001,0.0001,32,12,0.0585,1.1424,1.3566,0.6829,0.4048,nan,nan,nan,nan,0
early,cage,0,6,resnet,False,solarisation,lr,0.0001,0.0001,32,13,0.0655,1.3114,1.2216,0.8049,0.5476,nan,nan,nan,nan,0
early,cage,0,6,resnet,False,solarisation,lr,0.0001,0.0001,32,14,0.0576,1.3420,1.3235,0.8049,0.4048,nan,nan,nan,nan,0
early,cage,0,6,resnet,False,solarisation,lr,0.0001,0.0001,32,15,0.0735,1.3641,1.6283,0.7317,0.4619,nan,nan,nan,nan,0
early,cage,0,6,resnet,False,solarisation,lr,0.0001,0.0001,32,16,0.0609,1.6845,1.4625,0.8537,0.5095,nan,nan,nan,nan,0
early,cage,0,7,resnet,False,solarisation,lr,0.0001,0.0001,32,1,0.7085,0.7426,0.6604,0.7045,0.3958,nan,nan,nan,nan,0
early,cage,0,7,resnet,False,solarisation,lr,0.0001,0.0001,32,2,0.6694,0.8930,0.6119,0.8182,0.5382,nan,nan,nan,nan,0
early,cage,0,7,resnet,False,solarisation,lr,0.0001,0.0001,32,3,0.6383,0.7710,0.6078,0.7955,0.6389,nan,nan,nan,nan,0
early,cage,0,7,resnet,False,solarisation,lr,0.0001,0.0001,32,4,0.5825,0.7234,0.7617,0.5000,0.5139,nan,nan,nan,nan,0
early,cage,0,7,resnet,False,solarisation,lr,0.0001,0.0001,32,5,0.4911,1.0079,1.3545,0.1818,0.4028,nan,nan,nan,nan,1
early,cage,0,7,resnet,False,solarisation,lr,0.0001,0.0001,32,6,0.3746,0.7441,0.9220,0.5909,0.5903,nan,nan,nan,nan,1
early,cage,0,7,resnet,False,solarisation,lr,0.0001,0.0001,32,7,0.2951,0.8049,0.9240,0.6818,0.5868,nan,nan,nan,nan,1
early,cage,0,7,resnet,False,solarisation,lr,0.0001,0.0001,32,8,0.1972,0.8612,1.1864,0.4091,0.5243,nan,nan,nan,nan,0
early,cage,0,7,resnet,False,solarisation,lr,0.0001,0.0001,32,9,0.1606,0.9019,1.2770,0.5682,0.5521,nan,nan,nan,nan,0
early,cage,0,7,resnet,False,solarisation,lr,0.0001,0.0001,32,10,0.1315,1.0725,1.1553,0.6591,0.4965,nan,nan,nan,nan,0
early,cage,0,7,resnet,False,solarisation,lr,0.0001,0.0001,32,11,0.0932,0.9445,1.2879,0.5455,0.5208,nan,nan,nan,nan,0
early,cage,0,7,resnet,False,solarisation,lr,0.0001,0.0001,32,12,0.0923,1.2419,2.0553,0.3409,0.5764,nan,nan,nan,nan,0
early,cage,0,7,resnet,False,solarisation,lr,0.0001,0.0001,32,13,0.0788,1.0540,1.8145,0.3409,0.6181,nan,nan,nan,nan,1
early,cage,0,7,resnet,False,solarisation,lr,0.0001,0.0001,32,14,0.0654,1.0974,1.3173,0.7955,0.6493,nan,nan,nan,nan,1
early,cage,0,7,resnet,False,solarisation,lr,0.0001,0.0001,32,15,0.0359,1.7523,2.9465,0.2500,0.5694,nan,nan,nan,nan,1
early,cage,0,7,resnet,False,solarisation,lr,0.0001,0.0001,32,16,0.0500,1.1702,1.3250,0.7955,0.6111,nan,nan,nan,nan,1
early,cage,0,7,resnet,False,solarisation,lr,0.0001,0.0001,32,17,0.0435,1.9458,1.3235,0.7955,0.6389,nan,nan,nan,nan,1
early,cage,0,7,resnet,False,solarisation,lr,0.0001,0.0001,32,18,0.0525,0.7741,1.6702,0.5455,0.7153,nan,nan,nan,nan,1
early,cage,0,7,resnet,False,solarisation,lr,0.0001,0.0001,32,19,0.0604,1.0117,1.5647,0.7273,0.6042,nan,nan,nan,nan,0
early,cage,0,7,resnet,False,solarisation,lr,0.0001,0.0001,32,20,0.0251,1.0320,1.5788,0.7273,0.6215,nan,nan,nan,nan,0
early,cage,0,7,resnet,False,solarisation,lr,0.0001,0.0001,32,21,0.0279,1.3367,1.4685,0.7727,0.6319,1.6724,1.8594,0.7907,0.4365,1
early,cage,0,7,resnet,False,solarisation,lr,0.0001,0.0001,32,22,0.0417,1.0009,1.9643,0.3864,0.6493,nan,nan,nan,nan,0
early,cage,0,7,resnet,False,solarisation,lr,0.0001,0.0001,32,23,0.0528,1.5600,1.4385,0.7273,0.5243,nan,nan,nan,nan,0
early,cage,0,7,resnet,False,solarisation,lr,0.0001,0.0001,32,24,0.0426,1.2939,2.3201,0.3636,0.6597,nan,nan,nan,nan,0
early,cage,0,7,resnet,False,solarisation,lr,0.0001,0.0001,32,25,0.0324,1.1436,1.9015,0.6364,0.6701,nan,nan,nan,nan,0
early,cage,0,7,resnet,False,solarisation,lr,0.0001,0.0001,32,26,0.0516,1.1672,1.7750,0.6591,0.5868,nan,nan,nan,nan,0
early,cage,0,8,resnet,False,solarisation,lr,0.0001,0.0001,32,1,0.7252,0.8413,0.5986,0.8298,0.4744,nan,nan,nan,nan,0
early,cage,0,8,resnet,False,solarisation,lr,0.0001,0.0001,32,2,0.6770,0.7037,0.7765,0.1915,0.5032,nan,nan,nan,nan,0
early,cage,0,8,resnet,False,solarisation,lr,0.0001,0.0001,32,3,0.6349,0.7176,0.5841,0.8298,0.6186,nan,nan,nan,nan,0
early,cage,0,8,resnet,False,solarisation,lr,0.0001,0.0001,32,4,0.5611,0.8757,0.6242,0.7872,0.7083,nan,nan,nan,nan,0
early,cage,0,8,resnet,False,solarisation,lr,0.0001,0.0001,32,5,0.4677,0.9120,0.6527,0.8298,0.6186,nan,nan,nan,nan,1
early,cage,0,8,resnet,False,solarisation,lr,0.0001,0.0001,32,6,0.3670,0.6616,0.7446,0.7234,0.7051,nan,nan,nan,nan,1
early,cage,0,8,resnet,False,solarisation,lr,0.0001,0.0001,32,7,0.2654,0.7068,0.9654,0.4894,0.6282,0.8670,0.9942,0.5349,0.6627,1
early,cage,0,8,resnet,False,solarisation,lr,0.0001,0.0001,32,8,0.2338,1.2498,0.9707,0.7872,0.5641,nan,nan,nan,nan,0
early,cage,0,8,resnet,False,solarisation,lr,0.0001,0.0001,32,9,0.1291,2.0192,1.2215,0.8298,0.4551,nan,nan,nan,nan,0
early,cage,0,8,resnet,False,solarisation,lr,0.0001,0.0001,32,10,0.1034,1.6317,1.1635,0.7872,0.5288,nan,nan,nan,nan,0
early,cage,0,8,resnet,False,solarisation,lr,0.0001,0.0001,32,11,0.0777,2.5136,1.4453,0.8298,0.4808,nan,nan,nan,nan,0
early,cage,0,8,resnet,False,solarisation,lr,0.0001,0.0001,32,12,0.0966,2.8247,1.5292,0.8298,0.4551,nan,nan,nan,nan,0
early,cage,0,8,resnet,False,solarisation,lr,0.0001,0.0001,32,13,0.0918,2.3983,1.4143,0.8298,0.4776,nan,nan,nan,nan,0
early,cage,0,8,resnet,False,solarisation,lr,0.0001,0.0001,32,14,0.0531,2.4448,1.3705,0.8298,0.5096,nan,nan,nan,nan,0
early,cage,0,8,resnet,False,solarisation,lr,0.0001,0.0001,32,15,0.0541,2.6809,1.5329,0.8298,0.6314,nan,nan,nan,nan,0
early,cage,0,8,resnet,False,solarisation,lr,0.0001,0.0001,32,16,0.0518,2.2735,1.3357,0.8298,0.6506,nan,nan,nan,nan,0
early,cage,0,9,resnet,False,solarisation,lr,0.0001,0.0001,32,1,0.7246,0.6605,0.6475,0.6905,0.7003,nan,nan,nan,nan,0
early,cage,0,9,resnet,False,solarisation,lr,0.0001,0.0001,32,2,0.6707,0.6920,0.7273,0.5476,0.5118,nan,nan,nan,nan,0
early,cage,0,9,resnet,False,solarisation,lr,0.0001,0.0001,32,3,0.6237,0.6943,0.9499,0.2143,0.5993,nan,nan,nan,nan,0
early,cage,0,9,resnet,False,solarisation,lr,0.0001,0.0001,32,4,0.5323,0.6980,0.8028,0.5238,0.5623,nan,nan,nan,nan,0
early,cage,0,9,resnet,False,solarisation,lr,0.0001,0.0001,32,5,0.4145,0.8292,0.9120,0.5000,0.4646,0.8853,0.8666,0.5814,0.5000,1
early,cage,0,9,resnet,False,solarisation,lr,0.0001,0.0001,32,6,0.3086,0.8150,0.9025,0.5714,0.4478,nan,nan,nan,nan,0
early,cage,0,9,resnet,False,solarisation,lr,0.0001,0.0001,32,7,0.2303,1.3743,0.9527,0.7857,0.4646,nan,nan,nan,nan,0
early,cage,0,9,resnet,False,solarisation,lr,0.0001,0.0001,32,8,0.1578,2.0984,1.2582,0.7857,0.4512,nan,nan,nan,nan,0
early,cage,0,9,resnet,False,solarisation,lr,0.0001,0.0001,32,9,0.1376,3.4900,1.9322,0.7857,0.5185,nan,nan,nan,nan,0
early,cage,0,9,resnet,False,solarisation,lr,0.0001,0.0001,32,10,0.0875,2.1792,1.3354,0.7857,0.4781,nan,nan,nan,nan,0
early,cage,0,9,resnet,False,solarisation,lr,0.0001,0.0001,32,11,0.0390,2.8981,1.6518,0.7857,0.4916,nan,nan,nan,nan,0
early,cage,0,9,resnet,False,solarisation,lr,0.0001,0.0001,32,12,0.0654,3.3881,1.8768,0.7857,0.5152,nan,nan,nan,nan,0
early,cage,0,9,resnet,False,solarisation,lr,0.0001,0.0001,32,13,0.0851,1.9067,1.2915,0.8095,0.5623,nan,nan,nan,nan,0
early,cage,0,9,resnet,False,solarisation,lr,0.0001,0.0001,32,14,0.0798,3.1201,1.8269,0.7857,0.5084,nan,nan,nan,nan,0
early,cage,0,9,resnet,False,solarisation,lr,0.0001,0.0001,32,15,0.0569,2.8839,1.7122,0.7857,0.5724,nan,nan,nan,nan,0
early,cage,0,9,resnet,False,solarisation,lr,0.0001,0.0001,32,16,0.0282,3.4996,1.9909,0.7857,0.5589,nan,nan,nan,nan,0
early,cage,1,0,resnet,False,solarisation,lr,0.0001,0.0001,32,1,0.7242,0.6974,0.7237,0.3023,0.5714,nan,nan,nan,nan,0
early,cage,1,0,resnet,False,solarisation,lr,0.0001,0.0001,32,2,0.6902,0.7508,0.6109,0.8372,0.5040,nan,nan,nan,nan,0
early,cage,1,0,resnet,False,solarisation,lr,0.0001,0.0001,32,3,0.6393,0.7376,0.8032,0.2558,0.5198,nan,nan,nan,nan,0
early,cage,1,0,resnet,False,solarisation,lr,0.0001,0.0001,32,4,0.5747,0.7140,0.6696,0.7442,0.5278,nan,nan,nan,nan,0
early,cage,1,0,resnet,False,solarisation,lr,0.0001,0.0001,32,5,0.4655,0.7357,0.7162,0.7907,0.5794,0.7536,0.7315,0.7442,0.4683,1
early,cage,1,0,resnet,False,solarisation,lr,0.0001,0.0001,32,6,0.3571,0.9731,0.9115,0.7442,0.4524,nan,nan,nan,nan,0
early,cage,1,0,resnet,False,solarisation,lr,0.0001,0.0001,32,7,0.2572,1.1323,1.0026,0.7907,0.4683,nan,nan,nan,nan,0
early,cage,1,0,resnet,False,solarisation,lr,0.0001,0.0001,32,8,0.2096,2.1546,1.4747,0.8372,0.4325,nan,nan,nan,nan,0
early,cage,1,0,resnet,False,solarisation,lr,0.0001,0.0001,32,9,0.1287,1.7800,1.3651,0.8140,0.4405,nan,nan,nan,nan,0
early,cage,1,0,resnet,False,solarisation,lr,0.0001,0.0001,32,10,0.1232,1.7038,1.2820,0.8140,0.5079,nan,nan,nan,nan,0
early,cage,1,0,resnet,False,solarisation,lr,0.0001,0.0001,32,11,0.1370,1.3528,1.1573,0.8140,0.5198,nan,nan,nan,nan,0
early,cage,1,0,resnet,False,solarisation,lr,0.0001,0.0001,32,12,0.0784,1.4419,1.2820,0.8372,0.5595,nan,nan,nan,nan,0
early,cage,1,0,resnet,False,solarisation,lr,0.0001,0.0001,32,13,0.0426,2.0273,1.5272,0.8372,0.5357,nan,nan,nan,nan,0
early,cage,1,0,resnet,False,solarisation,lr,0.0001,0.0001,32,14,0.0432,2.1219,1.5273,0.8372,0.4603,nan,nan,nan,nan,0
early,cage,1,0,resnet,False,solarisation,lr,0.0001,0.0001,32,15,0.0526,1.8044,1.3725,0.8372,0.4603,nan,nan,nan,nan,0
early,cage,1,0,resnet,False,solarisation,lr,0.0001,0.0001,32,16,0.0871,1.6362,1.4304,0.7674,0.4881,nan,nan,nan,nan,0
early,cage,1,2,resnet,False,solarisation,lr,0.0001,0.0001,32,1,0.7220,0.6650,0.6923,0.5714,0.7059,nan,nan,nan,nan,0
early,cage,1,2,resnet,False,solarisation,lr,0.0001,0.0001,32,2,0.6923,0.6865,0.7351,0.3810,0.5772,nan,nan,nan,nan,0
early,cage,1,2,resnet,False,solarisation,lr,0.0001,0.0001,32,3,0.6321,0.8653,0.6634,0.8095,0.4485,nan,nan,nan,nan,0
early,cage,1,2,resnet,False,solarisation,lr,0.0001,0.0001,32,4,0.5426,0.9326,1.3170,0.2381,0.4007,nan,nan,nan,nan,0
early,cage,1,2,resnet,False,solarisation,lr,0.0001,0.0001,32,5,0.4382,0.8389,0.9216,0.5238,0.4449,0.6547,0.7782,0.6977,0.6349,1
early,cage,1,2,resnet,False,solarisation,lr,0.0001,0.0001,32,6,0.3184,0.8822,1.2713,0.2619,0.3860,nan,nan,nan,nan,0
early,cage,1,2,resnet,False,solarisation,lr,0.0001,0.0001,32,7,0.2497,1.6595,1.1828,0.7857,0.4449,nan,nan,nan,nan,0
early,cage,1,2,resnet,False,solarisation,lr,0.0001,0.0001,32,8,0.1806,1.3226,1.5061,0.5952,0.3787,nan,nan,nan,nan,0
early,cage,1,2,resnet,False,solarisation,lr,0.0001,0.0001,32,9,0.1259,1.6112,2.5333,0.1667,0.3971,nan,nan,nan,nan,0
early,cage,1,2,resnet,False,solarisation,lr,0.0001,0.0001,32,10,0.1134,1.8519,1.6901,0.7381,0.3382,nan,nan,nan,nan,0
early,cage,1,2,resnet,False,solarisation,lr,0.0001,0.0001,32,11,0.0604,2.5078,1.7746,0.7857,0.4926,nan,nan,nan,nan,0
early,cage,1,2,resnet,False,solarisation,lr,0.0001,0.0001,32,12,0.0658,1.5403,1.6953,0.7143,0.5184,nan,nan,nan,nan,0
early,cage,1,2,resnet,False,solarisation,lr,0.0001,0.0001,32,13,0.0878,1.1587,1.6735,0.5238,0.4375,nan,nan,nan,nan,0
early,cage,1,2,resnet,False,solarisation,lr,0.0001,0.0001,32,14,0.0560,1.1641,2.0745,0.3095,0.5221,nan,nan,nan,nan,0
early,cage,1,2,resnet,False,solarisation,lr,0.0001,0.0001,32,15,0.0667,1.7888,1.4467,0.8095,0.5257,nan,nan,nan,nan,0
early,cage,1,2,resnet,False,solarisation,lr,0.0001,0.0001,32,16,0.0258,2.6857,1.8647,0.7619,0.4596,nan,nan,nan,nan,0
early,cage,1,3,resnet,False,solarisation,lr,0.0001,0.0001,32,1,0.7213,0.7988,0.9296,0.1667,0.2449,nan,nan,nan,nan,0
early,cage,1,3,resnet,False,solarisation,lr,0.0001,0.0001,32,2,0.6816,0.7217,0.6613,0.7619,0.4898,nan,nan,nan,nan,0
early,cage,1,3,resnet,False,solarisation,lr,0.0001,0.0001,32,3,0.6112,0.8284,1.0036,0.1667,0.3755,nan,nan,nan,nan,0
early,cage,1,3,resnet,False,solarisation,lr,0.0001,0.0001,32,4,0.5188,0.7579,0.7611,0.7143,0.3918,nan,nan,nan,nan,0
early,cage,1,3,resnet,False,solarisation,lr,0.0001,0.0001,32,5,0.4170,0.7516,0.6613,0.8095,0.6204,nan,nan,nan,nan,1
early,cage,1,3,resnet,False,solarisation,lr,0.0001,0.0001,32,6,0.3079,1.0301,0.8805,0.8333,0.4694,nan,nan,nan,nan,1
early,cage,1,3,resnet,False,solarisation,lr,0.0001,0.0001,32,7,0.2450,0.9321,0.8974,0.7857,0.5020,nan,nan,nan,nan,0
early,cage,1,3,resnet,False,solarisation,lr,0.0001,0.0001,32,8,0.1899,0.8192,1.1761,0.5238,0.6000,nan,nan,nan,nan,1
early,cage,1,3,resnet,False,solarisation,lr,0.0001,0.0001,32,9,0.1459,1.0513,1.0539,0.7619,0.4571,0.9682,1.0044,0.7442,0.5119,1
early,cage,1,3,resnet,False,solarisation,lr,0.0001,0.0001,32,10,0.1271,1.3536,1.0594,0.8333,0.4816,nan,nan,nan,nan,0
early,cage,1,3,resnet,False,solarisation,lr,0.0001,0.0001,32,11,0.0878,0.9061,1.3324,0.5476,0.5551,nan,nan,nan,nan,0
early,cage,1,3,resnet,False,solarisation,lr,0.0001,0.0001,32,12,0.0793,1.6218,1.3006,0.8333,0.5306,nan,nan,nan,nan,0
early,cage,1,3,resnet,False,solarisation,lr,0.0001,0.0001,32,13,0.0894,0.9084,1.1080,0.7143,0.5633,nan,nan,nan,nan,0
early,cage,1,3,resnet,False,solarisation,lr,0.0001,0.0001,32,14,0.0559,1.3402,1.3702,0.8095,0.4898,nan,nan,nan,nan,0
early,cage,1,3,resnet,False,solarisation,lr,0.0001,0.0001,32,15,0.0396,1.5893,1.4207,0.8095,0.4082,nan,nan,nan,nan,0
early,cage,1,3,resnet,False,solarisation,lr,0.0001,0.0001,32,16,0.0564,1.9374,1.4304,0.8333,0.5510,nan,nan,nan,nan,0
early,cage,1,4,resnet,False,solarisation,lr,0.0001,0.0001,32,1,0.7284,0.7235,0.8009,0.1860,0.6036,nan,nan,nan,nan,0
early,cage,1,4,resnet,False,solarisation,lr,0.0001,0.0001,32,2,0.6923,0.6835,0.6861,0.6744,0.6214,nan,nan,nan,nan,0
early,cage,1,4,resnet,False,solarisation,lr,0.0001,0.0001,32,3,0.6552,0.7627,0.6901,0.8140,0.4786,nan,nan,nan,nan,0
early,cage,1,4,resnet,False,solarisation,lr,0.0001,0.0001,32,4,0.5735,0.8110,0.7414,0.7907,0.6857,nan,nan,nan,nan,0
early,cage,1,4,resnet,False,solarisation,lr,0.0001,0.0001,32,5,0.4883,0.7339,0.7285,0.7907,0.6893,nan,nan,nan,nan,1
early,cage,1,4,resnet,False,solarisation,lr,0.0001,0.0001,32,6,0.3961,0.9714,0.9215,0.7907,0.6714,nan,nan,nan,nan,1
early,cage,1,4,resnet,False,solarisation,lr,0.0001,0.0001,32,7,0.2925,1.5676,1.2704,0.7907,0.6000,nan,nan,nan,nan,0
early,cage,1,4,resnet,False,solarisation,lr,0.0001,0.0001,32,8,0.1792,1.7955,1.5428,0.8140,0.6107,nan,nan,nan,nan,1
early,cage,1,4,resnet,False,solarisation,lr,0.0001,0.0001,32,9,0.1468,0.7187,1.2401,0.5581,0.6714,nan,nan,nan,nan,0
early,cage,1,4,resnet,False,solarisation,lr,0.0001,0.0001,32,10,0.1282,0.9769,1.1386,0.8140,0.7071,nan,nan,nan,nan,0
early,cage,1,4,resnet,False,solarisation,lr,0.0001,0.0001,32,11,0.0992,2.2504,1.9723,0.8140,0.6714,nan,nan,nan,nan,0
early,cage,1,4,resnet,False,solarisation,lr,0.0001,0.0001,32,12,0.1013,0.8714,1.2204,0.7674,0.7714,nan,nan,nan,nan,1
early,cage,1,4,resnet,False,solarisation,lr,0.0001,0.0001,32,13,0.0734,1.6440,1.6355,0.7907,0.6786,nan,nan,nan,nan,1
early,cage,1,4,resnet,False,solarisation,lr,0.0001,0.0001,32,14,0.0648,2.8460,2.2664,0.7907,0.7000,2.9666,1.7600,0.8372,0.4921,1
early,cage,1,4,resnet,False,solarisation,lr,0.0001,0.0001,32,15,0.0416,2.0096,1.8916,0.7907,0.7000,nan,nan,nan,nan,0
early,cage,1,4,resnet,False,solarisation,lr,0.0001,0.0001,32,16,0.0541,2.7570,2.3670,0.7907,0.6107,nan,nan,nan,nan,0
early,cage,1,4,resnet,False,solarisation,lr,0.0001,0.0001,32,17,0.0661,0.8675,1.2873,0.7442,0.6857,nan,nan,nan,nan,0
early,cage,1,4,resnet,False,solarisation,lr,0.0001,0.0001,32,18,0.0571,1.8381,1.7938,0.7907,0.7714,nan,nan,nan,nan,0
early,cage,1,4,resnet,False,solarisation,lr,0.0001,0.0001,32,19,0.0223,2.8581,2.4809,0.7907,0.6321,nan,nan,nan,nan,0
early,cage,1,5,resnet,False,solarisation,lr,0.0001,0.0001,32,1,0.7219,0.7313,0.6803,0.7000,0.3656,nan,nan,nan,nan,0
early,cage,1,5,resnet,False,solarisation,lr,0.0001,0.0001,32,2,0.6731,0.9737,0.7518,0.7750,0.4624,nan,nan,nan,nan,0
early,cage,1,5,resnet,False,solarisation,lr,0.0001,0.0001,32,3,0.6216,0.7329,0.8915,0.2250,0.3835,nan,nan,nan,nan,0
early,cage,1,5,resnet,False,solarisation,lr,0.0001,0.0001,32,4,0.5676,0.7347,0.7549,0.5750,0.5269,nan,nan,nan,nan,0
early,cage,1,5,resnet,False,solarisation,lr,0.0001,0.0001,32,5,0.4622,0.8121,0.9625,0.5250,0.4373,nan,nan,nan,nan,1
early,cage,1,5,resnet,False,solarisation,lr,0.0001,0.0001,32,6,0.3516,0.8794,1.2740,0.2500,0.4910,nan,nan,nan,nan,1
early,cage,1,5,resnet,False,solarisation,lr,0.0001,0.0001,32,7,0.2569,0.9539,1.0368,0.5250,0.5018,nan,nan,nan,nan,1
early,cage,1,5,resnet,False,solarisation,lr,0.0001,0.0001,32,8,0.2236,0.8751,0.9347,0.6750,0.5591,nan,nan,nan,nan,1
early,cage,1,5,resnet,False,solarisation,lr,0.0001,0.0001,32,9,0.1366,1.4021,1.2232,0.7750,0.4050,nan,nan,nan,nan,0
early,cage,1,5,resnet,False,solarisation,lr,0.0001,0.0001,32,10,0.1218,0.9652,1.2068,0.5750,0.4480,nan,nan,nan,nan,0
early,cage,1,5,resnet,False,solarisation,lr,0.0001,0.0001,32,11,0.0846,1.5545,1.3830,0.6750,0.5018,nan,nan,nan,nan,0
early,cage,1,5,resnet,False,solarisation,lr,0.0001,0.0001,32,12,0.0723,1.6641,1.5984,0.7250,0.4301,nan,nan,nan,nan,0
early,cage,1,5,resnet,False,solarisation,lr,0.0001,0.0001,32,13,0.0634,1.1580,1.3565,0.6500,0.5305,nan,nan,nan,nan,0
early,cage,1,5,resnet,False,solarisation,lr,0.0001,0.0001,32,14,0.0781,1.6810,1.3898,0.7250,0.5448,nan,nan,nan,nan,0
early,cage,1,5,resnet,False,solarisation,lr,0.0001,0.0001,32,15,0.0431,1.4729,1.3409,0.6750,0.5771,nan,nan,nan,nan,1
early,cage,1,5,resnet,False,solarisation,lr,0.0001,0.0001,32,16,0.0198,2.3850,1.7028,0.7500,0.5484,nan,nan,nan,nan,1
early,cage,1,5,resnet,False,solarisation,lr,0.0001,0.0001,32,17,0.0204,1.3958,1.7176,0.6000,0.5305,nan,nan,nan,nan,1
early,cage,1,5,resnet,False,solarisation,lr,0.0001,0.0001,32,18,0.0209,2.7194,2.0669,0.7500,0.5412,nan,nan,nan,nan,0
early,cage,1,5,resnet,False,solarisation,lr,0.0001,0.0001,32,19,0.0611,2.1376,1.6832,0.7750,0.5448,nan,nan,nan,nan,0
early,cage,1,5,resnet,False,solarisation,lr,0.0001,0.0001,32,20,0.0673,2.6491,1.8376,0.7500,0.5986,2.4780,1.5642,0.8140,0.5317,1
early,cage,1,5,resnet,False,solarisation,lr,0.0001,0.0001,32,21,0.0437,2.7329,1.8878,0.7500,0.4839,nan,nan,nan,nan,0
early,cage,1,5,resnet,False,solarisation,lr,0.0001,0.0001,32,22,0.0211,2.2415,1.8077,0.7250,0.5125,nan,nan,nan,nan,0
early,cage,1,5,resnet,False,solarisation,lr,0.0001,0.0001,32,23,0.0104,2.6588,2.0134,0.7500,0.5484,nan,nan,nan,nan,0
early,cage,1,5,resnet,False,solarisation,lr,0.0001,0.0001,32,24,0.0023,2.9291,2.1342,0.7500,0.5556,nan,nan,nan,nan,0
early,cage,1,5,resnet,False,solarisation,lr,0.0001,0.0001,32,25,0.0023,2.9760,2.1705,0.7500,0.5269,nan,nan,nan,nan,0
early,cage,1,6,resnet,False,solarisation,lr,0.0001,0.0001,32,1,0.7211,0.7248,0.7849,0.1463,0.6429,nan,nan,nan,nan,0
early,cage,1,6,resnet,False,solarisation,lr,0.0001,0.0001,32,2,0.6829,0.6975,0.6699,0.6341,0.4810,nan,nan,nan,nan,0
early,cage,1,6,resnet,False,solarisation,lr,0.0001,0.0001,32,3,0.6380,0.7093,0.7630,0.3171,0.5810,nan,nan,nan,nan,0
early,cage,1,6,resnet,False,solarisation,lr,0.0001,0.0001,32,4,0.5943,0.8287,0.6988,0.8537,0.2810,nan,nan,nan,nan,0
early,cage,1,6,resnet,False,solarisation,lr,0.0001,0.0001,32,5,0.4954,0.9480,1.1452,0.1707,0.4619,0.8840,1.1826,0.1860,0.5198,1
early,cage,1,6,resnet,False,solarisation,lr,0.0001,0.0001,32,6,0.4363,0.9500,1.1552,0.1951,0.4095,nan,nan,nan,nan,0
early,cage,1,6,resnet,False,solarisation,lr,0.0001,0.0001,32,7,0.3296,1.1421,0.8671,0.8537,0.3571,nan,nan,nan,nan,0
early,cage,1,6,resnet,False,solarisation,lr,0.0001,0.0001,32,8,0.2440,1.8352,1.2569,0.8537,0.3571,nan,nan,nan,nan,0
early,cage,1,6,resnet,False,solarisation,lr,0.0001,0.0001,32,9,0.1860,1.3729,1.0586,0.8537,0.4143,nan,nan,nan,nan,0
early,cage,1,6,resnet,False,solarisation,lr,0.0001,0.0001,32,10,0.1431,1.5734,1.2831,0.8537,0.3905,nan,nan,nan,nan,0
early,cage,1,6,resnet,False,solarisation,lr,0.0001,0.0001,32,11,0.1159,1.3821,1.1390,0.8537,0.6095,nan,nan,nan,nan,0
early,cage,1,6,resnet,False,solarisation,lr,0.0001,0.0001,32,12,0.0994,1.8901,1.3278,0.8537,0.4810,nan,nan,nan,nan,0
early,cage,1,6,resnet,False,solarisation,lr,0.0001,0.0001,32,13,0.0808,1.4350,1.2256,0.8049,0.4714,nan,nan,nan,nan,0
early,cage,1,6,resnet,False,solarisation,lr,0.0001,0.0001,32,14,0.0700,2.7650,1.9060,0.8537,0.2238,nan,nan,nan,nan,0
early,cage,1,6,resnet,False,solarisation,lr,0.0001,0.0001,32,15,0.0903,3.3257,2.2582,0.8537,0.3048,nan,nan,nan,nan,0
early,cage,1,6,resnet,False,solarisation,lr,0.0001,0.0001,32,16,0.0479,2.1512,1.5751,0.8537,0.3762,nan,nan,nan,nan,0
early,cage,1,7,resnet,False,solarisation,lr,0.0001,0.0001,32,1,0.7175,0.7431,0.7834,0.3182,0.3958,nan,nan,nan,nan,0
early,cage,1,7,resnet,False,solarisation,lr,0.0001,0.0001,32,2,0.6673,0.7756,0.6325,0.8182,0.4444,nan,nan,nan,nan,0
early,cage,1,7,resnet,False,solarisation,lr,0.0001,0.0001,32,3,0.6272,0.8261,1.0267,0.1818,0.4653,nan,nan,nan,nan,0
early,cage,1,7,resnet,False,solarisation,lr,0.0001,0.0001,32,4,0.5601,0.7001,0.7038,0.5682,0.5556,nan,nan,nan,nan,0
early,cage,1,7,resnet,False,solarisation,lr,0.0001,0.0001,32,5,0.4747,0.6773,0.7578,0.5227,0.6215,nan,nan,nan,nan,1
early,cage,1,7,resnet,False,solarisation,lr,0.0001,0.0001,32,6,0.3518,0.7850,1.0802,0.3409,0.5382,nan,nan,nan,nan,1
early,cage,1,7,resnet,False,solarisation,lr,0.0001,0.0001,32,7,0.2801,1.6109,0.9332,0.8182,0.6076,nan,nan,nan,nan,1
early,cage,1,7,resnet,False,solarisation,lr,0.0001,0.0001,32,8,0.2089,1.0871,0.8797,0.7727,0.6667,nan,nan,nan,nan,1
early,cage,1,7,resnet,False,solarisation,lr,0.0001,0.0001,32,9,0.1706,0.7697,1.0593,0.5909,0.5521,nan,nan,nan,nan,0
early,cage,1,7,resnet,False,solarisation,lr,0.0001,0.0001,32,10,0.1212,1.1715,0.9357,0.7727,0.5764,nan,nan,nan,nan,0
early,cage,1,7,resnet,False,solarisation,lr,0.0001,0.0001,32,11,0.1024,1.3314,1.0352,0.8182,0.7326,1.3689,1.0500,0.8140,0.6944,1
early,cage,1,7,resnet,False,solarisation,lr,0.0001,0.0001,32,12,0.0860,2.1890,1.3017,0.8182,0.6076,nan,nan,nan,nan,0
early,cage,1,7,resnet,False,solarisation,lr,0.0001,0.0001,32,13,0.0879,2.3053,1.3763,0.8182,0.6111,nan,nan,nan,nan,0
early,cage,1,7,resnet,False,solarisation,lr,0.0001,0.0001,32,14,0.0738,1.8565,1.3379,0.8182,0.5521,nan,nan,nan,nan,0
early,cage,1,7,resnet,False,solarisation,lr,0.0001,0.0001,32,15,0.0444,2.3221,1.4664,0.8182,0.5382,nan,nan,nan,nan,0
early,cage,1,7,resnet,False,solarisation,lr,0.0001,0.0001,32,16,0.0447,1.5774,1.1255,0.8182,0.6736,nan,nan,nan,nan,0
early,cage,1,8,resnet,False,solarisation,lr,0.0001,0.0001,32,1,0.7201,0.6947,0.6835,0.7021,0.5000,nan,nan,nan,nan,0
early,cage,1,8,resnet,False,solarisation,lr,0.0001,0.0001,32,2,0.6716,0.7796,0.5968,0.8298,0.4519,nan,nan,nan,nan,0
early,cage,1,8,resnet,False,solarisation,lr,0.0001,0.0001,32,3,0.6185,0.7182,0.6982,0.5745,0.5032,nan,nan,nan,nan,0
early,cage,1,8,resnet,False,solarisation,lr,0.0001,0.0001,32,4,0.5490,0.6703,0.6823,0.6596,0.5994,nan,nan,nan,nan,0
early,cage,1,8,resnet,False,solarisation,lr,0.0001,0.0001,32,5,0.4413,0.7137,0.9091,0.2979,0.6090,nan,nan,nan,nan,1
early,cage,1,8,resnet,False,solarisation,lr,0.0001,0.0001,32,6,0.3196,0.6720,0.8629,0.5957,0.6571,nan,nan,nan,nan,1
early,cage,1,8,resnet,False,solarisation,lr,0.0001,0.0001,32,7,0.2703,1.3372,0.8659,0.8298,0.5224,nan,nan,nan,nan,1
early,cage,1,8,resnet,False,solarisation,lr,0.0001,0.0001,32,8,0.1759,0.8721,0.9954,0.6809,0.5288,0.8534,1.0031,0.4884,0.4246,1
early,cage,1,8,resnet,False,solarisation,lr,0.0001,0.0001,32,9,0.1206,1.1244,1.1212,0.6809,0.5353,nan,nan,nan,nan,0
early,cage,1,8,resnet,False,solarisation,lr,0.0001,0.0001,32,10,0.1214,1.0264,0.9616,0.8298,0.6378,nan,nan,nan,nan,0
early,cage,1,8,resnet,False,solarisation,lr,0.0001,0.0001,32,11,0.0934,1.1450,1.2830,0.6383,0.5192,nan,nan,nan,nan,0
early,cage,1,8,resnet,False,solarisation,lr,0.0001,0.0001,32,12,0.0956,0.9078,1.2239,0.5319,0.5705,nan,nan,nan,nan,0
early,cage,1,8,resnet,False,solarisation,lr,0.0001,0.0001,32,13,0.0934,1.3287,0.9685,0.8085,0.5385,nan,nan,nan,nan,0
early,cage,1,8,resnet,False,solarisation,lr,0.0001,0.0001,32,14,0.0537,2.1011,1.3436,0.7872,0.5417,nan,nan,nan,nan,0
early,cage,1,8,resnet,False,solarisation,lr,0.0001,0.0001,32,15,0.0622,0.9766,1.1219,0.6809,0.5897,nan,nan,nan,nan,0
early,cage,1,8,resnet,False,solarisation,lr,0.0001,0.0001,32,16,0.0365,1.5156,1.1006,0.7872,0.5705,nan,nan,nan,nan,0
early,cage,1,9,resnet,False,solarisation,lr,0.0001,0.0001,32,1,0.7139,0.7527,0.6229,0.7857,0.6734,nan,nan,nan,nan,0
early,cage,1,9,resnet,False,solarisation,lr,0.0001,0.0001,32,2,0.6735,0.7161,0.7778,0.1905,0.2963,nan,nan,nan,nan,0
early,cage,1,9,resnet,False,solarisation,lr,0.0001,0.0001,32,3,0.6131,0.7712,0.7128,0.7381,0.4714,nan,nan,nan,nan,0
early,cage,1,9,resnet,False,solarisation,lr,0.0001,0.0001,32,4,0.5071,0.6988,0.9216,0.2619,0.6061,nan,nan,nan,nan,0
early,cage,1,9,resnet,False,solarisation,lr,0.0001,0.0001,32,5,0.4060,0.8452,1.1020,0.5238,0.4007,nan,nan,nan,nan,1
early,cage,1,9,resnet,False,solarisation,lr,0.0001,0.0001,32,6,0.2952,0.8023,1.1106,0.4048,0.4815,nan,nan,nan,nan,0
early,cage,1,9,resnet,False,solarisation,lr,0.0001,0.0001,32,7,0.2154,1.8714,1.1979,0.7381,0.4343,nan,nan,nan,nan,0
early,cage,1,9,resnet,False,solarisation,lr,0.0001,0.0001,32,8,0.1663,1.4807,1.6946,0.5476,0.4310,nan,nan,nan,nan,0
early,cage,1,9,resnet,False,solarisation,lr,0.0001,0.0001,32,9,0.1389,1.0785,1.2834,0.6905,0.5455,nan,nan,nan,nan,0
early,cage,1,9,resnet,False,solarisation,lr,0.0001,0.0001,32,10,0.1066,1.1700,1.7952,0.5238,0.4983,nan,nan,nan,nan,0
early,cage,1,9,resnet,False,solarisation,lr,0.0001,0.0001,32,11,0.0767,0.9751,1.5951,0.5476,0.5219,nan,nan,nan,nan,0
early,cage,1,9,resnet,False,solarisation,lr,0.0001,0.0001,32,12,0.0743,1.1206,1.4457,0.5952,0.4714,nan,nan,nan,nan,0
early,cage,1,9,resnet,False,solarisation,lr,0.0001,0.0001,32,13,0.0692,2.5200,1.6702,0.7381,0.4411,nan,nan,nan,nan,1
early,cage,1,9,resnet,False,solarisation,lr,0.0001,0.0001,32,14,0.0405,2.3088,1.5855,0.7143,0.5084,nan,nan,nan,nan,0
early,cage,1,9,resnet,False,solarisation,lr,0.0001,0.0001,32,15,0.0387,1.4366,1.9594,0.6190,0.4882,nan,nan,nan,nan,0
early,cage,1,9,resnet,False,solarisation,lr,0.0001,0.0001,32,16,0.0472,1.7403,1.6767,0.7381,0.5219,nan,nan,nan,nan,0
early,cage,1,9,resnet,False,solarisation,lr,0.0001,0.0001,32,17,0.0470,3.2105,1.8833,0.7857,0.5219,nan,nan,nan,nan,0
early,cage,1,9,resnet,False,solarisation,lr,0.0001,0.0001,32,18,0.0303,2.0547,1.6889,0.6905,0.5118,nan,nan,nan,nan,1
early,cage,1,9,resnet,False,solarisation,lr,0.0001,0.0001,32,19,0.0626,2.5749,1.8019,0.7619,0.5859,nan,nan,nan,nan,1
early,cage,1,9,resnet,False,solarisation,lr,0.0001,0.0001,32,20,0.0504,1.9058,1.5104,0.7381,0.6330,nan,nan,nan,nan,1
early,cage,1,9,resnet,False,solarisation,lr,0.0001,0.0001,32,21,0.0314,3.1109,2.0244,0.7143,0.5488,nan,nan,nan,nan,1
early,cage,1,9,resnet,False,solarisation,lr,0.0001,0.0001,32,22,0.0321,1.8396,1.6576,0.7619,0.5791,nan,nan,nan,nan,1
early,cage,1,9,resnet,False,solarisation,lr,0.0001,0.0001,32,23,0.0161,2.5686,1.8407,0.7381,0.5556,nan,nan,nan,nan,1
early,cage,1,9,resnet,False,solarisation,lr,0.0001,0.0001,32,24,0.0077,2.8529,1.9322,0.7381,0.5657,nan,nan,nan,nan,0
early,cage,1,9,resnet,False,solarisation,lr,0.0001,0.0001,32,25,0.0070,2.3458,1.8559,0.7619,0.5926,nan,nan,nan,nan,0
early,cage,1,9,resnet,False,solarisation,lr,0.0001,0.0001,32,26,0.0034,3.6517,2.1775,0.7619,0.5859,nan,nan,nan,nan,0
early,cage,1,9,resnet,False,solarisation,lr,0.0001,0.0001,32,27,0.0015,3.2052,2.0750,0.7619,0.5993,nan,nan,nan,nan,0
early,cage,1,9,resnet,False,solarisation,lr,0.0001,0.0001,32,28,0.0007,3.7123,2.2646,0.7619,0.5926,nan,nan,nan,nan,1
early,cage,1,9,resnet,False,solarisation,lr,0.0001,0.0001,32,29,0.0005,3.3492,2.1840,0.7619,0.5892,nan,nan,nan,nan,0
early,cage,1,9,resnet,False,solarisation,lr,0.0001,0.0001,32,30,0.0002,3.6044,2.2594,0.7619,0.5892,nan,nan,nan,nan,0
early,cage,1,9,resnet,False,solarisation,lr,0.0001,0.0001,32,31,0.0002,3.4947,2.2230,0.7619,0.6061,3.3755,2.0352,0.8372,0.5238,1
early,cage,1,9,resnet,False,solarisation,lr,0.0001,0.0001,32,32,0.0001,3.6665,2.3052,0.7619,0.5993,nan,nan,nan,nan,0
early,cage,1,9,resnet,False,solarisation,lr,0.0001,0.0001,32,33,0.0001,3.5795,2.2751,0.7619,0.5926,nan,nan,nan,nan,0
early,cage,1,9,resnet,False,solarisation,lr,0.0001,0.0001,32,34,0.0001,3.7543,2.3513,0.7619,0.5859,nan,nan,nan,nan,0
early,cage,1,9,resnet,False,solarisation,lr,0.0001,0.0001,32,35,0.0001,3.5515,2.3131,0.7619,0.5892,nan,nan,nan,nan,0
early,cage,1,9,resnet,False,solarisation,lr,0.0001,0.0001,32,36,0.0001,3.6844,2.3471,0.7619,0.5859,nan,nan,nan,nan,0
early,cage,2,0,resnet,False,solarisation,lr,0.0001,0.0001,32,1,0.7232,0.7076,0.7501,0.1628,0.5000,nan,nan,nan,nan,0
early,cage,2,0,resnet,False,solarisation,lr,0.0001,0.0001,32,2,0.6895,0.7181,0.7573,0.1860,0.4921,nan,nan,nan,nan,0
early,cage,2,0,resnet,False,solarisation,lr,0.0001,0.0001,32,3,0.6585,0.7188,0.7508,0.3953,0.4206,nan,nan,nan,nan,0
early,cage,2,0,resnet,False,solarisation,lr,0.0001,0.0001,32,4,0.5788,0.7517,0.8292,0.3953,0.4127,nan,nan,nan,nan,0
early,cage,2,0,resnet,False,solarisation,lr,0.0001,0.0001,32,5,0.4914,0.7163,0.7381,0.5814,0.5079,nan,nan,nan,nan,1
early,cage,2,0,resnet,False,solarisation,lr,0.0001,0.0001,32,6,0.3772,1.0334,0.7782,0.8372,0.6468,nan,nan,nan,nan,1
early,cage,2,0,resnet,False,solarisation,lr,0.0001,0.0001,32,7,0.2990,0.9600,0.7937,0.8372,0.7143,nan,nan,nan,nan,1
early,cage,2,0,resnet,False,solarisation,lr,0.0001,0.0001,32,8,0.1985,0.8976,0.8921,0.8140,0.6310,nan,nan,nan,nan,1
early,cage,2,0,resnet,False,solarisation,lr,0.0001,0.0001,32,9,0.1634,1.1460,1.0382,0.8372,0.6389,nan,nan,nan,nan,1
early,cage,2,0,resnet,False,solarisation,lr,0.0001,0.0001,32,10,0.1484,1.2767,1.0159,0.8372,0.6468,1.3196,0.9444,0.8095,0.6801,1
early,cage,2,0,resnet,False,solarisation,lr,0.0001,0.0001,32,11,0.0878,1.4262,1.2066,0.8140,0.5397,nan,nan,nan,nan,0
early,cage,2,0,resnet,False,solarisation,lr,0.0001,0.0001,32,12,0.0637,1.1914,1.2277,0.8372,0.5516,nan,nan,nan,nan,0
early,cage,2,0,resnet,False,solarisation,lr,0.0001,0.0001,32,13,0.0608,1.9011,1.4527,0.8372,0.5278,nan,nan,nan,nan,0
early,cage,2,0,resnet,False,solarisation,lr,0.0001,0.0001,32,14,0.0679,2.3933,1.6557,0.8372,0.6071,nan,nan,nan,nan,0
early,cage,2,0,resnet,False,solarisation,lr,0.0001,0.0001,32,15,0.0545,1.3757,1.2691,0.8605,0.6071,nan,nan,nan,nan,0
early,cage,2,0,resnet,False,solarisation,lr,0.0001,0.0001,32,16,0.0567,1.8766,1.4070,0.8372,0.6944,nan,nan,nan,nan,0
early,cage,2,1,resnet,False,solarisation,lr,0.0001,0.0001,32,1,0.7268,0.9185,0.6249,0.8372,0.4048,nan,nan,nan,nan,0
early,cage,2,1,resnet,False,solarisation,lr,0.0001,0.0001,32,2,0.6842,0.6723,0.7012,0.5349,0.5992,nan,nan,nan,nan,0
early,cage,2,1,resnet,False,solarisation,lr,0.0001,0.0001,32,3,0.6357,0.8546,1.1200,0.1628,0.6825,nan,nan,nan,nan,0
early,cage,2,1,resnet,False,solarisation,lr,0.0001,0.0001,32,4,0.5571,0.7225,0.7918,0.4651,0.5119,nan,nan,nan,nan,0
early,cage,2,1,resnet,False,solarisation,lr,0.0001,0.0001,32,5,0.4640,0.6669,0.7404,0.6512,0.6151,nan,nan,nan,nan,1
early,cage,2,1,resnet,False,solarisation,lr,0.0001,0.0001,32,6,0.3537,0.7193,0.7654,0.7907,0.6746,nan,nan,nan,nan,1
early,cage,2,1,resnet,False,solarisation,lr,0.0001,0.0001,32,7,0.2416,0.8462,1.3547,0.4651,0.5040,nan,nan,nan,nan,0
early,cage,2,1,resnet,False,solarisation,lr,0.0001,0.0001,32,8,0.1873,1.0033,0.8834,0.7907,0.6508,nan,nan,nan,nan,0
early,cage,2,1,resnet,False,solarisation,lr,0.0001,0.0001,32,9,0.1483,0.8430,1.0188,0.7442,0.6667,0.8912,1.0961,0.6667,0.5882,1
early,cage,2,1,resnet,False,solarisation,lr,0.0001,0.0001,32,10,0.1208,1.6456,1.2136,0.7907,0.5238,nan,nan,nan,nan,0
early,cage,2,1,resnet,False,solarisation,lr,0.0001,0.0001,32,11,0.0884,1.7427,1.3438,0.7907,0.5278,nan,nan,nan,nan,0
early,cage,2,1,resnet,False,solarisation,lr,0.0001,0.0001,32,12,0.0886,1.8782,1.3456,0.8140,0.6190,nan,nan,nan,nan,0
early,cage,2,1,resnet,False,solarisation,lr,0.0001,0.0001,32,13,0.0477,0.7639,1.3157,0.6512,0.6468,nan,nan,nan,nan,0
early,cage,2,1,resnet,False,solarisation,lr,0.0001,0.0001,32,14,0.0568,0.9222,1.2501,0.7442,0.6111,nan,nan,nan,nan,0
early,cage,2,1,resnet,False,solarisation,lr,0.0001,0.0001,32,15,0.0651,1.0499,1.5376,0.6512,0.5238,nan,nan,nan,nan,0
early,cage,2,1,resnet,False,solarisation,lr,0.0001,0.0001,32,16,0.0547,1.9261,1.3737,0.8372,0.4008,nan,nan,nan,nan,0
early,cage,2,3,resnet,False,solarisation,lr,0.0001,0.0001,32,1,0.7278,0.6920,0.6470,0.8095,0.6000,nan,nan,nan,nan,0
early,cage,2,3,resnet,False,solarisation,lr,0.0001,0.0001,32,2,0.6850,0.7434,0.8211,0.1667,0.2408,nan,nan,nan,nan,0
early,cage,2,3,resnet,False,solarisation,lr,0.0001,0.0001,32,3,0.6333,0.7064,0.8133,0.2143,0.6531,nan,nan,nan,nan,0
early,cage,2,3,resnet,False,solarisation,lr,0.0001,0.0001,32,4,0.5438,0.6851,0.6356,0.8333,0.6204,nan,nan,nan,nan,0
early,cage,2,3,resnet,False,solarisation,lr,0.0001,0.0001,32,5,0.4507,0.6708,0.6865,0.7143,0.6449,nan,nan,nan,nan,1
early,cage,2,3,resnet,False,solarisation,lr,0.0001,0.0001,32,6,0.3647,0.8308,0.6840,0.8333,0.6245,nan,nan,nan,nan,0
early,cage,2,3,resnet,False,solarisation,lr,0.0001,0.0001,32,7,0.2789,0.7140,0.9158,0.5952,0.6041,nan,nan,nan,nan,1
early,cage,2,3,resnet,False,solarisation,lr,0.0001,0.0001,32,8,0.2128,0.7614,1.1714,0.5714,0.6286,nan,nan,nan,nan,0
early,cage,2,3,resnet,False,solarisation,lr,0.0001,0.0001,32,9,0.1579,1.2237,0.9977,0.8333,0.5755,nan,nan,nan,nan,0
early,cage,2,3,resnet,False,solarisation,lr,0.0001,0.0001,32,10,0.1073,0.7881,1.0165,0.6429,0.5878,nan,nan,nan,nan,0
early,cage,2,3,resnet,False,solarisation,lr,0.0001,0.0001,32,11,0.0880,0.9090,1.1892,0.6190,0.5551,nan,nan,nan,nan,0
early,cage,2,3,resnet,False,solarisation,lr,0.0001,0.0001,32,12,0.0676,1.3811,1.1500,0.8333,0.6041,nan,nan,nan,nan,0
early,cage,2,3,resnet,False,solarisation,lr,0.0001,0.0001,32,13,0.1012,0.7542,1.0058,0.6667,0.6367,nan,nan,nan,nan,0
early,cage,2,3,resnet,False,solarisation,lr,0.0001,0.0001,32,14,0.0634,1.4588,1.1134,0.8333,0.6531,nan,nan,nan,nan,0
early,cage,2,3,resnet,False,solarisation,lr,0.0001,0.0001,32,15,0.0785,1.2207,1.9521,0.1905,0.6327,nan,nan,nan,nan,0
early,cage,2,3,resnet,False,solarisation,lr,0.0001,0.0001,32,16,0.0624,0.9585,1.0627,0.8095,0.6571,nan,nan,nan,nan,1
early,cage,2,3,resnet,False,solarisation,lr,0.0001,0.0001,32,17,0.0234,0.9323,1.3883,0.6905,0.6612,1.0056,1.3831,0.6190,0.5331,1
early,cage,2,3,resnet,False,solarisation,lr,0.0001,0.0001,32,18,0.0388,0.8646,1.2261,0.6667,0.6000,nan,nan,nan,nan,0
early,cage,2,3,resnet,False,solarisation,lr,0.0001,0.0001,32,19,0.0423,1.0551,1.7944,0.2857,0.6082,nan,nan,nan,nan,0
early,cage,2,3,resnet,False,solarisation,lr,0.0001,0.0001,32,20,0.0530,0.9738,1.3058,0.7143,0.5878,nan,nan,nan,nan,0
early,cage,2,3,resnet,False,solarisation,lr,0.0001,0.0001,32,21,0.0267,1.1379,2.0797,0.3333,0.5551,nan,nan,nan,nan,0
early,cage,2,3,resnet,False,solarisation,lr,0.0001,0.0001,32,22,0.0277,0.9015,1.5537,0.6429,0.5918,nan,nan,nan,nan,0
early,cage,2,4,resnet,False,solarisation,lr,0.0001,0.0001,32,1,0.7238,0.7789,0.6879,0.8140,0.5964,nan,nan,nan,nan,0
early,cage,2,4,resnet,False,solarisation,lr,0.0001,0.0001,32,2,0.7037,0.7109,0.6746,0.8140,0.6214,nan,nan,nan,nan,0
early,cage,2,4,resnet,False,solarisation,lr,0.0001,0.0001,32,3,0.6467,0.7048,0.7763,0.2326,0.5964,nan,nan,nan,nan,0
early,cage,2,4,resnet,False,solarisation,lr,0.0001,0.0001,32,4,0.5901,0.6920,0.7536,0.3953,0.5429,nan,nan,nan,nan,0
early,cage,2,4,resnet,False,solarisation,lr,0.0001,0.0001,32,5,0.4769,0.8887,1.0773,0.1860,0.5286,0.8232,1.1478,0.1905,0.5515,1
early,cage,2,4,resnet,False,solarisation,lr,0.0001,0.0001,32,6,0.3802,0.7514,0.8305,0.6744,0.5429,nan,nan,nan,nan,0
early,cage,2,4,resnet,False,solarisation,lr,0.0001,0.0001,32,7,0.3009,1.2644,1.6982,0.1860,0.5214,nan,nan,nan,nan,0
early,cage,2,4,resnet,False,solarisation,lr,0.0001,0.0001,32,8,0.2185,1.4357,1.3506,0.7442,0.4464,nan,nan,nan,nan,0
early,cage,2,4,resnet,False,solarisation,lr,0.0001,0.0001,32,9,0.1542,1.2114,1.6467,0.2093,0.3929,nan,nan,nan,nan,0
early,cage,2,4,resnet,False,solarisation,lr,0.0001,0.0001,32,10,0.1385,1.4023,1.5081,0.7209,0.3464,nan,nan,nan,nan,0
early,cage,2,4,resnet,False,solarisation,lr,0.0001,0.0001,32,11,0.0815,1.1553,1.9805,0.3721,0.4464,nan,nan,nan,nan,0
early,cage,2,4,resnet,False,solarisation,lr,0.0001,0.0001,32,12,0.0932,0.8476,1.3381,0.6744,0.5464,nan,nan,nan,nan,0
early,cage,2,4,resnet,False,solarisation,lr,0.0001,0.0001,32,13,0.0823,1.6013,1.7876,0.6977,0.5179,nan,nan,nan,nan,0
early,cage,2,4,resnet,False,solarisation,lr,0.0001,0.0001,32,14,0.0723,1.2472,1.5456,0.6977,0.4929,nan,nan,nan,nan,0
early,cage,2,4,resnet,False,solarisation,lr,0.0001,0.0001,32,15,0.0575,3.0529,2.5286,0.8140,0.4357,nan,nan,nan,nan,0
early,cage,2,4,resnet,False,solarisation,lr,0.0001,0.0001,32,16,0.0568,1.3598,1.6118,0.6744,0.4000,nan,nan,nan,nan,0
early,cage,2,5,resnet,False,solarisation,lr,0.0001,0.0001,32,1,0.7312,1.2213,0.8381,0.7750,0.4731,nan,nan,nan,nan,0
early,cage,2,5,resnet,False,solarisation,lr,0.0001,0.0001,32,2,0.6821,0.7203,0.6502,0.7000,0.5663,nan,nan,nan,nan,0
early,cage,2,5,resnet,False,solarisation,lr,0.0001,0.0001,32,3,0.6199,1.0733,0.7488,0.7750,0.5376,nan,nan,nan,nan,0
early,cage,2,5,resnet,False,solarisation,lr,0.0001,0.0001,32,4,0.5393,0.9476,0.7125,0.7750,0.5627,nan,nan,nan,nan,0
early,cage,2,5,resnet,False,solarisation,lr,0.0001,0.0001,32,5,0.4396,0.7512,0.9986,0.2750,0.4695,0.8085,1.0723,0.2381,0.5551,1
early,cage,2,5,resnet,False,solarisation,lr,0.0001,0.0001,32,6,0.3523,1.0973,0.8585,0.7500,0.4444,nan,nan,nan,nan,0
early,cage,2,5,resnet,False,solarisation,lr,0.0001,0.0001,32,7,0.2515,1.5359,1.1687,0.7750,0.3656,nan,nan,nan,nan,0
early,cage,2,5,resnet,False,solarisation,lr,0.0001,0.0001,32,8,0.2042,2.6586,1.7205,0.7750,0.3799,nan,nan,nan,nan,0
early,cage,2,5,resnet,False,solarisation,lr,0.0001,0.0001,32,9,0.1462,2.7895,1.7781,0.7750,0.4624,nan,nan,nan,nan,0
early,cage,2,5,resnet,False,solarisation,lr,0.0001,0.0001,32,10,0.1501,1.4336,1.2565,0.7250,0.3369,nan,nan,nan,nan,0
early,cage,2,5,resnet,False,solarisation,lr,0.0001,0.0001,32,11,0.0697,1.5413,1.3640,0.7000,0.4265,nan,nan,nan,nan,0
early,cage,2,5,resnet,False,solarisation,lr,0.0001,0.0001,32,12,0.0548,0.9952,1.2373,0.6250,0.5054,nan,nan,nan,nan,0
early,cage,2,5,resnet,False,solarisation,lr,0.0001,0.0001,32,13,0.0993,1.7788,1.4375,0.7750,0.5341,nan,nan,nan,nan,0
early,cage,2,5,resnet,False,solarisation,lr,0.0001,0.0001,32,14,0.0864,2.0878,1.7245,0.7500,0.4409,nan,nan,nan,nan,0
early,cage,2,5,resnet,False,solarisation,lr,0.0001,0.0001,32,15,0.0587,3.4334,2.2413,0.7750,0.3728,nan,nan,nan,nan,0
early,cage,2,5,resnet,False,solarisation,lr,0.0001,0.0001,32,16,0.0547,3.7919,2.4055,0.7750,0.3978,nan,nan,nan,nan,0
early,cage,2,6,resnet,False,solarisation,lr,0.0001,0.0001,32,1,0.7222,0.6992,0.7261,0.3171,0.5619,nan,nan,nan,nan,0
early,cage,2,6,resnet,False,solarisation,lr,0.0001,0.0001,32,2,0.6853,0.9808,1.2045,0.1463,0.6000,nan,nan,nan,nan,0
early,cage,2,6,resnet,False,solarisation,lr,0.0001,0.0001,32,3,0.6372,0.6852,0.7084,0.4390,0.5762,nan,nan,nan,nan,0
early,cage,2,6,resnet,False,solarisation,lr,0.0001,0.0001,32,4,0.5669,0.7488,0.6723,0.8293,0.3810,nan,nan,nan,nan,0
early,cage,2,6,resnet,False,solarisation,lr,0.0001,0.0001,32,5,0.4727,0.9174,0.7440,0.8293,0.4333,nan,nan,nan,nan,1
early,cage,2,6,resnet,False,solarisation,lr,0.0001,0.0001,32,6,0.3950,0.8701,0.7271,0.8293,0.5095,nan,nan,nan,nan,0
early,cage,2,6,resnet,False,solarisation,lr,0.0001,0.0001,32,7,0.2778,0.9637,0.8092,0.8049,0.5524,nan,nan,nan,nan,0
early,cage,2,6,resnet,False,solarisation,lr,0.0001,0.0001,32,8,0.2060,1.9444,1.3373,0.8537,0.3762,nan,nan,nan,nan,0
early,cage,2,6,resnet,False,solarisation,lr,0.0001,0.0001,32,9,0.1753,2.0835,1.4259,0.8537,0.6762,nan,nan,nan,nan,0
early,cage,2,6,resnet,False,solarisation,lr,0.0001,0.0001,32,10,0.1268,0.8648,0.9549,0.7561,0.5810,nan,nan,nan,nan,1
early,cage,2,6,resnet,False,solarisation,lr,0.0001,0.0001,32,11,0.0877,2.3018,1.6845,0.8537,0.2476,nan,nan,nan,nan,0
early,cage,2,6,resnet,False,solarisation,lr,0.0001,0.0001,32,12,0.0984,2.3489,1.6741,0.8293,0.3810,nan,nan,nan,nan,0
early,cage,2,6,resnet,False,solarisation,lr,0.0001,0.0001,32,13,0.0785,2.6507,1.8544,0.8293,0.6762,nan,nan,nan,nan,0
early,cage,2,6,resnet,False,solarisation,lr,0.0001,0.0001,32,14,0.0757,3.0961,2.1206,0.8537,0.6048,nan,nan,nan,nan,0
early,cage,2,6,resnet,False,solarisation,lr,0.0001,0.0001,32,15,0.0408,2.5443,1.8113,0.8293,0.5952,nan,nan,nan,nan,0
early,cage,2,6,resnet,False,solarisation,lr,0.0001,0.0001,32,16,0.0504,2.5207,1.9056,0.8537,0.6429,nan,nan,nan,nan,1
early,cage,2,6,resnet,False,solarisation,lr,0.0001,0.0001,32,17,0.0709,2.8067,1.9716,0.8537,0.4429,2.6202,1.7017,0.7857,0.5735,1
early,cage,2,6,resnet,False,solarisation,lr,0.0001,0.0001,32,18,0.0370,2.0124,1.5397,0.8293,0.5000,nan,nan,nan,nan,0
early,cage,2,6,resnet,False,solarisation,lr,0.0001,0.0001,32,19,0.0387,1.2912,1.3904,0.7561,0.5667,nan,nan,nan,nan,0
early,cage,2,6,resnet,False,solarisation,lr,0.0001,0.0001,32,20,0.0235,2.7684,2.0230,0.8537,0.4619,nan,nan,nan,nan,0
early,cage,2,6,resnet,False,solarisation,lr,0.0001,0.0001,32,21,0.0518,1.9949,1.5714,0.8537,0.6571,nan,nan,nan,nan,0
early,cage,2,6,resnet,False,solarisation,lr,0.0001,0.0001,32,22,0.0465,2.2714,1.6180,0.8293,0.5667,nan,nan,nan,nan,0
early,cage,2,7,resnet,False,solarisation,lr,0.0001,0.0001,32,1,0.7234,0.7640,0.6321,0.7500,0.5278,nan,nan,nan,nan,0
early,cage,2,7,resnet,False,solarisation,lr,0.0001,0.0001,32,2,0.6737,0.9142,1.1600,0.1818,0.4479,nan,nan,nan,nan,0
early,cage,2,7,resnet,False,solarisation,lr,0.0001,0.0001,32,3,0.6349,0.8741,0.6400,0.7727,0.5104,nan,nan,nan,nan,0
early,cage,2,7,resnet,False,solarisation,lr,0.0001,0.0001,32,4,0.5823,0.7739,0.9403,0.1818,0.5139,nan,nan,nan,nan,0
early,cage,2,7,resnet,False,solarisation,lr,0.0001,0.0001,32,5,0.4857,0.8077,0.6817,0.7727,0.4514,nan,nan,nan,nan,1
early,cage,2,7,resnet,False,solarisation,lr,0.0001,0.0001,32,6,0.4099,0.9178,1.2163,0.2045,0.5174,nan,nan,nan,nan,0
early,cage,2,7,resnet,False,solarisation,lr,0.0001,0.0001,32,7,0.2966,0.9245,0.8334,0.7727,0.4514,nan,nan,nan,nan,0
early,cage,2,7,resnet,False,solarisation,lr,0.0001,0.0001,32,8,0.2162,1.0573,1.4672,0.2045,0.4965,nan,nan,nan,nan,0
early,cage,2,7,resnet,False,solarisation,lr,0.0001,0.0001,32,9,0.1690,0.9802,0.9740,0.7500,0.5590,nan,nan,nan,nan,0
early,cage,2,7,resnet,False,solarisation,lr,0.0001,0.0001,32,10,0.1270,0.9308,1.1974,0.4773,0.5174,nan,nan,nan,nan,1
early,cage,2,7,resnet,False,solarisation,lr,0.0001,0.0001,32,11,0.0918,1.2539,1.0701,0.7045,0.4514,nan,nan,nan,nan,0
early,cage,2,7,resnet,False,solarisation,lr,0.0001,0.0001,32,12,0.0954,0.9867,1.1236,0.5455,0.5069,nan,nan,nan,nan,0
early,cage,2,7,resnet,False,solarisation,lr,0.0001,0.0001,32,13,0.0771,1.0127,1.0905,0.7727,0.6181,0.7894,1.1459,0.7381,0.6507,1
early,cage,2,7,resnet,False,solarisation,lr,0.0001,0.0001,32,14,0.0778,1.4552,1.0945,0.7727,0.5104,nan,nan,nan,nan,0
early,cage,2,7,resnet,False,solarisation,lr,0.0001,0.0001,32,15,0.0491,1.4360,1.1614,0.7727,0.4965,nan,nan,nan,nan,0
early,cage,2,7,resnet,False,solarisation,lr,0.0001,0.0001,32,16,0.0141,1.4654,1.1959,0.7955,0.4896,nan,nan,nan,nan,0
early,cage,2,7,resnet,False,solarisation,lr,0.0001,0.0001,32,17,0.0140,1.8415,1.3363,0.7727,0.5278,nan,nan,nan,nan,0
early,cage,2,7,resnet,False,solarisation,lr,0.0001,0.0001,32,18,0.0036,2.3239,1.4722,0.7727,0.5347,nan,nan,nan,nan,0
early,cage,2,8,resnet,False,solarisation,lr,0.0001,0.0001,32,1,0.7245,0.7018,0.7365,0.2979,0.5417,nan,nan,nan,nan,0
early,cage,2,8,resnet,False,solarisation,lr,0.0001,0.0001,32,2,0.6834,0.7949,0.5827,0.8298,0.4840,nan,nan,nan,nan,0
early,cage,2,8,resnet,False,solarisation,lr,0.0001,0.0001,32,3,0.6323,0.7550,0.7338,0.6170,0.3942,nan,nan,nan,nan,0
early,cage,2,8,resnet,False,solarisation,lr,0.0001,0.0001,32,4,0.5559,0.7514,0.8112,0.4043,0.4103,nan,nan,nan,nan,0
early,cage,2,8,resnet,False,solarisation,lr,0.0001,0.0001,32,5,0.4427,0.9434,1.0862,0.1915,0.3910,0.7007,1.0291,0.3333,0.6875,1
early,cage,2,8,resnet,False,solarisation,lr,0.0001,0.0001,32,6,0.3427,0.8960,1.0518,0.2979,0.3205,nan,nan,nan,nan,0
early,cage,2,8,resnet,False,solarisation,lr,0.0001,0.0001,32,7,0.2622,1.2621,1.7546,0.1489,0.3462,nan,nan,nan,nan,0
early,cage,2,8,resnet,False,solarisation,lr,0.0001,0.0001,32,8,0.1822,1.0809,1.1947,0.3617,0.3333,nan,nan,nan,nan,0
early,cage,2,8,resnet,False,solarisation,lr,0.0001,0.0001,32,9,0.1402,1.6057,1.1502,0.7660,0.4135,nan,nan,nan,nan,0
early,cage,2,8,resnet,False,solarisation,lr,0.0001,0.0001,32,10,0.1267,1.4719,2.0503,0.1702,0.3173,nan,nan,nan,nan,0
early,cage,2,8,resnet,False,solarisation,lr,0.0001,0.0001,32,11,0.0900,1.5804,1.3398,0.7234,0.3654,nan,nan,nan,nan,0
early,cage,2,8,resnet,False,solarisation,lr,0.0001,0.0001,32,12,0.0791,1.4216,1.8105,0.2553,0.3686,nan,nan,nan,nan,0
early,cage,2,8,resnet,False,solarisation,lr,0.0001,0.0001,32,13,0.1015,1.9572,1.2569,0.7872,0.3365,nan,nan,nan,nan,0
early,cage,2,8,resnet,False,solarisation,lr,0.0001,0.0001,32,14,0.0568,1.9118,1.2689,0.7447,0.4006,nan,nan,nan,nan,0
early,cage,2,8,resnet,False,solarisation,lr,0.0001,0.0001,32,15,0.0376,1.4851,1.6877,0.4894,0.3942,nan,nan,nan,nan,0
early,cage,2,8,resnet,False,solarisation,lr,0.0001,0.0001,32,16,0.0111,1.8327,1.4547,0.7021,0.3654,nan,nan,nan,nan,0
early,cage,2,9,resnet,False,solarisation,lr,0.0001,0.0001,32,1,0.7244,0.7164,0.6527,0.7619,0.5859,nan,nan,nan,nan,0
early,cage,2,9,resnet,False,solarisation,lr,0.0001,0.0001,32,2,0.6747,1.1622,0.7188,0.7857,0.6397,nan,nan,nan,nan,0
early,cage,2,9,resnet,False,solarisation,lr,0.0001,0.0001,32,3,0.5999,0.8332,1.2917,0.2143,0.5320,nan,nan,nan,nan,0
early,cage,2,9,resnet,False,solarisation,lr,0.0001,0.0001,32,4,0.5182,0.6610,0.8666,0.3571,0.6397,nan,nan,nan,nan,0
early,cage,2,9,resnet,False,solarisation,lr,0.0001,0.0001,32,5,0.3911,0.7928,0.7681,0.6905,0.6195,0.7683,0.7673,0.7143,0.5882,1
early,cage,2,9,resnet,False,solarisation,lr,0.0001,0.0001,32,6,0.2986,1.1791,0.9887,0.7857,0.5118,nan,nan,nan,nan,0
early,cage,2,9,resnet,False,solarisation,lr,0.0001,0.0001,32,7,0.2277,1.1978,1.0709,0.7143,0.5152,nan,nan,nan,nan,0
early,cage,2,9,resnet,False,solarisation,lr,0.0001,0.0001,32,8,0.1511,1.1730,1.2027,0.7143,0.5152,nan,nan,nan,nan,0
early,cage,2,9,resnet,False,solarisation,lr,0.0001,0.0001,32,9,0.1295,1.7231,1.2488,0.7857,0.5320,nan,nan,nan,nan,0
early,cage,2,9,resnet,False,solarisation,lr,0.0001,0.0001,32,10,0.0863,0.9860,1.3019,0.6429,0.5825,nan,nan,nan,nan,0
early,cage,2,9,resnet,False,solarisation,lr,0.0001,0.0001,32,11,0.0924,1.6314,1.2686,0.7619,0.5253,nan,nan,nan,nan,0
early,cage,2,9,resnet,False,solarisation,lr,0.0001,0.0001,32,12,0.0618,1.2069,1.4014,0.5952,0.5051,nan,nan,nan,nan,0
early,cage,2,9,resnet,False,solarisation,lr,0.0001,0.0001,32,13,0.0443,2.6418,1.6405,0.7619,0.5152,nan,nan,nan,nan,0
early,cage,2,9,resnet,False,solarisation,lr,0.0001,0.0001,32,14,0.0509,1.5406,1.3391,0.7381,0.6027,nan,nan,nan,nan,0
early,cage,2,9,resnet,False,solarisation,lr,0.0001,0.0001,32,15,0.0293,1.4577,1.4214,0.7619,0.5825,nan,nan,nan,nan,0
early,cage,2,9,resnet,False,solarisation,lr,0.0001,0.0001,32,16,0.0373,2.4010,1.7026,0.7619,0.5488,nan,nan,nan,nan,0
early,cage,3,0,resnet,False,solarisation,lr,0.0001,0.0001,32,1,0.7275,0.9870,1.2580,0.1628,0.5278,nan,nan,nan,nan,0
early,cage,3,0,resnet,False,solarisation,lr,0.0001,0.0001,32,2,0.6881,0.8055,0.9469,0.1628,0.4206,nan,nan,nan,nan,0
early,cage,3,0,resnet,False,solarisation,lr,0.0001,0.0001,32,3,0.6545,0.7311,0.8035,0.2093,0.5437,nan,nan,nan,nan,0
early,cage,3,0,resnet,False,solarisation,lr,0.0001,0.0001,32,4,0.5841,0.7146,0.7692,0.4186,0.4286,nan,nan,nan,nan,0
early,cage,3,0,resnet,False,solarisation,lr,0.0001,0.0001,32,5,0.4967,0.7577,0.7574,0.6744,0.5317,nan,nan,nan,nan,1
early,cage,3,0,resnet,False,solarisation,lr,0.0001,0.0001,32,6,0.3895,0.7520,0.9880,0.2326,0.5437,nan,nan,nan,nan,0
early,cage,3,0,resnet,False,solarisation,lr,0.0001,0.0001,32,7,0.2818,0.8056,1.0369,0.5814,0.5516,nan,nan,nan,nan,1
early,cage,3,0,resnet,False,solarisation,lr,0.0001,0.0001,32,8,0.2047,1.3834,1.2049,0.8140,0.4960,nan,nan,nan,nan,0
early,cage,3,0,resnet,False,solarisation,lr,0.0001,0.0001,32,9,0.1687,1.1936,1.0278,0.8140,0.4841,nan,nan,nan,nan,0
early,cage,3,0,resnet,False,solarisation,lr,0.0001,0.0001,32,10,0.0908,1.5751,1.3275,0.7907,0.6270,1.8552,1.4431,0.7857,0.4857,1
early,cage,3,0,resnet,False,solarisation,lr,0.0001,0.0001,32,11,0.0957,2.1786,1.5607,0.8372,0.4960,nan,nan,nan,nan,0
early,cage,3,0,resnet,False,solarisation,lr,0.0001,0.0001,32,12,0.1045,1.6989,1.4744,0.7907,0.4405,nan,nan,nan,nan,0
early,cage,3,0,resnet,False,solarisation,lr,0.0001,0.0001,32,13,0.0576,1.2759,1.4440,0.6744,0.4881,nan,nan,nan,nan,0
early,cage,3,0,resnet,False,solarisation,lr,0.0001,0.0001,32,14,0.0573,1.6174,1.4373,0.7442,0.5357,nan,nan,nan,nan,0
early,cage,3,0,resnet,False,solarisation,lr,0.0001,0.0001,32,15,0.0654,1.2608,1.6665,0.3721,0.6151,nan,nan,nan,nan,0
early,cage,3,0,resnet,False,solarisation,lr,0.0001,0.0001,32,16,0.0474,2.3459,1.6662,0.8372,0.4206,nan,nan,nan,nan,0
early,cage,3,1,resnet,False,solarisation,lr,0.0001,0.0001,32,1,0.7208,0.7032,0.7830,0.2093,0.6389,nan,nan,nan,nan,0
early,cage,3,1,resnet,False,solarisation,lr,0.0001,0.0001,32,2,0.6969,0.6953,0.6069,0.8372,0.6071,nan,nan,nan,nan,0
early,cage,3,1,resnet,False,solarisation,lr,0.0001,0.0001,32,3,0.6341,0.7026,0.7771,0.4651,0.6270,nan,nan,nan,nan,0
early,cage,3,1,resnet,False,solarisation,lr,0.0001,0.0001,32,4,0.5487,0.6738,0.7873,0.4419,0.6905,nan,nan,nan,nan,0
early,cage,3,1,resnet,False,solarisation,lr,0.0001,0.0001,32,5,0.4427,0.6991,0.6224,0.7907,0.6310,0.7296,0.6396,0.8571,0.5714,1
early,cage,3,1,resnet,False,solarisation,lr,0.0001,0.0001,32,6,0.3601,0.7465,0.7017,0.7907,0.5595,nan,nan,nan,nan,0
early,cage,3,1,resnet,False,solarisation,lr,0.0001,0.0001,32,7,0.2654,0.6836,0.8510,0.5581,0.6032,nan,nan,nan,nan,0
early,cage,3,1,resnet,False,solarisation,lr,0.0001,0.0001,32,8,0.2044,0.8389,0.8086,0.7442,0.6151,nan,nan,nan,nan,0
early,cage,3,1,resnet,False,solarisation,lr,0.0001,0.0001,32,9,0.1430,1.4632,1.0439,0.8140,0.5079,nan,nan,nan,nan,0
early,cage,3,1,resnet,False,solarisation,lr,0.0001,0.0001,32,10,0.1167,0.9737,1.0737,0.6744,0.6111,nan,nan,nan,nan,0
early,cage,3,1,resnet,False,solarisation,lr,0.0001,0.0001,32,11,0.0888,1.4414,1.0178,0.8140,0.6111,nan,nan,nan,nan,0
early,cage,3,1,resnet,False,solarisation,lr,0.0001,0.0001,32,12,0.0683,1.0540,1.0391,0.7209,0.6746,nan,nan,nan,nan,0
early,cage,3,1,resnet,False,solarisation,lr,0.0001,0.0001,32,13,0.0849,0.9494,1.0475,0.7674,0.6071,nan,nan,nan,nan,0
early,cage,3,1,resnet,False,solarisation,lr,0.0001,0.0001,32,14,0.0703,1.5156,1.2469,0.7907,0.5675,nan,nan,nan,nan,0
early,cage,3,1,resnet,False,solarisation,lr,0.0001,0.0001,32,15,0.0492,1.5980,1.3314,0.7674,0.5317,nan,nan,nan,nan,0
early,cage,3,1,resnet,False,solarisation,lr,0.0001,0.0001,32,16,0.0429,1.7705,1.2371,0.8372,0.6389,nan,nan,nan,nan,0
early,cage,3,2,resnet,False,solarisation,lr,0.0001,0.0001,32,1,0.7186,0.6605,0.7553,0.2381,0.7353,nan,nan,nan,nan,0
early,cage,3,2,resnet,False,solarisation,lr,0.0001,0.0001,32,2,0.6795,0.8985,1.2361,0.1905,0.7059,nan,nan,nan,nan,0
early,cage,3,2,resnet,False,solarisation,lr,0.0001,0.0001,32,3,0.6398,0.6793,0.7816,0.1905,0.6949,nan,nan,nan,nan,0
early,cage,3,2,resnet,False,solarisation,lr,0.0001,0.0001,32,4,0.5275,0.7427,0.9860,0.1905,0.6949,nan,nan,nan,nan,0
early,cage,3,2,resnet,False,solarisation,lr,0.0001,0.0001,32,5,0.4386,0.7549,0.8329,0.5238,0.4816,0.6695,0.8172,0.4762,0.6939,1
early,cage,3,2,resnet,False,solarisation,lr,0.0001,0.0001,32,6,0.3207,0.9913,1.4822,0.1905,0.4338,nan,nan,nan,nan,0
early,cage,3,2,resnet,False,solarisation,lr,0.0001,0.0001,32,7,0.2470,1.0032,1.3788,0.4286,0.4081,nan,nan,nan,nan,0
early,cage,3,2,resnet,False,solarisation,lr,0.0001,0.0001,32,8,0.1886,1.0320,1.0630,0.6667,0.5184,nan,nan,nan,nan,0
early,cage,3,2,resnet,False,solarisation,lr,0.0001,0.0001,32,9,0.1154,0.9889,1.2994,0.5238,0.4816,nan,nan,nan,nan,0
early,cage,3,2,resnet,False,solarisation,lr,0.0001,0.0001,32,10,0.0916,1.6925,1.2515,0.8095,0.5074,nan,nan,nan,nan,0
early,cage,3,2,resnet,False,solarisation,lr,0.0001,0.0001,32,11,0.0763,0.8483,1.1876,0.6429,0.6287,nan,nan,nan,nan,0
early,cage,3,2,resnet,False,solarisation,lr,0.0001,0.0001,32,12,0.0771,1.7090,1.2495,0.8095,0.6397,nan,nan,nan,nan,0
early,cage,3,2,resnet,False,solarisation,lr,0.0001,0.0001,32,13,0.0463,1.3233,1.1798,0.7857,0.5662,nan,nan,nan,nan,0
early,cage,3,2,resnet,False,solarisation,lr,0.0001,0.0001,32,14,0.0647,0.8973,1.5298,0.5714,0.6360,nan,nan,nan,nan,0
early,cage,3,2,resnet,False,solarisation,lr,0.0001,0.0001,32,15,0.0727,1.4522,1.1522,0.8333,0.6434,nan,nan,nan,nan,0
early,cage,3,2,resnet,False,solarisation,lr,0.0001,0.0001,32,16,0.0542,0.6570,1.1894,0.6429,0.7353,nan,nan,nan,nan,0
early,cage,3,4,resnet,False,solarisation,lr,0.0001,0.0001,32,1,0.7192,0.6656,0.7165,0.3023,0.6893,nan,nan,nan,nan,0
early,cage,3,4,resnet,False,solarisation,lr,0.0001,0.0001,32,2,0.6903,0.6839,0.7594,0.4186,0.5964,nan,nan,nan,nan,0
early,cage,3,4,resnet,False,solarisation,lr,0.0001,0.0001,32,3,0.6483,0.6540,0.6681,0.6744,0.7643,nan,nan,nan,nan,0
early,cage,3,4,resnet,False,solarisation,lr,0.0001,0.0001,32,4,0.5598,0.8576,1.0307,0.1860,0.6071,nan,nan,nan,nan,0
early,cage,3,4,resnet,False,solarisation,lr,0.0001,0.0001,32,5,0.4675,0.9152,0.8840,0.7209,0.5607,nan,nan,nan,nan,1
early,cage,3,4,resnet,False,solarisation,lr,0.0001,0.0001,32,6,0.3722,0.6967,0.9915,0.4186,0.6071,nan,nan,nan,nan,0
early,cage,3,4,resnet,False,solarisation,lr,0.0001,0.0001,32,7,0.2746,0.7378,0.9329,0.7442,0.7071,nan,nan,nan,nan,1
early,cage,3,4,resnet,False,solarisation,lr,0.0001,0.0001,32,8,0.2012,0.6632,1.1575,0.6512,0.7393,nan,nan,nan,nan,0
early,cage,3,4,resnet,False,solarisation,lr,0.0001,0.0001,32,9,0.1554,0.8643,1.2147,0.7209,0.7107,nan,nan,nan,nan,1
early,cage,3,4,resnet,False,solarisation,lr,0.0001,0.0001,32,10,0.0932,0.8122,1.4058,0.7209,0.6929,nan,nan,nan,nan,1
early,cage,3,4,resnet,False,solarisation,lr,0.0001,0.0001,32,11,0.0759,2.4998,1.9523,0.8140,0.6964,2.4636,1.5784,0.8333,0.6367,1
early,cage,3,4,resnet,False,solarisation,lr,0.0001,0.0001,32,12,0.0842,1.8598,1.6606,0.7907,0.6536,nan,nan,nan,nan,0
early,cage,3,4,resnet,False,solarisation,lr,0.0001,0.0001,32,13,0.0859,1.2244,1.3488,0.7674,0.6143,nan,nan,nan,nan,0
early,cage,3,4,resnet,False,solarisation,lr,0.0001,0.0001,32,14,0.0546,0.8066,1.2720,0.7209,0.7571,nan,nan,nan,nan,0
early,cage,3,4,resnet,False,solarisation,lr,0.0001,0.0001,32,15,0.0464,1.5011,1.6789,0.7442,0.7393,nan,nan,nan,nan,0
early,cage,3,4,resnet,False,solarisation,lr,0.0001,0.0001,32,16,0.0501,1.0309,1.4069,0.7209,0.5964,nan,nan,nan,nan,0
early,cage,3,5,resnet,False,solarisation,lr,0.0001,0.0001,32,1,0.7078,0.6913,0.6964,0.5000,0.5054,nan,nan,nan,nan,0
early,cage,3,5,resnet,False,solarisation,lr,0.0001,0.0001,32,2,0.6724,0.7186,0.6754,0.6500,0.5090,nan,nan,nan,nan,0
early,cage,3,5,resnet,False,solarisation,lr,0.0001,0.0001,32,3,0.5969,0.7399,0.7365,0.5500,0.4659,nan,nan,nan,nan,0
early,cage,3,5,resnet,False,solarisation,lr,0.0001,0.0001,32,4,0.4985,0.9379,0.8074,0.6250,0.2939,nan,nan,nan,nan,0
early,cage,3,5,resnet,False,solarisation,lr,0.0001,0.0001,32,5,0.3740,0.8429,0.8359,0.6000,0.4014,nan,nan,nan,nan,1
early,cage,3,5,resnet,False,solarisation,lr,0.0001,0.0001,32,6,0.2935,1.2561,0.9623,0.7000,0.4229,nan,nan,nan,nan,0
early,cage,3,5,resnet,False,solarisation,lr,0.0001,0.0001,32,7,0.2021,1.5498,1.1921,0.7500,0.4158,nan,nan,nan,nan,0
early,cage,3,5,resnet,False,solarisation,lr,0.0001,0.0001,32,8,0.1769,1.0814,1.0379,0.6500,0.5018,nan,nan,nan,nan,0
early,cage,3,5,resnet,False,solarisation,lr,0.0001,0.0001,32,9,0.1138,2.1257,1.4876,0.7500,0.4803,nan,nan,nan,nan,1
early,cage,3,5,resnet,False,solarisation,lr,0.0001,0.0001,32,10,0.0960,4.1391,2.5662,0.7750,0.4480,3.2986,1.9976,0.8333,0.6449,1
early,cage,3,5,resnet,False,solarisation,lr,0.0001,0.0001,32,11,0.0648,3.2732,2.0931,0.7750,0.3835,nan,nan,nan,nan,0
early,cage,3,5,resnet,False,solarisation,lr,0.0001,0.0001,32,12,0.0597,2.3071,1.6521,0.8000,0.4194,nan,nan,nan,nan,0
early,cage,3,5,resnet,False,solarisation,lr,0.0001,0.0001,32,13,0.0764,1.7511,1.5142,0.7500,0.4982,nan,nan,nan,nan,0
early,cage,3,5,resnet,False,solarisation,lr,0.0001,0.0001,32,14,0.0353,4.3774,2.8728,0.7750,0.4122,nan,nan,nan,nan,0
early,cage,3,5,resnet,False,solarisation,lr,0.0001,0.0001,32,15,0.0561,1.0222,1.5852,0.5500,0.4588,nan,nan,nan,nan,0
early,cage,3,5,resnet,False,solarisation,lr,0.0001,0.0001,32,16,0.0357,4.1699,2.6633,0.7750,0.4194,nan,nan,nan,nan,0
early,cage,3,6,resnet,False,solarisation,lr,0.0001,0.0001,32,1,0.7125,0.7061,0.7199,0.2683,0.4810,nan,nan,nan,nan,0
early,cage,3,6,resnet,False,solarisation,lr,0.0001,0.0001,32,2,0.6600,0.8833,1.0392,0.1463,0.5048,nan,nan,nan,nan,0
early,cage,3,6,resnet,False,solarisation,lr,0.0001,0.0001,32,3,0.6141,0.7569,0.8103,0.2195,0.4429,nan,nan,nan,nan,0
early,cage,3,6,resnet,False,solarisation,lr,0.0001,0.0001,32,4,0.5247,0.7881,0.7106,0.7805,0.4952,nan,nan,nan,nan,0
early,cage,3,6,resnet,False,solarisation,lr,0.0001,0.0001,32,5,0.4162,0.8010,0.9245,0.4878,0.5048,nan,nan,nan,nan,1
early,cage,3,6,resnet,False,solarisation,lr,0.0001,0.0001,32,6,0.3008,0.8359,0.9218,0.5610,0.4524,nan,nan,nan,nan,0
early,cage,3,6,resnet,False,solarisation,lr,0.0001,0.0001,32,7,0.2251,0.7465,0.8379,0.7073,0.6286,nan,nan,nan,nan,1
early,cage,3,6,resnet,False,solarisation,lr,0.0001,0.0001,32,8,0.1909,1.7604,1.2936,0.8537,0.5381,nan,nan,nan,nan,1
early,cage,3,6,resnet,False,solarisation,lr,0.0001,0.0001,32,9,0.1184,1.3870,1.0689,0.8293,0.5571,nan,nan,nan,nan,1
early,cage,3,6,resnet,False,solarisation,lr,0.0001,0.0001,32,10,0.1160,2.0319,1.4544,0.8537,0.4476,nan,nan,nan,nan,0
early,cage,3,6,resnet,False,solarisation,lr,0.0001,0.0001,32,11,0.0799,1.4079,1.1032,0.8537,0.5190,nan,nan,nan,nan,0
early,cage,3,6,resnet,False,solarisation,lr,0.0001,0.0001,32,12,0.0686,1.2221,1.2457,0.7561,0.5190,nan,nan,nan,nan,0
early,cage,3,6,resnet,False,solarisation,lr,0.0001,0.0001,32,13,0.0518,1.4869,1.3581,0.8293,0.6000,nan,nan,nan,nan,0
early,cage,3,6,resnet,False,solarisation,lr,0.0001,0.0001,32,14,0.0344,1.5684,1.3702,0.7317,0.5714,nan,nan,nan,nan,0
early,cage,3,6,resnet,False,solarisation,lr,0.0001,0.0001,32,15,0.0404,1.7766,1.3552,0.8049,0.5476,nan,nan,nan,nan,1
early,cage,3,6,resnet,False,solarisation,lr,0.0001,0.0001,32,16,0.0573,1.1072,1.4229,0.6829,0.4905,nan,nan,nan,nan,0
early,cage,3,6,resnet,False,solarisation,lr,0.0001,0.0001,32,17,0.0517,1.3566,1.1490,0.8537,0.6333,1.9418,1.5224,0.8333,0.4939,1
early,cage,3,6,resnet,False,solarisation,lr,0.0001,0.0001,32,18,0.0665,2.5421,1.8537,0.8537,0.5048,nan,nan,nan,nan,0
early,cage,3,6,resnet,False,solarisation,lr,0.0001,0.0001,32,19,0.0648,1.9018,1.4581,0.8537,0.5381,nan,nan,nan,nan,0
early,cage,3,6,resnet,False,solarisation,lr,0.0001,0.0001,32,20,0.0298,1.4549,1.1919,0.8293,0.6571,nan,nan,nan,nan,0
early,cage,3,6,resnet,False,solarisation,lr,0.0001,0.0001,32,21,0.0347,1.7623,1.3817,0.8293,0.4952,nan,nan,nan,nan,0
early,cage,3,6,resnet,False,solarisation,lr,0.0001,0.0001,32,22,0.0493,1.5337,1.3364,0.8049,0.5381,nan,nan,nan,nan,0
early,cage,3,7,resnet,False,solarisation,lr,0.0001,0.0001,32,1,0.7259,0.7314,0.6892,0.6364,0.3993,nan,nan,nan,nan,0
early,cage,3,7,resnet,False,solarisation,lr,0.0001,0.0001,32,2,0.6665,0.8225,1.0074,0.1818,0.4444,nan,nan,nan,nan,0
early,cage,3,7,resnet,False,solarisation,lr,0.0001,0.0001,32,3,0.6207,0.8408,1.0938,0.2045,0.4792,nan,nan,nan,nan,0
early,cage,3,7,resnet,False,solarisation,lr,0.0001,0.0001,32,4,0.5584,0.7089,0.8364,0.2727,0.6458,nan,nan,nan,nan,0
early,cage,3,7,resnet,False,solarisation,lr,0.0001,0.0001,32,5,0.4616,0.9590,1.2476,0.2045,0.5556,nan,nan,nan,nan,1
early,cage,3,7,resnet,False,solarisation,lr,0.0001,0.0001,32,6,0.3558,1.2773,1.8220,0.1818,0.5312,nan,nan,nan,nan,1
early,cage,3,7,resnet,False,solarisation,lr,0.0001,0.0001,32,7,0.2621,0.7856,1.0995,0.4773,0.6389,nan,nan,nan,nan,1
early,cage,3,7,resnet,False,solarisation,lr,0.0001,0.0001,32,8,0.1859,0.8438,0.9377,0.5909,0.6111,nan,nan,nan,nan,1
early,cage,3,7,resnet,False,solarisation,lr,0.0001,0.0001,32,9,0.1486,1.2354,0.9246,0.7955,0.6736,nan,nan,nan,nan,1
early,cage,3,7,resnet,False,solarisation,lr,0.0001,0.0001,32,10,0.1295,1.3270,1.0143,0.7955,0.6701,nan,nan,nan,nan,1
early,cage,3,7,resnet,False,solarisation,lr,0.0001,0.0001,32,11,0.0751,0.8456,0.8076,0.8182,0.7465,nan,nan,nan,nan,1
early,cage,3,7,resnet,False,solarisation,lr,0.0001,0.0001,32,12,0.0830,0.8449,1.2447,0.5909,0.6076,nan,nan,nan,nan,0
early,cage,3,7,resnet,False,solarisation,lr,0.0001,0.0001,32,13,0.0513,1.5806,1.2407,0.7727,0.7083,nan,nan,nan,nan,1
early,cage,3,7,resnet,False,solarisation,lr,0.0001,0.0001,32,14,0.0484,0.9213,1.0604,0.7500,0.6562,nan,nan,nan,nan,0
early,cage,3,7,resnet,False,solarisation,lr,0.0001,0.0001,32,15,0.0474,1.0863,1.2460,0.7727,0.7257,nan,nan,nan,nan,1
early,cage,3,7,resnet,False,solarisation,lr,0.0001,0.0001,32,16,0.0578,0.8387,0.9785,0.8409,0.7882,nan,nan,nan,nan,1
early,cage,3,7,resnet,False,solarisation,lr,0.0001,0.0001,32,17,0.0622,0.7916,1.5124,0.5000,0.7604,nan,nan,nan,nan,1
early,cage,3,7,resnet,False,solarisation,lr,0.0001,0.0001,32,18,0.0301,0.7789,1.0437,0.7955,0.7118,nan,nan,nan,nan,0
early,cage,3,7,resnet,False,solarisation,lr,0.0001,0.0001,32,19,0.0542,0.7483,1.1371,0.7500,0.7083,1.3306,1.4659,0.6905,0.4286,1
early,cage,3,7,resnet,False,solarisation,lr,0.0001,0.0001,32,20,0.0397,1.1600,1.0432,0.7727,0.6910,nan,nan,nan,nan,0
early,cage,3,7,resnet,False,solarisation,lr,0.0001,0.0001,32,21,0.0359,1.0075,1.1653,0.7273,0.6632,nan,nan,nan,nan,0
early,cage,3,7,resnet,False,solarisation,lr,0.0001,0.0001,32,22,0.0361,0.7885,1.4130,0.4545,0.6806,nan,nan,nan,nan,0
early,cage,3,7,resnet,False,solarisation,lr,0.0001,0.0001,32,23,0.0522,1.0248,1.7381,0.3636,0.6875,nan,nan,nan,nan,0
early,cage,3,7,resnet,False,solarisation,lr,0.0001,0.0001,32,24,0.0369,0.8828,1.4847,0.5000,0.6910,nan,nan,nan,nan,0
early,cage,3,8,resnet,False,solarisation,lr,0.0001,0.0001,32,1,0.7257,0.6980,0.7265,0.3404,0.5224,nan,nan,nan,nan,0
early,cage,3,8,resnet,False,solarisation,lr,0.0001,0.0001,32,2,0.6809,0.7387,0.9023,0.1702,0.6250,nan,nan,nan,nan,0
early,cage,3,8,resnet,False,solarisation,lr,0.0001,0.0001,32,3,0.6099,0.7091,0.6361,0.7447,0.5481,nan,nan,nan,nan,0
early,cage,3,8,resnet,False,solarisation,lr,0.0001,0.0001,32,4,0.5306,1.0425,0.6714,0.8298,0.5929,nan,nan,nan,nan,0
early,cage,3,8,resnet,False,solarisation,lr,0.0001,0.0001,32,5,0.4284,0.9224,0.7317,0.8085,0.5256,0.8405,0.7467,0.8333,0.5551,1
early,cage,3,8,resnet,False,solarisation,lr,0.0001,0.0001,32,6,0.3243,1.1350,0.8142,0.8085,0.5256,nan,nan,nan,nan,0
early,cage,3,8,resnet,False,solarisation,lr,0.0001,0.0001,32,7,0.2436,1.3798,0.8672,0.8298,0.4808,nan,nan,nan,nan,0
early,cage,3,8,resnet,False,solarisation,lr,0.0001,0.0001,32,8,0.1603,2.1619,1.2995,0.8298,0.4231,nan,nan,nan,nan,0
early,cage,3,8,resnet,False,solarisation,lr,0.0001,0.0001,32,9,0.1321,2.2295,1.3263,0.8298,0.5385,nan,nan,nan,nan,0
early,cage,3,8,resnet,False,solarisation,lr,0.0001,0.0001,32,10,0.0951,2.8862,1.5331,0.8298,0.5064,nan,nan,nan,nan,0
early,cage,3,8,resnet,False,solarisation,lr,0.0001,0.0001,32,11,0.0767,1.8954,1.2444,0.8298,0.4904,nan,nan,nan,nan,0
early,cage,3,8,resnet,False,solarisation,lr,0.0001,0.0001,32,12,0.0852,2.6796,1.5036,0.8298,0.5321,nan,nan,nan,nan,0
early,cage,3,8,resnet,False,solarisation,lr,0.0001,0.0001,32,13,0.0550,2.0577,1.3360,0.8085,0.5737,nan,nan,nan,nan,0
early,cage,3,8,resnet,False,solarisation,lr,0.0001,0.0001,32,14,0.0382,2.4910,1.5341,0.8085,0.5160,nan,nan,nan,nan,0
early,cage,3,8,resnet,False,solarisation,lr,0.0001,0.0001,32,15,0.0334,2.2431,1.4143,0.8298,0.5417,nan,nan,nan,nan,0
early,cage,3,8,resnet,False,solarisation,lr,0.0001,0.0001,32,16,0.0681,1.3409,1.2914,0.7872,0.5513,nan,nan,nan,nan,0
early,cage,3,9,resnet,False,solarisation,lr,0.0001,0.0001,32,1,0.7263,0.6603,0.7433,0.3333,0.6734,nan,nan,nan,nan,0
early,cage,3,9,resnet,False,solarisation,lr,0.0001,0.0001,32,2,0.6736,0.6578,0.6993,0.5714,0.6970,nan,nan,nan,nan,0
early,cage,3,9,resnet,False,solarisation,lr,0.0001,0.0001,32,3,0.5924,0.6978,0.7443,0.5714,0.5488,nan,nan,nan,nan,0
early,cage,3,9,resnet,False,solarisation,lr,0.0001,0.0001,32,4,0.5004,0.6466,0.8801,0.3571,0.7071,nan,nan,nan,nan,0
early,cage,3,9,resnet,False,solarisation,lr,0.0001,0.0001,32,5,0.3940,1.5839,0.9136,0.7857,0.6465,1.3683,0.8761,0.8333,0.7102,1
early,cage,3,9,resnet,False,solarisation,lr,0.0001,0.0001,32,6,0.2781,0.8487,0.7208,0.7857,0.6465,nan,nan,nan,nan,0
early,cage,3,9,resnet,False,solarisation,lr,0.0001,0.0001,32,7,0.2011,1.2493,0.8923,0.7857,0.5892,nan,nan,nan,nan,0
early,cage,3,9,resnet,False,solarisation,lr,0.0001,0.0001,32,8,0.1303,1.0815,2.1177,0.2857,0.5859,nan,nan,nan,nan,0
early,cage,3,9,resnet,False,solarisation,lr,0.0001,0.0001,32,9,0.0991,1.4531,1.0946,0.8095,0.5589,nan,nan,nan,nan,0
early,cage,3,9,resnet,False,solarisation,lr,0.0001,0.0001,32,10,0.0944,0.9908,1.4245,0.5476,0.4276,nan,nan,nan,nan,0
early,cage,3,9,resnet,False,solarisation,lr,0.0001,0.0001,32,11,0.0781,1.8309,1.2984,0.7381,0.5556,nan,nan,nan,nan,0
early,cage,3,9,resnet,False,solarisation,lr,0.0001,0.0001,32,12,0.0828,1.7573,1.2103,0.7857,0.6061,nan,nan,nan,nan,0
early,cage,3,9,resnet,False,solarisation,lr,0.0001,0.0001,32,13,0.0292,1.4299,1.1820,0.8095,0.5556,nan,nan,nan,nan,0
early,cage,3,9,resnet,False,solarisation,lr,0.0001,0.0001,32,14,0.0306,1.5560,1.1635,0.7619,0.6195,nan,nan,nan,nan,0
early,cage,3,9,resnet,False,solarisation,lr,0.0001,0.0001,32,15,0.0618,0.9801,1.1463,0.7143,0.6667,nan,nan,nan,nan,0
early,cage,3,9,resnet,False,solarisation,lr,0.0001,0.0001,32,16,0.0753,2.6032,1.4662,0.7857,0.5657,nan,nan,nan,nan,0
early,cage,4,0,resnet,False,solarisation,lr,0.0001,0.0001,32,1,0.7196,0.7810,0.6339,0.8372,0.2024,nan,nan,nan,nan,0
early,cage,4,0,resnet,False,solarisation,lr,0.0001,0.0001,32,2,0.6907,0.7187,0.6945,0.7442,0.2817,nan,nan,nan,nan,0
early,cage,4,0,resnet,False,solarisation,lr,0.0001,0.0001,32,3,0.6601,0.7371,0.7117,0.6279,0.3849,nan,nan,nan,nan,0
early,cage,4,0,resnet,False,solarisation,lr,0.0001,0.0001,32,4,0.6059,0.7193,0.7321,0.6047,0.5040,nan,nan,nan,nan,0
early,cage,4,0,resnet,False,solarisation,lr,0.0001,0.0001,32,5,0.5148,0.8071,0.9903,0.1860,0.4127,nan,nan,nan,nan,1
early,cage,4,0,resnet,False,solarisation,lr,0.0001,0.0001,32,6,0.4289,0.7783,0.9364,0.3256,0.4802,nan,nan,nan,nan,1
early,cage,4,0,resnet,False,solarisation,lr,0.0001,0.0001,32,7,0.3303,1.0209,0.8842,0.7674,0.4921,0.6651,0.7574,0.8372,0.7107,1
early,cage,4,0,resnet,False,solarisation,lr,0.0001,0.0001,32,8,0.2288,0.8900,1.1111,0.3953,0.3651,nan,nan,nan,nan,0
early,cage,4,0,resnet,False,solarisation,lr,0.0001,0.0001,32,9,0.1826,1.2370,1.7852,0.1860,0.4762,nan,nan,nan,nan,0
early,cage,4,0,resnet,False,solarisation,lr,0.0001,0.0001,32,10,0.1180,1.2377,1.9469,0.2791,0.4246,nan,nan,nan,nan,0
early,cage,4,0,resnet,False,solarisation,lr,0.0001,0.0001,32,11,0.1071,1.3681,1.7332,0.3023,0.4325,nan,nan,nan,nan,0
early,cage,4,0,resnet,False,solarisation,lr,0.0001,0.0001,32,12,0.0888,1.4571,2.1810,0.2791,0.2778,nan,nan,nan,nan,0
early,cage,4,0,resnet,False,solarisation,lr,0.0001,0.0001,32,13,0.0764,1.2482,1.6328,0.4884,0.4881,nan,nan,nan,nan,0
early,cage,4,0,resnet,False,solarisation,lr,0.0001,0.0001,32,14,0.0742,1.5191,2.3036,0.3023,0.4444,nan,nan,nan,nan,0
early,cage,4,0,resnet,False,solarisation,lr,0.0001,0.0001,32,15,0.0477,1.4433,1.7272,0.5349,0.4365,nan,nan,nan,nan,0
early,cage,4,0,resnet,False,solarisation,lr,0.0001,0.0001,32,16,0.0437,1.8262,1.4644,0.7907,0.4444,nan,nan,nan,nan,0
early,cage,4,1,resnet,False,solarisation,lr,0.0001,0.0001,32,1,0.7211,0.7076,0.7798,0.2791,0.5397,nan,nan,nan,nan,0
early,cage,4,1,resnet,False,solarisation,lr,0.0001,0.0001,32,2,0.6942,0.7593,0.6499,0.8140,0.4921,nan,nan,nan,nan,0
early,cage,4,1,resnet,False,solarisation,lr,0.0001,0.0001,32,3,0.6503,0.7770,0.9922,0.1628,0.6190,nan,nan,nan,nan,0
early,cage,4,1,resnet,False,solarisation,lr,0.0001,0.0001,32,4,0.5915,0.6701,0.7486,0.4651,0.6587,nan,nan,nan,nan,0
early,cage,4,1,resnet,False,solarisation,lr,0.0001,0.0001,32,5,0.4862,0.8799,1.1971,0.1860,0.5079,nan,nan,nan,nan,1
early,cage,4,1,resnet,False,solarisation,lr,0.0001,0.0001,32,6,0.3980,0.7720,0.7185,0.7907,0.5317,nan,nan,nan,nan,0
early,cage,4,1,resnet,False,solarisation,lr,0.0001,0.0001,32,7,0.2951,0.9168,1.2489,0.2093,0.4127,nan,nan,nan,nan,0
early,cage,4,1,resnet,False,solarisation,lr,0.0001,0.0001,32,8,0.2474,0.8716,1.2874,0.3256,0.4484,nan,nan,nan,nan,0
early,cage,4,1,resnet,False,solarisation,lr,0.0001,0.0001,32,9,0.1836,0.6657,0.7881,0.8140,0.8095,nan,nan,nan,nan,0
early,cage,4,1,resnet,False,solarisation,lr,0.0001,0.0001,32,10,0.1250,0.7697,1.3988,0.4884,0.6627,nan,nan,nan,nan,1
early,cage,4,1,resnet,False,solarisation,lr,0.0001,0.0001,32,11,0.1019,1.2261,2.0768,0.2093,0.7421,nan,nan,nan,nan,1
early,cage,4,1,resnet,False,solarisation,lr,0.0001,0.0001,32,12,0.0983,0.7829,1.3874,0.4884,0.6190,nan,nan,nan,nan,1
early,cage,4,1,resnet,False,solarisation,lr,0.0001,0.0001,32,13,0.0958,0.6975,1.1569,0.5814,0.6548,0.9226,1.2534,0.5116,0.4786,1
early,cage,4,1,resnet,False,solarisation,lr,0.0001,0.0001,32,14,0.0669,0.6902,1.1853,0.6279,0.6706,nan,nan,nan,nan,0
early,cage,4,1,resnet,False,solarisation,lr,0.0001,0.0001,32,15,0.0455,1.0551,1.9519,0.3023,0.6786,nan,nan,nan,nan,0
early,cage,4,1,resnet,False,solarisation,lr,0.0001,0.0001,32,16,0.0522,0.9243,1.8100,0.4186,0.6071,nan,nan,nan,nan,0
early,cage,4,1,resnet,False,solarisation,lr,0.0001,0.0001,32,17,0.0526,0.8521,1.7739,0.4651,0.6270,nan,nan,nan,nan,0
early,cage,4,1,resnet,False,solarisation,lr,0.0001,0.0001,32,18,0.0502,1.1236,1.0804,0.8140,0.6825,nan,nan,nan,nan,0
early,cage,4,2,resnet,False,solarisation,lr,0.0001,0.0001,32,1,0.7327,0.6945,0.6579,0.7619,0.6765,nan,nan,nan,nan,0
early,cage,4,2,resnet,False,solarisation,lr,0.0001,0.0001,32,2,0.6850,0.6956,0.7876,0.1905,0.5368,nan,nan,nan,nan,0
early,cage,4,2,resnet,False,solarisation,lr,0.0001,0.0001,32,3,0.6522,0.6838,0.6371,0.7619,0.6728,nan,nan,nan,nan,0
early,cage,4,2,resnet,False,solarisation,lr,0.0001,0.0001,32,4,0.5983,0.8215,1.1132,0.1905,0.5882,nan,nan,nan,nan,0
early,cage,4,2,resnet,False,solarisation,lr,0.0001,0.0001,32,5,0.5195,0.7150,0.7624,0.5476,0.5074,nan,nan,nan,nan,1
early,cage,4,2,resnet,False,solarisation,lr,0.0001,0.0001,32,6,0.3927,0.8198,0.7449,0.7381,0.5809,nan,nan,nan,nan,0
early,cage,4,2,resnet,False,solarisation,lr,0.0001,0.0001,32,7,0.3004,0.8915,0.7909,0.8571,0.6471,nan,nan,nan,nan,0
early,cage,4,2,resnet,False,solarisation,lr,0.0001,0.0001,32,8,0.2428,0.7717,1.2106,0.2381,0.6360,nan,nan,nan,nan,0
early,cage,4,2,resnet,False,solarisation,lr,0.0001,0.0001,32,9,0.1660,0.8809,1.5117,0.3333,0.5588,nan,nan,nan,nan,0
early,cage,4,2,resnet,False,solarisation,lr,0.0001,0.0001,32,10,0.1245,1.3386,1.0106,0.8095,0.6066,1.4502,1.3808,0.7674,0.3821,1
early,cage,4,2,resnet,False,solarisation,lr,0.0001,0.0001,32,11,0.1254,1.2800,1.0115,0.8333,0.5662,nan,nan,nan,nan,0
early,cage,4,2,resnet,False,solarisation,lr,0.0001,0.0001,32,12,0.1080,1.4753,1.1910,0.7619,0.5919,nan,nan,nan,nan,0
early,cage,4,2,resnet,False,solarisation,lr,0.0001,0.0001,32,13,0.0704,1.2195,1.3553,0.7619,0.5515,nan,nan,nan,nan,0
early,cage,4,2,resnet,False,solarisation,lr,0.0001,0.0001,32,14,0.0558,1.5143,2.7039,0.2143,0.6213,nan,nan,nan,nan,0
early,cage,4,2,resnet,False,solarisation,lr,0.0001,0.0001,32,15,0.0533,0.9207,1.5527,0.5000,0.5331,nan,nan,nan,nan,0
early,cage,4,2,resnet,False,solarisation,lr,0.0001,0.0001,32,16,0.0698,1.0650,1.2084,0.7857,0.6654,nan,nan,nan,nan,0
early,cage,4,3,resnet,False,solarisation,lr,0.0001,0.0001,32,1,0.7313,0.6886,0.6906,0.5714,0.5755,nan,nan,nan,nan,0
early,cage,4,3,resnet,False,solarisation,lr,0.0001,0.0001,32,2,0.6801,0.7577,0.8521,0.1667,0.3633,nan,nan,nan,nan,0
early,cage,4,3,resnet,False,solarisation,lr,0.0001,0.0001,32,3,0.6069,0.7188,0.8310,0.3571,0.4857,nan,nan,nan,nan,0
early,cage,4,3,resnet,False,solarisation,lr,0.0001,0.0001,32,4,0.5077,1.2429,1.6756,0.1667,0.4408,nan,nan,nan,nan,0
early,cage,4,3,resnet,False,solarisation,lr,0.0001,0.0001,32,5,0.3967,0.9359,0.9263,0.6667,0.4286,nan,nan,nan,nan,1
early,cage,4,3,resnet,False,solarisation,lr,0.0001,0.0001,32,6,0.3091,1.3178,0.9509,0.8333,0.4408,nan,nan,nan,nan,0
early,cage,4,3,resnet,False,solarisation,lr,0.0001,0.0001,32,7,0.2294,1.4615,1.0724,0.8333,0.4082,nan,nan,nan,nan,0
early,cage,4,3,resnet,False,solarisation,lr,0.0001,0.0001,32,8,0.1570,1.7211,2.3157,0.1667,0.4980,nan,nan,nan,nan,0
early,cage,4,3,resnet,False,solarisation,lr,0.0001,0.0001,32,9,0.1366,2.1071,1.3576,0.8333,0.4327,nan,nan,nan,nan,0
early,cage,4,3,resnet,False,solarisation,lr,0.0001,0.0001,32,10,0.1275,1.5529,1.2169,0.8333,0.5388,nan,nan,nan,nan,0
early,cage,4,3,resnet,False,solarisation,lr,0.0001,0.0001,32,11,0.0831,1.1619,1.6981,0.3333,0.4776,nan,nan,nan,nan,1
early,cage,4,3,resnet,False,solarisation,lr,0.0001,0.0001,32,12,0.0774,2.1755,1.5725,0.8333,0.4612,nan,nan,nan,nan,1
early,cage,4,3,resnet,False,solarisation,lr,0.0001,0.0001,32,13,0.0579,1.7963,1.4147,0.8333,0.5347,1.5820,1.5524,0.8140,0.6571,1
early,cage,4,3,resnet,False,solarisation,lr,0.0001,0.0001,32,14,0.0724,1.4358,2.1354,0.2857,0.4204,nan,nan,nan,nan,0
early,cage,4,3,resnet,False,solarisation,lr,0.0001,0.0001,32,15,0.0468,1.2033,1.3921,0.6190,0.5020,nan,nan,nan,nan,0
early,cage,4,3,resnet,False,solarisation,lr,0.0001,0.0001,32,16,0.0314,1.6423,1.5096,0.8095,0.4776,nan,nan,nan,nan,0
early,cage,4,3,resnet,False,solarisation,lr,0.0001,0.0001,32,17,0.0177,2.0491,1.7632,0.8095,0.3878,nan,nan,nan,nan,0
early,cage,4,3,resnet,False,solarisation,lr,0.0001,0.0001,32,18,0.0185,2.1986,1.9558,0.7857,0.4735,nan,nan,nan,nan,0
early,cage,4,5,resnet,False,solarisation,lr,0.0001,0.0001,32,1,0.7301,0.7722,0.7025,0.7500,0.3226,nan,nan,nan,nan,0
early,cage,4,5,resnet,False,solarisation,lr,0.0001,0.0001,32,2,0.6667,0.7992,0.7072,0.7250,0.3763,nan,nan,nan,nan,0
early,cage,4,5,resnet,False,solarisation,lr,0.0001,0.0001,32,3,0.6242,0.7742,0.7314,0.6500,0.5018,nan,nan,nan,nan,0
early,cage,4,5,resnet,False,solarisation,lr,0.0001,0.0001,32,4,0.5266,0.6964,0.8068,0.5500,0.5950,nan,nan,nan,nan,0
early,cage,4,5,resnet,False,solarisation,lr,0.0001,0.0001,32,5,0.4117,0.8600,0.9073,0.5750,0.4624,nan,nan,nan,nan,1
early,cage,4,5,resnet,False,solarisation,lr,0.0001,0.0001,32,6,0.3140,0.9456,1.1671,0.5250,0.4373,nan,nan,nan,nan,1
early,cage,4,5,resnet,False,solarisation,lr,0.0001,0.0001,32,7,0.2382,1.0947,1.2890,0.5250,0.4875,0.7910,1.1349,0.6977,0.6143,1
early,cage,4,5,resnet,False,solarisation,lr,0.0001,0.0001,32,8,0.1614,2.4315,1.7388,0.7250,0.4588,nan,nan,nan,nan,0
early,cage,4,5,resnet,False,solarisation,lr,0.0001,0.0001,32,9,0.1255,1.3585,1.4736,0.6000,0.4444,nan,nan,nan,nan,0
early,cage,4,5,resnet,False,solarisation,lr,0.0001,0.0001,32,10,0.0975,2.2603,1.7754,0.7250,0.3548,nan,nan,nan,nan,0
early,cage,4,5,resnet,False,solarisation,lr,0.0001,0.0001,32,11,0.0906,1.8714,1.7405,0.6500,0.4194,nan,nan,nan,nan,0
early,cage,4,5,resnet,False,solarisation,lr,0.0001,0.0001,32,12,0.0692,3.3737,2.2859,0.7750,0.4014,nan,nan,nan,nan,0
early,cage,4,5,resnet,False,solarisation,lr,0.0001,0.0001,32,13,0.0702,3.1008,2.3069,0.7250,0.3548,nan,nan,nan,nan,0
early,cage,4,5,resnet,False,solarisation,lr,0.0001,0.0001,32,14,0.0439,2.3627,1.9864,0.6750,0.3907,nan,nan,nan,nan,0
early,cage,4,5,resnet,False,solarisation,lr,0.0001,0.0001,32,15,0.0534,2.4699,2.0080,0.7500,0.4014,nan,nan,nan,nan,0
early,cage,4,5,resnet,False,solarisation,lr,0.0001,0.0001,32,16,0.0665,2.1229,2.0129,0.6250,0.3620,nan,nan,nan,nan,0
early,cage,4,6,resnet,False,solarisation,lr,0.0001,0.0001,32,1,0.7230,0.7075,0.7160,0.2927,0.4524,nan,nan,nan,nan,0
early,cage,4,6,resnet,False,solarisation,lr,0.0001,0.0001,32,2,0.6927,0.7098,0.7517,0.2439,0.5429,nan,nan,nan,nan,0
early,cage,4,6,resnet,False,solarisation,lr,0.0001,0.0001,32,3,0.6315,0.7763,0.8739,0.1463,0.5048,nan,nan,nan,nan,0
early,cage,4,6,resnet,False,solarisation,lr,0.0001,0.0001,32,4,0.5516,0.7624,0.9217,0.2927,0.4810,nan,nan,nan,nan,0
early,cage,4,6,resnet,False,solarisation,lr,0.0001,0.0001,32,5,0.4415,1.0440,0.8645,0.8049,0.2571,nan,nan,nan,nan,1
early,cage,4,6,resnet,False,solarisation,lr,0.0001,0.0001,32,6,0.3507,0.9187,0.8877,0.7561,0.5190,0.9430,1.0037,0.7209,0.5357,1
early,cage,4,6,resnet,False,solarisation,lr,0.0001,0.0001,32,7,0.2701,1.4517,1.1390,0.8537,0.4095,nan,nan,nan,nan,0
early,cage,4,6,resnet,False,solarisation,lr,0.0001,0.0001,32,8,0.2018,1.1631,1.2441,0.7073,0.4333,nan,nan,nan,nan,0
early,cage,4,6,resnet,False,solarisation,lr,0.0001,0.0001,32,9,0.1404,1.5320,1.4002,0.8049,0.4810,nan,nan,nan,nan,0
early,cage,4,6,resnet,False,solarisation,lr,0.0001,0.0001,32,10,0.1418,1.5488,1.4447,0.8293,0.3476,nan,nan,nan,nan,0
early,cage,4,6,resnet,False,solarisation,lr,0.0001,0.0001,32,11,0.0887,1.7054,1.7089,0.7073,0.1952,nan,nan,nan,nan,0
early,cage,4,6,resnet,False,solarisation,lr,0.0001,0.0001,32,12,0.0618,1.3340,1.2643,0.8293,0.4524,nan,nan,nan,nan,0
early,cage,4,6,resnet,False,solarisation,lr,0.0001,0.0001,32,13,0.0943,2.4434,1.8499,0.8293,0.3667,nan,nan,nan,nan,0
early,cage,4,6,resnet,False,solarisation,lr,0.0001,0.0001,32,14,0.0777,1.8249,1.5640,0.7805,0.3762,nan,nan,nan,nan,0
early,cage,4,6,resnet,False,solarisation,lr,0.0001,0.0001,32,15,0.0583,1.7223,1.5931,0.7805,0.3762,nan,nan,nan,nan,0
early,cage,4,6,resnet,False,solarisation,lr,0.0001,0.0001,32,16,0.0327,1.6841,1.7397,0.7561,0.3857,nan,nan,nan,nan,0
early,cage,4,7,resnet,False,solarisation,lr,0.0001,0.0001,32,1,0.7235,0.7431,0.7288,0.4773,0.4201,nan,nan,nan,nan,0
early,cage,4,7,resnet,False,solarisation,lr,0.0001,0.0001,32,2,0.6825,0.9056,0.6156,0.8182,0.5521,nan,nan,nan,nan,0
early,cage,4,7,resnet,False,solarisation,lr,0.0001,0.0001,32,3,0.6565,0.7860,0.6079,0.8182,0.5764,nan,nan,nan,nan,0
early,cage,4,7,resnet,False,solarisation,lr,0.0001,0.0001,32,4,0.6055,0.7055,0.7220,0.5682,0.5139,nan,nan,nan,nan,0
early,cage,4,7,resnet,False,solarisation,lr,0.0001,0.0001,32,5,0.5103,0.8329,0.7055,0.7955,0.5729,nan,nan,nan,nan,1
early,cage,4,7,resnet,False,solarisation,lr,0.0001,0.0001,32,6,0.4183,0.9267,0.7753,0.7727,0.5868,nan,nan,nan,nan,1
early,cage,4,7,resnet,False,solarisation,lr,0.0001,0.0001,32,7,0.3143,0.9437,0.9442,0.7500,0.6597,nan,nan,nan,nan,1
early,cage,4,7,resnet,False,solarisation,lr,0.0001,0.0001,32,8,0.2250,0.8171,0.9282,0.7045,0.7083,nan,nan,nan,nan,1
early,cage,4,7,resnet,False,solarisation,lr,0.0001,0.0001,32,9,0.1817,1.6316,1.2125,0.7955,0.6285,nan,nan,nan,nan,1
early,cage,4,7,resnet,False,solarisation,lr,0.0001,0.0001,32,10,0.1168,1.9763,1.3705,0.7955,0.6285,nan,nan,nan,nan,1
early,cage,4,7,resnet,False,solarisation,lr,0.0001,0.0001,32,11,0.1215,1.4337,1.3367,0.7955,0.6042,nan,nan,nan,nan,0
early,cage,4,7,resnet,False,solarisation,lr,0.0001,0.0001,32,12,0.0871,0.7140,1.2453,0.5682,0.6493,nan,nan,nan,nan,0
early,cage,4,7,resnet,False,solarisation,lr,0.0001,0.0001,32,13,0.0612,2.0622,1.4103,0.8182,0.7222,nan,nan,nan,nan,0
early,cage,4,7,resnet,False,solarisation,lr,0.0001,0.0001,32,14,0.0570,1.7745,1.3832,0.7955,0.6146,nan,nan,nan,nan,0
early,cage,4,7,resnet,False,solarisation,lr,0.0001,0.0001,32,15,0.0601,1.4780,1.1992,0.7955,0.7049,2.2277,2.0266,0.8140,0.4786,1
early,cage,4,7,resnet,False,solarisation,lr,0.0001,0.0001,32,16,0.0548,1.3741,1.3596,0.7500,0.6146,nan,nan,nan,nan,0
early,cage,4,7,resnet,False,solarisation,lr,0.0001,0.0001,32,17,0.0362,2.1150,1.6585,0.7955,0.6354,nan,nan,nan,nan,0
early,cage,4,7,resnet,False,solarisation,lr,0.0001,0.0001,32,18,0.0857,1.1018,1.5754,0.5909,0.4896,nan,nan,nan,nan,0
early,cage,4,7,resnet,False,solarisation,lr,0.0001,0.0001,32,19,0.0439,2.0961,1.5975,0.7955,0.6215,nan,nan,nan,nan,0
early,cage,4,7,resnet,False,solarisation,lr,0.0001,0.0001,32,20,0.0300,2.4747,1.8598,0.7955,0.5451,nan,nan,nan,nan,0
early,cage,4,8,resnet,False,solarisation,lr,0.0001,0.0001,32,1,0.7291,0.7301,0.8601,0.1702,0.5481,nan,nan,nan,nan,0
early,cage,4,8,resnet,False,solarisation,lr,0.0001,0.0001,32,2,0.6920,0.7135,0.6446,0.8085,0.4551,nan,nan,nan,nan,0
early,cage,4,8,resnet,False,solarisation,lr,0.0001,0.0001,32,3,0.6521,0.7295,0.6390,0.7872,0.5064,nan,nan,nan,nan,0
early,cage,4,8,resnet,False,solarisation,lr,0.0001,0.0001,32,4,0.5890,0.7305,0.7154,0.7021,0.4551,nan,nan,nan,nan,0
early,cage,4,8,resnet,False,solarisation,lr,0.0001,0.0001,32,5,0.4930,0.8102,1.0035,0.3191,0.4359,nan,nan,nan,nan,1
early,cage,4,8,resnet,False,solarisation,lr,0.0001,0.0001,32,6,0.4108,0.8888,0.9287,0.5745,0.4006,nan,nan,nan,nan,0
early,cage,4,8,resnet,False,solarisation,lr,0.0001,0.0001,32,7,0.3157,1.3165,0.9720,0.7872,0.3974,nan,nan,nan,nan,0
early,cage,4,8,resnet,False,solarisation,lr,0.0001,0.0001,32,8,0.2499,1.8047,1.0413,0.8298,0.4167,nan,nan,nan,nan,0
early,cage,4,8,resnet,False,solarisation,lr,0.0001,0.0001,32,9,0.2059,1.5028,1.0163,0.8298,0.4231,nan,nan,nan,nan,0
early,cage,4,8,resnet,False,solarisation,lr,0.0001,0.0001,32,10,0.1562,2.0772,1.1746,0.8298,0.4006,nan,nan,nan,nan,0
early,cage,4,8,resnet,False,solarisation,lr,0.0001,0.0001,32,11,0.1161,1.6930,1.1262,0.8298,0.4840,nan,nan,nan,nan,0
early,cage,4,8,resnet,False,solarisation,lr,0.0001,0.0001,32,12,0.1071,2.4619,1.3994,0.8298,0.4103,nan,nan,nan,nan,0
early,cage,4,8,resnet,False,solarisation,lr,0.0001,0.0001,32,13,0.0850,1.5342,1.2696,0.7660,0.4551,nan,nan,nan,nan,0
early,cage,4,8,resnet,False,solarisation,lr,0.0001,0.0001,32,14,0.0660,1.2709,1.1592,0.7660,0.4840,nan,nan,nan,nan,0
early,cage,4,8,resnet,False,solarisation,lr,0.0001,0.0001,32,15,0.0463,3.0758,1.7144,0.8085,0.6090,nan,nan,nan,nan,1
early,cage,4,8,resnet,False,solarisation,lr,0.0001,0.0001,32,16,0.0350,3.2967,1.7873,0.8298,0.4776,nan,nan,nan,nan,0
early,cage,4,8,resnet,False,solarisation,lr,0.0001,0.0001,32,17,0.0317,3.7236,2.0283,0.8298,0.4455,nan,nan,nan,nan,1
early,cage,4,8,resnet,False,solarisation,lr,0.0001,0.0001,32,18,0.0339,2.4251,1.4573,0.8298,0.5224,nan,nan,nan,nan,1
early,cage,4,8,resnet,False,solarisation,lr,0.0001,0.0001,32,19,0.0755,1.9390,1.3065,0.8085,0.5224,1.8752,1.6854,0.8140,0.4964,1
early,cage,4,8,resnet,False,solarisation,lr,0.0001,0.0001,32,20,0.0405,2.2315,1.5387,0.8298,0.4968,nan,nan,nan,nan,0
early,cage,4,8,resnet,False,solarisation,lr,0.0001,0.0001,32,21,0.0281,2.7414,1.6905,0.8085,0.4936,nan,nan,nan,nan,0
early,cage,4,8,resnet,False,solarisation,lr,0.0001,0.0001,32,22,0.0465,2.0120,1.5175,0.7872,0.5064,nan,nan,nan,nan,0
early,cage,4,8,resnet,False,solarisation,lr,0.0001,0.0001,32,23,0.0500,1.8815,1.4941,0.7872,0.3846,nan,nan,nan,nan,0
early,cage,4,8,resnet,False,solarisation,lr,0.0001,0.0001,32,24,0.0457,2.2462,1.5090,0.8085,0.4551,nan,nan,nan,nan,0
early,cage,4,9,resnet,False,solarisation,lr,0.0001,0.0001,32,1,0.7284,0.7383,0.6330,0.7857,0.6195,nan,nan,nan,nan,0
early,cage,4,9,resnet,False,solarisation,lr,0.0001,0.0001,32,2,0.6928,0.6793,0.6779,0.6905,0.6566,nan,nan,nan,nan,0
early,cage,4,9,resnet,False,solarisation,lr,0.0001,0.0001,32,3,0.6330,0.6597,0.8039,0.2619,0.7003,nan,nan,nan,nan,0
early,cage,4,9,resnet,False,solarisation,lr,0.0001,0.0001,32,4,0.5510,0.7441,0.6099,0.8095,0.7811,nan,nan,nan,nan,0
early,cage,4,9,resnet,False,solarisation,lr,0.0001,0.0001,32,5,0.4503,0.7974,0.6563,0.7619,0.6397,nan,nan,nan,nan,1
early,cage,4,9,resnet,False,solarisation,lr,0.0001,0.0001,32,6,0.3333,0.9351,0.7204,0.8095,0.6768,nan,nan,nan,nan,1
early,cage,4,9,resnet,False,solarisation,lr,0.0001,0.0001,32,7,0.2320,1.9898,1.1742,0.7857,0.5825,nan,nan,nan,nan,0
early,cage,4,9,resnet,False,solarisation,lr,0.0001,0.0001,32,8,0.1797,0.6321,0.9308,0.7143,0.7273,nan,nan,nan,nan,0
early,cage,4,9,resnet,False,solarisation,lr,0.0001,0.0001,32,9,0.1243,1.5342,1.0491,0.7619,0.7576,nan,nan,nan,nan,0
early,cage,4,9,resnet,False,solarisation,lr,0.0001,0.0001,32,10,0.0832,1.7775,1.2322,0.7857,0.6768,nan,nan,nan,nan,0
early,cage,4,9,resnet,False,solarisation,lr,0.0001,0.0001,32,11,0.1079,0.5718,1.0240,0.7857,0.8013,0.7635,1.2422,0.8140,0.7536,1
early,cage,4,9,resnet,False,solarisation,lr,0.0001,0.0001,32,12,0.0633,0.9189,1.4642,0.5952,0.5960,nan,nan,nan,nan,0
early,cage,4,9,resnet,False,solarisation,lr,0.0001,0.0001,32,13,0.0484,3.8841,2.1806,0.7857,0.6330,nan,nan,nan,nan,0
early,cage,4,9,resnet,False,solarisation,lr,0.0001,0.0001,32,14,0.0618,3.6143,1.9399,0.7857,0.6667,nan,nan,nan,nan,0
early,cage,4,9,resnet,False,solarisation,lr,0.0001,0.0001,32,15,0.0595,2.2082,1.5293,0.7619,0.6633,nan,nan,nan,nan,0
early,cage,4,9,resnet,False,solarisation,lr,0.0001,0.0001,32,16,0.0521,2.2329,1.5872,0.7857,0.6330,nan,nan,nan,nan,0
early,cage,5,0,resnet,False,solarisation,lr,0.0001,0.0001,32,1,0.7190,0.7450,0.6495,0.8140,0.4246,nan,nan,nan,nan,0
early,cage,5,0,resnet,False,solarisation,lr,0.0001,0.0001,32,2,0.6783,0.7318,0.7587,0.2093,0.3452,nan,nan,nan,nan,0
early,cage,5,0,resnet,False,solarisation,lr,0.0001,0.0001,32,3,0.6146,0.8047,0.6864,0.8372,0.4127,nan,nan,nan,nan,0
early,cage,5,0,resnet,False,solarisation,lr,0.0001,0.0001,32,4,0.5152,0.7882,0.8892,0.2558,0.3968,nan,nan,nan,nan,0
early,cage,5,0,resnet,False,solarisation,lr,0.0001,0.0001,32,5,0.4231,0.7788,0.8830,0.5116,0.4762,nan,nan,nan,nan,1
early,cage,5,0,resnet,False,solarisation,lr,0.0001,0.0001,32,6,0.3143,0.7805,0.8475,0.7442,0.5397,nan,nan,nan,nan,1
early,cage,5,0,resnet,False,solarisation,lr,0.0001,0.0001,32,7,0.2431,1.8805,1.3822,0.8140,0.3373,nan,nan,nan,nan,0
early,cage,5,0,resnet,False,solarisation,lr,0.0001,0.0001,32,8,0.1787,1.4718,1.2819,0.7442,0.4444,nan,nan,nan,nan,0
early,cage,5,0,resnet,False,solarisation,lr,0.0001,0.0001,32,9,0.1307,1.1537,1.4769,0.5349,0.4246,nan,nan,nan,nan,1
early,cage,5,0,resnet,False,solarisation,lr,0.0001,0.0001,32,10,0.1013,1.2445,1.5507,0.5116,0.4325,nan,nan,nan,nan,0
early,cage,5,0,resnet,False,solarisation,lr,0.0001,0.0001,32,11,0.0674,1.2082,1.7276,0.4419,0.3770,nan,nan,nan,nan,0
early,cage,5,0,resnet,False,solarisation,lr,0.0001,0.0001,32,12,0.0855,1.2321,1.4983,0.6744,0.4444,nan,nan,nan,nan,0
early,cage,5,0,resnet,False,solarisation,lr,0.0001,0.0001,32,13,0.0774,1.5338,1.2713,0.8372,0.5000,nan,nan,nan,nan,0
early,cage,5,0,resnet,False,solarisation,lr,0.0001,0.0001,32,14,0.0335,1.6081,1.6447,0.7442,0.4484,nan,nan,nan,nan,0
early,cage,5,0,resnet,False,solarisation,lr,0.0001,0.0001,32,15,0.0349,2.1609,1.9067,0.7907,0.4087,nan,nan,nan,nan,0
early,cage,5,0,resnet,False,solarisation,lr,0.0001,0.0001,32,16,0.0444,1.5449,1.8640,0.5814,0.4484,1.3800,1.8327,0.4750,0.3692,1
early,cage,5,0,resnet,False,solarisation,lr,0.0001,0.0001,32,17,0.0553,2.0297,1.7571,0.7907,0.4127,nan,nan,nan,nan,0
early,cage,5,0,resnet,False,solarisation,lr,0.0001,0.0001,32,18,0.0445,2.0796,1.6388,0.8372,0.4643,nan,nan,nan,nan,0
early,cage,5,0,resnet,False,solarisation,lr,0.0001,0.0001,32,19,0.0392,1.2632,1.9564,0.4186,0.3968,nan,nan,nan,nan,0
early,cage,5,0,resnet,False,solarisation,lr,0.0001,0.0001,32,20,0.0444,2.0133,1.8441,0.7907,0.5357,nan,nan,nan,nan,0
early,cage,5,0,resnet,False,solarisation,lr,0.0001,0.0001,32,21,0.0496,2.3792,1.6673,0.8372,0.3929,nan,nan,nan,nan,0
early,cage,5,1,resnet,False,solarisation,lr,0.0001,0.0001,32,1,0.7182,0.7239,0.6008,0.8140,0.5556,nan,nan,nan,nan,0
early,cage,5,1,resnet,False,solarisation,lr,0.0001,0.0001,32,2,0.6768,0.6817,0.6848,0.6744,0.6230,nan,nan,nan,nan,0
early,cage,5,1,resnet,False,solarisation,lr,0.0001,0.0001,32,3,0.6161,0.7678,0.9186,0.1628,0.5833,nan,nan,nan,nan,0
early,cage,5,1,resnet,False,solarisation,lr,0.0001,0.0001,32,4,0.5588,0.7102,0.8433,0.2558,0.6389,nan,nan,nan,nan,0
early,cage,5,1,resnet,False,solarisation,lr,0.0001,0.0001,32,5,0.4543,0.6622,0.7309,0.6512,0.7024,nan,nan,nan,nan,1
early,cage,5,1,resnet,False,solarisation,lr,0.0001,0.0001,32,6,0.3501,0.8763,0.7325,0.7907,0.6706,1.2386,0.9275,0.7750,0.3943,1
early,cage,5,1,resnet,False,solarisation,lr,0.0001,0.0001,32,7,0.2590,0.9700,0.7648,0.8140,0.5556,nan,nan,nan,nan,0
early,cage,5,1,resnet,False,solarisation,lr,0.0001,0.0001,32,8,0.2033,1.4414,1.0006,0.8140,0.4683,nan,nan,nan,nan,0
early,cage,5,1,resnet,False,solarisation,lr,0.0001,0.0001,32,9,0.1609,1.7855,1.1278,0.8140,0.5119,nan,nan,nan,nan,0
early,cage,5,1,resnet,False,solarisation,lr,0.0001,0.0001,32,10,0.0972,1.4926,1.0791,0.8140,0.4325,nan,nan,nan,nan,0
early,cage,5,1,resnet,False,solarisation,lr,0.0001,0.0001,32,11,0.1050,0.7708,1.2481,0.5349,0.6270,nan,nan,nan,nan,0
early,cage,5,1,resnet,False,solarisation,lr,0.0001,0.0001,32,12,0.0884,0.9398,1.4350,0.6512,0.5159,nan,nan,nan,nan,0
early,cage,5,1,resnet,False,solarisation,lr,0.0001,0.0001,32,13,0.0464,1.7822,1.2379,0.7907,0.5595,nan,nan,nan,nan,0
early,cage,5,1,resnet,False,solarisation,lr,0.0001,0.0001,32,14,0.0272,2.5885,1.6375,0.8140,0.5714,nan,nan,nan,nan,0
early,cage,5,1,resnet,False,solarisation,lr,0.0001,0.0001,32,15,0.0436,2.3247,1.4633,0.8140,0.5794,nan,nan,nan,nan,0
early,cage,5,1,resnet,False,solarisation,lr,0.0001,0.0001,32,16,0.0875,1.4012,1.1009,0.8140,0.5635,nan,nan,nan,nan,0
early,cage,5,2,resnet,False,solarisation,lr,0.0001,0.0001,32,1,0.7251,0.8498,0.6113,0.8095,0.6213,nan,nan,nan,nan,0
early,cage,5,2,resnet,False,solarisation,lr,0.0001,0.0001,32,2,0.6634,0.7541,0.6754,0.7381,0.5846,nan,nan,nan,nan,0
early,cage,5,2,resnet,False,solarisation,lr,0.0001,0.0001,32,3,0.6165,0.7185,0.6174,0.7381,0.6581,nan,nan,nan,nan,0
early,cage,5,2,resnet,False,solarisation,lr,0.0001,0.0001,32,4,0.5229,0.7302,0.8184,0.5000,0.4779,nan,nan,nan,nan,0
early,cage,5,2,resnet,False,solarisation,lr,0.0001,0.0001,32,5,0.4071,1.0800,0.7598,0.8095,0.6103,nan,nan,nan,nan,1
early,cage,5,2,resnet,False,solarisation,lr,0.0001,0.0001,32,6,0.3022,0.9880,0.8354,0.7857,0.4963,nan,nan,nan,nan,0
early,cage,5,2,resnet,False,solarisation,lr,0.0001,0.0001,32,7,0.2173,0.9811,0.9093,0.6905,0.5699,nan,nan,nan,nan,0
early,cage,5,2,resnet,False,solarisation,lr,0.0001,0.0001,32,8,0.1691,1.0303,0.9006,0.7143,0.5772,nan,nan,nan,nan,0
early,cage,5,2,resnet,False,solarisation,lr,0.0001,0.0001,32,9,0.1370,2.0825,1.2817,0.8095,0.6728,nan,nan,nan,nan,0
early,cage,5,2,resnet,False,solarisation,lr,0.0001,0.0001,32,10,0.0960,2.7505,1.6373,0.8095,0.6213,nan,nan,nan,nan,0
early,cage,5,2,resnet,False,solarisation,lr,0.0001,0.0001,32,11,0.0703,0.7635,1.3017,0.6429,0.6838,nan,nan,nan,nan,1
early,cage,5,2,resnet,False,solarisation,lr,0.0001,0.0001,32,12,0.0907,1.4220,1.3382,0.7381,0.5699,nan,nan,nan,nan,0
early,cage,5,2,resnet,False,solarisation,lr,0.0001,0.0001,32,13,0.0382,2.1850,1.4037,0.7857,0.6507,nan,nan,nan,nan,1
early,cage,5,2,resnet,False,solarisation,lr,0.0001,0.0001,32,14,0.0759,2.8177,1.7566,0.7857,0.6250,nan,nan,nan,nan,0
early,cage,5,2,resnet,False,solarisation,lr,0.0001,0.0001,32,15,0.0516,2.8089,1.8770,0.7619,0.5551,nan,nan,nan,nan,0
early,cage,5,2,resnet,False,solarisation,lr,0.0001,0.0001,32,16,0.0874,1.3513,1.0986,0.7619,0.6875,nan,nan,nan,nan,0
early,cage,5,2,resnet,False,solarisation,lr,0.0001,0.0001,32,17,0.0707,2.2514,1.4705,0.7857,0.7426,nan,nan,nan,nan,1
early,cage,5,2,resnet,False,solarisation,lr,0.0001,0.0001,32,18,0.0313,2.2739,1.4902,0.8095,0.7206,nan,nan,nan,nan,1
early,cage,5,2,resnet,False,solarisation,lr,0.0001,0.0001,32,19,0.0169,3.6190,2.1241,0.8095,0.6985,nan,nan,nan,nan,1
early,cage,5,2,resnet,False,solarisation,lr,0.0001,0.0001,32,20,0.0126,4.4204,2.5432,0.8095,0.6949,5.8703,3.6455,0.7750,0.3620,1
early,cage,5,2,resnet,False,solarisation,lr,0.0001,0.0001,32,21,0.0338,3.3538,2.0088,0.7857,0.6213,nan,nan,nan,nan,0
early,cage,5,2,resnet,False,solarisation,lr,0.0001,0.0001,32,22,0.0455,3.2453,1.9383,0.8095,0.6985,nan,nan,nan,nan,0
early,cage,5,2,resnet,False,solarisation,lr,0.0001,0.0001,32,23,0.0662,1.8464,1.4112,0.7619,0.5037,nan,nan,nan,nan,0
early,cage,5,2,resnet,False,solarisation,lr,0.0001,0.0001,32,24,0.0443,3.6814,2.1556,0.7857,0.5404,nan,nan,nan,nan,0
early,cage,5,2,resnet,False,solarisation,lr,0.0001,0.0001,32,25,0.0110,3.5836,2.1300,0.8095,0.5882,nan,nan,nan,nan,0
early,cage,5,3,resnet,False,solarisation,lr,0.0001,0.0001,32,1,0.7155,0.7509,0.8644,0.1667,0.4939,nan,nan,nan,nan,0
early,cage,5,3,resnet,False,solarisation,lr,0.0001,0.0001,32,2,0.6719,0.7349,0.6548,0.7619,0.4980,nan,nan,nan,nan,0
early,cage,5,3,resnet,False,solarisation,lr,0.0001,0.0001,32,3,0.5924,0.7470,0.7432,0.5238,0.4571,nan,nan,nan,nan,0
early,cage,5,3,resnet,False,solarisation,lr,0.0001,0.0001,32,4,0.4883,0.9152,0.7040,0.8095,0.4980,nan,nan,nan,nan,0
early,cage,5,3,resnet,False,solarisation,lr,0.0001,0.0001,32,5,0.4065,0.8937,0.7596,0.7381,0.4735,nan,nan,nan,nan,1
early,cage,5,3,resnet,False,solarisation,lr,0.0001,0.0001,32,6,0.2892,1.1764,0.9795,0.7857,0.4939,nan,nan,nan,nan,0
early,cage,5,3,resnet,False,solarisation,lr,0.0001,0.0001,32,7,0.2350,0.9888,1.2437,0.3333,0.4531,nan,nan,nan,nan,0
early,cage,5,3,resnet,False,solarisation,lr,0.0001,0.0001,32,8,0.1792,1.3062,0.9923,0.8095,0.5837,nan,nan,nan,nan,1
early,cage,5,3,resnet,False,solarisation,lr,0.0001,0.0001,32,9,0.1349,1.6443,2.4682,0.1667,0.5102,nan,nan,nan,nan,0
early,cage,5,3,resnet,False,solarisation,lr,0.0001,0.0001,32,10,0.1057,1.1792,1.5618,0.5000,0.5388,nan,nan,nan,nan,1
early,cage,5,3,resnet,False,solarisation,lr,0.0001,0.0001,32,11,0.0818,1.1078,1.2292,0.6905,0.5755,nan,nan,nan,nan,1
early,cage,5,3,resnet,False,solarisation,lr,0.0001,0.0001,32,12,0.0832,1.1387,1.6346,0.4762,0.5878,nan,nan,nan,nan,1
early,cage,5,3,resnet,False,solarisation,lr,0.0001,0.0001,32,13,0.0719,1.2652,1.8835,0.4048,0.5469,nan,nan,nan,nan,0
early,cage,5,3,resnet,False,solarisation,lr,0.0001,0.0001,32,14,0.0578,1.0385,1.2034,0.7619,0.6327,nan,nan,nan,nan,1
early,cage,5,3,resnet,False,solarisation,lr,0.0001,0.0001,32,15,0.0406,1.4978,1.3214,0.8095,0.6204,nan,nan,nan,nan,1
early,cage,5,3,resnet,False,solarisation,lr,0.0001,0.0001,32,16,0.0141,1.5733,1.4775,0.7857,0.5878,nan,nan,nan,nan,0
early,cage,5,3,resnet,False,solarisation,lr,0.0001,0.0001,32,17,0.0493,1.1342,1.3344,0.7381,0.6531,nan,nan,nan,nan,1
early,cage,5,3,resnet,False,solarisation,lr,0.0001,0.0001,32,18,0.0374,0.9844,1.4205,0.6667,0.6204,1.4957,1.5802,0.5250,0.4158,1
early,cage,5,3,resnet,False,solarisation,lr,0.0001,0.0001,32,19,0.0326,1.2480,1.5810,0.6905,0.6204,nan,nan,nan,nan,0
early,cage,5,3,resnet,False,solarisation,lr,0.0001,0.0001,32,20,0.0331,1.2669,1.7158,0.6667,0.5429,nan,nan,nan,nan,0
early,cage,5,3,resnet,False,solarisation,lr,0.0001,0.0001,32,21,0.0455,1.1866,1.9814,0.3810,0.5755,nan,nan,nan,nan,0
early,cage,5,3,resnet,False,solarisation,lr,0.0001,0.0001,32,22,0.0452,1.3046,1.4469,0.6905,0.4816,nan,nan,nan,nan,0
early,cage,5,3,resnet,False,solarisation,lr,0.0001,0.0001,32,23,0.0642,1.0503,1.6266,0.6429,0.5429,nan,nan,nan,nan,0
early,cage,5,4,resnet,False,solarisation,lr,0.0001,0.0001,32,1,0.7163,0.8180,0.7080,0.8140,0.5929,nan,nan,nan,nan,0
early,cage,5,4,resnet,False,solarisation,lr,0.0001,0.0001,32,2,0.6754,0.6870,0.7629,0.3953,0.6214,nan,nan,nan,nan,0
early,cage,5,4,resnet,False,solarisation,lr,0.0001,0.0001,32,3,0.6271,0.7336,0.8754,0.2093,0.5786,nan,nan,nan,nan,0
early,cage,5,4,resnet,False,solarisation,lr,0.0001,0.0001,32,4,0.5483,0.6793,0.7969,0.5581,0.6429,nan,nan,nan,nan,0
early,cage,5,4,resnet,False,solarisation,lr,0.0001,0.0001,32,5,0.4303,0.7684,0.7638,0.6744,0.5857,0.9975,0.8055,0.6750,0.3405,1
early,cage,5,4,resnet,False,solarisation,lr,0.0001,0.0001,32,6,0.3454,0.9273,1.1045,0.5581,0.4357,nan,nan,nan,nan,0
early,cage,5,4,resnet,False,solarisation,lr,0.0001,0.0001,32,7,0.2440,0.7624,1.0910,0.6047,0.5893,nan,nan,nan,nan,0
early,cage,5,4,resnet,False,solarisation,lr,0.0001,0.0001,32,8,0.1948,1.2494,1.3306,0.6279,0.4107,nan,nan,nan,nan,0
early,cage,5,4,resnet,False,solarisation,lr,0.0001,0.0001,32,9,0.1351,1.6976,1.5434,0.8372,0.5143,nan,nan,nan,nan,0
early,cage,5,4,resnet,False,solarisation,lr,0.0001,0.0001,32,10,0.1075,2.8475,2.4634,0.8140,0.4214,nan,nan,nan,nan,0
early,cage,5,4,resnet,False,solarisation,lr,0.0001,0.0001,32,11,0.0652,1.9345,1.9078,0.8140,0.4750,nan,nan,nan,nan,0
early,cage,5,4,resnet,False,solarisation,lr,0.0001,0.0001,32,12,0.0546,2.1468,2.0077,0.7209,0.4500,nan,nan,nan,nan,0
early,cage,5,4,resnet,False,solarisation,lr,0.0001,0.0001,32,13,0.0649,2.2305,2.2142,0.7907,0.3750,nan,nan,nan,nan,0
early,cage,5,4,resnet,False,solarisation,lr,0.0001,0.0001,32,14,0.0561,1.1942,1.6442,0.6744,0.5857,nan,nan,nan,nan,0
early,cage,5,4,resnet,False,solarisation,lr,0.0001,0.0001,32,15,0.0599,1.3234,1.7575,0.6977,0.4571,nan,nan,nan,nan,0
early,cage,5,4,resnet,False,solarisation,lr,0.0001,0.0001,32,16,0.0612,1.2186,1.6587,0.6512,0.5571,nan,nan,nan,nan,0
early,cage,5,6,resnet,False,solarisation,lr,0.0001,0.0001,32,1,0.7108,0.7222,0.6198,0.8537,0.4429,nan,nan,nan,nan,0
early,cage,5,6,resnet,False,solarisation,lr,0.0001,0.0001,32,2,0.6691,0.7705,0.6481,0.8537,0.4333,nan,nan,nan,nan,0
early,cage,5,6,resnet,False,solarisation,lr,0.0001,0.0001,32,3,0.6140,0.7348,0.6521,0.7317,0.4810,nan,nan,nan,nan,0
early,cage,5,6,resnet,False,solarisation,lr,0.0001,0.0001,32,4,0.5347,0.7323,0.6591,0.8293,0.4571,nan,nan,nan,nan,0
early,cage,5,6,resnet,False,solarisation,lr,0.0001,0.0001,32,5,0.4519,0.7212,0.8182,0.4634,0.5905,nan,nan,nan,nan,1
early,cage,5,6,resnet,False,solarisation,lr,0.0001,0.0001,32,6,0.3667,1.0047,0.7969,0.8537,0.5095,nan,nan,nan,nan,1
early,cage,5,6,resnet,False,solarisation,lr,0.0001,0.0001,32,7,0.2730,1.3833,1.0574,0.8537,0.5143,nan,nan,nan,nan,1
early,cage,5,6,resnet,False,solarisation,lr,0.0001,0.0001,32,8,0.1793,1.1987,0.9578,0.8537,0.3857,nan,nan,nan,nan,0
early,cage,5,6,resnet,False,solarisation,lr,0.0001,0.0001,32,9,0.1833,1.4492,1.0186,0.8537,0.5429,nan,nan,nan,nan,0
early,cage,5,6,resnet,False,solarisation,lr,0.0001,0.0001,32,10,0.1268,2.1917,1.4858,0.8537,0.4524,nan,nan,nan,nan,0
early,cage,5,6,resnet,False,solarisation,lr,0.0001,0.0001,32,11,0.1045,1.8195,1.2799,0.8293,0.6476,nan,nan,nan,nan,0
early,cage,5,6,resnet,False,solarisation,lr,0.0001,0.0001,32,12,0.0788,1.2329,1.0446,0.8537,0.6095,nan,nan,nan,nan,1
early,cage,5,6,resnet,False,solarisation,lr,0.0001,0.0001,32,13,0.0565,1.2172,1.1353,0.8049,0.5524,1.5221,1.4019,0.7000,0.5161,1
early,cage,5,6,resnet,False,solarisation,lr,0.0001,0.0001,32,14,0.0436,1.3151,1.2577,0.7561,0.4714,nan,nan,nan,nan,0
early,cage,5,6,resnet,False,solarisation,lr,0.0001,0.0001,32,15,0.0790,2.2916,1.5960,0.8537,0.5190,nan,nan,nan,nan,0
early,cage,5,6,resnet,False,solarisation,lr,0.0001,0.0001,32,16,0.0371,1.5563,1.2911,0.8293,0.4286,nan,nan,nan,nan,0
early,cage,5,6,resnet,False,solarisation,lr,0.0001,0.0001,32,17,0.0171,1.2947,1.1694,0.7805,0.5381,nan,nan,nan,nan,0
early,cage,5,6,resnet,False,solarisation,lr,0.0001,0.0001,32,18,0.0363,1.3612,1.2071,0.8049,0.4714,nan,nan,nan,nan,0
early,cage,5,7,resnet,False,solarisation,lr,0.0001,0.0001,32,1,0.6984,0.8521,0.6440,0.8182,0.4097,nan,nan,nan,nan,0
early,cage,5,7,resnet,False,solarisation,lr,0.0001,0.0001,32,2,0.6519,0.9847,0.6770,0.8182,0.3854,nan,nan,nan,nan,0
early,cage,5,7,resnet,False,solarisation,lr,0.0001,0.0001,32,3,0.6121,0.9197,0.6277,0.8182,0.5104,nan,nan,nan,nan,0
early,cage,5,7,resnet,False,solarisation,lr,0.0001,0.0001,32,4,0.5428,1.1299,0.7321,0.8182,0.4583,nan,nan,nan,nan,0
early,cage,5,7,resnet,False,solarisation,lr,0.0001,0.0001,32,5,0.4491,1.3441,0.8507,0.7955,0.5312,nan,nan,nan,nan,1
early,cage,5,7,resnet,False,solarisation,lr,0.0001,0.0001,32,6,0.3504,1.6107,1.1731,0.7727,0.5382,nan,nan,nan,nan,1
early,cage,5,7,resnet,False,solarisation,lr,0.0001,0.0001,32,7,0.2692,0.9835,1.0143,0.6136,0.5104,nan,nan,nan,nan,1
early,cage,5,7,resnet,False,solarisation,lr,0.0001,0.0001,32,8,0.1952,2.0874,1.4168,0.7955,0.5799,nan,nan,nan,nan,1
early,cage,5,7,resnet,False,solarisation,lr,0.0001,0.0001,32,9,0.1552,1.3702,1.0947,0.7727,0.5556,nan,nan,nan,nan,1
early,cage,5,7,resnet,False,solarisation,lr,0.0001,0.0001,32,10,0.1273,1.4203,1.1000,0.7955,0.6354,nan,nan,nan,nan,1
early,cage,5,7,resnet,False,solarisation,lr,0.0001,0.0001,32,11,0.0797,2.2166,1.4463,0.7955,0.6528,nan,nan,nan,nan,1
early,cage,5,7,resnet,False,solarisation,lr,0.0001,0.0001,32,12,0.0861,1.3772,1.3652,0.6818,0.5556,1.6554,1.4263,0.6250,0.4839,1
early,cage,5,7,resnet,False,solarisation,lr,0.0001,0.0001,32,13,0.0737,1.8512,1.5386,0.7955,0.6007,nan,nan,nan,nan,0
early,cage,5,7,resnet,False,solarisation,lr,0.0001,0.0001,32,14,0.0474,1.5578,1.5916,0.7045,0.5208,nan,nan,nan,nan,0
early,cage,5,7,resnet,False,solarisation,lr,0.0001,0.0001,32,15,0.0534,1.2882,1.3686,0.6364,0.5417,nan,nan,nan,nan,0
early,cage,5,7,resnet,False,solarisation,lr,0.0001,0.0001,32,16,0.0548,1.5779,1.3939,0.6818,0.5521,nan,nan,nan,nan,0
early,cage,5,7,resnet,False,solarisation,lr,0.0001,0.0001,32,17,0.0350,1.8167,1.4817,0.7727,0.5451,nan,nan,nan,nan,0
early,cage,5,8,resnet,False,solarisation,lr,0.0001,0.0001,32,1,0.7203,0.7166,0.6097,0.8298,0.5096,nan,nan,nan,nan,0
early,cage,5,8,resnet,False,solarisation,lr,0.0001,0.0001,32,2,0.6611,0.7941,0.5854,0.8298,0.4679,nan,nan,nan,nan,0
early,cage,5,8,resnet,False,solarisation,lr,0.0001,0.0001,32,3,0.5972,0.7474,0.6048,0.8298,0.6186,nan,nan,nan,nan,0
early,cage,5,8,resnet,False,solarisation,lr,0.0001,0.0001,32,4,0.5077,0.9058,0.6332,0.8511,0.5321,nan,nan,nan,nan,0
early,cage,5,8,resnet,False,solarisation,lr,0.0001,0.0001,32,5,0.3924,1.4691,0.8515,0.8298,0.6154,nan,nan,nan,nan,1
early,cage,5,8,resnet,False,solarisation,lr,0.0001,0.0001,32,6,0.3066,1.5634,0.9114,0.8298,0.6186,nan,nan,nan,nan,1
early,cage,5,8,resnet,False,solarisation,lr,0.0001,0.0001,32,7,0.2182,2.3895,1.3268,0.8298,0.4936,nan,nan,nan,nan,1
early,cage,5,8,resnet,False,solarisation,lr,0.0001,0.0001,32,8,0.1599,1.4290,0.9508,0.8085,0.5737,nan,nan,nan,nan,0
early,cage,5,8,resnet,False,solarisation,lr,0.0001,0.0001,32,9,0.1585,1.1092,0.9580,0.8298,0.6090,1.3307,1.1246,0.7000,0.5699,1
early,cage,5,8,resnet,False,solarisation,lr,0.0001,0.0001,32,10,0.1207,2.4453,1.3436,0.8298,0.5385,nan,nan,nan,nan,0
early,cage,5,8,resnet,False,solarisation,lr,0.0001,0.0001,32,11,0.0711,2.0689,1.2926,0.8298,0.5288,nan,nan,nan,nan,0
early,cage,5,8,resnet,False,solarisation,lr,0.0001,0.0001,32,12,0.0614,2.7680,1.5662,0.8298,0.5769,nan,nan,nan,nan,0
early,cage,5,8,resnet,False,solarisation,lr,0.0001,0.0001,32,13,0.0699,2.2958,1.3681,0.8298,0.5224,nan,nan,nan,nan,0
early,cage,5,8,resnet,False,solarisation,lr,0.0001,0.0001,32,14,0.0509,1.9755,1.3735,0.8085,0.4551,nan,nan,nan,nan,0
early,cage,5,8,resnet,False,solarisation,lr,0.0001,0.0001,32,15,0.0537,2.0858,1.3736,0.7872,0.4487,nan,nan,nan,nan,0
early,cage,5,8,resnet,False,solarisation,lr,0.0001,0.0001,32,16,0.0365,2.2128,1.4089,0.8511,0.5160,nan,nan,nan,nan,0
early,cage,5,9,resnet,False,solarisation,lr,0.0001,0.0001,32,1,0.7162,0.7376,0.6179,0.7857,0.6869,nan,nan,nan,nan,0
early,cage,5,9,resnet,False,solarisation,lr,0.0001,0.0001,32,2,0.6434,0.6552,0.7951,0.2857,0.6869,nan,nan,nan,nan,0
early,cage,5,9,resnet,False,solarisation,lr,0.0001,0.0001,32,3,0.5348,1.4140,0.8341,0.7857,0.6768,nan,nan,nan,nan,0
early,cage,5,9,resnet,False,solarisation,lr,0.0001,0.0001,32,4,0.4490,1.2487,0.8174,0.7857,0.5286,nan,nan,nan,nan,0
early,cage,5,9,resnet,False,solarisation,lr,0.0001,0.0001,32,5,0.3312,0.7774,0.7412,0.8333,0.7138,1.1458,0.9717,0.7250,0.4050,1
early,cage,5,9,resnet,False,solarisation,lr,0.0001,0.0001,32,6,0.2673,1.2301,0.9335,0.7619,0.6599,nan,nan,nan,nan,0
early,cage,5,9,resnet,False,solarisation,lr,0.0001,0.0001,32,7,0.1846,1.8653,1.1692,0.7857,0.5926,nan,nan,nan,nan,0
early,cage,5,9,resnet,False,solarisation,lr,0.0001,0.0001,32,8,0.1485,3.3011,1.8007,0.7857,0.4983,nan,nan,nan,nan,0
early,cage,5,9,resnet,False,solarisation,lr,0.0001,0.0001,32,9,0.1050,3.7259,2.0484,0.7857,0.5589,nan,nan,nan,nan,0
early,cage,5,9,resnet,False,solarisation,lr,0.0001,0.0001,32,10,0.0962,2.7951,1.6778,0.7857,0.5488,nan,nan,nan,nan,0
early,cage,5,9,resnet,False,solarisation,lr,0.0001,0.0001,32,11,0.0809,2.6220,1.5806,0.7857,0.5960,nan,nan,nan,nan,0
early,cage,5,9,resnet,False,solarisation,lr,0.0001,0.0001,32,12,0.0734,2.4291,1.4673,0.7857,0.6296,nan,nan,nan,nan,0
early,cage,5,9,resnet,False,solarisation,lr,0.0001,0.0001,32,13,0.0590,3.6763,2.0947,0.7857,0.5421,nan,nan,nan,nan,0
early,cage,5,9,resnet,False,solarisation,lr,0.0001,0.0001,32,14,0.0376,1.5717,1.4286,0.8095,0.6195,nan,nan,nan,nan,0
early,cage,5,9,resnet,False,solarisation,lr,0.0001,0.0001,32,15,0.0463,3.8906,2.2204,0.7857,0.6263,nan,nan,nan,nan,0
early,cage,5,9,resnet,False,solarisation,lr,0.0001,0.0001,32,16,0.0828,2.9884,1.6770,0.7857,0.5993,nan,nan,nan,nan,0
early,cage,6,0,resnet,False,solarisation,lr,0.0001,0.0001,32,1,0.7205,0.7387,0.8141,0.1860,0.4762,nan,nan,nan,nan,0
early,cage,6,0,resnet,False,solarisation,lr,0.0001,0.0001,32,2,0.6808,0.6950,0.6419,0.7674,0.5833,nan,nan,nan,nan,0
early,cage,6,0,resnet,False,solarisation,lr,0.0001,0.0001,32,3,0.6537,0.6998,0.7172,0.4651,0.5238,nan,nan,nan,nan,0
early,cage,6,0,resnet,False,solarisation,lr,0.0001,0.0001,32,4,0.5928,0.7522,0.7874,0.5349,0.4960,nan,nan,nan,nan,0
early,cage,6,0,resnet,False,solarisation,lr,0.0001,0.0001,32,5,0.5113,0.8266,0.8795,0.3721,0.4524,0.6946,0.7906,0.4878,0.5571,1
early,cage,6,0,resnet,False,solarisation,lr,0.0001,0.0001,32,6,0.4131,0.8912,1.1445,0.1860,0.4722,nan,nan,nan,nan,0
early,cage,6,0,resnet,False,solarisation,lr,0.0001,0.0001,32,7,0.3150,0.8386,0.9211,0.4419,0.4524,nan,nan,nan,nan,0
early,cage,6,0,resnet,False,solarisation,lr,0.0001,0.0001,32,8,0.2338,0.8497,1.0530,0.6744,0.4167,nan,nan,nan,nan,0
early,cage,6,0,resnet,False,solarisation,lr,0.0001,0.0001,32,9,0.1925,0.9046,1.2151,0.5116,0.4921,nan,nan,nan,nan,0
early,cage,6,0,resnet,False,solarisation,lr,0.0001,0.0001,32,10,0.1224,1.3142,1.3399,0.7209,0.3810,nan,nan,nan,nan,0
early,cage,6,0,resnet,False,solarisation,lr,0.0001,0.0001,32,11,0.1119,2.0061,1.5818,0.7907,0.3413,nan,nan,nan,nan,0
early,cage,6,0,resnet,False,solarisation,lr,0.0001,0.0001,32,12,0.0647,1.4061,1.4283,0.6279,0.3810,nan,nan,nan,nan,0
early,cage,6,0,resnet,False,solarisation,lr,0.0001,0.0001,32,13,0.0645,1.9867,1.4629,0.8372,0.3810,nan,nan,nan,nan,0
early,cage,6,0,resnet,False,solarisation,lr,0.0001,0.0001,32,14,0.0602,1.3859,1.7921,0.3721,0.3492,nan,nan,nan,nan,0
early,cage,6,0,resnet,False,solarisation,lr,0.0001,0.0001,32,15,0.0640,1.0532,1.3947,0.4884,0.4484,nan,nan,nan,nan,0
early,cage,6,0,resnet,False,solarisation,lr,0.0001,0.0001,32,16,0.0860,1.4020,1.3357,0.7674,0.5040,nan,nan,nan,nan,0
early,cage,6,1,resnet,False,solarisation,lr,0.0001,0.0001,32,1,0.7220,0.6947,0.7595,0.2326,0.6349,nan,nan,nan,nan,0
early,cage,6,1,resnet,False,solarisation,lr,0.0001,0.0001,32,2,0.6816,0.6957,0.7393,0.1628,0.6429,nan,nan,nan,nan,0
early,cage,6,1,resnet,False,solarisation,lr,0.0001,0.0001,32,3,0.6442,0.6588,0.6905,0.6512,0.7024,nan,nan,nan,nan,0
early,cage,6,1,resnet,False,solarisation,lr,0.0001,0.0001,32,4,0.5922,0.7248,0.8401,0.2791,0.5952,nan,nan,nan,nan,0
early,cage,6,1,resnet,False,solarisation,lr,0.0001,0.0001,32,5,0.5091,0.7490,0.7803,0.6047,0.4484,0.7178,0.7382,0.7317,0.5619,1
early,cage,6,1,resnet,False,solarisation,lr,0.0001,0.0001,32,6,0.4014,1.0873,0.7804,0.8372,0.5397,nan,nan,nan,nan,0
early,cage,6,1,resnet,False,solarisation,lr,0.0001,0.0001,32,7,0.3120,0.9648,0.7879,0.8140,0.4921,nan,nan,nan,nan,0
early,cage,6,1,resnet,False,solarisation,lr,0.0001,0.0001,32,8,0.2419,1.1243,0.8799,0.7907,0.4802,nan,nan,nan,nan,0
early,cage,6,1,resnet,False,solarisation,lr,0.0001,0.0001,32,9,0.1662,0.9483,1.4607,0.3721,0.5079,nan,nan,nan,nan,0
early,cage,6,1,resnet,False,solarisation,lr,0.0001,0.0001,32,10,0.1425,1.2930,1.0839,0.7907,0.4524,nan,nan,nan,nan,0
early,cage,6,1,resnet,False,solarisation,lr,0.0001,0.0001,32,11,0.1120,1.5547,1.2051,0.8140,0.4325,nan,nan,nan,nan,0
early,cage,6,1,resnet,False,solarisation,lr,0.0001,0.0001,32,12,0.0809,1.2566,1.2142,0.7442,0.5595,nan,nan,nan,nan,0
early,cage,6,1,resnet,False,solarisation,lr,0.0001,0.0001,32,13,0.0497,1.1930,1.0772,0.7907,0.5754,nan,nan,nan,nan,0
early,cage,6,1,resnet,False,solarisation,lr,0.0001,0.0001,32,14,0.0726,1.4774,1.1982,0.8140,0.5000,nan,nan,nan,nan,0
early,cage,6,1,resnet,False,solarisation,lr,0.0001,0.0001,32,15,0.0671,2.3795,1.4694,0.8372,0.4762,nan,nan,nan,nan,0
early,cage,6,1,resnet,False,solarisation,lr,0.0001,0.0001,32,16,0.0577,2.4542,1.5057,0.8372,0.4841,nan,nan,nan,nan,0
early,cage,6,2,resnet,False,solarisation,lr,0.0001,0.0001,32,1,0.7270,0.7198,0.8889,0.1905,0.6728,nan,nan,nan,nan,0
early,cage,6,2,resnet,False,solarisation,lr,0.0001,0.0001,32,2,0.6810,0.7198,0.9282,0.1905,0.7610,nan,nan,nan,nan,0
early,cage,6,2,resnet,False,solarisation,lr,0.0001,0.0001,32,3,0.6414,0.6623,0.7409,0.4762,0.6324,nan,nan,nan,nan,0
early,cage,6,2,resnet,False,solarisation,lr,0.0001,0.0001,32,4,0.6019,0.7069,0.6237,0.7619,0.6801,nan,nan,nan,nan,0
early,cage,6,2,resnet,False,solarisation,lr,0.0001,0.0001,32,5,0.5088,0.7658,1.0636,0.2381,0.6765,0.8495,1.0176,0.1707,0.3905,1
early,cage,6,2,resnet,False,solarisation,lr,0.0001,0.0001,32,6,0.4146,0.8037,0.7380,0.7381,0.5257,nan,nan,nan,nan,0
early,cage,6,2,resnet,False,solarisation,lr,0.0001,0.0001,32,7,0.3457,0.8435,0.8705,0.6429,0.4375,nan,nan,nan,nan,0
early,cage,6,2,resnet,False,solarisation,lr,0.0001,0.0001,32,8,0.2407,1.1037,0.9479,0.7619,0.4044,nan,nan,nan,nan,0
early,cage,6,2,resnet,False,solarisation,lr,0.0001,0.0001,32,9,0.1919,1.2525,1.1323,0.7619,0.5074,nan,nan,nan,nan,0
early,cage,6,2,resnet,False,solarisation,lr,0.0001,0.0001,32,10,0.1421,1.2910,1.2491,0.7381,0.4375,nan,nan,nan,nan,0
early,cage,6,2,resnet,False,solarisation,lr,0.0001,0.0001,32,11,0.1251,1.0657,1.0669,0.7857,0.6176,nan,nan,nan,nan,0
early,cage,6,2,resnet,False,solarisation,lr,0.0001,0.0001,32,12,0.1013,1.4087,1.4483,0.6667,0.4779,nan,nan,nan,nan,0
early,cage,6,2,resnet,False,solarisation,lr,0.0001,0.0001,32,13,0.0976,2.1701,1.4706,0.8095,0.4632,nan,nan,nan,nan,0
early,cage,6,2,resnet,False,solarisation,lr,0.0001,0.0001,32,14,0.0658,2.4147,1.6430,0.7857,0.4412,nan,nan,nan,nan,0
early,cage,6,2,resnet,False,solarisation,lr,0.0001,0.0001,32,15,0.0448,1.5439,1.5537,0.6905,0.4191,nan,nan,nan,nan,0
early,cage,6,2,resnet,False,solarisation,lr,0.0001,0.0001,32,16,0.0562,3.3371,2.0239,0.8095,0.5000,nan,nan,nan,nan,0
early,cage,6,3,resnet,False,solarisation,lr,0.0001,0.0001,32,1,0.7239,0.7092,0.7506,0.2857,0.4816,nan,nan,nan,nan,0
early,cage,6,3,resnet,False,solarisation,lr,0.0001,0.0001,32,2,0.6758,0.7255,0.6437,0.7857,0.5102,nan,nan,nan,nan,0
early,cage,6,3,resnet,False,solarisation,lr,0.0001,0.0001,32,3,0.6243,0.7211,0.7743,0.2143,0.4898,nan,nan,nan,nan,0
early,cage,6,3,resnet,False,solarisation,lr,0.0001,0.0001,32,4,0.5415,0.6665,0.6371,0.7857,0.6816,nan,nan,nan,nan,0
early,cage,6,3,resnet,False,solarisation,lr,0.0001,0.0001,32,5,0.4320,0.8209,1.0266,0.1905,0.5592,0.9228,1.0763,0.1463,0.3286,1
early,cage,6,3,resnet,False,solarisation,lr,0.0001,0.0001,32,6,0.3195,1.0733,1.4321,0.1667,0.4327,nan,nan,nan,nan,0
early,cage,6,3,resnet,False,solarisation,lr,0.0001,0.0001,32,7,0.2318,0.7754,0.9359,0.5238,0.5306,nan,nan,nan,nan,0
early,cage,6,3,resnet,False,solarisation,lr,0.0001,0.0001,32,8,0.1655,0.8226,1.1121,0.4286,0.5347,nan,nan,nan,nan,0
early,cage,6,3,resnet,False,solarisation,lr,0.0001,0.0001,32,9,0.1419,0.9230,1.1173,0.6667,0.4776,nan,nan,nan,nan,0
early,cage,6,3,resnet,False,solarisation,lr,0.0001,0.0001,32,10,0.0944,1.0444,1.1043,0.7143,0.4449,nan,nan,nan,nan,0
early,cage,6,3,resnet,False,solarisation,lr,0.0001,0.0001,32,11,0.0614,0.8637,1.2823,0.4286,0.5020,nan,nan,nan,nan,0
early,cage,6,3,resnet,False,solarisation,lr,0.0001,0.0001,32,12,0.0786,1.0906,1.3160,0.5714,0.4694,nan,nan,nan,nan,0
early,cage,6,3,resnet,False,solarisation,lr,0.0001,0.0001,32,13,0.0756,1.0661,1.2052,0.7143,0.5143,nan,nan,nan,nan,0
early,cage,6,3,resnet,False,solarisation,lr,0.0001,0.0001,32,14,0.0444,2.4394,1.6357,0.8333,0.5388,nan,nan,nan,nan,0
early,cage,6,3,resnet,False,solarisation,lr,0.0001,0.0001,32,15,0.0545,1.9544,1.4611,0.8095,0.4776,nan,nan,nan,nan,0
early,cage,6,3,resnet,False,solarisation,lr,0.0001,0.0001,32,16,0.0426,2.6861,1.7475,0.8333,0.4490,nan,nan,nan,nan,0
early,cage,6,4,resnet,False,solarisation,lr,0.0001,0.0001,32,1,0.7170,0.7120,0.6592,0.8140,0.6464,nan,nan,nan,nan,0
early,cage,6,4,resnet,False,solarisation,lr,0.0001,0.0001,32,2,0.6790,0.9031,0.7702,0.8140,0.3857,nan,nan,nan,nan,0
early,cage,6,4,resnet,False,solarisation,lr,0.0001,0.0001,32,3,0.6358,0.7777,0.8994,0.1860,0.6750,nan,nan,nan,nan,0
early,cage,6,4,resnet,False,solarisation,lr,0.0001,0.0001,32,4,0.5465,0.7213,0.7905,0.3721,0.5107,nan,nan,nan,nan,0
early,cage,6,4,resnet,False,solarisation,lr,0.0001,0.0001,32,5,0.4547,0.7139,0.7723,0.5349,0.5393,nan,nan,nan,nan,1
early,cage,6,4,resnet,False,solarisation,lr,0.0001,0.0001,32,6,0.3617,1.7476,1.3475,0.7907,0.5214,nan,nan,nan,nan,0
early,cage,6,4,resnet,False,solarisation,lr,0.0001,0.0001,32,7,0.2234,1.1638,1.1104,0.7674,0.6571,nan,nan,nan,nan,1
early,cage,6,4,resnet,False,solarisation,lr,0.0001,0.0001,32,8,0.2175,0.6786,0.9467,0.6279,0.6714,nan,nan,nan,nan,0
early,cage,6,4,resnet,False,solarisation,lr,0.0001,0.0001,32,9,0.1496,1.3578,1.2723,0.7907,0.5857,nan,nan,nan,nan,1
early,cage,6,4,resnet,False,solarisation,lr,0.0001,0.0001,32,10,0.0933,2.3773,1.9851,0.7907,0.6250,nan,nan,nan,nan,1
early,cage,6,4,resnet,False,solarisation,lr,0.0001,0.0001,32,11,0.0980,1.4768,1.4428,0.7674,0.5893,nan,nan,nan,nan,1
early,cage,6,4,resnet,False,solarisation,lr,0.0001,0.0001,32,12,0.0867,1.9347,1.7430,0.7907,0.6786,nan,nan,nan,nan,0
early,cage,6,4,resnet,False,solarisation,lr,0.0001,0.0001,32,13,0.0466,2.6414,2.1615,0.8140,0.7036,nan,nan,nan,nan,1
early,cage,6,4,resnet,False,solarisation,lr,0.0001,0.0001,32,14,0.0363,2.5210,1.9465,0.8140,0.6000,nan,nan,nan,nan,0
early,cage,6,4,resnet,False,solarisation,lr,0.0001,0.0001,32,15,0.0497,2.6200,2.1340,0.7674,0.7214,nan,nan,nan,nan,1
early,cage,6,4,resnet,False,solarisation,lr,0.0001,0.0001,32,16,0.0780,1.8797,1.7526,0.7674,0.6107,nan,nan,nan,nan,0
early,cage,6,4,resnet,False,solarisation,lr,0.0001,0.0001,32,17,0.0672,2.5478,1.9826,0.8140,0.6500,nan,nan,nan,nan,0
early,cage,6,4,resnet,False,solarisation,lr,0.0001,0.0001,32,18,0.0389,2.3786,2.0706,0.7907,0.7429,nan,nan,nan,nan,1
early,cage,6,4,resnet,False,solarisation,lr,0.0001,0.0001,32,19,0.0406,2.4492,2.0410,0.7907,0.8071,nan,nan,nan,nan,1
early,cage,6,4,resnet,False,solarisation,lr,0.0001,0.0001,32,20,0.0196,2.9952,2.3974,0.7907,0.6607,nan,nan,nan,nan,0
early,cage,6,4,resnet,False,solarisation,lr,0.0001,0.0001,32,21,0.0553,2.1069,1.8741,0.7907,0.6857,nan,nan,nan,nan,0
early,cage,6,4,resnet,False,solarisation,lr,0.0001,0.0001,32,22,0.0610,1.6546,1.7291,0.7907,0.6857,2.1167,1.7550,0.8293,0.4952,1
early,cage,6,4,resnet,False,solarisation,lr,0.0001,0.0001,32,23,0.0309,1.2116,1.6748,0.8140,0.7321,nan,nan,nan,nan,0
early,cage,6,4,resnet,False,solarisation,lr,0.0001,0.0001,32,24,0.0102,1.5784,1.8240,0.8372,0.7357,nan,nan,nan,nan,0
early,cage,6,4,resnet,False,solarisation,lr,0.0001,0.0001,32,25,0.0074,2.9062,2.6151,0.8140,0.6714,nan,nan,nan,nan,0
early,cage,6,4,resnet,False,solarisation,lr,0.0001,0.0001,32,26,0.0034,2.9768,2.5484,0.8140,0.6286,nan,nan,nan,nan,0
early,cage,6,4,resnet,False,solarisation,lr,0.0001,0.0001,32,27,0.0011,3.2827,2.7851,0.8140,0.6107,nan,nan,nan,nan,0
early,cage,6,5,resnet,False,solarisation,lr,0.0001,0.0001,32,1,0.7209,0.7192,0.6942,0.6500,0.3978,nan,nan,nan,nan,0
early,cage,6,5,resnet,False,solarisation,lr,0.0001,0.0001,32,2,0.6589,0.6980,0.8725,0.2250,0.5556,nan,nan,nan,nan,0
early,cage,6,5,resnet,False,solarisation,lr,0.0001,0.0001,32,3,0.6234,1.0053,0.7446,0.7750,0.4767,nan,nan,nan,nan,0
early,cage,6,5,resnet,False,solarisation,lr,0.0001,0.0001,32,4,0.5619,1.0671,0.8071,0.7250,0.5197,nan,nan,nan,nan,0
early,cage,6,5,resnet,False,solarisation,lr,0.0001,0.0001,32,5,0.4682,2.2528,1.4267,0.7750,0.3405,nan,nan,nan,nan,1
early,cage,6,5,resnet,False,solarisation,lr,0.0001,0.0001,32,6,0.3710,2.2224,1.4470,0.7750,0.4050,nan,nan,nan,nan,0
early,cage,6,5,resnet,False,solarisation,lr,0.0001,0.0001,32,7,0.2689,2.3031,1.5107,0.7750,0.4409,nan,nan,nan,nan,0
early,cage,6,5,resnet,False,solarisation,lr,0.0001,0.0001,32,8,0.2163,2.7880,1.8542,0.7750,0.2509,nan,nan,nan,nan,0
early,cage,6,5,resnet,False,solarisation,lr,0.0001,0.0001,32,9,0.1551,1.0335,1.0857,0.6250,0.4695,nan,nan,nan,nan,0
early,cage,6,5,resnet,False,solarisation,lr,0.0001,0.0001,32,10,0.1368,2.4749,1.6763,0.7750,0.3584,nan,nan,nan,nan,0
early,cage,6,5,resnet,False,solarisation,lr,0.0001,0.0001,32,11,0.0968,2.9884,1.9559,0.7750,0.4409,nan,nan,nan,nan,0
early,cage,6,5,resnet,False,solarisation,lr,0.0001,0.0001,32,12,0.0535,4.3409,2.8223,0.7750,0.4659,nan,nan,nan,nan,0
early,cage,6,5,resnet,False,solarisation,lr,0.0001,0.0001,32,13,0.0709,2.5227,1.9511,0.7750,0.4122,nan,nan,nan,nan,0
early,cage,6,5,resnet,False,solarisation,lr,0.0001,0.0001,32,14,0.0543,4.1205,2.6297,0.7750,0.5520,nan,nan,nan,nan,0
early,cage,6,5,resnet,False,solarisation,lr,0.0001,0.0001,32,15,0.0575,4.2000,2.6982,0.7750,0.5054,nan,nan,nan,nan,1
early,cage,6,5,resnet,False,solarisation,lr,0.0001,0.0001,32,16,0.0667,3.0301,2.0847,0.7750,0.5484,2.7342,1.9820,0.8537,0.3286,1
early,cage,6,5,resnet,False,solarisation,lr,0.0001,0.0001,32,17,0.0550,3.5567,2.3890,0.7750,0.4194,nan,nan,nan,nan,0
early,cage,6,5,resnet,False,solarisation,lr,0.0001,0.0001,32,18,0.0293,2.6143,2.1208,0.7500,0.4516,nan,nan,nan,nan,0
early,cage,6,5,resnet,False,solarisation,lr,0.0001,0.0001,32,19,0.0271,2.7711,2.0921,0.7250,0.4516,nan,nan,nan,nan,0
early,cage,6,5,resnet,False,solarisation,lr,0.0001,0.0001,32,20,0.0629,3.6411,2.3543,0.7750,0.5233,nan,nan,nan,nan,0
early,cage,6,5,resnet,False,solarisation,lr,0.0001,0.0001,32,21,0.0495,3.0867,2.1350,0.7750,0.5125,nan,nan,nan,nan,0
