fusion,dataset,test_set,dev_set,arch,use_pretrained,augmentation,speech_encoder_arch,lr,wd,batch_size,epoch,train_loss,dev_loss_patient,dev_loss_cough,dev_acc,dev_auc,test_loss_patient,test_loss_cough,test_acc,test_auc,is_best
late,cage,0,1,resnet,False,solarisation,lr,0.0001,0.0001,32,1,0.7026,0.7285,0.6163,0.8372,0.4921,nan,nan,nan,nan,0
late,cage,0,1,resnet,False,solarisation,lr,0.0001,0.0001,32,2,0.6758,0.7179,0.8243,0.1628,0.6548,nan,nan,nan,nan,0
late,cage,0,1,resnet,False,solarisation,lr,0.0001,0.0001,32,3,0.6358,0.7156,0.7807,0.1628,0.4167,nan,nan,nan,nan,0
late,cage,0,1,resnet,False,solarisation,lr,0.0001,0.0001,32,4,0.5786,0.7092,0.6649,0.7674,0.4762,nan,nan,nan,nan,0
late,cage,0,1,resnet,False,solarisation,lr,0.0001,0.0001,32,5,0.4810,0.7126,0.6929,0.7907,0.5198,0.8753,0.8285,0.7907,0.5079,1
late,cage,0,1,resnet,False,solarisation,lr,0.0001,0.0001,32,6,0.3504,0.7664,0.6978,0.8372,0.4603,nan,nan,nan,nan,0
late,cage,0,1,resnet,False,solarisation,lr,0.0001,0.0001,32,7,0.2454,1.4337,0.9251,0.8372,0.3611,nan,nan,nan,nan,0
late,cage,0,1,resnet,False,solarisation,lr,0.0001,0.0001,32,8,0.1915,1.3503,0.9437,0.8372,0.3492,nan,nan,nan,nan,0
late,cage,0,1,resnet,False,solarisation,lr,0.0001,0.0001,32,9,0.1461,2.1713,1.2424,0.8372,0.3690,nan,nan,nan,nan,0
late,cage,0,1,resnet,False,solarisation,lr,0.0001,0.0001,32,10,0.0993,1.8153,1.1368,0.8372,0.3413,nan,nan,nan,nan,0
late,cage,0,1,resnet,False,solarisation,lr,0.0001,0.0001,32,11,0.0727,1.2027,0.9578,0.8372,0.5278,nan,nan,nan,nan,0
late,cage,0,1,resnet,False,solarisation,lr,0.0001,0.0001,32,12,0.0991,1.7258,1.1531,0.8372,0.4286,nan,nan,nan,nan,0
late,cage,0,1,resnet,False,solarisation,lr,0.0001,0.0001,32,13,0.0606,2.2643,1.3652,0.8372,0.4484,nan,nan,nan,nan,0
late,cage,0,1,resnet,False,solarisation,lr,0.0001,0.0001,32,14,0.0425,2.2470,1.3687,0.8372,0.2262,nan,nan,nan,nan,0
late,cage,0,1,resnet,False,solarisation,lr,0.0001,0.0001,32,15,0.0545,2.4594,1.4433,0.8372,0.3968,nan,nan,nan,nan,0
late,cage,0,1,resnet,False,solarisation,lr,0.0001,0.0001,32,16,0.0385,3.0148,1.6977,0.8372,0.3294,nan,nan,nan,nan,0
late,cage,0,2,resnet,False,solarisation,lr,0.0001,0.0001,32,1,0.6966,0.6983,0.6399,0.8095,0.7206,nan,nan,nan,nan,0
late,cage,0,2,resnet,False,solarisation,lr,0.0001,0.0001,32,2,0.6793,0.6843,0.7191,0.3571,0.6250,nan,nan,nan,nan,0
late,cage,0,2,resnet,False,solarisation,lr,0.0001,0.0001,32,3,0.6523,0.6937,0.7586,0.4048,0.5184,nan,nan,nan,nan,0
late,cage,0,2,resnet,False,solarisation,lr,0.0001,0.0001,32,4,0.5918,0.7083,0.8506,0.2381,0.5551,nan,nan,nan,nan,0
late,cage,0,2,resnet,False,solarisation,lr,0.0001,0.0001,32,5,0.5132,0.7928,1.1363,0.2381,0.5772,0.9904,1.2073,0.1628,0.4802,1
late,cage,0,2,resnet,False,solarisation,lr,0.0001,0.0001,32,6,0.3913,0.9164,0.8500,0.6905,0.4265,nan,nan,nan,nan,0
late,cage,0,2,resnet,False,solarisation,lr,0.0001,0.0001,32,7,0.2784,1.3543,0.9680,0.7857,0.4007,nan,nan,nan,nan,0
late,cage,0,2,resnet,False,solarisation,lr,0.0001,0.0001,32,8,0.2254,1.4588,1.0331,0.8095,0.5441,nan,nan,nan,nan,0
late,cage,0,2,resnet,False,solarisation,lr,0.0001,0.0001,32,9,0.1589,1.7168,1.2262,0.8095,0.5919,nan,nan,nan,nan,0
late,cage,0,2,resnet,False,solarisation,lr,0.0001,0.0001,32,10,0.1093,1.8811,1.2375,0.8095,0.4743,nan,nan,nan,nan,0
late,cage,0,2,resnet,False,solarisation,lr,0.0001,0.0001,32,11,0.0921,1.7200,1.2931,0.8095,0.3824,nan,nan,nan,nan,0
late,cage,0,2,resnet,False,solarisation,lr,0.0001,0.0001,32,12,0.0689,1.3407,1.3124,0.7381,0.5478,nan,nan,nan,nan,0
late,cage,0,2,resnet,False,solarisation,lr,0.0001,0.0001,32,13,0.0791,1.0842,1.1810,0.8095,0.5441,nan,nan,nan,nan,0
late,cage,0,2,resnet,False,solarisation,lr,0.0001,0.0001,32,14,0.0639,3.1575,1.8395,0.8095,0.5147,nan,nan,nan,nan,0
late,cage,0,2,resnet,False,solarisation,lr,0.0001,0.0001,32,15,0.0341,2.7685,1.7687,0.8095,0.5147,nan,nan,nan,nan,0
late,cage,0,2,resnet,False,solarisation,lr,0.0001,0.0001,32,16,0.0206,3.1312,1.8954,0.8095,0.4706,nan,nan,nan,nan,0
late,cage,0,3,resnet,False,solarisation,lr,0.0001,0.0001,32,1,0.6964,0.6915,0.6726,0.7381,0.5388,nan,nan,nan,nan,0
late,cage,0,3,resnet,False,solarisation,lr,0.0001,0.0001,32,2,0.6765,0.6930,0.7010,0.3810,0.5102,nan,nan,nan,nan,0
late,cage,0,3,resnet,False,solarisation,lr,0.0001,0.0001,32,3,0.6430,0.7083,0.6499,0.7619,0.5061,nan,nan,nan,nan,0
late,cage,0,3,resnet,False,solarisation,lr,0.0001,0.0001,32,4,0.5751,0.7408,0.7147,0.6667,0.5388,nan,nan,nan,nan,0
late,cage,0,3,resnet,False,solarisation,lr,0.0001,0.0001,32,5,0.4791,0.7287,0.8717,0.4048,0.5796,nan,nan,nan,nan,1
late,cage,0,3,resnet,False,solarisation,lr,0.0001,0.0001,32,6,0.3747,0.9003,0.7814,0.7381,0.4571,nan,nan,nan,nan,0
late,cage,0,3,resnet,False,solarisation,lr,0.0001,0.0001,32,7,0.2745,1.0297,0.8563,0.7619,0.4490,nan,nan,nan,nan,0
late,cage,0,3,resnet,False,solarisation,lr,0.0001,0.0001,32,8,0.1913,1.2469,1.0143,0.8095,0.5510,nan,nan,nan,nan,0
late,cage,0,3,resnet,False,solarisation,lr,0.0001,0.0001,32,9,0.1350,1.4641,1.1429,0.7619,0.5469,nan,nan,nan,nan,0
late,cage,0,3,resnet,False,solarisation,lr,0.0001,0.0001,32,10,0.1023,2.7414,1.7355,0.8333,0.5388,nan,nan,nan,nan,0
late,cage,0,3,resnet,False,solarisation,lr,0.0001,0.0001,32,11,0.1029,2.3617,1.5721,0.8333,0.5551,nan,nan,nan,nan,0
late,cage,0,3,resnet,False,solarisation,lr,0.0001,0.0001,32,12,0.0743,2.0313,1.4472,0.8333,0.6000,2.4185,1.7561,0.8372,0.4643,1
late,cage,0,3,resnet,False,solarisation,lr,0.0001,0.0001,32,13,0.0482,2.7695,1.7954,0.8333,0.5510,nan,nan,nan,nan,0
late,cage,0,3,resnet,False,solarisation,lr,0.0001,0.0001,32,14,0.0316,2.7813,1.9011,0.8333,0.4980,nan,nan,nan,nan,0
late,cage,0,3,resnet,False,solarisation,lr,0.0001,0.0001,32,15,0.0700,1.2031,1.1563,0.7381,0.4857,nan,nan,nan,nan,0
late,cage,0,3,resnet,False,solarisation,lr,0.0001,0.0001,32,16,0.0851,2.4957,1.6096,0.8333,0.5837,nan,nan,nan,nan,0
late,cage,0,3,resnet,False,solarisation,lr,0.0001,0.0001,32,17,0.0404,1.5277,1.5517,0.8095,0.5796,nan,nan,nan,nan,0
late,cage,0,4,resnet,False,solarisation,lr,0.0001,0.0001,32,1,0.7026,0.6697,0.6836,0.3256,0.8107,nan,nan,nan,nan,0
late,cage,0,4,resnet,False,solarisation,lr,0.0001,0.0001,32,2,0.6851,0.7251,0.6732,0.8140,0.5643,nan,nan,nan,nan,0
late,cage,0,4,resnet,False,solarisation,lr,0.0001,0.0001,32,3,0.6596,0.6556,0.6762,0.3721,0.7607,nan,nan,nan,nan,0
late,cage,0,4,resnet,False,solarisation,lr,0.0001,0.0001,32,4,0.6053,0.6663,0.6456,0.7907,0.8143,nan,nan,nan,nan,0
late,cage,0,4,resnet,False,solarisation,lr,0.0001,0.0001,32,5,0.5048,0.6883,0.7500,0.6279,0.5893,0.7661,0.8211,0.6047,0.4048,1
late,cage,0,4,resnet,False,solarisation,lr,0.0001,0.0001,32,6,0.4143,1.2344,0.9955,0.8140,0.5714,nan,nan,nan,nan,0
late,cage,0,4,resnet,False,solarisation,lr,0.0001,0.0001,32,7,0.2885,0.7460,0.8447,0.6977,0.5643,nan,nan,nan,nan,0
late,cage,0,4,resnet,False,solarisation,lr,0.0001,0.0001,32,8,0.2534,1.8868,1.4528,0.8140,0.4571,nan,nan,nan,nan,0
late,cage,0,4,resnet,False,solarisation,lr,0.0001,0.0001,32,9,0.1712,0.9328,1.0842,0.6047,0.4357,nan,nan,nan,nan,0
late,cage,0,4,resnet,False,solarisation,lr,0.0001,0.0001,32,10,0.1490,1.7881,1.5019,0.8140,0.4821,nan,nan,nan,nan,0
late,cage,0,4,resnet,False,solarisation,lr,0.0001,0.0001,32,11,0.1138,1.7711,1.5316,0.7907,0.4964,nan,nan,nan,nan,0
late,cage,0,4,resnet,False,solarisation,lr,0.0001,0.0001,32,12,0.1185,2.0261,1.5634,0.7907,0.4821,nan,nan,nan,nan,0
late,cage,0,4,resnet,False,solarisation,lr,0.0001,0.0001,32,13,0.0677,2.4461,1.8735,0.8140,0.4750,nan,nan,nan,nan,0
late,cage,0,4,resnet,False,solarisation,lr,0.0001,0.0001,32,14,0.0597,2.7972,2.1251,0.8140,0.3857,nan,nan,nan,nan,0
late,cage,0,4,resnet,False,solarisation,lr,0.0001,0.0001,32,15,0.0570,2.3076,1.8855,0.8140,0.4750,nan,nan,nan,nan,0
late,cage,0,4,resnet,False,solarisation,lr,0.0001,0.0001,32,16,0.0235,2.7075,2.0934,0.7907,0.4464,nan,nan,nan,nan,0
late,cage,0,5,resnet,False,solarisation,lr,0.0001,0.0001,32,1,0.6917,0.6918,0.6847,0.5250,0.5484,nan,nan,nan,nan,0
late,cage,0,5,resnet,False,solarisation,lr,0.0001,0.0001,32,2,0.6721,0.7138,0.6928,0.5500,0.4301,nan,nan,nan,nan,0
late,cage,0,5,resnet,False,solarisation,lr,0.0001,0.0001,32,3,0.6376,0.7251,0.7227,0.5000,0.3728,nan,nan,nan,nan,0
late,cage,0,5,resnet,False,solarisation,lr,0.0001,0.0001,32,4,0.5756,0.7241,0.8310,0.2500,0.4301,nan,nan,nan,nan,0
late,cage,0,5,resnet,False,solarisation,lr,0.0001,0.0001,32,5,0.4921,0.7667,0.8019,0.5000,0.4946,0.7657,0.8067,0.5581,0.5278,1
late,cage,0,5,resnet,False,solarisation,lr,0.0001,0.0001,32,6,0.3810,1.1766,0.9321,0.7000,0.3871,nan,nan,nan,nan,0
late,cage,0,5,resnet,False,solarisation,lr,0.0001,0.0001,32,7,0.3029,1.5567,1.0749,0.7500,0.4194,nan,nan,nan,nan,0
late,cage,0,5,resnet,False,solarisation,lr,0.0001,0.0001,32,8,0.2113,1.6873,1.1821,0.7750,0.3656,nan,nan,nan,nan,0
late,cage,0,5,resnet,False,solarisation,lr,0.0001,0.0001,32,9,0.1576,1.4511,1.0934,0.7250,0.4695,nan,nan,nan,nan,0
late,cage,0,5,resnet,False,solarisation,lr,0.0001,0.0001,32,10,0.1136,1.7987,1.2885,0.7250,0.4050,nan,nan,nan,nan,0
late,cage,0,5,resnet,False,solarisation,lr,0.0001,0.0001,32,11,0.0886,1.7662,1.2773,0.7250,0.4552,nan,nan,nan,nan,0
late,cage,0,5,resnet,False,solarisation,lr,0.0001,0.0001,32,12,0.0716,2.6522,1.6805,0.7750,0.3943,nan,nan,nan,nan,0
late,cage,0,5,resnet,False,solarisation,lr,0.0001,0.0001,32,13,0.0711,1.7380,1.4850,0.7000,0.4158,nan,nan,nan,nan,0
late,cage,0,5,resnet,False,solarisation,lr,0.0001,0.0001,32,14,0.0652,1.8485,1.3921,0.7250,0.5161,nan,nan,nan,nan,0
late,cage,0,5,resnet,False,solarisation,lr,0.0001,0.0001,32,15,0.0722,2.9469,1.9105,0.7500,0.4659,nan,nan,nan,nan,0
late,cage,0,5,resnet,False,solarisation,lr,0.0001,0.0001,32,16,0.0585,2.7101,1.8027,0.7500,0.4194,nan,nan,nan,nan,0
late,cage,0,6,resnet,False,solarisation,lr,0.0001,0.0001,32,1,0.7025,0.6928,0.6831,0.5854,0.4714,nan,nan,nan,nan,0
late,cage,0,6,resnet,False,solarisation,lr,0.0001,0.0001,32,2,0.6786,0.6875,0.6807,0.5854,0.6095,nan,nan,nan,nan,0
late,cage,0,6,resnet,False,solarisation,lr,0.0001,0.0001,32,3,0.6412,0.7139,0.6235,0.8293,0.5381,nan,nan,nan,nan,0
late,cage,0,6,resnet,False,solarisation,lr,0.0001,0.0001,32,4,0.5735,0.7072,0.7671,0.2683,0.6143,nan,nan,nan,nan,0
late,cage,0,6,resnet,False,solarisation,lr,0.0001,0.0001,32,5,0.4822,0.9423,0.7797,0.8537,0.3619,nan,nan,nan,nan,1
late,cage,0,6,resnet,False,solarisation,lr,0.0001,0.0001,32,6,0.3921,0.7365,0.8513,0.4634,0.4619,nan,nan,nan,nan,0
late,cage,0,6,resnet,False,solarisation,lr,0.0001,0.0001,32,7,0.2675,0.9423,0.9861,0.7561,0.3619,nan,nan,nan,nan,0
late,cage,0,6,resnet,False,solarisation,lr,0.0001,0.0001,32,8,0.2006,0.9345,1.0998,0.7561,0.4048,nan,nan,nan,nan,0
late,cage,0,6,resnet,False,solarisation,lr,0.0001,0.0001,32,9,0.1457,1.2960,1.2086,0.8293,0.3619,nan,nan,nan,nan,0
late,cage,0,6,resnet,False,solarisation,lr,0.0001,0.0001,32,10,0.1261,1.5386,1.1980,0.8537,0.5905,nan,nan,nan,nan,0
late,cage,0,6,resnet,False,solarisation,lr,0.0001,0.0001,32,11,0.0938,0.6414,0.9832,0.7073,0.6952,nan,nan,nan,nan,0
late,cage,0,6,resnet,False,solarisation,lr,0.0001,0.0001,32,12,0.0711,1.0794,1.1688,0.8293,0.6524,nan,nan,nan,nan,1
late,cage,0,6,resnet,False,solarisation,lr,0.0001,0.0001,32,13,0.0694,1.1161,1.2208,0.8537,0.5905,nan,nan,nan,nan,1
late,cage,0,6,resnet,False,solarisation,lr,0.0001,0.0001,32,14,0.0696,0.7864,1.0315,0.7805,0.6286,nan,nan,nan,nan,1
late,cage,0,6,resnet,False,solarisation,lr,0.0001,0.0001,32,15,0.0439,0.9285,1.1611,0.8780,0.6667,1.3208,1.3992,0.7907,0.5079,1
late,cage,0,6,resnet,False,solarisation,lr,0.0001,0.0001,32,16,0.0488,1.3552,1.4113,0.8537,0.5952,nan,nan,nan,nan,0
late,cage,0,6,resnet,False,solarisation,lr,0.0001,0.0001,32,17,0.0511,0.7276,1.2210,0.8293,0.7476,nan,nan,nan,nan,0
late,cage,0,6,resnet,False,solarisation,lr,0.0001,0.0001,32,18,0.0419,1.3814,1.2166,0.8537,0.5810,nan,nan,nan,nan,0
late,cage,0,6,resnet,False,solarisation,lr,0.0001,0.0001,32,19,0.0328,0.7983,1.3219,0.7317,0.6571,nan,nan,nan,nan,0
late,cage,0,6,resnet,False,solarisation,lr,0.0001,0.0001,32,20,0.0422,1.4013,1.5409,0.8293,0.4571,nan,nan,nan,nan,0
late,cage,0,7,resnet,False,solarisation,lr,0.0001,0.0001,32,1,0.6959,0.7250,0.7992,0.1818,0.4236,nan,nan,nan,nan,0
late,cage,0,7,resnet,False,solarisation,lr,0.0001,0.0001,32,2,0.6699,0.7968,0.9705,0.1818,0.4167,nan,nan,nan,nan,0
late,cage,0,7,resnet,False,solarisation,lr,0.0001,0.0001,32,3,0.6286,0.7350,0.7841,0.2273,0.3438,nan,nan,nan,nan,0
late,cage,0,7,resnet,False,solarisation,lr,0.0001,0.0001,32,4,0.5433,0.8028,0.6522,0.8409,0.5312,nan,nan,nan,nan,0
late,cage,0,7,resnet,False,solarisation,lr,0.0001,0.0001,32,5,0.4569,0.7206,0.8318,0.4318,0.5347,nan,nan,nan,nan,1
late,cage,0,7,resnet,False,solarisation,lr,0.0001,0.0001,32,6,0.3399,0.9393,1.1970,0.2273,0.4549,nan,nan,nan,nan,1
late,cage,0,7,resnet,False,solarisation,lr,0.0001,0.0001,32,7,0.2416,1.2556,0.8481,0.8182,0.6007,nan,nan,nan,nan,1
late,cage,0,7,resnet,False,solarisation,lr,0.0001,0.0001,32,8,0.1863,1.1682,0.8770,0.8182,0.6354,nan,nan,nan,nan,1
late,cage,0,7,resnet,False,solarisation,lr,0.0001,0.0001,32,9,0.1262,0.9310,1.4421,0.2727,0.6076,nan,nan,nan,nan,1
late,cage,0,7,resnet,False,solarisation,lr,0.0001,0.0001,32,10,0.1079,0.7759,0.9445,0.7273,0.6389,nan,nan,nan,nan,1
late,cage,0,7,resnet,False,solarisation,lr,0.0001,0.0001,32,11,0.0910,2.0921,1.2200,0.8182,0.6146,2.1287,1.4818,0.8372,0.4643,1
late,cage,0,7,resnet,False,solarisation,lr,0.0001,0.0001,32,12,0.0682,1.4159,1.0884,0.7955,0.6146,nan,nan,nan,nan,0
late,cage,0,7,resnet,False,solarisation,lr,0.0001,0.0001,32,13,0.0882,1.2950,1.0606,0.7727,0.5799,nan,nan,nan,nan,0
late,cage,0,7,resnet,False,solarisation,lr,0.0001,0.0001,32,14,0.0617,0.9543,1.0932,0.7727,0.5972,nan,nan,nan,nan,0
late,cage,0,7,resnet,False,solarisation,lr,0.0001,0.0001,32,15,0.0682,1.4612,1.2781,0.7045,0.4444,nan,nan,nan,nan,0
late,cage,0,7,resnet,False,solarisation,lr,0.0001,0.0001,32,16,0.0514,1.0734,1.3363,0.6136,0.4896,nan,nan,nan,nan,0
late,cage,0,8,resnet,False,solarisation,lr,0.0001,0.0001,32,1,0.6897,0.6995,0.6339,0.8298,0.5256,nan,nan,nan,nan,0
late,cage,0,8,resnet,False,solarisation,lr,0.0001,0.0001,32,2,0.6788,0.7042,0.7200,0.3617,0.4391,nan,nan,nan,nan,0
late,cage,0,8,resnet,False,solarisation,lr,0.0001,0.0001,32,3,0.6560,0.7693,0.5921,0.8298,0.5096,nan,nan,nan,nan,0
late,cage,0,8,resnet,False,solarisation,lr,0.0001,0.0001,32,4,0.6080,0.8042,0.5808,0.8298,0.6635,nan,nan,nan,nan,0
late,cage,0,8,resnet,False,solarisation,lr,0.0001,0.0001,32,5,0.5245,0.8718,0.6148,0.8085,0.5128,0.8359,0.6651,0.8372,0.6746,1
late,cage,0,8,resnet,False,solarisation,lr,0.0001,0.0001,32,6,0.4337,1.3055,0.7592,0.8298,0.3558,nan,nan,nan,nan,0
late,cage,0,8,resnet,False,solarisation,lr,0.0001,0.0001,32,7,0.3327,1.3891,0.8700,0.8298,0.4167,nan,nan,nan,nan,0
late,cage,0,8,resnet,False,solarisation,lr,0.0001,0.0001,32,8,0.2416,1.3952,1.0557,0.7660,0.3301,nan,nan,nan,nan,0
late,cage,0,8,resnet,False,solarisation,lr,0.0001,0.0001,32,9,0.1943,1.9997,1.1542,0.8298,0.4359,nan,nan,nan,nan,0
late,cage,0,8,resnet,False,solarisation,lr,0.0001,0.0001,32,10,0.1573,1.7312,1.1950,0.7872,0.4487,nan,nan,nan,nan,0
late,cage,0,8,resnet,False,solarisation,lr,0.0001,0.0001,32,11,0.0977,2.3183,1.4034,0.8298,0.3494,nan,nan,nan,nan,0
late,cage,0,8,resnet,False,solarisation,lr,0.0001,0.0001,32,12,0.1262,2.7444,1.5976,0.8298,0.3750,nan,nan,nan,nan,0
late,cage,0,8,resnet,False,solarisation,lr,0.0001,0.0001,32,13,0.0748,2.6313,1.4707,0.8298,0.4295,nan,nan,nan,nan,0
late,cage,0,8,resnet,False,solarisation,lr,0.0001,0.0001,32,14,0.0697,2.9508,1.6948,0.8298,0.3558,nan,nan,nan,nan,0
late,cage,0,8,resnet,False,solarisation,lr,0.0001,0.0001,32,15,0.0690,3.2878,1.7505,0.8298,0.3429,nan,nan,nan,nan,0
late,cage,0,8,resnet,False,solarisation,lr,0.0001,0.0001,32,16,0.0519,2.9644,1.7095,0.8298,0.4006,nan,nan,nan,nan,0
late,cage,0,9,resnet,False,solarisation,lr,0.0001,0.0001,32,1,0.6971,0.6877,0.7644,0.2143,0.4377,nan,nan,nan,nan,0
late,cage,0,9,resnet,False,solarisation,lr,0.0001,0.0001,32,2,0.6785,0.6853,0.8312,0.2143,0.5657,nan,nan,nan,nan,0
late,cage,0,9,resnet,False,solarisation,lr,0.0001,0.0001,32,3,0.6447,0.6703,0.7205,0.4048,0.6229,nan,nan,nan,nan,0
late,cage,0,9,resnet,False,solarisation,lr,0.0001,0.0001,32,4,0.5689,0.6482,0.7876,0.2619,0.6599,nan,nan,nan,nan,0
late,cage,0,9,resnet,False,solarisation,lr,0.0001,0.0001,32,5,0.4615,0.7061,0.6739,0.7143,0.6869,nan,nan,nan,nan,1
late,cage,0,9,resnet,False,solarisation,lr,0.0001,0.0001,32,6,0.3332,2.2104,1.2082,0.7857,0.6431,nan,nan,nan,nan,1
late,cage,0,9,resnet,False,solarisation,lr,0.0001,0.0001,32,7,0.2341,2.0481,1.1704,0.7857,0.6061,nan,nan,nan,nan,1
late,cage,0,9,resnet,False,solarisation,lr,0.0001,0.0001,32,8,0.1700,2.1913,1.2630,0.7857,0.6431,nan,nan,nan,nan,0
late,cage,0,9,resnet,False,solarisation,lr,0.0001,0.0001,32,9,0.1279,2.1763,1.2712,0.7857,0.7306,nan,nan,nan,nan,1
late,cage,0,9,resnet,False,solarisation,lr,0.0001,0.0001,32,10,0.0954,2.5315,1.4562,0.7857,0.7273,nan,nan,nan,nan,1
late,cage,0,9,resnet,False,solarisation,lr,0.0001,0.0001,32,11,0.0743,3.3029,1.8471,0.7857,0.7172,nan,nan,nan,nan,1
late,cage,0,9,resnet,False,solarisation,lr,0.0001,0.0001,32,12,0.0736,3.2122,1.7860,0.7857,0.6970,nan,nan,nan,nan,1
late,cage,0,9,resnet,False,solarisation,lr,0.0001,0.0001,32,13,0.0620,2.9949,1.7012,0.7857,0.7576,2.8956,1.9119,0.8372,0.4484,1
late,cage,0,9,resnet,False,solarisation,lr,0.0001,0.0001,32,14,0.0589,3.6081,2.0277,0.7857,0.6869,nan,nan,nan,nan,0
late,cage,0,9,resnet,False,solarisation,lr,0.0001,0.0001,32,15,0.0444,2.6358,1.6931,0.7857,0.7407,nan,nan,nan,nan,0
late,cage,0,9,resnet,False,solarisation,lr,0.0001,0.0001,32,16,0.0602,3.2345,1.8532,0.7857,0.7475,nan,nan,nan,nan,0
late,cage,0,9,resnet,False,solarisation,lr,0.0001,0.0001,32,17,0.0264,3.4809,1.9470,0.7857,0.7104,nan,nan,nan,nan,0
late,cage,0,9,resnet,False,solarisation,lr,0.0001,0.0001,32,18,0.0168,3.4471,1.9680,0.7857,0.7508,nan,nan,nan,nan,0
late,cage,1,0,resnet,False,solarisation,lr,0.0001,0.0001,32,1,0.6980,0.7134,0.7644,0.1628,0.4921,nan,nan,nan,nan,0
late,cage,1,0,resnet,False,solarisation,lr,0.0001,0.0001,32,2,0.6722,0.7680,0.6347,0.8372,0.5317,nan,nan,nan,nan,0
late,cage,1,0,resnet,False,solarisation,lr,0.0001,0.0001,32,3,0.6306,0.7800,0.6446,0.8372,0.3532,nan,nan,nan,nan,0
late,cage,1,0,resnet,False,solarisation,lr,0.0001,0.0001,32,4,0.5458,0.7970,0.9259,0.1628,0.3651,nan,nan,nan,nan,0
late,cage,1,0,resnet,False,solarisation,lr,0.0001,0.0001,32,5,0.4361,0.8618,0.7929,0.7674,0.4722,nan,nan,nan,nan,1
late,cage,1,0,resnet,False,solarisation,lr,0.0001,0.0001,32,6,0.3257,0.8837,1.0707,0.3953,0.4325,nan,nan,nan,nan,0
late,cage,1,0,resnet,False,solarisation,lr,0.0001,0.0001,32,7,0.2344,0.9387,1.4393,0.2093,0.4167,nan,nan,nan,nan,0
late,cage,1,0,resnet,False,solarisation,lr,0.0001,0.0001,32,8,0.1532,2.1573,1.3826,0.8372,0.4603,nan,nan,nan,nan,0
late,cage,1,0,resnet,False,solarisation,lr,0.0001,0.0001,32,9,0.1388,1.4728,1.0946,0.8372,0.4444,nan,nan,nan,nan,0
late,cage,1,0,resnet,False,solarisation,lr,0.0001,0.0001,32,10,0.0914,1.0629,1.2726,0.6512,0.4722,nan,nan,nan,nan,0
late,cage,1,0,resnet,False,solarisation,lr,0.0001,0.0001,32,11,0.0764,1.6412,1.2909,0.8372,0.5833,nan,nan,nan,nan,1
late,cage,1,0,resnet,False,solarisation,lr,0.0001,0.0001,32,12,0.0631,1.0209,1.1690,0.6977,0.3968,nan,nan,nan,nan,0
late,cage,1,0,resnet,False,solarisation,lr,0.0001,0.0001,32,13,0.0665,1.1502,1.1260,0.8140,0.4921,nan,nan,nan,nan,0
late,cage,1,0,resnet,False,solarisation,lr,0.0001,0.0001,32,14,0.0635,2.0739,1.4210,0.8372,0.5119,nan,nan,nan,nan,1
late,cage,1,0,resnet,False,solarisation,lr,0.0001,0.0001,32,15,0.0532,2.8570,1.8169,0.8372,0.4960,nan,nan,nan,nan,0
late,cage,1,0,resnet,False,solarisation,lr,0.0001,0.0001,32,16,0.0492,2.5458,1.7128,0.8372,0.4802,nan,nan,nan,nan,0
late,cage,1,0,resnet,False,solarisation,lr,0.0001,0.0001,32,17,0.0339,0.9983,1.2072,0.7442,0.5714,nan,nan,nan,nan,1
late,cage,1,0,resnet,False,solarisation,lr,0.0001,0.0001,32,18,0.0541,1.4081,1.3879,0.8140,0.4802,nan,nan,nan,nan,0
late,cage,1,0,resnet,False,solarisation,lr,0.0001,0.0001,32,19,0.0448,2.1489,1.5482,0.8372,0.5754,nan,nan,nan,nan,1
late,cage,1,0,resnet,False,solarisation,lr,0.0001,0.0001,32,20,0.0273,2.3988,1.6720,0.8372,0.6151,nan,nan,nan,nan,1
late,cage,1,0,resnet,False,solarisation,lr,0.0001,0.0001,32,21,0.0188,2.2177,1.6328,0.8372,0.5794,nan,nan,nan,nan,1
late,cage,1,0,resnet,False,solarisation,lr,0.0001,0.0001,32,22,0.0290,1.8148,1.5591,0.8372,0.5516,nan,nan,nan,nan,0
late,cage,1,0,resnet,False,solarisation,lr,0.0001,0.0001,32,23,0.0359,2.2394,1.6100,0.8372,0.5119,nan,nan,nan,nan,0
late,cage,1,0,resnet,False,solarisation,lr,0.0001,0.0001,32,24,0.0432,2.3140,1.7562,0.8372,0.6230,2.5219,1.6694,0.8372,0.3095,1
late,cage,1,0,resnet,False,solarisation,lr,0.0001,0.0001,32,25,0.0441,2.0641,1.6913,0.8140,0.4563,nan,nan,nan,nan,0
late,cage,1,0,resnet,False,solarisation,lr,0.0001,0.0001,32,26,0.0379,1.2026,1.4536,0.8372,0.5357,nan,nan,nan,nan,0
late,cage,1,0,resnet,False,solarisation,lr,0.0001,0.0001,32,27,0.0236,2.1020,1.6103,0.8372,0.6111,nan,nan,nan,nan,0
late,cage,1,0,resnet,False,solarisation,lr,0.0001,0.0001,32,28,0.0210,2.2262,1.7095,0.8372,0.5198,nan,nan,nan,nan,0
late,cage,1,0,resnet,False,solarisation,lr,0.0001,0.0001,32,29,0.0140,2.5331,1.8708,0.8372,0.5119,nan,nan,nan,nan,0
late,cage,1,2,resnet,False,solarisation,lr,0.0001,0.0001,32,1,0.6945,0.6852,0.6992,0.2143,0.7757,nan,nan,nan,nan,0
late,cage,1,2,resnet,False,solarisation,lr,0.0001,0.0001,32,2,0.6885,0.6816,0.7023,0.2857,0.6912,nan,nan,nan,nan,0
late,cage,1,2,resnet,False,solarisation,lr,0.0001,0.0001,32,3,0.6743,0.6900,0.7805,0.1905,0.6029,nan,nan,nan,nan,0
late,cage,1,2,resnet,False,solarisation,lr,0.0001,0.0001,32,4,0.6317,0.6797,0.8121,0.2857,0.6176,nan,nan,nan,nan,0
late,cage,1,2,resnet,False,solarisation,lr,0.0001,0.0001,32,5,0.5480,0.7420,0.9545,0.3333,0.5294,0.7910,0.9476,0.3488,0.4960,1
late,cage,1,2,resnet,False,solarisation,lr,0.0001,0.0001,32,6,0.4339,0.6908,0.8892,0.3095,0.6103,nan,nan,nan,nan,0
late,cage,1,2,resnet,False,solarisation,lr,0.0001,0.0001,32,7,0.3443,0.7407,0.8801,0.6190,0.5478,nan,nan,nan,nan,0
late,cage,1,2,resnet,False,solarisation,lr,0.0001,0.0001,32,8,0.2387,1.6480,2.5197,0.1905,0.5735,nan,nan,nan,nan,0
late,cage,1,2,resnet,False,solarisation,lr,0.0001,0.0001,32,9,0.1944,0.7400,1.1787,0.6667,0.6176,nan,nan,nan,nan,0
late,cage,1,2,resnet,False,solarisation,lr,0.0001,0.0001,32,10,0.1575,0.9200,1.1648,0.5952,0.5368,nan,nan,nan,nan,0
late,cage,1,2,resnet,False,solarisation,lr,0.0001,0.0001,32,11,0.1066,0.8972,1.1945,0.5714,0.5441,nan,nan,nan,nan,0
late,cage,1,2,resnet,False,solarisation,lr,0.0001,0.0001,32,12,0.0949,0.7637,1.2706,0.5714,0.6140,nan,nan,nan,nan,0
late,cage,1,2,resnet,False,solarisation,lr,0.0001,0.0001,32,13,0.0789,0.9013,1.6763,0.5952,0.5993,nan,nan,nan,nan,0
late,cage,1,2,resnet,False,solarisation,lr,0.0001,0.0001,32,14,0.0601,1.1858,2.2104,0.3333,0.5368,nan,nan,nan,nan,0
late,cage,1,2,resnet,False,solarisation,lr,0.0001,0.0001,32,15,0.0648,0.9786,1.7672,0.5476,0.5221,nan,nan,nan,nan,0
late,cage,1,2,resnet,False,solarisation,lr,0.0001,0.0001,32,16,0.0501,1.0730,1.9917,0.4762,0.5184,nan,nan,nan,nan,0
late,cage,1,3,resnet,False,solarisation,lr,0.0001,0.0001,32,1,0.6936,0.7189,0.7935,0.1667,0.5918,nan,nan,nan,nan,0
late,cage,1,3,resnet,False,solarisation,lr,0.0001,0.0001,32,2,0.6725,0.8145,0.9600,0.1667,0.4122,nan,nan,nan,nan,0
late,cage,1,3,resnet,False,solarisation,lr,0.0001,0.0001,32,3,0.6337,0.7061,0.7517,0.3095,0.5551,nan,nan,nan,nan,0
late,cage,1,3,resnet,False,solarisation,lr,0.0001,0.0001,32,4,0.5574,0.8263,1.0047,0.2143,0.4286,nan,nan,nan,nan,0
late,cage,1,3,resnet,False,solarisation,lr,0.0001,0.0001,32,5,0.4647,0.7054,0.6886,0.7381,0.6204,nan,nan,nan,nan,1
late,cage,1,3,resnet,False,solarisation,lr,0.0001,0.0001,32,6,0.3430,0.7676,1.0653,0.3810,0.5102,nan,nan,nan,nan,0
late,cage,1,3,resnet,False,solarisation,lr,0.0001,0.0001,32,7,0.2287,0.9506,0.9810,0.6905,0.5429,nan,nan,nan,nan,1
late,cage,1,3,resnet,False,solarisation,lr,0.0001,0.0001,32,8,0.1810,0.7989,1.0121,0.6905,0.5633,nan,nan,nan,nan,0
late,cage,1,3,resnet,False,solarisation,lr,0.0001,0.0001,32,9,0.1288,0.7600,1.2024,0.6190,0.6122,nan,nan,nan,nan,1
late,cage,1,3,resnet,False,solarisation,lr,0.0001,0.0001,32,10,0.0905,0.9236,1.0516,0.8095,0.6571,nan,nan,nan,nan,1
late,cage,1,3,resnet,False,solarisation,lr,0.0001,0.0001,32,11,0.0993,0.8715,1.2198,0.6667,0.5755,nan,nan,nan,nan,1
late,cage,1,3,resnet,False,solarisation,lr,0.0001,0.0001,32,12,0.0712,0.8904,1.5546,0.6190,0.6122,nan,nan,nan,nan,1
late,cage,1,3,resnet,False,solarisation,lr,0.0001,0.0001,32,13,0.0566,0.8807,1.2761,0.6905,0.5837,nan,nan,nan,nan,0
late,cage,1,3,resnet,False,solarisation,lr,0.0001,0.0001,32,14,0.0548,0.9573,1.5348,0.6667,0.5714,nan,nan,nan,nan,0
late,cage,1,3,resnet,False,solarisation,lr,0.0001,0.0001,32,15,0.0523,0.7417,1.4906,0.6190,0.6653,nan,nan,nan,nan,0
late,cage,1,3,resnet,False,solarisation,lr,0.0001,0.0001,32,16,0.0533,0.7951,1.3867,0.6429,0.6163,0.8705,1.5193,0.5814,0.5159,1
late,cage,1,3,resnet,False,solarisation,lr,0.0001,0.0001,32,17,0.0526,0.9722,1.9056,0.3810,0.5143,nan,nan,nan,nan,0
late,cage,1,3,resnet,False,solarisation,lr,0.0001,0.0001,32,18,0.0186,1.2203,1.6490,0.7143,0.5347,nan,nan,nan,nan,0
late,cage,1,3,resnet,False,solarisation,lr,0.0001,0.0001,32,19,0.0562,1.4924,1.2370,0.8333,0.5796,nan,nan,nan,nan,0
late,cage,1,3,resnet,False,solarisation,lr,0.0001,0.0001,32,20,0.0381,1.7951,1.5096,0.8333,0.5837,nan,nan,nan,nan,0
late,cage,1,3,resnet,False,solarisation,lr,0.0001,0.0001,32,21,0.0473,1.5642,1.4511,0.7619,0.6327,nan,nan,nan,nan,0
late,cage,1,4,resnet,False,solarisation,lr,0.0001,0.0001,32,1,0.6969,0.6907,0.6773,0.7907,0.6464,nan,nan,nan,nan,0
late,cage,1,4,resnet,False,solarisation,lr,0.0001,0.0001,32,2,0.6888,0.6854,0.6811,0.6977,0.6929,nan,nan,nan,nan,0
late,cage,1,4,resnet,False,solarisation,lr,0.0001,0.0001,32,3,0.6686,0.6834,0.6959,0.4884,0.6107,nan,nan,nan,nan,0
late,cage,1,4,resnet,False,solarisation,lr,0.0001,0.0001,32,4,0.6091,0.7821,0.7424,0.7442,0.3893,nan,nan,nan,nan,0
late,cage,1,4,resnet,False,solarisation,lr,0.0001,0.0001,32,5,0.5246,0.7473,0.8111,0.3256,0.3679,0.7298,0.8243,0.2791,0.4484,1
late,cage,1,4,resnet,False,solarisation,lr,0.0001,0.0001,32,6,0.4180,1.0063,1.2362,0.1860,0.3464,nan,nan,nan,nan,0
late,cage,1,4,resnet,False,solarisation,lr,0.0001,0.0001,32,7,0.3276,0.9015,1.1725,0.1860,0.4536,nan,nan,nan,nan,0
late,cage,1,4,resnet,False,solarisation,lr,0.0001,0.0001,32,8,0.2377,0.8408,0.9767,0.7442,0.4429,nan,nan,nan,nan,0
late,cage,1,4,resnet,False,solarisation,lr,0.0001,0.0001,32,9,0.1960,1.0361,1.1361,0.7442,0.3857,nan,nan,nan,nan,0
late,cage,1,4,resnet,False,solarisation,lr,0.0001,0.0001,32,10,0.1582,1.1342,1.1185,0.7907,0.3714,nan,nan,nan,nan,0
late,cage,1,4,resnet,False,solarisation,lr,0.0001,0.0001,32,11,0.1299,1.1523,1.3311,0.7674,0.3643,nan,nan,nan,nan,0
late,cage,1,4,resnet,False,solarisation,lr,0.0001,0.0001,32,12,0.0985,1.5611,1.3261,0.7907,0.3607,nan,nan,nan,nan,0
late,cage,1,4,resnet,False,solarisation,lr,0.0001,0.0001,32,13,0.0702,1.7680,1.6756,0.7674,0.3750,nan,nan,nan,nan,0
late,cage,1,4,resnet,False,solarisation,lr,0.0001,0.0001,32,14,0.0504,1.5169,1.4610,0.7674,0.3821,nan,nan,nan,nan,0
late,cage,1,4,resnet,False,solarisation,lr,0.0001,0.0001,32,15,0.0624,1.0077,1.4026,0.5814,0.4393,nan,nan,nan,nan,0
late,cage,1,4,resnet,False,solarisation,lr,0.0001,0.0001,32,16,0.0499,1.1665,1.3076,0.7907,0.4929,nan,nan,nan,nan,0
late,cage,1,5,resnet,False,solarisation,lr,0.0001,0.0001,32,1,0.7013,0.6896,0.7194,0.2000,0.4480,nan,nan,nan,nan,0
late,cage,1,5,resnet,False,solarisation,lr,0.0001,0.0001,32,2,0.6670,0.7365,0.6874,0.6250,0.4158,nan,nan,nan,nan,0
late,cage,1,5,resnet,False,solarisation,lr,0.0001,0.0001,32,3,0.5971,1.2877,0.9072,0.7750,0.3262,nan,nan,nan,nan,0
late,cage,1,5,resnet,False,solarisation,lr,0.0001,0.0001,32,4,0.4944,0.7973,0.7858,0.5750,0.4516,nan,nan,nan,nan,0
late,cage,1,5,resnet,False,solarisation,lr,0.0001,0.0001,32,5,0.3794,0.9564,0.8707,0.6750,0.4373,nan,nan,nan,nan,1
late,cage,1,5,resnet,False,solarisation,lr,0.0001,0.0001,32,6,0.2875,0.9572,1.2977,0.2250,0.3656,nan,nan,nan,nan,0
late,cage,1,5,resnet,False,solarisation,lr,0.0001,0.0001,32,7,0.1949,2.2413,1.4391,0.7750,0.5341,nan,nan,nan,nan,1
late,cage,1,5,resnet,False,solarisation,lr,0.0001,0.0001,32,8,0.1644,1.0874,1.1347,0.7250,0.4803,nan,nan,nan,nan,1
late,cage,1,5,resnet,False,solarisation,lr,0.0001,0.0001,32,9,0.1159,2.5941,1.7495,0.7750,0.4982,nan,nan,nan,nan,1
late,cage,1,5,resnet,False,solarisation,lr,0.0001,0.0001,32,10,0.0915,2.3073,1.6496,0.7750,0.4803,nan,nan,nan,nan,1
late,cage,1,5,resnet,False,solarisation,lr,0.0001,0.0001,32,11,0.0818,1.7013,1.8171,0.6500,0.4337,1.4377,1.6106,0.6977,0.4683,1
late,cage,1,5,resnet,False,solarisation,lr,0.0001,0.0001,32,12,0.0593,3.3206,2.2092,0.7750,0.3262,nan,nan,nan,nan,0
late,cage,1,5,resnet,False,solarisation,lr,0.0001,0.0001,32,13,0.0749,1.5499,1.4098,0.7000,0.4731,nan,nan,nan,nan,0
late,cage,1,5,resnet,False,solarisation,lr,0.0001,0.0001,32,14,0.0630,2.9177,1.9975,0.7500,0.3978,nan,nan,nan,nan,0
late,cage,1,5,resnet,False,solarisation,lr,0.0001,0.0001,32,15,0.0698,2.0315,1.6848,0.7000,0.4480,nan,nan,nan,nan,0
late,cage,1,5,resnet,False,solarisation,lr,0.0001,0.0001,32,16,0.0536,1.9487,1.7665,0.6250,0.4588,nan,nan,nan,nan,0
late,cage,1,6,resnet,False,solarisation,lr,0.0001,0.0001,32,1,0.7068,0.6930,0.6321,0.8537,0.4857,nan,nan,nan,nan,0
late,cage,1,6,resnet,False,solarisation,lr,0.0001,0.0001,32,2,0.6799,0.7684,0.8429,0.1463,0.5143,nan,nan,nan,nan,0
late,cage,1,6,resnet,False,solarisation,lr,0.0001,0.0001,32,3,0.6418,0.7418,0.7621,0.1463,0.4190,nan,nan,nan,nan,0
late,cage,1,6,resnet,False,solarisation,lr,0.0001,0.0001,32,4,0.5522,0.7994,0.8516,0.2683,0.3524,nan,nan,nan,nan,0
late,cage,1,6,resnet,False,solarisation,lr,0.0001,0.0001,32,5,0.4750,0.7710,0.6852,0.8537,0.4286,nan,nan,nan,nan,1
late,cage,1,6,resnet,False,solarisation,lr,0.0001,0.0001,32,6,0.3555,0.8141,0.7198,0.8293,0.5286,nan,nan,nan,nan,1
late,cage,1,6,resnet,False,solarisation,lr,0.0001,0.0001,32,7,0.2577,1.0635,0.9378,0.7805,0.3571,nan,nan,nan,nan,0
late,cage,1,6,resnet,False,solarisation,lr,0.0001,0.0001,32,8,0.1876,1.1954,0.9844,0.8537,0.4048,nan,nan,nan,nan,0
late,cage,1,6,resnet,False,solarisation,lr,0.0001,0.0001,32,9,0.1246,1.3537,1.0680,0.8780,0.5095,nan,nan,nan,nan,0
late,cage,1,6,resnet,False,solarisation,lr,0.0001,0.0001,32,10,0.1094,1.2569,1.0236,0.8293,0.4762,nan,nan,nan,nan,1
late,cage,1,6,resnet,False,solarisation,lr,0.0001,0.0001,32,11,0.0931,1.2042,1.4383,0.3902,0.4190,nan,nan,nan,nan,0
late,cage,1,6,resnet,False,solarisation,lr,0.0001,0.0001,32,12,0.0680,1.3661,1.1865,0.8537,0.5048,nan,nan,nan,nan,1
late,cage,1,6,resnet,False,solarisation,lr,0.0001,0.0001,32,13,0.0542,1.3486,1.3315,0.8537,0.4381,1.1111,1.1171,0.7907,0.6587,1
late,cage,1,6,resnet,False,solarisation,lr,0.0001,0.0001,32,14,0.0565,1.6936,1.3494,0.8293,0.4048,nan,nan,nan,nan,0
late,cage,1,6,resnet,False,solarisation,lr,0.0001,0.0001,32,15,0.0480,1.4113,1.4842,0.6585,0.4048,nan,nan,nan,nan,0
late,cage,1,6,resnet,False,solarisation,lr,0.0001,0.0001,32,16,0.0388,1.1868,1.5165,0.5122,0.4952,nan,nan,nan,nan,0
late,cage,1,6,resnet,False,solarisation,lr,0.0001,0.0001,32,17,0.0720,1.0813,1.2175,0.7317,0.5143,nan,nan,nan,nan,0
late,cage,1,6,resnet,False,solarisation,lr,0.0001,0.0001,32,18,0.0441,1.5589,2.0780,0.2683,0.4619,nan,nan,nan,nan,0
late,cage,1,7,resnet,False,solarisation,lr,0.0001,0.0001,32,1,0.6994,0.7056,0.6522,0.8182,0.4931,nan,nan,nan,nan,0
late,cage,1,7,resnet,False,solarisation,lr,0.0001,0.0001,32,2,0.6737,0.7829,0.9235,0.1818,0.4097,nan,nan,nan,nan,0
late,cage,1,7,resnet,False,solarisation,lr,0.0001,0.0001,32,3,0.6389,0.7028,0.6739,0.6364,0.5347,nan,nan,nan,nan,0
late,cage,1,7,resnet,False,solarisation,lr,0.0001,0.0001,32,4,0.5812,0.7088,0.6912,0.5909,0.5347,nan,nan,nan,nan,0
late,cage,1,7,resnet,False,solarisation,lr,0.0001,0.0001,32,5,0.4907,0.7171,0.7334,0.5682,0.5104,nan,nan,nan,nan,1
late,cage,1,7,resnet,False,solarisation,lr,0.0001,0.0001,32,6,0.3862,0.9127,0.6907,0.8182,0.5382,nan,nan,nan,nan,1
late,cage,1,7,resnet,False,solarisation,lr,0.0001,0.0001,32,7,0.2781,0.7554,0.7052,0.8182,0.5868,nan,nan,nan,nan,1
late,cage,1,7,resnet,False,solarisation,lr,0.0001,0.0001,32,8,0.2149,0.7385,0.7524,0.8636,0.6736,nan,nan,nan,nan,1
late,cage,1,7,resnet,False,solarisation,lr,0.0001,0.0001,32,9,0.1659,1.1395,0.8649,0.8182,0.6771,nan,nan,nan,nan,1
late,cage,1,7,resnet,False,solarisation,lr,0.0001,0.0001,32,10,0.1225,1.8576,1.0835,0.8182,0.6319,nan,nan,nan,nan,1
late,cage,1,7,resnet,False,solarisation,lr,0.0001,0.0001,32,11,0.0907,0.6953,0.9560,0.7273,0.6771,nan,nan,nan,nan,1
late,cage,1,7,resnet,False,solarisation,lr,0.0001,0.0001,32,12,0.1011,0.9691,0.8970,0.7955,0.6875,1.0581,0.9102,0.7907,0.5714,1
late,cage,1,7,resnet,False,solarisation,lr,0.0001,0.0001,32,13,0.0746,0.9579,1.0279,0.7955,0.6111,nan,nan,nan,nan,0
late,cage,1,7,resnet,False,solarisation,lr,0.0001,0.0001,32,14,0.0515,1.1160,1.1146,0.7727,0.7188,nan,nan,nan,nan,0
late,cage,1,7,resnet,False,solarisation,lr,0.0001,0.0001,32,15,0.0625,1.9289,1.3716,0.7955,0.4896,nan,nan,nan,nan,0
late,cage,1,7,resnet,False,solarisation,lr,0.0001,0.0001,32,16,0.0683,1.8521,1.1964,0.7955,0.6528,nan,nan,nan,nan,0
late,cage,1,7,resnet,False,solarisation,lr,0.0001,0.0001,32,17,0.0670,1.3416,1.0558,0.7955,0.5521,nan,nan,nan,nan,0
late,cage,1,8,resnet,False,solarisation,lr,0.0001,0.0001,32,1,0.6956,0.6978,0.6918,0.6383,0.4487,nan,nan,nan,nan,0
late,cage,1,8,resnet,False,solarisation,lr,0.0001,0.0001,32,2,0.6829,0.7021,0.7609,0.3617,0.5417,nan,nan,nan,nan,0
late,cage,1,8,resnet,False,solarisation,lr,0.0001,0.0001,32,3,0.6644,0.7366,0.6090,0.8085,0.4968,nan,nan,nan,nan,0
late,cage,1,8,resnet,False,solarisation,lr,0.0001,0.0001,32,4,0.5988,0.8007,0.6161,0.8085,0.4391,nan,nan,nan,nan,0
late,cage,1,8,resnet,False,solarisation,lr,0.0001,0.0001,32,5,0.4791,1.0349,0.7664,0.8298,0.3365,0.8002,0.6918,0.8372,0.4921,1
late,cage,1,8,resnet,False,solarisation,lr,0.0001,0.0001,32,6,0.3640,1.2376,0.7668,0.8298,0.4455,nan,nan,nan,nan,0
late,cage,1,8,resnet,False,solarisation,lr,0.0001,0.0001,32,7,0.2563,0.7722,0.8260,0.7021,0.5160,nan,nan,nan,nan,0
late,cage,1,8,resnet,False,solarisation,lr,0.0001,0.0001,32,8,0.1926,1.9989,1.2157,0.8298,0.4071,nan,nan,nan,nan,0
late,cage,1,8,resnet,False,solarisation,lr,0.0001,0.0001,32,9,0.1407,1.7242,1.1039,0.8298,0.4006,nan,nan,nan,nan,0
late,cage,1,8,resnet,False,solarisation,lr,0.0001,0.0001,32,10,0.1134,1.9001,1.1667,0.8298,0.2724,nan,nan,nan,nan,0
late,cage,1,8,resnet,False,solarisation,lr,0.0001,0.0001,32,11,0.0846,2.8059,1.5679,0.8298,0.3590,nan,nan,nan,nan,0
late,cage,1,8,resnet,False,solarisation,lr,0.0001,0.0001,32,12,0.0709,2.5845,1.4145,0.8298,0.3654,nan,nan,nan,nan,0
late,cage,1,8,resnet,False,solarisation,lr,0.0001,0.0001,32,13,0.0718,2.7341,1.5459,0.8298,0.3301,nan,nan,nan,nan,0
late,cage,1,8,resnet,False,solarisation,lr,0.0001,0.0001,32,14,0.0588,3.3025,1.8211,0.8298,0.3173,nan,nan,nan,nan,0
late,cage,1,8,resnet,False,solarisation,lr,0.0001,0.0001,32,15,0.0499,2.9772,1.6045,0.8298,0.3462,nan,nan,nan,nan,0
late,cage,1,8,resnet,False,solarisation,lr,0.0001,0.0001,32,16,0.0429,3.4673,1.8391,0.8298,0.3237,nan,nan,nan,nan,0
late,cage,1,9,resnet,False,solarisation,lr,0.0001,0.0001,32,1,0.6956,0.7003,0.6622,0.7619,0.6296,nan,nan,nan,nan,0
late,cage,1,9,resnet,False,solarisation,lr,0.0001,0.0001,32,2,0.6837,0.6906,0.6927,0.7381,0.6061,nan,nan,nan,nan,0
late,cage,1,9,resnet,False,solarisation,lr,0.0001,0.0001,32,3,0.6556,0.7355,0.6393,0.7381,0.5960,nan,nan,nan,nan,0
late,cage,1,9,resnet,False,solarisation,lr,0.0001,0.0001,32,4,0.5825,0.8815,0.6622,0.7619,0.6431,nan,nan,nan,nan,0
late,cage,1,9,resnet,False,solarisation,lr,0.0001,0.0001,32,5,0.4871,0.7433,0.7094,0.7619,0.7205,nan,nan,nan,nan,1
late,cage,1,9,resnet,False,solarisation,lr,0.0001,0.0001,32,6,0.3600,0.9931,0.8325,0.7857,0.6465,nan,nan,nan,nan,0
late,cage,1,9,resnet,False,solarisation,lr,0.0001,0.0001,32,7,0.2764,0.7340,0.8324,0.7857,0.7003,nan,nan,nan,nan,1
late,cage,1,9,resnet,False,solarisation,lr,0.0001,0.0001,32,8,0.1820,0.7004,1.0111,0.7143,0.7407,nan,nan,nan,nan,1
late,cage,1,9,resnet,False,solarisation,lr,0.0001,0.0001,32,9,0.1441,1.6952,1.0467,0.7857,0.7811,nan,nan,nan,nan,1
late,cage,1,9,resnet,False,solarisation,lr,0.0001,0.0001,32,10,0.1216,1.3066,1.1789,0.8095,0.7744,nan,nan,nan,nan,1
late,cage,1,9,resnet,False,solarisation,lr,0.0001,0.0001,32,11,0.0865,1.8469,1.1724,0.7857,0.7778,nan,nan,nan,nan,1
late,cage,1,9,resnet,False,solarisation,lr,0.0001,0.0001,32,12,0.0866,2.1143,1.3228,0.7857,0.7340,nan,nan,nan,nan,1
late,cage,1,9,resnet,False,solarisation,lr,0.0001,0.0001,32,13,0.0548,1.8962,1.2671,0.7857,0.8081,1.7452,1.1795,0.8372,0.6111,1
late,cage,1,9,resnet,False,solarisation,lr,0.0001,0.0001,32,14,0.0640,2.0468,1.2555,0.7857,0.7542,nan,nan,nan,nan,0
late,cage,1,9,resnet,False,solarisation,lr,0.0001,0.0001,32,15,0.0542,2.2594,1.3536,0.7857,0.6667,nan,nan,nan,nan,0
late,cage,1,9,resnet,False,solarisation,lr,0.0001,0.0001,32,16,0.0442,2.1257,1.3992,0.7857,0.7542,nan,nan,nan,nan,0
late,cage,1,9,resnet,False,solarisation,lr,0.0001,0.0001,32,17,0.0141,2.3914,1.5200,0.7857,0.7239,nan,nan,nan,nan,0
late,cage,1,9,resnet,False,solarisation,lr,0.0001,0.0001,32,18,0.0274,2.6798,1.6554,0.7857,0.7407,nan,nan,nan,nan,0
late,cage,2,0,resnet,False,solarisation,lr,0.0001,0.0001,32,1,0.6987,0.7161,0.7723,0.1628,0.3333,nan,nan,nan,nan,0
late,cage,2,0,resnet,False,solarisation,lr,0.0001,0.0001,32,2,0.6857,0.7154,0.7625,0.1628,0.3651,nan,nan,nan,nan,0
late,cage,2,0,resnet,False,solarisation,lr,0.0001,0.0001,32,3,0.6614,0.7326,0.7710,0.1628,0.4008,nan,nan,nan,nan,0
late,cage,2,0,resnet,False,solarisation,lr,0.0001,0.0001,32,4,0.6206,0.7839,0.9668,0.1628,0.6746,nan,nan,nan,nan,0
late,cage,2,0,resnet,False,solarisation,lr,0.0001,0.0001,32,5,0.5393,0.7614,0.7555,0.7209,0.4206,nan,nan,nan,nan,1
late,cage,2,0,resnet,False,solarisation,lr,0.0001,0.0001,32,6,0.4360,0.7529,0.8615,0.2791,0.5317,nan,nan,nan,nan,1
late,cage,2,0,resnet,False,solarisation,lr,0.0001,0.0001,32,7,0.3351,0.7235,0.9246,0.5116,0.5833,nan,nan,nan,nan,1
late,cage,2,0,resnet,False,solarisation,lr,0.0001,0.0001,32,8,0.2666,1.3546,0.9785,0.8372,0.6111,1.4274,0.9333,0.8095,0.6140,1
late,cage,2,0,resnet,False,solarisation,lr,0.0001,0.0001,32,9,0.1892,1.0466,0.9628,0.8140,0.5357,nan,nan,nan,nan,0
late,cage,2,0,resnet,False,solarisation,lr,0.0001,0.0001,32,10,0.1662,1.4996,1.1527,0.8372,0.5159,nan,nan,nan,nan,0
late,cage,2,0,resnet,False,solarisation,lr,0.0001,0.0001,32,11,0.1389,1.0077,1.2222,0.7442,0.4563,nan,nan,nan,nan,0
late,cage,2,0,resnet,False,solarisation,lr,0.0001,0.0001,32,12,0.0997,1.3797,1.2553,0.8140,0.5198,nan,nan,nan,nan,0
late,cage,2,0,resnet,False,solarisation,lr,0.0001,0.0001,32,13,0.1071,1.7209,1.2894,0.8372,0.5079,nan,nan,nan,nan,0
late,cage,2,0,resnet,False,solarisation,lr,0.0001,0.0001,32,14,0.0595,2.0621,1.6314,0.8372,0.5119,nan,nan,nan,nan,0
late,cage,2,0,resnet,False,solarisation,lr,0.0001,0.0001,32,15,0.0702,1.9909,1.4483,0.8372,0.5357,nan,nan,nan,nan,0
late,cage,2,0,resnet,False,solarisation,lr,0.0001,0.0001,32,16,0.0543,2.2638,1.6151,0.8372,0.4881,nan,nan,nan,nan,0
late,cage,2,1,resnet,False,solarisation,lr,0.0001,0.0001,32,1,0.6957,0.7132,0.6036,0.8372,0.5794,nan,nan,nan,nan,0
late,cage,2,1,resnet,False,solarisation,lr,0.0001,0.0001,32,2,0.6681,0.7387,0.5796,0.8372,0.6349,nan,nan,nan,nan,0
late,cage,2,1,resnet,False,solarisation,lr,0.0001,0.0001,32,3,0.6058,0.7168,0.6585,0.7907,0.4841,nan,nan,nan,nan,0
late,cage,2,1,resnet,False,solarisation,lr,0.0001,0.0001,32,4,0.5165,0.6981,0.6266,0.7907,0.5833,nan,nan,nan,nan,0
late,cage,2,1,resnet,False,solarisation,lr,0.0001,0.0001,32,5,0.3941,0.7240,0.9101,0.4651,0.5992,nan,nan,nan,nan,1
late,cage,2,1,resnet,False,solarisation,lr,0.0001,0.0001,32,6,0.3130,0.7840,0.6658,0.8372,0.6071,nan,nan,nan,nan,1
late,cage,2,1,resnet,False,solarisation,lr,0.0001,0.0001,32,7,0.2354,0.7451,0.9112,0.6977,0.5754,nan,nan,nan,nan,0
late,cage,2,1,resnet,False,solarisation,lr,0.0001,0.0001,32,8,0.1600,0.6912,0.8989,0.7674,0.6746,nan,nan,nan,nan,1
late,cage,2,1,resnet,False,solarisation,lr,0.0001,0.0001,32,9,0.1275,1.4212,0.9471,0.8372,0.3690,nan,nan,nan,nan,0
late,cage,2,1,resnet,False,solarisation,lr,0.0001,0.0001,32,10,0.1122,1.0203,0.9546,0.7674,0.5833,nan,nan,nan,nan,0
late,cage,2,1,resnet,False,solarisation,lr,0.0001,0.0001,32,11,0.0683,0.8122,0.9306,0.7674,0.6071,nan,nan,nan,nan,0
late,cage,2,1,resnet,False,solarisation,lr,0.0001,0.0001,32,12,0.0648,1.4051,1.0141,0.7674,0.6984,nan,nan,nan,nan,0
late,cage,2,1,resnet,False,solarisation,lr,0.0001,0.0001,32,13,0.0692,2.1417,1.3595,0.8372,0.6151,nan,nan,nan,nan,0
late,cage,2,1,resnet,False,solarisation,lr,0.0001,0.0001,32,14,0.0736,1.3410,1.0220,0.8140,0.6706,nan,nan,nan,nan,1
late,cage,2,1,resnet,False,solarisation,lr,0.0001,0.0001,32,15,0.0676,1.1923,1.0710,0.8140,0.6548,nan,nan,nan,nan,1
late,cage,2,1,resnet,False,solarisation,lr,0.0001,0.0001,32,16,0.0274,1.3739,1.2264,0.7907,0.6984,nan,nan,nan,nan,1
late,cage,2,1,resnet,False,solarisation,lr,0.0001,0.0001,32,17,0.0187,1.6191,1.2113,0.7907,0.7579,nan,nan,nan,nan,1
late,cage,2,1,resnet,False,solarisation,lr,0.0001,0.0001,32,18,0.0260,1.7619,1.2811,0.8140,0.6548,2.3933,1.6589,0.8095,0.3272,1
late,cage,2,1,resnet,False,solarisation,lr,0.0001,0.0001,32,19,0.0365,1.6400,1.3610,0.7907,0.6905,nan,nan,nan,nan,0
late,cage,2,1,resnet,False,solarisation,lr,0.0001,0.0001,32,20,0.0469,2.1740,1.4240,0.8372,0.6349,nan,nan,nan,nan,0
late,cage,2,1,resnet,False,solarisation,lr,0.0001,0.0001,32,21,0.0370,1.9570,1.3911,0.8140,0.6111,nan,nan,nan,nan,0
late,cage,2,1,resnet,False,solarisation,lr,0.0001,0.0001,32,22,0.0628,0.9941,1.1373,0.7209,0.5833,nan,nan,nan,nan,0
late,cage,2,1,resnet,False,solarisation,lr,0.0001,0.0001,32,23,0.0373,0.9663,1.2082,0.7674,0.5754,nan,nan,nan,nan,0
late,cage,2,3,resnet,False,solarisation,lr,0.0001,0.0001,32,1,0.6948,0.7107,0.7537,0.1667,0.4163,nan,nan,nan,nan,0
late,cage,2,3,resnet,False,solarisation,lr,0.0001,0.0001,32,2,0.6816,0.7375,0.8238,0.1667,0.4571,nan,nan,nan,nan,0
late,cage,2,3,resnet,False,solarisation,lr,0.0001,0.0001,32,3,0.6516,0.6970,0.6688,0.7619,0.5102,nan,nan,nan,nan,0
late,cage,2,3,resnet,False,solarisation,lr,0.0001,0.0001,32,4,0.5786,0.8155,0.9867,0.1667,0.4204,nan,nan,nan,nan,0
late,cage,2,3,resnet,False,solarisation,lr,0.0001,0.0001,32,5,0.4723,0.7294,0.7991,0.4524,0.4408,nan,nan,nan,nan,1
late,cage,2,3,resnet,False,solarisation,lr,0.0001,0.0001,32,6,0.3623,0.8973,1.2330,0.2857,0.5102,nan,nan,nan,nan,1
late,cage,2,3,resnet,False,solarisation,lr,0.0001,0.0001,32,7,0.2433,0.8815,0.8332,0.7381,0.6245,nan,nan,nan,nan,1
late,cage,2,3,resnet,False,solarisation,lr,0.0001,0.0001,32,8,0.1882,0.6900,0.9329,0.6905,0.6286,nan,nan,nan,nan,1
late,cage,2,3,resnet,False,solarisation,lr,0.0001,0.0001,32,9,0.1340,0.6995,0.9475,0.6667,0.6000,nan,nan,nan,nan,1
late,cage,2,3,resnet,False,solarisation,lr,0.0001,0.0001,32,10,0.1150,0.8575,0.8600,0.7857,0.7224,nan,nan,nan,nan,1
late,cage,2,3,resnet,False,solarisation,lr,0.0001,0.0001,32,11,0.1033,0.7040,0.9815,0.7143,0.6245,1.0385,1.1625,0.5714,0.3419,1
late,cage,2,3,resnet,False,solarisation,lr,0.0001,0.0001,32,12,0.0683,1.3382,1.1218,0.8333,0.6082,nan,nan,nan,nan,0
late,cage,2,3,resnet,False,solarisation,lr,0.0001,0.0001,32,13,0.0731,1.0183,1.1877,0.8095,0.6163,nan,nan,nan,nan,0
late,cage,2,3,resnet,False,solarisation,lr,0.0001,0.0001,32,14,0.0669,1.0328,1.2905,0.7381,0.5388,nan,nan,nan,nan,0
late,cage,2,3,resnet,False,solarisation,lr,0.0001,0.0001,32,15,0.0388,1.8938,1.4604,0.8333,0.5020,nan,nan,nan,nan,0
late,cage,2,3,resnet,False,solarisation,lr,0.0001,0.0001,32,16,0.0520,1.7840,1.3646,0.8571,0.5592,nan,nan,nan,nan,0
late,cage,2,4,resnet,False,solarisation,lr,0.0001,0.0001,32,1,0.7034,0.6874,0.6805,0.7674,0.6286,nan,nan,nan,nan,0
late,cage,2,4,resnet,False,solarisation,lr,0.0001,0.0001,32,2,0.6838,0.6944,0.6803,0.7442,0.5964,nan,nan,nan,nan,0
late,cage,2,4,resnet,False,solarisation,lr,0.0001,0.0001,32,3,0.6482,0.7774,0.9232,0.1860,0.6393,nan,nan,nan,nan,0
late,cage,2,4,resnet,False,solarisation,lr,0.0001,0.0001,32,4,0.5795,0.6860,0.8742,0.4186,0.6143,nan,nan,nan,nan,0
late,cage,2,4,resnet,False,solarisation,lr,0.0001,0.0001,32,5,0.5012,0.7077,0.7782,0.6512,0.5464,0.6981,0.7083,0.6667,0.5846,1
late,cage,2,4,resnet,False,solarisation,lr,0.0001,0.0001,32,6,0.3814,0.9245,0.9661,0.7209,0.4786,nan,nan,nan,nan,0
late,cage,2,4,resnet,False,solarisation,lr,0.0001,0.0001,32,7,0.2770,1.2511,1.1122,0.7907,0.6429,nan,nan,nan,nan,0
late,cage,2,4,resnet,False,solarisation,lr,0.0001,0.0001,32,8,0.1984,1.8244,1.5560,0.8140,0.4929,nan,nan,nan,nan,0
late,cage,2,4,resnet,False,solarisation,lr,0.0001,0.0001,32,9,0.1445,0.9526,1.2980,0.6977,0.4250,nan,nan,nan,nan,0
late,cage,2,4,resnet,False,solarisation,lr,0.0001,0.0001,32,10,0.1170,1.4111,1.5338,0.7674,0.3571,nan,nan,nan,nan,0
late,cage,2,4,resnet,False,solarisation,lr,0.0001,0.0001,32,11,0.1001,2.0455,1.6631,0.8140,0.4179,nan,nan,nan,nan,0
late,cage,2,4,resnet,False,solarisation,lr,0.0001,0.0001,32,12,0.0768,2.1472,1.8454,0.8140,0.4607,nan,nan,nan,nan,0
late,cage,2,4,resnet,False,solarisation,lr,0.0001,0.0001,32,13,0.0607,2.0393,1.8173,0.8140,0.3286,nan,nan,nan,nan,0
late,cage,2,4,resnet,False,solarisation,lr,0.0001,0.0001,32,14,0.0523,2.0265,1.8556,0.8140,0.4321,nan,nan,nan,nan,0
late,cage,2,4,resnet,False,solarisation,lr,0.0001,0.0001,32,15,0.0566,1.3484,1.6209,0.7674,0.5250,nan,nan,nan,nan,0
late,cage,2,4,resnet,False,solarisation,lr,0.0001,0.0001,32,16,0.0457,1.1054,1.9631,0.7442,0.4964,nan,nan,nan,nan,0
late,cage,2,5,resnet,False,solarisation,lr,0.0001,0.0001,32,1,0.6941,0.7059,0.6666,0.7750,0.5520,nan,nan,nan,nan,0
late,cage,2,5,resnet,False,solarisation,lr,0.0001,0.0001,32,2,0.6837,0.6918,0.6730,0.6250,0.5663,nan,nan,nan,nan,0
late,cage,2,5,resnet,False,solarisation,lr,0.0001,0.0001,32,3,0.6624,0.7479,0.6688,0.7250,0.4695,nan,nan,nan,nan,0
late,cage,2,5,resnet,False,solarisation,lr,0.0001,0.0001,32,4,0.6099,0.8271,0.6827,0.7750,0.4301,nan,nan,nan,nan,0
late,cage,2,5,resnet,False,solarisation,lr,0.0001,0.0001,32,5,0.5341,0.7429,0.7702,0.5750,0.4624,nan,nan,nan,nan,1
late,cage,2,5,resnet,False,solarisation,lr,0.0001,0.0001,32,6,0.4339,1.1412,0.8453,0.7750,0.4229,nan,nan,nan,nan,0
late,cage,2,5,resnet,False,solarisation,lr,0.0001,0.0001,32,7,0.3369,0.7627,1.0177,0.3250,0.5125,nan,nan,nan,nan,0
late,cage,2,5,resnet,False,solarisation,lr,0.0001,0.0001,32,8,0.2499,0.7207,0.9389,0.5250,0.5806,nan,nan,nan,nan,0
late,cage,2,5,resnet,False,solarisation,lr,0.0001,0.0001,32,9,0.1961,0.8784,0.9585,0.7000,0.5771,nan,nan,nan,nan,1
late,cage,2,5,resnet,False,solarisation,lr,0.0001,0.0001,32,10,0.1512,1.6088,1.2681,0.7750,0.4767,nan,nan,nan,nan,0
late,cage,2,5,resnet,False,solarisation,lr,0.0001,0.0001,32,11,0.1169,1.1989,1.0697,0.7750,0.5663,nan,nan,nan,nan,1
late,cage,2,5,resnet,False,solarisation,lr,0.0001,0.0001,32,12,0.0788,0.8969,1.2711,0.6250,0.5448,1.0443,1.2506,0.6667,0.5515,1
late,cage,2,5,resnet,False,solarisation,lr,0.0001,0.0001,32,13,0.0807,1.3003,1.0863,0.7750,0.5197,nan,nan,nan,nan,0
late,cage,2,5,resnet,False,solarisation,lr,0.0001,0.0001,32,14,0.0589,1.8697,1.4075,0.7750,0.4480,nan,nan,nan,nan,0
late,cage,2,5,resnet,False,solarisation,lr,0.0001,0.0001,32,15,0.0520,2.1694,1.5474,0.7750,0.5269,nan,nan,nan,nan,0
late,cage,2,5,resnet,False,solarisation,lr,0.0001,0.0001,32,16,0.0425,2.0142,1.4991,0.7750,0.4767,nan,nan,nan,nan,0
late,cage,2,5,resnet,False,solarisation,lr,0.0001,0.0001,32,17,0.0755,1.6334,1.5206,0.7250,0.5090,nan,nan,nan,nan,0
late,cage,2,6,resnet,False,solarisation,lr,0.0001,0.0001,32,1,0.7027,0.6897,0.6781,0.6829,0.5667,nan,nan,nan,nan,0
late,cage,2,6,resnet,False,solarisation,lr,0.0001,0.0001,32,2,0.6793,0.6901,0.6350,0.8049,0.5524,nan,nan,nan,nan,0
late,cage,2,6,resnet,False,solarisation,lr,0.0001,0.0001,32,3,0.6511,0.6864,0.6252,0.8537,0.5333,nan,nan,nan,nan,0
late,cage,2,6,resnet,False,solarisation,lr,0.0001,0.0001,32,4,0.5717,0.7014,0.7347,0.4878,0.4905,nan,nan,nan,nan,0
late,cage,2,6,resnet,False,solarisation,lr,0.0001,0.0001,32,5,0.4696,0.8548,0.7617,0.8537,0.4524,nan,nan,nan,nan,1
late,cage,2,6,resnet,False,solarisation,lr,0.0001,0.0001,32,6,0.3478,0.7514,0.9096,0.4146,0.4143,nan,nan,nan,nan,0
late,cage,2,6,resnet,False,solarisation,lr,0.0001,0.0001,32,7,0.2711,0.9521,0.8052,0.8537,0.5905,nan,nan,nan,nan,0
late,cage,2,6,resnet,False,solarisation,lr,0.0001,0.0001,32,8,0.2098,1.0194,0.9048,0.8537,0.5476,nan,nan,nan,nan,0
late,cage,2,6,resnet,False,solarisation,lr,0.0001,0.0001,32,9,0.1210,2.1078,1.4309,0.8537,0.4714,nan,nan,nan,nan,0
late,cage,2,6,resnet,False,solarisation,lr,0.0001,0.0001,32,10,0.1057,0.8248,0.9632,0.8537,0.6048,nan,nan,nan,nan,1
late,cage,2,6,resnet,False,solarisation,lr,0.0001,0.0001,32,11,0.0803,1.0020,1.0533,0.8537,0.6000,nan,nan,nan,nan,1
late,cage,2,6,resnet,False,solarisation,lr,0.0001,0.0001,32,12,0.0657,1.9771,1.3959,0.8537,0.5476,nan,nan,nan,nan,0
late,cage,2,6,resnet,False,solarisation,lr,0.0001,0.0001,32,13,0.0880,1.1841,1.1599,0.8537,0.5381,nan,nan,nan,nan,0
late,cage,2,6,resnet,False,solarisation,lr,0.0001,0.0001,32,14,0.0584,1.3164,1.0888,0.8537,0.5571,nan,nan,nan,nan,1
late,cage,2,6,resnet,False,solarisation,lr,0.0001,0.0001,32,15,0.0586,1.5199,1.2750,0.8537,0.6524,2.1664,1.3716,0.8095,0.5478,1
late,cage,2,6,resnet,False,solarisation,lr,0.0001,0.0001,32,16,0.0436,2.0444,1.7092,0.8293,0.4571,nan,nan,nan,nan,0
late,cage,2,6,resnet,False,solarisation,lr,0.0001,0.0001,32,17,0.0439,1.8241,1.5537,0.8293,0.5238,nan,nan,nan,nan,0
late,cage,2,6,resnet,False,solarisation,lr,0.0001,0.0001,32,18,0.0451,0.8314,1.3106,0.7805,0.5429,nan,nan,nan,nan,0
late,cage,2,6,resnet,False,solarisation,lr,0.0001,0.0001,32,19,0.0435,1.3311,1.2843,0.8049,0.4714,nan,nan,nan,nan,0
late,cage,2,6,resnet,False,solarisation,lr,0.0001,0.0001,32,20,0.0443,1.1893,1.3168,0.9024,0.5714,nan,nan,nan,nan,0
late,cage,2,7,resnet,False,solarisation,lr,0.0001,0.0001,32,1,0.6940,0.7470,0.6222,0.8182,0.4062,nan,nan,nan,nan,0
late,cage,2,7,resnet,False,solarisation,lr,0.0001,0.0001,32,2,0.6663,0.7584,0.6681,0.6591,0.3438,nan,nan,nan,nan,0
late,cage,2,7,resnet,False,solarisation,lr,0.0001,0.0001,32,3,0.6304,0.7462,0.8196,0.3182,0.4340,nan,nan,nan,nan,0
late,cage,2,7,resnet,False,solarisation,lr,0.0001,0.0001,32,4,0.5629,0.7449,0.7999,0.3409,0.4236,nan,nan,nan,nan,0
late,cage,2,7,resnet,False,solarisation,lr,0.0001,0.0001,32,5,0.4739,0.8360,1.0942,0.2045,0.4896,nan,nan,nan,nan,1
late,cage,2,7,resnet,False,solarisation,lr,0.0001,0.0001,32,6,0.3753,0.8202,0.7739,0.7500,0.4479,nan,nan,nan,nan,1
late,cage,2,7,resnet,False,solarisation,lr,0.0001,0.0001,32,7,0.2711,0.7812,0.8843,0.5000,0.5729,nan,nan,nan,nan,1
late,cage,2,7,resnet,False,solarisation,lr,0.0001,0.0001,32,8,0.2095,0.8919,1.4322,0.3636,0.6458,nan,nan,nan,nan,1
late,cage,2,7,resnet,False,solarisation,lr,0.0001,0.0001,32,9,0.1537,0.7829,1.1781,0.4318,0.5799,nan,nan,nan,nan,1
late,cage,2,7,resnet,False,solarisation,lr,0.0001,0.0001,32,10,0.1170,1.0375,1.0762,0.7955,0.6285,nan,nan,nan,nan,1
late,cage,2,7,resnet,False,solarisation,lr,0.0001,0.0001,32,11,0.0803,0.9140,1.3653,0.4545,0.5694,nan,nan,nan,nan,1
late,cage,2,7,resnet,False,solarisation,lr,0.0001,0.0001,32,12,0.0698,1.0753,1.1991,0.7727,0.6424,1.2701,1.3396,0.7381,0.5074,1
late,cage,2,7,resnet,False,solarisation,lr,0.0001,0.0001,32,13,0.0919,0.9530,0.9998,0.7273,0.5625,nan,nan,nan,nan,0
late,cage,2,7,resnet,False,solarisation,lr,0.0001,0.0001,32,14,0.0855,1.0597,1.0327,0.7955,0.5938,nan,nan,nan,nan,0
late,cage,2,7,resnet,False,solarisation,lr,0.0001,0.0001,32,15,0.0704,1.4815,1.1949,0.8182,0.5069,nan,nan,nan,nan,0
late,cage,2,7,resnet,False,solarisation,lr,0.0001,0.0001,32,16,0.0434,1.8693,1.1762,0.8409,0.5556,nan,nan,nan,nan,0
late,cage,2,7,resnet,False,solarisation,lr,0.0001,0.0001,32,17,0.0394,1.5973,1.3453,0.8409,0.5417,nan,nan,nan,nan,0
late,cage,2,8,resnet,False,solarisation,lr,0.0001,0.0001,32,1,0.6949,0.6926,0.6795,0.6596,0.5321,nan,nan,nan,nan,0
late,cage,2,8,resnet,False,solarisation,lr,0.0001,0.0001,32,2,0.6858,0.6872,0.7031,0.3830,0.6538,nan,nan,nan,nan,0
late,cage,2,8,resnet,False,solarisation,lr,0.0001,0.0001,32,3,0.6754,0.6974,0.7679,0.1702,0.6314,nan,nan,nan,nan,0
late,cage,2,8,resnet,False,solarisation,lr,0.0001,0.0001,32,4,0.6455,0.7449,0.6127,0.8298,0.5224,nan,nan,nan,nan,0
late,cage,2,8,resnet,False,solarisation,lr,0.0001,0.0001,32,5,0.5818,0.7509,0.8379,0.2979,0.4263,0.6948,0.8042,0.3095,0.5662,1
late,cage,2,8,resnet,False,solarisation,lr,0.0001,0.0001,32,6,0.4875,0.8963,0.7183,0.7872,0.3526,nan,nan,nan,nan,0
late,cage,2,8,resnet,False,solarisation,lr,0.0001,0.0001,32,7,0.4012,1.0480,0.8188,0.7660,0.3878,nan,nan,nan,nan,0
late,cage,2,8,resnet,False,solarisation,lr,0.0001,0.0001,32,8,0.2895,0.9169,0.8259,0.7447,0.4071,nan,nan,nan,nan,0
late,cage,2,8,resnet,False,solarisation,lr,0.0001,0.0001,32,9,0.2223,1.0717,1.1383,0.4043,0.3526,nan,nan,nan,nan,0
late,cage,2,8,resnet,False,solarisation,lr,0.0001,0.0001,32,10,0.1853,1.2770,1.0738,0.6809,0.3686,nan,nan,nan,nan,0
late,cage,2,8,resnet,False,solarisation,lr,0.0001,0.0001,32,11,0.1371,1.2612,1.5681,0.4468,0.3237,nan,nan,nan,nan,0
late,cage,2,8,resnet,False,solarisation,lr,0.0001,0.0001,32,12,0.0918,1.6698,1.2711,0.7872,0.3878,nan,nan,nan,nan,0
late,cage,2,8,resnet,False,solarisation,lr,0.0001,0.0001,32,13,0.0941,1.2940,1.1725,0.7234,0.4327,nan,nan,nan,nan,0
late,cage,2,8,resnet,False,solarisation,lr,0.0001,0.0001,32,14,0.0936,1.8557,1.2095,0.8085,0.3622,nan,nan,nan,nan,0
late,cage,2,8,resnet,False,solarisation,lr,0.0001,0.0001,32,15,0.0697,1.8739,1.3831,0.8085,0.3013,nan,nan,nan,nan,0
late,cage,2,8,resnet,False,solarisation,lr,0.0001,0.0001,32,16,0.0571,1.5987,1.4614,0.7234,0.3526,nan,nan,nan,nan,0
late,cage,2,9,resnet,False,solarisation,lr,0.0001,0.0001,32,1,0.6981,0.6765,0.7157,0.2143,0.6229,nan,nan,nan,nan,0
late,cage,2,9,resnet,False,solarisation,lr,0.0001,0.0001,32,2,0.6710,0.7182,0.6448,0.7857,0.6431,nan,nan,nan,nan,0
late,cage,2,9,resnet,False,solarisation,lr,0.0001,0.0001,32,3,0.6266,0.6824,0.7123,0.5238,0.5724,nan,nan,nan,nan,0
late,cage,2,9,resnet,False,solarisation,lr,0.0001,0.0001,32,4,0.5578,0.7150,0.7923,0.4762,0.5455,nan,nan,nan,nan,0
late,cage,2,9,resnet,False,solarisation,lr,0.0001,0.0001,32,5,0.4780,0.7509,0.7215,0.6429,0.6162,nan,nan,nan,nan,1
late,cage,2,9,resnet,False,solarisation,lr,0.0001,0.0001,32,6,0.3855,1.0230,1.6056,0.2143,0.6128,nan,nan,nan,nan,0
late,cage,2,9,resnet,False,solarisation,lr,0.0001,0.0001,32,7,0.2948,0.7856,0.8528,0.7381,0.6061,nan,nan,nan,nan,0
late,cage,2,9,resnet,False,solarisation,lr,0.0001,0.0001,32,8,0.2008,0.8621,1.0186,0.7143,0.6633,1.1001,1.1864,0.6429,0.4669,1
late,cage,2,9,resnet,False,solarisation,lr,0.0001,0.0001,32,9,0.1849,1.4145,1.1506,0.7381,0.5657,nan,nan,nan,nan,0
late,cage,2,9,resnet,False,solarisation,lr,0.0001,0.0001,32,10,0.1369,2.0337,1.2882,0.7619,0.5522,nan,nan,nan,nan,0
late,cage,2,9,resnet,False,solarisation,lr,0.0001,0.0001,32,11,0.0868,1.5479,1.3392,0.7143,0.5960,nan,nan,nan,nan,0
late,cage,2,9,resnet,False,solarisation,lr,0.0001,0.0001,32,12,0.0814,2.2761,1.4720,0.7857,0.5724,nan,nan,nan,nan,0
late,cage,2,9,resnet,False,solarisation,lr,0.0001,0.0001,32,13,0.0929,1.8622,1.2453,0.7857,0.6700,nan,nan,nan,nan,0
late,cage,2,9,resnet,False,solarisation,lr,0.0001,0.0001,32,14,0.0650,1.4778,1.4011,0.7619,0.5455,nan,nan,nan,nan,0
late,cage,2,9,resnet,False,solarisation,lr,0.0001,0.0001,32,15,0.0482,2.3942,1.5451,0.7857,0.6061,nan,nan,nan,nan,0
late,cage,2,9,resnet,False,solarisation,lr,0.0001,0.0001,32,16,0.0340,1.7307,1.4818,0.7857,0.6195,nan,nan,nan,nan,0
late,cage,3,0,resnet,False,solarisation,lr,0.0001,0.0001,32,1,0.7023,0.6945,0.6987,0.4651,0.5317,nan,nan,nan,nan,0
late,cage,3,0,resnet,False,solarisation,lr,0.0001,0.0001,32,2,0.6743,0.7252,0.6990,0.6512,0.4167,nan,nan,nan,nan,0
late,cage,3,0,resnet,False,solarisation,lr,0.0001,0.0001,32,3,0.6400,0.7142,0.7120,0.6047,0.4563,nan,nan,nan,nan,0
late,cage,3,0,resnet,False,solarisation,lr,0.0001,0.0001,32,4,0.5517,0.7894,0.6987,0.8372,0.3889,nan,nan,nan,nan,0
late,cage,3,0,resnet,False,solarisation,lr,0.0001,0.0001,32,5,0.4371,0.8119,1.0164,0.2558,0.3770,0.7493,0.9254,0.3571,0.5224,1
late,cage,3,0,resnet,False,solarisation,lr,0.0001,0.0001,32,6,0.2976,1.1095,1.0181,0.8372,0.2778,nan,nan,nan,nan,0
late,cage,3,0,resnet,False,solarisation,lr,0.0001,0.0001,32,7,0.2125,1.4053,1.9629,0.1628,0.2937,nan,nan,nan,nan,0
late,cage,3,0,resnet,False,solarisation,lr,0.0001,0.0001,32,8,0.1636,1.5367,1.2014,0.8140,0.3452,nan,nan,nan,nan,0
late,cage,3,0,resnet,False,solarisation,lr,0.0001,0.0001,32,9,0.1289,1.1156,1.7494,0.3023,0.4286,nan,nan,nan,nan,0
late,cage,3,0,resnet,False,solarisation,lr,0.0001,0.0001,32,10,0.0818,1.2472,1.9454,0.3721,0.3333,nan,nan,nan,nan,0
late,cage,3,0,resnet,False,solarisation,lr,0.0001,0.0001,32,11,0.0916,1.7859,1.5751,0.7674,0.2500,nan,nan,nan,nan,0
late,cage,3,0,resnet,False,solarisation,lr,0.0001,0.0001,32,12,0.0595,1.6530,1.3641,0.8372,0.3214,nan,nan,nan,nan,0
late,cage,3,0,resnet,False,solarisation,lr,0.0001,0.0001,32,13,0.0541,1.7083,1.7002,0.8372,0.2659,nan,nan,nan,nan,0
late,cage,3,0,resnet,False,solarisation,lr,0.0001,0.0001,32,14,0.0732,2.4516,1.7381,0.8372,0.4365,nan,nan,nan,nan,0
late,cage,3,0,resnet,False,solarisation,lr,0.0001,0.0001,32,15,0.0731,1.5290,1.5027,0.7442,0.3413,nan,nan,nan,nan,0
late,cage,3,0,resnet,False,solarisation,lr,0.0001,0.0001,32,16,0.0276,2.3542,1.7365,0.8372,0.4127,nan,nan,nan,nan,0
late,cage,3,1,resnet,False,solarisation,lr,0.0001,0.0001,32,1,0.7005,0.6911,0.6694,0.8372,0.5238,nan,nan,nan,nan,0
late,cage,3,1,resnet,False,solarisation,lr,0.0001,0.0001,32,2,0.6873,0.7197,0.6691,0.7674,0.4683,nan,nan,nan,nan,0
late,cage,3,1,resnet,False,solarisation,lr,0.0001,0.0001,32,3,0.6535,0.7356,0.6100,0.8372,0.5794,nan,nan,nan,nan,0
late,cage,3,1,resnet,False,solarisation,lr,0.0001,0.0001,32,4,0.5921,0.6907,0.7777,0.4884,0.6270,nan,nan,nan,nan,0
late,cage,3,1,resnet,False,solarisation,lr,0.0001,0.0001,32,5,0.4965,0.6463,0.7438,0.6744,0.6786,0.6436,0.6931,0.7381,0.6857,1
late,cage,3,1,resnet,False,solarisation,lr,0.0001,0.0001,32,6,0.3758,0.7249,0.8933,0.4186,0.5000,nan,nan,nan,nan,0
late,cage,3,1,resnet,False,solarisation,lr,0.0001,0.0001,32,7,0.2731,0.7927,0.8578,0.7907,0.4960,nan,nan,nan,nan,0
late,cage,3,1,resnet,False,solarisation,lr,0.0001,0.0001,32,8,0.1947,1.4353,0.9422,0.8372,0.5397,nan,nan,nan,nan,0
late,cage,3,1,resnet,False,solarisation,lr,0.0001,0.0001,32,9,0.1404,0.9205,1.1490,0.7209,0.5159,nan,nan,nan,nan,0
late,cage,3,1,resnet,False,solarisation,lr,0.0001,0.0001,32,10,0.1234,0.8841,1.0338,0.8372,0.6349,nan,nan,nan,nan,0
late,cage,3,1,resnet,False,solarisation,lr,0.0001,0.0001,32,11,0.0822,1.2542,1.2454,0.8372,0.4960,nan,nan,nan,nan,0
late,cage,3,1,resnet,False,solarisation,lr,0.0001,0.0001,32,12,0.0562,0.8891,1.1207,0.7674,0.6270,nan,nan,nan,nan,0
late,cage,3,1,resnet,False,solarisation,lr,0.0001,0.0001,32,13,0.0695,0.8410,1.6637,0.5349,0.5198,nan,nan,nan,nan,0
late,cage,3,1,resnet,False,solarisation,lr,0.0001,0.0001,32,14,0.0811,1.2230,1.1729,0.7907,0.4881,nan,nan,nan,nan,0
late,cage,3,1,resnet,False,solarisation,lr,0.0001,0.0001,32,15,0.0464,1.0203,1.3362,0.7442,0.4603,nan,nan,nan,nan,0
late,cage,3,1,resnet,False,solarisation,lr,0.0001,0.0001,32,16,0.0582,2.3488,1.4652,0.8372,0.5635,nan,nan,nan,nan,0
late,cage,3,2,resnet,False,solarisation,lr,0.0001,0.0001,32,1,0.6896,0.6708,0.7629,0.2381,0.7537,nan,nan,nan,nan,0
late,cage,3,2,resnet,False,solarisation,lr,0.0001,0.0001,32,2,0.6763,0.6699,0.6600,0.6429,0.6654,nan,nan,nan,nan,0
late,cage,3,2,resnet,False,solarisation,lr,0.0001,0.0001,32,3,0.6585,0.6626,0.7149,0.4048,0.6691,nan,nan,nan,nan,0
late,cage,3,2,resnet,False,solarisation,lr,0.0001,0.0001,32,4,0.5925,0.7375,0.6707,0.8333,0.6434,nan,nan,nan,nan,0
late,cage,3,2,resnet,False,solarisation,lr,0.0001,0.0001,32,5,0.4836,0.9815,1.3523,0.1905,0.6066,1.0245,1.3065,0.1667,0.4776,1
late,cage,3,2,resnet,False,solarisation,lr,0.0001,0.0001,32,6,0.3926,0.7552,0.7926,0.7143,0.5956,nan,nan,nan,nan,0
late,cage,3,2,resnet,False,solarisation,lr,0.0001,0.0001,32,7,0.2818,1.0319,0.9027,0.8333,0.5699,nan,nan,nan,nan,0
late,cage,3,2,resnet,False,solarisation,lr,0.0001,0.0001,32,8,0.1976,0.7696,1.0540,0.7143,0.6507,nan,nan,nan,nan,0
late,cage,3,2,resnet,False,solarisation,lr,0.0001,0.0001,32,9,0.1484,0.8103,1.3367,0.7143,0.6360,nan,nan,nan,nan,0
late,cage,3,2,resnet,False,solarisation,lr,0.0001,0.0001,32,10,0.1262,1.2335,1.0809,0.8333,0.6066,nan,nan,nan,nan,0
late,cage,3,2,resnet,False,solarisation,lr,0.0001,0.0001,32,11,0.0853,1.1105,1.5034,0.4286,0.4338,nan,nan,nan,nan,0
late,cage,3,2,resnet,False,solarisation,lr,0.0001,0.0001,32,12,0.0795,1.3604,1.4628,0.6429,0.3640,nan,nan,nan,nan,0
late,cage,3,2,resnet,False,solarisation,lr,0.0001,0.0001,32,13,0.0575,2.4966,1.5386,0.8095,0.4301,nan,nan,nan,nan,0
late,cage,3,2,resnet,False,solarisation,lr,0.0001,0.0001,32,14,0.0607,1.2915,1.3428,0.8333,0.5294,nan,nan,nan,nan,0
late,cage,3,2,resnet,False,solarisation,lr,0.0001,0.0001,32,15,0.0675,1.5526,1.4542,0.8095,0.5735,nan,nan,nan,nan,0
late,cage,3,2,resnet,False,solarisation,lr,0.0001,0.0001,32,16,0.0406,1.2642,1.3541,0.7857,0.5294,nan,nan,nan,nan,0
late,cage,3,4,resnet,False,solarisation,lr,0.0001,0.0001,32,1,0.6988,0.6782,0.6813,0.5349,0.6500,nan,nan,nan,nan,0
late,cage,3,4,resnet,False,solarisation,lr,0.0001,0.0001,32,2,0.6822,0.6951,0.6626,0.8140,0.6357,nan,nan,nan,nan,0
late,cage,3,4,resnet,False,solarisation,lr,0.0001,0.0001,32,3,0.6430,0.6921,0.7251,0.5116,0.5679,nan,nan,nan,nan,0
late,cage,3,4,resnet,False,solarisation,lr,0.0001,0.0001,32,4,0.5511,1.4800,1.1354,0.8140,0.4429,nan,nan,nan,nan,0
late,cage,3,4,resnet,False,solarisation,lr,0.0001,0.0001,32,5,0.4665,0.7434,0.7463,0.7209,0.6179,0.7800,0.7301,0.7619,0.5306,1
late,cage,3,4,resnet,False,solarisation,lr,0.0001,0.0001,32,6,0.3344,1.2925,1.1529,0.7907,0.6107,nan,nan,nan,nan,0
late,cage,3,4,resnet,False,solarisation,lr,0.0001,0.0001,32,7,0.2563,1.1832,1.1272,0.7907,0.5179,nan,nan,nan,nan,0
late,cage,3,4,resnet,False,solarisation,lr,0.0001,0.0001,32,8,0.1796,1.0060,1.1134,0.7907,0.5250,nan,nan,nan,nan,0
late,cage,3,4,resnet,False,solarisation,lr,0.0001,0.0001,32,9,0.1344,1.4043,1.2841,0.7907,0.5286,nan,nan,nan,nan,0
late,cage,3,4,resnet,False,solarisation,lr,0.0001,0.0001,32,10,0.0922,1.5182,1.4268,0.7907,0.5464,nan,nan,nan,nan,0
late,cage,3,4,resnet,False,solarisation,lr,0.0001,0.0001,32,11,0.0711,0.9022,1.2808,0.7209,0.6071,nan,nan,nan,nan,0
late,cage,3,4,resnet,False,solarisation,lr,0.0001,0.0001,32,12,0.0887,0.9487,1.1229,0.7209,0.5179,nan,nan,nan,nan,0
late,cage,3,4,resnet,False,solarisation,lr,0.0001,0.0001,32,13,0.0893,1.6512,1.5949,0.7907,0.4357,nan,nan,nan,nan,0
late,cage,3,4,resnet,False,solarisation,lr,0.0001,0.0001,32,14,0.0570,2.7073,2.1389,0.7907,0.4321,nan,nan,nan,nan,0
late,cage,3,4,resnet,False,solarisation,lr,0.0001,0.0001,32,15,0.0515,1.9309,1.7343,0.8140,0.6429,nan,nan,nan,nan,0
late,cage,3,4,resnet,False,solarisation,lr,0.0001,0.0001,32,16,0.0618,1.6082,1.4801,0.7907,0.4714,nan,nan,nan,nan,0
late,cage,3,5,resnet,False,solarisation,lr,0.0001,0.0001,32,1,0.6920,0.6963,0.6866,0.5000,0.4946,nan,nan,nan,nan,0
late,cage,3,5,resnet,False,solarisation,lr,0.0001,0.0001,32,2,0.6692,0.7142,0.6913,0.5500,0.4014,nan,nan,nan,nan,0
late,cage,3,5,resnet,False,solarisation,lr,0.0001,0.0001,32,3,0.6359,0.7536,0.8058,0.4750,0.5090,nan,nan,nan,nan,0
late,cage,3,5,resnet,False,solarisation,lr,0.0001,0.0001,32,4,0.5419,0.6996,0.7128,0.6250,0.5950,nan,nan,nan,nan,0
late,cage,3,5,resnet,False,solarisation,lr,0.0001,0.0001,32,5,0.4214,1.0552,0.8451,0.7000,0.5591,0.8229,0.7680,0.8095,0.5837,1
late,cage,3,5,resnet,False,solarisation,lr,0.0001,0.0001,32,6,0.3236,1.1457,0.9713,0.7000,0.4373,nan,nan,nan,nan,0
late,cage,3,5,resnet,False,solarisation,lr,0.0001,0.0001,32,7,0.2274,1.7152,1.2862,0.7500,0.3154,nan,nan,nan,nan,0
late,cage,3,5,resnet,False,solarisation,lr,0.0001,0.0001,32,8,0.1658,1.5822,1.2792,0.7000,0.5197,nan,nan,nan,nan,0
late,cage,3,5,resnet,False,solarisation,lr,0.0001,0.0001,32,9,0.1449,2.1522,1.5221,0.7500,0.4946,nan,nan,nan,nan,0
late,cage,3,5,resnet,False,solarisation,lr,0.0001,0.0001,32,10,0.0997,2.0758,1.4861,0.7500,0.4659,nan,nan,nan,nan,0
late,cage,3,5,resnet,False,solarisation,lr,0.0001,0.0001,32,11,0.0979,2.1990,1.7157,0.7000,0.3907,nan,nan,nan,nan,0
late,cage,3,5,resnet,False,solarisation,lr,0.0001,0.0001,32,12,0.0580,3.0048,2.0276,0.7750,0.4158,nan,nan,nan,nan,0
late,cage,3,5,resnet,False,solarisation,lr,0.0001,0.0001,32,13,0.0446,2.1727,1.6573,0.7000,0.5018,nan,nan,nan,nan,0
late,cage,3,5,resnet,False,solarisation,lr,0.0001,0.0001,32,14,0.0516,1.8716,1.6383,0.6750,0.5125,nan,nan,nan,nan,0
late,cage,3,5,resnet,False,solarisation,lr,0.0001,0.0001,32,15,0.0463,2.2369,1.8062,0.7250,0.3548,nan,nan,nan,nan,0
late,cage,3,5,resnet,False,solarisation,lr,0.0001,0.0001,32,16,0.0524,2.1750,1.8551,0.6750,0.3799,nan,nan,nan,nan,0
late,cage,3,6,resnet,False,solarisation,lr,0.0001,0.0001,32,1,0.6932,0.6943,0.6818,0.6585,0.4571,nan,nan,nan,nan,0
late,cage,3,6,resnet,False,solarisation,lr,0.0001,0.0001,32,2,0.6876,0.6945,0.6932,0.4390,0.4810,nan,nan,nan,nan,0
late,cage,3,6,resnet,False,solarisation,lr,0.0001,0.0001,32,3,0.6732,0.6867,0.6828,0.5854,0.5667,nan,nan,nan,nan,0
late,cage,3,6,resnet,False,solarisation,lr,0.0001,0.0001,32,4,0.6408,0.6829,0.6698,0.7561,0.5714,nan,nan,nan,nan,0
late,cage,3,6,resnet,False,solarisation,lr,0.0001,0.0001,32,5,0.5583,0.6760,0.6305,0.8049,0.6667,nan,nan,nan,nan,1
late,cage,3,6,resnet,False,solarisation,lr,0.0001,0.0001,32,6,0.4571,0.6820,0.7535,0.6341,0.5667,nan,nan,nan,nan,1
late,cage,3,6,resnet,False,solarisation,lr,0.0001,0.0001,32,7,0.3597,0.8768,0.7348,0.8293,0.5143,nan,nan,nan,nan,1
late,cage,3,6,resnet,False,solarisation,lr,0.0001,0.0001,32,8,0.2605,0.6934,0.7687,0.7805,0.6476,nan,nan,nan,nan,1
late,cage,3,6,resnet,False,solarisation,lr,0.0001,0.0001,32,9,0.1878,0.6419,0.9984,0.5610,0.7048,nan,nan,nan,nan,1
late,cage,3,6,resnet,False,solarisation,lr,0.0001,0.0001,32,10,0.1438,0.9736,0.9572,0.8293,0.6619,nan,nan,nan,nan,0
late,cage,3,6,resnet,False,solarisation,lr,0.0001,0.0001,32,11,0.1107,0.6755,0.8207,0.8293,0.7571,nan,nan,nan,nan,1
late,cage,3,6,resnet,False,solarisation,lr,0.0001,0.0001,32,12,0.0857,1.0661,1.0030,0.8537,0.7381,nan,nan,nan,nan,1
late,cage,3,6,resnet,False,solarisation,lr,0.0001,0.0001,32,13,0.0581,1.2796,1.1521,0.8537,0.6333,nan,nan,nan,nan,0
late,cage,3,6,resnet,False,solarisation,lr,0.0001,0.0001,32,14,0.0745,1.2498,0.9772,0.8537,0.7048,nan,nan,nan,nan,0
late,cage,3,6,resnet,False,solarisation,lr,0.0001,0.0001,32,15,0.0600,1.5630,1.1630,0.8537,0.7571,nan,nan,nan,nan,1
late,cage,3,6,resnet,False,solarisation,lr,0.0001,0.0001,32,16,0.0603,1.4931,1.0943,0.8537,0.7571,nan,nan,nan,nan,0
late,cage,3,6,resnet,False,solarisation,lr,0.0001,0.0001,32,17,0.0396,1.5349,1.2659,0.8537,0.7000,nan,nan,nan,nan,0
late,cage,3,6,resnet,False,solarisation,lr,0.0001,0.0001,32,18,0.0510,0.9223,0.9849,0.8780,0.7238,nan,nan,nan,nan,1
late,cage,3,6,resnet,False,solarisation,lr,0.0001,0.0001,32,19,0.0351,1.2973,1.1442,0.8537,0.7381,1.9143,1.4556,0.8333,0.3633,1
late,cage,3,6,resnet,False,solarisation,lr,0.0001,0.0001,32,20,0.0434,1.0376,1.0757,0.9024,0.7048,nan,nan,nan,nan,0
late,cage,3,6,resnet,False,solarisation,lr,0.0001,0.0001,32,21,0.0333,1.3818,1.1812,0.8537,0.7429,nan,nan,nan,nan,0
late,cage,3,6,resnet,False,solarisation,lr,0.0001,0.0001,32,22,0.0197,1.6019,1.3772,0.8537,0.7095,nan,nan,nan,nan,0
late,cage,3,6,resnet,False,solarisation,lr,0.0001,0.0001,32,23,0.0294,1.5580,1.3954,0.8537,0.7286,nan,nan,nan,nan,0
late,cage,3,6,resnet,False,solarisation,lr,0.0001,0.0001,32,24,0.0306,2.7255,1.9163,0.8537,0.3952,nan,nan,nan,nan,0
late,cage,3,7,resnet,False,solarisation,lr,0.0001,0.0001,32,1,0.6999,0.7200,0.6347,0.8182,0.4201,nan,nan,nan,nan,0
late,cage,3,7,resnet,False,solarisation,lr,0.0001,0.0001,32,2,0.6838,0.7094,0.6183,0.8182,0.5799,nan,nan,nan,nan,0
late,cage,3,7,resnet,False,solarisation,lr,0.0001,0.0001,32,3,0.6494,0.7640,0.7923,0.5227,0.4618,nan,nan,nan,nan,0
late,cage,3,7,resnet,False,solarisation,lr,0.0001,0.0001,32,4,0.5935,0.7578,0.6619,0.7273,0.4028,nan,nan,nan,nan,0
late,cage,3,7,resnet,False,solarisation,lr,0.0001,0.0001,32,5,0.5088,0.7937,0.9578,0.2500,0.5486,nan,nan,nan,nan,1
late,cage,3,7,resnet,False,solarisation,lr,0.0001,0.0001,32,6,0.3969,0.7168,0.7912,0.7500,0.6076,nan,nan,nan,nan,1
late,cage,3,7,resnet,False,solarisation,lr,0.0001,0.0001,32,7,0.3026,1.4933,0.9365,0.8182,0.5660,nan,nan,nan,nan,0
late,cage,3,7,resnet,False,solarisation,lr,0.0001,0.0001,32,8,0.2177,1.0671,1.0350,0.7273,0.5764,nan,nan,nan,nan,1
late,cage,3,7,resnet,False,solarisation,lr,0.0001,0.0001,32,9,0.1647,1.7259,1.1298,0.8182,0.6076,nan,nan,nan,nan,1
late,cage,3,7,resnet,False,solarisation,lr,0.0001,0.0001,32,10,0.1581,2.1477,1.2409,0.8182,0.5035,nan,nan,nan,nan,0
late,cage,3,7,resnet,False,solarisation,lr,0.0001,0.0001,32,11,0.0721,2.0062,1.2720,0.8182,0.5625,nan,nan,nan,nan,0
late,cage,3,7,resnet,False,solarisation,lr,0.0001,0.0001,32,12,0.0878,2.5063,1.5063,0.8182,0.6424,nan,nan,nan,nan,0
late,cage,3,7,resnet,False,solarisation,lr,0.0001,0.0001,32,13,0.0732,2.6086,1.6141,0.8182,0.5382,nan,nan,nan,nan,0
late,cage,3,7,resnet,False,solarisation,lr,0.0001,0.0001,32,14,0.0673,2.0807,1.4625,0.8182,0.5382,nan,nan,nan,nan,0
late,cage,3,7,resnet,False,solarisation,lr,0.0001,0.0001,32,15,0.0644,2.7307,1.5208,0.8182,0.5694,nan,nan,nan,nan,0
late,cage,3,7,resnet,False,solarisation,lr,0.0001,0.0001,32,16,0.0329,2.5615,1.5260,0.8182,0.6910,2.1128,1.5274,0.8333,0.8286,1
late,cage,3,7,resnet,False,solarisation,lr,0.0001,0.0001,32,17,0.0591,2.1833,1.6541,0.7500,0.5208,nan,nan,nan,nan,0
late,cage,3,7,resnet,False,solarisation,lr,0.0001,0.0001,32,18,0.0494,2.0525,1.3698,0.7955,0.5625,nan,nan,nan,nan,0
late,cage,3,7,resnet,False,solarisation,lr,0.0001,0.0001,32,19,0.0246,3.6288,1.9677,0.8182,0.5069,nan,nan,nan,nan,0
late,cage,3,7,resnet,False,solarisation,lr,0.0001,0.0001,32,20,0.0380,3.0492,1.7721,0.8182,0.6111,nan,nan,nan,nan,0
late,cage,3,7,resnet,False,solarisation,lr,0.0001,0.0001,32,21,0.0329,2.4452,1.6584,0.8182,0.4931,nan,nan,nan,nan,0
late,cage,3,8,resnet,False,solarisation,lr,0.0001,0.0001,32,1,0.6998,0.7520,0.8915,0.1702,0.4872,nan,nan,nan,nan,0
late,cage,3,8,resnet,False,solarisation,lr,0.0001,0.0001,32,2,0.6818,0.6846,0.6434,0.7660,0.6090,nan,nan,nan,nan,0
late,cage,3,8,resnet,False,solarisation,lr,0.0001,0.0001,32,3,0.6472,0.6650,0.6970,0.5106,0.6250,nan,nan,nan,nan,0
late,cage,3,8,resnet,False,solarisation,lr,0.0001,0.0001,32,4,0.5887,0.6849,0.7337,0.4894,0.6538,nan,nan,nan,nan,0
late,cage,3,8,resnet,False,solarisation,lr,0.0001,0.0001,32,5,0.4828,0.7161,0.7223,0.7021,0.5513,nan,nan,nan,nan,1
late,cage,3,8,resnet,False,solarisation,lr,0.0001,0.0001,32,6,0.3549,0.9075,0.8162,0.7660,0.6058,0.7995,0.8057,0.8095,0.6490,1
late,cage,3,8,resnet,False,solarisation,lr,0.0001,0.0001,32,7,0.2487,1.4775,0.9302,0.8298,0.4712,nan,nan,nan,nan,0
late,cage,3,8,resnet,False,solarisation,lr,0.0001,0.0001,32,8,0.1843,0.9473,0.9318,0.7234,0.4872,nan,nan,nan,nan,0
late,cage,3,8,resnet,False,solarisation,lr,0.0001,0.0001,32,9,0.1366,1.0003,1.1145,0.7660,0.6026,nan,nan,nan,nan,0
late,cage,3,8,resnet,False,solarisation,lr,0.0001,0.0001,32,10,0.0910,1.4893,1.0749,0.8085,0.5673,nan,nan,nan,nan,0
late,cage,3,8,resnet,False,solarisation,lr,0.0001,0.0001,32,11,0.0577,1.4195,1.2261,0.7872,0.5833,nan,nan,nan,nan,0
late,cage,3,8,resnet,False,solarisation,lr,0.0001,0.0001,32,12,0.0612,2.3933,1.4169,0.8298,0.4391,nan,nan,nan,nan,0
late,cage,3,8,resnet,False,solarisation,lr,0.0001,0.0001,32,13,0.0460,1.2652,1.1976,0.7021,0.4487,nan,nan,nan,nan,0
late,cage,3,8,resnet,False,solarisation,lr,0.0001,0.0001,32,14,0.0716,2.4817,1.4263,0.8298,0.5353,nan,nan,nan,nan,0
late,cage,3,8,resnet,False,solarisation,lr,0.0001,0.0001,32,15,0.0845,0.8649,0.9686,0.8085,0.6955,nan,nan,nan,nan,0
late,cage,3,8,resnet,False,solarisation,lr,0.0001,0.0001,32,16,0.0621,0.9421,1.0048,0.8085,0.6827,nan,nan,nan,nan,0
late,cage,3,9,resnet,False,solarisation,lr,0.0001,0.0001,32,1,0.6985,0.6926,0.6927,0.5714,0.5286,nan,nan,nan,nan,0
late,cage,3,9,resnet,False,solarisation,lr,0.0001,0.0001,32,2,0.6796,0.6970,0.6573,0.7857,0.6667,nan,nan,nan,nan,0
late,cage,3,9,resnet,False,solarisation,lr,0.0001,0.0001,32,3,0.6210,0.6323,0.7608,0.4286,0.7138,nan,nan,nan,nan,0
late,cage,3,9,resnet,False,solarisation,lr,0.0001,0.0001,32,4,0.5282,0.7023,0.7191,0.6429,0.5993,nan,nan,nan,nan,0
late,cage,3,9,resnet,False,solarisation,lr,0.0001,0.0001,32,5,0.4154,0.7842,1.1734,0.2143,0.6599,nan,nan,nan,nan,1
late,cage,3,9,resnet,False,solarisation,lr,0.0001,0.0001,32,6,0.3052,0.7720,0.7783,0.7143,0.5892,0.8031,0.8523,0.6667,0.5184,1
late,cage,3,9,resnet,False,solarisation,lr,0.0001,0.0001,32,7,0.2287,0.7727,1.2996,0.4762,0.5892,nan,nan,nan,nan,0
late,cage,3,9,resnet,False,solarisation,lr,0.0001,0.0001,32,8,0.1543,1.1270,1.0713,0.7143,0.6027,nan,nan,nan,nan,0
late,cage,3,9,resnet,False,solarisation,lr,0.0001,0.0001,32,9,0.1089,1.6258,1.1682,0.7619,0.5017,nan,nan,nan,nan,0
late,cage,3,9,resnet,False,solarisation,lr,0.0001,0.0001,32,10,0.1081,1.3970,1.1874,0.7619,0.5084,nan,nan,nan,nan,0
late,cage,3,9,resnet,False,solarisation,lr,0.0001,0.0001,32,11,0.0786,1.2636,1.2434,0.7143,0.5421,nan,nan,nan,nan,0
late,cage,3,9,resnet,False,solarisation,lr,0.0001,0.0001,32,12,0.0577,1.7733,1.2460,0.7619,0.5859,nan,nan,nan,nan,0
late,cage,3,9,resnet,False,solarisation,lr,0.0001,0.0001,32,13,0.0624,1.8221,1.2417,0.7619,0.6162,nan,nan,nan,nan,0
late,cage,3,9,resnet,False,solarisation,lr,0.0001,0.0001,32,14,0.0436,2.0685,1.4238,0.7619,0.5320,nan,nan,nan,nan,0
late,cage,3,9,resnet,False,solarisation,lr,0.0001,0.0001,32,15,0.0631,1.9020,1.4495,0.7381,0.6330,nan,nan,nan,nan,0
late,cage,3,9,resnet,False,solarisation,lr,0.0001,0.0001,32,16,0.0871,1.3704,1.1897,0.7381,0.5556,nan,nan,nan,nan,0
late,cage,4,0,resnet,False,solarisation,lr,0.0001,0.0001,32,1,0.7063,0.7409,0.6531,0.8372,0.3294,nan,nan,nan,nan,0
late,cage,4,0,resnet,False,solarisation,lr,0.0001,0.0001,32,2,0.6778,0.7833,0.9196,0.1628,0.4484,nan,nan,nan,nan,0
late,cage,4,0,resnet,False,solarisation,lr,0.0001,0.0001,32,3,0.6437,0.7658,0.8579,0.1628,0.3532,nan,nan,nan,nan,0
late,cage,4,0,resnet,False,solarisation,lr,0.0001,0.0001,32,4,0.5781,0.8151,0.7384,0.7674,0.3016,nan,nan,nan,nan,0
late,cage,4,0,resnet,False,solarisation,lr,0.0001,0.0001,32,5,0.4919,0.7540,0.9376,0.2791,0.5397,nan,nan,nan,nan,1
late,cage,4,0,resnet,False,solarisation,lr,0.0001,0.0001,32,6,0.3835,1.0026,0.8559,0.8372,0.5754,nan,nan,nan,nan,1
late,cage,4,0,resnet,False,solarisation,lr,0.0001,0.0001,32,7,0.2783,0.9357,0.9509,0.7209,0.5278,nan,nan,nan,nan,1
late,cage,4,0,resnet,False,solarisation,lr,0.0001,0.0001,32,8,0.1997,0.7495,0.9486,0.6977,0.5992,nan,nan,nan,nan,1
late,cage,4,0,resnet,False,solarisation,lr,0.0001,0.0001,32,9,0.1508,1.2060,1.1247,0.7907,0.5000,1.1982,1.3702,0.8140,0.5357,1
late,cage,4,0,resnet,False,solarisation,lr,0.0001,0.0001,32,10,0.1169,2.1530,1.4888,0.8372,0.5198,nan,nan,nan,nan,0
late,cage,4,0,resnet,False,solarisation,lr,0.0001,0.0001,32,11,0.0957,1.4022,1.1951,0.7907,0.4762,nan,nan,nan,nan,0
late,cage,4,0,resnet,False,solarisation,lr,0.0001,0.0001,32,12,0.0692,1.5183,1.3063,0.8140,0.5317,nan,nan,nan,nan,0
late,cage,4,0,resnet,False,solarisation,lr,0.0001,0.0001,32,13,0.0585,1.3756,1.3030,0.8372,0.4603,nan,nan,nan,nan,0
late,cage,4,0,resnet,False,solarisation,lr,0.0001,0.0001,32,14,0.0577,1.1352,1.7218,0.4419,0.3135,nan,nan,nan,nan,0
late,cage,4,0,resnet,False,solarisation,lr,0.0001,0.0001,32,15,0.0941,1.6985,1.2943,0.8372,0.6071,nan,nan,nan,nan,0
late,cage,4,0,resnet,False,solarisation,lr,0.0001,0.0001,32,16,0.0438,1.6396,1.4660,0.8140,0.5952,nan,nan,nan,nan,0
late,cage,4,1,resnet,False,solarisation,lr,0.0001,0.0001,32,1,0.7047,0.6884,0.6721,0.8372,0.6429,nan,nan,nan,nan,0
late,cage,4,1,resnet,False,solarisation,lr,0.0001,0.0001,32,2,0.6869,0.7056,0.7611,0.1860,0.5278,nan,nan,nan,nan,0
late,cage,4,1,resnet,False,solarisation,lr,0.0001,0.0001,32,3,0.6600,0.7108,0.7740,0.2093,0.5357,nan,nan,nan,nan,0
late,cage,4,1,resnet,False,solarisation,lr,0.0001,0.0001,32,4,0.6055,0.8050,1.0539,0.1860,0.5238,nan,nan,nan,nan,0
late,cage,4,1,resnet,False,solarisation,lr,0.0001,0.0001,32,5,0.5325,0.7142,0.8760,0.3721,0.5397,0.7104,0.7939,0.4186,0.5250,1
late,cage,4,1,resnet,False,solarisation,lr,0.0001,0.0001,32,6,0.4114,1.0988,0.8441,0.7907,0.4683,nan,nan,nan,nan,0
late,cage,4,1,resnet,False,solarisation,lr,0.0001,0.0001,32,7,0.3311,1.4335,1.1179,0.8140,0.4405,nan,nan,nan,nan,0
late,cage,4,1,resnet,False,solarisation,lr,0.0001,0.0001,32,8,0.2283,1.3579,1.0684,0.8140,0.3651,nan,nan,nan,nan,0
late,cage,4,1,resnet,False,solarisation,lr,0.0001,0.0001,32,9,0.1685,1.3587,1.2893,0.7674,0.3889,nan,nan,nan,nan,0
late,cage,4,1,resnet,False,solarisation,lr,0.0001,0.0001,32,10,0.1234,2.2335,1.3737,0.8372,0.3373,nan,nan,nan,nan,0
late,cage,4,1,resnet,False,solarisation,lr,0.0001,0.0001,32,11,0.1104,1.5166,1.3202,0.7674,0.4563,nan,nan,nan,nan,0
late,cage,4,1,resnet,False,solarisation,lr,0.0001,0.0001,32,12,0.0799,1.6366,1.4317,0.7907,0.4444,nan,nan,nan,nan,0
late,cage,4,1,resnet,False,solarisation,lr,0.0001,0.0001,32,13,0.0791,1.0402,1.8366,0.4186,0.5317,nan,nan,nan,nan,0
late,cage,4,1,resnet,False,solarisation,lr,0.0001,0.0001,32,14,0.0715,1.7794,1.4225,0.7907,0.4444,nan,nan,nan,nan,0
late,cage,4,1,resnet,False,solarisation,lr,0.0001,0.0001,32,15,0.0491,1.4819,1.5042,0.6977,0.4008,nan,nan,nan,nan,0
late,cage,4,1,resnet,False,solarisation,lr,0.0001,0.0001,32,16,0.0737,1.4627,1.3109,0.7907,0.4960,nan,nan,nan,nan,0
late,cage,4,2,resnet,False,solarisation,lr,0.0001,0.0001,32,1,0.6988,0.7292,0.6594,0.8095,0.2904,nan,nan,nan,nan,0
late,cage,4,2,resnet,False,solarisation,lr,0.0001,0.0001,32,2,0.6845,0.6924,0.6795,0.7143,0.5662,nan,nan,nan,nan,0
late,cage,4,2,resnet,False,solarisation,lr,0.0001,0.0001,32,3,0.6577,0.7649,0.9798,0.1905,0.5257,nan,nan,nan,nan,0
late,cage,4,2,resnet,False,solarisation,lr,0.0001,0.0001,32,4,0.5894,0.7314,0.6665,0.7857,0.5809,nan,nan,nan,nan,0
late,cage,4,2,resnet,False,solarisation,lr,0.0001,0.0001,32,5,0.4918,0.8798,0.6837,0.8095,0.5699,nan,nan,nan,nan,1
late,cage,4,2,resnet,False,solarisation,lr,0.0001,0.0001,32,6,0.3889,0.8075,0.8757,0.6190,0.4743,0.8315,0.9481,0.5349,0.4036,1
late,cage,4,2,resnet,False,solarisation,lr,0.0001,0.0001,32,7,0.2712,1.2005,0.9278,0.7857,0.5074,nan,nan,nan,nan,0
late,cage,4,2,resnet,False,solarisation,lr,0.0001,0.0001,32,8,0.1999,1.4548,1.0198,0.8095,0.5441,nan,nan,nan,nan,0
late,cage,4,2,resnet,False,solarisation,lr,0.0001,0.0001,32,9,0.1560,1.1655,1.1138,0.7381,0.4779,nan,nan,nan,nan,0
late,cage,4,2,resnet,False,solarisation,lr,0.0001,0.0001,32,10,0.1023,1.9908,1.2252,0.8095,0.5404,nan,nan,nan,nan,0
late,cage,4,2,resnet,False,solarisation,lr,0.0001,0.0001,32,11,0.0894,1.3731,1.1973,0.7381,0.3566,nan,nan,nan,nan,0
late,cage,4,2,resnet,False,solarisation,lr,0.0001,0.0001,32,12,0.0761,1.8371,1.2373,0.8095,0.4338,nan,nan,nan,nan,0
late,cage,4,2,resnet,False,solarisation,lr,0.0001,0.0001,32,13,0.0831,1.8756,1.3287,0.8095,0.5221,nan,nan,nan,nan,0
late,cage,4,2,resnet,False,solarisation,lr,0.0001,0.0001,32,14,0.0730,1.7127,1.3132,0.8095,0.3971,nan,nan,nan,nan,0
late,cage,4,2,resnet,False,solarisation,lr,0.0001,0.0001,32,15,0.0504,2.6787,1.6284,0.8095,0.4044,nan,nan,nan,nan,0
late,cage,4,2,resnet,False,solarisation,lr,0.0001,0.0001,32,16,0.0364,2.0746,1.3629,0.8095,0.5368,nan,nan,nan,nan,0
late,cage,4,3,resnet,False,solarisation,lr,0.0001,0.0001,32,1,0.6988,0.6956,0.6490,0.8333,0.5714,nan,nan,nan,nan,0
late,cage,4,3,resnet,False,solarisation,lr,0.0001,0.0001,32,2,0.6917,0.7196,0.6084,0.8333,0.6449,nan,nan,nan,nan,0
late,cage,4,3,resnet,False,solarisation,lr,0.0001,0.0001,32,3,0.6831,0.6903,0.7187,0.2619,0.6041,nan,nan,nan,nan,0
late,cage,4,3,resnet,False,solarisation,lr,0.0001,0.0001,32,4,0.6583,0.6887,0.7339,0.4762,0.5837,nan,nan,nan,nan,0
late,cage,4,3,resnet,False,solarisation,lr,0.0001,0.0001,32,5,0.5922,0.6733,0.6199,0.7857,0.6816,nan,nan,nan,nan,1
late,cage,4,3,resnet,False,solarisation,lr,0.0001,0.0001,32,6,0.4968,0.7552,0.9726,0.1667,0.6449,nan,nan,nan,nan,1
late,cage,4,3,resnet,False,solarisation,lr,0.0001,0.0001,32,7,0.3937,0.6215,0.7883,0.6429,0.7510,nan,nan,nan,nan,1
late,cage,4,3,resnet,False,solarisation,lr,0.0001,0.0001,32,8,0.3070,0.8202,1.1682,0.3095,0.6082,nan,nan,nan,nan,0
late,cage,4,3,resnet,False,solarisation,lr,0.0001,0.0001,32,9,0.2152,0.9447,0.8286,0.8333,0.6531,1.1274,1.1618,0.7674,0.4964,1
late,cage,4,3,resnet,False,solarisation,lr,0.0001,0.0001,32,10,0.1454,1.4747,1.0517,0.8333,0.6204,nan,nan,nan,nan,0
late,cage,4,3,resnet,False,solarisation,lr,0.0001,0.0001,32,11,0.1408,1.0217,1.0389,0.8095,0.5796,nan,nan,nan,nan,0
late,cage,4,3,resnet,False,solarisation,lr,0.0001,0.0001,32,12,0.1139,1.2627,1.0944,0.8095,0.6571,nan,nan,nan,nan,0
late,cage,4,3,resnet,False,solarisation,lr,0.0001,0.0001,32,13,0.0580,1.2768,1.1420,0.8333,0.6735,nan,nan,nan,nan,0
late,cage,4,3,resnet,False,solarisation,lr,0.0001,0.0001,32,14,0.0699,1.5300,1.2570,0.8333,0.6122,nan,nan,nan,nan,0
late,cage,4,3,resnet,False,solarisation,lr,0.0001,0.0001,32,15,0.0598,1.2705,1.2438,0.8095,0.6735,nan,nan,nan,nan,0
late,cage,4,3,resnet,False,solarisation,lr,0.0001,0.0001,32,16,0.0769,0.8866,1.2090,0.7143,0.6082,nan,nan,nan,nan,0
late,cage,4,5,resnet,False,solarisation,lr,0.0001,0.0001,32,1,0.7031,0.6986,0.6871,0.6000,0.4659,nan,nan,nan,nan,0
late,cage,4,5,resnet,False,solarisation,lr,0.0001,0.0001,32,2,0.6662,0.7791,0.6848,0.7750,0.3369,nan,nan,nan,nan,0
late,cage,4,5,resnet,False,solarisation,lr,0.0001,0.0001,32,3,0.6156,0.7728,0.7400,0.6750,0.4444,nan,nan,nan,nan,0
late,cage,4,5,resnet,False,solarisation,lr,0.0001,0.0001,32,4,0.5312,0.7469,0.8325,0.3500,0.3943,nan,nan,nan,nan,0
late,cage,4,5,resnet,False,solarisation,lr,0.0001,0.0001,32,5,0.4199,0.7291,0.7568,0.6000,0.5699,nan,nan,nan,nan,1
late,cage,4,5,resnet,False,solarisation,lr,0.0001,0.0001,32,6,0.3139,0.9349,0.9516,0.6250,0.4050,nan,nan,nan,nan,0
late,cage,4,5,resnet,False,solarisation,lr,0.0001,0.0001,32,7,0.2356,1.0973,1.0682,0.6500,0.4516,0.8757,1.1043,0.6512,0.5357,1
late,cage,4,5,resnet,False,solarisation,lr,0.0001,0.0001,32,8,0.1541,3.0942,1.9934,0.7750,0.3728,nan,nan,nan,nan,0
late,cage,4,5,resnet,False,solarisation,lr,0.0001,0.0001,32,9,0.1272,2.6153,1.7198,0.7750,0.4337,nan,nan,nan,nan,0
late,cage,4,5,resnet,False,solarisation,lr,0.0001,0.0001,32,10,0.1115,3.9988,2.5334,0.7750,0.4409,nan,nan,nan,nan,0
late,cage,4,5,resnet,False,solarisation,lr,0.0001,0.0001,32,11,0.0765,3.8480,2.4556,0.7750,0.3405,nan,nan,nan,nan,0
late,cage,4,5,resnet,False,solarisation,lr,0.0001,0.0001,32,12,0.0515,2.3912,1.7311,0.7750,0.4552,nan,nan,nan,nan,0
late,cage,4,5,resnet,False,solarisation,lr,0.0001,0.0001,32,13,0.0672,3.1358,2.0428,0.7750,0.4659,nan,nan,nan,nan,0
late,cage,4,5,resnet,False,solarisation,lr,0.0001,0.0001,32,14,0.0583,3.5874,2.3469,0.7750,0.3978,nan,nan,nan,nan,0
late,cage,4,5,resnet,False,solarisation,lr,0.0001,0.0001,32,15,0.0690,2.0180,1.9054,0.6500,0.5269,nan,nan,nan,nan,0
late,cage,4,5,resnet,False,solarisation,lr,0.0001,0.0001,32,16,0.0505,2.9637,2.2455,0.7500,0.3871,nan,nan,nan,nan,0
late,cage,4,6,resnet,False,solarisation,lr,0.0001,0.0001,32,1,0.7019,0.6978,0.6925,0.4878,0.4238,nan,nan,nan,nan,0
late,cage,4,6,resnet,False,solarisation,lr,0.0001,0.0001,32,2,0.6874,0.7057,0.7137,0.3902,0.4762,nan,nan,nan,nan,0
late,cage,4,6,resnet,False,solarisation,lr,0.0001,0.0001,32,3,0.6657,0.8624,1.0109,0.1463,0.4095,nan,nan,nan,nan,0
late,cage,4,6,resnet,False,solarisation,lr,0.0001,0.0001,32,4,0.6202,0.7362,0.8001,0.1463,0.6381,nan,nan,nan,nan,0
late,cage,4,6,resnet,False,solarisation,lr,0.0001,0.0001,32,5,0.5443,0.7540,0.6378,0.8537,0.4952,nan,nan,nan,nan,1
late,cage,4,6,resnet,False,solarisation,lr,0.0001,0.0001,32,6,0.4540,0.8156,1.0118,0.1951,0.6095,nan,nan,nan,nan,1
late,cage,4,6,resnet,False,solarisation,lr,0.0001,0.0001,32,7,0.3218,0.9122,1.2237,0.1951,0.5619,nan,nan,nan,nan,1
late,cage,4,6,resnet,False,solarisation,lr,0.0001,0.0001,32,8,0.2567,0.8619,0.8073,0.8537,0.5476,0.9955,0.9694,0.8140,0.4893,1
late,cage,4,6,resnet,False,solarisation,lr,0.0001,0.0001,32,9,0.1723,1.1638,1.0522,0.8049,0.4095,nan,nan,nan,nan,0
late,cage,4,6,resnet,False,solarisation,lr,0.0001,0.0001,32,10,0.1475,1.2353,0.9211,0.8537,0.4429,nan,nan,nan,nan,0
late,cage,4,6,resnet,False,solarisation,lr,0.0001,0.0001,32,11,0.1024,0.8785,0.9031,0.8293,0.6143,nan,nan,nan,nan,0
late,cage,4,6,resnet,False,solarisation,lr,0.0001,0.0001,32,12,0.0849,1.6662,1.1434,0.8537,0.4238,nan,nan,nan,nan,0
late,cage,4,6,resnet,False,solarisation,lr,0.0001,0.0001,32,13,0.0697,1.9112,1.3625,0.8537,0.5667,nan,nan,nan,nan,0
late,cage,4,6,resnet,False,solarisation,lr,0.0001,0.0001,32,14,0.0648,1.4589,1.1230,0.8537,0.6952,nan,nan,nan,nan,0
late,cage,4,6,resnet,False,solarisation,lr,0.0001,0.0001,32,15,0.0478,1.8682,1.3190,0.8537,0.5381,nan,nan,nan,nan,0
late,cage,4,6,resnet,False,solarisation,lr,0.0001,0.0001,32,16,0.0351,1.4708,1.1760,0.8537,0.6524,nan,nan,nan,nan,0
late,cage,4,7,resnet,False,solarisation,lr,0.0001,0.0001,32,1,0.6978,0.6997,0.6779,0.7045,0.4271,nan,nan,nan,nan,0
late,cage,4,7,resnet,False,solarisation,lr,0.0001,0.0001,32,2,0.6787,0.7538,0.6420,0.8182,0.3264,nan,nan,nan,nan,0
late,cage,4,7,resnet,False,solarisation,lr,0.0001,0.0001,32,3,0.6489,0.7640,0.6507,0.7955,0.4896,nan,nan,nan,nan,0
late,cage,4,7,resnet,False,solarisation,lr,0.0001,0.0001,32,4,0.5829,0.7879,0.7326,0.5682,0.4444,nan,nan,nan,nan,0
late,cage,4,7,resnet,False,solarisation,lr,0.0001,0.0001,32,5,0.4832,0.7789,0.7218,0.7727,0.5625,nan,nan,nan,nan,1
late,cage,4,7,resnet,False,solarisation,lr,0.0001,0.0001,32,6,0.3902,0.7482,0.9189,0.4773,0.5556,nan,nan,nan,nan,1
late,cage,4,7,resnet,False,solarisation,lr,0.0001,0.0001,32,7,0.2582,1.1292,0.9049,0.7955,0.5660,nan,nan,nan,nan,1
late,cage,4,7,resnet,False,solarisation,lr,0.0001,0.0001,32,8,0.2009,1.9529,1.1378,0.8182,0.5590,nan,nan,nan,nan,1
late,cage,4,7,resnet,False,solarisation,lr,0.0001,0.0001,32,9,0.1487,2.0792,1.3834,0.8182,0.5938,2.3423,2.0109,0.8140,0.4321,1
late,cage,4,7,resnet,False,solarisation,lr,0.0001,0.0001,32,10,0.1148,1.7348,1.1931,0.8182,0.5486,nan,nan,nan,nan,0
late,cage,4,7,resnet,False,solarisation,lr,0.0001,0.0001,32,11,0.0996,2.0575,1.3008,0.8182,0.4340,nan,nan,nan,nan,0
late,cage,4,7,resnet,False,solarisation,lr,0.0001,0.0001,32,12,0.0733,2.1783,1.3992,0.8182,0.6146,nan,nan,nan,nan,0
late,cage,4,7,resnet,False,solarisation,lr,0.0001,0.0001,32,13,0.0603,1.6024,1.2852,0.8182,0.5347,nan,nan,nan,nan,0
late,cage,4,7,resnet,False,solarisation,lr,0.0001,0.0001,32,14,0.0624,2.2163,1.5265,0.8182,0.5000,nan,nan,nan,nan,0
late,cage,4,7,resnet,False,solarisation,lr,0.0001,0.0001,32,15,0.0419,1.9992,1.4475,0.8182,0.5590,nan,nan,nan,nan,0
late,cage,4,7,resnet,False,solarisation,lr,0.0001,0.0001,32,16,0.0816,2.0035,1.3906,0.8182,0.5903,nan,nan,nan,nan,0
late,cage,4,8,resnet,False,solarisation,lr,0.0001,0.0001,32,1,0.7019,0.6962,0.7456,0.1702,0.5513,nan,nan,nan,nan,0
late,cage,4,8,resnet,False,solarisation,lr,0.0001,0.0001,32,2,0.6819,0.7046,0.7844,0.2553,0.5449,nan,nan,nan,nan,0
late,cage,4,8,resnet,False,solarisation,lr,0.0001,0.0001,32,3,0.6571,0.6847,0.8005,0.3191,0.6154,nan,nan,nan,nan,0
late,cage,4,8,resnet,False,solarisation,lr,0.0001,0.0001,32,4,0.5914,0.7354,0.7955,0.3617,0.5064,nan,nan,nan,nan,0
late,cage,4,8,resnet,False,solarisation,lr,0.0001,0.0001,32,5,0.5170,0.8704,1.0985,0.2979,0.4167,0.8017,0.9900,0.2558,0.4786,1
late,cage,4,8,resnet,False,solarisation,lr,0.0001,0.0001,32,6,0.4173,1.0271,1.4739,0.1915,0.3782,nan,nan,nan,nan,0
late,cage,4,8,resnet,False,solarisation,lr,0.0001,0.0001,32,7,0.2866,1.1140,1.6408,0.2128,0.4103,nan,nan,nan,nan,0
late,cage,4,8,resnet,False,solarisation,lr,0.0001,0.0001,32,8,0.2182,0.9862,1.3505,0.5106,0.4904,nan,nan,nan,nan,0
late,cage,4,8,resnet,False,solarisation,lr,0.0001,0.0001,32,9,0.1705,1.5467,1.3801,0.7447,0.4295,nan,nan,nan,nan,0
late,cage,4,8,resnet,False,solarisation,lr,0.0001,0.0001,32,10,0.1182,1.3053,1.5256,0.5319,0.3205,nan,nan,nan,nan,0
late,cage,4,8,resnet,False,solarisation,lr,0.0001,0.0001,32,11,0.0899,1.6185,1.4483,0.7021,0.3590,nan,nan,nan,nan,0
late,cage,4,8,resnet,False,solarisation,lr,0.0001,0.0001,32,12,0.0690,2.4219,1.5208,0.8085,0.3974,nan,nan,nan,nan,0
late,cage,4,8,resnet,False,solarisation,lr,0.0001,0.0001,32,13,0.0797,1.4493,1.5486,0.6170,0.3622,nan,nan,nan,nan,0
late,cage,4,8,resnet,False,solarisation,lr,0.0001,0.0001,32,14,0.0692,2.2623,1.6157,0.8085,0.3942,nan,nan,nan,nan,0
late,cage,4,8,resnet,False,solarisation,lr,0.0001,0.0001,32,15,0.0786,1.9482,1.4604,0.8085,0.4135,nan,nan,nan,nan,0
late,cage,4,8,resnet,False,solarisation,lr,0.0001,0.0001,32,16,0.0346,1.6938,2.4071,0.5532,0.3974,nan,nan,nan,nan,0
late,cage,4,9,resnet,False,solarisation,lr,0.0001,0.0001,32,1,0.6936,0.7314,0.6504,0.7857,0.4882,nan,nan,nan,nan,0
late,cage,4,9,resnet,False,solarisation,lr,0.0001,0.0001,32,2,0.6786,0.7371,0.6279,0.7857,0.6667,nan,nan,nan,nan,0
late,cage,4,9,resnet,False,solarisation,lr,0.0001,0.0001,32,3,0.6310,0.6972,0.6600,0.7619,0.6330,nan,nan,nan,nan,0
late,cage,4,9,resnet,False,solarisation,lr,0.0001,0.0001,32,4,0.5456,1.0285,0.6646,0.7857,0.6768,nan,nan,nan,nan,0
late,cage,4,9,resnet,False,solarisation,lr,0.0001,0.0001,32,5,0.4506,0.8959,0.6569,0.7857,0.7071,nan,nan,nan,nan,1
late,cage,4,9,resnet,False,solarisation,lr,0.0001,0.0001,32,6,0.3379,1.3882,0.8562,0.7857,0.5892,1.2625,1.0849,0.8140,0.4714,1
late,cage,4,9,resnet,False,solarisation,lr,0.0001,0.0001,32,7,0.2429,1.1285,0.8294,0.7857,0.6599,nan,nan,nan,nan,0
late,cage,4,9,resnet,False,solarisation,lr,0.0001,0.0001,32,8,0.2010,2.4292,1.3055,0.7857,0.5993,nan,nan,nan,nan,0
late,cage,4,9,resnet,False,solarisation,lr,0.0001,0.0001,32,9,0.1231,2.1365,1.2355,0.7857,0.6195,nan,nan,nan,nan,0
late,cage,4,9,resnet,False,solarisation,lr,0.0001,0.0001,32,10,0.0860,2.2198,1.2846,0.7857,0.6936,nan,nan,nan,nan,0
late,cage,4,9,resnet,False,solarisation,lr,0.0001,0.0001,32,11,0.0964,2.8126,1.5247,0.7857,0.6027,nan,nan,nan,nan,0
late,cage,4,9,resnet,False,solarisation,lr,0.0001,0.0001,32,12,0.0969,3.7132,1.9789,0.7857,0.6566,nan,nan,nan,nan,0
late,cage,4,9,resnet,False,solarisation,lr,0.0001,0.0001,32,13,0.0761,2.1501,1.2689,0.7857,0.6734,nan,nan,nan,nan,0
late,cage,4,9,resnet,False,solarisation,lr,0.0001,0.0001,32,14,0.0612,3.0583,1.6377,0.7857,0.4781,nan,nan,nan,nan,0
late,cage,4,9,resnet,False,solarisation,lr,0.0001,0.0001,32,15,0.0624,2.6851,1.4917,0.7857,0.6869,nan,nan,nan,nan,0
late,cage,4,9,resnet,False,solarisation,lr,0.0001,0.0001,32,16,0.0406,2.5740,1.4880,0.7857,0.6397,nan,nan,nan,nan,0
late,cage,5,0,resnet,False,solarisation,lr,0.0001,0.0001,32,1,0.7036,0.7645,0.8861,0.1628,0.4405,nan,nan,nan,nan,0
late,cage,5,0,resnet,False,solarisation,lr,0.0001,0.0001,32,2,0.6820,0.7329,0.6629,0.8372,0.3690,nan,nan,nan,nan,0
late,cage,5,0,resnet,False,solarisation,lr,0.0001,0.0001,32,3,0.6514,0.7246,0.8193,0.1628,0.6270,nan,nan,nan,nan,0
late,cage,5,0,resnet,False,solarisation,lr,0.0001,0.0001,32,4,0.5965,0.9685,0.7182,0.8372,0.3611,nan,nan,nan,nan,0
late,cage,5,0,resnet,False,solarisation,lr,0.0001,0.0001,32,5,0.4986,1.0008,0.7948,0.8372,0.4286,nan,nan,nan,nan,1
late,cage,5,0,resnet,False,solarisation,lr,0.0001,0.0001,32,6,0.3840,1.1056,0.8738,0.8372,0.4881,nan,nan,nan,nan,1
late,cage,5,0,resnet,False,solarisation,lr,0.0001,0.0001,32,7,0.2618,0.8227,1.0391,0.7442,0.5556,0.8738,1.0689,0.5000,0.4552,1
late,cage,5,0,resnet,False,solarisation,lr,0.0001,0.0001,32,8,0.2138,0.8055,1.0912,0.6047,0.4802,nan,nan,nan,nan,0
late,cage,5,0,resnet,False,solarisation,lr,0.0001,0.0001,32,9,0.1437,2.0214,1.3887,0.8372,0.4286,nan,nan,nan,nan,0
late,cage,5,0,resnet,False,solarisation,lr,0.0001,0.0001,32,10,0.1083,1.2360,1.1808,0.8140,0.5000,nan,nan,nan,nan,0
late,cage,5,0,resnet,False,solarisation,lr,0.0001,0.0001,32,11,0.1017,1.1710,1.3114,0.6977,0.4286,nan,nan,nan,nan,0
late,cage,5,0,resnet,False,solarisation,lr,0.0001,0.0001,32,12,0.0661,1.1696,1.9704,0.2326,0.3254,nan,nan,nan,nan,0
late,cage,5,0,resnet,False,solarisation,lr,0.0001,0.0001,32,13,0.0770,1.4006,1.4356,0.7907,0.3611,nan,nan,nan,nan,0
late,cage,5,0,resnet,False,solarisation,lr,0.0001,0.0001,32,14,0.0682,1.6403,1.6253,0.7907,0.3135,nan,nan,nan,nan,0
late,cage,5,0,resnet,False,solarisation,lr,0.0001,0.0001,32,15,0.0433,2.1211,1.6884,0.8140,0.4405,nan,nan,nan,nan,0
late,cage,5,0,resnet,False,solarisation,lr,0.0001,0.0001,32,16,0.0392,1.9555,1.6880,0.8372,0.3016,nan,nan,nan,nan,0
late,cage,5,1,resnet,False,solarisation,lr,0.0001,0.0001,32,1,0.6994,0.6847,0.6708,0.6512,0.5952,nan,nan,nan,nan,0
late,cage,5,1,resnet,False,solarisation,lr,0.0001,0.0001,32,2,0.6810,0.6806,0.6485,0.8140,0.6587,nan,nan,nan,nan,0
late,cage,5,1,resnet,False,solarisation,lr,0.0001,0.0001,32,3,0.6319,0.7367,0.6506,0.8140,0.5040,nan,nan,nan,nan,0
late,cage,5,1,resnet,False,solarisation,lr,0.0001,0.0001,32,4,0.5438,0.7921,0.6446,0.7907,0.5595,nan,nan,nan,nan,0
late,cage,5,1,resnet,False,solarisation,lr,0.0001,0.0001,32,5,0.4290,0.7360,0.6266,0.7907,0.6825,0.8781,0.7344,0.7250,0.4444,1
late,cage,5,1,resnet,False,solarisation,lr,0.0001,0.0001,32,6,0.3090,0.7926,0.8762,0.6977,0.4563,nan,nan,nan,nan,0
late,cage,5,1,resnet,False,solarisation,lr,0.0001,0.0001,32,7,0.2328,1.2338,1.0282,0.7674,0.4563,nan,nan,nan,nan,0
late,cage,5,1,resnet,False,solarisation,lr,0.0001,0.0001,32,8,0.1594,0.8742,1.3329,0.4186,0.5794,nan,nan,nan,nan,0
late,cage,5,1,resnet,False,solarisation,lr,0.0001,0.0001,32,9,0.1257,1.1595,1.1073,0.7907,0.5278,nan,nan,nan,nan,0
late,cage,5,1,resnet,False,solarisation,lr,0.0001,0.0001,32,10,0.0893,1.4412,1.1684,0.7674,0.4444,nan,nan,nan,nan,0
late,cage,5,1,resnet,False,solarisation,lr,0.0001,0.0001,32,11,0.0787,1.0482,1.0850,0.7907,0.5675,nan,nan,nan,nan,0
late,cage,5,1,resnet,False,solarisation,lr,0.0001,0.0001,32,12,0.0763,0.9745,1.4121,0.4884,0.5437,nan,nan,nan,nan,0
late,cage,5,1,resnet,False,solarisation,lr,0.0001,0.0001,32,13,0.0466,2.0737,1.3076,0.8140,0.5437,nan,nan,nan,nan,0
late,cage,5,1,resnet,False,solarisation,lr,0.0001,0.0001,32,14,0.0460,1.7907,1.5690,0.7674,0.5079,nan,nan,nan,nan,0
late,cage,5,1,resnet,False,solarisation,lr,0.0001,0.0001,32,15,0.0519,1.2234,1.1874,0.7442,0.5794,nan,nan,nan,nan,0
late,cage,5,1,resnet,False,solarisation,lr,0.0001,0.0001,32,16,0.0320,1.4880,1.0619,0.8372,0.5397,nan,nan,nan,nan,0
late,cage,5,2,resnet,False,solarisation,lr,0.0001,0.0001,32,1,0.6957,0.6696,0.6668,0.7143,0.7500,nan,nan,nan,nan,0
late,cage,5,2,resnet,False,solarisation,lr,0.0001,0.0001,32,2,0.6651,0.6834,0.6399,0.7143,0.6360,nan,nan,nan,nan,0
late,cage,5,2,resnet,False,solarisation,lr,0.0001,0.0001,32,3,0.6196,0.7266,0.5827,0.7857,0.7868,nan,nan,nan,nan,0
late,cage,5,2,resnet,False,solarisation,lr,0.0001,0.0001,32,4,0.5420,0.8253,1.1014,0.1905,0.5147,nan,nan,nan,nan,0
late,cage,5,2,resnet,False,solarisation,lr,0.0001,0.0001,32,5,0.4446,1.0995,0.7154,0.8095,0.6985,1.4341,0.9866,0.7750,0.4588,1
late,cage,5,2,resnet,False,solarisation,lr,0.0001,0.0001,32,6,0.3324,0.8540,0.8341,0.7143,0.6140,nan,nan,nan,nan,0
late,cage,5,2,resnet,False,solarisation,lr,0.0001,0.0001,32,7,0.2483,1.2667,0.8893,0.7857,0.6507,nan,nan,nan,nan,0
late,cage,5,2,resnet,False,solarisation,lr,0.0001,0.0001,32,8,0.1765,1.8321,1.1927,0.7857,0.5882,nan,nan,nan,nan,0
late,cage,5,2,resnet,False,solarisation,lr,0.0001,0.0001,32,9,0.1410,2.6353,1.5149,0.8095,0.6287,nan,nan,nan,nan,0
late,cage,5,2,resnet,False,solarisation,lr,0.0001,0.0001,32,10,0.1105,2.2313,1.3595,0.8095,0.6250,nan,nan,nan,nan,0
late,cage,5,2,resnet,False,solarisation,lr,0.0001,0.0001,32,11,0.0941,2.3544,1.4449,0.8095,0.6103,nan,nan,nan,nan,0
late,cage,5,2,resnet,False,solarisation,lr,0.0001,0.0001,32,12,0.0714,1.5584,1.3019,0.7857,0.5699,nan,nan,nan,nan,0
late,cage,5,2,resnet,False,solarisation,lr,0.0001,0.0001,32,13,0.0770,1.7676,1.6861,0.7619,0.4522,nan,nan,nan,nan,0
late,cage,5,2,resnet,False,solarisation,lr,0.0001,0.0001,32,14,0.0613,2.2834,1.4668,0.8095,0.5110,nan,nan,nan,nan,0
late,cage,5,2,resnet,False,solarisation,lr,0.0001,0.0001,32,15,0.0329,2.9382,1.7441,0.8095,0.6765,nan,nan,nan,nan,0
late,cage,5,2,resnet,False,solarisation,lr,0.0001,0.0001,32,16,0.0596,2.0663,1.4470,0.8095,0.5956,nan,nan,nan,nan,0
late,cage,5,3,resnet,False,solarisation,lr,0.0001,0.0001,32,1,0.6957,0.7233,0.5874,0.8333,0.6612,nan,nan,nan,nan,0
late,cage,5,3,resnet,False,solarisation,lr,0.0001,0.0001,32,2,0.6712,0.6993,0.6594,0.7381,0.5102,nan,nan,nan,nan,0
late,cage,5,3,resnet,False,solarisation,lr,0.0001,0.0001,32,3,0.6326,0.6945,0.6840,0.5476,0.5429,nan,nan,nan,nan,0
late,cage,5,3,resnet,False,solarisation,lr,0.0001,0.0001,32,4,0.5476,0.7258,0.7370,0.6190,0.5469,nan,nan,nan,nan,0
late,cage,5,3,resnet,False,solarisation,lr,0.0001,0.0001,32,5,0.4506,0.6605,0.7572,0.5952,0.6163,nan,nan,nan,nan,1
late,cage,5,3,resnet,False,solarisation,lr,0.0001,0.0001,32,6,0.3280,1.0311,1.5122,0.4286,0.5102,nan,nan,nan,nan,0
late,cage,5,3,resnet,False,solarisation,lr,0.0001,0.0001,32,7,0.2321,0.7712,0.8512,0.8095,0.7306,nan,nan,nan,nan,1
late,cage,5,3,resnet,False,solarisation,lr,0.0001,0.0001,32,8,0.1567,0.7514,1.3157,0.5238,0.6449,nan,nan,nan,nan,1
late,cage,5,3,resnet,False,solarisation,lr,0.0001,0.0001,32,9,0.1393,1.2586,1.0560,0.8333,0.6816,nan,nan,nan,nan,1
late,cage,5,3,resnet,False,solarisation,lr,0.0001,0.0001,32,10,0.0924,1.1325,1.0277,0.8095,0.6735,nan,nan,nan,nan,1
late,cage,5,3,resnet,False,solarisation,lr,0.0001,0.0001,32,11,0.0926,0.8466,1.3295,0.3810,0.5469,0.7725,1.1671,0.5500,0.5591,1
late,cage,5,3,resnet,False,solarisation,lr,0.0001,0.0001,32,12,0.0699,1.4174,1.2142,0.8095,0.5959,nan,nan,nan,nan,0
late,cage,5,3,resnet,False,solarisation,lr,0.0001,0.0001,32,13,0.0677,0.9557,1.2307,0.6429,0.5714,nan,nan,nan,nan,0
late,cage,5,3,resnet,False,solarisation,lr,0.0001,0.0001,32,14,0.0490,0.7025,1.1821,0.5952,0.6612,nan,nan,nan,nan,0
late,cage,5,3,resnet,False,solarisation,lr,0.0001,0.0001,32,15,0.0369,1.2750,1.3032,0.8095,0.5959,nan,nan,nan,nan,0
late,cage,5,3,resnet,False,solarisation,lr,0.0001,0.0001,32,16,0.0559,1.1033,1.3209,0.7857,0.6041,nan,nan,nan,nan,0
late,cage,5,4,resnet,False,solarisation,lr,0.0001,0.0001,32,1,0.7028,0.7913,0.6884,0.8140,0.5107,nan,nan,nan,nan,0
late,cage,5,4,resnet,False,solarisation,lr,0.0001,0.0001,32,2,0.6683,0.7408,0.6739,0.8140,0.6036,nan,nan,nan,nan,0
late,cage,5,4,resnet,False,solarisation,lr,0.0001,0.0001,32,3,0.6107,0.7348,0.8164,0.2093,0.5393,nan,nan,nan,nan,0
late,cage,5,4,resnet,False,solarisation,lr,0.0001,0.0001,32,4,0.5204,0.8079,0.8037,0.7674,0.5964,nan,nan,nan,nan,0
late,cage,5,4,resnet,False,solarisation,lr,0.0001,0.0001,32,5,0.3911,0.6840,0.8588,0.5814,0.6393,0.8163,0.9317,0.5250,0.4265,1
late,cage,5,4,resnet,False,solarisation,lr,0.0001,0.0001,32,6,0.2638,1.1651,1.1495,0.8140,0.4536,nan,nan,nan,nan,0
late,cage,5,4,resnet,False,solarisation,lr,0.0001,0.0001,32,7,0.2119,1.4168,1.2679,0.7907,0.5357,nan,nan,nan,nan,0
late,cage,5,4,resnet,False,solarisation,lr,0.0001,0.0001,32,8,0.1508,1.3239,1.3948,0.7442,0.5036,nan,nan,nan,nan,0
late,cage,5,4,resnet,False,solarisation,lr,0.0001,0.0001,32,9,0.1219,1.0860,1.2599,0.7442,0.5143,nan,nan,nan,nan,0
late,cage,5,4,resnet,False,solarisation,lr,0.0001,0.0001,32,10,0.0875,1.5892,1.5221,0.7442,0.4929,nan,nan,nan,nan,0
late,cage,5,4,resnet,False,solarisation,lr,0.0001,0.0001,32,11,0.0762,1.5512,1.6374,0.7442,0.5607,nan,nan,nan,nan,0
late,cage,5,4,resnet,False,solarisation,lr,0.0001,0.0001,32,12,0.0648,2.1501,2.0539,0.7907,0.4786,nan,nan,nan,nan,0
late,cage,5,4,resnet,False,solarisation,lr,0.0001,0.0001,32,13,0.0680,2.3594,2.0138,0.7907,0.5607,nan,nan,nan,nan,0
late,cage,5,4,resnet,False,solarisation,lr,0.0001,0.0001,32,14,0.0521,1.3466,1.6678,0.7674,0.6321,nan,nan,nan,nan,0
late,cage,5,4,resnet,False,solarisation,lr,0.0001,0.0001,32,15,0.0484,1.1983,1.5676,0.6744,0.5929,nan,nan,nan,nan,0
late,cage,5,4,resnet,False,solarisation,lr,0.0001,0.0001,32,16,0.0411,3.4615,2.8313,0.7907,0.5071,nan,nan,nan,nan,0
late,cage,5,6,resnet,False,solarisation,lr,0.0001,0.0001,32,1,0.6910,0.6904,0.6286,0.8537,0.5762,nan,nan,nan,nan,0
late,cage,5,6,resnet,False,solarisation,lr,0.0001,0.0001,32,2,0.6756,0.6859,0.6773,0.6098,0.5952,nan,nan,nan,nan,0
late,cage,5,6,resnet,False,solarisation,lr,0.0001,0.0001,32,3,0.6581,0.7341,0.7918,0.1463,0.5619,nan,nan,nan,nan,0
late,cage,5,6,resnet,False,solarisation,lr,0.0001,0.0001,32,4,0.6276,0.7842,0.6387,0.8537,0.3952,nan,nan,nan,nan,0
late,cage,5,6,resnet,False,solarisation,lr,0.0001,0.0001,32,5,0.5713,0.7266,0.6459,0.8049,0.5238,nan,nan,nan,nan,1
late,cage,5,6,resnet,False,solarisation,lr,0.0001,0.0001,32,6,0.4800,0.7090,0.8148,0.5610,0.5238,nan,nan,nan,nan,0
late,cage,5,6,resnet,False,solarisation,lr,0.0001,0.0001,32,7,0.3909,0.7576,0.9111,0.5610,0.5190,nan,nan,nan,nan,0
late,cage,5,6,resnet,False,solarisation,lr,0.0001,0.0001,32,8,0.2831,0.8944,0.9332,0.7317,0.4857,nan,nan,nan,nan,0
late,cage,5,6,resnet,False,solarisation,lr,0.0001,0.0001,32,9,0.2063,0.8594,0.9705,0.7805,0.5714,nan,nan,nan,nan,0
late,cage,5,6,resnet,False,solarisation,lr,0.0001,0.0001,32,10,0.1775,0.7471,1.0969,0.5122,0.5952,nan,nan,nan,nan,1
late,cage,5,6,resnet,False,solarisation,lr,0.0001,0.0001,32,11,0.1239,1.2020,1.0651,0.8049,0.6476,nan,nan,nan,nan,1
late,cage,5,6,resnet,False,solarisation,lr,0.0001,0.0001,32,12,0.1257,0.9088,0.9815,0.8049,0.6333,nan,nan,nan,nan,1
late,cage,5,6,resnet,False,solarisation,lr,0.0001,0.0001,32,13,0.0798,1.5731,1.2541,0.8293,0.5143,2.1315,1.5332,0.7500,0.4229,1
late,cage,5,6,resnet,False,solarisation,lr,0.0001,0.0001,32,14,0.0764,1.7715,1.3242,0.8537,0.4571,nan,nan,nan,nan,0
late,cage,5,6,resnet,False,solarisation,lr,0.0001,0.0001,32,15,0.0487,1.1458,1.2019,0.8049,0.5048,nan,nan,nan,nan,0
late,cage,5,6,resnet,False,solarisation,lr,0.0001,0.0001,32,16,0.0795,1.6284,1.2580,0.8293,0.4524,nan,nan,nan,nan,0
late,cage,5,6,resnet,False,solarisation,lr,0.0001,0.0001,32,17,0.0555,1.7486,1.4025,0.8293,0.4952,nan,nan,nan,nan,0
late,cage,5,6,resnet,False,solarisation,lr,0.0001,0.0001,32,18,0.0522,0.8963,1.3126,0.7805,0.5857,nan,nan,nan,nan,0
late,cage,5,7,resnet,False,solarisation,lr,0.0001,0.0001,32,1,0.6879,0.7135,0.6736,0.6591,0.3750,nan,nan,nan,nan,0
late,cage,5,7,resnet,False,solarisation,lr,0.0001,0.0001,32,2,0.6663,0.7215,0.6717,0.6136,0.4514,nan,nan,nan,nan,0
late,cage,5,7,resnet,False,solarisation,lr,0.0001,0.0001,32,3,0.6478,0.7716,0.6837,0.6136,0.4444,nan,nan,nan,nan,0
late,cage,5,7,resnet,False,solarisation,lr,0.0001,0.0001,32,4,0.6074,0.7891,0.6619,0.6818,0.4826,nan,nan,nan,nan,0
late,cage,5,7,resnet,False,solarisation,lr,0.0001,0.0001,32,5,0.5450,0.7394,0.7179,0.4545,0.4444,nan,nan,nan,nan,1
late,cage,5,7,resnet,False,solarisation,lr,0.0001,0.0001,32,6,0.4445,1.0565,0.7069,0.8182,0.5000,nan,nan,nan,nan,1
late,cage,5,7,resnet,False,solarisation,lr,0.0001,0.0001,32,7,0.3577,1.2811,0.8028,0.8182,0.5312,nan,nan,nan,nan,1
late,cage,5,7,resnet,False,solarisation,lr,0.0001,0.0001,32,8,0.2618,1.2615,0.8271,0.8182,0.6771,nan,nan,nan,nan,1
late,cage,5,7,resnet,False,solarisation,lr,0.0001,0.0001,32,9,0.1840,1.4118,0.9400,0.8182,0.5903,nan,nan,nan,nan,1
late,cage,5,7,resnet,False,solarisation,lr,0.0001,0.0001,32,10,0.1636,1.1670,0.8731,0.8182,0.6146,nan,nan,nan,nan,1
late,cage,5,7,resnet,False,solarisation,lr,0.0001,0.0001,32,11,0.1514,1.6460,1.0569,0.7955,0.6250,nan,nan,nan,nan,1
late,cage,5,7,resnet,False,solarisation,lr,0.0001,0.0001,32,12,0.1065,2.0119,1.2975,0.7955,0.6007,nan,nan,nan,nan,1
late,cage,5,7,resnet,False,solarisation,lr,0.0001,0.0001,32,13,0.0829,2.0240,1.2920,0.8182,0.6389,nan,nan,nan,nan,0
late,cage,5,7,resnet,False,solarisation,lr,0.0001,0.0001,32,14,0.0553,1.7132,1.1800,0.7955,0.6632,nan,nan,nan,nan,1
late,cage,5,7,resnet,False,solarisation,lr,0.0001,0.0001,32,15,0.0671,2.0005,1.2209,0.8182,0.7153,nan,nan,nan,nan,1
late,cage,5,7,resnet,False,solarisation,lr,0.0001,0.0001,32,16,0.0785,2.4322,1.4438,0.8182,0.6979,nan,nan,nan,nan,1
late,cage,5,7,resnet,False,solarisation,lr,0.0001,0.0001,32,17,0.0396,2.3792,1.4358,0.7955,0.6944,3.5175,2.2480,0.7750,0.3154,1
late,cage,5,7,resnet,False,solarisation,lr,0.0001,0.0001,32,18,0.0453,2.3695,1.4189,0.8182,0.6493,nan,nan,nan,nan,0
late,cage,5,7,resnet,False,solarisation,lr,0.0001,0.0001,32,19,0.0660,2.4799,1.4946,0.8182,0.6285,nan,nan,nan,nan,0
late,cage,5,7,resnet,False,solarisation,lr,0.0001,0.0001,32,20,0.0406,2.3159,1.4220,0.7955,0.5938,nan,nan,nan,nan,0
late,cage,5,7,resnet,False,solarisation,lr,0.0001,0.0001,32,21,0.0576,2.2174,1.3991,0.8182,0.6910,nan,nan,nan,nan,0
late,cage,5,7,resnet,False,solarisation,lr,0.0001,0.0001,32,22,0.0481,2.2946,1.3639,0.8182,0.6979,nan,nan,nan,nan,0
late,cage,5,8,resnet,False,solarisation,lr,0.0001,0.0001,32,1,0.6954,0.7443,0.8839,0.1702,0.5321,nan,nan,nan,nan,0
late,cage,5,8,resnet,False,solarisation,lr,0.0001,0.0001,32,2,0.6783,0.6807,0.6479,0.6596,0.6154,nan,nan,nan,nan,0
late,cage,5,8,resnet,False,solarisation,lr,0.0001,0.0001,32,3,0.6418,0.7096,0.7896,0.1915,0.5705,nan,nan,nan,nan,0
late,cage,5,8,resnet,False,solarisation,lr,0.0001,0.0001,32,4,0.5791,0.7683,0.6435,0.8298,0.6058,nan,nan,nan,nan,0
late,cage,5,8,resnet,False,solarisation,lr,0.0001,0.0001,32,5,0.4827,1.0626,0.7326,0.8298,0.4103,nan,nan,nan,nan,1
late,cage,5,8,resnet,False,solarisation,lr,0.0001,0.0001,32,6,0.3855,1.1923,0.7179,0.8298,0.5705,1.4367,1.0013,0.7750,0.3728,1
late,cage,5,8,resnet,False,solarisation,lr,0.0001,0.0001,32,7,0.2978,1.8953,1.0523,0.8298,0.5256,nan,nan,nan,nan,0
late,cage,5,8,resnet,False,solarisation,lr,0.0001,0.0001,32,8,0.2111,0.7767,0.9147,0.6809,0.5673,nan,nan,nan,nan,0
late,cage,5,8,resnet,False,solarisation,lr,0.0001,0.0001,32,9,0.1634,1.4198,1.0112,0.8298,0.5000,nan,nan,nan,nan,0
late,cage,5,8,resnet,False,solarisation,lr,0.0001,0.0001,32,10,0.1269,1.9858,1.1923,0.8298,0.5321,nan,nan,nan,nan,0
late,cage,5,8,resnet,False,solarisation,lr,0.0001,0.0001,32,11,0.0884,2.3178,1.4112,0.8298,0.5417,nan,nan,nan,nan,0
late,cage,5,8,resnet,False,solarisation,lr,0.0001,0.0001,32,12,0.0695,1.3355,1.2756,0.7872,0.5513,nan,nan,nan,nan,0
late,cage,5,8,resnet,False,solarisation,lr,0.0001,0.0001,32,13,0.0809,0.9915,1.0877,0.7872,0.5994,nan,nan,nan,nan,0
late,cage,5,8,resnet,False,solarisation,lr,0.0001,0.0001,32,14,0.0618,1.3874,1.2510,0.7872,0.5449,nan,nan,nan,nan,0
late,cage,5,8,resnet,False,solarisation,lr,0.0001,0.0001,32,15,0.0574,2.4686,1.6061,0.8298,0.5449,nan,nan,nan,nan,0
late,cage,5,8,resnet,False,solarisation,lr,0.0001,0.0001,32,16,0.0426,1.7294,1.4814,0.7872,0.5192,nan,nan,nan,nan,0
late,cage,5,9,resnet,False,solarisation,lr,0.0001,0.0001,32,1,0.6988,0.6411,0.7430,0.4048,0.7003,nan,nan,nan,nan,0
late,cage,5,9,resnet,False,solarisation,lr,0.0001,0.0001,32,2,0.6588,0.6564,0.6822,0.7857,0.7475,nan,nan,nan,nan,0
late,cage,5,9,resnet,False,solarisation,lr,0.0001,0.0001,32,3,0.6057,0.7870,0.6012,0.8095,0.6936,nan,nan,nan,nan,0
late,cage,5,9,resnet,False,solarisation,lr,0.0001,0.0001,32,4,0.5181,0.7430,0.6304,0.8095,0.6700,nan,nan,nan,nan,0
late,cage,5,9,resnet,False,solarisation,lr,0.0001,0.0001,32,5,0.4024,1.1928,0.7633,0.7857,0.5960,1.3125,0.9000,0.7750,0.4839,1
late,cage,5,9,resnet,False,solarisation,lr,0.0001,0.0001,32,6,0.2819,0.7227,1.0997,0.4524,0.6330,nan,nan,nan,nan,0
late,cage,5,9,resnet,False,solarisation,lr,0.0001,0.0001,32,7,0.2274,0.7142,0.8449,0.6667,0.6128,nan,nan,nan,nan,0
late,cage,5,9,resnet,False,solarisation,lr,0.0001,0.0001,32,8,0.1324,1.1273,0.9956,0.7381,0.4983,nan,nan,nan,nan,0
late,cage,5,9,resnet,False,solarisation,lr,0.0001,0.0001,32,9,0.1122,1.4411,1.0130,0.7857,0.6667,nan,nan,nan,nan,0
late,cage,5,9,resnet,False,solarisation,lr,0.0001,0.0001,32,10,0.0931,0.9936,1.0594,0.7381,0.6869,nan,nan,nan,nan,0
late,cage,5,9,resnet,False,solarisation,lr,0.0001,0.0001,32,11,0.0568,2.8876,1.6491,0.7857,0.6330,nan,nan,nan,nan,0
late,cage,5,9,resnet,False,solarisation,lr,0.0001,0.0001,32,12,0.0918,1.5498,1.1583,0.7381,0.6296,nan,nan,nan,nan,0
late,cage,5,9,resnet,False,solarisation,lr,0.0001,0.0001,32,13,0.0557,2.0288,1.3131,0.8095,0.6094,nan,nan,nan,nan,0
late,cage,5,9,resnet,False,solarisation,lr,0.0001,0.0001,32,14,0.0369,1.7738,1.3439,0.8095,0.5387,nan,nan,nan,nan,0
late,cage,5,9,resnet,False,solarisation,lr,0.0001,0.0001,32,15,0.0345,2.4511,1.5226,0.7857,0.6566,nan,nan,nan,nan,0
late,cage,5,9,resnet,False,solarisation,lr,0.0001,0.0001,32,16,0.0398,2.7818,1.6774,0.7619,0.5825,nan,nan,nan,nan,0
late,cage,6,0,resnet,False,solarisation,lr,0.0001,0.0001,32,1,0.6983,0.6924,0.6736,0.7209,0.5556,nan,nan,nan,nan,0
late,cage,6,0,resnet,False,solarisation,lr,0.0001,0.0001,32,2,0.6811,0.6899,0.7291,0.2326,0.6508,nan,nan,nan,nan,0
late,cage,6,0,resnet,False,solarisation,lr,0.0001,0.0001,32,3,0.6604,0.7291,0.8087,0.1628,0.5833,nan,nan,nan,nan,0
late,cage,6,0,resnet,False,solarisation,lr,0.0001,0.0001,32,4,0.6215,0.6839,0.7669,0.2791,0.6667,nan,nan,nan,nan,0
late,cage,6,0,resnet,False,solarisation,lr,0.0001,0.0001,32,5,0.5468,0.7077,0.7321,0.6279,0.5556,nan,nan,nan,nan,1
late,cage,6,0,resnet,False,solarisation,lr,0.0001,0.0001,32,6,0.4336,1.1785,0.8560,0.8372,0.5675,nan,nan,nan,nan,0
late,cage,6,0,resnet,False,solarisation,lr,0.0001,0.0001,32,7,0.3413,1.4027,1.0064,0.8372,0.6270,nan,nan,nan,nan,0
late,cage,6,0,resnet,False,solarisation,lr,0.0001,0.0001,32,8,0.2519,0.9309,0.8633,0.8372,0.7024,nan,nan,nan,nan,1
late,cage,6,0,resnet,False,solarisation,lr,0.0001,0.0001,32,9,0.1962,1.9428,1.3777,0.8372,0.6032,nan,nan,nan,nan,0
late,cage,6,0,resnet,False,solarisation,lr,0.0001,0.0001,32,10,0.1401,1.9851,1.4368,0.8372,0.6349,nan,nan,nan,nan,0
late,cage,6,0,resnet,False,solarisation,lr,0.0001,0.0001,32,11,0.0977,1.6709,1.3961,0.8372,0.7143,nan,nan,nan,nan,1
late,cage,6,0,resnet,False,solarisation,lr,0.0001,0.0001,32,12,0.1088,1.2184,1.1397,0.8372,0.6944,1.3769,1.1293,0.8293,0.4429,1
late,cage,6,0,resnet,False,solarisation,lr,0.0001,0.0001,32,13,0.0975,1.6142,1.5054,0.8140,0.5714,nan,nan,nan,nan,0
late,cage,6,0,resnet,False,solarisation,lr,0.0001,0.0001,32,14,0.0554,2.0425,1.5854,0.8372,0.6349,nan,nan,nan,nan,0
late,cage,6,0,resnet,False,solarisation,lr,0.0001,0.0001,32,15,0.0696,2.7732,1.8931,0.8372,0.6508,nan,nan,nan,nan,0
late,cage,6,0,resnet,False,solarisation,lr,0.0001,0.0001,32,16,0.0654,2.4748,1.8315,0.8372,0.5675,nan,nan,nan,nan,0
late,cage,6,0,resnet,False,solarisation,lr,0.0001,0.0001,32,17,0.0387,2.5220,1.8847,0.8372,0.5794,nan,nan,nan,nan,0
late,cage,6,1,resnet,False,solarisation,lr,0.0001,0.0001,32,1,0.6998,0.6920,0.7031,0.3721,0.5278,nan,nan,nan,nan,0
late,cage,6,1,resnet,False,solarisation,lr,0.0001,0.0001,32,2,0.6807,0.6862,0.6992,0.4651,0.5992,nan,nan,nan,nan,0
late,cage,6,1,resnet,False,solarisation,lr,0.0001,0.0001,32,3,0.6611,0.6737,0.7067,0.5581,0.6587,nan,nan,nan,nan,0
late,cage,6,1,resnet,False,solarisation,lr,0.0001,0.0001,32,4,0.6102,0.6758,0.7213,0.5349,0.6151,nan,nan,nan,nan,0
late,cage,6,1,resnet,False,solarisation,lr,0.0001,0.0001,32,5,0.5236,0.7593,0.9427,0.1628,0.6429,0.8203,0.9301,0.1463,0.4238,1
late,cage,6,1,resnet,False,solarisation,lr,0.0001,0.0001,32,6,0.4267,0.7647,1.0132,0.3256,0.5119,nan,nan,nan,nan,0
late,cage,6,1,resnet,False,solarisation,lr,0.0001,0.0001,32,7,0.3248,0.8185,0.9600,0.4884,0.3571,nan,nan,nan,nan,0
late,cage,6,1,resnet,False,solarisation,lr,0.0001,0.0001,32,8,0.2576,0.8353,0.9162,0.6512,0.3730,nan,nan,nan,nan,0
late,cage,6,1,resnet,False,solarisation,lr,0.0001,0.0001,32,9,0.1831,0.7868,0.9866,0.6512,0.5278,nan,nan,nan,nan,0
late,cage,6,1,resnet,False,solarisation,lr,0.0001,0.0001,32,10,0.1304,1.2698,1.0255,0.8372,0.3690,nan,nan,nan,nan,0
late,cage,6,1,resnet,False,solarisation,lr,0.0001,0.0001,32,11,0.1129,1.2138,1.0435,0.8140,0.4286,nan,nan,nan,nan,0
late,cage,6,1,resnet,False,solarisation,lr,0.0001,0.0001,32,12,0.1028,1.2990,1.1325,0.8372,0.4365,nan,nan,nan,nan,0
late,cage,6,1,resnet,False,solarisation,lr,0.0001,0.0001,32,13,0.0663,1.2911,1.2564,0.7442,0.4762,nan,nan,nan,nan,0
late,cage,6,1,resnet,False,solarisation,lr,0.0001,0.0001,32,14,0.0706,1.3795,1.1580,0.8140,0.3492,nan,nan,nan,nan,0
late,cage,6,1,resnet,False,solarisation,lr,0.0001,0.0001,32,15,0.0642,1.9927,1.3240,0.8372,0.4960,nan,nan,nan,nan,0
late,cage,6,1,resnet,False,solarisation,lr,0.0001,0.0001,32,16,0.0549,1.1276,1.3582,0.7209,0.4127,nan,nan,nan,nan,0
late,cage,6,2,resnet,False,solarisation,lr,0.0001,0.0001,32,1,0.6929,0.6764,0.7091,0.2381,0.7243,nan,nan,nan,nan,0
late,cage,6,2,resnet,False,solarisation,lr,0.0001,0.0001,32,2,0.6802,0.6756,0.6528,0.7143,0.6507,nan,nan,nan,nan,0
late,cage,6,2,resnet,False,solarisation,lr,0.0001,0.0001,32,3,0.6441,0.6572,0.6905,0.4524,0.7500,nan,nan,nan,nan,0
late,cage,6,2,resnet,False,solarisation,lr,0.0001,0.0001,32,4,0.5805,0.6631,0.7074,0.6429,0.7096,nan,nan,nan,nan,0
late,cage,6,2,resnet,False,solarisation,lr,0.0001,0.0001,32,5,0.4744,0.7061,0.7121,0.6905,0.5478,0.7197,0.7051,0.7073,0.4619,1
late,cage,6,2,resnet,False,solarisation,lr,0.0001,0.0001,32,6,0.3790,1.2105,0.7641,0.8095,0.6287,nan,nan,nan,nan,0
late,cage,6,2,resnet,False,solarisation,lr,0.0001,0.0001,32,7,0.2642,1.0310,0.7994,0.7619,0.5331,nan,nan,nan,nan,0
late,cage,6,2,resnet,False,solarisation,lr,0.0001,0.0001,32,8,0.2059,0.8153,1.1320,0.6190,0.5147,nan,nan,nan,nan,0
late,cage,6,2,resnet,False,solarisation,lr,0.0001,0.0001,32,9,0.1559,1.6839,1.0648,0.8095,0.4412,nan,nan,nan,nan,0
late,cage,6,2,resnet,False,solarisation,lr,0.0001,0.0001,32,10,0.1199,1.7971,1.2507,0.7619,0.4706,nan,nan,nan,nan,0
late,cage,6,2,resnet,False,solarisation,lr,0.0001,0.0001,32,11,0.1024,1.7542,1.1367,0.8095,0.5037,nan,nan,nan,nan,0
late,cage,6,2,resnet,False,solarisation,lr,0.0001,0.0001,32,12,0.0747,2.5815,1.5694,0.8095,0.5404,nan,nan,nan,nan,0
late,cage,6,2,resnet,False,solarisation,lr,0.0001,0.0001,32,13,0.0643,2.5664,1.5145,0.8095,0.5735,nan,nan,nan,nan,0
late,cage,6,2,resnet,False,solarisation,lr,0.0001,0.0001,32,14,0.0951,2.2379,1.4349,0.8095,0.5404,nan,nan,nan,nan,0
late,cage,6,2,resnet,False,solarisation,lr,0.0001,0.0001,32,15,0.0496,2.1166,1.4286,0.7857,0.4853,nan,nan,nan,nan,0
late,cage,6,2,resnet,False,solarisation,lr,0.0001,0.0001,32,16,0.0391,1.6810,1.3272,0.7619,0.4853,nan,nan,nan,nan,0
late,cage,6,3,resnet,False,solarisation,lr,0.0001,0.0001,32,1,0.6957,0.7122,0.7492,0.1667,0.4122,nan,nan,nan,nan,0
late,cage,6,3,resnet,False,solarisation,lr,0.0001,0.0001,32,2,0.6737,0.7477,0.8162,0.1667,0.3878,nan,nan,nan,nan,0
late,cage,6,3,resnet,False,solarisation,lr,0.0001,0.0001,32,3,0.6396,0.6755,0.6641,0.6905,0.6327,nan,nan,nan,nan,0
late,cage,6,3,resnet,False,solarisation,lr,0.0001,0.0001,32,4,0.5646,0.6792,0.6593,0.6667,0.5918,nan,nan,nan,nan,0
late,cage,6,3,resnet,False,solarisation,lr,0.0001,0.0001,32,5,0.4678,0.9027,0.6972,0.8095,0.5469,nan,nan,nan,nan,1
late,cage,6,3,resnet,False,solarisation,lr,0.0001,0.0001,32,6,0.3653,0.7096,0.7619,0.7619,0.6000,nan,nan,nan,nan,1
late,cage,6,3,resnet,False,solarisation,lr,0.0001,0.0001,32,7,0.2738,1.0885,0.8247,0.8333,0.6898,nan,nan,nan,nan,1
late,cage,6,3,resnet,False,solarisation,lr,0.0001,0.0001,32,8,0.2148,1.3315,1.0350,0.8333,0.5510,nan,nan,nan,nan,0
late,cage,6,3,resnet,False,solarisation,lr,0.0001,0.0001,32,9,0.1354,1.4956,1.1452,0.8095,0.6531,nan,nan,nan,nan,0
late,cage,6,3,resnet,False,solarisation,lr,0.0001,0.0001,32,10,0.1234,1.5339,1.3376,0.8095,0.5673,nan,nan,nan,nan,0
late,cage,6,3,resnet,False,solarisation,lr,0.0001,0.0001,32,11,0.0867,1.7578,1.3034,0.8095,0.6286,nan,nan,nan,nan,1
late,cage,6,3,resnet,False,solarisation,lr,0.0001,0.0001,32,12,0.0815,1.2470,1.1279,0.8095,0.7388,nan,nan,nan,nan,1
late,cage,6,3,resnet,False,solarisation,lr,0.0001,0.0001,32,13,0.0890,0.8044,1.3557,0.7143,0.6327,nan,nan,nan,nan,1
late,cage,6,3,resnet,False,solarisation,lr,0.0001,0.0001,32,14,0.0681,1.7808,1.3400,0.8333,0.6367,nan,nan,nan,nan,0
late,cage,6,3,resnet,False,solarisation,lr,0.0001,0.0001,32,15,0.0434,1.1110,1.2865,0.7857,0.6408,nan,nan,nan,nan,1
late,cage,6,3,resnet,False,solarisation,lr,0.0001,0.0001,32,16,0.0605,0.9606,1.3333,0.7857,0.6694,1.2047,1.6445,0.7317,0.5095,1
late,cage,6,3,resnet,False,solarisation,lr,0.0001,0.0001,32,17,0.0515,2.6938,1.7331,0.8333,0.6327,nan,nan,nan,nan,0
late,cage,6,3,resnet,False,solarisation,lr,0.0001,0.0001,32,18,0.0568,1.7080,1.3789,0.8333,0.7102,nan,nan,nan,nan,0
late,cage,6,3,resnet,False,solarisation,lr,0.0001,0.0001,32,19,0.0469,2.0157,1.4668,0.8333,0.6367,nan,nan,nan,nan,0
late,cage,6,3,resnet,False,solarisation,lr,0.0001,0.0001,32,20,0.0198,1.4247,1.3479,0.8571,0.6449,nan,nan,nan,nan,0
late,cage,6,3,resnet,False,solarisation,lr,0.0001,0.0001,32,21,0.0732,0.6405,1.2736,0.6667,0.7061,nan,nan,nan,nan,0
late,cage,6,4,resnet,False,solarisation,lr,0.0001,0.0001,32,1,0.7061,0.6654,0.6796,0.5349,0.7536,nan,nan,nan,nan,0
late,cage,6,4,resnet,False,solarisation,lr,0.0001,0.0001,32,2,0.6763,0.6753,0.7424,0.2093,0.7071,nan,nan,nan,nan,0
late,cage,6,4,resnet,False,solarisation,lr,0.0001,0.0001,32,3,0.6356,0.6682,0.6325,0.7907,0.8643,nan,nan,nan,nan,0
late,cage,6,4,resnet,False,solarisation,lr,0.0001,0.0001,32,4,0.5712,0.6514,0.6915,0.7209,0.7071,nan,nan,nan,nan,0
late,cage,6,4,resnet,False,solarisation,lr,0.0001,0.0001,32,5,0.4711,0.6799,0.8750,0.3023,0.7214,nan,nan,nan,nan,1
late,cage,6,4,resnet,False,solarisation,lr,0.0001,0.0001,32,6,0.3637,0.7773,1.0364,0.2093,0.8214,0.9813,1.2815,0.1463,0.4476,1
late,cage,6,4,resnet,False,solarisation,lr,0.0001,0.0001,32,7,0.2863,0.8864,1.2376,0.2093,0.6429,nan,nan,nan,nan,0
late,cage,6,4,resnet,False,solarisation,lr,0.0001,0.0001,32,8,0.2061,1.0228,1.0966,0.7907,0.5607,nan,nan,nan,nan,0
late,cage,6,4,resnet,False,solarisation,lr,0.0001,0.0001,32,9,0.1452,0.7806,1.2577,0.3953,0.6643,nan,nan,nan,nan,0
late,cage,6,4,resnet,False,solarisation,lr,0.0001,0.0001,32,10,0.1326,0.9784,1.1512,0.7674,0.6821,nan,nan,nan,nan,0
late,cage,6,4,resnet,False,solarisation,lr,0.0001,0.0001,32,11,0.1095,0.8727,1.1040,0.7442,0.7179,nan,nan,nan,nan,0
late,cage,6,4,resnet,False,solarisation,lr,0.0001,0.0001,32,12,0.0693,1.0049,1.1547,0.7907,0.6143,nan,nan,nan,nan,0
late,cage,6,4,resnet,False,solarisation,lr,0.0001,0.0001,32,13,0.0390,1.2837,1.3932,0.7907,0.6821,nan,nan,nan,nan,0
late,cage,6,4,resnet,False,solarisation,lr,0.0001,0.0001,32,14,0.0616,1.0799,1.4037,0.7674,0.6393,nan,nan,nan,nan,0
late,cage,6,4,resnet,False,solarisation,lr,0.0001,0.0001,32,15,0.0598,1.5402,1.6898,0.7674,0.5679,nan,nan,nan,nan,0
late,cage,6,4,resnet,False,solarisation,lr,0.0001,0.0001,32,16,0.0742,0.9808,1.4044,0.7674,0.6107,nan,nan,nan,nan,0
late,cage,6,5,resnet,False,solarisation,lr,0.0001,0.0001,32,1,0.6931,0.7072,0.6848,0.6500,0.4552,nan,nan,nan,nan,0
late,cage,6,5,resnet,False,solarisation,lr,0.0001,0.0001,32,2,0.6645,0.7568,0.6859,0.7250,0.3692,nan,nan,nan,nan,0
late,cage,6,5,resnet,False,solarisation,lr,0.0001,0.0001,32,3,0.6314,0.8834,0.6933,0.7750,0.4373,nan,nan,nan,nan,0
late,cage,6,5,resnet,False,solarisation,lr,0.0001,0.0001,32,4,0.5746,1.0368,0.7784,0.8000,0.3799,nan,nan,nan,nan,0
late,cage,6,5,resnet,False,solarisation,lr,0.0001,0.0001,32,5,0.4716,1.4542,0.9807,0.7750,0.4158,nan,nan,nan,nan,1
late,cage,6,5,resnet,False,solarisation,lr,0.0001,0.0001,32,6,0.3688,1.3600,0.9842,0.7750,0.5090,nan,nan,nan,nan,1
late,cage,6,5,resnet,False,solarisation,lr,0.0001,0.0001,32,7,0.2708,1.1834,0.9780,0.7750,0.5484,nan,nan,nan,nan,1
late,cage,6,5,resnet,False,solarisation,lr,0.0001,0.0001,32,8,0.2106,1.5569,1.1181,0.7750,0.4588,nan,nan,nan,nan,0
late,cage,6,5,resnet,False,solarisation,lr,0.0001,0.0001,32,9,0.1783,2.1668,1.4479,0.7750,0.3763,nan,nan,nan,nan,0
late,cage,6,5,resnet,False,solarisation,lr,0.0001,0.0001,32,10,0.1118,1.6905,1.4038,0.7500,0.5197,nan,nan,nan,nan,1
late,cage,6,5,resnet,False,solarisation,lr,0.0001,0.0001,32,11,0.0902,2.7017,1.7997,0.7750,0.5341,nan,nan,nan,nan,1
late,cage,6,5,resnet,False,solarisation,lr,0.0001,0.0001,32,12,0.0666,1.4573,1.3474,0.7000,0.4875,nan,nan,nan,nan,0
late,cage,6,5,resnet,False,solarisation,lr,0.0001,0.0001,32,13,0.0808,3.2845,2.1262,0.7750,0.4910,nan,nan,nan,nan,0
late,cage,6,5,resnet,False,solarisation,lr,0.0001,0.0001,32,14,0.0542,3.4990,2.2691,0.7750,0.4480,2.6716,1.8556,0.8537,0.4714,1
late,cage,6,5,resnet,False,solarisation,lr,0.0001,0.0001,32,15,0.0520,2.1547,1.6378,0.7750,0.4516,nan,nan,nan,nan,0
late,cage,6,5,resnet,False,solarisation,lr,0.0001,0.0001,32,16,0.0719,3.2337,2.1138,0.7750,0.4516,nan,nan,nan,nan,0
late,cage,6,5,resnet,False,solarisation,lr,0.0001,0.0001,32,17,0.0595,3.3217,2.1968,0.7750,0.5341,nan,nan,nan,nan,0
late,cage,6,5,resnet,False,solarisation,lr,0.0001,0.0001,32,18,0.0466,2.3655,1.7576,0.7500,0.5520,nan,nan,nan,nan,0
late,cage,6,5,resnet,False,solarisation,lr,0.0001,0.0001,32,19,0.0193,3.1042,2.1684,0.7750,0.4803,nan,nan,nan,nan,0
