fusion,dataset,test_set,dev_set,arch,use_pretrained,augmentation,speech_encoder_arch,lr,wd,batch_size,epoch,train_loss,dev_loss_patient,dev_loss_cough,dev_acc,dev_auc,test_loss_patient,test_loss_cough,test_acc,test_auc,is_best
none,cage,0,1,resnet,True,none,lr,0.0001,0.0001,32,1,0.7330,0.6684,0.6548,0.6977,0.6865,nan,nan,nan,nan,0
none,cage,0,1,resnet,True,none,lr,0.0001,0.0001,32,2,0.6579,0.7101,0.7325,0.5116,0.4960,nan,nan,nan,nan,0
none,cage,0,1,resnet,True,none,lr,0.0001,0.0001,32,3,0.5842,0.7184,0.7172,0.6977,0.5238,nan,nan,nan,nan,0
none,cage,0,1,resnet,True,none,lr,0.0001,0.0001,32,4,0.4883,0.8573,0.7590,0.8140,0.5635,nan,nan,nan,nan,0
none,cage,0,1,resnet,True,none,lr,0.0001,0.0001,32,5,0.3739,0.7295,0.8635,0.6279,0.5714,nan,nan,nan,nan,1
none,cage,0,1,resnet,True,none,lr,0.0001,0.0001,32,6,0.3019,0.9559,1.1097,0.6744,0.5437,nan,nan,nan,nan,0
none,cage,0,1,resnet,True,none,lr,0.0001,0.0001,32,7,0.2281,0.8230,0.9744,0.8140,0.6270,nan,nan,nan,nan,0
none,cage,0,1,resnet,True,none,lr,0.0001,0.0001,32,8,0.1963,1.3934,1.2101,0.8372,0.4881,nan,nan,nan,nan,0
none,cage,0,1,resnet,True,none,lr,0.0001,0.0001,32,9,0.1637,1.5831,1.1902,0.8372,0.5119,nan,nan,nan,nan,0
none,cage,0,1,resnet,True,none,lr,0.0001,0.0001,32,10,0.1243,1.6158,1.2651,0.8372,0.5317,nan,nan,nan,nan,0
none,cage,0,1,resnet,True,none,lr,0.0001,0.0001,32,11,0.1065,1.7431,1.4001,0.8140,0.5437,nan,nan,nan,nan,0
none,cage,0,1,resnet,True,none,lr,0.0001,0.0001,32,12,0.0860,1.7320,1.2615,0.8140,0.7421,nan,nan,nan,nan,0
none,cage,0,1,resnet,True,none,lr,0.0001,0.0001,32,13,0.0747,2.0001,1.4328,0.8372,0.6270,nan,nan,nan,nan,1
none,cage,0,1,resnet,True,none,lr,0.0001,0.0001,32,14,0.0763,1.5742,1.4001,0.8140,0.6468,nan,nan,nan,nan,1
none,cage,0,1,resnet,True,none,lr,0.0001,0.0001,32,15,0.0580,1.7536,1.4186,0.8372,0.6071,1.3920,1.4489,0.7907,0.7063,1
none,cage,0,1,resnet,True,none,lr,0.0001,0.0001,32,16,0.0595,2.2441,1.6822,0.8372,0.5357,nan,nan,nan,nan,0
none,cage,0,1,resnet,True,none,lr,0.0001,0.0001,32,17,0.0702,1.7328,1.4883,0.8372,0.5913,nan,nan,nan,nan,0
none,cage,0,1,resnet,True,none,lr,0.0001,0.0001,32,18,0.0430,2.8873,1.8014,0.8372,0.5238,nan,nan,nan,nan,0
none,cage,0,1,resnet,True,none,lr,0.0001,0.0001,32,19,0.0541,2.1901,1.6131,0.8372,0.6349,nan,nan,nan,nan,0
none,cage,0,1,resnet,True,none,lr,0.0001,0.0001,32,20,0.0436,2.1534,1.5990,0.8372,0.6071,nan,nan,nan,nan,0
none,cage,0,2,resnet,True,none,lr,0.0001,0.0001,32,1,0.7287,0.7116,0.7120,0.5714,0.4412,nan,nan,nan,nan,0
none,cage,0,2,resnet,True,none,lr,0.0001,0.0001,32,2,0.6524,0.6841,0.6895,0.7143,0.6471,nan,nan,nan,nan,0
none,cage,0,2,resnet,True,none,lr,0.0001,0.0001,32,3,0.5772,0.8259,0.7932,0.7143,0.4559,nan,nan,nan,nan,0
none,cage,0,2,resnet,True,none,lr,0.0001,0.0001,32,4,0.4791,0.9384,0.8017,0.8095,0.6213,nan,nan,nan,nan,0
none,cage,0,2,resnet,True,none,lr,0.0001,0.0001,32,5,0.4049,0.9479,0.9332,0.8095,0.5515,nan,nan,nan,nan,1
none,cage,0,2,resnet,True,none,lr,0.0001,0.0001,32,6,0.3097,1.1132,1.0821,0.7143,0.5809,nan,nan,nan,nan,1
none,cage,0,2,resnet,True,none,lr,0.0001,0.0001,32,7,0.2235,1.0478,1.0192,0.7857,0.6434,nan,nan,nan,nan,0
none,cage,0,2,resnet,True,none,lr,0.0001,0.0001,32,8,0.1955,1.5923,1.2138,0.7857,0.6176,nan,nan,nan,nan,1
none,cage,0,2,resnet,True,none,lr,0.0001,0.0001,32,9,0.1494,1.6681,1.3785,0.7857,0.5478,nan,nan,nan,nan,0
none,cage,0,2,resnet,True,none,lr,0.0001,0.0001,32,10,0.1319,2.0727,1.4882,0.7857,0.6360,nan,nan,nan,nan,0
none,cage,0,2,resnet,True,none,lr,0.0001,0.0001,32,11,0.0970,2.2982,1.6700,0.8095,0.6801,2.0971,1.6808,0.8140,0.5913,1
none,cage,0,2,resnet,True,none,lr,0.0001,0.0001,32,12,0.0948,2.2711,1.7083,0.7857,0.5846,nan,nan,nan,nan,0
none,cage,0,2,resnet,True,none,lr,0.0001,0.0001,32,13,0.0611,1.6530,1.6855,0.7381,0.5147,nan,nan,nan,nan,0
none,cage,0,2,resnet,True,none,lr,0.0001,0.0001,32,14,0.0711,2.0361,1.6054,0.7619,0.6360,nan,nan,nan,nan,0
none,cage,0,2,resnet,True,none,lr,0.0001,0.0001,32,15,0.0521,3.2221,2.2191,0.7857,0.4559,nan,nan,nan,nan,0
none,cage,0,2,resnet,True,none,lr,0.0001,0.0001,32,16,0.0656,2.3615,1.9372,0.7857,0.6029,nan,nan,nan,nan,0
none,cage,0,3,resnet,True,none,lr,0.0001,0.0001,32,1,0.7396,0.6929,0.7570,0.3095,0.5837,nan,nan,nan,nan,0
none,cage,0,3,resnet,True,none,lr,0.0001,0.0001,32,2,0.6662,0.7021,0.7473,0.6429,0.4816,nan,nan,nan,nan,0
none,cage,0,3,resnet,True,none,lr,0.0001,0.0001,32,3,0.5901,0.6561,0.8163,0.4762,0.6980,nan,nan,nan,nan,0
none,cage,0,3,resnet,True,none,lr,0.0001,0.0001,32,4,0.4888,0.6937,0.7962,0.6905,0.5755,nan,nan,nan,nan,0
none,cage,0,3,resnet,True,none,lr,0.0001,0.0001,32,5,0.3885,1.2835,1.0025,0.8095,0.4980,1.0247,0.9115,0.8372,0.6944,1
none,cage,0,3,resnet,True,none,lr,0.0001,0.0001,32,6,0.3033,1.0116,1.1393,0.6905,0.4408,nan,nan,nan,nan,0
none,cage,0,3,resnet,True,none,lr,0.0001,0.0001,32,7,0.2365,1.1630,1.4015,0.7143,0.4776,nan,nan,nan,nan,0
none,cage,0,3,resnet,True,none,lr,0.0001,0.0001,32,8,0.1892,1.2598,1.3186,0.7857,0.5714,nan,nan,nan,nan,0
none,cage,0,3,resnet,True,none,lr,0.0001,0.0001,32,9,0.1537,1.4330,1.3228,0.8333,0.3673,nan,nan,nan,nan,0
none,cage,0,3,resnet,True,none,lr,0.0001,0.0001,32,10,0.1166,2.5440,1.6775,0.8333,0.4653,nan,nan,nan,nan,0
none,cage,0,3,resnet,True,none,lr,0.0001,0.0001,32,11,0.1296,1.5855,1.5852,0.8095,0.4612,nan,nan,nan,nan,0
none,cage,0,3,resnet,True,none,lr,0.0001,0.0001,32,12,0.0694,2.3506,1.7868,0.8095,0.4776,nan,nan,nan,nan,0
none,cage,0,3,resnet,True,none,lr,0.0001,0.0001,32,13,0.0801,2.0628,1.8590,0.8571,0.4816,nan,nan,nan,nan,0
none,cage,0,3,resnet,True,none,lr,0.0001,0.0001,32,14,0.0743,2.1223,1.6475,0.8095,0.5755,nan,nan,nan,nan,0
none,cage,0,3,resnet,True,none,lr,0.0001,0.0001,32,15,0.0688,1.9352,1.8503,0.8095,0.4980,nan,nan,nan,nan,0
none,cage,0,3,resnet,True,none,lr,0.0001,0.0001,32,16,0.0714,2.3422,1.8960,0.8333,0.4653,nan,nan,nan,nan,0
none,cage,0,4,resnet,True,none,lr,0.0001,0.0001,32,1,0.7403,0.6976,0.7017,0.4186,0.5000,nan,nan,nan,nan,0
none,cage,0,4,resnet,True,none,lr,0.0001,0.0001,32,2,0.6622,0.7031,0.7674,0.4884,0.5250,nan,nan,nan,nan,0
none,cage,0,4,resnet,True,none,lr,0.0001,0.0001,32,3,0.5936,0.7542,0.7724,0.6512,0.5357,nan,nan,nan,nan,0
none,cage,0,4,resnet,True,none,lr,0.0001,0.0001,32,4,0.5089,0.7318,0.8683,0.6279,0.5750,nan,nan,nan,nan,0
none,cage,0,4,resnet,True,none,lr,0.0001,0.0001,32,5,0.4074,1.0397,1.0100,0.8140,0.6571,nan,nan,nan,nan,1
none,cage,0,4,resnet,True,none,lr,0.0001,0.0001,32,6,0.3247,0.9645,1.0536,0.7907,0.7000,nan,nan,nan,nan,1
none,cage,0,4,resnet,True,none,lr,0.0001,0.0001,32,7,0.2484,2.0308,1.6281,0.8140,0.5643,nan,nan,nan,nan,1
none,cage,0,4,resnet,True,none,lr,0.0001,0.0001,32,8,0.1931,1.6241,1.4836,0.7907,0.6071,nan,nan,nan,nan,1
none,cage,0,4,resnet,True,none,lr,0.0001,0.0001,32,9,0.1616,1.1598,1.2680,0.8140,0.6429,1.0334,1.1079,0.7907,0.6825,1
none,cage,0,4,resnet,True,none,lr,0.0001,0.0001,32,10,0.1449,1.3001,1.4787,0.8140,0.6429,nan,nan,nan,nan,0
none,cage,0,4,resnet,True,none,lr,0.0001,0.0001,32,11,0.1373,1.9096,1.7388,0.7907,0.6143,nan,nan,nan,nan,0
none,cage,0,4,resnet,True,none,lr,0.0001,0.0001,32,12,0.1232,2.0056,1.8266,0.8140,0.6107,nan,nan,nan,nan,0
none,cage,0,4,resnet,True,none,lr,0.0001,0.0001,32,13,0.0827,1.5999,1.6450,0.7907,0.6250,nan,nan,nan,nan,0
none,cage,0,4,resnet,True,none,lr,0.0001,0.0001,32,14,0.0728,2.0461,1.9804,0.8140,0.6071,nan,nan,nan,nan,0
none,cage,0,4,resnet,True,none,lr,0.0001,0.0001,32,15,0.0980,1.7376,1.8067,0.8140,0.6500,nan,nan,nan,nan,0
none,cage,0,4,resnet,True,none,lr,0.0001,0.0001,32,16,0.0649,1.7676,1.8129,0.8140,0.6536,nan,nan,nan,nan,0
none,cage,0,5,resnet,True,none,lr,0.0001,0.0001,32,1,0.7332,0.8429,0.7080,0.7500,0.3118,nan,nan,nan,nan,0
none,cage,0,5,resnet,True,none,lr,0.0001,0.0001,32,2,0.6629,0.7500,0.6864,0.6500,0.5161,nan,nan,nan,nan,0
none,cage,0,5,resnet,True,none,lr,0.0001,0.0001,32,3,0.5821,0.7314,0.7813,0.6500,0.5663,nan,nan,nan,nan,0
none,cage,0,5,resnet,True,none,lr,0.0001,0.0001,32,4,0.4671,1.1924,1.0407,0.7000,0.3513,nan,nan,nan,nan,0
none,cage,0,5,resnet,True,none,lr,0.0001,0.0001,32,5,0.3600,1.5064,1.1202,0.7500,0.3871,nan,nan,nan,nan,1
none,cage,0,5,resnet,True,none,lr,0.0001,0.0001,32,6,0.3025,1.6805,1.2329,0.7500,0.4265,0.7875,0.8697,0.8140,0.8651,1
none,cage,0,5,resnet,True,none,lr,0.0001,0.0001,32,7,0.2404,1.4635,1.4653,0.6750,0.3835,nan,nan,nan,nan,0
none,cage,0,5,resnet,True,none,lr,0.0001,0.0001,32,8,0.1977,1.8038,1.6962,0.6500,0.4552,nan,nan,nan,nan,0
none,cage,0,5,resnet,True,none,lr,0.0001,0.0001,32,9,0.1539,2.0076,1.6647,0.7250,0.4229,nan,nan,nan,nan,0
none,cage,0,5,resnet,True,none,lr,0.0001,0.0001,32,10,0.1070,2.3874,2.0174,0.7250,0.3082,nan,nan,nan,nan,0
none,cage,0,5,resnet,True,none,lr,0.0001,0.0001,32,11,0.1106,2.4151,1.7968,0.8000,0.4659,nan,nan,nan,nan,0
none,cage,0,5,resnet,True,none,lr,0.0001,0.0001,32,12,0.1083,2.7750,1.9488,0.8000,0.4194,nan,nan,nan,nan,0
none,cage,0,5,resnet,True,none,lr,0.0001,0.0001,32,13,0.1001,2.9542,2.0449,0.7500,0.3728,nan,nan,nan,nan,0
none,cage,0,5,resnet,True,none,lr,0.0001,0.0001,32,14,0.0840,2.9160,2.0291,0.7500,0.4301,nan,nan,nan,nan,0
none,cage,0,5,resnet,True,none,lr,0.0001,0.0001,32,15,0.0519,3.7439,2.6434,0.7500,0.3262,nan,nan,nan,nan,0
none,cage,0,5,resnet,True,none,lr,0.0001,0.0001,32,16,0.0512,4.0064,2.5025,0.7750,0.4194,nan,nan,nan,nan,0
none,cage,0,6,resnet,True,none,lr,0.0001,0.0001,32,1,0.7278,0.7199,0.6924,0.7073,0.4381,nan,nan,nan,nan,0
none,cage,0,6,resnet,True,none,lr,0.0001,0.0001,32,2,0.6664,0.7413,0.7565,0.5610,0.4476,nan,nan,nan,nan,0
none,cage,0,6,resnet,True,none,lr,0.0001,0.0001,32,3,0.5833,0.7658,0.7103,0.8293,0.4286,nan,nan,nan,nan,0
none,cage,0,6,resnet,True,none,lr,0.0001,0.0001,32,4,0.4830,0.8031,0.8903,0.7073,0.5381,nan,nan,nan,nan,0
none,cage,0,6,resnet,True,none,lr,0.0001,0.0001,32,5,0.4117,1.0740,1.0247,0.8293,0.3905,nan,nan,nan,nan,1
none,cage,0,6,resnet,True,none,lr,0.0001,0.0001,32,6,0.3270,1.0412,1.2036,0.7073,0.4714,nan,nan,nan,nan,1
none,cage,0,6,resnet,True,none,lr,0.0001,0.0001,32,7,0.2504,1.3184,1.1609,0.8537,0.5143,nan,nan,nan,nan,1
none,cage,0,6,resnet,True,none,lr,0.0001,0.0001,32,8,0.1946,1.3957,1.3399,0.8049,0.4762,nan,nan,nan,nan,1
none,cage,0,6,resnet,True,none,lr,0.0001,0.0001,32,9,0.1866,1.6655,1.4790,0.8293,0.4381,nan,nan,nan,nan,0
none,cage,0,6,resnet,True,none,lr,0.0001,0.0001,32,10,0.1323,1.2430,1.4496,0.7805,0.4857,nan,nan,nan,nan,0
none,cage,0,6,resnet,True,none,lr,0.0001,0.0001,32,11,0.1064,2.3440,1.8128,0.8537,0.5048,1.8621,1.5539,0.8140,0.6508,1
none,cage,0,6,resnet,True,none,lr,0.0001,0.0001,32,12,0.0969,1.5679,1.6220,0.7805,0.4190,nan,nan,nan,nan,0
none,cage,0,6,resnet,True,none,lr,0.0001,0.0001,32,13,0.1409,1.8873,1.7612,0.8293,0.4524,nan,nan,nan,nan,0
none,cage,0,6,resnet,True,none,lr,0.0001,0.0001,32,14,0.0828,1.9038,1.7786,0.8293,0.4714,nan,nan,nan,nan,0
none,cage,0,6,resnet,True,none,lr,0.0001,0.0001,32,15,0.0610,2.1685,1.7125,0.8537,0.4810,nan,nan,nan,nan,0
none,cage,0,6,resnet,True,none,lr,0.0001,0.0001,32,16,0.0661,2.6502,2.1504,0.8293,0.3810,nan,nan,nan,nan,0
none,cage,0,7,resnet,True,none,lr,0.0001,0.0001,32,1,0.7460,0.6548,0.6376,0.7727,0.7778,nan,nan,nan,nan,0
none,cage,0,7,resnet,True,none,lr,0.0001,0.0001,32,2,0.6634,0.7015,0.6363,0.7955,0.6111,nan,nan,nan,nan,0
none,cage,0,7,resnet,True,none,lr,0.0001,0.0001,32,3,0.6031,0.6156,0.6614,0.8409,0.8056,nan,nan,nan,nan,0
none,cage,0,7,resnet,True,none,lr,0.0001,0.0001,32,4,0.5186,0.7397,0.6360,0.8182,0.7743,nan,nan,nan,nan,0
none,cage,0,7,resnet,True,none,lr,0.0001,0.0001,32,5,0.4300,0.8213,0.7101,0.8182,0.6979,nan,nan,nan,nan,1
none,cage,0,7,resnet,True,none,lr,0.0001,0.0001,32,6,0.3432,0.7967,1.0298,0.6818,0.6424,nan,nan,nan,nan,0
none,cage,0,7,resnet,True,none,lr,0.0001,0.0001,32,7,0.2465,1.1043,1.0022,0.7955,0.7049,nan,nan,nan,nan,0
none,cage,0,7,resnet,True,none,lr,0.0001,0.0001,32,8,0.1875,1.0653,1.0446,0.7955,0.7153,nan,nan,nan,nan,0
none,cage,0,7,resnet,True,none,lr,0.0001,0.0001,32,9,0.1635,1.0727,1.0985,0.8182,0.7743,nan,nan,nan,nan,0
none,cage,0,7,resnet,True,none,lr,0.0001,0.0001,32,10,0.1406,0.7950,1.1642,0.8409,0.7917,nan,nan,nan,nan,0
none,cage,0,7,resnet,True,none,lr,0.0001,0.0001,32,11,0.1296,1.8743,1.2884,0.8182,0.6875,nan,nan,nan,nan,0
none,cage,0,7,resnet,True,none,lr,0.0001,0.0001,32,12,0.0648,0.6479,1.0958,0.8409,0.8576,nan,nan,nan,nan,1
none,cage,0,7,resnet,True,none,lr,0.0001,0.0001,32,13,0.0831,1.9158,1.3918,0.8182,0.7674,2.0306,1.7002,0.8140,0.6905,1
none,cage,0,7,resnet,True,none,lr,0.0001,0.0001,32,14,0.0732,2.2944,1.3770,0.8182,0.7500,nan,nan,nan,nan,0
none,cage,0,7,resnet,True,none,lr,0.0001,0.0001,32,15,0.0823,2.0411,1.4729,0.8182,0.7396,nan,nan,nan,nan,0
none,cage,0,7,resnet,True,none,lr,0.0001,0.0001,32,16,0.0727,2.6168,1.6485,0.7955,0.7188,nan,nan,nan,nan,0
none,cage,0,7,resnet,True,none,lr,0.0001,0.0001,32,17,0.0489,2.5486,1.6615,0.8182,0.7396,nan,nan,nan,nan,0
none,cage,0,7,resnet,True,none,lr,0.0001,0.0001,32,18,0.0503,1.9751,1.5317,0.8182,0.7431,nan,nan,nan,nan,0
none,cage,0,8,resnet,True,none,lr,0.0001,0.0001,32,1,0.7357,0.8148,0.6305,0.8298,0.4071,nan,nan,nan,nan,0
none,cage,0,8,resnet,True,none,lr,0.0001,0.0001,32,2,0.6678,0.7082,0.7179,0.7447,0.5513,nan,nan,nan,nan,0
none,cage,0,8,resnet,True,none,lr,0.0001,0.0001,32,3,0.5802,0.7474,0.7071,0.7872,0.5705,nan,nan,nan,nan,0
none,cage,0,8,resnet,True,none,lr,0.0001,0.0001,32,4,0.4827,0.8085,0.8864,0.6170,0.4679,nan,nan,nan,nan,0
none,cage,0,8,resnet,True,none,lr,0.0001,0.0001,32,5,0.3939,1.1484,0.9608,0.7447,0.4359,nan,nan,nan,nan,1
none,cage,0,8,resnet,True,none,lr,0.0001,0.0001,32,6,0.3134,1.0618,1.1773,0.6170,0.5000,nan,nan,nan,nan,1
none,cage,0,8,resnet,True,none,lr,0.0001,0.0001,32,7,0.2390,1.6279,1.1575,0.7872,0.5449,nan,nan,nan,nan,0
none,cage,0,8,resnet,True,none,lr,0.0001,0.0001,32,8,0.2008,2.0815,1.3200,0.8085,0.5096,nan,nan,nan,nan,0
none,cage,0,8,resnet,True,none,lr,0.0001,0.0001,32,9,0.1625,2.2254,1.4925,0.8085,0.5353,nan,nan,nan,nan,0
none,cage,0,8,resnet,True,none,lr,0.0001,0.0001,32,10,0.1264,1.7464,1.3504,0.8085,0.5288,nan,nan,nan,nan,1
none,cage,0,8,resnet,True,none,lr,0.0001,0.0001,32,11,0.1129,2.1068,1.5718,0.7660,0.5321,nan,nan,nan,nan,1
none,cage,0,8,resnet,True,none,lr,0.0001,0.0001,32,12,0.1018,2.1933,1.4941,0.8298,0.5609,nan,nan,nan,nan,0
none,cage,0,8,resnet,True,none,lr,0.0001,0.0001,32,13,0.1194,2.4582,1.6287,0.8298,0.6122,nan,nan,nan,nan,1
none,cage,0,8,resnet,True,none,lr,0.0001,0.0001,32,14,0.0747,2.0506,1.5951,0.7872,0.5801,nan,nan,nan,nan,1
none,cage,0,8,resnet,True,none,lr,0.0001,0.0001,32,15,0.0677,2.4584,1.7492,0.7872,0.5545,nan,nan,nan,nan,1
none,cage,0,8,resnet,True,none,lr,0.0001,0.0001,32,16,0.0832,2.8203,1.7520,0.8085,0.5192,nan,nan,nan,nan,0
none,cage,0,8,resnet,True,none,lr,0.0001,0.0001,32,17,0.0584,2.8938,1.8431,0.8298,0.6218,nan,nan,nan,nan,1
none,cage,0,8,resnet,True,none,lr,0.0001,0.0001,32,18,0.0448,2.9232,1.8539,0.8298,0.6250,nan,nan,nan,nan,0
none,cage,0,8,resnet,True,none,lr,0.0001,0.0001,32,19,0.0391,3.5371,2.1482,0.8085,0.5737,nan,nan,nan,nan,0
none,cage,0,8,resnet,True,none,lr,0.0001,0.0001,32,20,0.0614,2.7337,1.9006,0.7872,0.5833,nan,nan,nan,nan,1
none,cage,0,8,resnet,True,none,lr,0.0001,0.0001,32,21,0.0370,2.8892,1.9816,0.8298,0.5545,2.0979,1.7414,0.7907,0.7103,1
none,cage,0,8,resnet,True,none,lr,0.0001,0.0001,32,22,0.0451,4.0156,2.2891,0.8298,0.5353,nan,nan,nan,nan,0
none,cage,0,8,resnet,True,none,lr,0.0001,0.0001,32,23,0.0399,3.8323,2.2353,0.8298,0.5417,nan,nan,nan,nan,0
none,cage,0,8,resnet,True,none,lr,0.0001,0.0001,32,24,0.0311,3.4507,2.1524,0.8298,0.5962,nan,nan,nan,nan,0
none,cage,0,8,resnet,True,none,lr,0.0001,0.0001,32,25,0.0506,3.0405,1.9223,0.8298,0.5705,nan,nan,nan,nan,0
none,cage,0,8,resnet,True,none,lr,0.0001,0.0001,32,26,0.0447,3.1017,2.2562,0.7872,0.4615,nan,nan,nan,nan,0
none,cage,0,9,resnet,True,none,lr,0.0001,0.0001,32,1,0.7326,0.7938,0.7268,0.6667,0.4512,nan,nan,nan,nan,0
none,cage,0,9,resnet,True,none,lr,0.0001,0.0001,32,2,0.6472,0.8421,0.7363,0.7381,0.4007,nan,nan,nan,nan,0
none,cage,0,9,resnet,True,none,lr,0.0001,0.0001,32,3,0.5638,0.9509,0.8256,0.7381,0.5118,nan,nan,nan,nan,0
none,cage,0,9,resnet,True,none,lr,0.0001,0.0001,32,4,0.4637,1.0222,1.0965,0.5000,0.4276,nan,nan,nan,nan,0
none,cage,0,9,resnet,True,none,lr,0.0001,0.0001,32,5,0.3571,1.4567,1.1614,0.6905,0.4714,nan,nan,nan,nan,1
none,cage,0,9,resnet,True,none,lr,0.0001,0.0001,32,6,0.2814,1.5367,1.1790,0.7381,0.4242,nan,nan,nan,nan,0
none,cage,0,9,resnet,True,none,lr,0.0001,0.0001,32,7,0.2123,1.2476,1.3476,0.6905,0.5051,nan,nan,nan,nan,1
none,cage,0,9,resnet,True,none,lr,0.0001,0.0001,32,8,0.1787,1.3897,1.4230,0.6667,0.5253,nan,nan,nan,nan,0
none,cage,0,9,resnet,True,none,lr,0.0001,0.0001,32,9,0.1591,2.0395,1.4877,0.7619,0.5017,nan,nan,nan,nan,1
none,cage,0,9,resnet,True,none,lr,0.0001,0.0001,32,10,0.1412,1.5076,1.5847,0.6905,0.5185,nan,nan,nan,nan,1
none,cage,0,9,resnet,True,none,lr,0.0001,0.0001,32,11,0.1084,2.7939,1.9375,0.7381,0.5017,nan,nan,nan,nan,1
none,cage,0,9,resnet,True,none,lr,0.0001,0.0001,32,12,0.0915,1.9081,1.5760,0.7381,0.5623,1.4090,1.3704,0.7907,0.6706,1
none,cage,0,9,resnet,True,none,lr,0.0001,0.0001,32,13,0.1087,2.1019,1.5565,0.7619,0.4343,nan,nan,nan,nan,0
none,cage,0,9,resnet,True,none,lr,0.0001,0.0001,32,14,0.0524,2.4878,2.0053,0.7143,0.4983,nan,nan,nan,nan,0
none,cage,0,9,resnet,True,none,lr,0.0001,0.0001,32,15,0.0671,2.1791,1.7841,0.7381,0.4310,nan,nan,nan,nan,0
none,cage,0,9,resnet,True,none,lr,0.0001,0.0001,32,16,0.0395,3.2645,2.0531,0.7619,0.5253,nan,nan,nan,nan,0
none,cage,0,9,resnet,True,none,lr,0.0001,0.0001,32,17,0.0512,3.2141,2.2353,0.7143,0.4781,nan,nan,nan,nan,0
none,cage,1,0,resnet,True,none,lr,0.0001,0.0001,32,1,0.7371,0.6996,0.6742,0.7442,0.5000,nan,nan,nan,nan,0
none,cage,1,0,resnet,True,none,lr,0.0001,0.0001,32,2,0.6566,0.6565,0.6100,0.7907,0.7619,nan,nan,nan,nan,0
none,cage,1,0,resnet,True,none,lr,0.0001,0.0001,32,3,0.5997,0.6877,0.7694,0.6512,0.6190,nan,nan,nan,nan,0
none,cage,1,0,resnet,True,none,lr,0.0001,0.0001,32,4,0.4882,0.7288,0.8168,0.7907,0.6667,nan,nan,nan,nan,0
none,cage,1,0,resnet,True,none,lr,0.0001,0.0001,32,5,0.3906,0.9032,0.8637,0.8140,0.5952,nan,nan,nan,nan,1
none,cage,1,0,resnet,True,none,lr,0.0001,0.0001,32,6,0.3192,1.0078,0.9512,0.8372,0.7024,nan,nan,nan,nan,1
none,cage,1,0,resnet,True,none,lr,0.0001,0.0001,32,7,0.2470,0.7501,0.9654,0.7674,0.7460,nan,nan,nan,nan,0
none,cage,1,0,resnet,True,none,lr,0.0001,0.0001,32,8,0.1903,0.9265,1.1274,0.8140,0.6905,nan,nan,nan,nan,1
none,cage,1,0,resnet,True,none,lr,0.0001,0.0001,32,9,0.1630,0.8978,0.9949,0.8140,0.8095,nan,nan,nan,nan,1
none,cage,1,0,resnet,True,none,lr,0.0001,0.0001,32,10,0.1359,1.0442,1.1664,0.7674,0.8571,nan,nan,nan,nan,1
none,cage,1,0,resnet,True,none,lr,0.0001,0.0001,32,11,0.0867,1.1679,1.3325,0.8140,0.7857,1.8245,1.3451,0.8372,0.5754,1
none,cage,1,0,resnet,True,none,lr,0.0001,0.0001,32,12,0.1074,1.4894,1.5165,0.8372,0.6706,nan,nan,nan,nan,0
none,cage,1,0,resnet,True,none,lr,0.0001,0.0001,32,13,0.0897,1.6760,1.5141,0.8140,0.7659,nan,nan,nan,nan,0
none,cage,1,0,resnet,True,none,lr,0.0001,0.0001,32,14,0.0579,1.1767,1.2290,0.7907,0.8214,nan,nan,nan,nan,0
none,cage,1,0,resnet,True,none,lr,0.0001,0.0001,32,15,0.0605,1.9949,1.7284,0.7907,0.7619,nan,nan,nan,nan,0
none,cage,1,0,resnet,True,none,lr,0.0001,0.0001,32,16,0.0590,1.6391,1.5115,0.8372,0.7262,nan,nan,nan,nan,0
none,cage,1,2,resnet,True,none,lr,0.0001,0.0001,32,1,0.7319,0.7366,0.7966,0.2381,0.3456,nan,nan,nan,nan,0
none,cage,1,2,resnet,True,none,lr,0.0001,0.0001,32,2,0.6624,0.6629,0.7439,0.4762,0.6397,nan,nan,nan,nan,0
none,cage,1,2,resnet,True,none,lr,0.0001,0.0001,32,3,0.5523,0.8257,0.7313,0.8095,0.5956,nan,nan,nan,nan,0
none,cage,1,2,resnet,True,none,lr,0.0001,0.0001,32,4,0.4690,0.7365,0.8198,0.7619,0.6397,nan,nan,nan,nan,0
none,cage,1,2,resnet,True,none,lr,0.0001,0.0001,32,5,0.3816,0.9417,0.9115,0.7381,0.6360,nan,nan,nan,nan,1
none,cage,1,2,resnet,True,none,lr,0.0001,0.0001,32,6,0.2798,1.0673,1.0942,0.7619,0.6213,nan,nan,nan,nan,1
none,cage,1,2,resnet,True,none,lr,0.0001,0.0001,32,7,0.2406,1.1380,1.0693,0.7857,0.6618,nan,nan,nan,nan,0
none,cage,1,2,resnet,True,none,lr,0.0001,0.0001,32,8,0.1884,1.3408,1.1870,0.7857,0.7059,1.5191,1.1764,0.8372,0.6389,1
none,cage,1,2,resnet,True,none,lr,0.0001,0.0001,32,9,0.1546,1.6455,1.2984,0.7857,0.6471,nan,nan,nan,nan,0
none,cage,1,2,resnet,True,none,lr,0.0001,0.0001,32,10,0.1098,1.8200,1.3762,0.7619,0.5515,nan,nan,nan,nan,0
none,cage,1,2,resnet,True,none,lr,0.0001,0.0001,32,11,0.1211,2.2126,1.6289,0.8095,0.6765,nan,nan,nan,nan,0
none,cage,1,2,resnet,True,none,lr,0.0001,0.0001,32,12,0.0847,2.2570,1.6152,0.7857,0.6471,nan,nan,nan,nan,0
none,cage,1,2,resnet,True,none,lr,0.0001,0.0001,32,13,0.0614,2.3903,1.7485,0.7619,0.6471,nan,nan,nan,nan,0
none,cage,1,2,resnet,True,none,lr,0.0001,0.0001,32,14,0.0678,2.4950,1.7280,0.7857,0.5956,nan,nan,nan,nan,0
none,cage,1,2,resnet,True,none,lr,0.0001,0.0001,32,15,0.0713,3.3060,2.0326,0.8095,0.5404,nan,nan,nan,nan,0
none,cage,1,2,resnet,True,none,lr,0.0001,0.0001,32,16,0.0636,2.3389,1.7632,0.8095,0.5919,nan,nan,nan,nan,0
none,cage,1,3,resnet,True,none,lr,0.0001,0.0001,32,1,0.7333,0.6652,0.6675,0.6667,0.6204,nan,nan,nan,nan,0
none,cage,1,3,resnet,True,none,lr,0.0001,0.0001,32,2,0.6595,0.6720,0.7850,0.4286,0.6367,nan,nan,nan,nan,0
none,cage,1,3,resnet,True,none,lr,0.0001,0.0001,32,3,0.5712,0.6360,0.7129,0.7619,0.6939,nan,nan,nan,nan,0
none,cage,1,3,resnet,True,none,lr,0.0001,0.0001,32,4,0.4406,0.6118,0.8068,0.7381,0.7347,nan,nan,nan,nan,0
none,cage,1,3,resnet,True,none,lr,0.0001,0.0001,32,5,0.3737,0.6999,0.9550,0.6667,0.6122,nan,nan,nan,nan,1
none,cage,1,3,resnet,True,none,lr,0.0001,0.0001,32,6,0.2668,0.8327,0.9201,0.8571,0.7184,1.2368,1.0782,0.7674,0.5238,1
none,cage,1,3,resnet,True,none,lr,0.0001,0.0001,32,7,0.2438,0.9926,1.1781,0.7857,0.5714,nan,nan,nan,nan,0
none,cage,1,3,resnet,True,none,lr,0.0001,0.0001,32,8,0.1697,1.4585,1.1458,0.8333,0.6571,nan,nan,nan,nan,0
none,cage,1,3,resnet,True,none,lr,0.0001,0.0001,32,9,0.1655,1.4386,1.3745,0.7619,0.5347,nan,nan,nan,nan,0
none,cage,1,3,resnet,True,none,lr,0.0001,0.0001,32,10,0.1183,1.1442,1.2645,0.7857,0.6449,nan,nan,nan,nan,0
none,cage,1,3,resnet,True,none,lr,0.0001,0.0001,32,11,0.0972,1.8646,1.5291,0.7857,0.6204,nan,nan,nan,nan,0
none,cage,1,3,resnet,True,none,lr,0.0001,0.0001,32,12,0.0941,1.1922,1.2173,0.8333,0.7429,nan,nan,nan,nan,0
none,cage,1,3,resnet,True,none,lr,0.0001,0.0001,32,13,0.0905,1.6633,1.5183,0.8333,0.6204,nan,nan,nan,nan,0
none,cage,1,3,resnet,True,none,lr,0.0001,0.0001,32,14,0.0750,2.5766,1.7485,0.8333,0.4857,nan,nan,nan,nan,0
none,cage,1,3,resnet,True,none,lr,0.0001,0.0001,32,15,0.0588,1.7239,1.5506,0.7857,0.6571,nan,nan,nan,nan,0
none,cage,1,3,resnet,True,none,lr,0.0001,0.0001,32,16,0.0530,1.9124,1.6583,0.8095,0.5510,nan,nan,nan,nan,0
none,cage,1,4,resnet,True,none,lr,0.0001,0.0001,32,1,0.7286,0.7212,0.7095,0.6744,0.4464,nan,nan,nan,nan,0
none,cage,1,4,resnet,True,none,lr,0.0001,0.0001,32,2,0.6463,0.7085,0.7224,0.5349,0.5321,nan,nan,nan,nan,0
none,cage,1,4,resnet,True,none,lr,0.0001,0.0001,32,3,0.5574,0.6737,0.6862,0.7674,0.8179,nan,nan,nan,nan,0
none,cage,1,4,resnet,True,none,lr,0.0001,0.0001,32,4,0.4520,0.8549,0.9595,0.6977,0.5893,nan,nan,nan,nan,0
none,cage,1,4,resnet,True,none,lr,0.0001,0.0001,32,5,0.3660,0.9720,0.9595,0.7674,0.5607,nan,nan,nan,nan,1
none,cage,1,4,resnet,True,none,lr,0.0001,0.0001,32,6,0.2984,1.1117,1.0978,0.7907,0.6357,nan,nan,nan,nan,1
none,cage,1,4,resnet,True,none,lr,0.0001,0.0001,32,7,0.2188,1.2018,1.2328,0.8140,0.6750,1.3232,1.0479,0.8372,0.6468,1
none,cage,1,4,resnet,True,none,lr,0.0001,0.0001,32,8,0.1710,1.6374,1.4932,0.7907,0.5821,nan,nan,nan,nan,0
none,cage,1,4,resnet,True,none,lr,0.0001,0.0001,32,9,0.1642,1.5373,1.4137,0.7907,0.6857,nan,nan,nan,nan,0
none,cage,1,4,resnet,True,none,lr,0.0001,0.0001,32,10,0.1119,1.3541,1.5563,0.7442,0.6036,nan,nan,nan,nan,0
none,cage,1,4,resnet,True,none,lr,0.0001,0.0001,32,11,0.1089,1.9430,1.7320,0.7674,0.6607,nan,nan,nan,nan,0
none,cage,1,4,resnet,True,none,lr,0.0001,0.0001,32,12,0.0963,1.5560,1.8160,0.7442,0.5786,nan,nan,nan,nan,0
none,cage,1,4,resnet,True,none,lr,0.0001,0.0001,32,13,0.0793,2.0021,1.9222,0.8140,0.7179,nan,nan,nan,nan,0
none,cage,1,4,resnet,True,none,lr,0.0001,0.0001,32,14,0.0790,2.8159,2.5225,0.7907,0.5321,nan,nan,nan,nan,0
none,cage,1,4,resnet,True,none,lr,0.0001,0.0001,32,15,0.0757,1.5115,1.6373,0.7907,0.7107,nan,nan,nan,nan,0
none,cage,1,4,resnet,True,none,lr,0.0001,0.0001,32,16,0.0454,2.2080,2.0865,0.7907,0.6250,nan,nan,nan,nan,0
none,cage,1,5,resnet,True,none,lr,0.0001,0.0001,32,1,0.7138,0.7343,0.7041,0.6250,0.5269,nan,nan,nan,nan,0
none,cage,1,5,resnet,True,none,lr,0.0001,0.0001,32,2,0.6540,0.8376,0.7959,0.5750,0.3799,nan,nan,nan,nan,0
none,cage,1,5,resnet,True,none,lr,0.0001,0.0001,32,3,0.5502,0.8981,0.8692,0.6000,0.3477,nan,nan,nan,nan,0
none,cage,1,5,resnet,True,none,lr,0.0001,0.0001,32,4,0.4487,1.2736,1.0565,0.7250,0.3620,nan,nan,nan,nan,0
none,cage,1,5,resnet,True,none,lr,0.0001,0.0001,32,5,0.3495,1.5038,1.2998,0.7000,0.2043,nan,nan,nan,nan,1
none,cage,1,5,resnet,True,none,lr,0.0001,0.0001,32,6,0.3019,1.7766,1.3647,0.7250,0.3333,nan,nan,nan,nan,0
none,cage,1,5,resnet,True,none,lr,0.0001,0.0001,32,7,0.2358,2.1252,1.5573,0.7750,0.3763,nan,nan,nan,nan,0
none,cage,1,5,resnet,True,none,lr,0.0001,0.0001,32,8,0.1984,2.0611,1.6115,0.6500,0.3548,nan,nan,nan,nan,0
none,cage,1,5,resnet,True,none,lr,0.0001,0.0001,32,9,0.1485,1.7026,1.4728,0.6500,0.4552,nan,nan,nan,nan,0
none,cage,1,5,resnet,True,none,lr,0.0001,0.0001,32,10,0.1192,2.4141,1.7124,0.7500,0.4050,nan,nan,nan,nan,1
none,cage,1,5,resnet,True,none,lr,0.0001,0.0001,32,11,0.0943,2.8660,2.0126,0.7750,0.4337,nan,nan,nan,nan,1
none,cage,1,5,resnet,True,none,lr,0.0001,0.0001,32,12,0.0962,3.8362,2.4523,0.7750,0.3405,nan,nan,nan,nan,0
none,cage,1,5,resnet,True,none,lr,0.0001,0.0001,32,13,0.0707,3.4390,2.4803,0.7500,0.3584,nan,nan,nan,nan,0
none,cage,1,5,resnet,True,none,lr,0.0001,0.0001,32,14,0.0793,3.3192,2.1379,0.7500,0.4480,nan,nan,nan,nan,0
none,cage,1,5,resnet,True,none,lr,0.0001,0.0001,32,15,0.0404,2.8389,2.1860,0.7750,0.5054,nan,nan,nan,nan,1
none,cage,1,5,resnet,True,none,lr,0.0001,0.0001,32,16,0.0771,4.3360,2.7299,0.7750,0.4444,nan,nan,nan,nan,0
none,cage,1,5,resnet,True,none,lr,0.0001,0.0001,32,17,0.0696,4.3182,2.8132,0.7750,0.3871,nan,nan,nan,nan,1
none,cage,1,5,resnet,True,none,lr,0.0001,0.0001,32,18,0.0617,3.1831,2.2119,0.7500,0.4516,1.9613,1.4873,0.8605,0.5952,1
none,cage,1,5,resnet,True,none,lr,0.0001,0.0001,32,19,0.0832,4.6805,2.9197,0.7750,0.3763,nan,nan,nan,nan,0
none,cage,1,5,resnet,True,none,lr,0.0001,0.0001,32,20,0.0539,4.0695,2.6079,0.7750,0.4373,nan,nan,nan,nan,0
none,cage,1,5,resnet,True,none,lr,0.0001,0.0001,32,21,0.0347,3.8790,2.4724,0.7750,0.3907,nan,nan,nan,nan,0
none,cage,1,5,resnet,True,none,lr,0.0001,0.0001,32,22,0.0160,3.6327,2.5287,0.7750,0.4337,nan,nan,nan,nan,0
none,cage,1,5,resnet,True,none,lr,0.0001,0.0001,32,23,0.0226,5.1176,3.2298,0.7750,0.4659,nan,nan,nan,nan,0
none,cage,1,6,resnet,True,none,lr,0.0001,0.0001,32,1,0.7326,0.7029,0.7328,0.4390,0.4810,nan,nan,nan,nan,0
none,cage,1,6,resnet,True,none,lr,0.0001,0.0001,32,2,0.6482,0.7124,0.7008,0.6341,0.4762,nan,nan,nan,nan,0
none,cage,1,6,resnet,True,none,lr,0.0001,0.0001,32,3,0.5797,0.8683,0.7938,0.7805,0.3905,nan,nan,nan,nan,0
none,cage,1,6,resnet,True,none,lr,0.0001,0.0001,32,4,0.4786,0.8323,0.8484,0.8049,0.4810,nan,nan,nan,nan,0
none,cage,1,6,resnet,True,none,lr,0.0001,0.0001,32,5,0.3716,0.8340,0.9812,0.7073,0.5095,nan,nan,nan,nan,1
none,cage,1,6,resnet,True,none,lr,0.0001,0.0001,32,6,0.3079,1.2839,1.1609,0.8537,0.5095,nan,nan,nan,nan,1
none,cage,1,6,resnet,True,none,lr,0.0001,0.0001,32,7,0.2268,1.5140,1.3656,0.8293,0.4571,nan,nan,nan,nan,0
none,cage,1,6,resnet,True,none,lr,0.0001,0.0001,32,8,0.2033,1.2159,1.1624,0.8049,0.5905,1.2414,1.0970,0.8140,0.6071,1
none,cage,1,6,resnet,True,none,lr,0.0001,0.0001,32,9,0.1708,1.8628,1.5189,0.8537,0.4333,nan,nan,nan,nan,0
none,cage,1,6,resnet,True,none,lr,0.0001,0.0001,32,10,0.1314,1.5678,1.3196,0.8049,0.5333,nan,nan,nan,nan,0
none,cage,1,6,resnet,True,none,lr,0.0001,0.0001,32,11,0.0963,1.8161,1.6349,0.8537,0.4476,nan,nan,nan,nan,0
none,cage,1,6,resnet,True,none,lr,0.0001,0.0001,32,12,0.1085,1.7977,1.6458,0.8293,0.3857,nan,nan,nan,nan,0
none,cage,1,6,resnet,True,none,lr,0.0001,0.0001,32,13,0.0849,2.1041,1.8067,0.8537,0.4286,nan,nan,nan,nan,0
none,cage,1,6,resnet,True,none,lr,0.0001,0.0001,32,14,0.0596,2.3058,1.8607,0.8537,0.4095,nan,nan,nan,nan,0
none,cage,1,6,resnet,True,none,lr,0.0001,0.0001,32,15,0.0687,2.5763,1.9062,0.8293,0.5000,nan,nan,nan,nan,0
none,cage,1,6,resnet,True,none,lr,0.0001,0.0001,32,16,0.0466,1.9514,1.6313,0.8537,0.6714,nan,nan,nan,nan,0
none,cage,1,7,resnet,True,none,lr,0.0001,0.0001,32,1,0.7360,0.7291,0.6318,0.8182,0.4722,nan,nan,nan,nan,0
none,cage,1,7,resnet,True,none,lr,0.0001,0.0001,32,2,0.6677,0.7194,0.6978,0.6818,0.4792,nan,nan,nan,nan,0
none,cage,1,7,resnet,True,none,lr,0.0001,0.0001,32,3,0.5902,0.6529,0.7845,0.6591,0.6701,nan,nan,nan,nan,0
none,cage,1,7,resnet,True,none,lr,0.0001,0.0001,32,4,0.4725,0.6609,0.6712,0.8182,0.8021,nan,nan,nan,nan,0
none,cage,1,7,resnet,True,none,lr,0.0001,0.0001,32,5,0.3880,0.9760,0.7743,0.8182,0.6458,nan,nan,nan,nan,1
none,cage,1,7,resnet,True,none,lr,0.0001,0.0001,32,6,0.3098,0.8469,0.9131,0.7273,0.6806,nan,nan,nan,nan,1
none,cage,1,7,resnet,True,none,lr,0.0001,0.0001,32,7,0.2306,1.4314,1.0848,0.7955,0.6389,nan,nan,nan,nan,1
none,cage,1,7,resnet,True,none,lr,0.0001,0.0001,32,8,0.1959,1.7328,1.2713,0.7955,0.7118,2.3059,1.5414,0.7674,0.4444,1
none,cage,1,7,resnet,True,none,lr,0.0001,0.0001,32,9,0.1347,1.5861,1.2701,0.7500,0.6285,nan,nan,nan,nan,0
none,cage,1,7,resnet,True,none,lr,0.0001,0.0001,32,10,0.1378,1.6134,1.3113,0.8182,0.5903,nan,nan,nan,nan,0
none,cage,1,7,resnet,True,none,lr,0.0001,0.0001,32,11,0.0943,1.8963,1.3707,0.8182,0.7222,nan,nan,nan,nan,0
none,cage,1,7,resnet,True,none,lr,0.0001,0.0001,32,12,0.0810,1.8937,1.4870,0.7955,0.6424,nan,nan,nan,nan,0
none,cage,1,7,resnet,True,none,lr,0.0001,0.0001,32,13,0.0681,2.4278,1.7082,0.8182,0.5521,nan,nan,nan,nan,0
none,cage,1,7,resnet,True,none,lr,0.0001,0.0001,32,14,0.0739,1.6166,1.7767,0.7273,0.5104,nan,nan,nan,nan,0
none,cage,1,7,resnet,True,none,lr,0.0001,0.0001,32,15,0.0871,2.2225,1.5392,0.8182,0.6458,nan,nan,nan,nan,0
none,cage,1,7,resnet,True,none,lr,0.0001,0.0001,32,16,0.0531,1.9644,1.5896,0.8182,0.6875,nan,nan,nan,nan,0
none,cage,1,8,resnet,True,none,lr,0.0001,0.0001,32,1,0.7319,0.7121,0.7422,0.4894,0.4423,nan,nan,nan,nan,0
none,cage,1,8,resnet,True,none,lr,0.0001,0.0001,32,2,0.6579,0.7262,0.7092,0.7234,0.5481,nan,nan,nan,nan,0
none,cage,1,8,resnet,True,none,lr,0.0001,0.0001,32,3,0.5817,0.7856,0.7854,0.5957,0.4808,nan,nan,nan,nan,0
none,cage,1,8,resnet,True,none,lr,0.0001,0.0001,32,4,0.4886,0.8555,0.7776,0.8085,0.5417,nan,nan,nan,nan,0
none,cage,1,8,resnet,True,none,lr,0.0001,0.0001,32,5,0.3740,0.8667,0.8977,0.7234,0.5481,nan,nan,nan,nan,1
none,cage,1,8,resnet,True,none,lr,0.0001,0.0001,32,6,0.3137,1.2233,1.0981,0.6809,0.5545,nan,nan,nan,nan,1
none,cage,1,8,resnet,True,none,lr,0.0001,0.0001,32,7,0.2250,1.2947,1.1402,0.7660,0.5513,nan,nan,nan,nan,0
none,cage,1,8,resnet,True,none,lr,0.0001,0.0001,32,8,0.2068,1.4117,1.2573,0.8298,0.6346,nan,nan,nan,nan,1
none,cage,1,8,resnet,True,none,lr,0.0001,0.0001,32,9,0.1712,1.7992,1.3920,0.7660,0.5577,nan,nan,nan,nan,0
none,cage,1,8,resnet,True,none,lr,0.0001,0.0001,32,10,0.1241,1.6352,1.3574,0.7660,0.5737,nan,nan,nan,nan,1
none,cage,1,8,resnet,True,none,lr,0.0001,0.0001,32,11,0.0970,1.6267,1.3627,0.7872,0.5801,nan,nan,nan,nan,1
none,cage,1,8,resnet,True,none,lr,0.0001,0.0001,32,12,0.0785,1.9130,1.4038,0.8298,0.6058,nan,nan,nan,nan,1
none,cage,1,8,resnet,True,none,lr,0.0001,0.0001,32,13,0.0838,2.4726,1.6596,0.8298,0.6795,nan,nan,nan,nan,1
none,cage,1,8,resnet,True,none,lr,0.0001,0.0001,32,14,0.0653,2.4293,1.6327,0.8085,0.6314,2.4330,1.5422,0.8372,0.5794,1
none,cage,1,8,resnet,True,none,lr,0.0001,0.0001,32,15,0.0754,2.4733,1.9107,0.7872,0.5481,nan,nan,nan,nan,0
none,cage,1,8,resnet,True,none,lr,0.0001,0.0001,32,16,0.0526,2.5032,1.7862,0.7872,0.6250,nan,nan,nan,nan,0
none,cage,1,8,resnet,True,none,lr,0.0001,0.0001,32,17,0.0509,3.0688,1.9314,0.8298,0.5897,nan,nan,nan,nan,0
none,cage,1,8,resnet,True,none,lr,0.0001,0.0001,32,18,0.0598,2.8832,2.0193,0.7872,0.5865,nan,nan,nan,nan,0
none,cage,1,8,resnet,True,none,lr,0.0001,0.0001,32,19,0.0753,2.1584,1.6795,0.7660,0.5994,nan,nan,nan,nan,0
none,cage,1,9,resnet,True,none,lr,0.0001,0.0001,32,1,0.7407,0.7003,0.7194,0.5714,0.5724,nan,nan,nan,nan,0
none,cage,1,9,resnet,True,none,lr,0.0001,0.0001,32,2,0.6285,0.7400,0.7220,0.6667,0.5623,nan,nan,nan,nan,0
none,cage,1,9,resnet,True,none,lr,0.0001,0.0001,32,3,0.5485,1.0174,0.8442,0.7143,0.4781,nan,nan,nan,nan,0
none,cage,1,9,resnet,True,none,lr,0.0001,0.0001,32,4,0.4396,1.0313,1.2389,0.4048,0.3670,nan,nan,nan,nan,0
none,cage,1,9,resnet,True,none,lr,0.0001,0.0001,32,5,0.3433,1.4294,1.1772,0.6667,0.4916,nan,nan,nan,nan,1
none,cage,1,9,resnet,True,none,lr,0.0001,0.0001,32,6,0.2730,1.5672,1.4094,0.6667,0.4276,nan,nan,nan,nan,0
none,cage,1,9,resnet,True,none,lr,0.0001,0.0001,32,7,0.2076,1.5399,1.2315,0.7143,0.5152,nan,nan,nan,nan,0
none,cage,1,9,resnet,True,none,lr,0.0001,0.0001,32,8,0.1696,2.0837,1.5915,0.7381,0.4175,nan,nan,nan,nan,0
none,cage,1,9,resnet,True,none,lr,0.0001,0.0001,32,9,0.1604,2.1054,1.5613,0.7143,0.5253,nan,nan,nan,nan,0
none,cage,1,9,resnet,True,none,lr,0.0001,0.0001,32,10,0.1258,1.9522,1.6095,0.6667,0.5185,nan,nan,nan,nan,0
none,cage,1,9,resnet,True,none,lr,0.0001,0.0001,32,11,0.1012,2.5770,1.8623,0.7143,0.5118,nan,nan,nan,nan,0
none,cage,1,9,resnet,True,none,lr,0.0001,0.0001,32,12,0.0874,2.8063,1.7672,0.7619,0.5286,2.2535,1.4002,0.8372,0.6508,1
none,cage,1,9,resnet,True,none,lr,0.0001,0.0001,32,13,0.0822,2.4665,2.0772,0.7143,0.4411,nan,nan,nan,nan,0
none,cage,1,9,resnet,True,none,lr,0.0001,0.0001,32,14,0.0912,3.1297,2.0786,0.7619,0.4781,nan,nan,nan,nan,0
none,cage,1,9,resnet,True,none,lr,0.0001,0.0001,32,15,0.0424,3.0599,2.0690,0.7619,0.5589,nan,nan,nan,nan,0
none,cage,1,9,resnet,True,none,lr,0.0001,0.0001,32,16,0.0308,2.8898,2.0338,0.7381,0.4579,nan,nan,nan,nan,0
none,cage,1,9,resnet,True,none,lr,0.0001,0.0001,32,17,0.0440,2.1071,1.8712,0.7143,0.5724,nan,nan,nan,nan,0
none,cage,2,0,resnet,True,none,lr,0.0001,0.0001,32,1,0.7290,0.6880,0.7167,0.3256,0.6389,nan,nan,nan,nan,0
none,cage,2,0,resnet,True,none,lr,0.0001,0.0001,32,2,0.6583,0.6625,0.6736,0.7674,0.7143,nan,nan,nan,nan,0
none,cage,2,0,resnet,True,none,lr,0.0001,0.0001,32,3,0.5789,0.6719,0.8140,0.6744,0.6310,nan,nan,nan,nan,0
none,cage,2,0,resnet,True,none,lr,0.0001,0.0001,32,4,0.4834,0.8875,0.8988,0.7674,0.5992,nan,nan,nan,nan,0
none,cage,2,0,resnet,True,none,lr,0.0001,0.0001,32,5,0.3925,0.6128,0.9781,0.6047,0.7500,nan,nan,nan,nan,1
none,cage,2,0,resnet,True,none,lr,0.0001,0.0001,32,6,0.3256,1.2267,1.0735,0.8140,0.5595,nan,nan,nan,nan,0
none,cage,2,0,resnet,True,none,lr,0.0001,0.0001,32,7,0.2540,1.2129,1.0953,0.7442,0.6071,nan,nan,nan,nan,0
none,cage,2,0,resnet,True,none,lr,0.0001,0.0001,32,8,0.2018,1.2664,1.1767,0.8140,0.6944,nan,nan,nan,nan,0
none,cage,2,0,resnet,True,none,lr,0.0001,0.0001,32,9,0.1494,1.2448,1.1994,0.8372,0.7103,nan,nan,nan,nan,0
none,cage,2,0,resnet,True,none,lr,0.0001,0.0001,32,10,0.1136,0.9569,1.1478,0.8372,0.7421,nan,nan,nan,nan,0
none,cage,2,0,resnet,True,none,lr,0.0001,0.0001,32,11,0.1045,1.4182,1.3126,0.8372,0.6587,nan,nan,nan,nan,1
none,cage,2,0,resnet,True,none,lr,0.0001,0.0001,32,12,0.1308,1.7216,1.4715,0.8140,0.6667,nan,nan,nan,nan,1
none,cage,2,0,resnet,True,none,lr,0.0001,0.0001,32,13,0.0657,1.0473,1.2849,0.8372,0.7698,nan,nan,nan,nan,1
none,cage,2,0,resnet,True,none,lr,0.0001,0.0001,32,14,0.0617,1.6684,1.5389,0.8140,0.7103,nan,nan,nan,nan,0
none,cage,2,0,resnet,True,none,lr,0.0001,0.0001,32,15,0.0415,1.4290,1.5534,0.8140,0.6468,nan,nan,nan,nan,0
none,cage,2,0,resnet,True,none,lr,0.0001,0.0001,32,16,0.0674,1.9325,1.6435,0.8140,0.7619,nan,nan,nan,nan,0
none,cage,2,0,resnet,True,none,lr,0.0001,0.0001,32,17,0.0969,1.2935,1.5450,0.8140,0.7024,nan,nan,nan,nan,1
none,cage,2,0,resnet,True,none,lr,0.0001,0.0001,32,18,0.0725,1.3820,1.4038,0.8372,0.8056,nan,nan,nan,nan,1
none,cage,2,0,resnet,True,none,lr,0.0001,0.0001,32,19,0.0242,1.8602,1.5844,0.7907,0.7183,nan,nan,nan,nan,0
none,cage,2,0,resnet,True,none,lr,0.0001,0.0001,32,20,0.0389,2.2532,1.7506,0.8140,0.7262,2.8318,1.9432,0.7857,0.5772,1
none,cage,2,0,resnet,True,none,lr,0.0001,0.0001,32,21,0.0242,1.8795,1.6797,0.8140,0.7341,nan,nan,nan,nan,0
none,cage,2,0,resnet,True,none,lr,0.0001,0.0001,32,22,0.0257,2.2599,1.9397,0.8140,0.6746,nan,nan,nan,nan,0
none,cage,2,0,resnet,True,none,lr,0.0001,0.0001,32,23,0.0477,2.7726,2.0784,0.8372,0.7183,nan,nan,nan,nan,0
none,cage,2,0,resnet,True,none,lr,0.0001,0.0001,32,24,0.0498,2.4468,1.8977,0.8372,0.7222,nan,nan,nan,nan,0
none,cage,2,0,resnet,True,none,lr,0.0001,0.0001,32,25,0.0413,1.6632,1.9002,0.8140,0.7024,nan,nan,nan,nan,0
none,cage,2,1,resnet,True,none,lr,0.0001,0.0001,32,1,0.7173,0.6941,0.7238,0.4419,0.5437,nan,nan,nan,nan,0
none,cage,2,1,resnet,True,none,lr,0.0001,0.0001,32,2,0.6462,0.6930,0.6636,0.6977,0.5714,nan,nan,nan,nan,0
none,cage,2,1,resnet,True,none,lr,0.0001,0.0001,32,3,0.5643,0.7851,0.6435,0.8372,0.6230,nan,nan,nan,nan,0
none,cage,2,1,resnet,True,none,lr,0.0001,0.0001,32,4,0.4656,0.9046,0.8598,0.6977,0.5317,nan,nan,nan,nan,0
none,cage,2,1,resnet,True,none,lr,0.0001,0.0001,32,5,0.3954,0.7397,0.8598,0.6744,0.5794,nan,nan,nan,nan,1
none,cage,2,1,resnet,True,none,lr,0.0001,0.0001,32,6,0.2999,1.0686,0.8198,0.8372,0.6071,1.2844,1.0100,0.7857,0.5368,1
none,cage,2,1,resnet,True,none,lr,0.0001,0.0001,32,7,0.2366,1.3707,1.1262,0.8372,0.5000,nan,nan,nan,nan,0
none,cage,2,1,resnet,True,none,lr,0.0001,0.0001,32,8,0.1845,1.8637,1.3659,0.8605,0.5159,nan,nan,nan,nan,0
none,cage,2,1,resnet,True,none,lr,0.0001,0.0001,32,9,0.1671,1.5301,1.1418,0.8605,0.5238,nan,nan,nan,nan,0
none,cage,2,1,resnet,True,none,lr,0.0001,0.0001,32,10,0.1060,1.0549,1.2529,0.8605,0.6706,nan,nan,nan,nan,0
none,cage,2,1,resnet,True,none,lr,0.0001,0.0001,32,11,0.1084,2.2733,1.4873,0.8372,0.5079,nan,nan,nan,nan,0
none,cage,2,1,resnet,True,none,lr,0.0001,0.0001,32,12,0.0829,1.8158,1.6272,0.7442,0.5437,nan,nan,nan,nan,0
none,cage,2,1,resnet,True,none,lr,0.0001,0.0001,32,13,0.0860,2.2799,1.4560,0.8372,0.5278,nan,nan,nan,nan,0
none,cage,2,1,resnet,True,none,lr,0.0001,0.0001,32,14,0.0568,2.3608,1.6624,0.8372,0.5040,nan,nan,nan,nan,0
none,cage,2,1,resnet,True,none,lr,0.0001,0.0001,32,15,0.0482,2.0107,1.5253,0.8372,0.5635,nan,nan,nan,nan,0
none,cage,2,1,resnet,True,none,lr,0.0001,0.0001,32,16,0.0624,2.3916,1.6295,0.8372,0.5992,nan,nan,nan,nan,0
none,cage,2,3,resnet,True,none,lr,0.0001,0.0001,32,1,0.7431,0.6805,0.6870,0.6905,0.5918,nan,nan,nan,nan,0
none,cage,2,3,resnet,True,none,lr,0.0001,0.0001,32,2,0.6428,0.6486,0.7676,0.5952,0.6776,nan,nan,nan,nan,0
none,cage,2,3,resnet,True,none,lr,0.0001,0.0001,32,3,0.5760,0.6797,0.7980,0.5714,0.6163,nan,nan,nan,nan,0
none,cage,2,3,resnet,True,none,lr,0.0001,0.0001,32,4,0.4741,0.7982,0.9128,0.6190,0.5061,nan,nan,nan,nan,0
none,cage,2,3,resnet,True,none,lr,0.0001,0.0001,32,5,0.3656,0.6577,0.8315,0.7143,0.7388,nan,nan,nan,nan,1
none,cage,2,3,resnet,True,none,lr,0.0001,0.0001,32,6,0.3165,0.7573,1.2050,0.5476,0.5265,nan,nan,nan,nan,0
none,cage,2,3,resnet,True,none,lr,0.0001,0.0001,32,7,0.2201,0.7721,1.3508,0.5476,0.6245,nan,nan,nan,nan,0
none,cage,2,3,resnet,True,none,lr,0.0001,0.0001,32,8,0.2049,0.9136,1.0544,0.8095,0.6490,nan,nan,nan,nan,0
none,cage,2,3,resnet,True,none,lr,0.0001,0.0001,32,9,0.1394,1.1357,1.5344,0.6190,0.5469,nan,nan,nan,nan,0
none,cage,2,3,resnet,True,none,lr,0.0001,0.0001,32,10,0.1405,1.2081,1.3086,0.7619,0.6367,nan,nan,nan,nan,0
none,cage,2,3,resnet,True,none,lr,0.0001,0.0001,32,11,0.0961,2.2357,1.5742,0.8333,0.5388,nan,nan,nan,nan,0
none,cage,2,3,resnet,True,none,lr,0.0001,0.0001,32,12,0.1006,1.4525,1.5063,0.8333,0.6449,nan,nan,nan,nan,0
none,cage,2,3,resnet,True,none,lr,0.0001,0.0001,32,13,0.0809,1.4562,1.4480,0.8095,0.6327,nan,nan,nan,nan,0
none,cage,2,3,resnet,True,none,lr,0.0001,0.0001,32,14,0.0682,1.2562,1.4895,0.8333,0.5918,nan,nan,nan,nan,0
none,cage,2,3,resnet,True,none,lr,0.0001,0.0001,32,15,0.0379,1.3710,1.5712,0.7857,0.7184,nan,nan,nan,nan,0
none,cage,2,3,resnet,True,none,lr,0.0001,0.0001,32,16,0.0342,1.8790,1.7262,0.8333,0.5959,1.9076,1.6126,0.7619,0.7022,1
none,cage,2,3,resnet,True,none,lr,0.0001,0.0001,32,17,0.0560,2.0929,1.7516,0.8095,0.6163,nan,nan,nan,nan,0
none,cage,2,3,resnet,True,none,lr,0.0001,0.0001,32,18,0.0531,1.9027,1.6787,0.8095,0.6245,nan,nan,nan,nan,0
none,cage,2,3,resnet,True,none,lr,0.0001,0.0001,32,19,0.0579,2.5119,1.9313,0.8095,0.5796,nan,nan,nan,nan,0
none,cage,2,3,resnet,True,none,lr,0.0001,0.0001,32,20,0.0513,2.0328,1.8484,0.8333,0.5837,nan,nan,nan,nan,0
none,cage,2,3,resnet,True,none,lr,0.0001,0.0001,32,21,0.0620,2.8334,2.0525,0.8333,0.5184,nan,nan,nan,nan,0
none,cage,2,4,resnet,True,none,lr,0.0001,0.0001,32,1,0.7357,0.7284,0.7201,0.7209,0.4893,nan,nan,nan,nan,0
none,cage,2,4,resnet,True,none,lr,0.0001,0.0001,32,2,0.6577,0.6557,0.6852,0.5814,0.6714,nan,nan,nan,nan,0
none,cage,2,4,resnet,True,none,lr,0.0001,0.0001,32,3,0.5592,0.6582,0.7218,0.7907,0.7143,nan,nan,nan,nan,0
none,cage,2,4,resnet,True,none,lr,0.0001,0.0001,32,4,0.4536,0.6196,0.7489,0.8140,0.8357,nan,nan,nan,nan,0
none,cage,2,4,resnet,True,none,lr,0.0001,0.0001,32,5,0.3691,0.9860,1.0388,0.7674,0.6714,nan,nan,nan,nan,1
none,cage,2,4,resnet,True,none,lr,0.0001,0.0001,32,6,0.2915,0.6999,0.9378,0.8372,0.7893,1.2448,1.1036,0.7381,0.4926,1
none,cage,2,4,resnet,True,none,lr,0.0001,0.0001,32,7,0.2586,0.8926,1.1278,0.7907,0.6679,nan,nan,nan,nan,0
none,cage,2,4,resnet,True,none,lr,0.0001,0.0001,32,8,0.1737,0.9526,1.2279,0.7442,0.6464,nan,nan,nan,nan,0
none,cage,2,4,resnet,True,none,lr,0.0001,0.0001,32,9,0.1479,1.3812,1.3293,0.8140,0.7286,nan,nan,nan,nan,0
none,cage,2,4,resnet,True,none,lr,0.0001,0.0001,32,10,0.1034,1.5300,1.6378,0.8140,0.6786,nan,nan,nan,nan,0
none,cage,2,4,resnet,True,none,lr,0.0001,0.0001,32,11,0.1122,1.0465,1.4208,0.8140,0.6964,nan,nan,nan,nan,0
none,cage,2,4,resnet,True,none,lr,0.0001,0.0001,32,12,0.0902,2.0343,1.7942,0.7907,0.6750,nan,nan,nan,nan,0
none,cage,2,4,resnet,True,none,lr,0.0001,0.0001,32,13,0.0683,1.6041,1.6694,0.8140,0.7143,nan,nan,nan,nan,0
none,cage,2,4,resnet,True,none,lr,0.0001,0.0001,32,14,0.0844,2.3725,2.0742,0.8140,0.7607,nan,nan,nan,nan,0
none,cage,2,4,resnet,True,none,lr,0.0001,0.0001,32,15,0.0878,2.4451,2.1527,0.7907,0.6714,nan,nan,nan,nan,0
none,cage,2,4,resnet,True,none,lr,0.0001,0.0001,32,16,0.0388,2.0159,1.9089,0.8140,0.6893,nan,nan,nan,nan,0
none,cage,2,5,resnet,True,none,lr,0.0001,0.0001,32,1,0.7332,0.6985,0.7776,0.3500,0.4839,nan,nan,nan,nan,0
none,cage,2,5,resnet,True,none,lr,0.0001,0.0001,32,2,0.6363,0.7185,0.7595,0.6000,0.5735,nan,nan,nan,nan,0
none,cage,2,5,resnet,True,none,lr,0.0001,0.0001,32,3,0.5307,0.9007,0.8448,0.6500,0.4516,nan,nan,nan,nan,0
none,cage,2,5,resnet,True,none,lr,0.0001,0.0001,32,4,0.4391,1.0904,0.9488,0.6250,0.3584,nan,nan,nan,nan,0
none,cage,2,5,resnet,True,none,lr,0.0001,0.0001,32,5,0.3492,1.6801,1.2287,0.7500,0.3728,1.1061,0.9939,0.8095,0.6801,1
none,cage,2,5,resnet,True,none,lr,0.0001,0.0001,32,6,0.2472,2.1861,1.6100,0.7250,0.3297,nan,nan,nan,nan,0
none,cage,2,5,resnet,True,none,lr,0.0001,0.0001,32,7,0.2455,1.6794,1.4250,0.7000,0.3047,nan,nan,nan,nan,0
none,cage,2,5,resnet,True,none,lr,0.0001,0.0001,32,8,0.1784,1.9731,1.5879,0.7000,0.4265,nan,nan,nan,nan,0
none,cage,2,5,resnet,True,none,lr,0.0001,0.0001,32,9,0.1421,2.7483,1.8883,0.7500,0.4301,nan,nan,nan,nan,0
none,cage,2,5,resnet,True,none,lr,0.0001,0.0001,32,10,0.1167,2.6537,1.9500,0.7500,0.3763,nan,nan,nan,nan,0
none,cage,2,5,resnet,True,none,lr,0.0001,0.0001,32,11,0.0988,2.4754,1.8047,0.7500,0.3728,nan,nan,nan,nan,0
none,cage,2,5,resnet,True,none,lr,0.0001,0.0001,32,12,0.0683,2.2875,1.8338,0.7250,0.4803,nan,nan,nan,nan,0
none,cage,2,5,resnet,True,none,lr,0.0001,0.0001,32,13,0.0603,3.1755,2.2240,0.7500,0.3369,nan,nan,nan,nan,0
none,cage,2,5,resnet,True,none,lr,0.0001,0.0001,32,14,0.0842,3.6365,2.5343,0.7500,0.4014,nan,nan,nan,nan,0
none,cage,2,5,resnet,True,none,lr,0.0001,0.0001,32,15,0.0675,3.1408,2.2955,0.7500,0.4373,nan,nan,nan,nan,0
none,cage,2,5,resnet,True,none,lr,0.0001,0.0001,32,16,0.0377,3.7568,2.6943,0.7750,0.3548,nan,nan,nan,nan,0
none,cage,2,6,resnet,True,none,lr,0.0001,0.0001,32,1,0.7313,0.6746,0.6986,0.6829,0.6095,nan,nan,nan,nan,0
none,cage,2,6,resnet,True,none,lr,0.0001,0.0001,32,2,0.6453,0.7150,0.7265,0.6829,0.5048,nan,nan,nan,nan,0
none,cage,2,6,resnet,True,none,lr,0.0001,0.0001,32,3,0.5518,0.7277,0.7668,0.7805,0.5857,nan,nan,nan,nan,0
none,cage,2,6,resnet,True,none,lr,0.0001,0.0001,32,4,0.4502,1.1433,0.9871,0.8049,0.3571,nan,nan,nan,nan,0
none,cage,2,6,resnet,True,none,lr,0.0001,0.0001,32,5,0.3610,1.1925,1.0674,0.7805,0.3762,0.8401,0.9620,0.7619,0.6103,1
none,cage,2,6,resnet,True,none,lr,0.0001,0.0001,32,6,0.2666,1.2921,1.1351,0.8537,0.4095,nan,nan,nan,nan,0
none,cage,2,6,resnet,True,none,lr,0.0001,0.0001,32,7,0.2329,2.0367,1.4432,0.8537,0.4048,nan,nan,nan,nan,0
none,cage,2,6,resnet,True,none,lr,0.0001,0.0001,32,8,0.1835,2.5370,1.9060,0.8537,0.3381,nan,nan,nan,nan,0
none,cage,2,6,resnet,True,none,lr,0.0001,0.0001,32,9,0.1401,2.3444,1.8603,0.8537,0.4286,nan,nan,nan,nan,0
none,cage,2,6,resnet,True,none,lr,0.0001,0.0001,32,10,0.1286,1.4235,1.4563,0.7805,0.5952,nan,nan,nan,nan,0
none,cage,2,6,resnet,True,none,lr,0.0001,0.0001,32,11,0.1082,1.6125,1.5618,0.8049,0.5190,nan,nan,nan,nan,0
none,cage,2,6,resnet,True,none,lr,0.0001,0.0001,32,12,0.0962,2.1241,1.6313,0.8537,0.4381,nan,nan,nan,nan,0
none,cage,2,6,resnet,True,none,lr,0.0001,0.0001,32,13,0.0773,2.4925,1.8223,0.8537,0.4429,nan,nan,nan,nan,0
none,cage,2,6,resnet,True,none,lr,0.0001,0.0001,32,14,0.0893,2.6104,1.9645,0.8537,0.4143,nan,nan,nan,nan,0
none,cage,2,6,resnet,True,none,lr,0.0001,0.0001,32,15,0.0925,2.5559,1.8617,0.8537,0.4810,nan,nan,nan,nan,0
none,cage,2,6,resnet,True,none,lr,0.0001,0.0001,32,16,0.0668,2.3500,1.8690,0.8537,0.4524,nan,nan,nan,nan,0
none,cage,2,7,resnet,True,none,lr,0.0001,0.0001,32,1,0.7372,0.6752,0.6714,0.6818,0.6875,nan,nan,nan,nan,0
none,cage,2,7,resnet,True,none,lr,0.0001,0.0001,32,2,0.6653,0.6929,0.6934,0.6818,0.6042,nan,nan,nan,nan,0
none,cage,2,7,resnet,True,none,lr,0.0001,0.0001,32,3,0.5946,0.6948,0.7174,0.7500,0.5347,nan,nan,nan,nan,0
none,cage,2,7,resnet,True,none,lr,0.0001,0.0001,32,4,0.5094,0.8147,0.6573,0.7955,0.7222,nan,nan,nan,nan,0
none,cage,2,7,resnet,True,none,lr,0.0001,0.0001,32,5,0.4023,0.6180,0.9026,0.7500,0.7118,nan,nan,nan,nan,1
none,cage,2,7,resnet,True,none,lr,0.0001,0.0001,32,6,0.3016,0.8820,0.8355,0.8409,0.7396,nan,nan,nan,nan,1
none,cage,2,7,resnet,True,none,lr,0.0001,0.0001,32,7,0.2707,1.1022,0.9070,0.8182,0.7118,nan,nan,nan,nan,1
none,cage,2,7,resnet,True,none,lr,0.0001,0.0001,32,8,0.1915,1.0877,0.9744,0.8409,0.8125,nan,nan,nan,nan,1
none,cage,2,7,resnet,True,none,lr,0.0001,0.0001,32,9,0.1615,1.3506,1.3443,0.7500,0.5833,nan,nan,nan,nan,0
none,cage,2,7,resnet,True,none,lr,0.0001,0.0001,32,10,0.1176,2.0660,1.4997,0.8182,0.6146,nan,nan,nan,nan,0
none,cage,2,7,resnet,True,none,lr,0.0001,0.0001,32,11,0.0993,1.1838,1.3662,0.7955,0.7188,nan,nan,nan,nan,0
none,cage,2,7,resnet,True,none,lr,0.0001,0.0001,32,12,0.0978,1.9000,1.3354,0.8182,0.7743,nan,nan,nan,nan,0
none,cage,2,7,resnet,True,none,lr,0.0001,0.0001,32,13,0.0786,1.9482,1.4952,0.7955,0.7014,nan,nan,nan,nan,0
none,cage,2,7,resnet,True,none,lr,0.0001,0.0001,32,14,0.0662,2.0333,1.4849,0.8182,0.7604,nan,nan,nan,nan,0
none,cage,2,7,resnet,True,none,lr,0.0001,0.0001,32,15,0.0759,1.3006,1.4240,0.7727,0.7396,nan,nan,nan,nan,0
none,cage,2,7,resnet,True,none,lr,0.0001,0.0001,32,16,0.0510,1.3123,1.4066,0.8182,0.7812,nan,nan,nan,nan,1
none,cage,2,7,resnet,True,none,lr,0.0001,0.0001,32,17,0.0410,1.7943,1.4911,0.7955,0.7708,nan,nan,nan,nan,0
none,cage,2,7,resnet,True,none,lr,0.0001,0.0001,32,18,0.0265,2.1526,1.5413,0.8182,0.8090,nan,nan,nan,nan,1
none,cage,2,7,resnet,True,none,lr,0.0001,0.0001,32,19,0.0713,2.2849,1.5836,0.8182,0.7708,nan,nan,nan,nan,0
none,cage,2,7,resnet,True,none,lr,0.0001,0.0001,32,20,0.0710,2.1346,1.5172,0.8182,0.8090,2.5956,1.8019,0.7857,0.6544,1
none,cage,2,7,resnet,True,none,lr,0.0001,0.0001,32,21,0.0341,2.3773,1.6423,0.8182,0.7257,nan,nan,nan,nan,0
none,cage,2,7,resnet,True,none,lr,0.0001,0.0001,32,22,0.0275,2.3840,1.5909,0.8182,0.8090,nan,nan,nan,nan,0
none,cage,2,7,resnet,True,none,lr,0.0001,0.0001,32,23,0.0134,3.0789,2.0551,0.8182,0.6493,nan,nan,nan,nan,0
none,cage,2,7,resnet,True,none,lr,0.0001,0.0001,32,24,0.0284,2.6942,1.9193,0.7955,0.6701,nan,nan,nan,nan,0
none,cage,2,7,resnet,True,none,lr,0.0001,0.0001,32,25,0.0472,2.0461,1.7577,0.7955,0.7778,nan,nan,nan,nan,0
none,cage,2,8,resnet,True,none,lr,0.0001,0.0001,32,1,0.7222,0.7164,0.6868,0.6383,0.4551,nan,nan,nan,nan,0
none,cage,2,8,resnet,True,none,lr,0.0001,0.0001,32,2,0.6406,0.7123,0.7828,0.6170,0.5737,nan,nan,nan,nan,0
none,cage,2,8,resnet,True,none,lr,0.0001,0.0001,32,3,0.5523,0.8795,0.8632,0.6809,0.5192,nan,nan,nan,nan,0
none,cage,2,8,resnet,True,none,lr,0.0001,0.0001,32,4,0.4525,0.8883,0.8492,0.7021,0.5096,nan,nan,nan,nan,0
none,cage,2,8,resnet,True,none,lr,0.0001,0.0001,32,5,0.3579,1.3009,1.0638,0.7234,0.4295,nan,nan,nan,nan,1
none,cage,2,8,resnet,True,none,lr,0.0001,0.0001,32,6,0.2788,1.5355,1.3259,0.6809,0.4167,nan,nan,nan,nan,0
none,cage,2,8,resnet,True,none,lr,0.0001,0.0001,32,7,0.2290,1.4996,1.1198,0.8085,0.5417,nan,nan,nan,nan,0
none,cage,2,8,resnet,True,none,lr,0.0001,0.0001,32,8,0.1720,2.2790,1.5412,0.7447,0.4199,nan,nan,nan,nan,0
none,cage,2,8,resnet,True,none,lr,0.0001,0.0001,32,9,0.1698,2.0629,1.5469,0.7872,0.4487,nan,nan,nan,nan,0
none,cage,2,8,resnet,True,none,lr,0.0001,0.0001,32,10,0.1133,2.5616,1.7237,0.8085,0.5321,nan,nan,nan,nan,0
none,cage,2,8,resnet,True,none,lr,0.0001,0.0001,32,11,0.1265,2.0740,1.6213,0.7447,0.4904,nan,nan,nan,nan,0
none,cage,2,8,resnet,True,none,lr,0.0001,0.0001,32,12,0.0918,1.8819,1.5967,0.7660,0.5192,nan,nan,nan,nan,0
none,cage,2,8,resnet,True,none,lr,0.0001,0.0001,32,13,0.0586,2.0649,1.6853,0.7872,0.5096,nan,nan,nan,nan,0
none,cage,2,8,resnet,True,none,lr,0.0001,0.0001,32,14,0.0806,2.1687,1.6254,0.7872,0.5737,1.9821,1.6077,0.8095,0.6066,1
none,cage,2,8,resnet,True,none,lr,0.0001,0.0001,32,15,0.0758,1.8057,1.6619,0.7660,0.5513,nan,nan,nan,nan,0
none,cage,2,8,resnet,True,none,lr,0.0001,0.0001,32,16,0.0465,3.2201,2.0030,0.8298,0.4583,nan,nan,nan,nan,0
none,cage,2,8,resnet,True,none,lr,0.0001,0.0001,32,17,0.0400,2.6335,2.1052,0.7447,0.4615,nan,nan,nan,nan,0
none,cage,2,8,resnet,True,none,lr,0.0001,0.0001,32,18,0.0499,2.2329,2.0294,0.7021,0.5288,nan,nan,nan,nan,0
none,cage,2,8,resnet,True,none,lr,0.0001,0.0001,32,19,0.0328,3.4265,2.1828,0.8298,0.5833,nan,nan,nan,nan,0
none,cage,2,9,resnet,True,none,lr,0.0001,0.0001,32,1,0.7198,0.7002,0.7278,0.4762,0.5051,nan,nan,nan,nan,0
none,cage,2,9,resnet,True,none,lr,0.0001,0.0001,32,2,0.6429,0.7481,0.7405,0.5714,0.4781,nan,nan,nan,nan,0
none,cage,2,9,resnet,True,none,lr,0.0001,0.0001,32,3,0.5435,0.8665,0.9044,0.7381,0.5522,nan,nan,nan,nan,0
none,cage,2,9,resnet,True,none,lr,0.0001,0.0001,32,4,0.4551,1.0385,0.9610,0.7143,0.5253,nan,nan,nan,nan,0
none,cage,2,9,resnet,True,none,lr,0.0001,0.0001,32,5,0.3818,1.6250,1.2035,0.7381,0.4512,1.0644,0.9096,0.7857,0.6838,1
none,cage,2,9,resnet,True,none,lr,0.0001,0.0001,32,6,0.2895,1.1325,1.1743,0.6667,0.4747,nan,nan,nan,nan,0
none,cage,2,9,resnet,True,none,lr,0.0001,0.0001,32,7,0.2096,2.0483,1.4121,0.6905,0.4411,nan,nan,nan,nan,0
none,cage,2,9,resnet,True,none,lr,0.0001,0.0001,32,8,0.1601,2.3472,1.6836,0.7857,0.4613,nan,nan,nan,nan,0
none,cage,2,9,resnet,True,none,lr,0.0001,0.0001,32,9,0.1612,1.8382,1.7631,0.6667,0.4916,nan,nan,nan,nan,0
none,cage,2,9,resnet,True,none,lr,0.0001,0.0001,32,10,0.1242,2.5144,1.7615,0.7381,0.5051,nan,nan,nan,nan,0
none,cage,2,9,resnet,True,none,lr,0.0001,0.0001,32,11,0.0999,2.3044,1.8134,0.7143,0.4040,nan,nan,nan,nan,0
none,cage,2,9,resnet,True,none,lr,0.0001,0.0001,32,12,0.0814,2.5629,1.9316,0.7619,0.4747,nan,nan,nan,nan,0
none,cage,2,9,resnet,True,none,lr,0.0001,0.0001,32,13,0.0801,3.0192,1.9321,0.7857,0.5152,nan,nan,nan,nan,0
none,cage,2,9,resnet,True,none,lr,0.0001,0.0001,32,14,0.0746,3.0929,1.9404,0.7857,0.4848,nan,nan,nan,nan,0
none,cage,2,9,resnet,True,none,lr,0.0001,0.0001,32,15,0.0703,2.9247,1.8956,0.7619,0.4680,nan,nan,nan,nan,0
none,cage,2,9,resnet,True,none,lr,0.0001,0.0001,32,16,0.0414,3.0135,2.1968,0.7619,0.4916,nan,nan,nan,nan,0
none,cage,3,0,resnet,True,none,lr,0.0001,0.0001,32,1,0.7372,0.7002,0.7187,0.4884,0.4762,nan,nan,nan,nan,0
none,cage,3,0,resnet,True,none,lr,0.0001,0.0001,32,2,0.6596,0.6536,0.7202,0.6977,0.6944,nan,nan,nan,nan,0
none,cage,3,0,resnet,True,none,lr,0.0001,0.0001,32,3,0.5871,0.6397,0.8115,0.6744,0.7302,nan,nan,nan,nan,0
none,cage,3,0,resnet,True,none,lr,0.0001,0.0001,32,4,0.4813,0.7006,0.7482,0.7442,0.6310,nan,nan,nan,nan,0
none,cage,3,0,resnet,True,none,lr,0.0001,0.0001,32,5,0.4051,0.6581,0.9452,0.5814,0.6706,nan,nan,nan,nan,1
none,cage,3,0,resnet,True,none,lr,0.0001,0.0001,32,6,0.2926,1.1492,1.1896,0.7674,0.5873,nan,nan,nan,nan,1
none,cage,3,0,resnet,True,none,lr,0.0001,0.0001,32,7,0.2371,0.8210,0.9458,0.7907,0.7381,nan,nan,nan,nan,1
none,cage,3,0,resnet,True,none,lr,0.0001,0.0001,32,8,0.2051,0.9571,1.3380,0.7442,0.6111,nan,nan,nan,nan,0
none,cage,3,0,resnet,True,none,lr,0.0001,0.0001,32,9,0.1768,1.2514,1.1842,0.8372,0.7302,nan,nan,nan,nan,0
none,cage,3,0,resnet,True,none,lr,0.0001,0.0001,32,10,0.1362,1.3340,1.2709,0.8140,0.6706,nan,nan,nan,nan,0
none,cage,3,0,resnet,True,none,lr,0.0001,0.0001,32,11,0.0991,1.4153,1.4440,0.8140,0.6349,nan,nan,nan,nan,1
none,cage,3,0,resnet,True,none,lr,0.0001,0.0001,32,12,0.0833,1.5378,1.3071,0.8140,0.7460,nan,nan,nan,nan,0
none,cage,3,0,resnet,True,none,lr,0.0001,0.0001,32,13,0.0804,1.5202,1.3840,0.8372,0.7857,nan,nan,nan,nan,1
none,cage,3,0,resnet,True,none,lr,0.0001,0.0001,32,14,0.0433,1.1739,1.4734,0.7907,0.7817,1.9889,1.8700,0.7857,0.4857,1
none,cage,3,0,resnet,True,none,lr,0.0001,0.0001,32,15,0.0634,1.9462,1.8399,0.8140,0.6349,nan,nan,nan,nan,0
none,cage,3,0,resnet,True,none,lr,0.0001,0.0001,32,16,0.0587,1.8619,1.6916,0.8140,0.6746,nan,nan,nan,nan,0
none,cage,3,0,resnet,True,none,lr,0.0001,0.0001,32,17,0.0793,2.5020,1.8843,0.8372,0.5833,nan,nan,nan,nan,0
none,cage,3,0,resnet,True,none,lr,0.0001,0.0001,32,18,0.0768,1.9230,1.6931,0.8140,0.7500,nan,nan,nan,nan,0
none,cage,3,0,resnet,True,none,lr,0.0001,0.0001,32,19,0.0545,1.4582,1.4622,0.8140,0.8095,nan,nan,nan,nan,0
none,cage,3,1,resnet,True,none,lr,0.0001,0.0001,32,1,0.7308,0.6819,0.6342,0.7907,0.6270,nan,nan,nan,nan,0
none,cage,3,1,resnet,True,none,lr,0.0001,0.0001,32,2,0.6507,0.6842,0.6432,0.6977,0.5675,nan,nan,nan,nan,0
none,cage,3,1,resnet,True,none,lr,0.0001,0.0001,32,3,0.5724,0.7666,0.6984,0.7674,0.5556,nan,nan,nan,nan,0
none,cage,3,1,resnet,True,none,lr,0.0001,0.0001,32,4,0.4655,0.8967,0.7436,0.8140,0.5794,nan,nan,nan,nan,0
none,cage,3,1,resnet,True,none,lr,0.0001,0.0001,32,5,0.3622,0.6929,0.8483,0.6512,0.6270,nan,nan,nan,nan,1
none,cage,3,1,resnet,True,none,lr,0.0001,0.0001,32,6,0.2747,1.1262,0.9813,0.8140,0.5238,nan,nan,nan,nan,0
none,cage,3,1,resnet,True,none,lr,0.0001,0.0001,32,7,0.2338,1.0711,1.0796,0.7674,0.5714,nan,nan,nan,nan,0
none,cage,3,1,resnet,True,none,lr,0.0001,0.0001,32,8,0.1913,1.0508,1.0242,0.8140,0.6508,nan,nan,nan,nan,0
none,cage,3,1,resnet,True,none,lr,0.0001,0.0001,32,9,0.1408,1.2678,1.1401,0.8372,0.6389,nan,nan,nan,nan,1
none,cage,3,1,resnet,True,none,lr,0.0001,0.0001,32,10,0.1429,1.7168,1.2013,0.8372,0.6587,nan,nan,nan,nan,1
none,cage,3,1,resnet,True,none,lr,0.0001,0.0001,32,11,0.1013,2.1251,1.5190,0.8372,0.5635,nan,nan,nan,nan,1
none,cage,3,1,resnet,True,none,lr,0.0001,0.0001,32,12,0.0927,1.6814,1.3286,0.8372,0.5675,nan,nan,nan,nan,0
none,cage,3,1,resnet,True,none,lr,0.0001,0.0001,32,13,0.0796,1.3673,1.2516,0.8140,0.6865,1.1165,1.3593,0.7857,0.7143,1
none,cage,3,1,resnet,True,none,lr,0.0001,0.0001,32,14,0.0746,2.0136,1.5555,0.8140,0.6270,nan,nan,nan,nan,0
none,cage,3,1,resnet,True,none,lr,0.0001,0.0001,32,15,0.0867,2.8095,1.7246,0.8372,0.5556,nan,nan,nan,nan,0
none,cage,3,1,resnet,True,none,lr,0.0001,0.0001,32,16,0.0475,2.1735,1.5216,0.8372,0.6111,nan,nan,nan,nan,0
none,cage,3,1,resnet,True,none,lr,0.0001,0.0001,32,17,0.0424,2.4923,1.6823,0.8372,0.6270,nan,nan,nan,nan,0
none,cage,3,1,resnet,True,none,lr,0.0001,0.0001,32,18,0.0669,3.2956,2.0436,0.8372,0.5635,nan,nan,nan,nan,0
none,cage,3,2,resnet,True,none,lr,0.0001,0.0001,32,1,0.7297,0.7295,0.6658,0.7857,0.3750,nan,nan,nan,nan,0
none,cage,3,2,resnet,True,none,lr,0.0001,0.0001,32,2,0.6662,0.7231,0.6777,0.7619,0.5074,nan,nan,nan,nan,0
none,cage,3,2,resnet,True,none,lr,0.0001,0.0001,32,3,0.5913,0.7930,0.7819,0.6905,0.5294,nan,nan,nan,nan,0
none,cage,3,2,resnet,True,none,lr,0.0001,0.0001,32,4,0.5074,0.7092,0.7793,0.7857,0.6434,nan,nan,nan,nan,0
none,cage,3,2,resnet,True,none,lr,0.0001,0.0001,32,5,0.3796,0.9698,0.8222,0.7619,0.6213,nan,nan,nan,nan,1
none,cage,3,2,resnet,True,none,lr,0.0001,0.0001,32,6,0.2894,1.3041,1.0756,0.7619,0.6176,nan,nan,nan,nan,1
none,cage,3,2,resnet,True,none,lr,0.0001,0.0001,32,7,0.2324,1.0369,1.1793,0.6667,0.4816,nan,nan,nan,nan,0
none,cage,3,2,resnet,True,none,lr,0.0001,0.0001,32,8,0.1867,1.7115,1.2940,0.7857,0.5956,nan,nan,nan,nan,1
none,cage,3,2,resnet,True,none,lr,0.0001,0.0001,32,9,0.1477,2.0085,1.4518,0.7857,0.5478,nan,nan,nan,nan,0
none,cage,3,2,resnet,True,none,lr,0.0001,0.0001,32,10,0.1122,1.5813,1.4619,0.7619,0.6728,nan,nan,nan,nan,0
none,cage,3,2,resnet,True,none,lr,0.0001,0.0001,32,11,0.1036,2.2435,1.5757,0.7857,0.5588,nan,nan,nan,nan,0
none,cage,3,2,resnet,True,none,lr,0.0001,0.0001,32,12,0.0759,1.6084,1.4184,0.7619,0.6029,nan,nan,nan,nan,0
none,cage,3,2,resnet,True,none,lr,0.0001,0.0001,32,13,0.0818,1.7753,1.6301,0.7619,0.6765,nan,nan,nan,nan,1
none,cage,3,2,resnet,True,none,lr,0.0001,0.0001,32,14,0.0592,2.4285,1.7429,0.7619,0.6213,2.0749,1.7073,0.8333,0.5755,1
none,cage,3,2,resnet,True,none,lr,0.0001,0.0001,32,15,0.0466,1.2543,1.5578,0.7619,0.6507,nan,nan,nan,nan,0
none,cage,3,2,resnet,True,none,lr,0.0001,0.0001,32,16,0.0549,2.4195,1.8366,0.7857,0.5478,nan,nan,nan,nan,0
none,cage,3,2,resnet,True,none,lr,0.0001,0.0001,32,17,0.0409,3.4381,2.2097,0.7857,0.5368,nan,nan,nan,nan,0
none,cage,3,2,resnet,True,none,lr,0.0001,0.0001,32,18,0.0473,2.0635,1.8007,0.7857,0.6250,nan,nan,nan,nan,0
none,cage,3,2,resnet,True,none,lr,0.0001,0.0001,32,19,0.0664,2.1146,1.9033,0.8333,0.4743,nan,nan,nan,nan,0
none,cage,3,4,resnet,True,none,lr,0.0001,0.0001,32,1,0.7238,0.7504,0.7478,0.6047,0.4214,nan,nan,nan,nan,0
none,cage,3,4,resnet,True,none,lr,0.0001,0.0001,32,2,0.6586,0.7125,0.7311,0.5581,0.4786,nan,nan,nan,nan,0
none,cage,3,4,resnet,True,none,lr,0.0001,0.0001,32,3,0.5723,0.7033,0.7324,0.6744,0.5679,nan,nan,nan,nan,0
none,cage,3,4,resnet,True,none,lr,0.0001,0.0001,32,4,0.4738,0.6911,0.7959,0.4651,0.6214,nan,nan,nan,nan,0
none,cage,3,4,resnet,True,none,lr,0.0001,0.0001,32,5,0.3852,0.7703,0.8886,0.7442,0.6429,nan,nan,nan,nan,1
none,cage,3,4,resnet,True,none,lr,0.0001,0.0001,32,6,0.2960,0.8298,1.1134,0.7442,0.6464,nan,nan,nan,nan,1
none,cage,3,4,resnet,True,none,lr,0.0001,0.0001,32,7,0.2276,1.1776,1.1829,0.8372,0.6286,nan,nan,nan,nan,1
none,cage,3,4,resnet,True,none,lr,0.0001,0.0001,32,8,0.2100,1.3943,1.4141,0.8140,0.6000,nan,nan,nan,nan,1
none,cage,3,4,resnet,True,none,lr,0.0001,0.0001,32,9,0.1540,0.8010,1.0903,0.7907,0.6821,nan,nan,nan,nan,1
none,cage,3,4,resnet,True,none,lr,0.0001,0.0001,32,10,0.1314,1.2246,1.5148,0.8372,0.6714,nan,nan,nan,nan,1
none,cage,3,4,resnet,True,none,lr,0.0001,0.0001,32,11,0.1151,1.5393,1.4822,0.8140,0.7536,nan,nan,nan,nan,1
none,cage,3,4,resnet,True,none,lr,0.0001,0.0001,32,12,0.0937,2.0729,1.6936,0.8140,0.7286,nan,nan,nan,nan,1
none,cage,3,4,resnet,True,none,lr,0.0001,0.0001,32,13,0.0744,1.6488,1.5542,0.8372,0.6500,1.4440,1.3407,0.8333,0.6980,1
none,cage,3,4,resnet,True,none,lr,0.0001,0.0001,32,14,0.0630,1.9712,1.7414,0.8140,0.6964,nan,nan,nan,nan,0
none,cage,3,4,resnet,True,none,lr,0.0001,0.0001,32,15,0.0765,1.5017,1.5523,0.8605,0.6679,nan,nan,nan,nan,0
none,cage,3,4,resnet,True,none,lr,0.0001,0.0001,32,16,0.0481,1.9932,1.8052,0.8140,0.6750,nan,nan,nan,nan,0
none,cage,3,4,resnet,True,none,lr,0.0001,0.0001,32,17,0.0429,2.1632,1.8832,0.8140,0.7107,nan,nan,nan,nan,0
none,cage,3,4,resnet,True,none,lr,0.0001,0.0001,32,18,0.0288,3.0988,2.5209,0.8140,0.6500,nan,nan,nan,nan,0
none,cage,3,5,resnet,True,none,lr,0.0001,0.0001,32,1,0.7310,0.7432,0.7019,0.6750,0.4516,nan,nan,nan,nan,0
none,cage,3,5,resnet,True,none,lr,0.0001,0.0001,32,2,0.6490,0.9349,0.7801,0.7000,0.3154,nan,nan,nan,nan,0
none,cage,3,5,resnet,True,none,lr,0.0001,0.0001,32,3,0.5682,0.7966,0.8179,0.5750,0.4982,nan,nan,nan,nan,0
none,cage,3,5,resnet,True,none,lr,0.0001,0.0001,32,4,0.4681,0.9259,0.9198,0.5750,0.3943,nan,nan,nan,nan,0
none,cage,3,5,resnet,True,none,lr,0.0001,0.0001,32,5,0.3765,1.3673,1.2068,0.6250,0.3477,0.7152,0.8706,0.7857,0.6857,1
none,cage,3,5,resnet,True,none,lr,0.0001,0.0001,32,6,0.2775,1.9343,1.4609,0.7500,0.2975,nan,nan,nan,nan,0
none,cage,3,5,resnet,True,none,lr,0.0001,0.0001,32,7,0.2204,2.2144,1.6047,0.7750,0.3333,nan,nan,nan,nan,0
none,cage,3,5,resnet,True,none,lr,0.0001,0.0001,32,8,0.1788,2.3924,1.7137,0.7000,0.4050,nan,nan,nan,nan,0
none,cage,3,5,resnet,True,none,lr,0.0001,0.0001,32,9,0.1471,2.2294,1.7558,0.7250,0.3477,nan,nan,nan,nan,0
none,cage,3,5,resnet,True,none,lr,0.0001,0.0001,32,10,0.1357,1.6305,1.6956,0.6000,0.4050,nan,nan,nan,nan,0
none,cage,3,5,resnet,True,none,lr,0.0001,0.0001,32,11,0.1183,2.9235,2.0726,0.7750,0.3405,nan,nan,nan,nan,0
none,cage,3,5,resnet,True,none,lr,0.0001,0.0001,32,12,0.0931,2.0778,1.8032,0.7250,0.3835,nan,nan,nan,nan,0
none,cage,3,5,resnet,True,none,lr,0.0001,0.0001,32,13,0.0554,3.4614,2.3613,0.7750,0.3943,nan,nan,nan,nan,0
none,cage,3,5,resnet,True,none,lr,0.0001,0.0001,32,14,0.1008,3.0037,2.1166,0.7750,0.3799,nan,nan,nan,nan,0
none,cage,3,5,resnet,True,none,lr,0.0001,0.0001,32,15,0.0670,3.0768,2.2078,0.7500,0.4086,nan,nan,nan,nan,0
none,cage,3,5,resnet,True,none,lr,0.0001,0.0001,32,16,0.0490,3.7458,2.7400,0.7250,0.3513,nan,nan,nan,nan,0
none,cage,3,6,resnet,True,none,lr,0.0001,0.0001,32,1,0.7371,0.7032,0.6812,0.7317,0.4190,nan,nan,nan,nan,0
none,cage,3,6,resnet,True,none,lr,0.0001,0.0001,32,2,0.6684,0.7496,0.7405,0.6829,0.4714,nan,nan,nan,nan,0
none,cage,3,6,resnet,True,none,lr,0.0001,0.0001,32,3,0.5840,0.8015,0.8011,0.6585,0.3190,nan,nan,nan,nan,0
none,cage,3,6,resnet,True,none,lr,0.0001,0.0001,32,4,0.5075,0.8236,0.7996,0.8049,0.5143,nan,nan,nan,nan,0
none,cage,3,6,resnet,True,none,lr,0.0001,0.0001,32,5,0.4013,0.7495,0.8619,0.6098,0.4905,nan,nan,nan,nan,1
none,cage,3,6,resnet,True,none,lr,0.0001,0.0001,32,6,0.3149,1.3689,1.1106,0.8537,0.3619,nan,nan,nan,nan,0
none,cage,3,6,resnet,True,none,lr,0.0001,0.0001,32,7,0.2415,1.3283,1.1548,0.8049,0.5048,nan,nan,nan,nan,0
none,cage,3,6,resnet,True,none,lr,0.0001,0.0001,32,8,0.1908,1.2197,1.2551,0.8293,0.4667,nan,nan,nan,nan,1
none,cage,3,6,resnet,True,none,lr,0.0001,0.0001,32,9,0.1586,1.3016,1.3053,0.8537,0.5143,nan,nan,nan,nan,0
none,cage,3,6,resnet,True,none,lr,0.0001,0.0001,32,10,0.1350,2.0253,1.5802,0.8537,0.4714,nan,nan,nan,nan,0
none,cage,3,6,resnet,True,none,lr,0.0001,0.0001,32,11,0.1207,1.8279,1.5669,0.8293,0.5095,nan,nan,nan,nan,1
none,cage,3,6,resnet,True,none,lr,0.0001,0.0001,32,12,0.1217,2.2011,1.6418,0.8537,0.5524,2.3084,1.5865,0.8333,0.5673,1
none,cage,3,6,resnet,True,none,lr,0.0001,0.0001,32,13,0.1115,1.9674,1.5686,0.8537,0.4286,nan,nan,nan,nan,0
none,cage,3,6,resnet,True,none,lr,0.0001,0.0001,32,14,0.0666,1.9660,1.6951,0.8537,0.4571,nan,nan,nan,nan,0
none,cage,3,6,resnet,True,none,lr,0.0001,0.0001,32,15,0.0568,2.3436,1.8371,0.8537,0.4238,nan,nan,nan,nan,0
none,cage,3,6,resnet,True,none,lr,0.0001,0.0001,32,16,0.0604,2.1987,1.7233,0.8537,0.5762,nan,nan,nan,nan,0
none,cage,3,6,resnet,True,none,lr,0.0001,0.0001,32,17,0.0371,1.9716,1.7874,0.8537,0.5476,nan,nan,nan,nan,0
none,cage,3,7,resnet,True,none,lr,0.0001,0.0001,32,1,0.7304,0.6747,0.6909,0.7045,0.6667,nan,nan,nan,nan,0
none,cage,3,7,resnet,True,none,lr,0.0001,0.0001,32,2,0.6657,0.6508,0.6771,0.7273,0.7396,nan,nan,nan,nan,0
none,cage,3,7,resnet,True,none,lr,0.0001,0.0001,32,3,0.5804,0.6696,0.7664,0.7273,0.6111,nan,nan,nan,nan,0
none,cage,3,7,resnet,True,none,lr,0.0001,0.0001,32,4,0.4865,0.7417,0.7160,0.7727,0.7778,nan,nan,nan,nan,0
none,cage,3,7,resnet,True,none,lr,0.0001,0.0001,32,5,0.3943,0.7407,0.8972,0.6136,0.5660,nan,nan,nan,nan,1
none,cage,3,7,resnet,True,none,lr,0.0001,0.0001,32,6,0.3069,0.8988,0.8829,0.8409,0.6458,nan,nan,nan,nan,0
none,cage,3,7,resnet,True,none,lr,0.0001,0.0001,32,7,0.2365,0.6829,0.8853,0.7727,0.8299,nan,nan,nan,nan,1
none,cage,3,7,resnet,True,none,lr,0.0001,0.0001,32,8,0.1787,1.0276,1.1602,0.7955,0.6840,nan,nan,nan,nan,1
none,cage,3,7,resnet,True,none,lr,0.0001,0.0001,32,9,0.1498,1.7219,1.2195,0.8182,0.7639,nan,nan,nan,nan,0
none,cage,3,7,resnet,True,none,lr,0.0001,0.0001,32,10,0.1353,1.8790,1.2195,0.8182,0.7917,nan,nan,nan,nan,1
none,cage,3,7,resnet,True,none,lr,0.0001,0.0001,32,11,0.0932,1.1965,1.1475,0.7955,0.8264,1.2238,1.2927,0.7857,0.6082,1
none,cage,3,7,resnet,True,none,lr,0.0001,0.0001,32,12,0.0981,1.1379,1.3068,0.7955,0.7431,nan,nan,nan,nan,0
none,cage,3,7,resnet,True,none,lr,0.0001,0.0001,32,13,0.0767,1.2162,1.4200,0.7955,0.5729,nan,nan,nan,nan,0
none,cage,3,7,resnet,True,none,lr,0.0001,0.0001,32,14,0.0971,2.2060,1.5137,0.8182,0.8299,nan,nan,nan,nan,0
none,cage,3,7,resnet,True,none,lr,0.0001,0.0001,32,15,0.0522,1.0472,1.4691,0.7273,0.7153,nan,nan,nan,nan,0
none,cage,3,7,resnet,True,none,lr,0.0001,0.0001,32,16,0.0506,1.6642,1.2971,0.8182,0.8264,nan,nan,nan,nan,0
none,cage,3,8,resnet,True,none,lr,0.0001,0.0001,32,1,0.7270,0.7149,0.6613,0.7872,0.4391,nan,nan,nan,nan,0
none,cage,3,8,resnet,True,none,lr,0.0001,0.0001,32,2,0.6357,0.7390,0.6937,0.7234,0.5737,nan,nan,nan,nan,0
none,cage,3,8,resnet,True,none,lr,0.0001,0.0001,32,3,0.5605,0.8049,0.9009,0.5532,0.5224,nan,nan,nan,nan,0
none,cage,3,8,resnet,True,none,lr,0.0001,0.0001,32,4,0.4510,0.7359,0.9721,0.6596,0.5449,nan,nan,nan,nan,0
none,cage,3,8,resnet,True,none,lr,0.0001,0.0001,32,5,0.3717,1.0582,0.9369,0.7660,0.4808,nan,nan,nan,nan,1
none,cage,3,8,resnet,True,none,lr,0.0001,0.0001,32,6,0.2991,1.0959,0.9409,0.8085,0.5064,nan,nan,nan,nan,1
none,cage,3,8,resnet,True,none,lr,0.0001,0.0001,32,7,0.2294,1.9428,1.3819,0.7447,0.3782,nan,nan,nan,nan,0
none,cage,3,8,resnet,True,none,lr,0.0001,0.0001,32,8,0.1930,1.3545,1.1120,0.8298,0.5962,nan,nan,nan,nan,0
none,cage,3,8,resnet,True,none,lr,0.0001,0.0001,32,9,0.1450,1.4375,1.2512,0.7660,0.6122,nan,nan,nan,nan,0
none,cage,3,8,resnet,True,none,lr,0.0001,0.0001,32,10,0.1323,1.7939,1.4182,0.7872,0.4872,nan,nan,nan,nan,0
none,cage,3,8,resnet,True,none,lr,0.0001,0.0001,32,11,0.0986,2.5412,1.5676,0.8298,0.5641,nan,nan,nan,nan,0
none,cage,3,8,resnet,True,none,lr,0.0001,0.0001,32,12,0.0908,2.4451,1.7523,0.8298,0.5385,1.6636,1.4429,0.8095,0.6857,1
none,cage,3,8,resnet,True,none,lr,0.0001,0.0001,32,13,0.0755,2.7249,1.7685,0.8298,0.5705,nan,nan,nan,nan,0
none,cage,3,8,resnet,True,none,lr,0.0001,0.0001,32,14,0.0780,2.7734,1.8689,0.8085,0.4712,nan,nan,nan,nan,0
none,cage,3,8,resnet,True,none,lr,0.0001,0.0001,32,15,0.0732,2.7338,1.7939,0.8298,0.5288,nan,nan,nan,nan,0
none,cage,3,8,resnet,True,none,lr,0.0001,0.0001,32,16,0.0541,2.5909,1.7926,0.8298,0.5481,nan,nan,nan,nan,0
none,cage,3,8,resnet,True,none,lr,0.0001,0.0001,32,17,0.0820,2.7270,1.6878,0.8085,0.4840,nan,nan,nan,nan,0
none,cage,3,9,resnet,True,none,lr,0.0001,0.0001,32,1,0.7343,0.7149,0.6859,0.6429,0.5387,nan,nan,nan,nan,0
none,cage,3,9,resnet,True,none,lr,0.0001,0.0001,32,2,0.6428,0.7348,0.8465,0.4762,0.4882,nan,nan,nan,nan,0
none,cage,3,9,resnet,True,none,lr,0.0001,0.0001,32,3,0.5578,0.7716,0.7567,0.6667,0.5286,nan,nan,nan,nan,0
none,cage,3,9,resnet,True,none,lr,0.0001,0.0001,32,4,0.4519,1.1215,1.1839,0.6429,0.4983,nan,nan,nan,nan,0
none,cage,3,9,resnet,True,none,lr,0.0001,0.0001,32,5,0.3746,1.3306,1.2012,0.6429,0.4007,0.9115,0.9912,0.6429,0.5102,1
none,cage,3,9,resnet,True,none,lr,0.0001,0.0001,32,6,0.2786,1.4207,1.4722,0.6429,0.4882,nan,nan,nan,nan,0
none,cage,3,9,resnet,True,none,lr,0.0001,0.0001,32,7,0.2223,1.8956,1.5018,0.6667,0.4411,nan,nan,nan,nan,0
none,cage,3,9,resnet,True,none,lr,0.0001,0.0001,32,8,0.1935,1.8305,1.3250,0.7619,0.4579,nan,nan,nan,nan,0
none,cage,3,9,resnet,True,none,lr,0.0001,0.0001,32,9,0.1459,2.3027,1.5762,0.7619,0.3098,nan,nan,nan,nan,0
none,cage,3,9,resnet,True,none,lr,0.0001,0.0001,32,10,0.1356,2.0649,1.6502,0.6905,0.3603,nan,nan,nan,nan,0
none,cage,3,9,resnet,True,none,lr,0.0001,0.0001,32,11,0.1031,2.0357,1.7573,0.7143,0.4781,nan,nan,nan,nan,0
none,cage,3,9,resnet,True,none,lr,0.0001,0.0001,32,12,0.0858,2.2534,2.0033,0.6905,0.4613,nan,nan,nan,nan,0
none,cage,3,9,resnet,True,none,lr,0.0001,0.0001,32,13,0.0637,2.5331,1.8060,0.7619,0.4646,nan,nan,nan,nan,0
none,cage,3,9,resnet,True,none,lr,0.0001,0.0001,32,14,0.0666,2.8765,1.9735,0.7619,0.4714,nan,nan,nan,nan,0
none,cage,3,9,resnet,True,none,lr,0.0001,0.0001,32,15,0.0618,2.7340,1.9554,0.7619,0.4343,nan,nan,nan,nan,0
none,cage,3,9,resnet,True,none,lr,0.0001,0.0001,32,16,0.0573,2.6702,2.1156,0.7143,0.3670,nan,nan,nan,nan,0
none,cage,4,0,resnet,True,none,lr,0.0001,0.0001,32,1,0.7371,0.6807,0.6661,0.6744,0.6825,nan,nan,nan,nan,0
none,cage,4,0,resnet,True,none,lr,0.0001,0.0001,32,2,0.6759,0.7058,0.6479,0.8140,0.5952,nan,nan,nan,nan,0
none,cage,4,0,resnet,True,none,lr,0.0001,0.0001,32,3,0.5962,0.6828,0.7793,0.5814,0.6548,nan,nan,nan,nan,0
none,cage,4,0,resnet,True,none,lr,0.0001,0.0001,32,4,0.4790,0.6963,0.9097,0.5814,0.6667,nan,nan,nan,nan,0
none,cage,4,0,resnet,True,none,lr,0.0001,0.0001,32,5,0.4041,0.8752,0.8874,0.7674,0.6349,nan,nan,nan,nan,1
none,cage,4,0,resnet,True,none,lr,0.0001,0.0001,32,6,0.3199,1.4138,1.1612,0.8372,0.5833,nan,nan,nan,nan,0
none,cage,4,0,resnet,True,none,lr,0.0001,0.0001,32,7,0.2504,1.0520,1.2001,0.7674,0.5873,nan,nan,nan,nan,0
none,cage,4,0,resnet,True,none,lr,0.0001,0.0001,32,8,0.2039,1.2832,1.1968,0.8140,0.6627,nan,nan,nan,nan,0
none,cage,4,0,resnet,True,none,lr,0.0001,0.0001,32,9,0.1640,1.2412,1.3232,0.7907,0.5714,nan,nan,nan,nan,0
none,cage,4,0,resnet,True,none,lr,0.0001,0.0001,32,10,0.1229,1.5434,1.2930,0.7907,0.7460,nan,nan,nan,nan,0
none,cage,4,0,resnet,True,none,lr,0.0001,0.0001,32,11,0.1141,1.9335,1.5100,0.8140,0.6548,nan,nan,nan,nan,0
none,cage,4,0,resnet,True,none,lr,0.0001,0.0001,32,12,0.1252,1.1514,1.3643,0.7907,0.6944,nan,nan,nan,nan,1
none,cage,4,0,resnet,True,none,lr,0.0001,0.0001,32,13,0.0748,1.6564,1.5235,0.8140,0.7262,nan,nan,nan,nan,1
none,cage,4,0,resnet,True,none,lr,0.0001,0.0001,32,14,0.0688,1.6758,1.4357,0.8372,0.7619,2.0764,1.8139,0.8140,0.6393,1
none,cage,4,0,resnet,True,none,lr,0.0001,0.0001,32,15,0.0609,2.5384,2.1001,0.8140,0.5516,nan,nan,nan,nan,0
none,cage,4,0,resnet,True,none,lr,0.0001,0.0001,32,16,0.0933,2.0498,1.7456,0.7907,0.6230,nan,nan,nan,nan,0
none,cage,4,0,resnet,True,none,lr,0.0001,0.0001,32,17,0.0796,2.2045,1.7026,0.8372,0.6825,nan,nan,nan,nan,0
none,cage,4,0,resnet,True,none,lr,0.0001,0.0001,32,18,0.0579,1.5411,1.5736,0.7907,0.6548,nan,nan,nan,nan,0
none,cage,4,0,resnet,True,none,lr,0.0001,0.0001,32,19,0.0447,2.0110,1.6827,0.8140,0.7341,nan,nan,nan,nan,0
none,cage,4,1,resnet,True,none,lr,0.0001,0.0001,32,1,0.7350,0.7133,0.8208,0.3953,0.5119,nan,nan,nan,nan,0
none,cage,4,1,resnet,True,none,lr,0.0001,0.0001,32,2,0.6446,0.6829,0.7166,0.5814,0.5516,nan,nan,nan,nan,0
none,cage,4,1,resnet,True,none,lr,0.0001,0.0001,32,3,0.5539,0.7262,0.7243,0.7442,0.6151,nan,nan,nan,nan,0
none,cage,4,1,resnet,True,none,lr,0.0001,0.0001,32,4,0.4718,0.8744,0.7922,0.8372,0.5873,nan,nan,nan,nan,0
none,cage,4,1,resnet,True,none,lr,0.0001,0.0001,32,5,0.3645,0.8884,0.8507,0.8140,0.6270,nan,nan,nan,nan,1
none,cage,4,1,resnet,True,none,lr,0.0001,0.0001,32,6,0.2944,0.9752,0.9744,0.7674,0.5754,nan,nan,nan,nan,1
none,cage,4,1,resnet,True,none,lr,0.0001,0.0001,32,7,0.2439,1.4120,0.9943,0.8372,0.5952,nan,nan,nan,nan,1
none,cage,4,1,resnet,True,none,lr,0.0001,0.0001,32,8,0.2002,1.5010,1.2360,0.7907,0.5516,nan,nan,nan,nan,0
none,cage,4,1,resnet,True,none,lr,0.0001,0.0001,32,9,0.1579,1.8221,1.2772,0.8605,0.4841,nan,nan,nan,nan,0
none,cage,4,1,resnet,True,none,lr,0.0001,0.0001,32,10,0.1243,1.7070,1.3909,0.8605,0.5000,nan,nan,nan,nan,0
none,cage,4,1,resnet,True,none,lr,0.0001,0.0001,32,11,0.1315,1.1085,1.1710,0.8372,0.6190,nan,nan,nan,nan,0
none,cage,4,1,resnet,True,none,lr,0.0001,0.0001,32,12,0.0876,1.7531,1.2518,0.8372,0.5595,nan,nan,nan,nan,0
none,cage,4,1,resnet,True,none,lr,0.0001,0.0001,32,13,0.0948,1.8104,1.3496,0.8372,0.6032,nan,nan,nan,nan,0
none,cage,4,1,resnet,True,none,lr,0.0001,0.0001,32,14,0.0617,2.1394,1.5730,0.8372,0.6270,nan,nan,nan,nan,0
none,cage,4,1,resnet,True,none,lr,0.0001,0.0001,32,15,0.0832,2.6200,1.5941,0.8372,0.6706,nan,nan,nan,nan,1
none,cage,4,1,resnet,True,none,lr,0.0001,0.0001,32,16,0.0604,2.4810,1.6960,0.8372,0.5675,nan,nan,nan,nan,0
none,cage,4,1,resnet,True,none,lr,0.0001,0.0001,32,17,0.0745,3.0196,1.7648,0.8372,0.6627,2.8351,2.2268,0.8140,0.6679,1
none,cage,4,1,resnet,True,none,lr,0.0001,0.0001,32,18,0.0579,2.4119,1.7218,0.8372,0.5397,nan,nan,nan,nan,0
none,cage,4,1,resnet,True,none,lr,0.0001,0.0001,32,19,0.0501,2.4501,1.6914,0.8372,0.6151,nan,nan,nan,nan,0
none,cage,4,1,resnet,True,none,lr,0.0001,0.0001,32,20,0.0286,2.9383,1.8562,0.8372,0.6151,nan,nan,nan,nan,0
none,cage,4,1,resnet,True,none,lr,0.0001,0.0001,32,21,0.0387,3.4893,2.2155,0.8372,0.5317,nan,nan,nan,nan,0
none,cage,4,1,resnet,True,none,lr,0.0001,0.0001,32,22,0.0665,1.9736,1.5544,0.8372,0.6389,nan,nan,nan,nan,0
none,cage,4,2,resnet,True,none,lr,0.0001,0.0001,32,1,0.7153,0.7127,0.6900,0.7143,0.4779,nan,nan,nan,nan,0
none,cage,4,2,resnet,True,none,lr,0.0001,0.0001,32,2,0.6407,0.7106,0.6762,0.7381,0.5772,nan,nan,nan,nan,0
none,cage,4,2,resnet,True,none,lr,0.0001,0.0001,32,3,0.5609,0.7123,0.7735,0.7381,0.6066,nan,nan,nan,nan,0
none,cage,4,2,resnet,True,none,lr,0.0001,0.0001,32,4,0.4587,0.9268,0.8042,0.7619,0.6360,nan,nan,nan,nan,0
none,cage,4,2,resnet,True,none,lr,0.0001,0.0001,32,5,0.3720,0.6958,0.7817,0.8095,0.7794,nan,nan,nan,nan,1
none,cage,4,2,resnet,True,none,lr,0.0001,0.0001,32,6,0.2840,1.1003,0.9508,0.7857,0.6581,nan,nan,nan,nan,1
none,cage,4,2,resnet,True,none,lr,0.0001,0.0001,32,7,0.2355,1.2626,1.0127,0.7857,0.6838,nan,nan,nan,nan,1
none,cage,4,2,resnet,True,none,lr,0.0001,0.0001,32,8,0.1918,1.4777,1.2305,0.7619,0.7243,1.6306,1.4588,0.7907,0.6000,1
none,cage,4,2,resnet,True,none,lr,0.0001,0.0001,32,9,0.1554,1.4831,1.3421,0.8095,0.5368,nan,nan,nan,nan,0
none,cage,4,2,resnet,True,none,lr,0.0001,0.0001,32,10,0.1087,2.2181,1.5579,0.7857,0.6066,nan,nan,nan,nan,0
none,cage,4,2,resnet,True,none,lr,0.0001,0.0001,32,11,0.0941,1.7399,1.3932,0.7857,0.7279,nan,nan,nan,nan,0
none,cage,4,2,resnet,True,none,lr,0.0001,0.0001,32,12,0.0854,1.6980,1.3845,0.8095,0.5735,nan,nan,nan,nan,0
none,cage,4,2,resnet,True,none,lr,0.0001,0.0001,32,13,0.1012,1.9100,1.4123,0.8333,0.6728,nan,nan,nan,nan,0
none,cage,4,2,resnet,True,none,lr,0.0001,0.0001,32,14,0.0661,2.5901,1.7186,0.8095,0.5956,nan,nan,nan,nan,0
none,cage,4,2,resnet,True,none,lr,0.0001,0.0001,32,15,0.0613,2.5572,1.7053,0.7857,0.5735,nan,nan,nan,nan,0
none,cage,4,2,resnet,True,none,lr,0.0001,0.0001,32,16,0.0400,2.3340,1.7076,0.7857,0.6434,nan,nan,nan,nan,0
none,cage,4,3,resnet,True,none,lr,0.0001,0.0001,32,1,0.7351,0.6639,0.6650,0.7143,0.7102,nan,nan,nan,nan,0
none,cage,4,3,resnet,True,none,lr,0.0001,0.0001,32,2,0.6634,0.7123,0.8348,0.3095,0.5102,nan,nan,nan,nan,0
none,cage,4,3,resnet,True,none,lr,0.0001,0.0001,32,3,0.5945,0.6512,0.8023,0.4762,0.7102,nan,nan,nan,nan,0
none,cage,4,3,resnet,True,none,lr,0.0001,0.0001,32,4,0.4964,0.7547,0.7860,0.7381,0.6612,nan,nan,nan,nan,0
none,cage,4,3,resnet,True,none,lr,0.0001,0.0001,32,5,0.3980,0.9682,1.0765,0.7143,0.5143,nan,nan,nan,nan,1
none,cage,4,3,resnet,True,none,lr,0.0001,0.0001,32,6,0.3187,0.7729,0.9043,0.8333,0.6939,nan,nan,nan,nan,0
none,cage,4,3,resnet,True,none,lr,0.0001,0.0001,32,7,0.2506,0.8864,1.0002,0.8571,0.7755,1.4519,1.4258,0.7907,0.5643,1
none,cage,4,3,resnet,True,none,lr,0.0001,0.0001,32,8,0.2055,1.2151,1.3497,0.7619,0.5551,nan,nan,nan,nan,0
none,cage,4,3,resnet,True,none,lr,0.0001,0.0001,32,9,0.1619,1.3287,1.1802,0.8095,0.6327,nan,nan,nan,nan,0
none,cage,4,3,resnet,True,none,lr,0.0001,0.0001,32,10,0.1411,1.1065,1.2610,0.7857,0.7102,nan,nan,nan,nan,0
none,cage,4,3,resnet,True,none,lr,0.0001,0.0001,32,11,0.1080,1.7385,1.4782,0.8095,0.5469,nan,nan,nan,nan,0
none,cage,4,3,resnet,True,none,lr,0.0001,0.0001,32,12,0.0737,2.4679,1.7635,0.8333,0.5347,nan,nan,nan,nan,0
none,cage,4,3,resnet,True,none,lr,0.0001,0.0001,32,13,0.0725,2.3399,1.7172,0.8333,0.5755,nan,nan,nan,nan,0
none,cage,4,3,resnet,True,none,lr,0.0001,0.0001,32,14,0.0810,1.6689,1.4998,0.8333,0.7429,nan,nan,nan,nan,0
none,cage,4,3,resnet,True,none,lr,0.0001,0.0001,32,15,0.0925,2.3682,1.7017,0.8333,0.5837,nan,nan,nan,nan,0
none,cage,4,3,resnet,True,none,lr,0.0001,0.0001,32,16,0.0749,2.2744,1.8974,0.8333,0.4980,nan,nan,nan,nan,0
none,cage,4,5,resnet,True,none,lr,0.0001,0.0001,32,1,0.7289,0.7799,0.6820,0.7250,0.4695,nan,nan,nan,nan,0
none,cage,4,5,resnet,True,none,lr,0.0001,0.0001,32,2,0.6532,0.7389,0.7048,0.6500,0.5520,nan,nan,nan,nan,0
none,cage,4,5,resnet,True,none,lr,0.0001,0.0001,32,3,0.5680,0.8887,0.8595,0.6000,0.3118,nan,nan,nan,nan,0
none,cage,4,5,resnet,True,none,lr,0.0001,0.0001,32,4,0.4767,1.0690,0.9332,0.6500,0.3943,nan,nan,nan,nan,0
none,cage,4,5,resnet,True,none,lr,0.0001,0.0001,32,5,0.3841,1.3155,1.1053,0.6500,0.3799,nan,nan,nan,nan,1
none,cage,4,5,resnet,True,none,lr,0.0001,0.0001,32,6,0.2825,2.1745,1.4884,0.7750,0.3978,nan,nan,nan,nan,0
none,cage,4,5,resnet,True,none,lr,0.0001,0.0001,32,7,0.2134,2.3438,1.6962,0.7250,0.4014,nan,nan,nan,nan,0
none,cage,4,5,resnet,True,none,lr,0.0001,0.0001,32,8,0.1942,2.2945,1.7153,0.7250,0.4014,nan,nan,nan,nan,0
none,cage,4,5,resnet,True,none,lr,0.0001,0.0001,32,9,0.1431,2.0846,1.6170,0.7500,0.4444,nan,nan,nan,nan,0
none,cage,4,5,resnet,True,none,lr,0.0001,0.0001,32,10,0.1194,1.5649,1.4084,0.7500,0.5412,0.9980,1.3247,0.7674,0.6857,1
none,cage,4,5,resnet,True,none,lr,0.0001,0.0001,32,11,0.1033,2.9720,2.0684,0.7750,0.3477,nan,nan,nan,nan,0
none,cage,4,5,resnet,True,none,lr,0.0001,0.0001,32,12,0.0851,2.8285,2.0978,0.7500,0.4158,nan,nan,nan,nan,0
none,cage,4,5,resnet,True,none,lr,0.0001,0.0001,32,13,0.0790,3.4937,2.4784,0.7500,0.2688,nan,nan,nan,nan,0
none,cage,4,5,resnet,True,none,lr,0.0001,0.0001,32,14,0.0652,3.2800,2.3075,0.7750,0.3405,nan,nan,nan,nan,0
none,cage,4,5,resnet,True,none,lr,0.0001,0.0001,32,15,0.0627,4.2834,2.8684,0.7750,0.2903,nan,nan,nan,nan,0
none,cage,4,5,resnet,True,none,lr,0.0001,0.0001,32,16,0.0630,3.4461,2.5095,0.7500,0.3513,nan,nan,nan,nan,0
none,cage,4,6,resnet,True,none,lr,0.0001,0.0001,32,1,0.7381,0.6866,0.6981,0.7073,0.5619,nan,nan,nan,nan,0
none,cage,4,6,resnet,True,none,lr,0.0001,0.0001,32,2,0.6525,0.7408,0.7391,0.8049,0.4714,nan,nan,nan,nan,0
none,cage,4,6,resnet,True,none,lr,0.0001,0.0001,32,3,0.5852,0.7346,0.7471,0.7561,0.4857,nan,nan,nan,nan,0
none,cage,4,6,resnet,True,none,lr,0.0001,0.0001,32,4,0.4787,0.9784,0.9396,0.8049,0.3857,nan,nan,nan,nan,0
none,cage,4,6,resnet,True,none,lr,0.0001,0.0001,32,5,0.3714,1.2146,1.1021,0.8537,0.3952,nan,nan,nan,nan,1
none,cage,4,6,resnet,True,none,lr,0.0001,0.0001,32,6,0.3207,0.6245,1.0056,0.7561,0.7143,nan,nan,nan,nan,1
none,cage,4,6,resnet,True,none,lr,0.0001,0.0001,32,7,0.2595,1.5610,1.3228,0.8537,0.4524,nan,nan,nan,nan,0
none,cage,4,6,resnet,True,none,lr,0.0001,0.0001,32,8,0.1875,1.1956,1.1692,0.8293,0.6190,nan,nan,nan,nan,1
none,cage,4,6,resnet,True,none,lr,0.0001,0.0001,32,9,0.1518,1.6758,1.4748,0.8293,0.4238,nan,nan,nan,nan,1
none,cage,4,6,resnet,True,none,lr,0.0001,0.0001,32,10,0.1365,1.6688,1.5766,0.8537,0.4238,1.3285,1.4278,0.8140,0.6607,1
none,cage,4,6,resnet,True,none,lr,0.0001,0.0001,32,11,0.1046,1.9062,1.5569,0.8537,0.4810,nan,nan,nan,nan,0
none,cage,4,6,resnet,True,none,lr,0.0001,0.0001,32,12,0.1019,2.0087,1.7415,0.8537,0.5048,nan,nan,nan,nan,0
none,cage,4,6,resnet,True,none,lr,0.0001,0.0001,32,13,0.0724,2.3364,1.7418,0.8537,0.5190,nan,nan,nan,nan,0
none,cage,4,6,resnet,True,none,lr,0.0001,0.0001,32,14,0.0754,2.2508,1.7911,0.8537,0.4667,nan,nan,nan,nan,0
none,cage,4,6,resnet,True,none,lr,0.0001,0.0001,32,15,0.0674,3.0222,2.2091,0.8537,0.4333,nan,nan,nan,nan,0
none,cage,4,6,resnet,True,none,lr,0.0001,0.0001,32,16,0.0747,2.3122,1.8904,0.8537,0.5905,nan,nan,nan,nan,0
none,cage,4,7,resnet,True,none,lr,0.0001,0.0001,32,1,0.7242,0.6997,0.6711,0.7955,0.4931,nan,nan,nan,nan,0
none,cage,4,7,resnet,True,none,lr,0.0001,0.0001,32,2,0.6764,0.6404,0.6514,0.7273,0.7708,nan,nan,nan,nan,0
none,cage,4,7,resnet,True,none,lr,0.0001,0.0001,32,3,0.6128,0.6350,0.6206,0.7727,0.7812,nan,nan,nan,nan,0
none,cage,4,7,resnet,True,none,lr,0.0001,0.0001,32,4,0.4894,0.6072,0.7765,0.7273,0.7674,nan,nan,nan,nan,0
none,cage,4,7,resnet,True,none,lr,0.0001,0.0001,32,5,0.4076,0.7573,0.7184,0.7955,0.7465,nan,nan,nan,nan,1
none,cage,4,7,resnet,True,none,lr,0.0001,0.0001,32,6,0.3238,0.7334,0.8559,0.7500,0.6771,0.6284,0.8460,0.7674,0.7464,1
none,cage,4,7,resnet,True,none,lr,0.0001,0.0001,32,7,0.2344,1.6636,1.1525,0.8182,0.7014,nan,nan,nan,nan,0
none,cage,4,7,resnet,True,none,lr,0.0001,0.0001,32,8,0.2107,1.1505,0.9335,0.8182,0.7778,nan,nan,nan,nan,0
none,cage,4,7,resnet,True,none,lr,0.0001,0.0001,32,9,0.1772,1.2566,1.0553,0.7955,0.7188,nan,nan,nan,nan,0
none,cage,4,7,resnet,True,none,lr,0.0001,0.0001,32,10,0.1395,1.1959,1.2319,0.7955,0.7083,nan,nan,nan,nan,0
none,cage,4,7,resnet,True,none,lr,0.0001,0.0001,32,11,0.1004,1.4682,1.2778,0.7955,0.6146,nan,nan,nan,nan,0
none,cage,4,7,resnet,True,none,lr,0.0001,0.0001,32,12,0.0961,1.5116,1.1578,0.8182,0.7118,nan,nan,nan,nan,0
none,cage,4,7,resnet,True,none,lr,0.0001,0.0001,32,13,0.0676,1.7238,1.4059,0.7955,0.7604,nan,nan,nan,nan,0
none,cage,4,7,resnet,True,none,lr,0.0001,0.0001,32,14,0.0915,1.8871,1.3381,0.8182,0.7847,nan,nan,nan,nan,0
none,cage,4,7,resnet,True,none,lr,0.0001,0.0001,32,15,0.0671,1.8777,1.3103,0.8182,0.6736,nan,nan,nan,nan,0
none,cage,4,7,resnet,True,none,lr,0.0001,0.0001,32,16,0.0449,1.6100,1.4027,0.7955,0.7188,nan,nan,nan,nan,0
none,cage,4,8,resnet,True,none,lr,0.0001,0.0001,32,1,0.7301,0.7512,0.6430,0.8085,0.4615,nan,nan,nan,nan,0
none,cage,4,8,resnet,True,none,lr,0.0001,0.0001,32,2,0.6618,0.7288,0.7821,0.4681,0.4487,nan,nan,nan,nan,0
none,cage,4,8,resnet,True,none,lr,0.0001,0.0001,32,3,0.5905,0.8554,0.7221,0.7234,0.5032,nan,nan,nan,nan,0
none,cage,4,8,resnet,True,none,lr,0.0001,0.0001,32,4,0.4947,0.8716,0.8073,0.7660,0.5160,nan,nan,nan,nan,0
none,cage,4,8,resnet,True,none,lr,0.0001,0.0001,32,5,0.4189,1.0599,0.8470,0.7660,0.4936,nan,nan,nan,nan,1
none,cage,4,8,resnet,True,none,lr,0.0001,0.0001,32,6,0.3267,1.2100,0.9795,0.7234,0.3942,nan,nan,nan,nan,0
none,cage,4,8,resnet,True,none,lr,0.0001,0.0001,32,7,0.2507,1.8502,1.5130,0.7234,0.4038,nan,nan,nan,nan,0
none,cage,4,8,resnet,True,none,lr,0.0001,0.0001,32,8,0.2110,1.7421,1.2903,0.7447,0.3814,nan,nan,nan,nan,0
none,cage,4,8,resnet,True,none,lr,0.0001,0.0001,32,9,0.1789,1.2979,1.1135,0.7872,0.5385,nan,nan,nan,nan,0
none,cage,4,8,resnet,True,none,lr,0.0001,0.0001,32,10,0.1395,1.8310,1.3374,0.8085,0.4968,nan,nan,nan,nan,0
none,cage,4,8,resnet,True,none,lr,0.0001,0.0001,32,11,0.1143,2.3483,1.4942,0.7872,0.4968,nan,nan,nan,nan,0
none,cage,4,8,resnet,True,none,lr,0.0001,0.0001,32,12,0.1088,2.0370,1.4968,0.7872,0.5353,nan,nan,nan,nan,1
none,cage,4,8,resnet,True,none,lr,0.0001,0.0001,32,13,0.1072,2.2357,1.6084,0.8298,0.6154,nan,nan,nan,nan,1
none,cage,4,8,resnet,True,none,lr,0.0001,0.0001,32,14,0.0678,1.8960,1.5378,0.7872,0.6122,nan,nan,nan,nan,1
none,cage,4,8,resnet,True,none,lr,0.0001,0.0001,32,15,0.0466,3.0173,1.8243,0.8298,0.5064,nan,nan,nan,nan,0
none,cage,4,8,resnet,True,none,lr,0.0001,0.0001,32,16,0.0593,2.5280,1.6530,0.8085,0.5449,2.0087,1.8953,0.7907,0.6857,1
none,cage,4,8,resnet,True,none,lr,0.0001,0.0001,32,17,0.0479,2.7395,1.8062,0.8298,0.5128,nan,nan,nan,nan,0
none,cage,4,8,resnet,True,none,lr,0.0001,0.0001,32,18,0.0624,3.7174,2.1959,0.8298,0.5192,nan,nan,nan,nan,0
none,cage,4,8,resnet,True,none,lr,0.0001,0.0001,32,19,0.0538,2.6172,1.8946,0.7872,0.5353,nan,nan,nan,nan,0
none,cage,4,8,resnet,True,none,lr,0.0001,0.0001,32,20,0.0612,2.8775,1.9928,0.8298,0.5353,nan,nan,nan,nan,0
none,cage,4,8,resnet,True,none,lr,0.0001,0.0001,32,21,0.0516,2.9848,2.0283,0.8085,0.5609,nan,nan,nan,nan,0
none,cage,4,9,resnet,True,none,lr,0.0001,0.0001,32,1,0.7129,0.7316,0.7528,0.5000,0.4175,nan,nan,nan,nan,0
none,cage,4,9,resnet,True,none,lr,0.0001,0.0001,32,2,0.6442,0.7157,0.7819,0.4762,0.5051,nan,nan,nan,nan,0
none,cage,4,9,resnet,True,none,lr,0.0001,0.0001,32,3,0.5586,0.8892,1.0121,0.4762,0.4478,nan,nan,nan,nan,0
none,cage,4,9,resnet,True,none,lr,0.0001,0.0001,32,4,0.4600,0.8589,0.8958,0.5714,0.4377,nan,nan,nan,nan,0
none,cage,4,9,resnet,True,none,lr,0.0001,0.0001,32,5,0.3644,1.2495,1.0292,0.7143,0.4680,nan,nan,nan,nan,1
none,cage,4,9,resnet,True,none,lr,0.0001,0.0001,32,6,0.3074,1.9467,1.2983,0.6905,0.4007,nan,nan,nan,nan,0
none,cage,4,9,resnet,True,none,lr,0.0001,0.0001,32,7,0.2191,2.7124,1.6077,0.7857,0.3468,nan,nan,nan,nan,0
none,cage,4,9,resnet,True,none,lr,0.0001,0.0001,32,8,0.1927,1.7167,1.5920,0.6667,0.4512,nan,nan,nan,nan,0
none,cage,4,9,resnet,True,none,lr,0.0001,0.0001,32,9,0.1470,1.9284,1.5652,0.6905,0.4646,nan,nan,nan,nan,0
none,cage,4,9,resnet,True,none,lr,0.0001,0.0001,32,10,0.1194,2.5264,1.6214,0.7619,0.5051,nan,nan,nan,nan,0
none,cage,4,9,resnet,True,none,lr,0.0001,0.0001,32,11,0.1137,2.7242,1.8389,0.7381,0.4209,nan,nan,nan,nan,0
none,cage,4,9,resnet,True,none,lr,0.0001,0.0001,32,12,0.0914,2.2057,1.9057,0.6429,0.4714,nan,nan,nan,nan,1
none,cage,4,9,resnet,True,none,lr,0.0001,0.0001,32,13,0.0644,2.3988,1.9546,0.6667,0.5219,1.8129,1.8491,0.8140,0.6571,1
none,cage,4,9,resnet,True,none,lr,0.0001,0.0001,32,14,0.0499,3.0424,2.0600,0.7381,0.4242,nan,nan,nan,nan,0
none,cage,4,9,resnet,True,none,lr,0.0001,0.0001,32,15,0.0909,2.8257,2.0140,0.7619,0.4545,nan,nan,nan,nan,0
none,cage,4,9,resnet,True,none,lr,0.0001,0.0001,32,16,0.0666,3.7190,2.3668,0.7381,0.4680,nan,nan,nan,nan,0
none,cage,4,9,resnet,True,none,lr,0.0001,0.0001,32,17,0.0391,3.2255,2.1296,0.7619,0.4646,nan,nan,nan,nan,0
none,cage,4,9,resnet,True,none,lr,0.0001,0.0001,32,18,0.0432,3.5198,2.2861,0.7619,0.4411,nan,nan,nan,nan,0
none,cage,5,0,resnet,True,none,lr,0.0001,0.0001,32,1,0.7359,0.6730,0.6872,0.6744,0.6230,nan,nan,nan,nan,0
none,cage,5,0,resnet,True,none,lr,0.0001,0.0001,32,2,0.6592,0.6650,0.6198,0.8140,0.7302,nan,nan,nan,nan,0
none,cage,5,0,resnet,True,none,lr,0.0001,0.0001,32,3,0.5644,0.6898,0.6834,0.7907,0.6825,nan,nan,nan,nan,0
none,cage,5,0,resnet,True,none,lr,0.0001,0.0001,32,4,0.4672,0.5463,0.6686,0.8140,0.8571,nan,nan,nan,nan,0
none,cage,5,0,resnet,True,none,lr,0.0001,0.0001,32,5,0.3754,0.9195,0.8458,0.8140,0.6706,nan,nan,nan,nan,1
none,cage,5,0,resnet,True,none,lr,0.0001,0.0001,32,6,0.3017,0.5795,0.8625,0.8372,0.8175,1.3151,1.2319,0.7250,0.4086,1
none,cage,5,0,resnet,True,none,lr,0.0001,0.0001,32,7,0.2292,1.4750,1.2429,0.8140,0.6706,nan,nan,nan,nan,0
none,cage,5,0,resnet,True,none,lr,0.0001,0.0001,32,8,0.1751,1.3566,1.2120,0.8140,0.7341,nan,nan,nan,nan,0
none,cage,5,0,resnet,True,none,lr,0.0001,0.0001,32,9,0.1713,1.4591,1.3159,0.8140,0.5952,nan,nan,nan,nan,0
none,cage,5,0,resnet,True,none,lr,0.0001,0.0001,32,10,0.1281,1.7111,1.3201,0.8372,0.7579,nan,nan,nan,nan,0
none,cage,5,0,resnet,True,none,lr,0.0001,0.0001,32,11,0.0885,1.4053,1.4073,0.8372,0.6865,nan,nan,nan,nan,0
none,cage,5,0,resnet,True,none,lr,0.0001,0.0001,32,12,0.0856,1.5000,1.3653,0.8605,0.8214,nan,nan,nan,nan,0
none,cage,5,0,resnet,True,none,lr,0.0001,0.0001,32,13,0.1001,2.2020,1.6764,0.8140,0.6468,nan,nan,nan,nan,0
none,cage,5,0,resnet,True,none,lr,0.0001,0.0001,32,14,0.0602,1.8269,1.4264,0.8372,0.7222,nan,nan,nan,nan,0
none,cage,5,0,resnet,True,none,lr,0.0001,0.0001,32,15,0.0558,2.6660,1.8615,0.8372,0.7659,nan,nan,nan,nan,0
none,cage,5,0,resnet,True,none,lr,0.0001,0.0001,32,16,0.0807,1.5071,1.4665,0.7907,0.7103,nan,nan,nan,nan,0
none,cage,5,1,resnet,True,none,lr,0.0001,0.0001,32,1,0.7469,0.6808,0.6875,0.6047,0.5873,nan,nan,nan,nan,0
none,cage,5,1,resnet,True,none,lr,0.0001,0.0001,32,2,0.6538,0.6816,0.6499,0.7209,0.6230,nan,nan,nan,nan,0
none,cage,5,1,resnet,True,none,lr,0.0001,0.0001,32,3,0.5716,0.6793,0.7970,0.5581,0.5833,nan,nan,nan,nan,0
none,cage,5,1,resnet,True,none,lr,0.0001,0.0001,32,4,0.4688,0.9216,0.8558,0.7442,0.5317,nan,nan,nan,nan,0
none,cage,5,1,resnet,True,none,lr,0.0001,0.0001,32,5,0.3809,0.7183,0.7812,0.8140,0.6389,nan,nan,nan,nan,1
none,cage,5,1,resnet,True,none,lr,0.0001,0.0001,32,6,0.2872,1.4192,1.0858,0.8372,0.5119,nan,nan,nan,nan,0
none,cage,5,1,resnet,True,none,lr,0.0001,0.0001,32,7,0.2290,1.0789,0.9503,0.7674,0.6389,nan,nan,nan,nan,0
none,cage,5,1,resnet,True,none,lr,0.0001,0.0001,32,8,0.1746,1.5893,1.0947,0.8372,0.6548,nan,nan,nan,nan,0
none,cage,5,1,resnet,True,none,lr,0.0001,0.0001,32,9,0.1569,1.8817,1.2351,0.8372,0.5635,nan,nan,nan,nan,1
none,cage,5,1,resnet,True,none,lr,0.0001,0.0001,32,10,0.1622,1.1865,1.0868,0.8372,0.5992,nan,nan,nan,nan,0
none,cage,5,1,resnet,True,none,lr,0.0001,0.0001,32,11,0.1343,1.5238,1.1174,0.8372,0.6746,nan,nan,nan,nan,1
none,cage,5,1,resnet,True,none,lr,0.0001,0.0001,32,12,0.0771,1.7137,1.2860,0.8372,0.6190,nan,nan,nan,nan,0
none,cage,5,1,resnet,True,none,lr,0.0001,0.0001,32,13,0.0599,1.8919,1.3286,0.8372,0.6706,nan,nan,nan,nan,0
none,cage,5,1,resnet,True,none,lr,0.0001,0.0001,32,14,0.0751,1.5874,1.2352,0.8372,0.6825,2.7573,1.9822,0.7750,0.3763,1
none,cage,5,1,resnet,True,none,lr,0.0001,0.0001,32,15,0.0526,2.3366,1.6903,0.8372,0.5754,nan,nan,nan,nan,0
none,cage,5,1,resnet,True,none,lr,0.0001,0.0001,32,16,0.0487,2.0874,1.5738,0.8372,0.5873,nan,nan,nan,nan,0
none,cage,5,1,resnet,True,none,lr,0.0001,0.0001,32,17,0.0607,1.9295,1.4273,0.8372,0.6349,nan,nan,nan,nan,0
none,cage,5,1,resnet,True,none,lr,0.0001,0.0001,32,18,0.0633,2.7069,1.8789,0.8372,0.5635,nan,nan,nan,nan,0
none,cage,5,1,resnet,True,none,lr,0.0001,0.0001,32,19,0.0640,2.4532,1.5993,0.8372,0.6905,nan,nan,nan,nan,0
none,cage,5,2,resnet,True,none,lr,0.0001,0.0001,32,1,0.7321,0.7043,0.7594,0.2381,0.4338,nan,nan,nan,nan,0
none,cage,5,2,resnet,True,none,lr,0.0001,0.0001,32,2,0.6595,0.7400,0.6516,0.7857,0.6728,nan,nan,nan,nan,0
none,cage,5,2,resnet,True,none,lr,0.0001,0.0001,32,3,0.5488,0.7424,0.7407,0.7619,0.6654,nan,nan,nan,nan,0
none,cage,5,2,resnet,True,none,lr,0.0001,0.0001,32,4,0.4531,0.7709,0.8142,0.7857,0.6654,nan,nan,nan,nan,0
none,cage,5,2,resnet,True,none,lr,0.0001,0.0001,32,5,0.3699,0.7624,0.8800,0.7381,0.6875,nan,nan,nan,nan,1
none,cage,5,2,resnet,True,none,lr,0.0001,0.0001,32,6,0.2689,0.8598,0.9419,0.7143,0.6397,nan,nan,nan,nan,1
none,cage,5,2,resnet,True,none,lr,0.0001,0.0001,32,7,0.2051,0.8599,1.1154,0.7619,0.7096,nan,nan,nan,nan,1
none,cage,5,2,resnet,True,none,lr,0.0001,0.0001,32,8,0.1941,1.2415,1.1790,0.7619,0.7059,2.1605,1.7057,0.6750,0.3728,1
none,cage,5,2,resnet,True,none,lr,0.0001,0.0001,32,9,0.1407,1.6046,1.2967,0.8095,0.5956,nan,nan,nan,nan,0
none,cage,5,2,resnet,True,none,lr,0.0001,0.0001,32,10,0.1126,1.0175,1.3330,0.6905,0.6213,nan,nan,nan,nan,0
none,cage,5,2,resnet,True,none,lr,0.0001,0.0001,32,11,0.0894,1.5995,1.5056,0.7381,0.6507,nan,nan,nan,nan,0
none,cage,5,2,resnet,True,none,lr,0.0001,0.0001,32,12,0.0909,2.2327,1.4935,0.8095,0.6250,nan,nan,nan,nan,0
none,cage,5,2,resnet,True,none,lr,0.0001,0.0001,32,13,0.0761,2.4678,1.6371,0.8095,0.6581,nan,nan,nan,nan,0
none,cage,5,2,resnet,True,none,lr,0.0001,0.0001,32,14,0.0531,2.0908,1.7573,0.7857,0.5368,nan,nan,nan,nan,0
none,cage,5,2,resnet,True,none,lr,0.0001,0.0001,32,15,0.0671,1.3933,1.4721,0.7857,0.6360,nan,nan,nan,nan,0
none,cage,5,2,resnet,True,none,lr,0.0001,0.0001,32,16,0.0498,2.3350,1.8451,0.7857,0.5625,nan,nan,nan,nan,0
none,cage,5,3,resnet,True,none,lr,0.0001,0.0001,32,1,0.7256,0.6938,0.7145,0.5238,0.5633,nan,nan,nan,nan,0
none,cage,5,3,resnet,True,none,lr,0.0001,0.0001,32,2,0.6451,0.7220,0.8092,0.5000,0.4571,nan,nan,nan,nan,0
none,cage,5,3,resnet,True,none,lr,0.0001,0.0001,32,3,0.5561,0.7146,0.7230,0.7381,0.5918,nan,nan,nan,nan,0
none,cage,5,3,resnet,True,none,lr,0.0001,0.0001,32,4,0.4371,0.6923,0.7230,0.7619,0.6735,nan,nan,nan,nan,0
none,cage,5,3,resnet,True,none,lr,0.0001,0.0001,32,5,0.3646,0.8504,0.9400,0.6905,0.5143,nan,nan,nan,nan,1
none,cage,5,3,resnet,True,none,lr,0.0001,0.0001,32,6,0.2705,0.7141,0.9764,0.7143,0.6939,nan,nan,nan,nan,1
none,cage,5,3,resnet,True,none,lr,0.0001,0.0001,32,7,0.2183,1.2303,1.1428,0.8095,0.5714,nan,nan,nan,nan,1
none,cage,5,3,resnet,True,none,lr,0.0001,0.0001,32,8,0.1790,1.2923,1.1807,0.8095,0.5714,nan,nan,nan,nan,0
none,cage,5,3,resnet,True,none,lr,0.0001,0.0001,32,9,0.1486,0.8916,1.0505,0.7381,0.6857,nan,nan,nan,nan,0
none,cage,5,3,resnet,True,none,lr,0.0001,0.0001,32,10,0.1060,1.8101,1.3773,0.8333,0.5673,nan,nan,nan,nan,1
none,cage,5,3,resnet,True,none,lr,0.0001,0.0001,32,11,0.1161,1.4737,1.3804,0.7857,0.5714,nan,nan,nan,nan,0
none,cage,5,3,resnet,True,none,lr,0.0001,0.0001,32,12,0.0742,1.5648,1.4140,0.8333,0.6735,nan,nan,nan,nan,0
none,cage,5,3,resnet,True,none,lr,0.0001,0.0001,32,13,0.0829,1.7471,1.4288,0.8095,0.7265,3.1525,2.2571,0.7750,0.3835,1
none,cage,5,3,resnet,True,none,lr,0.0001,0.0001,32,14,0.0904,1.7740,1.3739,0.8333,0.7061,nan,nan,nan,nan,0
none,cage,5,3,resnet,True,none,lr,0.0001,0.0001,32,15,0.0574,2.0643,1.7876,0.8095,0.5184,nan,nan,nan,nan,0
none,cage,5,3,resnet,True,none,lr,0.0001,0.0001,32,16,0.0682,1.6716,1.5521,0.7857,0.5796,nan,nan,nan,nan,0
none,cage,5,3,resnet,True,none,lr,0.0001,0.0001,32,17,0.0262,2.3781,1.7670,0.8333,0.6408,nan,nan,nan,nan,0
none,cage,5,3,resnet,True,none,lr,0.0001,0.0001,32,18,0.0506,2.1061,1.6254,0.8095,0.6000,nan,nan,nan,nan,0
none,cage,5,4,resnet,True,none,lr,0.0001,0.0001,32,1,0.7318,0.7452,0.7172,0.5581,0.4071,nan,nan,nan,nan,0
none,cage,5,4,resnet,True,none,lr,0.0001,0.0001,32,2,0.6358,0.6613,0.7464,0.4884,0.5893,nan,nan,nan,nan,0
none,cage,5,4,resnet,True,none,lr,0.0001,0.0001,32,3,0.5427,0.6677,0.7563,0.6279,0.6429,nan,nan,nan,nan,0
none,cage,5,4,resnet,True,none,lr,0.0001,0.0001,32,4,0.4522,0.6407,0.7389,0.8372,0.7821,nan,nan,nan,nan,0
none,cage,5,4,resnet,True,none,lr,0.0001,0.0001,32,5,0.3586,1.0973,0.9508,0.8140,0.6393,nan,nan,nan,nan,1
none,cage,5,4,resnet,True,none,lr,0.0001,0.0001,32,6,0.2770,0.5673,0.9332,0.7442,0.8107,nan,nan,nan,nan,1
none,cage,5,4,resnet,True,none,lr,0.0001,0.0001,32,7,0.2209,1.1642,1.1616,0.8140,0.7357,1.9851,1.5170,0.7250,0.4588,1
none,cage,5,4,resnet,True,none,lr,0.0001,0.0001,32,8,0.1941,1.7644,1.4943,0.7674,0.5107,nan,nan,nan,nan,0
none,cage,5,4,resnet,True,none,lr,0.0001,0.0001,32,9,0.1420,1.0303,1.3301,0.7907,0.7036,nan,nan,nan,nan,0
none,cage,5,4,resnet,True,none,lr,0.0001,0.0001,32,10,0.1243,1.9887,1.6973,0.7907,0.6571,nan,nan,nan,nan,0
none,cage,5,4,resnet,True,none,lr,0.0001,0.0001,32,11,0.0977,1.8811,1.7851,0.7674,0.5714,nan,nan,nan,nan,0
none,cage,5,4,resnet,True,none,lr,0.0001,0.0001,32,12,0.0802,1.4794,1.5570,0.8372,0.7250,nan,nan,nan,nan,0
none,cage,5,4,resnet,True,none,lr,0.0001,0.0001,32,13,0.0840,2.2075,1.8986,0.8372,0.5393,nan,nan,nan,nan,0
none,cage,5,4,resnet,True,none,lr,0.0001,0.0001,32,14,0.0713,2.4989,2.1284,0.8140,0.6357,nan,nan,nan,nan,0
none,cage,5,4,resnet,True,none,lr,0.0001,0.0001,32,15,0.0660,2.7167,2.1621,0.8140,0.5679,nan,nan,nan,nan,0
none,cage,5,4,resnet,True,none,lr,0.0001,0.0001,32,16,0.0417,2.7259,2.1788,0.8140,0.6107,nan,nan,nan,nan,0
none,cage,5,6,resnet,True,none,lr,0.0001,0.0001,32,1,0.7308,0.6980,0.7358,0.3659,0.5619,nan,nan,nan,nan,0
none,cage,5,6,resnet,True,none,lr,0.0001,0.0001,32,2,0.6400,0.7620,0.7062,0.8049,0.3762,nan,nan,nan,nan,0
none,cage,5,6,resnet,True,none,lr,0.0001,0.0001,32,3,0.5481,0.7583,0.8152,0.7073,0.5381,nan,nan,nan,nan,0
none,cage,5,6,resnet,True,none,lr,0.0001,0.0001,32,4,0.4392,0.8210,0.8680,0.8293,0.5810,nan,nan,nan,nan,0
none,cage,5,6,resnet,True,none,lr,0.0001,0.0001,32,5,0.3535,0.8357,0.9181,0.8293,0.5762,1.1255,1.0645,0.6250,0.4409,1
none,cage,5,6,resnet,True,none,lr,0.0001,0.0001,32,6,0.2825,1.3814,1.2156,0.8293,0.4524,nan,nan,nan,nan,0
none,cage,5,6,resnet,True,none,lr,0.0001,0.0001,32,7,0.2235,1.7278,1.4323,0.8537,0.3857,nan,nan,nan,nan,0
none,cage,5,6,resnet,True,none,lr,0.0001,0.0001,32,8,0.1927,1.6057,1.3868,0.8537,0.4714,nan,nan,nan,nan,0
none,cage,5,6,resnet,True,none,lr,0.0001,0.0001,32,9,0.1514,1.8689,1.5842,0.8293,0.4952,nan,nan,nan,nan,0
none,cage,5,6,resnet,True,none,lr,0.0001,0.0001,32,10,0.1363,1.9249,1.6244,0.8537,0.4476,nan,nan,nan,nan,0
none,cage,5,6,resnet,True,none,lr,0.0001,0.0001,32,11,0.1017,2.4725,1.9898,0.8537,0.4333,nan,nan,nan,nan,0
none,cage,5,6,resnet,True,none,lr,0.0001,0.0001,32,12,0.1118,3.2933,2.3789,0.8537,0.3429,nan,nan,nan,nan,0
none,cage,5,6,resnet,True,none,lr,0.0001,0.0001,32,13,0.1105,1.7962,1.6467,0.8293,0.5476,nan,nan,nan,nan,0
none,cage,5,6,resnet,True,none,lr,0.0001,0.0001,32,14,0.0731,3.1176,2.2617,0.8537,0.4667,nan,nan,nan,nan,0
none,cage,5,6,resnet,True,none,lr,0.0001,0.0001,32,15,0.0592,2.6237,1.9033,0.8537,0.5524,nan,nan,nan,nan,0
none,cage,5,6,resnet,True,none,lr,0.0001,0.0001,32,16,0.0744,2.4712,1.9600,0.8537,0.4714,nan,nan,nan,nan,0
none,cage,5,7,resnet,True,none,lr,0.0001,0.0001,32,1,0.7299,0.7030,0.6722,0.7273,0.4688,nan,nan,nan,nan,0
none,cage,5,7,resnet,True,none,lr,0.0001,0.0001,32,2,0.6454,0.6818,0.6557,0.7500,0.6597,nan,nan,nan,nan,0
none,cage,5,7,resnet,True,none,lr,0.0001,0.0001,32,3,0.5639,0.7564,0.8656,0.6136,0.4931,nan,nan,nan,nan,0
none,cage,5,7,resnet,True,none,lr,0.0001,0.0001,32,4,0.4723,0.8260,0.7621,0.7727,0.6285,nan,nan,nan,nan,0
none,cage,5,7,resnet,True,none,lr,0.0001,0.0001,32,5,0.3579,0.6977,0.8900,0.7045,0.6979,nan,nan,nan,nan,1
none,cage,5,7,resnet,True,none,lr,0.0001,0.0001,32,6,0.2821,1.0422,0.8524,0.8182,0.7396,nan,nan,nan,nan,1
none,cage,5,7,resnet,True,none,lr,0.0001,0.0001,32,7,0.2034,0.7622,1.1328,0.7727,0.7222,nan,nan,nan,nan,1
none,cage,5,7,resnet,True,none,lr,0.0001,0.0001,32,8,0.1668,1.0300,0.9366,0.8182,0.7951,nan,nan,nan,nan,1
none,cage,5,7,resnet,True,none,lr,0.0001,0.0001,32,9,0.1451,1.6507,1.1100,0.8182,0.8229,nan,nan,nan,nan,1
none,cage,5,7,resnet,True,none,lr,0.0001,0.0001,32,10,0.1224,1.3559,1.1399,0.8182,0.8194,nan,nan,nan,nan,1
none,cage,5,7,resnet,True,none,lr,0.0001,0.0001,32,11,0.1329,0.8679,1.1625,0.7727,0.8056,nan,nan,nan,nan,1
none,cage,5,7,resnet,True,none,lr,0.0001,0.0001,32,12,0.0804,2.0574,1.3712,0.7955,0.7500,nan,nan,nan,nan,1
none,cage,5,7,resnet,True,none,lr,0.0001,0.0001,32,13,0.0756,1.0781,1.0572,0.8182,0.8299,2.5957,1.8995,0.7250,0.3799,1
none,cage,5,7,resnet,True,none,lr,0.0001,0.0001,32,14,0.0485,1.5000,1.2647,0.7955,0.8194,nan,nan,nan,nan,0
none,cage,5,7,resnet,True,none,lr,0.0001,0.0001,32,15,0.0458,1.2856,1.6579,0.7500,0.6944,nan,nan,nan,nan,0
none,cage,5,7,resnet,True,none,lr,0.0001,0.0001,32,16,0.0724,2.2998,1.7361,0.8182,0.6389,nan,nan,nan,nan,0
none,cage,5,7,resnet,True,none,lr,0.0001,0.0001,32,17,0.0598,2.4685,1.6840,0.8182,0.6944,nan,nan,nan,nan,0
none,cage,5,7,resnet,True,none,lr,0.0001,0.0001,32,18,0.0618,1.4462,1.4330,0.7955,0.7049,nan,nan,nan,nan,0
none,cage,5,8,resnet,True,none,lr,0.0001,0.0001,32,1,0.7284,0.7284,0.7682,0.4255,0.4840,nan,nan,nan,nan,0
none,cage,5,8,resnet,True,none,lr,0.0001,0.0001,32,2,0.6389,0.7832,0.6697,0.7872,0.5256,nan,nan,nan,nan,0
none,cage,5,8,resnet,True,none,lr,0.0001,0.0001,32,3,0.5490,0.7150,0.6876,0.8298,0.6410,nan,nan,nan,nan,0
none,cage,5,8,resnet,True,none,lr,0.0001,0.0001,32,4,0.4208,0.8741,0.8503,0.6383,0.5160,nan,nan,nan,nan,0
none,cage,5,8,resnet,True,none,lr,0.0001,0.0001,32,5,0.3380,1.3204,1.0017,0.7872,0.5064,nan,nan,nan,nan,1
none,cage,5,8,resnet,True,none,lr,0.0001,0.0001,32,6,0.2737,1.2492,1.0099,0.8085,0.5256,1.6581,1.2773,0.6500,0.4158,1
none,cage,5,8,resnet,True,none,lr,0.0001,0.0001,32,7,0.2184,1.4637,1.1863,0.7447,0.4808,nan,nan,nan,nan,0
none,cage,5,8,resnet,True,none,lr,0.0001,0.0001,32,8,0.1605,1.6146,1.4497,0.6596,0.5160,nan,nan,nan,nan,0
none,cage,5,8,resnet,True,none,lr,0.0001,0.0001,32,9,0.1404,2.0874,1.4426,0.7872,0.5641,nan,nan,nan,nan,0
none,cage,5,8,resnet,True,none,lr,0.0001,0.0001,32,10,0.1276,1.4749,1.3583,0.7447,0.5513,nan,nan,nan,nan,0
none,cage,5,8,resnet,True,none,lr,0.0001,0.0001,32,11,0.0991,2.0718,1.6118,0.7660,0.4808,nan,nan,nan,nan,0
none,cage,5,8,resnet,True,none,lr,0.0001,0.0001,32,12,0.1175,2.3869,1.5890,0.8085,0.5064,nan,nan,nan,nan,0
none,cage,5,8,resnet,True,none,lr,0.0001,0.0001,32,13,0.0851,2.2975,1.5223,0.8298,0.5224,nan,nan,nan,nan,0
none,cage,5,8,resnet,True,none,lr,0.0001,0.0001,32,14,0.0733,2.6346,1.8357,0.7872,0.5705,nan,nan,nan,nan,0
none,cage,5,8,resnet,True,none,lr,0.0001,0.0001,32,15,0.0566,2.1784,1.6523,0.7872,0.5481,nan,nan,nan,nan,0
none,cage,5,8,resnet,True,none,lr,0.0001,0.0001,32,16,0.0307,2.4593,1.6890,0.7660,0.4968,nan,nan,nan,nan,0
none,cage,5,9,resnet,True,none,lr,0.0001,0.0001,32,1,0.7303,0.7070,0.7386,0.5238,0.4882,nan,nan,nan,nan,0
none,cage,5,9,resnet,True,none,lr,0.0001,0.0001,32,2,0.6243,0.7218,0.8400,0.5952,0.5455,nan,nan,nan,nan,0
none,cage,5,9,resnet,True,none,lr,0.0001,0.0001,32,3,0.5464,0.8273,0.8426,0.5952,0.4646,nan,nan,nan,nan,0
none,cage,5,9,resnet,True,none,lr,0.0001,0.0001,32,4,0.4390,1.0598,1.0516,0.6905,0.4747,nan,nan,nan,nan,0
none,cage,5,9,resnet,True,none,lr,0.0001,0.0001,32,5,0.3515,1.2187,1.1087,0.6667,0.5219,nan,nan,nan,nan,1
none,cage,5,9,resnet,True,none,lr,0.0001,0.0001,32,6,0.2648,1.2136,1.0958,0.6667,0.5623,nan,nan,nan,nan,1
none,cage,5,9,resnet,True,none,lr,0.0001,0.0001,32,7,0.2133,1.6663,1.3771,0.6667,0.5320,nan,nan,nan,nan,0
none,cage,5,9,resnet,True,none,lr,0.0001,0.0001,32,8,0.1777,2.0895,1.4932,0.7143,0.4815,nan,nan,nan,nan,0
none,cage,5,9,resnet,True,none,lr,0.0001,0.0001,32,9,0.1423,1.7857,1.5468,0.6667,0.4747,nan,nan,nan,nan,0
none,cage,5,9,resnet,True,none,lr,0.0001,0.0001,32,10,0.1012,2.2298,1.8078,0.6905,0.4815,nan,nan,nan,nan,0
none,cage,5,9,resnet,True,none,lr,0.0001,0.0001,32,11,0.0965,2.3655,1.6161,0.7143,0.5859,nan,nan,nan,nan,0
none,cage,5,9,resnet,True,none,lr,0.0001,0.0001,32,12,0.1057,2.1945,1.5629,0.7381,0.4949,nan,nan,nan,nan,0
none,cage,5,9,resnet,True,none,lr,0.0001,0.0001,32,13,0.0773,2.3502,1.7499,0.6905,0.5488,nan,nan,nan,nan,0
none,cage,5,9,resnet,True,none,lr,0.0001,0.0001,32,14,0.0494,3.0470,1.9369,0.7381,0.4949,nan,nan,nan,nan,1
none,cage,5,9,resnet,True,none,lr,0.0001,0.0001,32,15,0.0576,2.8950,2.1121,0.7619,0.5253,nan,nan,nan,nan,1
none,cage,5,9,resnet,True,none,lr,0.0001,0.0001,32,16,0.0715,2.6277,2.0227,0.7381,0.5354,nan,nan,nan,nan,0
none,cage,5,9,resnet,True,none,lr,0.0001,0.0001,32,17,0.0514,3.2911,2.0358,0.7619,0.5455,nan,nan,nan,nan,0
none,cage,5,9,resnet,True,none,lr,0.0001,0.0001,32,18,0.0382,2.5578,2.3393,0.6667,0.5522,nan,nan,nan,nan,0
none,cage,5,9,resnet,True,none,lr,0.0001,0.0001,32,19,0.0532,3.1804,2.1427,0.7857,0.5455,4.0612,2.7498,0.7750,0.3763,1
none,cage,5,9,resnet,True,none,lr,0.0001,0.0001,32,20,0.0662,2.6236,2.1175,0.6905,0.4916,nan,nan,nan,nan,0
none,cage,5,9,resnet,True,none,lr,0.0001,0.0001,32,21,0.0519,2.9663,2.1638,0.7381,0.5253,nan,nan,nan,nan,0
none,cage,5,9,resnet,True,none,lr,0.0001,0.0001,32,22,0.0386,3.3092,2.2471,0.7857,0.4377,nan,nan,nan,nan,0
none,cage,5,9,resnet,True,none,lr,0.0001,0.0001,32,23,0.0274,3.5302,2.5256,0.7143,0.5084,nan,nan,nan,nan,0
none,cage,5,9,resnet,True,none,lr,0.0001,0.0001,32,24,0.0595,3.8849,2.6265,0.7381,0.4478,nan,nan,nan,nan,0
none,cage,6,0,resnet,True,none,lr,0.0001,0.0001,32,1,0.7489,0.7048,0.6711,0.7907,0.5079,nan,nan,nan,nan,0
none,cage,6,0,resnet,True,none,lr,0.0001,0.0001,32,2,0.6677,0.6577,0.7736,0.3256,0.7817,nan,nan,nan,nan,0
none,cage,6,0,resnet,True,none,lr,0.0001,0.0001,32,3,0.5867,0.6365,0.7031,0.6977,0.6944,nan,nan,nan,nan,0
none,cage,6,0,resnet,True,none,lr,0.0001,0.0001,32,4,0.4929,0.7112,0.7392,0.8372,0.6706,nan,nan,nan,nan,0
none,cage,6,0,resnet,True,none,lr,0.0001,0.0001,32,5,0.3842,0.6006,0.9897,0.7674,0.7460,nan,nan,nan,nan,1
none,cage,6,0,resnet,True,none,lr,0.0001,0.0001,32,6,0.3275,0.9250,0.9365,0.8372,0.6627,nan,nan,nan,nan,1
none,cage,6,0,resnet,True,none,lr,0.0001,0.0001,32,7,0.2661,0.6145,0.8918,0.8372,0.7698,nan,nan,nan,nan,0
none,cage,6,0,resnet,True,none,lr,0.0001,0.0001,32,8,0.2155,1.4136,1.1603,0.8372,0.8373,nan,nan,nan,nan,1
none,cage,6,0,resnet,True,none,lr,0.0001,0.0001,32,9,0.1697,0.6989,1.0814,0.8372,0.6905,nan,nan,nan,nan,0
none,cage,6,0,resnet,True,none,lr,0.0001,0.0001,32,10,0.1370,1.5284,1.3120,0.8140,0.6825,nan,nan,nan,nan,0
none,cage,6,0,resnet,True,none,lr,0.0001,0.0001,32,11,0.1165,1.2639,1.2436,0.7907,0.7619,1.8337,1.4250,0.8537,0.5381,1
none,cage,6,0,resnet,True,none,lr,0.0001,0.0001,32,12,0.1110,1.4167,1.4220,0.8140,0.6667,nan,nan,nan,nan,0
none,cage,6,0,resnet,True,none,lr,0.0001,0.0001,32,13,0.1089,1.0039,1.2737,0.7674,0.7341,nan,nan,nan,nan,0
none,cage,6,0,resnet,True,none,lr,0.0001,0.0001,32,14,0.0812,1.3468,1.3254,0.8140,0.8175,nan,nan,nan,nan,0
none,cage,6,0,resnet,True,none,lr,0.0001,0.0001,32,15,0.0554,2.2455,1.7997,0.8372,0.7540,nan,nan,nan,nan,0
none,cage,6,0,resnet,True,none,lr,0.0001,0.0001,32,16,0.0707,2.0006,1.5815,0.8372,0.7579,nan,nan,nan,nan,0
none,cage,6,1,resnet,True,none,lr,0.0001,0.0001,32,1,0.7250,0.6973,0.6595,0.7674,0.5595,nan,nan,nan,nan,0
none,cage,6,1,resnet,True,none,lr,0.0001,0.0001,32,2,0.6502,0.7569,0.6388,0.8372,0.5357,nan,nan,nan,nan,0
none,cage,6,1,resnet,True,none,lr,0.0001,0.0001,32,3,0.5712,0.7228,0.7315,0.6047,0.5635,nan,nan,nan,nan,0
none,cage,6,1,resnet,True,none,lr,0.0001,0.0001,32,4,0.4626,0.8520,0.7857,0.7907,0.5317,nan,nan,nan,nan,0
none,cage,6,1,resnet,True,none,lr,0.0001,0.0001,32,5,0.3683,0.7372,0.9098,0.6279,0.6230,0.8002,0.9999,0.5854,0.4429,1
none,cage,6,1,resnet,True,none,lr,0.0001,0.0001,32,6,0.3041,1.1276,1.0478,0.8140,0.4365,nan,nan,nan,nan,0
none,cage,6,1,resnet,True,none,lr,0.0001,0.0001,32,7,0.2487,1.4662,1.1773,0.7907,0.5000,nan,nan,nan,nan,0
none,cage,6,1,resnet,True,none,lr,0.0001,0.0001,32,8,0.1893,1.4480,1.1744,0.8372,0.4524,nan,nan,nan,nan,0
none,cage,6,1,resnet,True,none,lr,0.0001,0.0001,32,9,0.1825,0.9649,1.0769,0.8140,0.6548,nan,nan,nan,nan,0
none,cage,6,1,resnet,True,none,lr,0.0001,0.0001,32,10,0.1427,1.8427,1.6128,0.7674,0.4802,nan,nan,nan,nan,0
none,cage,6,1,resnet,True,none,lr,0.0001,0.0001,32,11,0.1196,1.6527,1.3648,0.8372,0.5198,nan,nan,nan,nan,0
none,cage,6,1,resnet,True,none,lr,0.0001,0.0001,32,12,0.0776,1.7900,1.4834,0.8372,0.4683,nan,nan,nan,nan,0
none,cage,6,1,resnet,True,none,lr,0.0001,0.0001,32,13,0.0860,1.8431,1.3706,0.8372,0.5754,nan,nan,nan,nan,0
none,cage,6,1,resnet,True,none,lr,0.0001,0.0001,32,14,0.0829,2.1505,1.4547,0.8372,0.5437,nan,nan,nan,nan,0
none,cage,6,1,resnet,True,none,lr,0.0001,0.0001,32,15,0.0483,2.2483,1.7481,0.8140,0.5238,nan,nan,nan,nan,0
none,cage,6,1,resnet,True,none,lr,0.0001,0.0001,32,16,0.0739,2.1953,1.5287,0.8372,0.5913,nan,nan,nan,nan,0
none,cage,6,2,resnet,True,none,lr,0.0001,0.0001,32,1,0.7337,0.7633,0.7364,0.7381,0.3493,nan,nan,nan,nan,0
none,cage,6,2,resnet,True,none,lr,0.0001,0.0001,32,2,0.6318,0.7260,0.7245,0.6905,0.5735,nan,nan,nan,nan,0
none,cage,6,2,resnet,True,none,lr,0.0001,0.0001,32,3,0.5576,0.7059,0.7424,0.6905,0.6140,nan,nan,nan,nan,0
none,cage,6,2,resnet,True,none,lr,0.0001,0.0001,32,4,0.4539,0.7028,0.8813,0.6429,0.6507,nan,nan,nan,nan,0
none,cage,6,2,resnet,True,none,lr,0.0001,0.0001,32,5,0.3786,0.7228,0.8919,0.7143,0.6287,nan,nan,nan,nan,1
none,cage,6,2,resnet,True,none,lr,0.0001,0.0001,32,6,0.3051,1.1576,1.0267,0.7619,0.6360,nan,nan,nan,nan,1
none,cage,6,2,resnet,True,none,lr,0.0001,0.0001,32,7,0.2227,1.3695,1.0629,0.7857,0.6728,nan,nan,nan,nan,1
none,cage,6,2,resnet,True,none,lr,0.0001,0.0001,32,8,0.2053,0.9999,1.1386,0.7619,0.6985,0.9481,1.0089,0.7805,0.6000,1
none,cage,6,2,resnet,True,none,lr,0.0001,0.0001,32,9,0.1432,1.5683,1.3659,0.7857,0.6507,nan,nan,nan,nan,0
none,cage,6,2,resnet,True,none,lr,0.0001,0.0001,32,10,0.1101,2.1659,1.5346,0.7857,0.6250,nan,nan,nan,nan,0
none,cage,6,2,resnet,True,none,lr,0.0001,0.0001,32,11,0.1032,1.6596,1.5271,0.7857,0.5699,nan,nan,nan,nan,0
none,cage,6,2,resnet,True,none,lr,0.0001,0.0001,32,12,0.1053,1.5218,1.4900,0.7143,0.6029,nan,nan,nan,nan,0
none,cage,6,2,resnet,True,none,lr,0.0001,0.0001,32,13,0.0586,2.2900,1.6623,0.7857,0.5441,nan,nan,nan,nan,0
none,cage,6,2,resnet,True,none,lr,0.0001,0.0001,32,14,0.0647,2.7529,1.8404,0.7857,0.5294,nan,nan,nan,nan,0
none,cage,6,2,resnet,True,none,lr,0.0001,0.0001,32,15,0.0766,2.7060,2.1378,0.7381,0.4926,nan,nan,nan,nan,0
none,cage,6,2,resnet,True,none,lr,0.0001,0.0001,32,16,0.0824,2.4722,1.8794,0.7619,0.5257,nan,nan,nan,nan,0
none,cage,6,3,resnet,True,none,lr,0.0001,0.0001,32,1,0.7268,0.6917,0.7379,0.4286,0.5592,nan,nan,nan,nan,0
none,cage,6,3,resnet,True,none,lr,0.0001,0.0001,32,2,0.6605,0.6950,0.6847,0.6905,0.5918,nan,nan,nan,nan,0
none,cage,6,3,resnet,True,none,lr,0.0001,0.0001,32,3,0.5881,0.6591,0.7097,0.7381,0.6612,nan,nan,nan,nan,0
none,cage,6,3,resnet,True,none,lr,0.0001,0.0001,32,4,0.4828,0.9326,0.8681,0.7381,0.5306,nan,nan,nan,nan,0
none,cage,6,3,resnet,True,none,lr,0.0001,0.0001,32,5,0.3775,0.9667,1.0021,0.8095,0.4449,nan,nan,nan,nan,1
none,cage,6,3,resnet,True,none,lr,0.0001,0.0001,32,6,0.2981,0.7541,1.0349,0.7381,0.6204,0.8652,1.0113,0.7073,0.5619,1
none,cage,6,3,resnet,True,none,lr,0.0001,0.0001,32,7,0.2482,1.2425,1.1350,0.8095,0.5469,nan,nan,nan,nan,0
none,cage,6,3,resnet,True,none,lr,0.0001,0.0001,32,8,0.1880,1.4804,1.1995,0.8333,0.5429,nan,nan,nan,nan,0
none,cage,6,3,resnet,True,none,lr,0.0001,0.0001,32,9,0.1354,1.4772,1.2955,0.8095,0.5306,nan,nan,nan,nan,0
none,cage,6,3,resnet,True,none,lr,0.0001,0.0001,32,10,0.1397,1.7898,1.5098,0.8333,0.5224,nan,nan,nan,nan,0
none,cage,6,3,resnet,True,none,lr,0.0001,0.0001,32,11,0.1254,1.6755,1.5013,0.7857,0.4980,nan,nan,nan,nan,0
none,cage,6,3,resnet,True,none,lr,0.0001,0.0001,32,12,0.0871,1.6416,1.4685,0.7619,0.5714,nan,nan,nan,nan,0
none,cage,6,3,resnet,True,none,lr,0.0001,0.0001,32,13,0.0743,1.6195,1.5809,0.7857,0.5551,nan,nan,nan,nan,0
none,cage,6,3,resnet,True,none,lr,0.0001,0.0001,32,14,0.0717,2.4055,1.7521,0.8095,0.5592,nan,nan,nan,nan,0
none,cage,6,3,resnet,True,none,lr,0.0001,0.0001,32,15,0.0740,2.4481,1.9526,0.8095,0.4898,nan,nan,nan,nan,0
none,cage,6,3,resnet,True,none,lr,0.0001,0.0001,32,16,0.0763,2.3067,1.7417,0.8333,0.6163,nan,nan,nan,nan,0
none,cage,6,4,resnet,True,none,lr,0.0001,0.0001,32,1,0.7356,0.6731,0.6567,0.7907,0.7429,nan,nan,nan,nan,0
none,cage,6,4,resnet,True,none,lr,0.0001,0.0001,32,2,0.6558,0.6652,0.7254,0.4651,0.6143,nan,nan,nan,nan,0
none,cage,6,4,resnet,True,none,lr,0.0001,0.0001,32,3,0.5958,0.6234,0.7093,0.6512,0.6964,nan,nan,nan,nan,0
none,cage,6,4,resnet,True,none,lr,0.0001,0.0001,32,4,0.4834,0.6998,0.7140,0.7442,0.6964,nan,nan,nan,nan,0
none,cage,6,4,resnet,True,none,lr,0.0001,0.0001,32,5,0.3926,0.7178,0.8045,0.7674,0.7143,nan,nan,nan,nan,1
none,cage,6,4,resnet,True,none,lr,0.0001,0.0001,32,6,0.3147,0.6925,1.0911,0.6279,0.6571,nan,nan,nan,nan,0
none,cage,6,4,resnet,True,none,lr,0.0001,0.0001,32,7,0.2270,0.6796,1.0354,0.8372,0.8000,nan,nan,nan,nan,1
none,cage,6,4,resnet,True,none,lr,0.0001,0.0001,32,8,0.2052,1.4143,1.4501,0.7907,0.5286,nan,nan,nan,nan,0
none,cage,6,4,resnet,True,none,lr,0.0001,0.0001,32,9,0.1571,0.9916,1.2286,0.8140,0.8321,nan,nan,nan,nan,0
none,cage,6,4,resnet,True,none,lr,0.0001,0.0001,32,10,0.1259,1.1457,1.5635,0.7442,0.6214,nan,nan,nan,nan,0
none,cage,6,4,resnet,True,none,lr,0.0001,0.0001,32,11,0.1305,1.4726,1.5159,0.8140,0.8107,nan,nan,nan,nan,1
none,cage,6,4,resnet,True,none,lr,0.0001,0.0001,32,12,0.1025,1.8987,1.7572,0.8140,0.7464,nan,nan,nan,nan,0
none,cage,6,4,resnet,True,none,lr,0.0001,0.0001,32,13,0.1038,1.3979,1.5611,0.7907,0.7214,1.5719,1.5271,0.8537,0.5476,1
none,cage,6,4,resnet,True,none,lr,0.0001,0.0001,32,14,0.0963,1.4259,1.6357,0.7907,0.6893,nan,nan,nan,nan,0
none,cage,6,4,resnet,True,none,lr,0.0001,0.0001,32,15,0.0839,1.5938,1.6858,0.8140,0.7857,nan,nan,nan,nan,0
none,cage,6,4,resnet,True,none,lr,0.0001,0.0001,32,16,0.0462,2.2299,1.9857,0.8140,0.6536,nan,nan,nan,nan,0
none,cage,6,4,resnet,True,none,lr,0.0001,0.0001,32,17,0.0410,1.6730,1.6897,0.8140,0.8536,nan,nan,nan,nan,0
none,cage,6,4,resnet,True,none,lr,0.0001,0.0001,32,18,0.0324,2.2184,2.0548,0.8140,0.7536,nan,nan,nan,nan,0
none,cage,6,5,resnet,True,none,lr,0.0001,0.0001,32,1,0.7365,0.7809,0.7089,0.7500,0.3871,nan,nan,nan,nan,0
none,cage,6,5,resnet,True,none,lr,0.0001,0.0001,32,2,0.6520,0.7998,0.7614,0.6250,0.4695,nan,nan,nan,nan,0
none,cage,6,5,resnet,True,none,lr,0.0001,0.0001,32,3,0.5638,0.8260,0.7611,0.6750,0.4946,nan,nan,nan,nan,0
none,cage,6,5,resnet,True,none,lr,0.0001,0.0001,32,4,0.4586,1.3509,1.0961,0.7250,0.3297,nan,nan,nan,nan,0
none,cage,6,5,resnet,True,none,lr,0.0001,0.0001,32,5,0.3600,1.3558,1.0931,0.7000,0.3262,nan,nan,nan,nan,1
none,cage,6,5,resnet,True,none,lr,0.0001,0.0001,32,6,0.2978,1.1772,1.0822,0.6750,0.5054,nan,nan,nan,nan,1
none,cage,6,5,resnet,True,none,lr,0.0001,0.0001,32,7,0.2186,1.4347,1.4191,0.6250,0.4265,nan,nan,nan,nan,0
none,cage,6,5,resnet,True,none,lr,0.0001,0.0001,32,8,0.1967,1.3727,1.3372,0.6750,0.5125,nan,nan,nan,nan,0
none,cage,6,5,resnet,True,none,lr,0.0001,0.0001,32,9,0.1556,2.8897,2.0013,0.7750,0.3656,nan,nan,nan,nan,0
none,cage,6,5,resnet,True,none,lr,0.0001,0.0001,32,10,0.1186,2.6699,1.9319,0.7750,0.3405,1.8674,1.4732,0.8537,0.4810,1
none,cage,6,5,resnet,True,none,lr,0.0001,0.0001,32,11,0.0980,3.3985,2.3960,0.7750,0.3620,nan,nan,nan,nan,0
none,cage,6,5,resnet,True,none,lr,0.0001,0.0001,32,12,0.0859,3.7182,2.4894,0.7750,0.3584,nan,nan,nan,nan,0
none,cage,6,5,resnet,True,none,lr,0.0001,0.0001,32,13,0.0806,3.3063,2.3150,0.7750,0.3154,nan,nan,nan,nan,0
none,cage,6,5,resnet,True,none,lr,0.0001,0.0001,32,14,0.0556,3.3992,2.3615,0.7750,0.3405,nan,nan,nan,nan,0
none,cage,6,5,resnet,True,none,lr,0.0001,0.0001,32,15,0.0758,2.1604,1.8458,0.7500,0.5305,nan,nan,nan,nan,0
none,cage,6,5,resnet,True,none,lr,0.0001,0.0001,32,16,0.0805,3.1480,2.1578,0.7750,0.4624,nan,nan,nan,nan,0
none,cage,6,7,resnet,True,none,lr,0.0001,0.0001,32,1,0.7260,0.7025,0.8387,0.2500,0.6215,nan,nan,nan,nan,0
none,cage,6,7,resnet,True,none,lr,0.0001,0.0001,32,2,0.6507,0.6550,0.7211,0.5227,0.7014,nan,nan,nan,nan,0
none,cage,6,7,resnet,True,none,lr,0.0001,0.0001,32,3,0.5763,0.6665,0.6439,0.8182,0.7604,nan,nan,nan,nan,0
none,cage,6,7,resnet,True,none,lr,0.0001,0.0001,32,4,0.4831,0.6691,0.7732,0.7727,0.6944,nan,nan,nan,nan,0
none,cage,6,7,resnet,True,none,lr,0.0001,0.0001,32,5,0.3837,0.7000,0.7279,0.8182,0.7951,nan,nan,nan,nan,1
none,cage,6,7,resnet,True,none,lr,0.0001,0.0001,32,6,0.3054,0.7620,0.9356,0.7273,0.6736,0.9538,1.0936,0.7561,0.4524,1
none,cage,6,7,resnet,True,none,lr,0.0001,0.0001,32,7,0.2486,1.4693,1.0943,0.8182,0.6354,nan,nan,nan,nan,0
none,cage,6,7,resnet,True,none,lr,0.0001,0.0001,32,8,0.1874,1.1460,1.0408,0.7955,0.7257,nan,nan,nan,nan,0
none,cage,6,7,resnet,True,none,lr,0.0001,0.0001,32,9,0.1636,1.5068,1.1426,0.8182,0.6771,nan,nan,nan,nan,0
none,cage,6,7,resnet,True,none,lr,0.0001,0.0001,32,10,0.1367,0.9089,1.2644,0.7273,0.6354,nan,nan,nan,nan,0
none,cage,6,7,resnet,True,none,lr,0.0001,0.0001,32,11,0.1220,1.4919,1.2753,0.7955,0.6736,nan,nan,nan,nan,0
none,cage,6,7,resnet,True,none,lr,0.0001,0.0001,32,12,0.0796,2.1080,1.4531,0.8182,0.6528,nan,nan,nan,nan,0
none,cage,6,7,resnet,True,none,lr,0.0001,0.0001,32,13,0.0917,1.8212,1.4367,0.8182,0.5972,nan,nan,nan,nan,0
none,cage,6,7,resnet,True,none,lr,0.0001,0.0001,32,14,0.0583,1.8530,1.4241,0.7955,0.6458,nan,nan,nan,nan,0
none,cage,6,7,resnet,True,none,lr,0.0001,0.0001,32,15,0.0472,2.2595,1.6323,0.8182,0.7153,nan,nan,nan,nan,0
none,cage,6,7,resnet,True,none,lr,0.0001,0.0001,32,16,0.0654,1.8773,1.3904,0.8182,0.6979,nan,nan,nan,nan,0
