fusion,dataset,test_set,dev_set,arch,use_pretrained,augmentation,speech_encoder_arch,lr,wd,batch_size,epoch,train_loss,dev_loss_patient,dev_loss_cough,dev_acc,dev_auc,test_loss_patient,test_loss_cough,test_acc,test_auc,is_best
early,cage,0,1,resnet,False,none,lr,0.0001,0.0001,32,1,0.7187,0.6812,0.6577,0.7674,0.6508,nan,nan,nan,nan,0
early,cage,0,1,resnet,False,none,lr,0.0001,0.0001,32,2,0.6913,0.6634,0.7195,0.4419,0.7500,nan,nan,nan,nan,0
early,cage,0,1,resnet,False,none,lr,0.0001,0.0001,32,3,0.6541,0.6529,0.6360,0.7209,0.6984,nan,nan,nan,nan,0
early,cage,0,1,resnet,False,none,lr,0.0001,0.0001,32,4,0.6092,0.6527,0.8498,0.5116,0.7619,nan,nan,nan,nan,0
early,cage,0,1,resnet,False,none,lr,0.0001,0.0001,32,5,0.5572,0.7034,0.7115,0.5814,0.5714,0.6039,0.6454,0.7209,0.7976,1
early,cage,0,1,resnet,False,none,lr,0.0001,0.0001,32,6,0.4787,0.7609,0.9719,0.5116,0.5992,nan,nan,nan,nan,0
early,cage,0,1,resnet,False,none,lr,0.0001,0.0001,32,7,0.4116,0.8708,0.8634,0.6512,0.5278,nan,nan,nan,nan,0
early,cage,0,1,resnet,False,none,lr,0.0001,0.0001,32,8,0.3522,0.9089,0.8297,0.7442,0.6429,nan,nan,nan,nan,0
early,cage,0,1,resnet,False,none,lr,0.0001,0.0001,32,9,0.2997,0.9305,1.0576,0.7209,0.5556,nan,nan,nan,nan,0
early,cage,0,1,resnet,False,none,lr,0.0001,0.0001,32,10,0.2498,1.1788,0.9380,0.8140,0.6548,nan,nan,nan,nan,0
early,cage,0,1,resnet,False,none,lr,0.0001,0.0001,32,11,0.1979,1.1354,0.9788,0.8140,0.6071,nan,nan,nan,nan,0
early,cage,0,1,resnet,False,none,lr,0.0001,0.0001,32,12,0.1770,0.9550,1.2819,0.6279,0.6151,nan,nan,nan,nan,0
early,cage,0,1,resnet,False,none,lr,0.0001,0.0001,32,13,0.1476,1.4175,1.1699,0.7674,0.5675,nan,nan,nan,nan,0
early,cage,0,1,resnet,False,none,lr,0.0001,0.0001,32,14,0.1223,1.5359,1.4481,0.7442,0.5198,nan,nan,nan,nan,0
early,cage,0,1,resnet,False,none,lr,0.0001,0.0001,32,15,0.0981,1.6052,1.7390,0.6279,0.5198,nan,nan,nan,nan,0
early,cage,0,1,resnet,False,none,lr,0.0001,0.0001,32,16,0.1408,2.0330,1.3809,0.8140,0.5278,nan,nan,nan,nan,0
early,cage,0,2,resnet,False,none,lr,0.0001,0.0001,32,1,0.7276,0.6830,0.7612,0.1905,0.6360,nan,nan,nan,nan,0
early,cage,0,2,resnet,False,none,lr,0.0001,0.0001,32,2,0.6978,0.6710,0.7344,0.3095,0.6324,nan,nan,nan,nan,0
early,cage,0,2,resnet,False,none,lr,0.0001,0.0001,32,3,0.6792,0.6367,0.6510,0.6190,0.7316,nan,nan,nan,nan,0
early,cage,0,2,resnet,False,none,lr,0.0001,0.0001,32,4,0.6328,0.6120,0.6294,0.7381,0.8235,nan,nan,nan,nan,0
early,cage,0,2,resnet,False,none,lr,0.0001,0.0001,32,5,0.5747,0.6709,0.7297,0.7143,0.7574,nan,nan,nan,nan,1
early,cage,0,2,resnet,False,none,lr,0.0001,0.0001,32,6,0.5242,0.6667,0.6154,0.8571,0.7831,nan,nan,nan,nan,1
early,cage,0,2,resnet,False,none,lr,0.0001,0.0001,32,7,0.4401,0.6290,0.7830,0.8095,0.8529,nan,nan,nan,nan,1
early,cage,0,2,resnet,False,none,lr,0.0001,0.0001,32,8,0.3945,0.6282,0.7998,0.7857,0.7978,nan,nan,nan,nan,1
early,cage,0,2,resnet,False,none,lr,0.0001,0.0001,32,9,0.3296,0.5552,0.8363,0.7381,0.8125,nan,nan,nan,nan,0
early,cage,0,2,resnet,False,none,lr,0.0001,0.0001,32,10,0.2953,0.7663,0.7851,0.8571,0.7904,nan,nan,nan,nan,0
early,cage,0,2,resnet,False,none,lr,0.0001,0.0001,32,11,0.2562,0.9085,0.8691,0.8810,0.8162,nan,nan,nan,nan,1
early,cage,0,2,resnet,False,none,lr,0.0001,0.0001,32,12,0.1932,0.9118,0.8688,0.8571,0.8566,nan,nan,nan,nan,0
early,cage,0,2,resnet,False,none,lr,0.0001,0.0001,32,13,0.1815,0.9151,0.8902,0.8810,0.8015,nan,nan,nan,nan,0
early,cage,0,2,resnet,False,none,lr,0.0001,0.0001,32,14,0.1604,0.6498,0.9849,0.8810,0.8382,0.8410,1.1842,0.7442,0.7540,1
early,cage,0,2,resnet,False,none,lr,0.0001,0.0001,32,15,0.1373,0.9435,1.1158,0.8810,0.7978,nan,nan,nan,nan,0
early,cage,0,2,resnet,False,none,lr,0.0001,0.0001,32,16,0.1097,1.5091,1.2085,0.8095,0.8199,nan,nan,nan,nan,0
early,cage,0,2,resnet,False,none,lr,0.0001,0.0001,32,17,0.0806,1.1874,1.1513,0.8571,0.7978,nan,nan,nan,nan,0
early,cage,0,2,resnet,False,none,lr,0.0001,0.0001,32,18,0.1105,0.6935,1.4178,0.8333,0.7794,nan,nan,nan,nan,0
early,cage,0,2,resnet,False,none,lr,0.0001,0.0001,32,19,0.0859,1.0993,1.2201,0.8333,0.8309,nan,nan,nan,nan,0
early,cage,0,3,resnet,False,none,lr,0.0001,0.0001,32,1,0.7135,0.6868,0.6386,0.7619,0.6000,nan,nan,nan,nan,0
early,cage,0,3,resnet,False,none,lr,0.0001,0.0001,32,2,0.6858,0.7134,0.6507,0.7857,0.4857,nan,nan,nan,nan,0
early,cage,0,3,resnet,False,none,lr,0.0001,0.0001,32,3,0.6325,0.8160,0.6994,0.7619,0.4816,nan,nan,nan,nan,0
early,cage,0,3,resnet,False,none,lr,0.0001,0.0001,32,4,0.5786,0.7519,0.6716,0.7857,0.6245,nan,nan,nan,nan,0
early,cage,0,3,resnet,False,none,lr,0.0001,0.0001,32,5,0.4904,0.8882,0.9984,0.5714,0.5265,nan,nan,nan,nan,1
early,cage,0,3,resnet,False,none,lr,0.0001,0.0001,32,6,0.4520,0.9563,0.9228,0.7143,0.5265,nan,nan,nan,nan,0
early,cage,0,3,resnet,False,none,lr,0.0001,0.0001,32,7,0.3480,0.9634,1.0463,0.7381,0.5347,nan,nan,nan,nan,0
early,cage,0,3,resnet,False,none,lr,0.0001,0.0001,32,8,0.3165,1.2939,1.1327,0.8571,0.5837,0.9772,0.9072,0.7907,0.7262,1
early,cage,0,3,resnet,False,none,lr,0.0001,0.0001,32,9,0.2431,1.9279,1.3467,0.8095,0.4367,nan,nan,nan,nan,0
early,cage,0,3,resnet,False,none,lr,0.0001,0.0001,32,10,0.2273,1.6427,1.2800,0.8095,0.5306,nan,nan,nan,nan,0
early,cage,0,3,resnet,False,none,lr,0.0001,0.0001,32,11,0.1694,1.3394,1.3412,0.7857,0.5469,nan,nan,nan,nan,0
early,cage,0,3,resnet,False,none,lr,0.0001,0.0001,32,12,0.1590,1.3924,1.2797,0.7619,0.5224,nan,nan,nan,nan,0
early,cage,0,3,resnet,False,none,lr,0.0001,0.0001,32,13,0.1294,2.0210,1.4234,0.8333,0.5510,nan,nan,nan,nan,0
early,cage,0,3,resnet,False,none,lr,0.0001,0.0001,32,14,0.1270,1.5327,1.4781,0.7857,0.5184,nan,nan,nan,nan,0
early,cage,0,3,resnet,False,none,lr,0.0001,0.0001,32,15,0.1320,2.2243,1.5240,0.8333,0.5306,nan,nan,nan,nan,0
early,cage,0,3,resnet,False,none,lr,0.0001,0.0001,32,16,0.0930,1.3636,1.6258,0.6667,0.5469,nan,nan,nan,nan,0
early,cage,0,4,resnet,False,none,lr,0.0001,0.0001,32,1,0.7271,0.6786,0.7123,0.2093,0.7500,nan,nan,nan,nan,0
early,cage,0,4,resnet,False,none,lr,0.0001,0.0001,32,2,0.7021,0.6987,0.6613,0.7907,0.6500,nan,nan,nan,nan,0
early,cage,0,4,resnet,False,none,lr,0.0001,0.0001,32,3,0.6779,0.7296,0.8419,0.3023,0.6036,nan,nan,nan,nan,0
early,cage,0,4,resnet,False,none,lr,0.0001,0.0001,32,4,0.6414,0.6408,0.6852,0.6047,0.7179,nan,nan,nan,nan,0
early,cage,0,4,resnet,False,none,lr,0.0001,0.0001,32,5,0.5780,0.6062,0.6254,0.6977,0.7607,nan,nan,nan,nan,1
early,cage,0,4,resnet,False,none,lr,0.0001,0.0001,32,6,0.5175,0.7721,0.7781,0.7209,0.5286,nan,nan,nan,nan,0
early,cage,0,4,resnet,False,none,lr,0.0001,0.0001,32,7,0.4355,1.1223,0.9261,0.8140,0.6714,nan,nan,nan,nan,0
early,cage,0,4,resnet,False,none,lr,0.0001,0.0001,32,8,0.3799,1.0518,0.9533,0.7907,0.6893,nan,nan,nan,nan,0
early,cage,0,4,resnet,False,none,lr,0.0001,0.0001,32,9,0.3121,0.6317,0.9009,0.7907,0.8071,nan,nan,nan,nan,0
early,cage,0,4,resnet,False,none,lr,0.0001,0.0001,32,10,0.2627,0.8813,0.9430,0.7674,0.6214,nan,nan,nan,nan,0
early,cage,0,4,resnet,False,none,lr,0.0001,0.0001,32,11,0.2387,0.9527,1.0584,0.8140,0.7250,1.1184,1.1076,0.7674,0.6825,1
early,cage,0,4,resnet,False,none,lr,0.0001,0.0001,32,12,0.1684,2.0547,1.6615,0.8140,0.6750,nan,nan,nan,nan,0
early,cage,0,4,resnet,False,none,lr,0.0001,0.0001,32,13,0.1534,1.7122,1.5822,0.7907,0.6786,nan,nan,nan,nan,0
early,cage,0,4,resnet,False,none,lr,0.0001,0.0001,32,14,0.1217,1.8616,1.6174,0.8140,0.5429,nan,nan,nan,nan,0
early,cage,0,4,resnet,False,none,lr,0.0001,0.0001,32,15,0.1152,1.1670,1.4452,0.7907,0.6214,nan,nan,nan,nan,0
early,cage,0,4,resnet,False,none,lr,0.0001,0.0001,32,16,0.0846,2.8620,2.2000,0.8140,0.6286,nan,nan,nan,nan,0
early,cage,0,5,resnet,False,none,lr,0.0001,0.0001,32,1,0.7167,0.7055,0.6801,0.6250,0.4516,nan,nan,nan,nan,0
early,cage,0,5,resnet,False,none,lr,0.0001,0.0001,32,2,0.6829,0.8285,0.6824,0.7000,0.4050,nan,nan,nan,nan,0
early,cage,0,5,resnet,False,none,lr,0.0001,0.0001,32,3,0.6212,0.8270,0.7310,0.5500,0.4659,nan,nan,nan,nan,0
early,cage,0,5,resnet,False,none,lr,0.0001,0.0001,32,4,0.5444,1.1989,1.0498,0.4500,0.3477,nan,nan,nan,nan,0
early,cage,0,5,resnet,False,none,lr,0.0001,0.0001,32,5,0.4727,1.1470,0.9557,0.6250,0.4409,nan,nan,nan,nan,1
early,cage,0,5,resnet,False,none,lr,0.0001,0.0001,32,6,0.3845,1.3099,1.2017,0.5000,0.4122,nan,nan,nan,nan,0
early,cage,0,5,resnet,False,none,lr,0.0001,0.0001,32,7,0.3333,1.8137,1.2283,0.7000,0.4050,nan,nan,nan,nan,0
early,cage,0,5,resnet,False,none,lr,0.0001,0.0001,32,8,0.2642,1.9648,1.3691,0.7250,0.4050,nan,nan,nan,nan,0
early,cage,0,5,resnet,False,none,lr,0.0001,0.0001,32,9,0.2228,1.8914,1.6761,0.5250,0.3763,nan,nan,nan,nan,0
early,cage,0,5,resnet,False,none,lr,0.0001,0.0001,32,10,0.1825,2.5775,1.7535,0.7250,0.4409,nan,nan,nan,nan,0
early,cage,0,5,resnet,False,none,lr,0.0001,0.0001,32,11,0.1505,2.3606,1.7617,0.6750,0.4875,nan,nan,nan,nan,0
early,cage,0,5,resnet,False,none,lr,0.0001,0.0001,32,12,0.1377,2.3934,1.8523,0.5750,0.4194,nan,nan,nan,nan,0
early,cage,0,5,resnet,False,none,lr,0.0001,0.0001,32,13,0.1128,3.0622,2.1594,0.7000,0.4552,nan,nan,nan,nan,1
early,cage,0,5,resnet,False,none,lr,0.0001,0.0001,32,14,0.0974,3.0710,2.2658,0.6250,0.4229,1.4787,1.2680,0.8140,0.7698,1
early,cage,0,5,resnet,False,none,lr,0.0001,0.0001,32,15,0.0782,2.8766,2.3135,0.6500,0.4265,nan,nan,nan,nan,0
early,cage,0,5,resnet,False,none,lr,0.0001,0.0001,32,16,0.0887,3.8044,2.5410,0.7500,0.4659,nan,nan,nan,nan,0
early,cage,0,5,resnet,False,none,lr,0.0001,0.0001,32,17,0.0625,3.8375,2.7045,0.7000,0.4373,nan,nan,nan,nan,0
early,cage,0,5,resnet,False,none,lr,0.0001,0.0001,32,18,0.0658,3.4588,2.5094,0.6750,0.4803,nan,nan,nan,nan,0
early,cage,0,5,resnet,False,none,lr,0.0001,0.0001,32,19,0.0558,4.1161,2.7449,0.7250,0.3907,nan,nan,nan,nan,0
early,cage,0,6,resnet,False,none,lr,0.0001,0.0001,32,1,0.7349,0.7024,0.7118,0.5610,0.4857,nan,nan,nan,nan,0
early,cage,0,6,resnet,False,none,lr,0.0001,0.0001,32,2,0.7025,0.6807,0.6418,0.7317,0.5476,nan,nan,nan,nan,0
early,cage,0,6,resnet,False,none,lr,0.0001,0.0001,32,3,0.6762,0.7225,0.7297,0.5122,0.4619,nan,nan,nan,nan,0
early,cage,0,6,resnet,False,none,lr,0.0001,0.0001,32,4,0.6416,0.7782,0.6275,0.8293,0.5238,nan,nan,nan,nan,0
early,cage,0,6,resnet,False,none,lr,0.0001,0.0001,32,5,0.5923,0.6935,0.6580,0.6585,0.6238,nan,nan,nan,nan,1
early,cage,0,6,resnet,False,none,lr,0.0001,0.0001,32,6,0.5354,0.8305,0.6674,0.7805,0.6095,nan,nan,nan,nan,1
early,cage,0,6,resnet,False,none,lr,0.0001,0.0001,32,7,0.4559,0.8229,0.8169,0.6098,0.5524,nan,nan,nan,nan,0
early,cage,0,6,resnet,False,none,lr,0.0001,0.0001,32,8,0.3972,0.9413,0.7968,0.7317,0.6095,0.6885,0.6581,0.8605,0.7778,1
early,cage,0,6,resnet,False,none,lr,0.0001,0.0001,32,9,0.3403,1.2342,1.0442,0.6829,0.4429,nan,nan,nan,nan,0
early,cage,0,6,resnet,False,none,lr,0.0001,0.0001,32,10,0.2840,0.9022,1.1326,0.4878,0.5571,nan,nan,nan,nan,0
early,cage,0,6,resnet,False,none,lr,0.0001,0.0001,32,11,0.2282,1.3363,1.1431,0.7805,0.4333,nan,nan,nan,nan,0
early,cage,0,6,resnet,False,none,lr,0.0001,0.0001,32,12,0.1908,1.4441,1.3346,0.7805,0.5286,nan,nan,nan,nan,0
early,cage,0,6,resnet,False,none,lr,0.0001,0.0001,32,13,0.1463,1.7082,1.3398,0.7561,0.4714,nan,nan,nan,nan,0
early,cage,0,6,resnet,False,none,lr,0.0001,0.0001,32,14,0.1383,1.8126,1.4526,0.8049,0.5048,nan,nan,nan,nan,0
early,cage,0,6,resnet,False,none,lr,0.0001,0.0001,32,15,0.1147,2.1506,1.6315,0.8537,0.5667,nan,nan,nan,nan,0
early,cage,0,6,resnet,False,none,lr,0.0001,0.0001,32,16,0.0997,1.6823,1.4937,0.7073,0.5000,nan,nan,nan,nan,0
early,cage,0,7,resnet,False,none,lr,0.0001,0.0001,32,1,0.7160,0.8049,0.7471,0.5000,0.3715,nan,nan,nan,nan,0
early,cage,0,7,resnet,False,none,lr,0.0001,0.0001,32,2,0.6841,0.8253,0.7284,0.5455,0.4097,nan,nan,nan,nan,0
early,cage,0,7,resnet,False,none,lr,0.0001,0.0001,32,3,0.6644,0.8224,0.7840,0.5000,0.3889,nan,nan,nan,nan,0
early,cage,0,7,resnet,False,none,lr,0.0001,0.0001,32,4,0.6311,0.8860,0.7888,0.6136,0.3819,nan,nan,nan,nan,0
early,cage,0,7,resnet,False,none,lr,0.0001,0.0001,32,5,0.5981,0.7626,0.8069,0.5227,0.5347,nan,nan,nan,nan,1
early,cage,0,7,resnet,False,none,lr,0.0001,0.0001,32,6,0.5545,0.7520,0.6584,0.7045,0.5660,nan,nan,nan,nan,1
early,cage,0,7,resnet,False,none,lr,0.0001,0.0001,32,7,0.4871,0.8799,0.7760,0.7045,0.5660,nan,nan,nan,nan,1
early,cage,0,7,resnet,False,none,lr,0.0001,0.0001,32,8,0.4238,1.3696,0.8336,0.8182,0.5868,nan,nan,nan,nan,1
early,cage,0,7,resnet,False,none,lr,0.0001,0.0001,32,9,0.3789,1.4992,1.0849,0.6818,0.4757,nan,nan,nan,nan,1
early,cage,0,7,resnet,False,none,lr,0.0001,0.0001,32,10,0.3399,1.2399,0.8384,0.7727,0.5417,nan,nan,nan,nan,0
early,cage,0,7,resnet,False,none,lr,0.0001,0.0001,32,11,0.2663,1.8172,1.2476,0.7500,0.3854,nan,nan,nan,nan,0
early,cage,0,7,resnet,False,none,lr,0.0001,0.0001,32,12,0.2485,1.7351,1.1056,0.8182,0.5694,nan,nan,nan,nan,0
early,cage,0,7,resnet,False,none,lr,0.0001,0.0001,32,13,0.1997,1.5262,1.2748,0.7045,0.5799,nan,nan,nan,nan,0
early,cage,0,7,resnet,False,none,lr,0.0001,0.0001,32,14,0.1628,1.9144,1.4181,0.7727,0.4618,nan,nan,nan,nan,0
early,cage,0,7,resnet,False,none,lr,0.0001,0.0001,32,15,0.1520,1.8597,1.2182,0.7955,0.6562,nan,nan,nan,nan,0
early,cage,0,7,resnet,False,none,lr,0.0001,0.0001,32,16,0.1174,2.4567,1.6205,0.7955,0.5521,1.8767,1.5370,0.7907,0.7460,1
early,cage,0,7,resnet,False,none,lr,0.0001,0.0001,32,17,0.0813,2.2861,1.7316,0.7273,0.4583,nan,nan,nan,nan,0
early,cage,0,7,resnet,False,none,lr,0.0001,0.0001,32,18,0.1003,2.1035,1.4762,0.7273,0.6806,nan,nan,nan,nan,0
early,cage,0,7,resnet,False,none,lr,0.0001,0.0001,32,19,0.0975,2.8348,1.7575,0.8182,0.4931,nan,nan,nan,nan,0
early,cage,0,7,resnet,False,none,lr,0.0001,0.0001,32,20,0.0836,2.0334,1.7039,0.7273,0.5069,nan,nan,nan,nan,0
early,cage,0,7,resnet,False,none,lr,0.0001,0.0001,32,21,0.0566,2.4751,1.8742,0.7727,0.5486,nan,nan,nan,nan,0
early,cage,0,8,resnet,False,none,lr,0.0001,0.0001,32,1,0.7301,0.7321,0.6450,0.7234,0.4199,nan,nan,nan,nan,0
early,cage,0,8,resnet,False,none,lr,0.0001,0.0001,32,2,0.6909,0.7043,0.6353,0.7872,0.5641,nan,nan,nan,nan,0
early,cage,0,8,resnet,False,none,lr,0.0001,0.0001,32,3,0.6615,0.7678,0.9634,0.2766,0.5833,nan,nan,nan,nan,0
early,cage,0,8,resnet,False,none,lr,0.0001,0.0001,32,4,0.6075,0.6720,0.7591,0.5745,0.6346,nan,nan,nan,nan,0
early,cage,0,8,resnet,False,none,lr,0.0001,0.0001,32,5,0.5436,0.8407,0.7032,0.7872,0.5417,nan,nan,nan,nan,1
early,cage,0,8,resnet,False,none,lr,0.0001,0.0001,32,6,0.4705,1.0624,0.8629,0.7872,0.4936,0.9636,0.8595,0.7209,0.5476,1
early,cage,0,8,resnet,False,none,lr,0.0001,0.0001,32,7,0.4126,1.0268,0.9123,0.6596,0.5096,nan,nan,nan,nan,0
early,cage,0,8,resnet,False,none,lr,0.0001,0.0001,32,8,0.3512,1.3026,0.9178,0.8511,0.4776,nan,nan,nan,nan,0
early,cage,0,8,resnet,False,none,lr,0.0001,0.0001,32,9,0.3029,1.2866,1.0084,0.7447,0.4808,nan,nan,nan,nan,0
early,cage,0,8,resnet,False,none,lr,0.0001,0.0001,32,10,0.2506,1.4724,1.0516,0.8298,0.5128,nan,nan,nan,nan,0
early,cage,0,8,resnet,False,none,lr,0.0001,0.0001,32,11,0.2152,1.3703,1.0659,0.7660,0.4583,nan,nan,nan,nan,0
early,cage,0,8,resnet,False,none,lr,0.0001,0.0001,32,12,0.1732,1.3230,1.3274,0.7660,0.5064,nan,nan,nan,nan,0
early,cage,0,8,resnet,False,none,lr,0.0001,0.0001,32,13,0.1296,1.5720,1.4216,0.7660,0.4295,nan,nan,nan,nan,0
early,cage,0,8,resnet,False,none,lr,0.0001,0.0001,32,14,0.1192,2.4989,1.5991,0.8298,0.4263,nan,nan,nan,nan,0
early,cage,0,8,resnet,False,none,lr,0.0001,0.0001,32,15,0.1271,1.7461,1.4629,0.7234,0.4744,nan,nan,nan,nan,0
early,cage,0,8,resnet,False,none,lr,0.0001,0.0001,32,16,0.1196,2.2266,1.4622,0.8298,0.5256,nan,nan,nan,nan,0
early,cage,0,9,resnet,False,none,lr,0.0001,0.0001,32,1,0.7249,0.7773,0.6179,0.7857,0.5926,nan,nan,nan,nan,0
early,cage,0,9,resnet,False,none,lr,0.0001,0.0001,32,2,0.6896,0.7113,0.6497,0.7381,0.6162,nan,nan,nan,nan,0
early,cage,0,9,resnet,False,none,lr,0.0001,0.0001,32,3,0.6461,0.7062,0.9243,0.2857,0.5556,nan,nan,nan,nan,0
early,cage,0,9,resnet,False,none,lr,0.0001,0.0001,32,4,0.5797,0.7110,0.8100,0.6667,0.6296,nan,nan,nan,nan,0
early,cage,0,9,resnet,False,none,lr,0.0001,0.0001,32,5,0.5212,0.9545,0.8082,0.6667,0.4781,0.6540,0.6015,0.7907,0.8016,1
early,cage,0,9,resnet,False,none,lr,0.0001,0.0001,32,6,0.4496,1.1089,1.1334,0.5952,0.4478,nan,nan,nan,nan,0
early,cage,0,9,resnet,False,none,lr,0.0001,0.0001,32,7,0.3740,1.2207,1.5511,0.5238,0.4579,nan,nan,nan,nan,0
early,cage,0,9,resnet,False,none,lr,0.0001,0.0001,32,8,0.3202,1.4666,1.1830,0.7143,0.5286,nan,nan,nan,nan,0
early,cage,0,9,resnet,False,none,lr,0.0001,0.0001,32,9,0.2728,0.9267,1.6464,0.4524,0.4882,nan,nan,nan,nan,0
early,cage,0,9,resnet,False,none,lr,0.0001,0.0001,32,10,0.2333,1.3895,1.3487,0.6429,0.5017,nan,nan,nan,nan,0
early,cage,0,9,resnet,False,none,lr,0.0001,0.0001,32,11,0.1990,1.7297,1.4107,0.7143,0.5791,nan,nan,nan,nan,0
early,cage,0,9,resnet,False,none,lr,0.0001,0.0001,32,12,0.1578,1.8618,1.8244,0.6667,0.5421,nan,nan,nan,nan,0
early,cage,0,9,resnet,False,none,lr,0.0001,0.0001,32,13,0.1405,1.5373,2.0950,0.4524,0.4108,nan,nan,nan,nan,0
early,cage,0,9,resnet,False,none,lr,0.0001,0.0001,32,14,0.1174,2.5551,1.7985,0.7143,0.5455,nan,nan,nan,nan,0
early,cage,0,9,resnet,False,none,lr,0.0001,0.0001,32,15,0.0863,3.7440,2.3644,0.7381,0.4916,nan,nan,nan,nan,0
early,cage,0,9,resnet,False,none,lr,0.0001,0.0001,32,16,0.0919,2.5328,2.2265,0.6905,0.5051,nan,nan,nan,nan,0
early,cage,1,0,resnet,False,none,lr,0.0001,0.0001,32,1,0.7248,0.7078,0.6722,0.7907,0.4603,nan,nan,nan,nan,0
early,cage,1,0,resnet,False,none,lr,0.0001,0.0001,32,2,0.6993,0.7439,0.6191,0.8140,0.5714,nan,nan,nan,nan,0
early,cage,1,0,resnet,False,none,lr,0.0001,0.0001,32,3,0.6578,0.7475,0.6908,0.7674,0.5992,nan,nan,nan,nan,0
early,cage,1,0,resnet,False,none,lr,0.0001,0.0001,32,4,0.6311,0.6682,0.6108,0.8372,0.7143,nan,nan,nan,nan,0
early,cage,1,0,resnet,False,none,lr,0.0001,0.0001,32,5,0.5709,0.9240,1.2352,0.1860,0.6905,nan,nan,nan,nan,1
early,cage,1,0,resnet,False,none,lr,0.0001,0.0001,32,6,0.4971,0.8425,0.8813,0.6977,0.5833,nan,nan,nan,nan,1
early,cage,1,0,resnet,False,none,lr,0.0001,0.0001,32,7,0.4358,0.7270,0.8746,0.7209,0.7103,nan,nan,nan,nan,1
early,cage,1,0,resnet,False,none,lr,0.0001,0.0001,32,8,0.3891,0.7699,0.7430,0.7907,0.6786,nan,nan,nan,nan,1
early,cage,1,0,resnet,False,none,lr,0.0001,0.0001,32,9,0.3166,0.7660,0.7483,0.8140,0.7500,0.6832,0.7322,0.7209,0.7302,1
early,cage,1,0,resnet,False,none,lr,0.0001,0.0001,32,10,0.2655,1.4435,1.1905,0.7442,0.5159,nan,nan,nan,nan,0
early,cage,1,0,resnet,False,none,lr,0.0001,0.0001,32,11,0.2338,1.4235,1.1660,0.8140,0.5675,nan,nan,nan,nan,0
early,cage,1,0,resnet,False,none,lr,0.0001,0.0001,32,12,0.1786,1.3811,1.1425,0.8140,0.6627,nan,nan,nan,nan,0
early,cage,1,0,resnet,False,none,lr,0.0001,0.0001,32,13,0.1599,1.0514,1.2493,0.7674,0.6825,nan,nan,nan,nan,0
early,cage,1,0,resnet,False,none,lr,0.0001,0.0001,32,14,0.1149,1.9938,1.5963,0.8140,0.6111,nan,nan,nan,nan,0
early,cage,1,0,resnet,False,none,lr,0.0001,0.0001,32,15,0.1104,1.5819,1.5322,0.7674,0.6190,nan,nan,nan,nan,0
early,cage,1,0,resnet,False,none,lr,0.0001,0.0001,32,16,0.0719,2.2715,1.7774,0.8140,0.6429,nan,nan,nan,nan,0
early,cage,1,2,resnet,False,none,lr,0.0001,0.0001,32,1,0.7281,0.6812,0.6786,0.5714,0.6103,nan,nan,nan,nan,0
early,cage,1,2,resnet,False,none,lr,0.0001,0.0001,32,2,0.6993,0.6667,0.6653,0.6190,0.6581,nan,nan,nan,nan,0
early,cage,1,2,resnet,False,none,lr,0.0001,0.0001,32,3,0.6518,0.6988,0.8239,0.3810,0.7206,nan,nan,nan,nan,0
early,cage,1,2,resnet,False,none,lr,0.0001,0.0001,32,4,0.5983,0.7045,0.7760,0.4048,0.6250,nan,nan,nan,nan,0
early,cage,1,2,resnet,False,none,lr,0.0001,0.0001,32,5,0.5112,0.8025,0.9332,0.5952,0.5625,nan,nan,nan,nan,1
early,cage,1,2,resnet,False,none,lr,0.0001,0.0001,32,6,0.4756,0.7104,0.8319,0.6190,0.7463,nan,nan,nan,nan,1
early,cage,1,2,resnet,False,none,lr,0.0001,0.0001,32,7,0.3969,1.0844,0.9804,0.7619,0.5809,nan,nan,nan,nan,0
early,cage,1,2,resnet,False,none,lr,0.0001,0.0001,32,8,0.3394,1.4089,0.9877,0.8333,0.6838,nan,nan,nan,nan,0
early,cage,1,2,resnet,False,none,lr,0.0001,0.0001,32,9,0.2734,0.8628,0.9484,0.8333,0.7868,nan,nan,nan,nan,1
early,cage,1,2,resnet,False,none,lr,0.0001,0.0001,32,10,0.2661,1.1482,0.9660,0.8810,0.7316,nan,nan,nan,nan,1
early,cage,1,2,resnet,False,none,lr,0.0001,0.0001,32,11,0.2085,1.2113,1.1425,0.8571,0.6618,nan,nan,nan,nan,0
early,cage,1,2,resnet,False,none,lr,0.0001,0.0001,32,12,0.1808,1.4437,1.2047,0.8095,0.7390,nan,nan,nan,nan,1
early,cage,1,2,resnet,False,none,lr,0.0001,0.0001,32,13,0.1537,1.3416,1.1828,0.8333,0.7243,nan,nan,nan,nan,1
early,cage,1,2,resnet,False,none,lr,0.0001,0.0001,32,14,0.1381,1.5932,1.2608,0.8333,0.7169,nan,nan,nan,nan,0
early,cage,1,2,resnet,False,none,lr,0.0001,0.0001,32,15,0.1210,1.4130,1.2528,0.8333,0.7463,nan,nan,nan,nan,0
early,cage,1,2,resnet,False,none,lr,0.0001,0.0001,32,16,0.0858,2.0522,1.4613,0.8095,0.7647,nan,nan,nan,nan,1
early,cage,1,2,resnet,False,none,lr,0.0001,0.0001,32,17,0.0910,1.3908,1.3411,0.8333,0.7206,nan,nan,nan,nan,0
early,cage,1,2,resnet,False,none,lr,0.0001,0.0001,32,18,0.0791,1.3783,1.3455,0.8333,0.7647,nan,nan,nan,nan,0
early,cage,1,2,resnet,False,none,lr,0.0001,0.0001,32,19,0.0882,2.3074,1.4932,0.8095,0.7537,2.4353,1.5049,0.8372,0.5754,1
early,cage,1,2,resnet,False,none,lr,0.0001,0.0001,32,20,0.0677,1.6956,1.3787,0.8333,0.7169,nan,nan,nan,nan,0
early,cage,1,2,resnet,False,none,lr,0.0001,0.0001,32,21,0.0381,1.4130,1.4176,0.8571,0.7610,nan,nan,nan,nan,0
early,cage,1,2,resnet,False,none,lr,0.0001,0.0001,32,22,0.0669,1.7578,1.2921,0.8333,0.7684,nan,nan,nan,nan,0
early,cage,1,2,resnet,False,none,lr,0.0001,0.0001,32,23,0.0748,2.3378,1.6139,0.8095,0.7390,nan,nan,nan,nan,0
early,cage,1,2,resnet,False,none,lr,0.0001,0.0001,32,24,0.0412,2.3460,1.7166,0.8095,0.7353,nan,nan,nan,nan,0
early,cage,1,3,resnet,False,none,lr,0.0001,0.0001,32,1,0.7172,0.7181,0.5823,0.8333,0.6735,nan,nan,nan,nan,0
early,cage,1,3,resnet,False,none,lr,0.0001,0.0001,32,2,0.6810,0.7429,0.8581,0.2143,0.5673,nan,nan,nan,nan,0
early,cage,1,3,resnet,False,none,lr,0.0001,0.0001,32,3,0.6255,0.7227,0.7880,0.4762,0.5224,nan,nan,nan,nan,0
early,cage,1,3,resnet,False,none,lr,0.0001,0.0001,32,4,0.5261,1.0157,0.8040,0.8095,0.5429,nan,nan,nan,nan,0
early,cage,1,3,resnet,False,none,lr,0.0001,0.0001,32,5,0.4643,0.8894,1.0083,0.5476,0.5184,nan,nan,nan,nan,1
early,cage,1,3,resnet,False,none,lr,0.0001,0.0001,32,6,0.3769,0.9009,0.9416,0.6905,0.5633,nan,nan,nan,nan,0
early,cage,1,3,resnet,False,none,lr,0.0001,0.0001,32,7,0.3174,1.3517,1.1377,0.7857,0.5469,nan,nan,nan,nan,0
early,cage,1,3,resnet,False,none,lr,0.0001,0.0001,32,8,0.2550,1.3537,1.0844,0.8095,0.5796,nan,nan,nan,nan,0
early,cage,1,3,resnet,False,none,lr,0.0001,0.0001,32,9,0.2169,1.0811,1.1245,0.6905,0.5633,nan,nan,nan,nan,0
early,cage,1,3,resnet,False,none,lr,0.0001,0.0001,32,10,0.1685,1.9434,1.3334,0.8333,0.5592,nan,nan,nan,nan,0
early,cage,1,3,resnet,False,none,lr,0.0001,0.0001,32,11,0.1726,1.3272,1.3372,0.7143,0.5878,nan,nan,nan,nan,0
early,cage,1,3,resnet,False,none,lr,0.0001,0.0001,32,12,0.1199,1.6694,1.4577,0.7619,0.4857,nan,nan,nan,nan,0
early,cage,1,3,resnet,False,none,lr,0.0001,0.0001,32,13,0.1192,1.1761,1.1029,0.8333,0.6122,nan,nan,nan,nan,0
early,cage,1,3,resnet,False,none,lr,0.0001,0.0001,32,14,0.0871,2.0782,1.6259,0.8095,0.5469,nan,nan,nan,nan,0
early,cage,1,3,resnet,False,none,lr,0.0001,0.0001,32,15,0.0906,1.5352,1.4079,0.8095,0.6612,nan,nan,nan,nan,1
early,cage,1,3,resnet,False,none,lr,0.0001,0.0001,32,16,0.0529,1.5323,1.5799,0.7857,0.5796,nan,nan,nan,nan,0
early,cage,1,3,resnet,False,none,lr,0.0001,0.0001,32,17,0.0709,1.5443,1.6087,0.7143,0.5592,nan,nan,nan,nan,1
early,cage,1,3,resnet,False,none,lr,0.0001,0.0001,32,18,0.0522,1.7117,1.7230,0.7619,0.5918,nan,nan,nan,nan,0
early,cage,1,3,resnet,False,none,lr,0.0001,0.0001,32,19,0.0644,1.4750,1.4003,0.7857,0.7347,1.5659,1.4813,0.8140,0.6667,1
early,cage,1,3,resnet,False,none,lr,0.0001,0.0001,32,20,0.0624,2.0729,1.6300,0.8095,0.5714,nan,nan,nan,nan,0
early,cage,1,3,resnet,False,none,lr,0.0001,0.0001,32,21,0.0424,2.3455,1.7710,0.7857,0.5959,nan,nan,nan,nan,0
early,cage,1,3,resnet,False,none,lr,0.0001,0.0001,32,22,0.0625,2.1783,1.6154,0.8333,0.5796,nan,nan,nan,nan,0
early,cage,1,3,resnet,False,none,lr,0.0001,0.0001,32,23,0.0379,2.8337,1.9145,0.8095,0.6490,nan,nan,nan,nan,0
early,cage,1,3,resnet,False,none,lr,0.0001,0.0001,32,24,0.0447,2.1450,1.7426,0.8333,0.6082,nan,nan,nan,nan,0
early,cage,1,4,resnet,False,none,lr,0.0001,0.0001,32,1,0.7288,0.6798,0.7148,0.3488,0.5964,nan,nan,nan,nan,0
early,cage,1,4,resnet,False,none,lr,0.0001,0.0001,32,2,0.6997,0.7185,0.6589,0.7674,0.5536,nan,nan,nan,nan,0
early,cage,1,4,resnet,False,none,lr,0.0001,0.0001,32,3,0.6621,0.6937,0.7176,0.3488,0.5571,nan,nan,nan,nan,0
early,cage,1,4,resnet,False,none,lr,0.0001,0.0001,32,4,0.6049,0.6078,0.6298,0.7442,0.8107,nan,nan,nan,nan,0
early,cage,1,4,resnet,False,none,lr,0.0001,0.0001,32,5,0.5478,0.6299,0.6895,0.7674,0.7143,nan,nan,nan,nan,1
early,cage,1,4,resnet,False,none,lr,0.0001,0.0001,32,6,0.4715,0.7511,0.7825,0.7674,0.6643,nan,nan,nan,nan,1
early,cage,1,4,resnet,False,none,lr,0.0001,0.0001,32,7,0.4129,1.0333,0.8686,0.8140,0.7679,nan,nan,nan,nan,1
early,cage,1,4,resnet,False,none,lr,0.0001,0.0001,32,8,0.3421,0.7121,0.9002,0.6744,0.6786,nan,nan,nan,nan,1
early,cage,1,4,resnet,False,none,lr,0.0001,0.0001,32,9,0.3120,1.2419,1.0750,0.8140,0.7286,nan,nan,nan,nan,0
early,cage,1,4,resnet,False,none,lr,0.0001,0.0001,32,10,0.2694,0.6254,0.8374,0.7442,0.7893,nan,nan,nan,nan,0
early,cage,1,4,resnet,False,none,lr,0.0001,0.0001,32,11,0.2133,0.7172,1.0402,0.7209,0.7250,nan,nan,nan,nan,1
early,cage,1,4,resnet,False,none,lr,0.0001,0.0001,32,12,0.1794,0.5940,0.9234,0.8605,0.8357,nan,nan,nan,nan,1
early,cage,1,4,resnet,False,none,lr,0.0001,0.0001,32,13,0.1552,1.0363,1.3650,0.7674,0.7000,nan,nan,nan,nan,0
early,cage,1,4,resnet,False,none,lr,0.0001,0.0001,32,14,0.1500,1.0796,1.2671,0.8837,0.7786,1.0939,1.1634,0.7674,0.6508,1
early,cage,1,4,resnet,False,none,lr,0.0001,0.0001,32,15,0.1199,1.1203,1.5279,0.6977,0.6536,nan,nan,nan,nan,0
early,cage,1,4,resnet,False,none,lr,0.0001,0.0001,32,16,0.0732,1.9019,1.7886,0.7907,0.7714,nan,nan,nan,nan,0
early,cage,1,4,resnet,False,none,lr,0.0001,0.0001,32,17,0.1022,1.9263,1.6793,0.8140,0.7929,nan,nan,nan,nan,0
early,cage,1,4,resnet,False,none,lr,0.0001,0.0001,32,18,0.0910,1.3708,1.5519,0.8372,0.7286,nan,nan,nan,nan,0
early,cage,1,4,resnet,False,none,lr,0.0001,0.0001,32,19,0.0636,1.5791,1.5981,0.8372,0.8071,nan,nan,nan,nan,0
early,cage,1,5,resnet,False,none,lr,0.0001,0.0001,32,1,0.7219,0.6651,0.6955,0.4250,0.5412,nan,nan,nan,nan,0
early,cage,1,5,resnet,False,none,lr,0.0001,0.0001,32,2,0.6709,0.7401,0.7332,0.5250,0.4301,nan,nan,nan,nan,0
early,cage,1,5,resnet,False,none,lr,0.0001,0.0001,32,3,0.6060,0.8248,0.8010,0.4500,0.3943,nan,nan,nan,nan,0
early,cage,1,5,resnet,False,none,lr,0.0001,0.0001,32,4,0.5403,1.0166,0.8668,0.6000,0.4265,nan,nan,nan,nan,0
early,cage,1,5,resnet,False,none,lr,0.0001,0.0001,32,5,0.4464,1.0845,1.0845,0.4750,0.3835,nan,nan,nan,nan,1
early,cage,1,5,resnet,False,none,lr,0.0001,0.0001,32,6,0.3864,1.5549,1.1067,0.7250,0.4194,nan,nan,nan,nan,0
early,cage,1,5,resnet,False,none,lr,0.0001,0.0001,32,7,0.3185,1.2955,1.0455,0.6750,0.5412,nan,nan,nan,nan,0
early,cage,1,5,resnet,False,none,lr,0.0001,0.0001,32,8,0.2919,2.1678,1.5227,0.7250,0.4731,nan,nan,nan,nan,1
early,cage,1,5,resnet,False,none,lr,0.0001,0.0001,32,9,0.1975,2.5952,1.8083,0.7250,0.4516,nan,nan,nan,nan,1
early,cage,1,5,resnet,False,none,lr,0.0001,0.0001,32,10,0.1976,2.9418,1.9550,0.7750,0.4194,1.3032,0.9548,0.8372,0.7976,1
early,cage,1,5,resnet,False,none,lr,0.0001,0.0001,32,11,0.1470,3.1845,2.1518,0.7250,0.4337,nan,nan,nan,nan,0
early,cage,1,5,resnet,False,none,lr,0.0001,0.0001,32,12,0.1229,3.3530,2.1893,0.7250,0.4086,nan,nan,nan,nan,0
early,cage,1,5,resnet,False,none,lr,0.0001,0.0001,32,13,0.0959,2.8484,2.3407,0.6250,0.4122,nan,nan,nan,nan,0
early,cage,1,5,resnet,False,none,lr,0.0001,0.0001,32,14,0.1117,3.0216,2.3060,0.6500,0.3978,nan,nan,nan,nan,0
early,cage,1,5,resnet,False,none,lr,0.0001,0.0001,32,15,0.0827,3.1229,2.4026,0.5750,0.3262,nan,nan,nan,nan,0
early,cage,1,5,resnet,False,none,lr,0.0001,0.0001,32,16,0.0815,2.8345,2.3595,0.5750,0.3656,nan,nan,nan,nan,0
early,cage,1,6,resnet,False,none,lr,0.0001,0.0001,32,1,0.7186,0.7069,0.6937,0.5122,0.4762,nan,nan,nan,nan,0
early,cage,1,6,resnet,False,none,lr,0.0001,0.0001,32,2,0.6947,0.7188,0.7000,0.5366,0.5190,nan,nan,nan,nan,0
early,cage,1,6,resnet,False,none,lr,0.0001,0.0001,32,3,0.6466,0.6710,0.6601,0.6585,0.6048,nan,nan,nan,nan,0
early,cage,1,6,resnet,False,none,lr,0.0001,0.0001,32,4,0.6089,0.7644,0.6849,0.8049,0.4571,nan,nan,nan,nan,0
early,cage,1,6,resnet,False,none,lr,0.0001,0.0001,32,5,0.5232,0.9991,0.7964,0.8293,0.4714,0.9419,0.6545,0.8372,0.6429,1
early,cage,1,6,resnet,False,none,lr,0.0001,0.0001,32,6,0.4722,0.8622,0.9784,0.4878,0.4714,nan,nan,nan,nan,0
early,cage,1,6,resnet,False,none,lr,0.0001,0.0001,32,7,0.4092,0.8764,1.1897,0.4634,0.4905,nan,nan,nan,nan,0
early,cage,1,6,resnet,False,none,lr,0.0001,0.0001,32,8,0.3637,0.8205,0.8920,0.5366,0.4857,nan,nan,nan,nan,0
early,cage,1,6,resnet,False,none,lr,0.0001,0.0001,32,9,0.3207,0.8763,1.0630,0.6585,0.5524,nan,nan,nan,nan,0
early,cage,1,6,resnet,False,none,lr,0.0001,0.0001,32,10,0.2776,1.4813,1.2538,0.8537,0.5286,nan,nan,nan,nan,0
early,cage,1,6,resnet,False,none,lr,0.0001,0.0001,32,11,0.2261,1.6305,1.4042,0.7805,0.3762,nan,nan,nan,nan,0
early,cage,1,6,resnet,False,none,lr,0.0001,0.0001,32,12,0.2043,1.4645,1.4547,0.6829,0.3667,nan,nan,nan,nan,0
early,cage,1,6,resnet,False,none,lr,0.0001,0.0001,32,13,0.1783,1.2656,1.4455,0.7073,0.5381,nan,nan,nan,nan,0
early,cage,1,6,resnet,False,none,lr,0.0001,0.0001,32,14,0.1682,2.2145,1.6214,0.8537,0.4952,nan,nan,nan,nan,0
early,cage,1,6,resnet,False,none,lr,0.0001,0.0001,32,15,0.1367,1.6432,1.8099,0.5854,0.3667,nan,nan,nan,nan,0
early,cage,1,6,resnet,False,none,lr,0.0001,0.0001,32,16,0.1175,2.2116,1.8022,0.8049,0.4143,nan,nan,nan,nan,0
early,cage,1,7,resnet,False,none,lr,0.0001,0.0001,32,1,0.7148,0.9379,1.2088,0.1591,0.3576,nan,nan,nan,nan,0
early,cage,1,7,resnet,False,none,lr,0.0001,0.0001,32,2,0.6711,0.8357,0.7389,0.6591,0.3542,nan,nan,nan,nan,0
early,cage,1,7,resnet,False,none,lr,0.0001,0.0001,32,3,0.6383,0.7331,0.7384,0.5455,0.5208,nan,nan,nan,nan,0
early,cage,1,7,resnet,False,none,lr,0.0001,0.0001,32,4,0.5586,0.7719,0.8124,0.6136,0.4618,nan,nan,nan,nan,0
early,cage,1,7,resnet,False,none,lr,0.0001,0.0001,32,5,0.5267,1.0918,0.7457,0.7955,0.4236,nan,nan,nan,nan,1
early,cage,1,7,resnet,False,none,lr,0.0001,0.0001,32,6,0.4617,0.7809,0.7234,0.7273,0.6285,nan,nan,nan,nan,1
early,cage,1,7,resnet,False,none,lr,0.0001,0.0001,32,7,0.3733,1.1422,0.9530,0.6818,0.4826,nan,nan,nan,nan,1
early,cage,1,7,resnet,False,none,lr,0.0001,0.0001,32,8,0.3528,1.2139,0.8402,0.7955,0.5660,nan,nan,nan,nan,1
early,cage,1,7,resnet,False,none,lr,0.0001,0.0001,32,9,0.3046,1.3123,1.5707,0.5000,0.4653,nan,nan,nan,nan,0
early,cage,1,7,resnet,False,none,lr,0.0001,0.0001,32,10,0.2856,1.3051,1.1668,0.6818,0.4583,0.8115,0.9544,0.6977,0.6944,1
early,cage,1,7,resnet,False,none,lr,0.0001,0.0001,32,11,0.2311,1.8525,1.2827,0.7955,0.4653,nan,nan,nan,nan,0
early,cage,1,7,resnet,False,none,lr,0.0001,0.0001,32,12,0.1853,1.9902,1.2878,0.7955,0.4861,nan,nan,nan,nan,0
early,cage,1,7,resnet,False,none,lr,0.0001,0.0001,32,13,0.1713,1.0999,1.4404,0.6591,0.5660,nan,nan,nan,nan,0
early,cage,1,7,resnet,False,none,lr,0.0001,0.0001,32,14,0.1470,1.6480,1.6123,0.7045,0.4132,nan,nan,nan,nan,0
early,cage,1,7,resnet,False,none,lr,0.0001,0.0001,32,15,0.1425,1.4973,1.6100,0.6591,0.5069,nan,nan,nan,nan,0
early,cage,1,7,resnet,False,none,lr,0.0001,0.0001,32,16,0.1259,1.8647,1.5350,0.7273,0.4965,nan,nan,nan,nan,0
early,cage,1,8,resnet,False,none,lr,0.0001,0.0001,32,1,0.7359,0.7309,0.7435,0.3404,0.3429,nan,nan,nan,nan,0
early,cage,1,8,resnet,False,none,lr,0.0001,0.0001,32,2,0.6950,0.7714,0.6232,0.8298,0.3846,nan,nan,nan,nan,0
early,cage,1,8,resnet,False,none,lr,0.0001,0.0001,32,3,0.6351,0.7834,0.6511,0.7447,0.5256,nan,nan,nan,nan,0
early,cage,1,8,resnet,False,none,lr,0.0001,0.0001,32,4,0.5875,0.7490,0.7848,0.5532,0.5449,nan,nan,nan,nan,0
early,cage,1,8,resnet,False,none,lr,0.0001,0.0001,32,5,0.5048,0.7892,0.7012,0.8298,0.6090,nan,nan,nan,nan,1
early,cage,1,8,resnet,False,none,lr,0.0001,0.0001,32,6,0.4492,1.0301,0.8505,0.7660,0.5481,nan,nan,nan,nan,1
early,cage,1,8,resnet,False,none,lr,0.0001,0.0001,32,7,0.3595,0.9755,0.9508,0.7234,0.5224,nan,nan,nan,nan,1
early,cage,1,8,resnet,False,none,lr,0.0001,0.0001,32,8,0.3226,0.7180,1.1669,0.5106,0.6218,nan,nan,nan,nan,1
early,cage,1,8,resnet,False,none,lr,0.0001,0.0001,32,9,0.2601,1.5622,1.0201,0.8298,0.5609,nan,nan,nan,nan,0
early,cage,1,8,resnet,False,none,lr,0.0001,0.0001,32,10,0.2291,1.1839,1.0057,0.7872,0.5705,nan,nan,nan,nan,0
early,cage,1,8,resnet,False,none,lr,0.0001,0.0001,32,11,0.1863,1.5251,1.1487,0.8085,0.5353,nan,nan,nan,nan,0
early,cage,1,8,resnet,False,none,lr,0.0001,0.0001,32,12,0.1675,2.1053,1.3769,0.8298,0.5160,nan,nan,nan,nan,0
early,cage,1,8,resnet,False,none,lr,0.0001,0.0001,32,13,0.1482,0.9833,1.2929,0.7234,0.6314,nan,nan,nan,nan,0
early,cage,1,8,resnet,False,none,lr,0.0001,0.0001,32,14,0.1382,2.3187,1.3947,0.8298,0.6410,nan,nan,nan,nan,1
early,cage,1,8,resnet,False,none,lr,0.0001,0.0001,32,15,0.1116,1.7962,1.5315,0.7660,0.5321,nan,nan,nan,nan,0
early,cage,1,8,resnet,False,none,lr,0.0001,0.0001,32,16,0.0821,2.2486,1.4703,0.8298,0.5481,nan,nan,nan,nan,0
early,cage,1,8,resnet,False,none,lr,0.0001,0.0001,32,17,0.0892,2.5932,1.6498,0.8085,0.5737,nan,nan,nan,nan,1
early,cage,1,8,resnet,False,none,lr,0.0001,0.0001,32,18,0.0861,2.6250,1.6312,0.8298,0.5545,nan,nan,nan,nan,0
early,cage,1,8,resnet,False,none,lr,0.0001,0.0001,32,19,0.0855,1.4560,1.4760,0.7660,0.5929,nan,nan,nan,nan,0
early,cage,1,8,resnet,False,none,lr,0.0001,0.0001,32,20,0.0637,2.6672,1.7910,0.8085,0.5897,nan,nan,nan,nan,0
early,cage,1,8,resnet,False,none,lr,0.0001,0.0001,32,21,0.0605,2.1467,1.7823,0.7234,0.5673,nan,nan,nan,nan,0
early,cage,1,8,resnet,False,none,lr,0.0001,0.0001,32,22,0.0492,3.0031,1.7787,0.8298,0.7147,nan,nan,nan,nan,1
early,cage,1,8,resnet,False,none,lr,0.0001,0.0001,32,23,0.0509,1.3517,1.8450,0.7234,0.6442,nan,nan,nan,nan,1
early,cage,1,8,resnet,False,none,lr,0.0001,0.0001,32,24,0.0574,1.5921,1.4922,0.8511,0.6923,nan,nan,nan,nan,1
early,cage,1,8,resnet,False,none,lr,0.0001,0.0001,32,25,0.0690,2.7145,1.7843,0.7872,0.5929,nan,nan,nan,nan,0
early,cage,1,8,resnet,False,none,lr,0.0001,0.0001,32,26,0.0365,2.1514,1.8400,0.8085,0.6122,1.3662,1.5065,0.7674,0.7302,1
early,cage,1,8,resnet,False,none,lr,0.0001,0.0001,32,27,0.0418,3.1013,1.9250,0.8085,0.5801,nan,nan,nan,nan,0
early,cage,1,8,resnet,False,none,lr,0.0001,0.0001,32,28,0.0466,2.7484,1.8535,0.8298,0.6058,nan,nan,nan,nan,0
early,cage,1,8,resnet,False,none,lr,0.0001,0.0001,32,29,0.0395,2.9315,1.8550,0.8298,0.6122,nan,nan,nan,nan,0
early,cage,1,8,resnet,False,none,lr,0.0001,0.0001,32,30,0.0422,2.3138,2.0070,0.7872,0.5962,nan,nan,nan,nan,0
early,cage,1,8,resnet,False,none,lr,0.0001,0.0001,32,31,0.0468,2.7206,1.9170,0.8085,0.6154,nan,nan,nan,nan,0
early,cage,1,9,resnet,False,none,lr,0.0001,0.0001,32,1,0.7257,0.6888,0.7709,0.2381,0.4848,nan,nan,nan,nan,0
early,cage,1,9,resnet,False,none,lr,0.0001,0.0001,32,2,0.6898,0.8698,0.6631,0.7857,0.5017,nan,nan,nan,nan,0
early,cage,1,9,resnet,False,none,lr,0.0001,0.0001,32,3,0.6290,0.7549,0.8470,0.5714,0.5017,nan,nan,nan,nan,0
early,cage,1,9,resnet,False,none,lr,0.0001,0.0001,32,4,0.5557,0.7560,0.8476,0.6905,0.5926,nan,nan,nan,nan,0
early,cage,1,9,resnet,False,none,lr,0.0001,0.0001,32,5,0.4812,0.9610,1.0678,0.6429,0.5421,nan,nan,nan,nan,1
early,cage,1,9,resnet,False,none,lr,0.0001,0.0001,32,6,0.4042,0.9337,1.4078,0.5000,0.5354,nan,nan,nan,nan,1
early,cage,1,9,resnet,False,none,lr,0.0001,0.0001,32,7,0.3480,1.4257,1.1163,0.6905,0.5286,nan,nan,nan,nan,1
early,cage,1,9,resnet,False,none,lr,0.0001,0.0001,32,8,0.3020,0.9767,1.4019,0.5714,0.4646,nan,nan,nan,nan,0
early,cage,1,9,resnet,False,none,lr,0.0001,0.0001,32,9,0.2616,1.5887,1.6869,0.5714,0.5387,nan,nan,nan,nan,0
early,cage,1,9,resnet,False,none,lr,0.0001,0.0001,32,10,0.2036,1.5863,1.5808,0.5952,0.5859,nan,nan,nan,nan,0
early,cage,1,9,resnet,False,none,lr,0.0001,0.0001,32,11,0.1761,1.4805,1.7722,0.6667,0.5859,nan,nan,nan,nan,0
early,cage,1,9,resnet,False,none,lr,0.0001,0.0001,32,12,0.1352,2.8548,2.0077,0.7143,0.4949,nan,nan,nan,nan,0
early,cage,1,9,resnet,False,none,lr,0.0001,0.0001,32,13,0.1333,2.4413,1.9197,0.7381,0.5320,1.7856,1.3341,0.8140,0.5516,1
early,cage,1,9,resnet,False,none,lr,0.0001,0.0001,32,14,0.1090,3.0817,2.0796,0.7381,0.5320,nan,nan,nan,nan,0
early,cage,1,9,resnet,False,none,lr,0.0001,0.0001,32,15,0.0995,2.1655,2.1608,0.6429,0.5488,nan,nan,nan,nan,0
early,cage,1,9,resnet,False,none,lr,0.0001,0.0001,32,16,0.0832,2.4325,2.3601,0.6667,0.5455,nan,nan,nan,nan,0
early,cage,1,9,resnet,False,none,lr,0.0001,0.0001,32,17,0.0757,2.1418,2.2795,0.6190,0.5152,nan,nan,nan,nan,0
early,cage,1,9,resnet,False,none,lr,0.0001,0.0001,32,18,0.0612,2.9666,2.3575,0.7381,0.5758,nan,nan,nan,nan,0
early,cage,2,0,resnet,False,none,lr,0.0001,0.0001,32,1,0.7264,0.7166,0.7817,0.1628,0.5238,nan,nan,nan,nan,0
early,cage,2,0,resnet,False,none,lr,0.0001,0.0001,32,2,0.6918,0.6413,0.6235,0.7907,0.7262,nan,nan,nan,nan,0
early,cage,2,0,resnet,False,none,lr,0.0001,0.0001,32,3,0.6451,0.6449,0.7085,0.5349,0.7024,nan,nan,nan,nan,0
early,cage,2,0,resnet,False,none,lr,0.0001,0.0001,32,4,0.6159,0.6010,0.6873,0.5814,0.8056,nan,nan,nan,nan,0
early,cage,2,0,resnet,False,none,lr,0.0001,0.0001,32,5,0.5352,0.6042,0.7810,0.6279,0.7619,nan,nan,nan,nan,1
early,cage,2,0,resnet,False,none,lr,0.0001,0.0001,32,6,0.4700,0.8940,0.6572,0.8605,0.7302,nan,nan,nan,nan,1
early,cage,2,0,resnet,False,none,lr,0.0001,0.0001,32,7,0.3929,0.7994,0.7168,0.8372,0.7143,nan,nan,nan,nan,0
early,cage,2,0,resnet,False,none,lr,0.0001,0.0001,32,8,0.3420,0.7351,0.7787,0.7907,0.7897,0.8333,0.8095,0.8810,0.7610,1
early,cage,2,0,resnet,False,none,lr,0.0001,0.0001,32,9,0.2784,0.8152,1.0635,0.7442,0.6667,nan,nan,nan,nan,0
early,cage,2,0,resnet,False,none,lr,0.0001,0.0001,32,10,0.2239,1.1997,1.0941,0.7907,0.6786,nan,nan,nan,nan,0
early,cage,2,0,resnet,False,none,lr,0.0001,0.0001,32,11,0.2285,1.0155,1.0262,0.7907,0.7698,nan,nan,nan,nan,0
early,cage,2,0,resnet,False,none,lr,0.0001,0.0001,32,12,0.1664,1.3870,1.1689,0.8372,0.6230,nan,nan,nan,nan,0
early,cage,2,0,resnet,False,none,lr,0.0001,0.0001,32,13,0.1431,1.1455,1.0909,0.8140,0.7262,nan,nan,nan,nan,0
early,cage,2,0,resnet,False,none,lr,0.0001,0.0001,32,14,0.1305,1.8675,1.4429,0.7907,0.6508,nan,nan,nan,nan,0
early,cage,2,0,resnet,False,none,lr,0.0001,0.0001,32,15,0.1152,1.0308,1.3202,0.7674,0.6984,nan,nan,nan,nan,0
early,cage,2,0,resnet,False,none,lr,0.0001,0.0001,32,16,0.1005,1.3776,1.2962,0.8605,0.7421,nan,nan,nan,nan,0
early,cage,2,1,resnet,False,none,lr,0.0001,0.0001,32,1,0.7173,0.6845,0.7305,0.4884,0.6111,nan,nan,nan,nan,0
early,cage,2,1,resnet,False,none,lr,0.0001,0.0001,32,2,0.6988,0.6676,0.6599,0.6279,0.6667,nan,nan,nan,nan,0
early,cage,2,1,resnet,False,none,lr,0.0001,0.0001,32,3,0.6568,0.6552,0.7274,0.6047,0.6865,nan,nan,nan,nan,0
early,cage,2,1,resnet,False,none,lr,0.0001,0.0001,32,4,0.5963,0.8324,0.7009,0.6744,0.4563,nan,nan,nan,nan,0
early,cage,2,1,resnet,False,none,lr,0.0001,0.0001,32,5,0.5346,0.7486,0.6498,0.7442,0.5079,0.7826,0.7466,0.6667,0.6434,1
early,cage,2,1,resnet,False,none,lr,0.0001,0.0001,32,6,0.4718,0.7346,0.7770,0.6512,0.5595,nan,nan,nan,nan,0
early,cage,2,1,resnet,False,none,lr,0.0001,0.0001,32,7,0.3964,0.9414,0.8822,0.7442,0.5040,nan,nan,nan,nan,0
early,cage,2,1,resnet,False,none,lr,0.0001,0.0001,32,8,0.3551,0.6536,0.9767,0.6279,0.7103,nan,nan,nan,nan,0
early,cage,2,1,resnet,False,none,lr,0.0001,0.0001,32,9,0.3058,1.0228,1.0932,0.6512,0.4405,nan,nan,nan,nan,0
early,cage,2,1,resnet,False,none,lr,0.0001,0.0001,32,10,0.2504,1.1170,0.9962,0.7209,0.5794,nan,nan,nan,nan,0
early,cage,2,1,resnet,False,none,lr,0.0001,0.0001,32,11,0.2423,1.0211,0.9974,0.6977,0.5595,nan,nan,nan,nan,0
early,cage,2,1,resnet,False,none,lr,0.0001,0.0001,32,12,0.1766,1.2018,1.2833,0.7442,0.5198,nan,nan,nan,nan,0
early,cage,2,1,resnet,False,none,lr,0.0001,0.0001,32,13,0.1557,1.1415,1.3233,0.6977,0.5119,nan,nan,nan,nan,0
early,cage,2,1,resnet,False,none,lr,0.0001,0.0001,32,14,0.1459,1.3773,1.2498,0.8605,0.5278,nan,nan,nan,nan,0
early,cage,2,1,resnet,False,none,lr,0.0001,0.0001,32,15,0.0883,1.4379,1.3066,0.8372,0.6429,nan,nan,nan,nan,0
early,cage,2,1,resnet,False,none,lr,0.0001,0.0001,32,16,0.1130,1.5992,1.3289,0.7907,0.5754,nan,nan,nan,nan,0
early,cage,2,3,resnet,False,none,lr,0.0001,0.0001,32,1,0.7307,0.7283,0.7951,0.2143,0.3918,nan,nan,nan,nan,0
early,cage,2,3,resnet,False,none,lr,0.0001,0.0001,32,2,0.6884,0.7199,0.6579,0.7381,0.4653,nan,nan,nan,nan,0
early,cage,2,3,resnet,False,none,lr,0.0001,0.0001,32,3,0.6608,0.6906,0.7322,0.5714,0.5592,nan,nan,nan,nan,0
early,cage,2,3,resnet,False,none,lr,0.0001,0.0001,32,4,0.6073,0.6883,0.6493,0.7143,0.6367,nan,nan,nan,nan,0
early,cage,2,3,resnet,False,none,lr,0.0001,0.0001,32,5,0.5420,0.7226,0.7306,0.6667,0.6041,nan,nan,nan,nan,1
early,cage,2,3,resnet,False,none,lr,0.0001,0.0001,32,6,0.4523,0.7968,0.7971,0.6667,0.4980,nan,nan,nan,nan,1
early,cage,2,3,resnet,False,none,lr,0.0001,0.0001,32,7,0.3922,0.9069,0.9114,0.7143,0.5469,nan,nan,nan,nan,1
early,cage,2,3,resnet,False,none,lr,0.0001,0.0001,32,8,0.3398,0.9354,0.9523,0.5952,0.5347,nan,nan,nan,nan,0
early,cage,2,3,resnet,False,none,lr,0.0001,0.0001,32,9,0.2738,1.0320,0.9853,0.6905,0.6408,nan,nan,nan,nan,0
early,cage,2,3,resnet,False,none,lr,0.0001,0.0001,32,10,0.2446,1.2457,1.0888,0.7381,0.5633,nan,nan,nan,nan,0
early,cage,2,3,resnet,False,none,lr,0.0001,0.0001,32,11,0.1897,1.3244,1.4023,0.6667,0.5020,nan,nan,nan,nan,0
early,cage,2,3,resnet,False,none,lr,0.0001,0.0001,32,12,0.1684,1.3731,1.1764,0.7857,0.6000,nan,nan,nan,nan,0
early,cage,2,3,resnet,False,none,lr,0.0001,0.0001,32,13,0.1393,1.9539,1.4656,0.8095,0.5143,nan,nan,nan,nan,0
early,cage,2,3,resnet,False,none,lr,0.0001,0.0001,32,14,0.1198,1.4393,1.3816,0.7381,0.5429,nan,nan,nan,nan,0
early,cage,2,3,resnet,False,none,lr,0.0001,0.0001,32,15,0.0993,1.8513,1.5199,0.8333,0.6694,nan,nan,nan,nan,0
early,cage,2,3,resnet,False,none,lr,0.0001,0.0001,32,16,0.0987,1.0277,1.3052,0.6429,0.6408,nan,nan,nan,nan,1
early,cage,2,3,resnet,False,none,lr,0.0001,0.0001,32,17,0.0685,1.5554,1.4876,0.7143,0.6082,nan,nan,nan,nan,0
early,cage,2,3,resnet,False,none,lr,0.0001,0.0001,32,18,0.0658,2.7747,1.8720,0.8333,0.6163,2.2031,1.5003,0.8095,0.7426,1
early,cage,2,3,resnet,False,none,lr,0.0001,0.0001,32,19,0.0736,1.7515,1.5813,0.8095,0.5551,nan,nan,nan,nan,0
early,cage,2,3,resnet,False,none,lr,0.0001,0.0001,32,20,0.0616,1.3942,1.6112,0.6667,0.5469,nan,nan,nan,nan,0
early,cage,2,3,resnet,False,none,lr,0.0001,0.0001,32,21,0.0521,2.1910,1.6237,0.7857,0.6245,nan,nan,nan,nan,0
early,cage,2,3,resnet,False,none,lr,0.0001,0.0001,32,22,0.0393,2.2878,1.7805,0.8333,0.6041,nan,nan,nan,nan,0
early,cage,2,3,resnet,False,none,lr,0.0001,0.0001,32,23,0.0714,2.0963,1.8457,0.7619,0.5429,nan,nan,nan,nan,0
early,cage,2,4,resnet,False,none,lr,0.0001,0.0001,32,1,0.7351,0.6813,0.6923,0.4186,0.6321,nan,nan,nan,nan,0
early,cage,2,4,resnet,False,none,lr,0.0001,0.0001,32,2,0.7002,0.6931,0.6691,0.7442,0.6071,nan,nan,nan,nan,0
early,cage,2,4,resnet,False,none,lr,0.0001,0.0001,32,3,0.6681,0.7134,0.6799,0.7442,0.5536,nan,nan,nan,nan,0
early,cage,2,4,resnet,False,none,lr,0.0001,0.0001,32,4,0.6282,0.7371,0.6761,0.7442,0.5107,nan,nan,nan,nan,0
early,cage,2,4,resnet,False,none,lr,0.0001,0.0001,32,5,0.5654,0.6525,0.7408,0.6279,0.6464,nan,nan,nan,nan,1
early,cage,2,4,resnet,False,none,lr,0.0001,0.0001,32,6,0.4830,0.6291,0.8064,0.5116,0.6571,nan,nan,nan,nan,0
early,cage,2,4,resnet,False,none,lr,0.0001,0.0001,32,7,0.4321,0.6876,0.7829,0.6744,0.6679,nan,nan,nan,nan,1
early,cage,2,4,resnet,False,none,lr,0.0001,0.0001,32,8,0.3830,0.7971,0.7732,0.8372,0.8143,nan,nan,nan,nan,1
early,cage,2,4,resnet,False,none,lr,0.0001,0.0001,32,9,0.3372,0.9000,0.9711,0.7907,0.6250,0.8869,0.8580,0.7857,0.7243,1
early,cage,2,4,resnet,False,none,lr,0.0001,0.0001,32,10,0.2697,1.2232,1.0776,0.8372,0.5893,nan,nan,nan,nan,0
early,cage,2,4,resnet,False,none,lr,0.0001,0.0001,32,11,0.2409,1.3172,1.2425,0.8140,0.5071,nan,nan,nan,nan,0
early,cage,2,4,resnet,False,none,lr,0.0001,0.0001,32,12,0.2091,2.1484,1.6691,0.8140,0.4607,nan,nan,nan,nan,0
early,cage,2,4,resnet,False,none,lr,0.0001,0.0001,32,13,0.1802,1.4753,1.4313,0.7674,0.5143,nan,nan,nan,nan,0
early,cage,2,4,resnet,False,none,lr,0.0001,0.0001,32,14,0.1453,1.4035,1.3460,0.8140,0.7000,nan,nan,nan,nan,0
early,cage,2,4,resnet,False,none,lr,0.0001,0.0001,32,15,0.1410,1.0959,1.2323,0.8372,0.6964,nan,nan,nan,nan,0
early,cage,2,4,resnet,False,none,lr,0.0001,0.0001,32,16,0.1232,1.4696,1.4445,0.7907,0.6536,nan,nan,nan,nan,0
early,cage,2,5,resnet,False,none,lr,0.0001,0.0001,32,1,0.7232,0.7185,0.6614,0.7750,0.4910,nan,nan,nan,nan,0
early,cage,2,5,resnet,False,none,lr,0.0001,0.0001,32,2,0.6807,0.7795,0.8596,0.2750,0.3943,nan,nan,nan,nan,0
early,cage,2,5,resnet,False,none,lr,0.0001,0.0001,32,3,0.6218,0.9454,0.7460,0.7250,0.4265,nan,nan,nan,nan,0
early,cage,2,5,resnet,False,none,lr,0.0001,0.0001,32,4,0.5310,1.1509,0.9638,0.6750,0.3584,nan,nan,nan,nan,0
early,cage,2,5,resnet,False,none,lr,0.0001,0.0001,32,5,0.4327,1.0052,1.4201,0.4000,0.4444,nan,nan,nan,nan,1
early,cage,2,5,resnet,False,none,lr,0.0001,0.0001,32,6,0.3732,1.2092,1.1241,0.6750,0.4659,nan,nan,nan,nan,0
early,cage,2,5,resnet,False,none,lr,0.0001,0.0001,32,7,0.2862,1.5177,1.3960,0.5250,0.4086,nan,nan,nan,nan,0
early,cage,2,5,resnet,False,none,lr,0.0001,0.0001,32,8,0.2479,2.6990,1.7785,0.7750,0.4695,nan,nan,nan,nan,1
early,cage,2,5,resnet,False,none,lr,0.0001,0.0001,32,9,0.2035,2.8361,1.8668,0.7750,0.4480,1.6236,1.0614,0.7857,0.7132,1
early,cage,2,5,resnet,False,none,lr,0.0001,0.0001,32,10,0.1524,2.7387,1.9816,0.7250,0.4014,nan,nan,nan,nan,0
early,cage,2,5,resnet,False,none,lr,0.0001,0.0001,32,11,0.1475,2.8287,2.0332,0.7000,0.3835,nan,nan,nan,nan,0
early,cage,2,5,resnet,False,none,lr,0.0001,0.0001,32,12,0.1162,2.3251,2.3231,0.5250,0.3728,nan,nan,nan,nan,0
early,cage,2,5,resnet,False,none,lr,0.0001,0.0001,32,13,0.0873,2.8702,2.5350,0.6250,0.4194,nan,nan,nan,nan,0
early,cage,2,5,resnet,False,none,lr,0.0001,0.0001,32,14,0.1055,2.7843,2.0247,0.7000,0.4839,nan,nan,nan,nan,0
early,cage,2,5,resnet,False,none,lr,0.0001,0.0001,32,15,0.0759,2.6511,2.2284,0.6750,0.4086,nan,nan,nan,nan,0
early,cage,2,5,resnet,False,none,lr,0.0001,0.0001,32,16,0.0541,3.2868,2.5073,0.7250,0.4158,nan,nan,nan,nan,0
early,cage,2,6,resnet,False,none,lr,0.0001,0.0001,32,1,0.7153,0.7052,0.6482,0.7805,0.4762,nan,nan,nan,nan,0
early,cage,2,6,resnet,False,none,lr,0.0001,0.0001,32,2,0.6858,0.6923,0.6526,0.5854,0.5714,nan,nan,nan,nan,0
early,cage,2,6,resnet,False,none,lr,0.0001,0.0001,32,3,0.6539,0.6874,0.6827,0.6829,0.5857,nan,nan,nan,nan,0
early,cage,2,6,resnet,False,none,lr,0.0001,0.0001,32,4,0.5967,0.6890,0.6113,0.8049,0.6619,nan,nan,nan,nan,0
early,cage,2,6,resnet,False,none,lr,0.0001,0.0001,32,5,0.5234,0.6659,0.7418,0.6341,0.6571,nan,nan,nan,nan,1
early,cage,2,6,resnet,False,none,lr,0.0001,0.0001,32,6,0.4670,0.7704,0.9441,0.5610,0.5524,0.5931,0.8173,0.5476,0.8162,1
early,cage,2,6,resnet,False,none,lr,0.0001,0.0001,32,7,0.3973,0.8403,0.8877,0.6341,0.4667,nan,nan,nan,nan,0
early,cage,2,6,resnet,False,none,lr,0.0001,0.0001,32,8,0.3521,0.8473,1.0806,0.5610,0.5048,nan,nan,nan,nan,0
early,cage,2,6,resnet,False,none,lr,0.0001,0.0001,32,9,0.3015,1.0946,0.9852,0.8049,0.4905,nan,nan,nan,nan,0
early,cage,2,6,resnet,False,none,lr,0.0001,0.0001,32,10,0.2582,1.0768,1.1185,0.7317,0.5000,nan,nan,nan,nan,0
early,cage,2,6,resnet,False,none,lr,0.0001,0.0001,32,11,0.2186,1.5406,1.3173,0.7561,0.4190,nan,nan,nan,nan,0
early,cage,2,6,resnet,False,none,lr,0.0001,0.0001,32,12,0.1772,1.0426,1.2561,0.6585,0.5429,nan,nan,nan,nan,0
early,cage,2,6,resnet,False,none,lr,0.0001,0.0001,32,13,0.1535,2.1396,1.5961,0.8049,0.4905,nan,nan,nan,nan,0
early,cage,2,6,resnet,False,none,lr,0.0001,0.0001,32,14,0.1354,2.1491,1.7354,0.7805,0.4810,nan,nan,nan,nan,0
early,cage,2,6,resnet,False,none,lr,0.0001,0.0001,32,15,0.1225,2.1225,1.7286,0.8293,0.4095,nan,nan,nan,nan,0
early,cage,2,6,resnet,False,none,lr,0.0001,0.0001,32,16,0.1081,2.5464,1.9031,0.8049,0.4286,nan,nan,nan,nan,0
early,cage,2,7,resnet,False,none,lr,0.0001,0.0001,32,1,0.7125,0.7805,0.8314,0.3182,0.3542,nan,nan,nan,nan,0
early,cage,2,7,resnet,False,none,lr,0.0001,0.0001,32,2,0.6766,0.7715,0.7201,0.6818,0.4375,nan,nan,nan,nan,0
early,cage,2,7,resnet,False,none,lr,0.0001,0.0001,32,3,0.6355,0.7619,0.8268,0.3864,0.4132,nan,nan,nan,nan,0
early,cage,2,7,resnet,False,none,lr,0.0001,0.0001,32,4,0.6048,0.7673,0.8314,0.4545,0.4931,nan,nan,nan,nan,0
early,cage,2,7,resnet,False,none,lr,0.0001,0.0001,32,5,0.5364,0.8693,1.1006,0.3409,0.5174,nan,nan,nan,nan,1
early,cage,2,7,resnet,False,none,lr,0.0001,0.0001,32,6,0.4855,0.6606,0.7814,0.5682,0.6424,nan,nan,nan,nan,1
early,cage,2,7,resnet,False,none,lr,0.0001,0.0001,32,7,0.4257,0.9072,0.8272,0.7045,0.5417,nan,nan,nan,nan,1
early,cage,2,7,resnet,False,none,lr,0.0001,0.0001,32,8,0.3851,0.9793,0.7335,0.8182,0.6875,nan,nan,nan,nan,1
early,cage,2,7,resnet,False,none,lr,0.0001,0.0001,32,9,0.3238,0.9850,0.8571,0.7727,0.5799,nan,nan,nan,nan,1
early,cage,2,7,resnet,False,none,lr,0.0001,0.0001,32,10,0.2896,1.0521,0.9764,0.7273,0.5521,nan,nan,nan,nan,1
early,cage,2,7,resnet,False,none,lr,0.0001,0.0001,32,11,0.2554,1.1309,0.9035,0.7727,0.6181,nan,nan,nan,nan,0
early,cage,2,7,resnet,False,none,lr,0.0001,0.0001,32,12,0.2070,1.1179,1.1527,0.6818,0.5729,nan,nan,nan,nan,0
early,cage,2,7,resnet,False,none,lr,0.0001,0.0001,32,13,0.1838,1.4746,1.0692,0.8182,0.5660,nan,nan,nan,nan,0
early,cage,2,7,resnet,False,none,lr,0.0001,0.0001,32,14,0.1761,1.6420,1.1137,0.7955,0.6597,nan,nan,nan,nan,0
early,cage,2,7,resnet,False,none,lr,0.0001,0.0001,32,15,0.1396,1.1141,1.1341,0.7727,0.6458,nan,nan,nan,nan,1
early,cage,2,7,resnet,False,none,lr,0.0001,0.0001,32,16,0.1263,1.9470,1.3583,0.8182,0.6007,nan,nan,nan,nan,0
early,cage,2,7,resnet,False,none,lr,0.0001,0.0001,32,17,0.0994,1.8429,1.4688,0.7955,0.5382,nan,nan,nan,nan,0
early,cage,2,7,resnet,False,none,lr,0.0001,0.0001,32,18,0.1048,0.8585,1.1523,0.7955,0.7674,nan,nan,nan,nan,1
early,cage,2,7,resnet,False,none,lr,0.0001,0.0001,32,19,0.0759,1.8765,1.6372,0.7955,0.6528,nan,nan,nan,nan,0
early,cage,2,7,resnet,False,none,lr,0.0001,0.0001,32,20,0.0699,1.7403,1.6118,0.7955,0.6007,nan,nan,nan,nan,0
early,cage,2,7,resnet,False,none,lr,0.0001,0.0001,32,21,0.0671,2.9683,1.9025,0.8182,0.6111,nan,nan,nan,nan,0
early,cage,2,7,resnet,False,none,lr,0.0001,0.0001,32,22,0.0732,1.5258,1.4848,0.7727,0.6215,0.9226,1.4020,0.8810,0.8162,1
early,cage,2,7,resnet,False,none,lr,0.0001,0.0001,32,23,0.0638,1.8481,1.4948,0.7955,0.6250,nan,nan,nan,nan,0
early,cage,2,7,resnet,False,none,lr,0.0001,0.0001,32,24,0.0441,3.1419,1.9332,0.8182,0.6111,nan,nan,nan,nan,0
early,cage,2,7,resnet,False,none,lr,0.0001,0.0001,32,25,0.0552,2.5272,1.8923,0.7727,0.5938,nan,nan,nan,nan,0
early,cage,2,7,resnet,False,none,lr,0.0001,0.0001,32,26,0.0444,1.5299,1.7489,0.6818,0.6389,nan,nan,nan,nan,0
early,cage,2,7,resnet,False,none,lr,0.0001,0.0001,32,27,0.0479,2.5257,2.0774,0.8409,0.6493,nan,nan,nan,nan,0
early,cage,2,8,resnet,False,none,lr,0.0001,0.0001,32,1,0.7200,0.7016,0.6363,0.7872,0.5000,nan,nan,nan,nan,0
early,cage,2,8,resnet,False,none,lr,0.0001,0.0001,32,2,0.6923,0.6748,0.6879,0.6170,0.6442,nan,nan,nan,nan,0
early,cage,2,8,resnet,False,none,lr,0.0001,0.0001,32,3,0.6477,0.6899,0.7751,0.5532,0.5994,nan,nan,nan,nan,0
early,cage,2,8,resnet,False,none,lr,0.0001,0.0001,32,4,0.5881,0.6971,0.6676,0.6809,0.5897,nan,nan,nan,nan,0
early,cage,2,8,resnet,False,none,lr,0.0001,0.0001,32,5,0.5202,0.7238,0.7761,0.6170,0.6122,nan,nan,nan,nan,1
early,cage,2,8,resnet,False,none,lr,0.0001,0.0001,32,6,0.4602,1.1097,0.7596,0.8298,0.6442,1.0265,0.7837,0.8333,0.7390,1
early,cage,2,8,resnet,False,none,lr,0.0001,0.0001,32,7,0.4073,0.8708,0.8825,0.6383,0.5192,nan,nan,nan,nan,0
early,cage,2,8,resnet,False,none,lr,0.0001,0.0001,32,8,0.3776,1.2998,0.8550,0.8298,0.5385,nan,nan,nan,nan,0
early,cage,2,8,resnet,False,none,lr,0.0001,0.0001,32,9,0.2944,1.1964,0.9449,0.8085,0.5577,nan,nan,nan,nan,0
early,cage,2,8,resnet,False,none,lr,0.0001,0.0001,32,10,0.2846,1.4535,0.9861,0.8085,0.5160,nan,nan,nan,nan,0
early,cage,2,8,resnet,False,none,lr,0.0001,0.0001,32,11,0.2563,1.5060,1.0125,0.8085,0.6058,nan,nan,nan,nan,0
early,cage,2,8,resnet,False,none,lr,0.0001,0.0001,32,12,0.2042,1.5790,1.0244,0.8298,0.6314,nan,nan,nan,nan,0
early,cage,2,8,resnet,False,none,lr,0.0001,0.0001,32,13,0.1818,2.0982,1.3178,0.8085,0.5160,nan,nan,nan,nan,0
early,cage,2,8,resnet,False,none,lr,0.0001,0.0001,32,14,0.1488,2.1215,1.3231,0.7660,0.4583,nan,nan,nan,nan,0
early,cage,2,8,resnet,False,none,lr,0.0001,0.0001,32,15,0.1538,2.0917,1.3452,0.8298,0.5481,nan,nan,nan,nan,0
early,cage,2,8,resnet,False,none,lr,0.0001,0.0001,32,16,0.1454,1.5044,1.1028,0.8511,0.6731,nan,nan,nan,nan,0
early,cage,2,9,resnet,False,none,lr,0.0001,0.0001,32,1,0.7262,0.7266,0.6226,0.7857,0.7374,nan,nan,nan,nan,0
early,cage,2,9,resnet,False,none,lr,0.0001,0.0001,32,2,0.6919,0.7440,0.7324,0.6190,0.4781,nan,nan,nan,nan,0
early,cage,2,9,resnet,False,none,lr,0.0001,0.0001,32,3,0.6283,0.7228,0.7622,0.5476,0.5589,nan,nan,nan,nan,0
early,cage,2,9,resnet,False,none,lr,0.0001,0.0001,32,4,0.5610,1.0022,0.8935,0.6190,0.5320,nan,nan,nan,nan,0
early,cage,2,9,resnet,False,none,lr,0.0001,0.0001,32,5,0.4913,1.0998,0.9602,0.6190,0.4949,nan,nan,nan,nan,1
early,cage,2,9,resnet,False,none,lr,0.0001,0.0001,32,6,0.4289,1.1779,1.1860,0.5476,0.4478,nan,nan,nan,nan,0
early,cage,2,9,resnet,False,none,lr,0.0001,0.0001,32,7,0.3617,1.2029,1.2090,0.5476,0.5118,nan,nan,nan,nan,0
early,cage,2,9,resnet,False,none,lr,0.0001,0.0001,32,8,0.3324,1.5092,1.2080,0.7381,0.4882,nan,nan,nan,nan,0
early,cage,2,9,resnet,False,none,lr,0.0001,0.0001,32,9,0.2414,1.1755,1.6899,0.4762,0.4646,nan,nan,nan,nan,0
early,cage,2,9,resnet,False,none,lr,0.0001,0.0001,32,10,0.2346,1.2961,1.7314,0.5238,0.4377,nan,nan,nan,nan,0
early,cage,2,9,resnet,False,none,lr,0.0001,0.0001,32,11,0.1970,1.5491,1.6396,0.5952,0.5623,nan,nan,nan,nan,0
early,cage,2,9,resnet,False,none,lr,0.0001,0.0001,32,12,0.1689,1.2701,1.8539,0.6190,0.5556,nan,nan,nan,nan,0
early,cage,2,9,resnet,False,none,lr,0.0001,0.0001,32,13,0.1333,2.0054,1.5571,0.7619,0.6431,nan,nan,nan,nan,0
early,cage,2,9,resnet,False,none,lr,0.0001,0.0001,32,14,0.1173,2.7489,2.1053,0.7143,0.5556,nan,nan,nan,nan,0
early,cage,2,9,resnet,False,none,lr,0.0001,0.0001,32,15,0.1152,1.5157,2.1615,0.5714,0.5320,0.7260,1.3779,0.7381,0.7426,1
early,cage,2,9,resnet,False,none,lr,0.0001,0.0001,32,16,0.0980,2.1931,2.0442,0.6429,0.5657,nan,nan,nan,nan,0
early,cage,2,9,resnet,False,none,lr,0.0001,0.0001,32,17,0.0914,2.9035,2.2217,0.7143,0.5623,nan,nan,nan,nan,0
early,cage,2,9,resnet,False,none,lr,0.0001,0.0001,32,18,0.0736,2.7553,2.1435,0.7143,0.5791,nan,nan,nan,nan,0
early,cage,2,9,resnet,False,none,lr,0.0001,0.0001,32,19,0.0782,1.3358,1.8624,0.5238,0.5724,nan,nan,nan,nan,0
early,cage,2,9,resnet,False,none,lr,0.0001,0.0001,32,20,0.0555,2.6946,2.0738,0.7381,0.5690,nan,nan,nan,nan,0
early,cage,3,0,resnet,False,none,lr,0.0001,0.0001,32,1,0.7237,0.7615,0.6223,0.8372,0.4802,nan,nan,nan,nan,0
early,cage,3,0,resnet,False,none,lr,0.0001,0.0001,32,2,0.6986,0.6781,0.6639,0.7442,0.6111,nan,nan,nan,nan,0
early,cage,3,0,resnet,False,none,lr,0.0001,0.0001,32,3,0.6542,0.6830,0.7233,0.5349,0.6071,nan,nan,nan,nan,0
early,cage,3,0,resnet,False,none,lr,0.0001,0.0001,32,4,0.5924,0.6456,0.6320,0.7907,0.6825,nan,nan,nan,nan,0
early,cage,3,0,resnet,False,none,lr,0.0001,0.0001,32,5,0.5202,0.6145,0.7175,0.6279,0.7262,nan,nan,nan,nan,1
early,cage,3,0,resnet,False,none,lr,0.0001,0.0001,32,6,0.4517,0.6542,0.7598,0.7907,0.7183,nan,nan,nan,nan,1
early,cage,3,0,resnet,False,none,lr,0.0001,0.0001,32,7,0.3611,1.0277,0.8353,0.7674,0.8056,nan,nan,nan,nan,1
early,cage,3,0,resnet,False,none,lr,0.0001,0.0001,32,8,0.3029,1.0506,0.9600,0.7442,0.6984,nan,nan,nan,nan,1
early,cage,3,0,resnet,False,none,lr,0.0001,0.0001,32,9,0.2524,1.4715,1.1429,0.7674,0.7103,1.4380,1.0071,0.8095,0.5755,1
early,cage,3,0,resnet,False,none,lr,0.0001,0.0001,32,10,0.1886,1.6085,1.3342,0.7674,0.6786,nan,nan,nan,nan,0
early,cage,3,0,resnet,False,none,lr,0.0001,0.0001,32,11,0.1544,2.2696,1.6314,0.8140,0.6389,nan,nan,nan,nan,0
early,cage,3,0,resnet,False,none,lr,0.0001,0.0001,32,12,0.1390,1.2473,1.2338,0.7674,0.7302,nan,nan,nan,nan,0
early,cage,3,0,resnet,False,none,lr,0.0001,0.0001,32,13,0.1271,1.8860,1.5329,0.7442,0.5714,nan,nan,nan,nan,0
early,cage,3,0,resnet,False,none,lr,0.0001,0.0001,32,14,0.1020,2.4020,1.7466,0.8140,0.6429,nan,nan,nan,nan,0
early,cage,3,0,resnet,False,none,lr,0.0001,0.0001,32,15,0.0776,1.5920,1.5825,0.7907,0.6190,nan,nan,nan,nan,0
early,cage,3,0,resnet,False,none,lr,0.0001,0.0001,32,16,0.0908,1.6316,1.6750,0.6977,0.6349,nan,nan,nan,nan,0
early,cage,3,1,resnet,False,none,lr,0.0001,0.0001,32,1,0.7232,0.7021,0.7730,0.3256,0.5992,nan,nan,nan,nan,0
early,cage,3,1,resnet,False,none,lr,0.0001,0.0001,32,2,0.6890,0.6897,0.8146,0.3953,0.7103,nan,nan,nan,nan,0
early,cage,3,1,resnet,False,none,lr,0.0001,0.0001,32,3,0.6315,0.7108,0.8430,0.3953,0.6667,nan,nan,nan,nan,0
early,cage,3,1,resnet,False,none,lr,0.0001,0.0001,32,4,0.5547,0.7474,0.9091,0.4884,0.6190,nan,nan,nan,nan,0
early,cage,3,1,resnet,False,none,lr,0.0001,0.0001,32,5,0.4867,0.8188,0.7066,0.7442,0.5794,nan,nan,nan,nan,1
early,cage,3,1,resnet,False,none,lr,0.0001,0.0001,32,6,0.4159,0.8471,0.7700,0.7674,0.6270,0.8697,0.7980,0.7857,0.6898,1
early,cage,3,1,resnet,False,none,lr,0.0001,0.0001,32,7,0.3479,0.8399,1.3355,0.5116,0.6310,nan,nan,nan,nan,0
early,cage,3,1,resnet,False,none,lr,0.0001,0.0001,32,8,0.3256,1.5046,1.1136,0.8140,0.4246,nan,nan,nan,nan,0
early,cage,3,1,resnet,False,none,lr,0.0001,0.0001,32,9,0.2512,0.8376,1.0642,0.6279,0.6508,nan,nan,nan,nan,0
early,cage,3,1,resnet,False,none,lr,0.0001,0.0001,32,10,0.2248,1.2260,1.1455,0.7442,0.6230,nan,nan,nan,nan,0
early,cage,3,1,resnet,False,none,lr,0.0001,0.0001,32,11,0.1932,1.3796,1.1257,0.8140,0.5278,nan,nan,nan,nan,0
early,cage,3,1,resnet,False,none,lr,0.0001,0.0001,32,12,0.1728,1.3159,1.0887,0.7907,0.5873,nan,nan,nan,nan,0
early,cage,3,1,resnet,False,none,lr,0.0001,0.0001,32,13,0.1409,2.0331,1.2965,0.8372,0.5079,nan,nan,nan,nan,0
early,cage,3,1,resnet,False,none,lr,0.0001,0.0001,32,14,0.1172,1.9608,1.3316,0.8605,0.5952,nan,nan,nan,nan,0
early,cage,3,1,resnet,False,none,lr,0.0001,0.0001,32,15,0.1000,1.6393,1.3086,0.7674,0.5794,nan,nan,nan,nan,0
early,cage,3,1,resnet,False,none,lr,0.0001,0.0001,32,16,0.0973,1.7064,1.4724,0.6977,0.5198,nan,nan,nan,nan,0
early,cage,3,2,resnet,False,none,lr,0.0001,0.0001,32,1,0.7224,0.6925,0.6675,0.6190,0.5294,nan,nan,nan,nan,0
early,cage,3,2,resnet,False,none,lr,0.0001,0.0001,32,2,0.6951,0.6679,0.7415,0.5000,0.6507,nan,nan,nan,nan,0
early,cage,3,2,resnet,False,none,lr,0.0001,0.0001,32,3,0.6547,0.6039,0.7244,0.4762,0.8456,nan,nan,nan,nan,0
early,cage,3,2,resnet,False,none,lr,0.0001,0.0001,32,4,0.5971,0.6062,0.6032,0.8810,0.8199,nan,nan,nan,nan,0
early,cage,3,2,resnet,False,none,lr,0.0001,0.0001,32,5,0.5423,0.9866,0.7473,0.7381,0.6397,nan,nan,nan,nan,1
early,cage,3,2,resnet,False,none,lr,0.0001,0.0001,32,6,0.4946,0.9060,0.7925,0.8333,0.6838,nan,nan,nan,nan,1
early,cage,3,2,resnet,False,none,lr,0.0001,0.0001,32,7,0.4247,0.6962,0.7686,0.8095,0.7868,nan,nan,nan,nan,1
early,cage,3,2,resnet,False,none,lr,0.0001,0.0001,32,8,0.3750,0.8247,0.9944,0.8333,0.6801,nan,nan,nan,nan,0
early,cage,3,2,resnet,False,none,lr,0.0001,0.0001,32,9,0.3296,1.1367,0.8957,0.8333,0.7096,nan,nan,nan,nan,0
early,cage,3,2,resnet,False,none,lr,0.0001,0.0001,32,10,0.2814,1.1386,0.9278,0.8095,0.7537,nan,nan,nan,nan,0
early,cage,3,2,resnet,False,none,lr,0.0001,0.0001,32,11,0.2447,1.2781,0.9863,0.8333,0.7868,nan,nan,nan,nan,0
early,cage,3,2,resnet,False,none,lr,0.0001,0.0001,32,12,0.2121,0.7595,1.2390,0.8810,0.8419,nan,nan,nan,nan,0
early,cage,3,2,resnet,False,none,lr,0.0001,0.0001,32,13,0.1868,1.0555,0.9889,0.8571,0.7684,nan,nan,nan,nan,1
early,cage,3,2,resnet,False,none,lr,0.0001,0.0001,32,14,0.1754,0.7507,0.9358,0.9048,0.8493,nan,nan,nan,nan,1
early,cage,3,2,resnet,False,none,lr,0.0001,0.0001,32,15,0.1561,0.7635,0.9820,0.8095,0.8199,nan,nan,nan,nan,1
early,cage,3,2,resnet,False,none,lr,0.0001,0.0001,32,16,0.1122,1.1966,1.1280,0.8810,0.7721,nan,nan,nan,nan,0
early,cage,3,2,resnet,False,none,lr,0.0001,0.0001,32,17,0.1012,0.9763,0.9208,0.8810,0.8750,nan,nan,nan,nan,0
early,cage,3,2,resnet,False,none,lr,0.0001,0.0001,32,18,0.1150,1.0418,1.1512,0.8333,0.7868,nan,nan,nan,nan,1
early,cage,3,2,resnet,False,none,lr,0.0001,0.0001,32,19,0.0815,1.0059,1.1007,0.8810,0.8309,nan,nan,nan,nan,0
early,cage,3,2,resnet,False,none,lr,0.0001,0.0001,32,20,0.0726,0.8355,1.0915,0.8571,0.8897,nan,nan,nan,nan,1
early,cage,3,2,resnet,False,none,lr,0.0001,0.0001,32,21,0.0668,1.8732,1.4348,0.8333,0.8162,2.7042,1.9098,0.8095,0.5714,1
early,cage,3,2,resnet,False,none,lr,0.0001,0.0001,32,22,0.0651,1.7282,1.4124,0.8333,0.8235,nan,nan,nan,nan,0
early,cage,3,2,resnet,False,none,lr,0.0001,0.0001,32,23,0.0949,1.8156,1.4077,0.8095,0.7463,nan,nan,nan,nan,0
early,cage,3,2,resnet,False,none,lr,0.0001,0.0001,32,24,0.0439,1.3772,1.4343,0.7857,0.8309,nan,nan,nan,nan,0
early,cage,3,2,resnet,False,none,lr,0.0001,0.0001,32,25,0.0497,1.1887,1.3318,0.8810,0.8088,nan,nan,nan,nan,0
early,cage,3,2,resnet,False,none,lr,0.0001,0.0001,32,26,0.0697,1.3093,1.3036,0.8571,0.8382,nan,nan,nan,nan,0
early,cage,3,4,resnet,False,none,lr,0.0001,0.0001,32,1,0.7271,0.7420,0.6546,0.8140,0.6536,nan,nan,nan,nan,0
early,cage,3,4,resnet,False,none,lr,0.0001,0.0001,32,2,0.7045,0.6707,0.6460,0.7907,0.6393,nan,nan,nan,nan,0
early,cage,3,4,resnet,False,none,lr,0.0001,0.0001,32,3,0.6450,0.7267,0.6903,0.6512,0.5036,nan,nan,nan,nan,0
early,cage,3,4,resnet,False,none,lr,0.0001,0.0001,32,4,0.5930,0.7074,0.6287,0.7674,0.6893,nan,nan,nan,nan,0
early,cage,3,4,resnet,False,none,lr,0.0001,0.0001,32,5,0.5151,0.6569,0.8218,0.4884,0.7107,nan,nan,nan,nan,1
early,cage,3,4,resnet,False,none,lr,0.0001,0.0001,32,6,0.4386,0.7304,0.7881,0.8140,0.7179,nan,nan,nan,nan,1
early,cage,3,4,resnet,False,none,lr,0.0001,0.0001,32,7,0.3901,1.0191,0.9537,0.8140,0.6893,nan,nan,nan,nan,1
early,cage,3,4,resnet,False,none,lr,0.0001,0.0001,32,8,0.3455,0.8109,0.9559,0.7674,0.6429,nan,nan,nan,nan,1
early,cage,3,4,resnet,False,none,lr,0.0001,0.0001,32,9,0.2729,1.2602,1.1696,0.8140,0.6571,nan,nan,nan,nan,0
early,cage,3,4,resnet,False,none,lr,0.0001,0.0001,32,10,0.2446,1.2899,1.2777,0.7907,0.6321,nan,nan,nan,nan,0
early,cage,3,4,resnet,False,none,lr,0.0001,0.0001,32,11,0.2200,0.8865,1.2532,0.6512,0.5964,nan,nan,nan,nan,0
early,cage,3,4,resnet,False,none,lr,0.0001,0.0001,32,12,0.1979,0.5034,1.1964,0.7907,0.8429,nan,nan,nan,nan,0
early,cage,3,4,resnet,False,none,lr,0.0001,0.0001,32,13,0.1499,1.9022,1.5595,0.7907,0.6607,nan,nan,nan,nan,0
early,cage,3,4,resnet,False,none,lr,0.0001,0.0001,32,14,0.1380,1.0289,1.2669,0.7907,0.7107,nan,nan,nan,nan,0
early,cage,3,4,resnet,False,none,lr,0.0001,0.0001,32,15,0.1386,1.1368,1.3406,0.8140,0.7107,nan,nan,nan,nan,1
early,cage,3,4,resnet,False,none,lr,0.0001,0.0001,32,16,0.1020,1.7875,1.6282,0.8140,0.7464,1.9958,1.4766,0.8333,0.6082,1
early,cage,3,4,resnet,False,none,lr,0.0001,0.0001,32,17,0.0966,1.6778,1.6130,0.8140,0.7607,nan,nan,nan,nan,0
early,cage,3,4,resnet,False,none,lr,0.0001,0.0001,32,18,0.0715,1.3446,1.6374,0.7674,0.7143,nan,nan,nan,nan,0
early,cage,3,4,resnet,False,none,lr,0.0001,0.0001,32,19,0.0949,1.7165,1.7221,0.8140,0.6857,nan,nan,nan,nan,0
early,cage,3,4,resnet,False,none,lr,0.0001,0.0001,32,20,0.0839,1.1755,1.3627,0.7674,0.7464,nan,nan,nan,nan,0
early,cage,3,4,resnet,False,none,lr,0.0001,0.0001,32,21,0.0908,2.0610,1.8602,0.8140,0.7286,nan,nan,nan,nan,0
early,cage,3,5,resnet,False,none,lr,0.0001,0.0001,32,1,0.7262,0.6935,0.6704,0.7250,0.5269,nan,nan,nan,nan,0
early,cage,3,5,resnet,False,none,lr,0.0001,0.0001,32,2,0.6840,0.7866,0.6962,0.7500,0.4516,nan,nan,nan,nan,0
early,cage,3,5,resnet,False,none,lr,0.0001,0.0001,32,3,0.6157,0.8447,0.7591,0.6250,0.3799,nan,nan,nan,nan,0
early,cage,3,5,resnet,False,none,lr,0.0001,0.0001,32,4,0.5334,1.0317,0.8890,0.6500,0.4588,nan,nan,nan,nan,0
early,cage,3,5,resnet,False,none,lr,0.0001,0.0001,32,5,0.4571,1.8876,1.2947,0.7500,0.3118,1.2445,0.8703,0.8333,0.5959,1
early,cage,3,5,resnet,False,none,lr,0.0001,0.0001,32,6,0.3844,1.3406,1.1817,0.5500,0.4014,nan,nan,nan,nan,0
early,cage,3,5,resnet,False,none,lr,0.0001,0.0001,32,7,0.3266,1.7478,1.3200,0.6500,0.4014,nan,nan,nan,nan,0
early,cage,3,5,resnet,False,none,lr,0.0001,0.0001,32,8,0.2508,2.3715,1.6455,0.7000,0.3548,nan,nan,nan,nan,0
early,cage,3,5,resnet,False,none,lr,0.0001,0.0001,32,9,0.2193,2.4138,1.7648,0.7000,0.4444,nan,nan,nan,nan,0
early,cage,3,5,resnet,False,none,lr,0.0001,0.0001,32,10,0.1723,2.2339,1.8934,0.6500,0.4229,nan,nan,nan,nan,0
early,cage,3,5,resnet,False,none,lr,0.0001,0.0001,32,11,0.1385,2.6450,2.0819,0.5500,0.4122,nan,nan,nan,nan,0
early,cage,3,5,resnet,False,none,lr,0.0001,0.0001,32,12,0.1254,3.0102,2.2563,0.6750,0.3763,nan,nan,nan,nan,0
early,cage,3,5,resnet,False,none,lr,0.0001,0.0001,32,13,0.0996,2.9920,2.5270,0.6000,0.3835,nan,nan,nan,nan,0
early,cage,3,5,resnet,False,none,lr,0.0001,0.0001,32,14,0.1075,3.1486,2.4786,0.6250,0.3728,nan,nan,nan,nan,0
early,cage,3,5,resnet,False,none,lr,0.0001,0.0001,32,15,0.0916,4.0006,2.7531,0.7000,0.3728,nan,nan,nan,nan,0
early,cage,3,5,resnet,False,none,lr,0.0001,0.0001,32,16,0.0531,2.6335,2.4143,0.5500,0.4158,nan,nan,nan,nan,0
early,cage,3,6,resnet,False,none,lr,0.0001,0.0001,32,1,0.7217,0.7363,0.6177,0.8537,0.5476,nan,nan,nan,nan,0
early,cage,3,6,resnet,False,none,lr,0.0001,0.0001,32,2,0.6844,0.6995,0.7069,0.5366,0.5381,nan,nan,nan,nan,0
early,cage,3,6,resnet,False,none,lr,0.0001,0.0001,32,3,0.6485,0.6896,0.7355,0.4146,0.5762,nan,nan,nan,nan,0
early,cage,3,6,resnet,False,none,lr,0.0001,0.0001,32,4,0.5991,0.7365,0.8692,0.4634,0.6143,nan,nan,nan,nan,0
early,cage,3,6,resnet,False,none,lr,0.0001,0.0001,32,5,0.5284,0.8849,0.7593,0.8049,0.5476,0.9047,0.7280,0.7857,0.5755,1
early,cage,3,6,resnet,False,none,lr,0.0001,0.0001,32,6,0.4464,0.8846,0.8546,0.7073,0.4952,nan,nan,nan,nan,0
early,cage,3,6,resnet,False,none,lr,0.0001,0.0001,32,7,0.3798,1.1664,0.9134,0.7805,0.5571,nan,nan,nan,nan,0
early,cage,3,6,resnet,False,none,lr,0.0001,0.0001,32,8,0.3035,1.9533,1.3761,0.8537,0.4667,nan,nan,nan,nan,0
early,cage,3,6,resnet,False,none,lr,0.0001,0.0001,32,9,0.2389,1.4455,1.1933,0.8293,0.4095,nan,nan,nan,nan,0
early,cage,3,6,resnet,False,none,lr,0.0001,0.0001,32,10,0.2242,1.1936,1.2567,0.7561,0.5143,nan,nan,nan,nan,0
early,cage,3,6,resnet,False,none,lr,0.0001,0.0001,32,11,0.1773,1.3500,1.1258,0.8537,0.5476,nan,nan,nan,nan,0
early,cage,3,6,resnet,False,none,lr,0.0001,0.0001,32,12,0.1418,1.1365,1.4703,0.5122,0.4810,nan,nan,nan,nan,0
early,cage,3,6,resnet,False,none,lr,0.0001,0.0001,32,13,0.1244,1.8726,1.4698,0.7805,0.5524,nan,nan,nan,nan,0
early,cage,3,6,resnet,False,none,lr,0.0001,0.0001,32,14,0.1037,1.9913,1.5874,0.7805,0.5238,nan,nan,nan,nan,0
early,cage,3,6,resnet,False,none,lr,0.0001,0.0001,32,15,0.0905,1.4404,1.2119,0.8780,0.7048,nan,nan,nan,nan,0
early,cage,3,6,resnet,False,none,lr,0.0001,0.0001,32,16,0.0732,2.9142,2.0443,0.8293,0.4048,nan,nan,nan,nan,0
early,cage,3,7,resnet,False,none,lr,0.0001,0.0001,32,1,0.7141,0.7831,0.8209,0.3636,0.3438,nan,nan,nan,nan,0
early,cage,3,7,resnet,False,none,lr,0.0001,0.0001,32,2,0.6657,0.8743,0.8023,0.4773,0.3438,nan,nan,nan,nan,0
early,cage,3,7,resnet,False,none,lr,0.0001,0.0001,32,3,0.6481,0.8011,0.8777,0.4318,0.4375,nan,nan,nan,nan,0
early,cage,3,7,resnet,False,none,lr,0.0001,0.0001,32,4,0.5866,0.7947,0.9123,0.3864,0.4826,nan,nan,nan,nan,0
early,cage,3,7,resnet,False,none,lr,0.0001,0.0001,32,5,0.5331,0.8142,0.7009,0.7273,0.5972,nan,nan,nan,nan,1
early,cage,3,7,resnet,False,none,lr,0.0001,0.0001,32,6,0.4574,1.0546,0.7907,0.7955,0.6146,nan,nan,nan,nan,1
early,cage,3,7,resnet,False,none,lr,0.0001,0.0001,32,7,0.4075,0.8852,0.7009,0.7727,0.7500,nan,nan,nan,nan,1
early,cage,3,7,resnet,False,none,lr,0.0001,0.0001,32,8,0.3560,0.9990,0.8689,0.7045,0.6042,nan,nan,nan,nan,1
early,cage,3,7,resnet,False,none,lr,0.0001,0.0001,32,9,0.3157,0.9830,0.9466,0.7045,0.6424,nan,nan,nan,nan,1
early,cage,3,7,resnet,False,none,lr,0.0001,0.0001,32,10,0.2731,1.8429,1.2148,0.8182,0.5243,nan,nan,nan,nan,0
early,cage,3,7,resnet,False,none,lr,0.0001,0.0001,32,11,0.2356,0.7557,1.1230,0.6364,0.6771,nan,nan,nan,nan,0
early,cage,3,7,resnet,False,none,lr,0.0001,0.0001,32,12,0.2103,1.0809,1.0513,0.7273,0.6771,nan,nan,nan,nan,0
early,cage,3,7,resnet,False,none,lr,0.0001,0.0001,32,13,0.1874,1.4536,1.1473,0.7273,0.6250,nan,nan,nan,nan,0
early,cage,3,7,resnet,False,none,lr,0.0001,0.0001,32,14,0.1770,1.6561,1.2071,0.7955,0.6771,nan,nan,nan,nan,0
early,cage,3,7,resnet,False,none,lr,0.0001,0.0001,32,15,0.1424,1.6190,1.3980,0.6818,0.5903,1.7462,1.4188,0.8095,0.5551,1
early,cage,3,7,resnet,False,none,lr,0.0001,0.0001,32,16,0.1187,1.0896,1.3375,0.6818,0.6181,nan,nan,nan,nan,0
early,cage,3,7,resnet,False,none,lr,0.0001,0.0001,32,17,0.0991,2.1040,1.5379,0.7500,0.5486,nan,nan,nan,nan,0
early,cage,3,7,resnet,False,none,lr,0.0001,0.0001,32,18,0.0923,1.8223,1.4742,0.7500,0.5972,nan,nan,nan,nan,0
early,cage,3,7,resnet,False,none,lr,0.0001,0.0001,32,19,0.0659,2.8224,1.8810,0.7727,0.4931,nan,nan,nan,nan,0
early,cage,3,7,resnet,False,none,lr,0.0001,0.0001,32,20,0.0930,1.7381,1.5411,0.7273,0.5764,nan,nan,nan,nan,0
early,cage,3,8,resnet,False,none,lr,0.0001,0.0001,32,1,0.7099,0.8214,0.6122,0.8298,0.4038,nan,nan,nan,nan,0
early,cage,3,8,resnet,False,none,lr,0.0001,0.0001,32,2,0.6765,0.8293,0.5923,0.8298,0.5288,nan,nan,nan,nan,0
early,cage,3,8,resnet,False,none,lr,0.0001,0.0001,32,3,0.6390,0.6882,0.6909,0.6170,0.5769,nan,nan,nan,nan,0
early,cage,3,8,resnet,False,none,lr,0.0001,0.0001,32,4,0.5625,0.6628,0.6330,0.7872,0.6699,nan,nan,nan,nan,0
early,cage,3,8,resnet,False,none,lr,0.0001,0.0001,32,5,0.5152,0.6435,0.8441,0.4681,0.7628,nan,nan,nan,nan,1
early,cage,3,8,resnet,False,none,lr,0.0001,0.0001,32,6,0.4439,0.6389,0.6209,0.7872,0.7468,nan,nan,nan,nan,1
early,cage,3,8,resnet,False,none,lr,0.0001,0.0001,32,7,0.3752,0.6437,0.8626,0.5957,0.6795,nan,nan,nan,nan,1
early,cage,3,8,resnet,False,none,lr,0.0001,0.0001,32,8,0.3142,0.6630,0.7762,0.7447,0.7051,nan,nan,nan,nan,1
early,cage,3,8,resnet,False,none,lr,0.0001,0.0001,32,9,0.2663,0.8808,0.7377,0.8298,0.7308,1.0796,0.9137,0.8095,0.5755,1
early,cage,3,8,resnet,False,none,lr,0.0001,0.0001,32,10,0.2135,1.2854,0.9692,0.8085,0.6346,nan,nan,nan,nan,0
early,cage,3,8,resnet,False,none,lr,0.0001,0.0001,32,11,0.1890,1.2412,1.1338,0.7660,0.6378,nan,nan,nan,nan,0
early,cage,3,8,resnet,False,none,lr,0.0001,0.0001,32,12,0.1331,1.2046,1.1399,0.7234,0.5994,nan,nan,nan,nan,0
early,cage,3,8,resnet,False,none,lr,0.0001,0.0001,32,13,0.1265,1.0722,1.3453,0.6383,0.6058,nan,nan,nan,nan,0
early,cage,3,8,resnet,False,none,lr,0.0001,0.0001,32,14,0.0980,1.6253,1.6463,0.6809,0.5737,nan,nan,nan,nan,0
early,cage,3,8,resnet,False,none,lr,0.0001,0.0001,32,15,0.0984,1.2940,1.4463,0.7021,0.5737,nan,nan,nan,nan,0
early,cage,3,8,resnet,False,none,lr,0.0001,0.0001,32,16,0.0894,1.6050,1.4762,0.7447,0.6442,nan,nan,nan,nan,0
early,cage,3,9,resnet,False,none,lr,0.0001,0.0001,32,1,0.7209,0.7158,0.6726,0.6905,0.5421,nan,nan,nan,nan,0
early,cage,3,9,resnet,False,none,lr,0.0001,0.0001,32,2,0.6773,0.8730,0.6867,0.7619,0.4815,nan,nan,nan,nan,0
early,cage,3,9,resnet,False,none,lr,0.0001,0.0001,32,3,0.6121,0.7479,1.0267,0.3810,0.5286,nan,nan,nan,nan,0
early,cage,3,9,resnet,False,none,lr,0.0001,0.0001,32,4,0.5265,0.8602,1.4449,0.3571,0.5589,nan,nan,nan,nan,0
early,cage,3,9,resnet,False,none,lr,0.0001,0.0001,32,5,0.4328,1.0855,1.1776,0.5714,0.5118,0.8807,0.8590,0.7619,0.5796,1
early,cage,3,9,resnet,False,none,lr,0.0001,0.0001,32,6,0.3496,1.0805,1.2876,0.5952,0.4512,nan,nan,nan,nan,0
early,cage,3,9,resnet,False,none,lr,0.0001,0.0001,32,7,0.2941,1.5582,1.3632,0.6429,0.4579,nan,nan,nan,nan,0
early,cage,3,9,resnet,False,none,lr,0.0001,0.0001,32,8,0.2501,0.9593,1.4961,0.4762,0.4916,nan,nan,nan,nan,0
early,cage,3,9,resnet,False,none,lr,0.0001,0.0001,32,9,0.2031,1.8560,1.4675,0.6905,0.5051,nan,nan,nan,nan,0
early,cage,3,9,resnet,False,none,lr,0.0001,0.0001,32,10,0.1702,2.6195,1.7758,0.7143,0.3704,nan,nan,nan,nan,0
early,cage,3,9,resnet,False,none,lr,0.0001,0.0001,32,11,0.1433,1.8347,1.6588,0.6429,0.4175,nan,nan,nan,nan,0
early,cage,3,9,resnet,False,none,lr,0.0001,0.0001,32,12,0.1059,1.9917,1.7089,0.6905,0.5556,nan,nan,nan,nan,0
early,cage,3,9,resnet,False,none,lr,0.0001,0.0001,32,13,0.1032,1.4312,2.3094,0.5476,0.4916,nan,nan,nan,nan,0
early,cage,3,9,resnet,False,none,lr,0.0001,0.0001,32,14,0.0864,1.9056,2.0095,0.7143,0.5926,nan,nan,nan,nan,0
early,cage,3,9,resnet,False,none,lr,0.0001,0.0001,32,15,0.0867,2.4881,2.1197,0.6429,0.4747,nan,nan,nan,nan,0
early,cage,3,9,resnet,False,none,lr,0.0001,0.0001,32,16,0.0644,2.7738,2.3992,0.6905,0.4545,nan,nan,nan,nan,0
early,cage,4,0,resnet,False,none,lr,0.0001,0.0001,32,1,0.7263,0.6789,0.7372,0.2326,0.7381,nan,nan,nan,nan,0
early,cage,4,0,resnet,False,none,lr,0.0001,0.0001,32,2,0.7125,0.6974,0.7290,0.3256,0.5278,nan,nan,nan,nan,0
early,cage,4,0,resnet,False,none,lr,0.0001,0.0001,32,3,0.6799,0.6837,0.7033,0.6279,0.5833,nan,nan,nan,nan,0
early,cage,4,0,resnet,False,none,lr,0.0001,0.0001,32,4,0.6361,0.7136,0.6633,0.8140,0.6270,nan,nan,nan,nan,0
early,cage,4,0,resnet,False,none,lr,0.0001,0.0001,32,5,0.5638,0.8300,0.7005,0.7907,0.6508,nan,nan,nan,nan,1
early,cage,4,0,resnet,False,none,lr,0.0001,0.0001,32,6,0.5018,0.7087,0.8131,0.6977,0.6706,nan,nan,nan,nan,0
early,cage,4,0,resnet,False,none,lr,0.0001,0.0001,32,7,0.4587,0.7290,0.9337,0.5581,0.6230,0.6296,0.8649,0.5349,0.6893,1
early,cage,4,0,resnet,False,none,lr,0.0001,0.0001,32,8,0.3864,0.8409,1.1511,0.5349,0.5556,nan,nan,nan,nan,0
early,cage,4,0,resnet,False,none,lr,0.0001,0.0001,32,9,0.3313,0.8250,1.1121,0.6047,0.5873,nan,nan,nan,nan,0
early,cage,4,0,resnet,False,none,lr,0.0001,0.0001,32,10,0.2761,0.9837,1.1554,0.6744,0.5714,nan,nan,nan,nan,0
early,cage,4,0,resnet,False,none,lr,0.0001,0.0001,32,11,0.2373,1.2146,1.0831,0.7907,0.6667,nan,nan,nan,nan,0
early,cage,4,0,resnet,False,none,lr,0.0001,0.0001,32,12,0.1996,1.0925,1.2705,0.7209,0.5357,nan,nan,nan,nan,0
early,cage,4,0,resnet,False,none,lr,0.0001,0.0001,32,13,0.1699,1.6052,1.3226,0.8140,0.6071,nan,nan,nan,nan,0
early,cage,4,0,resnet,False,none,lr,0.0001,0.0001,32,14,0.1369,1.4774,1.3591,0.8140,0.6310,nan,nan,nan,nan,0
early,cage,4,0,resnet,False,none,lr,0.0001,0.0001,32,15,0.1380,1.1998,1.4324,0.7209,0.5873,nan,nan,nan,nan,0
early,cage,4,0,resnet,False,none,lr,0.0001,0.0001,32,16,0.1145,1.3432,1.5516,0.7674,0.6190,nan,nan,nan,nan,0
early,cage,4,1,resnet,False,none,lr,0.0001,0.0001,32,1,0.7288,0.7081,0.6210,0.8372,0.5159,nan,nan,nan,nan,0
early,cage,4,1,resnet,False,none,lr,0.0001,0.0001,32,2,0.6988,0.6695,0.6583,0.6977,0.6746,nan,nan,nan,nan,0
early,cage,4,1,resnet,False,none,lr,0.0001,0.0001,32,3,0.6455,0.6458,0.7225,0.5814,0.6865,nan,nan,nan,nan,0
early,cage,4,1,resnet,False,none,lr,0.0001,0.0001,32,4,0.5906,0.7094,0.9004,0.2791,0.6746,nan,nan,nan,nan,0
early,cage,4,1,resnet,False,none,lr,0.0001,0.0001,32,5,0.5134,0.5686,0.7343,0.6744,0.7619,nan,nan,nan,nan,1
early,cage,4,1,resnet,False,none,lr,0.0001,0.0001,32,6,0.4644,0.7275,1.0217,0.4186,0.6111,nan,nan,nan,nan,1
early,cage,4,1,resnet,False,none,lr,0.0001,0.0001,32,7,0.3867,0.7805,0.6998,0.8372,0.7262,0.9395,0.8525,0.8140,0.7214,1
early,cage,4,1,resnet,False,none,lr,0.0001,0.0001,32,8,0.3211,0.9977,1.5550,0.3953,0.6230,nan,nan,nan,nan,0
early,cage,4,1,resnet,False,none,lr,0.0001,0.0001,32,9,0.3028,1.4399,0.9375,0.8140,0.6905,nan,nan,nan,nan,0
early,cage,4,1,resnet,False,none,lr,0.0001,0.0001,32,10,0.2398,0.7775,1.0262,0.6047,0.6310,nan,nan,nan,nan,0
early,cage,4,1,resnet,False,none,lr,0.0001,0.0001,32,11,0.2310,1.2626,0.9705,0.8605,0.6270,nan,nan,nan,nan,0
early,cage,4,1,resnet,False,none,lr,0.0001,0.0001,32,12,0.1834,1.3609,0.9860,0.8372,0.7460,nan,nan,nan,nan,0
early,cage,4,1,resnet,False,none,lr,0.0001,0.0001,32,13,0.1571,1.1040,1.1276,0.7442,0.6389,nan,nan,nan,nan,0
early,cage,4,1,resnet,False,none,lr,0.0001,0.0001,32,14,0.1517,1.6347,1.1748,0.8605,0.5754,nan,nan,nan,nan,0
early,cage,4,1,resnet,False,none,lr,0.0001,0.0001,32,15,0.1131,1.7097,1.2866,0.8140,0.5675,nan,nan,nan,nan,0
early,cage,4,1,resnet,False,none,lr,0.0001,0.0001,32,16,0.0898,1.6191,1.4148,0.8372,0.6032,nan,nan,nan,nan,0
early,cage,4,2,resnet,False,none,lr,0.0001,0.0001,32,1,0.7249,0.6768,0.6881,0.5952,0.6838,nan,nan,nan,nan,0
early,cage,4,2,resnet,False,none,lr,0.0001,0.0001,32,2,0.7036,0.6513,0.6870,0.5476,0.7022,nan,nan,nan,nan,0
early,cage,4,2,resnet,False,none,lr,0.0001,0.0001,32,3,0.6525,0.6544,0.7301,0.5000,0.7316,nan,nan,nan,nan,0
early,cage,4,2,resnet,False,none,lr,0.0001,0.0001,32,4,0.5945,0.7020,0.6763,0.7857,0.7022,nan,nan,nan,nan,0
early,cage,4,2,resnet,False,none,lr,0.0001,0.0001,32,5,0.5265,0.6359,0.8240,0.5000,0.8199,nan,nan,nan,nan,1
early,cage,4,2,resnet,False,none,lr,0.0001,0.0001,32,6,0.4773,0.9356,0.7538,0.8095,0.7390,nan,nan,nan,nan,1
early,cage,4,2,resnet,False,none,lr,0.0001,0.0001,32,7,0.4170,0.6651,0.7342,0.8095,0.7904,nan,nan,nan,nan,1
early,cage,4,2,resnet,False,none,lr,0.0001,0.0001,32,8,0.3718,0.9460,0.8625,0.7619,0.7169,nan,nan,nan,nan,0
early,cage,4,2,resnet,False,none,lr,0.0001,0.0001,32,9,0.3093,0.8142,0.8700,0.8571,0.7647,nan,nan,nan,nan,1
early,cage,4,2,resnet,False,none,lr,0.0001,0.0001,32,10,0.2411,1.0267,1.0537,0.8095,0.6581,nan,nan,nan,nan,0
early,cage,4,2,resnet,False,none,lr,0.0001,0.0001,32,11,0.2423,0.9437,0.9904,0.8095,0.7684,nan,nan,nan,nan,0
early,cage,4,2,resnet,False,none,lr,0.0001,0.0001,32,12,0.1849,1.2247,0.9989,0.8333,0.8235,nan,nan,nan,nan,0
early,cage,4,2,resnet,False,none,lr,0.0001,0.0001,32,13,0.1313,0.9664,1.0419,0.8333,0.8309,nan,nan,nan,nan,0
early,cage,4,2,resnet,False,none,lr,0.0001,0.0001,32,14,0.1498,0.8895,0.9436,0.8333,0.8125,nan,nan,nan,nan,1
early,cage,4,2,resnet,False,none,lr,0.0001,0.0001,32,15,0.1099,1.6526,1.2227,0.8333,0.7647,nan,nan,nan,nan,1
early,cage,4,2,resnet,False,none,lr,0.0001,0.0001,32,16,0.0970,0.8730,1.1220,0.8810,0.7941,1.5714,1.7748,0.7674,0.5214,1
early,cage,4,2,resnet,False,none,lr,0.0001,0.0001,32,17,0.0909,0.8939,1.1873,0.8571,0.8419,nan,nan,nan,nan,0
early,cage,4,2,resnet,False,none,lr,0.0001,0.0001,32,18,0.0833,0.9378,1.1681,0.8810,0.8309,nan,nan,nan,nan,0
early,cage,4,2,resnet,False,none,lr,0.0001,0.0001,32,19,0.0693,1.4931,1.4807,0.8333,0.7463,nan,nan,nan,nan,0
early,cage,4,2,resnet,False,none,lr,0.0001,0.0001,32,20,0.0859,1.6631,1.3386,0.8095,0.8125,nan,nan,nan,nan,0
early,cage,4,2,resnet,False,none,lr,0.0001,0.0001,32,21,0.0967,1.1090,1.2638,0.8571,0.8088,nan,nan,nan,nan,0
early,cage,4,3,resnet,False,none,lr,0.0001,0.0001,32,1,0.7320,0.7471,0.8737,0.1905,0.4367,nan,nan,nan,nan,0
early,cage,4,3,resnet,False,none,lr,0.0001,0.0001,32,2,0.6924,0.6646,0.7004,0.5238,0.6245,nan,nan,nan,nan,0
early,cage,4,3,resnet,False,none,lr,0.0001,0.0001,32,3,0.6446,0.6615,0.6233,0.7857,0.6939,nan,nan,nan,nan,0
early,cage,4,3,resnet,False,none,lr,0.0001,0.0001,32,4,0.5877,0.7666,0.8812,0.3333,0.6163,nan,nan,nan,nan,0
early,cage,4,3,resnet,False,none,lr,0.0001,0.0001,32,5,0.4995,0.9251,0.7615,0.8333,0.6898,nan,nan,nan,nan,1
early,cage,4,3,resnet,False,none,lr,0.0001,0.0001,32,6,0.4409,0.7948,0.8922,0.5952,0.6122,nan,nan,nan,nan,1
early,cage,4,3,resnet,False,none,lr,0.0001,0.0001,32,7,0.3487,1.0671,1.0188,0.8333,0.6204,nan,nan,nan,nan,0
early,cage,4,3,resnet,False,none,lr,0.0001,0.0001,32,8,0.3056,1.4785,1.0295,0.8333,0.6163,nan,nan,nan,nan,0
early,cage,4,3,resnet,False,none,lr,0.0001,0.0001,32,9,0.2714,0.8102,0.9801,0.7143,0.6816,nan,nan,nan,nan,0
early,cage,4,3,resnet,False,none,lr,0.0001,0.0001,32,10,0.2094,1.2745,0.9512,0.8333,0.6490,nan,nan,nan,nan,0
early,cage,4,3,resnet,False,none,lr,0.0001,0.0001,32,11,0.1989,1.1691,1.0282,0.8333,0.6163,nan,nan,nan,nan,0
early,cage,4,3,resnet,False,none,lr,0.0001,0.0001,32,12,0.1534,1.0047,1.1384,0.7857,0.6939,nan,nan,nan,nan,0
early,cage,4,3,resnet,False,none,lr,0.0001,0.0001,32,13,0.1224,2.1540,1.3836,0.8333,0.6449,2.1129,1.7294,0.8140,0.7857,1
early,cage,4,3,resnet,False,none,lr,0.0001,0.0001,32,14,0.1009,2.3445,1.6612,0.8333,0.5837,nan,nan,nan,nan,0
early,cage,4,3,resnet,False,none,lr,0.0001,0.0001,32,15,0.1052,1.9913,1.4194,0.8333,0.6408,nan,nan,nan,nan,0
early,cage,4,3,resnet,False,none,lr,0.0001,0.0001,32,16,0.0884,1.9561,1.5490,0.8095,0.6245,nan,nan,nan,nan,0
early,cage,4,3,resnet,False,none,lr,0.0001,0.0001,32,17,0.0761,2.0295,1.6150,0.8095,0.5959,nan,nan,nan,nan,0
early,cage,4,3,resnet,False,none,lr,0.0001,0.0001,32,18,0.0695,2.3956,1.7819,0.8095,0.6408,nan,nan,nan,nan,0
early,cage,4,5,resnet,False,none,lr,0.0001,0.0001,32,1,0.7267,0.6924,0.6803,0.5750,0.5090,nan,nan,nan,nan,0
early,cage,4,5,resnet,False,none,lr,0.0001,0.0001,32,2,0.6886,0.7383,0.6977,0.5750,0.3333,nan,nan,nan,nan,0
early,cage,4,5,resnet,False,none,lr,0.0001,0.0001,32,3,0.6453,0.9486,0.7755,0.7250,0.2832,nan,nan,nan,nan,0
early,cage,4,5,resnet,False,none,lr,0.0001,0.0001,32,4,0.5860,0.9057,0.7438,0.6500,0.4373,nan,nan,nan,nan,0
early,cage,4,5,resnet,False,none,lr,0.0001,0.0001,32,5,0.5257,0.9434,0.9145,0.4750,0.4229,nan,nan,nan,nan,1
early,cage,4,5,resnet,False,none,lr,0.0001,0.0001,32,6,0.4504,1.0919,1.0160,0.4250,0.3548,nan,nan,nan,nan,0
early,cage,4,5,resnet,False,none,lr,0.0001,0.0001,32,7,0.3688,1.7121,1.2094,0.6500,0.3871,nan,nan,nan,nan,0
early,cage,4,5,resnet,False,none,lr,0.0001,0.0001,32,8,0.3398,1.7667,1.2713,0.7500,0.4444,nan,nan,nan,nan,1
early,cage,4,5,resnet,False,none,lr,0.0001,0.0001,32,9,0.2804,1.8820,1.4241,0.6500,0.4014,nan,nan,nan,nan,0
early,cage,4,5,resnet,False,none,lr,0.0001,0.0001,32,10,0.2121,1.7605,1.5885,0.5750,0.3907,nan,nan,nan,nan,0
early,cage,4,5,resnet,False,none,lr,0.0001,0.0001,32,11,0.2007,2.0528,1.7895,0.4750,0.4265,nan,nan,nan,nan,0
early,cage,4,5,resnet,False,none,lr,0.0001,0.0001,32,12,0.1574,2.0386,1.7160,0.5250,0.4301,0.5612,0.8885,0.8140,0.8714,1
early,cage,4,5,resnet,False,none,lr,0.0001,0.0001,32,13,0.1322,2.8597,2.0898,0.6750,0.3763,nan,nan,nan,nan,0
early,cage,4,5,resnet,False,none,lr,0.0001,0.0001,32,14,0.1143,2.7984,2.0345,0.7250,0.4337,nan,nan,nan,nan,0
early,cage,4,5,resnet,False,none,lr,0.0001,0.0001,32,15,0.0846,3.2670,2.3841,0.7500,0.3548,nan,nan,nan,nan,0
early,cage,4,5,resnet,False,none,lr,0.0001,0.0001,32,16,0.1064,2.4669,2.0058,0.6500,0.4552,nan,nan,nan,nan,0
early,cage,4,5,resnet,False,none,lr,0.0001,0.0001,32,17,0.0719,3.4809,2.4503,0.6750,0.3978,nan,nan,nan,nan,0
early,cage,4,6,resnet,False,none,lr,0.0001,0.0001,32,1,0.7268,0.7049,0.7124,0.4634,0.4429,nan,nan,nan,nan,0
early,cage,4,6,resnet,False,none,lr,0.0001,0.0001,32,2,0.6871,0.7210,0.6230,0.8537,0.5238,nan,nan,nan,nan,0
early,cage,4,6,resnet,False,none,lr,0.0001,0.0001,32,3,0.6438,0.7221,0.7095,0.5610,0.5143,nan,nan,nan,nan,0
early,cage,4,6,resnet,False,none,lr,0.0001,0.0001,32,4,0.5804,0.8016,0.6498,0.8293,0.5810,nan,nan,nan,nan,0
early,cage,4,6,resnet,False,none,lr,0.0001,0.0001,32,5,0.5082,0.8573,0.8101,0.7317,0.4476,0.8637,0.8280,0.7442,0.4714,1
early,cage,4,6,resnet,False,none,lr,0.0001,0.0001,32,6,0.4325,0.9994,0.8139,0.7317,0.4619,nan,nan,nan,nan,0
early,cage,4,6,resnet,False,none,lr,0.0001,0.0001,32,7,0.3849,1.1232,0.9998,0.6829,0.5000,nan,nan,nan,nan,0
early,cage,4,6,resnet,False,none,lr,0.0001,0.0001,32,8,0.3245,1.4790,1.1959,0.7317,0.4095,nan,nan,nan,nan,0
early,cage,4,6,resnet,False,none,lr,0.0001,0.0001,32,9,0.2579,1.1706,1.2054,0.5366,0.4095,nan,nan,nan,nan,0
early,cage,4,6,resnet,False,none,lr,0.0001,0.0001,32,10,0.2322,1.6242,1.2889,0.7805,0.4810,nan,nan,nan,nan,0
early,cage,4,6,resnet,False,none,lr,0.0001,0.0001,32,11,0.1821,1.5500,1.3124,0.7805,0.4238,nan,nan,nan,nan,0
early,cage,4,6,resnet,False,none,lr,0.0001,0.0001,32,12,0.1664,1.9115,1.5935,0.7317,0.4429,nan,nan,nan,nan,0
early,cage,4,6,resnet,False,none,lr,0.0001,0.0001,32,13,0.1582,1.5490,1.3569,0.6829,0.5048,nan,nan,nan,nan,0
early,cage,4,6,resnet,False,none,lr,0.0001,0.0001,32,14,0.1172,2.4277,1.8878,0.7805,0.3905,nan,nan,nan,nan,0
early,cage,4,6,resnet,False,none,lr,0.0001,0.0001,32,15,0.1198,2.4180,1.7196,0.8049,0.4524,nan,nan,nan,nan,0
early,cage,4,6,resnet,False,none,lr,0.0001,0.0001,32,16,0.1199,2.4994,1.9169,0.8049,0.3810,nan,nan,nan,nan,0
early,cage,4,7,resnet,False,none,lr,0.0001,0.0001,32,1,0.7209,0.7424,0.6260,0.8182,0.5035,nan,nan,nan,nan,0
early,cage,4,7,resnet,False,none,lr,0.0001,0.0001,32,2,0.7025,0.7671,0.6943,0.6364,0.3889,nan,nan,nan,nan,0
early,cage,4,7,resnet,False,none,lr,0.0001,0.0001,32,3,0.6587,0.7256,0.6817,0.6591,0.5104,nan,nan,nan,nan,0
early,cage,4,7,resnet,False,none,lr,0.0001,0.0001,32,4,0.6103,0.8048,0.7165,0.7045,0.4618,nan,nan,nan,nan,0
early,cage,4,7,resnet,False,none,lr,0.0001,0.0001,32,5,0.5530,0.6921,0.8957,0.3864,0.6597,nan,nan,nan,nan,1
early,cage,4,7,resnet,False,none,lr,0.0001,0.0001,32,6,0.4900,0.7897,0.7888,0.6818,0.6007,nan,nan,nan,nan,1
early,cage,4,7,resnet,False,none,lr,0.0001,0.0001,32,7,0.4143,0.8912,0.7764,0.7727,0.5799,nan,nan,nan,nan,1
early,cage,4,7,resnet,False,none,lr,0.0001,0.0001,32,8,0.3723,0.7939,0.9574,0.7045,0.5694,nan,nan,nan,nan,1
early,cage,4,7,resnet,False,none,lr,0.0001,0.0001,32,9,0.3263,0.7260,0.9624,0.7955,0.7118,nan,nan,nan,nan,1
early,cage,4,7,resnet,False,none,lr,0.0001,0.0001,32,10,0.2614,1.2769,1.1103,0.8182,0.6042,nan,nan,nan,nan,0
early,cage,4,7,resnet,False,none,lr,0.0001,0.0001,32,11,0.2190,1.1688,1.1790,0.7500,0.6285,nan,nan,nan,nan,0
early,cage,4,7,resnet,False,none,lr,0.0001,0.0001,32,12,0.1981,2.0101,1.2755,0.8182,0.5243,nan,nan,nan,nan,0
early,cage,4,7,resnet,False,none,lr,0.0001,0.0001,32,13,0.1916,1.8157,1.1343,0.8182,0.7812,nan,nan,nan,nan,1
early,cage,4,7,resnet,False,none,lr,0.0001,0.0001,32,14,0.1535,1.1674,1.0465,0.8409,0.6632,nan,nan,nan,nan,0
early,cage,4,7,resnet,False,none,lr,0.0001,0.0001,32,15,0.1363,1.9209,1.2815,0.7955,0.6979,2.0692,1.7514,0.8140,0.6786,1
early,cage,4,7,resnet,False,none,lr,0.0001,0.0001,32,16,0.1269,2.2537,1.5076,0.8182,0.5660,nan,nan,nan,nan,0
early,cage,4,7,resnet,False,none,lr,0.0001,0.0001,32,17,0.1152,1.4820,1.5042,0.7500,0.5729,nan,nan,nan,nan,0
early,cage,4,7,resnet,False,none,lr,0.0001,0.0001,32,18,0.0969,2.1502,1.5503,0.7727,0.6458,nan,nan,nan,nan,0
early,cage,4,7,resnet,False,none,lr,0.0001,0.0001,32,19,0.1093,1.8499,1.5350,0.7955,0.5729,nan,nan,nan,nan,0
early,cage,4,7,resnet,False,none,lr,0.0001,0.0001,32,20,0.0724,2.4222,1.6108,0.7955,0.6667,nan,nan,nan,nan,0
early,cage,4,8,resnet,False,none,lr,0.0001,0.0001,32,1,0.7207,0.7084,0.7900,0.1702,0.5256,nan,nan,nan,nan,0
early,cage,4,8,resnet,False,none,lr,0.0001,0.0001,32,2,0.6917,0.8666,0.5914,0.8298,0.4904,nan,nan,nan,nan,0
early,cage,4,8,resnet,False,none,lr,0.0001,0.0001,32,3,0.6390,0.7111,0.8436,0.2553,0.5929,nan,nan,nan,nan,0
early,cage,4,8,resnet,False,none,lr,0.0001,0.0001,32,4,0.5697,0.8563,0.6852,0.7447,0.4936,nan,nan,nan,nan,0
early,cage,4,8,resnet,False,none,lr,0.0001,0.0001,32,5,0.5123,0.7867,0.7328,0.8298,0.6378,nan,nan,nan,nan,1
early,cage,4,8,resnet,False,none,lr,0.0001,0.0001,32,6,0.4366,0.9378,0.8054,0.8085,0.6122,nan,nan,nan,nan,1
early,cage,4,8,resnet,False,none,lr,0.0001,0.0001,32,7,0.3576,1.1873,0.9944,0.7234,0.5577,nan,nan,nan,nan,1
early,cage,4,8,resnet,False,none,lr,0.0001,0.0001,32,8,0.3013,1.6936,1.0725,0.7872,0.5577,nan,nan,nan,nan,0
early,cage,4,8,resnet,False,none,lr,0.0001,0.0001,32,9,0.2621,1.5095,1.2036,0.7660,0.5224,nan,nan,nan,nan,0
early,cage,4,8,resnet,False,none,lr,0.0001,0.0001,32,10,0.1974,1.0196,1.2727,0.6596,0.5769,nan,nan,nan,nan,0
early,cage,4,8,resnet,False,none,lr,0.0001,0.0001,32,11,0.1626,1.9611,1.2579,0.8085,0.6154,nan,nan,nan,nan,0
early,cage,4,8,resnet,False,none,lr,0.0001,0.0001,32,12,0.1370,2.4448,1.3228,0.8298,0.6506,nan,nan,nan,nan,1
early,cage,4,8,resnet,False,none,lr,0.0001,0.0001,32,13,0.1137,1.7222,1.2704,0.7660,0.5929,nan,nan,nan,nan,1
early,cage,4,8,resnet,False,none,lr,0.0001,0.0001,32,14,0.0849,2.1292,1.4953,0.8085,0.5801,nan,nan,nan,nan,1
early,cage,4,8,resnet,False,none,lr,0.0001,0.0001,32,15,0.0930,1.5931,1.4570,0.7660,0.6250,1.2488,1.4916,0.7907,0.6679,1
early,cage,4,8,resnet,False,none,lr,0.0001,0.0001,32,16,0.0909,2.4341,1.3840,0.8298,0.5833,nan,nan,nan,nan,0
early,cage,4,8,resnet,False,none,lr,0.0001,0.0001,32,17,0.0973,2.7652,1.6642,0.8085,0.5096,nan,nan,nan,nan,0
early,cage,4,8,resnet,False,none,lr,0.0001,0.0001,32,18,0.0448,2.3827,1.6128,0.8085,0.6218,nan,nan,nan,nan,0
early,cage,4,8,resnet,False,none,lr,0.0001,0.0001,32,19,0.0479,2.6710,1.7293,0.7872,0.5929,nan,nan,nan,nan,0
early,cage,4,8,resnet,False,none,lr,0.0001,0.0001,32,20,0.0286,2.9744,2.0045,0.7872,0.5641,nan,nan,nan,nan,0
early,cage,4,9,resnet,False,none,lr,0.0001,0.0001,32,1,0.7160,0.8219,0.6614,0.7857,0.4175,nan,nan,nan,nan,0
early,cage,4,9,resnet,False,none,lr,0.0001,0.0001,32,2,0.6806,0.8310,0.7911,0.5714,0.3771,nan,nan,nan,nan,0
early,cage,4,9,resnet,False,none,lr,0.0001,0.0001,32,3,0.6257,0.7353,0.8615,0.4286,0.4444,nan,nan,nan,nan,0
early,cage,4,9,resnet,False,none,lr,0.0001,0.0001,32,4,0.5533,0.8187,0.9112,0.5952,0.5118,nan,nan,nan,nan,0
early,cage,4,9,resnet,False,none,lr,0.0001,0.0001,32,5,0.4839,0.7847,0.9524,0.5000,0.4579,nan,nan,nan,nan,1
early,cage,4,9,resnet,False,none,lr,0.0001,0.0001,32,6,0.4133,1.1859,1.2107,0.6429,0.4377,nan,nan,nan,nan,0
early,cage,4,9,resnet,False,none,lr,0.0001,0.0001,32,7,0.3552,1.0143,1.4810,0.4762,0.4781,nan,nan,nan,nan,1
early,cage,4,9,resnet,False,none,lr,0.0001,0.0001,32,8,0.3182,1.2984,1.5605,0.5238,0.4512,nan,nan,nan,nan,0
early,cage,4,9,resnet,False,none,lr,0.0001,0.0001,32,9,0.2565,1.8184,1.5396,0.6667,0.4579,nan,nan,nan,nan,0
early,cage,4,9,resnet,False,none,lr,0.0001,0.0001,32,10,0.2268,1.2295,1.5689,0.5714,0.5421,nan,nan,nan,nan,1
early,cage,4,9,resnet,False,none,lr,0.0001,0.0001,32,11,0.1882,1.6452,1.6814,0.6667,0.4747,nan,nan,nan,nan,1
early,cage,4,9,resnet,False,none,lr,0.0001,0.0001,32,12,0.1634,1.8530,2.1481,0.5952,0.4310,nan,nan,nan,nan,0
early,cage,4,9,resnet,False,none,lr,0.0001,0.0001,32,13,0.1581,1.5931,1.6745,0.5952,0.4815,nan,nan,nan,nan,0
early,cage,4,9,resnet,False,none,lr,0.0001,0.0001,32,14,0.1305,2.4557,1.8380,0.6905,0.4916,nan,nan,nan,nan,0
early,cage,4,9,resnet,False,none,lr,0.0001,0.0001,32,15,0.1168,1.8291,1.8708,0.6429,0.5522,nan,nan,nan,nan,1
early,cage,4,9,resnet,False,none,lr,0.0001,0.0001,32,16,0.1032,2.4948,2.0744,0.7143,0.4848,nan,nan,nan,nan,0
early,cage,4,9,resnet,False,none,lr,0.0001,0.0001,32,17,0.0836,2.2933,2.1696,0.6667,0.5017,nan,nan,nan,nan,1
early,cage,4,9,resnet,False,none,lr,0.0001,0.0001,32,18,0.0726,2.0881,2.6746,0.5476,0.4613,nan,nan,nan,nan,0
early,cage,4,9,resnet,False,none,lr,0.0001,0.0001,32,19,0.0666,1.9920,2.2127,0.6429,0.5556,nan,nan,nan,nan,1
early,cage,4,9,resnet,False,none,lr,0.0001,0.0001,32,20,0.0445,2.6235,2.5130,0.6905,0.5859,nan,nan,nan,nan,1
early,cage,4,9,resnet,False,none,lr,0.0001,0.0001,32,21,0.0492,2.9190,2.3122,0.7381,0.6195,nan,nan,nan,nan,1
early,cage,4,9,resnet,False,none,lr,0.0001,0.0001,32,22,0.0809,1.6082,2.5262,0.5714,0.5623,nan,nan,nan,nan,1
early,cage,4,9,resnet,False,none,lr,0.0001,0.0001,32,23,0.0673,1.3836,1.8952,0.6667,0.6431,nan,nan,nan,nan,1
early,cage,4,9,resnet,False,none,lr,0.0001,0.0001,32,24,0.0305,2.6894,2.5079,0.6667,0.6667,2.4010,2.0706,0.8140,0.7571,1
early,cage,4,9,resnet,False,none,lr,0.0001,0.0001,32,25,0.0652,3.4715,2.4570,0.7381,0.4916,nan,nan,nan,nan,0
early,cage,4,9,resnet,False,none,lr,0.0001,0.0001,32,26,0.0541,2.0933,2.6742,0.6190,0.5455,nan,nan,nan,nan,0
early,cage,4,9,resnet,False,none,lr,0.0001,0.0001,32,27,0.0369,2.4354,2.8571,0.6905,0.5286,nan,nan,nan,nan,0
early,cage,4,9,resnet,False,none,lr,0.0001,0.0001,32,28,0.0441,3.5396,2.7256,0.7381,0.5522,nan,nan,nan,nan,0
early,cage,4,9,resnet,False,none,lr,0.0001,0.0001,32,29,0.0413,3.2480,2.5686,0.6905,0.5892,nan,nan,nan,nan,0
early,cage,5,0,resnet,False,none,lr,0.0001,0.0001,32,1,0.7230,0.6981,0.6791,0.6512,0.5079,nan,nan,nan,nan,0
early,cage,5,0,resnet,False,none,lr,0.0001,0.0001,32,2,0.6894,0.6708,0.7287,0.5814,0.6944,nan,nan,nan,nan,0
early,cage,5,0,resnet,False,none,lr,0.0001,0.0001,32,3,0.6461,0.6465,0.6686,0.6744,0.6627,nan,nan,nan,nan,0
early,cage,5,0,resnet,False,none,lr,0.0001,0.0001,32,4,0.5925,0.6904,0.8225,0.5349,0.6825,nan,nan,nan,nan,0
early,cage,5,0,resnet,False,none,lr,0.0001,0.0001,32,5,0.5280,0.5679,0.6185,0.7442,0.7619,nan,nan,nan,nan,1
early,cage,5,0,resnet,False,none,lr,0.0001,0.0001,32,6,0.4539,0.7581,1.0860,0.4186,0.7500,nan,nan,nan,nan,1
early,cage,5,0,resnet,False,none,lr,0.0001,0.0001,32,7,0.3916,0.5616,0.7456,0.7442,0.7857,nan,nan,nan,nan,1
early,cage,5,0,resnet,False,none,lr,0.0001,0.0001,32,8,0.3309,1.0773,0.8510,0.8372,0.7143,1.7169,1.1978,0.7500,0.4516,1
early,cage,5,0,resnet,False,none,lr,0.0001,0.0001,32,9,0.2813,1.1073,0.9766,0.7907,0.6786,nan,nan,nan,nan,0
early,cage,5,0,resnet,False,none,lr,0.0001,0.0001,32,10,0.2493,0.8127,0.9042,0.7674,0.7817,nan,nan,nan,nan,0
early,cage,5,0,resnet,False,none,lr,0.0001,0.0001,32,11,0.1939,1.4331,1.0703,0.8140,0.6825,nan,nan,nan,nan,0
early,cage,5,0,resnet,False,none,lr,0.0001,0.0001,32,12,0.1605,0.9632,0.9926,0.8140,0.7500,nan,nan,nan,nan,0
early,cage,5,0,resnet,False,none,lr,0.0001,0.0001,32,13,0.1295,1.2195,1.2192,0.7674,0.7262,nan,nan,nan,nan,0
early,cage,5,0,resnet,False,none,lr,0.0001,0.0001,32,14,0.1134,1.6832,1.3830,0.7907,0.6270,nan,nan,nan,nan,0
early,cage,5,0,resnet,False,none,lr,0.0001,0.0001,32,15,0.1166,1.1933,1.1474,0.7907,0.7579,nan,nan,nan,nan,0
early,cage,5,0,resnet,False,none,lr,0.0001,0.0001,32,16,0.0800,2.3231,1.6468,0.8372,0.6944,nan,nan,nan,nan,0
early,cage,5,1,resnet,False,none,lr,0.0001,0.0001,32,1,0.7143,0.6467,0.6112,0.7674,0.7619,nan,nan,nan,nan,0
early,cage,5,1,resnet,False,none,lr,0.0001,0.0001,32,2,0.6893,0.6546,0.5637,0.7907,0.7460,nan,nan,nan,nan,0
early,cage,5,1,resnet,False,none,lr,0.0001,0.0001,32,3,0.6309,0.6612,0.6664,0.6047,0.6548,nan,nan,nan,nan,0
early,cage,5,1,resnet,False,none,lr,0.0001,0.0001,32,4,0.5678,0.7394,0.5511,0.8140,0.7381,nan,nan,nan,nan,0
early,cage,5,1,resnet,False,none,lr,0.0001,0.0001,32,5,0.4754,0.5318,0.6683,0.6977,0.8056,nan,nan,nan,nan,1
early,cage,5,1,resnet,False,none,lr,0.0001,0.0001,32,6,0.4251,0.5704,0.8641,0.5814,0.8492,nan,nan,nan,nan,1
early,cage,5,1,resnet,False,none,lr,0.0001,0.0001,32,7,0.3455,0.7529,0.6331,0.7907,0.7421,nan,nan,nan,nan,0
early,cage,5,1,resnet,False,none,lr,0.0001,0.0001,32,8,0.3087,0.6232,0.9953,0.5814,0.7381,nan,nan,nan,nan,1
early,cage,5,1,resnet,False,none,lr,0.0001,0.0001,32,9,0.2608,1.1421,0.8484,0.8140,0.7063,nan,nan,nan,nan,0
early,cage,5,1,resnet,False,none,lr,0.0001,0.0001,32,10,0.2060,0.6847,0.7323,0.7907,0.8016,nan,nan,nan,nan,0
early,cage,5,1,resnet,False,none,lr,0.0001,0.0001,32,11,0.1754,0.9608,0.9092,0.8837,0.7381,nan,nan,nan,nan,0
early,cage,5,1,resnet,False,none,lr,0.0001,0.0001,32,12,0.1481,0.9058,0.8244,0.8605,0.8373,nan,nan,nan,nan,0
early,cage,5,1,resnet,False,none,lr,0.0001,0.0001,32,13,0.1282,1.3685,1.0547,0.8605,0.7341,nan,nan,nan,nan,0
early,cage,5,1,resnet,False,none,lr,0.0001,0.0001,32,14,0.1178,0.7396,1.0611,0.7674,0.7500,nan,nan,nan,nan,0
early,cage,5,1,resnet,False,none,lr,0.0001,0.0001,32,15,0.0947,0.8454,1.2494,0.7442,0.7778,nan,nan,nan,nan,0
early,cage,5,1,resnet,False,none,lr,0.0001,0.0001,32,16,0.1050,0.8025,0.8799,0.8372,0.8056,nan,nan,nan,nan,1
early,cage,5,1,resnet,False,none,lr,0.0001,0.0001,32,17,0.0883,1.0786,1.0000,0.8605,0.8016,nan,nan,nan,nan,0
early,cage,5,1,resnet,False,none,lr,0.0001,0.0001,32,18,0.0553,1.0182,1.0988,0.7907,0.8294,nan,nan,nan,nan,1
early,cage,5,1,resnet,False,none,lr,0.0001,0.0001,32,19,0.0511,0.9852,0.9727,0.8837,0.8413,nan,nan,nan,nan,1
early,cage,5,1,resnet,False,none,lr,0.0001,0.0001,32,20,0.0452,1.5492,1.2259,0.8605,0.7857,nan,nan,nan,nan,0
early,cage,5,1,resnet,False,none,lr,0.0001,0.0001,32,21,0.0623,1.2065,1.2012,0.8605,0.7976,nan,nan,nan,nan,0
early,cage,5,1,resnet,False,none,lr,0.0001,0.0001,32,22,0.0473,0.8589,1.0610,0.7907,0.8095,nan,nan,nan,nan,0
early,cage,5,1,resnet,False,none,lr,0.0001,0.0001,32,23,0.0406,0.6751,1.2137,0.8372,0.8571,3.8039,3.1344,0.6000,0.2939,1
early,cage,5,1,resnet,False,none,lr,0.0001,0.0001,32,24,0.0289,1.3062,1.4242,0.8372,0.7738,nan,nan,nan,nan,0
early,cage,5,1,resnet,False,none,lr,0.0001,0.0001,32,25,0.0840,0.7909,0.9980,0.8837,0.8095,nan,nan,nan,nan,0
early,cage,5,1,resnet,False,none,lr,0.0001,0.0001,32,26,0.0257,1.5579,1.3595,0.8605,0.7817,nan,nan,nan,nan,0
early,cage,5,1,resnet,False,none,lr,0.0001,0.0001,32,27,0.0170,1.0376,1.5656,0.7674,0.7619,nan,nan,nan,nan,0
early,cage,5,1,resnet,False,none,lr,0.0001,0.0001,32,28,0.0558,1.6679,1.4530,0.8140,0.7063,nan,nan,nan,nan,0
early,cage,5,2,resnet,False,none,lr,0.0001,0.0001,32,1,0.7134,0.6876,0.6658,0.6667,0.5662,nan,nan,nan,nan,0
early,cage,5,2,resnet,False,none,lr,0.0001,0.0001,32,2,0.6841,0.6748,0.6906,0.5238,0.6434,nan,nan,nan,nan,0
early,cage,5,2,resnet,False,none,lr,0.0001,0.0001,32,3,0.6174,0.6778,0.6577,0.7143,0.7243,nan,nan,nan,nan,0
early,cage,5,2,resnet,False,none,lr,0.0001,0.0001,32,4,0.5522,0.7289,0.6257,0.7857,0.7500,nan,nan,nan,nan,0
early,cage,5,2,resnet,False,none,lr,0.0001,0.0001,32,5,0.4816,0.6280,0.7706,0.6905,0.7757,nan,nan,nan,nan,1
early,cage,5,2,resnet,False,none,lr,0.0001,0.0001,32,6,0.4090,1.3589,0.8651,0.8095,0.7390,nan,nan,nan,nan,1
early,cage,5,2,resnet,False,none,lr,0.0001,0.0001,32,7,0.3651,0.6326,0.9464,0.6667,0.8346,nan,nan,nan,nan,1
early,cage,5,2,resnet,False,none,lr,0.0001,0.0001,32,8,0.2850,0.6428,0.7765,0.8095,0.8235,nan,nan,nan,nan,1
early,cage,5,2,resnet,False,none,lr,0.0001,0.0001,32,9,0.2317,0.7769,0.8013,0.7857,0.7757,nan,nan,nan,nan,1
early,cage,5,2,resnet,False,none,lr,0.0001,0.0001,32,10,0.1971,0.7652,0.7611,0.8095,0.7831,nan,nan,nan,nan,0
early,cage,5,2,resnet,False,none,lr,0.0001,0.0001,32,11,0.1683,0.6081,1.0918,0.7619,0.8199,nan,nan,nan,nan,1
early,cage,5,2,resnet,False,none,lr,0.0001,0.0001,32,12,0.1200,0.6691,0.8761,0.8810,0.8493,nan,nan,nan,nan,0
early,cage,5,2,resnet,False,none,lr,0.0001,0.0001,32,13,0.1158,0.9861,0.8749,0.8571,0.8346,nan,nan,nan,nan,1
early,cage,5,2,resnet,False,none,lr,0.0001,0.0001,32,14,0.0899,1.2402,1.0664,0.8333,0.8015,3.5396,2.5178,0.7250,0.3978,1
early,cage,5,2,resnet,False,none,lr,0.0001,0.0001,32,15,0.0873,1.5177,1.2344,0.7857,0.7426,nan,nan,nan,nan,0
early,cage,5,2,resnet,False,none,lr,0.0001,0.0001,32,16,0.1099,0.9628,1.0862,0.8333,0.8162,nan,nan,nan,nan,0
early,cage,5,2,resnet,False,none,lr,0.0001,0.0001,32,17,0.0748,0.8583,0.9986,0.8333,0.8382,nan,nan,nan,nan,0
early,cage,5,2,resnet,False,none,lr,0.0001,0.0001,32,18,0.0478,0.8609,1.1434,0.8571,0.8272,nan,nan,nan,nan,0
early,cage,5,2,resnet,False,none,lr,0.0001,0.0001,32,19,0.0706,0.9362,1.0043,0.8571,0.8382,nan,nan,nan,nan,0
early,cage,5,3,resnet,False,none,lr,0.0001,0.0001,32,1,0.7279,0.7539,0.8752,0.1667,0.5265,nan,nan,nan,nan,0
early,cage,5,3,resnet,False,none,lr,0.0001,0.0001,32,2,0.6776,0.6958,0.7197,0.5476,0.5837,nan,nan,nan,nan,0
early,cage,5,3,resnet,False,none,lr,0.0001,0.0001,32,3,0.6222,0.7745,0.9218,0.3095,0.5551,nan,nan,nan,nan,0
early,cage,5,3,resnet,False,none,lr,0.0001,0.0001,32,4,0.5572,0.7232,0.7360,0.6190,0.5796,nan,nan,nan,nan,0
early,cage,5,3,resnet,False,none,lr,0.0001,0.0001,32,5,0.4801,0.9057,0.8562,0.5952,0.5755,nan,nan,nan,nan,1
early,cage,5,3,resnet,False,none,lr,0.0001,0.0001,32,6,0.4100,0.9356,0.8640,0.7381,0.4939,nan,nan,nan,nan,0
early,cage,5,3,resnet,False,none,lr,0.0001,0.0001,32,7,0.3401,1.0558,0.9424,0.6667,0.5429,nan,nan,nan,nan,0
early,cage,5,3,resnet,False,none,lr,0.0001,0.0001,32,8,0.2991,1.2557,1.1870,0.6429,0.5224,nan,nan,nan,nan,0
early,cage,5,3,resnet,False,none,lr,0.0001,0.0001,32,9,0.2224,1.6081,1.1067,0.7857,0.5714,nan,nan,nan,nan,0
early,cage,5,3,resnet,False,none,lr,0.0001,0.0001,32,10,0.1961,1.7948,1.2298,0.8095,0.5592,nan,nan,nan,nan,0
early,cage,5,3,resnet,False,none,lr,0.0001,0.0001,32,11,0.1717,1.5557,1.4700,0.7143,0.5306,nan,nan,nan,nan,0
early,cage,5,3,resnet,False,none,lr,0.0001,0.0001,32,12,0.1504,1.7260,1.4356,0.7143,0.4898,nan,nan,nan,nan,0
early,cage,5,3,resnet,False,none,lr,0.0001,0.0001,32,13,0.1343,0.9558,1.2617,0.8095,0.7061,nan,nan,nan,nan,1
early,cage,5,3,resnet,False,none,lr,0.0001,0.0001,32,14,0.1012,2.4089,1.6930,0.7857,0.4653,nan,nan,nan,nan,0
early,cage,5,3,resnet,False,none,lr,0.0001,0.0001,32,15,0.1061,2.4365,1.7634,0.7857,0.4694,nan,nan,nan,nan,0
early,cage,5,3,resnet,False,none,lr,0.0001,0.0001,32,16,0.0820,2.4037,1.6221,0.7857,0.6204,nan,nan,nan,nan,0
early,cage,5,3,resnet,False,none,lr,0.0001,0.0001,32,17,0.0717,2.2126,1.6154,0.7857,0.6367,nan,nan,nan,nan,1
early,cage,5,3,resnet,False,none,lr,0.0001,0.0001,32,18,0.0645,1.4916,1.4947,0.7381,0.6245,nan,nan,nan,nan,0
early,cage,5,3,resnet,False,none,lr,0.0001,0.0001,32,19,0.0523,2.6021,1.7583,0.8095,0.6776,nan,nan,nan,nan,1
early,cage,5,3,resnet,False,none,lr,0.0001,0.0001,32,20,0.0411,1.4881,2.0251,0.6429,0.5878,nan,nan,nan,nan,1
early,cage,5,3,resnet,False,none,lr,0.0001,0.0001,32,21,0.0504,1.7641,1.4757,0.7857,0.6694,3.2079,2.3092,0.7250,0.4731,1
early,cage,5,3,resnet,False,none,lr,0.0001,0.0001,32,22,0.0469,1.4510,1.5744,0.7619,0.6082,nan,nan,nan,nan,0
early,cage,5,3,resnet,False,none,lr,0.0001,0.0001,32,23,0.0495,1.7877,1.6230,0.7619,0.6327,nan,nan,nan,nan,0
early,cage,5,3,resnet,False,none,lr,0.0001,0.0001,32,24,0.0306,1.6675,1.7207,0.7857,0.6082,nan,nan,nan,nan,0
early,cage,5,3,resnet,False,none,lr,0.0001,0.0001,32,25,0.0364,1.5398,1.6650,0.7619,0.6735,nan,nan,nan,nan,0
early,cage,5,3,resnet,False,none,lr,0.0001,0.0001,32,26,0.0439,2.2185,1.9409,0.7857,0.6204,nan,nan,nan,nan,0
early,cage,5,4,resnet,False,none,lr,0.0001,0.0001,32,1,0.7182,0.7120,0.7570,0.1860,0.5071,nan,nan,nan,nan,0
early,cage,5,4,resnet,False,none,lr,0.0001,0.0001,32,2,0.6811,0.6393,0.6653,0.5116,0.7286,nan,nan,nan,nan,0
early,cage,5,4,resnet,False,none,lr,0.0001,0.0001,32,3,0.6036,0.7842,0.7070,0.7907,0.6679,nan,nan,nan,nan,0
early,cage,5,4,resnet,False,none,lr,0.0001,0.0001,32,4,0.5266,0.7478,0.7664,0.7674,0.6250,nan,nan,nan,nan,0
early,cage,5,4,resnet,False,none,lr,0.0001,0.0001,32,5,0.4623,0.6883,0.6258,0.8605,0.7643,nan,nan,nan,nan,1
early,cage,5,4,resnet,False,none,lr,0.0001,0.0001,32,6,0.3878,0.7011,0.6912,0.7907,0.7929,nan,nan,nan,nan,1
early,cage,5,4,resnet,False,none,lr,0.0001,0.0001,32,7,0.3138,1.5711,1.2338,0.8140,0.6821,nan,nan,nan,nan,0
early,cage,5,4,resnet,False,none,lr,0.0001,0.0001,32,8,0.2600,0.9450,0.9389,0.8372,0.7786,nan,nan,nan,nan,1
early,cage,5,4,resnet,False,none,lr,0.0001,0.0001,32,9,0.2201,0.9765,0.8654,0.7907,0.7500,1.9321,1.3453,0.7000,0.4122,1
early,cage,5,4,resnet,False,none,lr,0.0001,0.0001,32,10,0.1587,1.3378,1.2552,0.7674,0.7321,nan,nan,nan,nan,0
early,cage,5,4,resnet,False,none,lr,0.0001,0.0001,32,11,0.1686,1.1491,1.4304,0.7442,0.6250,nan,nan,nan,nan,0
early,cage,5,4,resnet,False,none,lr,0.0001,0.0001,32,12,0.1211,1.2855,1.3696,0.7442,0.7321,nan,nan,nan,nan,0
early,cage,5,4,resnet,False,none,lr,0.0001,0.0001,32,13,0.0933,1.8026,1.6197,0.8140,0.7143,nan,nan,nan,nan,0
early,cage,5,4,resnet,False,none,lr,0.0001,0.0001,32,14,0.0824,0.9509,1.2912,0.6977,0.6929,nan,nan,nan,nan,0
early,cage,5,4,resnet,False,none,lr,0.0001,0.0001,32,15,0.0695,1.1484,1.4573,0.7209,0.6750,nan,nan,nan,nan,0
early,cage,5,4,resnet,False,none,lr,0.0001,0.0001,32,16,0.0851,1.2073,1.4209,0.8140,0.7000,nan,nan,nan,nan,0
early,cage,5,6,resnet,False,none,lr,0.0001,0.0001,32,1,0.7227,0.7885,0.8824,0.1463,0.5762,nan,nan,nan,nan,0
early,cage,5,6,resnet,False,none,lr,0.0001,0.0001,32,2,0.6770,0.6957,0.6369,0.7073,0.5571,nan,nan,nan,nan,0
early,cage,5,6,resnet,False,none,lr,0.0001,0.0001,32,3,0.6324,0.7528,0.7044,0.6098,0.4905,nan,nan,nan,nan,0
early,cage,5,6,resnet,False,none,lr,0.0001,0.0001,32,4,0.5716,0.7978,0.9507,0.3659,0.5952,nan,nan,nan,nan,0
early,cage,5,6,resnet,False,none,lr,0.0001,0.0001,32,5,0.4952,0.9566,0.8341,0.6829,0.5190,nan,nan,nan,nan,1
early,cage,5,6,resnet,False,none,lr,0.0001,0.0001,32,6,0.4526,0.9662,0.8250,0.7073,0.5143,nan,nan,nan,nan,0
early,cage,5,6,resnet,False,none,lr,0.0001,0.0001,32,7,0.4025,1.0362,0.8537,0.8293,0.6571,nan,nan,nan,nan,1
early,cage,5,6,resnet,False,none,lr,0.0001,0.0001,32,8,0.3345,0.9691,0.9608,0.6098,0.5476,1.4010,1.1946,0.7000,0.4480,1
early,cage,5,6,resnet,False,none,lr,0.0001,0.0001,32,9,0.2904,1.2769,1.0188,0.8293,0.6000,nan,nan,nan,nan,0
early,cage,5,6,resnet,False,none,lr,0.0001,0.0001,32,10,0.2481,2.0130,1.6178,0.8293,0.4524,nan,nan,nan,nan,0
early,cage,5,6,resnet,False,none,lr,0.0001,0.0001,32,11,0.2375,1.4081,1.1539,0.7561,0.5857,nan,nan,nan,nan,0
early,cage,5,6,resnet,False,none,lr,0.0001,0.0001,32,12,0.1941,2.1819,1.5030,0.8537,0.5429,nan,nan,nan,nan,0
early,cage,5,6,resnet,False,none,lr,0.0001,0.0001,32,13,0.1599,2.0249,1.5099,0.8537,0.5571,nan,nan,nan,nan,0
early,cage,5,6,resnet,False,none,lr,0.0001,0.0001,32,14,0.1534,1.4678,1.4485,0.6098,0.4524,nan,nan,nan,nan,0
early,cage,5,6,resnet,False,none,lr,0.0001,0.0001,32,15,0.1214,2.0670,1.5538,0.8537,0.5429,nan,nan,nan,nan,0
early,cage,5,6,resnet,False,none,lr,0.0001,0.0001,32,16,0.1179,2.1277,1.5836,0.8537,0.5476,nan,nan,nan,nan,0
early,cage,5,7,resnet,False,none,lr,0.0001,0.0001,32,1,0.7026,0.8852,0.7356,0.6136,0.3229,nan,nan,nan,nan,0
early,cage,5,7,resnet,False,none,lr,0.0001,0.0001,32,2,0.6467,0.8284,0.7284,0.5682,0.4097,nan,nan,nan,nan,0
early,cage,5,7,resnet,False,none,lr,0.0001,0.0001,32,3,0.5931,0.8351,0.6373,0.7500,0.6042,nan,nan,nan,nan,0
early,cage,5,7,resnet,False,none,lr,0.0001,0.0001,32,4,0.5352,0.8400,0.9599,0.5227,0.5486,nan,nan,nan,nan,0
early,cage,5,7,resnet,False,none,lr,0.0001,0.0001,32,5,0.4455,0.7826,0.7590,0.6591,0.5486,nan,nan,nan,nan,1
early,cage,5,7,resnet,False,none,lr,0.0001,0.0001,32,6,0.3695,1.1779,1.0787,0.6136,0.4375,nan,nan,nan,nan,1
early,cage,5,7,resnet,False,none,lr,0.0001,0.0001,32,7,0.3008,1.2264,0.8977,0.8182,0.5521,2.0751,1.6193,0.6500,0.3011,1
early,cage,5,7,resnet,False,none,lr,0.0001,0.0001,32,8,0.2473,1.3766,0.9521,0.7273,0.5139,nan,nan,nan,nan,0
early,cage,5,7,resnet,False,none,lr,0.0001,0.0001,32,9,0.1886,1.2068,1.1102,0.7045,0.5243,nan,nan,nan,nan,0
early,cage,5,7,resnet,False,none,lr,0.0001,0.0001,32,10,0.1603,1.8759,1.3362,0.7727,0.4931,nan,nan,nan,nan,0
early,cage,5,7,resnet,False,none,lr,0.0001,0.0001,32,11,0.1192,1.6529,1.3048,0.7500,0.6285,nan,nan,nan,nan,0
early,cage,5,7,resnet,False,none,lr,0.0001,0.0001,32,12,0.1189,1.4906,1.3469,0.7045,0.5069,nan,nan,nan,nan,0
early,cage,5,7,resnet,False,none,lr,0.0001,0.0001,32,13,0.0652,2.2892,1.5984,0.7727,0.5486,nan,nan,nan,nan,0
early,cage,5,7,resnet,False,none,lr,0.0001,0.0001,32,14,0.0913,2.8260,1.7591,0.8182,0.3646,nan,nan,nan,nan,0
early,cage,5,7,resnet,False,none,lr,0.0001,0.0001,32,15,0.0817,3.1008,2.0529,0.7727,0.4792,nan,nan,nan,nan,0
early,cage,5,7,resnet,False,none,lr,0.0001,0.0001,32,16,0.0543,2.9401,1.8220,0.7727,0.5035,nan,nan,nan,nan,0
early,cage,5,8,resnet,False,none,lr,0.0001,0.0001,32,1,0.7165,0.6969,0.7112,0.4255,0.5128,nan,nan,nan,nan,0
early,cage,5,8,resnet,False,none,lr,0.0001,0.0001,32,2,0.6684,0.7465,0.6205,0.7872,0.5385,nan,nan,nan,nan,0
early,cage,5,8,resnet,False,none,lr,0.0001,0.0001,32,3,0.6100,0.7747,0.6179,0.7872,0.6122,nan,nan,nan,nan,0
early,cage,5,8,resnet,False,none,lr,0.0001,0.0001,32,4,0.5251,0.7072,0.7533,0.6596,0.6250,nan,nan,nan,nan,0
early,cage,5,8,resnet,False,none,lr,0.0001,0.0001,32,5,0.4584,0.7541,0.8820,0.5957,0.5577,nan,nan,nan,nan,1
early,cage,5,8,resnet,False,none,lr,0.0001,0.0001,32,6,0.3947,0.9369,0.7496,0.7660,0.6667,nan,nan,nan,nan,1
early,cage,5,8,resnet,False,none,lr,0.0001,0.0001,32,7,0.3274,1.0907,0.7981,0.7660,0.7115,nan,nan,nan,nan,1
early,cage,5,8,resnet,False,none,lr,0.0001,0.0001,32,8,0.3021,1.7534,1.0137,0.8298,0.6538,nan,nan,nan,nan,1
early,cage,5,8,resnet,False,none,lr,0.0001,0.0001,32,9,0.2438,1.4149,0.9799,0.8298,0.6763,2.3850,1.6865,0.7000,0.3262,1
early,cage,5,8,resnet,False,none,lr,0.0001,0.0001,32,10,0.2215,1.5426,1.0724,0.8298,0.5769,nan,nan,nan,nan,0
early,cage,5,8,resnet,False,none,lr,0.0001,0.0001,32,11,0.1824,1.0770,0.9907,0.8085,0.6026,nan,nan,nan,nan,0
early,cage,5,8,resnet,False,none,lr,0.0001,0.0001,32,12,0.1355,2.3620,1.3997,0.8298,0.6410,nan,nan,nan,nan,0
early,cage,5,8,resnet,False,none,lr,0.0001,0.0001,32,13,0.1449,2.4052,1.4660,0.8085,0.4968,nan,nan,nan,nan,0
early,cage,5,8,resnet,False,none,lr,0.0001,0.0001,32,14,0.1292,2.0190,1.2883,0.8085,0.6955,nan,nan,nan,nan,0
early,cage,5,8,resnet,False,none,lr,0.0001,0.0001,32,15,0.1042,1.7419,1.3490,0.8085,0.6346,nan,nan,nan,nan,0
early,cage,5,8,resnet,False,none,lr,0.0001,0.0001,32,16,0.0847,1.7864,1.3583,0.7872,0.6122,nan,nan,nan,nan,0
early,cage,5,9,resnet,False,none,lr,0.0001,0.0001,32,1,0.7237,0.6827,0.7215,0.6429,0.5825,nan,nan,nan,nan,0
early,cage,5,9,resnet,False,none,lr,0.0001,0.0001,32,2,0.6704,0.6860,0.7128,0.6190,0.6195,nan,nan,nan,nan,0
early,cage,5,9,resnet,False,none,lr,0.0001,0.0001,32,3,0.5987,0.8779,0.7451,0.6667,0.5017,nan,nan,nan,nan,0
early,cage,5,9,resnet,False,none,lr,0.0001,0.0001,32,4,0.5164,0.9942,0.8950,0.6190,0.4411,nan,nan,nan,nan,0
early,cage,5,9,resnet,False,none,lr,0.0001,0.0001,32,5,0.4221,0.8267,1.3401,0.4524,0.5522,0.9949,1.1649,0.3500,0.4229,1
early,cage,5,9,resnet,False,none,lr,0.0001,0.0001,32,6,0.3604,1.3163,1.4340,0.5476,0.4175,nan,nan,nan,nan,0
early,cage,5,9,resnet,False,none,lr,0.0001,0.0001,32,7,0.3127,1.5815,1.3098,0.6429,0.4848,nan,nan,nan,nan,0
early,cage,5,9,resnet,False,none,lr,0.0001,0.0001,32,8,0.2514,1.4877,1.6317,0.6190,0.5084,nan,nan,nan,nan,0
early,cage,5,9,resnet,False,none,lr,0.0001,0.0001,32,9,0.2043,1.8314,1.8495,0.5952,0.4310,nan,nan,nan,nan,0
early,cage,5,9,resnet,False,none,lr,0.0001,0.0001,32,10,0.1685,1.7219,1.9644,0.5952,0.4983,nan,nan,nan,nan,0
early,cage,5,9,resnet,False,none,lr,0.0001,0.0001,32,11,0.1523,2.3058,1.7765,0.5952,0.4478,nan,nan,nan,nan,0
early,cage,5,9,resnet,False,none,lr,0.0001,0.0001,32,12,0.1338,2.1910,1.5549,0.7619,0.5488,nan,nan,nan,nan,0
early,cage,5,9,resnet,False,none,lr,0.0001,0.0001,32,13,0.0826,3.1836,2.3322,0.7143,0.5421,nan,nan,nan,nan,0
early,cage,5,9,resnet,False,none,lr,0.0001,0.0001,32,14,0.0873,2.0373,1.9168,0.6429,0.5253,nan,nan,nan,nan,0
early,cage,5,9,resnet,False,none,lr,0.0001,0.0001,32,15,0.0922,1.7079,1.8554,0.6190,0.5657,nan,nan,nan,nan,0
early,cage,5,9,resnet,False,none,lr,0.0001,0.0001,32,16,0.0653,2.8218,2.4113,0.6667,0.5253,nan,nan,nan,nan,0
early,cage,6,0,resnet,False,none,lr,0.0001,0.0001,32,1,0.7281,0.7275,0.6239,0.8140,0.5476,nan,nan,nan,nan,0
early,cage,6,0,resnet,False,none,lr,0.0001,0.0001,32,2,0.6988,0.6787,0.6074,0.7674,0.6746,nan,nan,nan,nan,0
early,cage,6,0,resnet,False,none,lr,0.0001,0.0001,32,3,0.6593,0.6624,0.7584,0.3488,0.7262,nan,nan,nan,nan,0
early,cage,6,0,resnet,False,none,lr,0.0001,0.0001,32,4,0.6138,0.6003,0.6115,0.8140,0.7937,nan,nan,nan,nan,0
early,cage,6,0,resnet,False,none,lr,0.0001,0.0001,32,5,0.5542,0.6348,0.7044,0.6279,0.7222,nan,nan,nan,nan,1
early,cage,6,0,resnet,False,none,lr,0.0001,0.0001,32,6,0.4861,0.6830,0.6423,0.8372,0.7778,nan,nan,nan,nan,1
early,cage,6,0,resnet,False,none,lr,0.0001,0.0001,32,7,0.4170,0.6212,0.6929,0.7674,0.7897,nan,nan,nan,nan,1
early,cage,6,0,resnet,False,none,lr,0.0001,0.0001,32,8,0.3439,0.6388,1.1104,0.5116,0.8095,nan,nan,nan,nan,1
early,cage,6,0,resnet,False,none,lr,0.0001,0.0001,32,9,0.3086,0.9763,0.9473,0.7907,0.8571,1.8028,1.4271,0.7561,0.2857,1
early,cage,6,0,resnet,False,none,lr,0.0001,0.0001,32,10,0.2825,1.2620,0.9509,0.8140,0.7222,nan,nan,nan,nan,0
early,cage,6,0,resnet,False,none,lr,0.0001,0.0001,32,11,0.2242,1.8492,1.3488,0.8372,0.6984,nan,nan,nan,nan,0
early,cage,6,0,resnet,False,none,lr,0.0001,0.0001,32,12,0.1980,0.9857,0.9569,0.8140,0.7659,nan,nan,nan,nan,0
early,cage,6,0,resnet,False,none,lr,0.0001,0.0001,32,13,0.1633,1.7595,1.4323,0.7907,0.7778,nan,nan,nan,nan,0
early,cage,6,0,resnet,False,none,lr,0.0001,0.0001,32,14,0.1487,1.7674,1.3608,0.8372,0.8214,nan,nan,nan,nan,0
early,cage,6,0,resnet,False,none,lr,0.0001,0.0001,32,15,0.1039,1.3069,1.3001,0.7907,0.7619,nan,nan,nan,nan,0
early,cage,6,0,resnet,False,none,lr,0.0001,0.0001,32,16,0.1284,1.1491,1.2083,0.7907,0.8333,nan,nan,nan,nan,0
early,cage,6,1,resnet,False,none,lr,0.0001,0.0001,32,1,0.7271,0.6833,0.6086,0.8372,0.6825,nan,nan,nan,nan,0
early,cage,6,1,resnet,False,none,lr,0.0001,0.0001,32,2,0.6774,0.6593,0.6230,0.7442,0.6825,nan,nan,nan,nan,0
early,cage,6,1,resnet,False,none,lr,0.0001,0.0001,32,3,0.6362,0.6500,0.6871,0.6047,0.6786,nan,nan,nan,nan,0
early,cage,6,1,resnet,False,none,lr,0.0001,0.0001,32,4,0.5694,0.7627,0.6519,0.7907,0.6429,nan,nan,nan,nan,0
early,cage,6,1,resnet,False,none,lr,0.0001,0.0001,32,5,0.5140,0.5998,0.7025,0.6512,0.7222,nan,nan,nan,nan,1
early,cage,6,1,resnet,False,none,lr,0.0001,0.0001,32,6,0.4401,0.8019,0.7841,0.7907,0.6706,nan,nan,nan,nan,0
early,cage,6,1,resnet,False,none,lr,0.0001,0.0001,32,7,0.3703,0.9815,0.7511,0.8140,0.7698,nan,nan,nan,nan,1
early,cage,6,1,resnet,False,none,lr,0.0001,0.0001,32,8,0.3415,0.9323,0.8492,0.7442,0.6310,nan,nan,nan,nan,0
early,cage,6,1,resnet,False,none,lr,0.0001,0.0001,32,9,0.2632,1.1670,0.8854,0.7907,0.7421,1.5914,1.2455,0.8537,0.4762,1
early,cage,6,1,resnet,False,none,lr,0.0001,0.0001,32,10,0.2337,0.8738,1.2261,0.6512,0.5992,nan,nan,nan,nan,0
early,cage,6,1,resnet,False,none,lr,0.0001,0.0001,32,11,0.2198,1.0917,0.9570,0.7674,0.7063,nan,nan,nan,nan,0
early,cage,6,1,resnet,False,none,lr,0.0001,0.0001,32,12,0.1693,1.8072,1.2338,0.8605,0.6151,nan,nan,nan,nan,0
early,cage,6,1,resnet,False,none,lr,0.0001,0.0001,32,13,0.1440,1.4721,1.3367,0.8140,0.6151,nan,nan,nan,nan,0
early,cage,6,1,resnet,False,none,lr,0.0001,0.0001,32,14,0.1145,1.0120,1.0523,0.7442,0.7341,nan,nan,nan,nan,0
early,cage,6,1,resnet,False,none,lr,0.0001,0.0001,32,15,0.1132,1.2758,1.4400,0.6744,0.5556,nan,nan,nan,nan,0
early,cage,6,1,resnet,False,none,lr,0.0001,0.0001,32,16,0.1104,1.7125,1.4470,0.7907,0.6389,nan,nan,nan,nan,0
early,cage,6,2,resnet,False,none,lr,0.0001,0.0001,32,1,0.7315,0.7092,0.5983,0.8095,0.7243,nan,nan,nan,nan,0
early,cage,6,2,resnet,False,none,lr,0.0001,0.0001,32,2,0.6957,0.6409,0.6233,0.8333,0.7868,nan,nan,nan,nan,0
early,cage,6,2,resnet,False,none,lr,0.0001,0.0001,32,3,0.6482,0.6345,0.7548,0.5476,0.7647,nan,nan,nan,nan,0
early,cage,6,2,resnet,False,none,lr,0.0001,0.0001,32,4,0.5916,0.7343,0.9727,0.2381,0.7574,nan,nan,nan,nan,0
early,cage,6,2,resnet,False,none,lr,0.0001,0.0001,32,5,0.5260,0.8247,0.7184,0.7857,0.7096,nan,nan,nan,nan,1
early,cage,6,2,resnet,False,none,lr,0.0001,0.0001,32,6,0.4690,0.6958,0.7209,0.7143,0.7169,nan,nan,nan,nan,0
early,cage,6,2,resnet,False,none,lr,0.0001,0.0001,32,7,0.4097,0.7420,0.9418,0.5476,0.6838,nan,nan,nan,nan,0
early,cage,6,2,resnet,False,none,lr,0.0001,0.0001,32,8,0.3527,0.8261,0.7609,0.8810,0.7426,nan,nan,nan,nan,0
early,cage,6,2,resnet,False,none,lr,0.0001,0.0001,32,9,0.2900,0.6522,0.8199,0.8571,0.7904,nan,nan,nan,nan,0
early,cage,6,2,resnet,False,none,lr,0.0001,0.0001,32,10,0.2469,0.5587,0.8245,0.8333,0.8309,nan,nan,nan,nan,0
early,cage,6,2,resnet,False,none,lr,0.0001,0.0001,32,11,0.1897,0.6318,0.7572,0.8571,0.8382,nan,nan,nan,nan,1
early,cage,6,2,resnet,False,none,lr,0.0001,0.0001,32,12,0.1801,0.8633,0.7893,0.8333,0.8346,1.8904,1.4426,0.8049,0.4095,1
early,cage,6,2,resnet,False,none,lr,0.0001,0.0001,32,13,0.1351,0.9590,1.0489,0.8571,0.7243,nan,nan,nan,nan,0
early,cage,6,2,resnet,False,none,lr,0.0001,0.0001,32,14,0.1703,1.1338,0.9823,0.8333,0.7721,nan,nan,nan,nan,0
early,cage,6,2,resnet,False,none,lr,0.0001,0.0001,32,15,0.1166,1.1978,1.0292,0.8810,0.7537,nan,nan,nan,nan,0
early,cage,6,2,resnet,False,none,lr,0.0001,0.0001,32,16,0.0942,1.0102,1.0976,0.8333,0.8125,nan,nan,nan,nan,0
early,cage,6,2,resnet,False,none,lr,0.0001,0.0001,32,17,0.0688,1.4371,1.2352,0.8571,0.7868,nan,nan,nan,nan,0
early,cage,6,3,resnet,False,none,lr,0.0001,0.0001,32,1,0.7211,0.7115,0.7299,0.2619,0.3510,nan,nan,nan,nan,0
early,cage,6,3,resnet,False,none,lr,0.0001,0.0001,32,2,0.6911,0.7577,0.8066,0.3095,0.4408,nan,nan,nan,nan,0
early,cage,6,3,resnet,False,none,lr,0.0001,0.0001,32,3,0.6472,0.7025,0.7356,0.4762,0.5510,nan,nan,nan,nan,0
early,cage,6,3,resnet,False,none,lr,0.0001,0.0001,32,4,0.5926,0.7648,0.8222,0.4524,0.4816,nan,nan,nan,nan,0
early,cage,6,3,resnet,False,none,lr,0.0001,0.0001,32,5,0.5421,0.7805,0.7327,0.6905,0.5633,nan,nan,nan,nan,1
early,cage,6,3,resnet,False,none,lr,0.0001,0.0001,32,6,0.4635,0.9723,0.8638,0.7857,0.5510,nan,nan,nan,nan,1
early,cage,6,3,resnet,False,none,lr,0.0001,0.0001,32,7,0.4077,0.8368,0.9867,0.6190,0.5388,nan,nan,nan,nan,1
early,cage,6,3,resnet,False,none,lr,0.0001,0.0001,32,8,0.3601,0.8523,0.9207,0.6667,0.6245,nan,nan,nan,nan,1
early,cage,6,3,resnet,False,none,lr,0.0001,0.0001,32,9,0.3035,0.9791,1.1174,0.6429,0.5429,0.8993,1.1962,0.5122,0.5238,1
early,cage,6,3,resnet,False,none,lr,0.0001,0.0001,32,10,0.2491,1.2717,1.0742,0.7143,0.4367,nan,nan,nan,nan,0
early,cage,6,3,resnet,False,none,lr,0.0001,0.0001,32,11,0.2119,1.0576,1.5386,0.5000,0.5796,nan,nan,nan,nan,0
early,cage,6,3,resnet,False,none,lr,0.0001,0.0001,32,12,0.1648,1.3137,1.3235,0.6667,0.4939,nan,nan,nan,nan,0
early,cage,6,3,resnet,False,none,lr,0.0001,0.0001,32,13,0.1687,1.2437,1.2390,0.7381,0.4980,nan,nan,nan,nan,0
early,cage,6,3,resnet,False,none,lr,0.0001,0.0001,32,14,0.1362,1.7709,1.6025,0.7619,0.4082,nan,nan,nan,nan,0
early,cage,6,3,resnet,False,none,lr,0.0001,0.0001,32,15,0.1162,2.2710,1.6458,0.7857,0.5102,nan,nan,nan,nan,0
early,cage,6,3,resnet,False,none,lr,0.0001,0.0001,32,16,0.0878,1.7269,1.4500,0.8095,0.5510,nan,nan,nan,nan,0
early,cage,6,4,resnet,False,none,lr,0.0001,0.0001,32,1,0.7268,0.6860,0.7504,0.1860,0.7929,nan,nan,nan,nan,0
early,cage,6,4,resnet,False,none,lr,0.0001,0.0001,32,2,0.6961,0.6621,0.7108,0.2791,0.6786,nan,nan,nan,nan,0
early,cage,6,4,resnet,False,none,lr,0.0001,0.0001,32,3,0.6643,0.7839,0.6916,0.7674,0.6000,nan,nan,nan,nan,0
early,cage,6,4,resnet,False,none,lr,0.0001,0.0001,32,4,0.6040,0.7682,0.7598,0.7442,0.5464,nan,nan,nan,nan,0
early,cage,6,4,resnet,False,none,lr,0.0001,0.0001,32,5,0.5385,0.9229,0.8618,0.7442,0.6107,nan,nan,nan,nan,1
early,cage,6,4,resnet,False,none,lr,0.0001,0.0001,32,6,0.4731,0.7026,0.7412,0.5814,0.6143,nan,nan,nan,nan,0
early,cage,6,4,resnet,False,none,lr,0.0001,0.0001,32,7,0.4048,0.6396,0.8867,0.6977,0.6714,nan,nan,nan,nan,0
early,cage,6,4,resnet,False,none,lr,0.0001,0.0001,32,8,0.3417,0.6394,1.0277,0.5814,0.6750,nan,nan,nan,nan,0
early,cage,6,4,resnet,False,none,lr,0.0001,0.0001,32,9,0.3076,1.3796,1.1447,0.8140,0.6464,nan,nan,nan,nan,0
early,cage,6,4,resnet,False,none,lr,0.0001,0.0001,32,10,0.2530,1.7228,1.4977,0.8140,0.6714,2.1114,1.5955,0.8293,0.3714,1
early,cage,6,4,resnet,False,none,lr,0.0001,0.0001,32,11,0.2294,1.6551,1.4325,0.7907,0.5357,nan,nan,nan,nan,0
early,cage,6,4,resnet,False,none,lr,0.0001,0.0001,32,12,0.1846,1.5329,1.3855,0.7907,0.5714,nan,nan,nan,nan,0
early,cage,6,4,resnet,False,none,lr,0.0001,0.0001,32,13,0.1731,1.7617,1.5931,0.8140,0.6714,nan,nan,nan,nan,0
early,cage,6,4,resnet,False,none,lr,0.0001,0.0001,32,14,0.1441,1.4182,1.4868,0.7907,0.6321,nan,nan,nan,nan,0
early,cage,6,4,resnet,False,none,lr,0.0001,0.0001,32,15,0.1214,1.9971,1.7136,0.8140,0.6393,nan,nan,nan,nan,0
early,cage,6,4,resnet,False,none,lr,0.0001,0.0001,32,16,0.1035,2.2676,1.8351,0.7907,0.7250,nan,nan,nan,nan,0
early,cage,6,5,resnet,False,none,lr,0.0001,0.0001,32,1,0.7215,0.6853,0.7783,0.2250,0.5125,nan,nan,nan,nan,0
early,cage,6,5,resnet,False,none,lr,0.0001,0.0001,32,2,0.6703,0.9937,0.7864,0.7750,0.3620,nan,nan,nan,nan,0
early,cage,6,5,resnet,False,none,lr,0.0001,0.0001,32,3,0.6076,0.8653,0.7596,0.6750,0.3728,nan,nan,nan,nan,0
early,cage,6,5,resnet,False,none,lr,0.0001,0.0001,32,4,0.5579,0.9528,0.8442,0.6000,0.3763,nan,nan,nan,nan,0
early,cage,6,5,resnet,False,none,lr,0.0001,0.0001,32,5,0.4906,1.2050,0.9877,0.5250,0.3871,nan,nan,nan,nan,1
early,cage,6,5,resnet,False,none,lr,0.0001,0.0001,32,6,0.4099,1.5431,1.2517,0.6500,0.4194,nan,nan,nan,nan,0
early,cage,6,5,resnet,False,none,lr,0.0001,0.0001,32,7,0.3578,1.6351,1.2696,0.6750,0.4158,nan,nan,nan,nan,0
early,cage,6,5,resnet,False,none,lr,0.0001,0.0001,32,8,0.2943,2.1758,1.6589,0.7250,0.3799,nan,nan,nan,nan,0
early,cage,6,5,resnet,False,none,lr,0.0001,0.0001,32,9,0.2438,1.6309,1.4243,0.5000,0.4014,nan,nan,nan,nan,0
early,cage,6,5,resnet,False,none,lr,0.0001,0.0001,32,10,0.2238,2.3854,1.7139,0.7500,0.4158,nan,nan,nan,nan,0
early,cage,6,5,resnet,False,none,lr,0.0001,0.0001,32,11,0.1777,3.2157,2.1042,0.7750,0.3978,nan,nan,nan,nan,0
early,cage,6,5,resnet,False,none,lr,0.0001,0.0001,32,12,0.1344,2.9009,2.1434,0.7000,0.3763,nan,nan,nan,nan,0
early,cage,6,5,resnet,False,none,lr,0.0001,0.0001,32,13,0.1483,2.6603,2.1049,0.5750,0.3978,nan,nan,nan,nan,0
early,cage,6,5,resnet,False,none,lr,0.0001,0.0001,32,14,0.1227,2.2701,1.9918,0.6000,0.4624,nan,nan,nan,nan,1
early,cage,6,5,resnet,False,none,lr,0.0001,0.0001,32,15,0.1033,3.6757,2.6147,0.6750,0.4194,nan,nan,nan,nan,0
early,cage,6,5,resnet,False,none,lr,0.0001,0.0001,32,16,0.0756,3.1642,2.4712,0.6500,0.4194,nan,nan,nan,nan,1
early,cage,6,5,resnet,False,none,lr,0.0001,0.0001,32,17,0.0764,2.8671,2.3315,0.7250,0.4409,nan,nan,nan,nan,1
early,cage,6,5,resnet,False,none,lr,0.0001,0.0001,32,18,0.0730,3.9050,2.8660,0.7250,0.4301,2.4732,1.8702,0.8293,0.5381,1
early,cage,6,5,resnet,False,none,lr,0.0001,0.0001,32,19,0.0567,2.9044,2.5241,0.6500,0.4516,nan,nan,nan,nan,0
early,cage,6,5,resnet,False,none,lr,0.0001,0.0001,32,20,0.0551,3.6636,2.7859,0.7000,0.4444,nan,nan,nan,nan,0
early,cage,6,5,resnet,False,none,lr,0.0001,0.0001,32,21,0.0632,3.4235,2.4524,0.7250,0.4194,nan,nan,nan,nan,0
early,cage,6,5,resnet,False,none,lr,0.0001,0.0001,32,22,0.0707,3.9388,2.8931,0.6750,0.3978,nan,nan,nan,nan,0
early,cage,6,5,resnet,False,none,lr,0.0001,0.0001,32,23,0.0435,2.8925,2.5260,0.5750,0.4050,nan,nan,nan,nan,0
