fusion,dataset,test_set,dev_set,arch,use_pretrained,augmentation,speech_encoder_arch,lr,wd,batch_size,epoch,train_loss,dev_loss_patient,dev_loss_cough,dev_acc,dev_auc,test_loss_patient,test_loss_cough,test_acc,test_auc,is_best
none,cage,0,1,resnet,False,none,lr,1e-05,0.0001,32,1,0.7207,0.6812,0.6822,0.6977,0.7381,nan,nan,nan,nan,0
none,cage,0,1,resnet,False,none,lr,1e-05,0.0001,32,2,0.6942,0.6780,0.6738,0.6977,0.7103,nan,nan,nan,nan,0
none,cage,0,1,resnet,False,none,lr,1e-05,0.0001,32,3,0.6690,0.6809,0.6846,0.6279,0.6151,nan,nan,nan,nan,0
none,cage,0,1,resnet,False,none,lr,1e-05,0.0001,32,4,0.6430,0.6773,0.6282,0.7907,0.6627,nan,nan,nan,nan,0
none,cage,0,1,resnet,False,none,lr,1e-05,0.0001,32,5,0.5955,0.7235,0.6155,0.8372,0.6111,0.7514,0.6484,0.8140,0.5437,1
none,cage,0,1,resnet,False,none,lr,1e-05,0.0001,32,6,0.5366,0.7213,0.6400,0.8372,0.5952,nan,nan,nan,nan,0
none,cage,0,1,resnet,False,none,lr,1e-05,0.0001,32,7,0.4519,0.7395,0.6616,0.7907,0.6349,nan,nan,nan,nan,0
none,cage,0,1,resnet,False,none,lr,1e-05,0.0001,32,8,0.3661,0.7297,0.6905,0.7674,0.7063,nan,nan,nan,nan,0
none,cage,0,1,resnet,False,none,lr,1e-05,0.0001,32,9,0.2811,0.6570,0.8862,0.6744,0.6508,nan,nan,nan,nan,0
none,cage,0,1,resnet,False,none,lr,1e-05,0.0001,32,10,0.2274,1.3126,0.8645,0.8372,0.6230,nan,nan,nan,nan,0
none,cage,0,1,resnet,False,none,lr,1e-05,0.0001,32,11,0.1760,1.1771,0.9192,0.7907,0.5913,nan,nan,nan,nan,0
none,cage,0,1,resnet,False,none,lr,1e-05,0.0001,32,12,0.1259,1.2025,0.9534,0.8140,0.6429,nan,nan,nan,nan,0
none,cage,0,1,resnet,False,none,lr,1e-05,0.0001,32,13,0.0929,1.2266,0.9618,0.8372,0.6468,nan,nan,nan,nan,0
none,cage,0,1,resnet,False,none,lr,1e-05,0.0001,32,14,0.0726,0.9206,1.0059,0.7209,0.6468,nan,nan,nan,nan,0
none,cage,0,1,resnet,False,none,lr,1e-05,0.0001,32,15,0.0527,1.4568,1.0903,0.8140,0.7222,nan,nan,nan,nan,0
none,cage,0,1,resnet,False,none,lr,1e-05,0.0001,32,16,0.0455,1.3803,1.0944,0.8372,0.6746,nan,nan,nan,nan,0
none,cage,0,2,resnet,False,none,lr,1e-05,0.0001,32,1,0.7154,0.7292,0.7203,0.4048,0.3125,nan,nan,nan,nan,0
none,cage,0,2,resnet,False,none,lr,1e-05,0.0001,32,2,0.6862,0.7153,0.7078,0.5000,0.3603,nan,nan,nan,nan,0
none,cage,0,2,resnet,False,none,lr,1e-05,0.0001,32,3,0.6724,0.7214,0.6583,0.7857,0.5735,nan,nan,nan,nan,0
none,cage,0,2,resnet,False,none,lr,1e-05,0.0001,32,4,0.6461,0.7166,0.7405,0.5476,0.4596,nan,nan,nan,nan,0
none,cage,0,2,resnet,False,none,lr,1e-05,0.0001,32,5,0.6099,0.7353,0.7699,0.4286,0.3934,nan,nan,nan,nan,1
none,cage,0,2,resnet,False,none,lr,1e-05,0.0001,32,6,0.5516,0.7598,0.7361,0.7143,0.5404,nan,nan,nan,nan,1
none,cage,0,2,resnet,False,none,lr,1e-05,0.0001,32,7,0.4838,0.7676,0.7949,0.7381,0.6213,nan,nan,nan,nan,1
none,cage,0,2,resnet,False,none,lr,1e-05,0.0001,32,8,0.4005,0.7458,0.8667,0.6905,0.6140,nan,nan,nan,nan,1
none,cage,0,2,resnet,False,none,lr,1e-05,0.0001,32,9,0.3220,0.7206,0.9746,0.5476,0.6324,nan,nan,nan,nan,1
none,cage,0,2,resnet,False,none,lr,1e-05,0.0001,32,10,0.2697,1.0092,0.8897,0.8095,0.6581,nan,nan,nan,nan,1
none,cage,0,2,resnet,False,none,lr,1e-05,0.0001,32,11,0.2050,1.0632,1.0966,0.6905,0.5956,nan,nan,nan,nan,1
none,cage,0,2,resnet,False,none,lr,1e-05,0.0001,32,12,0.1650,1.4672,1.0833,0.8095,0.6728,nan,nan,nan,nan,1
none,cage,0,2,resnet,False,none,lr,1e-05,0.0001,32,13,0.1369,1.3880,1.1018,0.8095,0.6471,1.3372,1.1463,0.8140,0.6071,1
none,cage,0,2,resnet,False,none,lr,1e-05,0.0001,32,14,0.1067,1.1356,1.3505,0.6667,0.5221,nan,nan,nan,nan,0
none,cage,0,2,resnet,False,none,lr,1e-05,0.0001,32,15,0.0861,1.9126,1.2941,0.8095,0.6507,nan,nan,nan,nan,0
none,cage,0,2,resnet,False,none,lr,1e-05,0.0001,32,16,0.0616,1.6135,1.2389,0.8095,0.6581,nan,nan,nan,nan,0
none,cage,0,2,resnet,False,none,lr,1e-05,0.0001,32,17,0.0494,1.6901,1.2908,0.8095,0.5809,nan,nan,nan,nan,0
none,cage,0,2,resnet,False,none,lr,1e-05,0.0001,32,18,0.0436,1.3590,1.2093,0.7619,0.6507,nan,nan,nan,nan,0
none,cage,0,3,resnet,False,none,lr,1e-05,0.0001,32,1,0.7102,0.7175,0.7823,0.1905,0.4122,nan,nan,nan,nan,0
none,cage,0,3,resnet,False,none,lr,1e-05,0.0001,32,2,0.6884,0.6955,0.7243,0.2619,0.4980,nan,nan,nan,nan,0
none,cage,0,3,resnet,False,none,lr,1e-05,0.0001,32,3,0.6769,0.6977,0.7247,0.3095,0.4612,nan,nan,nan,nan,0
none,cage,0,3,resnet,False,none,lr,1e-05,0.0001,32,4,0.6513,0.6869,0.6936,0.5952,0.5714,nan,nan,nan,nan,0
none,cage,0,3,resnet,False,none,lr,1e-05,0.0001,32,5,0.6325,0.6851,0.6525,0.7619,0.6245,nan,nan,nan,nan,1
none,cage,0,3,resnet,False,none,lr,1e-05,0.0001,32,6,0.5822,0.7225,0.6318,0.8095,0.6449,nan,nan,nan,nan,1
none,cage,0,3,resnet,False,none,lr,1e-05,0.0001,32,7,0.5200,0.6861,0.7997,0.5238,0.6163,nan,nan,nan,nan,1
none,cage,0,3,resnet,False,none,lr,1e-05,0.0001,32,8,0.4545,0.8475,0.6970,0.8095,0.6408,nan,nan,nan,nan,1
none,cage,0,3,resnet,False,none,lr,1e-05,0.0001,32,9,0.3868,1.0057,0.7914,0.8095,0.6327,nan,nan,nan,nan,1
none,cage,0,3,resnet,False,none,lr,1e-05,0.0001,32,10,0.3167,0.9951,0.8124,0.8095,0.6449,nan,nan,nan,nan,0
none,cage,0,3,resnet,False,none,lr,1e-05,0.0001,32,11,0.2519,0.9488,0.9095,0.7143,0.6286,nan,nan,nan,nan,0
none,cage,0,3,resnet,False,none,lr,1e-05,0.0001,32,12,0.2105,0.7213,0.9401,0.6905,0.6408,nan,nan,nan,nan,1
none,cage,0,3,resnet,False,none,lr,1e-05,0.0001,32,13,0.1630,1.0511,0.9394,0.7857,0.6531,nan,nan,nan,nan,0
none,cage,0,3,resnet,False,none,lr,1e-05,0.0001,32,14,0.1276,0.9523,1.0184,0.7381,0.6490,nan,nan,nan,nan,1
none,cage,0,3,resnet,False,none,lr,1e-05,0.0001,32,15,0.1089,1.9315,1.2427,0.8333,0.7429,nan,nan,nan,nan,1
none,cage,0,3,resnet,False,none,lr,1e-05,0.0001,32,16,0.0781,1.2339,1.0558,0.8333,0.7102,nan,nan,nan,nan,1
none,cage,0,3,resnet,False,none,lr,1e-05,0.0001,32,17,0.0684,1.1618,1.0298,0.8095,0.7224,nan,nan,nan,nan,1
none,cage,0,3,resnet,False,none,lr,1e-05,0.0001,32,18,0.0629,1.5354,1.1559,0.8333,0.6776,nan,nan,nan,nan,0
none,cage,0,3,resnet,False,none,lr,1e-05,0.0001,32,19,0.0438,1.3225,1.1085,0.8333,0.7347,1.5032,1.2381,0.8140,0.7937,1
none,cage,0,3,resnet,False,none,lr,1e-05,0.0001,32,20,0.0357,1.3909,1.1816,0.8333,0.7061,nan,nan,nan,nan,0
none,cage,0,3,resnet,False,none,lr,1e-05,0.0001,32,21,0.0283,1.2474,1.1819,0.7857,0.7224,nan,nan,nan,nan,0
none,cage,0,3,resnet,False,none,lr,1e-05,0.0001,32,22,0.0212,1.2181,1.1837,0.7619,0.7061,nan,nan,nan,nan,0
none,cage,0,3,resnet,False,none,lr,1e-05,0.0001,32,23,0.0215,1.0361,1.2166,0.7381,0.6857,nan,nan,nan,nan,0
none,cage,0,3,resnet,False,none,lr,1e-05,0.0001,32,24,0.0415,1.5504,1.2419,0.8333,0.7388,nan,nan,nan,nan,0
none,cage,0,4,resnet,False,none,lr,1e-05,0.0001,32,1,0.7181,0.6967,0.6872,0.7674,0.5464,nan,nan,nan,nan,0
none,cage,0,4,resnet,False,none,lr,1e-05,0.0001,32,2,0.6851,0.6823,0.7033,0.3023,0.5964,nan,nan,nan,nan,0
none,cage,0,4,resnet,False,none,lr,1e-05,0.0001,32,3,0.6743,0.6933,0.6978,0.7209,0.5571,nan,nan,nan,nan,0
none,cage,0,4,resnet,False,none,lr,1e-05,0.0001,32,4,0.6468,0.7093,0.6931,0.6279,0.5071,nan,nan,nan,nan,0
none,cage,0,4,resnet,False,none,lr,1e-05,0.0001,32,5,0.6149,0.7968,0.7319,0.7674,0.4107,nan,nan,nan,nan,1
none,cage,0,4,resnet,False,none,lr,1e-05,0.0001,32,6,0.5616,0.8420,0.7901,0.7674,0.4321,nan,nan,nan,nan,0
none,cage,0,4,resnet,False,none,lr,1e-05,0.0001,32,7,0.4886,0.7194,0.7341,0.6744,0.5464,nan,nan,nan,nan,0
none,cage,0,4,resnet,False,none,lr,1e-05,0.0001,32,8,0.4125,0.8205,0.8100,0.7442,0.6179,nan,nan,nan,nan,0
none,cage,0,4,resnet,False,none,lr,1e-05,0.0001,32,9,0.3547,0.9829,0.9417,0.7442,0.5286,nan,nan,nan,nan,0
none,cage,0,4,resnet,False,none,lr,1e-05,0.0001,32,10,0.2963,0.7508,0.8940,0.6512,0.5857,nan,nan,nan,nan,1
none,cage,0,4,resnet,False,none,lr,1e-05,0.0001,32,11,0.2492,1.5030,1.2904,0.8140,0.4786,1.2820,0.9940,0.8140,0.6944,1
none,cage,0,4,resnet,False,none,lr,1e-05,0.0001,32,12,0.2028,1.3841,1.2080,0.8140,0.5286,nan,nan,nan,nan,0
none,cage,0,4,resnet,False,none,lr,1e-05,0.0001,32,13,0.1668,1.5509,1.3473,0.8140,0.5000,nan,nan,nan,nan,0
none,cage,0,4,resnet,False,none,lr,1e-05,0.0001,32,14,0.1257,1.7651,1.4724,0.8140,0.4714,nan,nan,nan,nan,0
none,cage,0,4,resnet,False,none,lr,1e-05,0.0001,32,15,0.1169,1.4461,1.3383,0.7674,0.5000,nan,nan,nan,nan,0
none,cage,0,4,resnet,False,none,lr,1e-05,0.0001,32,16,0.0833,1.7211,1.5136,0.7907,0.5357,nan,nan,nan,nan,0
none,cage,0,5,resnet,False,none,lr,1e-05,0.0001,32,1,0.7162,0.6784,0.7305,0.2250,0.5771,nan,nan,nan,nan,0
none,cage,0,5,resnet,False,none,lr,1e-05,0.0001,32,2,0.6890,0.7243,0.6969,0.6250,0.3333,nan,nan,nan,nan,0
none,cage,0,5,resnet,False,none,lr,1e-05,0.0001,32,3,0.6746,0.7093,0.7087,0.4500,0.4158,nan,nan,nan,nan,0
none,cage,0,5,resnet,False,none,lr,1e-05,0.0001,32,4,0.6462,0.7636,0.6919,0.7750,0.4014,nan,nan,nan,nan,0
none,cage,0,5,resnet,False,none,lr,1e-05,0.0001,32,5,0.6063,0.8167,0.6878,0.7750,0.4265,0.6964,0.6264,0.8372,0.6389,1
none,cage,0,5,resnet,False,none,lr,1e-05,0.0001,32,6,0.5486,1.1194,0.8173,0.7750,0.4086,nan,nan,nan,nan,0
none,cage,0,5,resnet,False,none,lr,1e-05,0.0001,32,7,0.4826,0.7877,0.9732,0.2750,0.3441,nan,nan,nan,nan,0
none,cage,0,5,resnet,False,none,lr,1e-05,0.0001,32,8,0.4144,1.2111,0.8894,0.7500,0.3835,nan,nan,nan,nan,0
none,cage,0,5,resnet,False,none,lr,1e-05,0.0001,32,9,0.3246,1.4567,1.0568,0.7500,0.4229,nan,nan,nan,nan,0
none,cage,0,5,resnet,False,none,lr,1e-05,0.0001,32,10,0.2773,1.2991,1.0566,0.6500,0.3907,nan,nan,nan,nan,0
none,cage,0,5,resnet,False,none,lr,1e-05,0.0001,32,11,0.2223,1.1254,1.0679,0.6250,0.4122,nan,nan,nan,nan,0
none,cage,0,5,resnet,False,none,lr,1e-05,0.0001,32,12,0.1699,1.8724,1.2938,0.7500,0.4337,nan,nan,nan,nan,0
none,cage,0,5,resnet,False,none,lr,1e-05,0.0001,32,13,0.1360,2.0952,1.3859,0.7500,0.3907,nan,nan,nan,nan,0
none,cage,0,5,resnet,False,none,lr,1e-05,0.0001,32,14,0.0947,1.5578,1.2912,0.6750,0.3799,nan,nan,nan,nan,0
none,cage,0,5,resnet,False,none,lr,1e-05,0.0001,32,15,0.0745,1.9114,1.4472,0.6750,0.3799,nan,nan,nan,nan,0
none,cage,0,5,resnet,False,none,lr,1e-05,0.0001,32,16,0.0568,1.9166,1.4541,0.6750,0.3799,nan,nan,nan,nan,0
none,cage,0,6,resnet,False,none,lr,1e-05,0.0001,32,1,0.7120,0.6963,0.6558,0.8293,0.4476,nan,nan,nan,nan,0
none,cage,0,6,resnet,False,none,lr,1e-05,0.0001,32,2,0.6886,0.6844,0.6473,0.8537,0.5762,nan,nan,nan,nan,0
none,cage,0,6,resnet,False,none,lr,1e-05,0.0001,32,3,0.6775,0.6762,0.6682,0.7073,0.6048,nan,nan,nan,nan,0
none,cage,0,6,resnet,False,none,lr,1e-05,0.0001,32,4,0.6459,0.7240,0.6879,0.7805,0.3619,nan,nan,nan,nan,0
none,cage,0,6,resnet,False,none,lr,1e-05,0.0001,32,5,0.6032,0.7589,0.7188,0.7805,0.3952,0.6628,0.6368,0.8605,0.7222,1
none,cage,0,6,resnet,False,none,lr,1e-05,0.0001,32,6,0.5442,0.8347,0.7344,0.8537,0.4619,nan,nan,nan,nan,0
none,cage,0,6,resnet,False,none,lr,1e-05,0.0001,32,7,0.4768,0.7820,0.8420,0.5854,0.4381,nan,nan,nan,nan,0
none,cage,0,6,resnet,False,none,lr,1e-05,0.0001,32,8,0.4094,0.8181,0.8791,0.7073,0.3810,nan,nan,nan,nan,0
none,cage,0,6,resnet,False,none,lr,1e-05,0.0001,32,9,0.3462,0.9256,0.8677,0.7317,0.4429,nan,nan,nan,nan,0
none,cage,0,6,resnet,False,none,lr,1e-05,0.0001,32,10,0.2738,1.3464,1.0832,0.8293,0.3571,nan,nan,nan,nan,0
none,cage,0,6,resnet,False,none,lr,1e-05,0.0001,32,11,0.2231,1.3403,1.0937,0.8293,0.4524,nan,nan,nan,nan,0
none,cage,0,6,resnet,False,none,lr,1e-05,0.0001,32,12,0.1859,1.8186,1.3431,0.8537,0.4571,nan,nan,nan,nan,0
none,cage,0,6,resnet,False,none,lr,1e-05,0.0001,32,13,0.1532,1.1987,1.2020,0.7561,0.3857,nan,nan,nan,nan,0
none,cage,0,6,resnet,False,none,lr,1e-05,0.0001,32,14,0.1142,1.6043,1.2537,0.8537,0.4143,nan,nan,nan,nan,0
none,cage,0,6,resnet,False,none,lr,1e-05,0.0001,32,15,0.0907,1.8162,1.3875,0.8537,0.4524,nan,nan,nan,nan,0
none,cage,0,6,resnet,False,none,lr,1e-05,0.0001,32,16,0.0755,1.5921,1.3301,0.8293,0.4286,nan,nan,nan,nan,0
none,cage,0,7,resnet,False,none,lr,1e-05,0.0001,32,1,0.7075,0.7058,0.6453,0.8182,0.5278,nan,nan,nan,nan,0
none,cage,0,7,resnet,False,none,lr,1e-05,0.0001,32,2,0.6864,0.6960,0.6473,0.8182,0.5729,nan,nan,nan,nan,0
none,cage,0,7,resnet,False,none,lr,1e-05,0.0001,32,3,0.6628,0.6903,0.6810,0.6818,0.6076,nan,nan,nan,nan,0
none,cage,0,7,resnet,False,none,lr,1e-05,0.0001,32,4,0.6339,0.6763,0.7137,0.5455,0.5799,nan,nan,nan,nan,0
none,cage,0,7,resnet,False,none,lr,1e-05,0.0001,32,5,0.5981,0.7226,0.6259,0.8182,0.5938,nan,nan,nan,nan,1
none,cage,0,7,resnet,False,none,lr,1e-05,0.0001,32,6,0.5473,0.6937,0.6907,0.7273,0.5868,nan,nan,nan,nan,1
none,cage,0,7,resnet,False,none,lr,1e-05,0.0001,32,7,0.4690,0.7251,0.7064,0.7955,0.6250,nan,nan,nan,nan,1
none,cage,0,7,resnet,False,none,lr,1e-05,0.0001,32,8,0.3999,0.6565,0.6938,0.8409,0.7431,nan,nan,nan,nan,1
none,cage,0,7,resnet,False,none,lr,1e-05,0.0001,32,9,0.3288,0.6773,0.7715,0.8182,0.7361,nan,nan,nan,nan,1
none,cage,0,7,resnet,False,none,lr,1e-05,0.0001,32,10,0.2641,0.8034,0.7241,0.8182,0.7778,nan,nan,nan,nan,1
none,cage,0,7,resnet,False,none,lr,1e-05,0.0001,32,11,0.2140,1.1245,0.8502,0.8182,0.7083,nan,nan,nan,nan,1
none,cage,0,7,resnet,False,none,lr,1e-05,0.0001,32,12,0.1654,0.8571,0.8051,0.7727,0.7361,nan,nan,nan,nan,1
none,cage,0,7,resnet,False,none,lr,1e-05,0.0001,32,13,0.1152,1.1227,0.8667,0.8182,0.7257,nan,nan,nan,nan,0
none,cage,0,7,resnet,False,none,lr,1e-05,0.0001,32,14,0.1079,0.8927,0.9231,0.8182,0.8056,0.9047,1.0276,0.8140,0.7540,1
none,cage,0,7,resnet,False,none,lr,1e-05,0.0001,32,15,0.0711,1.1194,0.9747,0.8182,0.7431,nan,nan,nan,nan,0
none,cage,0,7,resnet,False,none,lr,1e-05,0.0001,32,16,0.0638,1.2308,1.0069,0.8182,0.7118,nan,nan,nan,nan,0
none,cage,0,7,resnet,False,none,lr,1e-05,0.0001,32,17,0.0543,1.1137,1.0570,0.7955,0.6528,nan,nan,nan,nan,0
none,cage,0,7,resnet,False,none,lr,1e-05,0.0001,32,18,0.0419,1.1570,1.0102,0.8182,0.7326,nan,nan,nan,nan,0
none,cage,0,7,resnet,False,none,lr,1e-05,0.0001,32,19,0.0309,1.2038,1.0101,0.8182,0.6910,nan,nan,nan,nan,0
none,cage,0,8,resnet,False,none,lr,1e-05,0.0001,32,1,0.7136,0.7170,0.6725,0.7447,0.3750,nan,nan,nan,nan,0
none,cage,0,8,resnet,False,none,lr,1e-05,0.0001,32,2,0.6859,0.7151,0.7391,0.3830,0.4231,nan,nan,nan,nan,0
none,cage,0,8,resnet,False,none,lr,1e-05,0.0001,32,3,0.6713,0.7267,0.7428,0.3404,0.3718,nan,nan,nan,nan,0
none,cage,0,8,resnet,False,none,lr,1e-05,0.0001,32,4,0.6499,0.7297,0.6775,0.7447,0.4038,nan,nan,nan,nan,0
none,cage,0,8,resnet,False,none,lr,1e-05,0.0001,32,5,0.6218,0.7353,0.7957,0.4468,0.4359,nan,nan,nan,nan,1
none,cage,0,8,resnet,False,none,lr,1e-05,0.0001,32,6,0.5672,0.7516,0.8273,0.4894,0.4519,nan,nan,nan,nan,1
none,cage,0,8,resnet,False,none,lr,1e-05,0.0001,32,7,0.4978,0.7902,0.7631,0.6170,0.4744,nan,nan,nan,nan,1
none,cage,0,8,resnet,False,none,lr,1e-05,0.0001,32,8,0.4325,1.0677,0.7908,0.7660,0.4840,nan,nan,nan,nan,1
none,cage,0,8,resnet,False,none,lr,1e-05,0.0001,32,9,0.3607,0.8539,0.8869,0.6596,0.4808,nan,nan,nan,nan,1
none,cage,0,8,resnet,False,none,lr,1e-05,0.0001,32,10,0.3116,1.5531,0.9134,0.8298,0.4904,nan,nan,nan,nan,1
none,cage,0,8,resnet,False,none,lr,1e-05,0.0001,32,11,0.2388,1.0509,0.9285,0.7234,0.4776,0.7326,0.8270,0.8605,0.7302,1
none,cage,0,8,resnet,False,none,lr,1e-05,0.0001,32,12,0.1864,1.4329,0.9821,0.7872,0.4519,nan,nan,nan,nan,0
none,cage,0,8,resnet,False,none,lr,1e-05,0.0001,32,13,0.1554,1.7626,1.1444,0.8085,0.4295,nan,nan,nan,nan,0
none,cage,0,8,resnet,False,none,lr,1e-05,0.0001,32,14,0.1173,1.8348,1.1740,0.8085,0.4647,nan,nan,nan,nan,0
none,cage,0,8,resnet,False,none,lr,1e-05,0.0001,32,15,0.0992,1.4703,1.1224,0.8085,0.4808,nan,nan,nan,nan,0
none,cage,0,8,resnet,False,none,lr,1e-05,0.0001,32,16,0.0725,1.5886,1.1695,0.7872,0.4904,nan,nan,nan,nan,0
none,cage,0,9,resnet,False,none,lr,1e-05,0.0001,32,1,0.7086,0.6817,0.7112,0.2619,0.5724,nan,nan,nan,nan,0
none,cage,0,9,resnet,False,none,lr,1e-05,0.0001,32,2,0.6939,0.7714,0.6753,0.7857,0.3872,nan,nan,nan,nan,0
none,cage,0,9,resnet,False,none,lr,1e-05,0.0001,32,3,0.6585,0.7672,0.6919,0.7143,0.4276,nan,nan,nan,nan,0
none,cage,0,9,resnet,False,none,lr,1e-05,0.0001,32,4,0.6333,0.7169,0.7548,0.4286,0.4141,nan,nan,nan,nan,0
none,cage,0,9,resnet,False,none,lr,1e-05,0.0001,32,5,0.5889,0.7178,0.7608,0.5476,0.5017,0.6382,0.6838,0.6744,0.7857,1
none,cage,0,9,resnet,False,none,lr,1e-05,0.0001,32,6,0.5030,0.7734,0.8200,0.6667,0.5017,nan,nan,nan,nan,0
none,cage,0,9,resnet,False,none,lr,1e-05,0.0001,32,7,0.4238,0.7844,0.9628,0.4524,0.3906,nan,nan,nan,nan,0
none,cage,0,9,resnet,False,none,lr,1e-05,0.0001,32,8,0.3295,1.0274,1.1842,0.4762,0.3098,nan,nan,nan,nan,0
none,cage,0,9,resnet,False,none,lr,1e-05,0.0001,32,9,0.2646,1.5138,1.1204,0.7381,0.4209,nan,nan,nan,nan,0
none,cage,0,9,resnet,False,none,lr,1e-05,0.0001,32,10,0.2010,1.0271,1.1542,0.6190,0.3771,nan,nan,nan,nan,0
none,cage,0,9,resnet,False,none,lr,1e-05,0.0001,32,11,0.1564,1.3403,1.1283,0.7381,0.4343,nan,nan,nan,nan,0
none,cage,0,9,resnet,False,none,lr,1e-05,0.0001,32,12,0.1142,1.4790,1.3579,0.6905,0.3737,nan,nan,nan,nan,0
none,cage,0,9,resnet,False,none,lr,1e-05,0.0001,32,13,0.0810,1.7367,1.3221,0.7619,0.4209,nan,nan,nan,nan,0
none,cage,0,9,resnet,False,none,lr,1e-05,0.0001,32,14,0.0617,1.7229,1.3572,0.7619,0.3737,nan,nan,nan,nan,0
none,cage,0,9,resnet,False,none,lr,1e-05,0.0001,32,15,0.0533,1.7085,1.4913,0.7143,0.3805,nan,nan,nan,nan,0
none,cage,0,9,resnet,False,none,lr,1e-05,0.0001,32,16,0.0347,2.4552,1.5685,0.7857,0.4040,nan,nan,nan,nan,0
none,cage,1,0,resnet,False,none,lr,1e-05,0.0001,32,1,0.7118,0.7030,0.7112,0.3953,0.3532,nan,nan,nan,nan,0
none,cage,1,0,resnet,False,none,lr,1e-05,0.0001,32,2,0.6940,0.6981,0.7095,0.4186,0.4365,nan,nan,nan,nan,0
none,cage,1,0,resnet,False,none,lr,1e-05,0.0001,32,3,0.6763,0.7017,0.6824,0.7674,0.4841,nan,nan,nan,nan,0
none,cage,1,0,resnet,False,none,lr,1e-05,0.0001,32,4,0.6551,0.6847,0.6629,0.8140,0.6389,nan,nan,nan,nan,0
none,cage,1,0,resnet,False,none,lr,1e-05,0.0001,32,5,0.6171,0.6731,0.7135,0.3953,0.6865,nan,nan,nan,nan,1
none,cage,1,0,resnet,False,none,lr,1e-05,0.0001,32,6,0.5665,0.6697,0.7095,0.7209,0.7341,nan,nan,nan,nan,1
none,cage,1,0,resnet,False,none,lr,1e-05,0.0001,32,7,0.5077,0.6498,0.7057,0.7442,0.7341,nan,nan,nan,nan,1
none,cage,1,0,resnet,False,none,lr,1e-05,0.0001,32,8,0.4243,0.7078,0.7459,0.7674,0.7381,nan,nan,nan,nan,1
none,cage,1,0,resnet,False,none,lr,1e-05,0.0001,32,9,0.3542,0.7266,0.7768,0.8140,0.6984,nan,nan,nan,nan,1
none,cage,1,0,resnet,False,none,lr,1e-05,0.0001,32,10,0.2897,0.9295,0.8213,0.8140,0.7817,nan,nan,nan,nan,1
none,cage,1,0,resnet,False,none,lr,1e-05,0.0001,32,11,0.2409,0.7627,0.7544,0.8140,0.8333,0.8629,0.7500,0.7907,0.6587,1
none,cage,1,0,resnet,False,none,lr,1e-05,0.0001,32,12,0.1923,0.9989,0.9155,0.8140,0.7341,nan,nan,nan,nan,0
none,cage,1,0,resnet,False,none,lr,1e-05,0.0001,32,13,0.1566,0.7638,0.8988,0.8372,0.7183,nan,nan,nan,nan,0
none,cage,1,0,resnet,False,none,lr,1e-05,0.0001,32,14,0.1193,1.3001,1.0862,0.8140,0.6825,nan,nan,nan,nan,0
none,cage,1,0,resnet,False,none,lr,1e-05,0.0001,32,15,0.1006,1.6047,1.2085,0.8140,0.6825,nan,nan,nan,nan,0
none,cage,1,0,resnet,False,none,lr,1e-05,0.0001,32,16,0.0767,1.2938,1.1311,0.8140,0.7698,nan,nan,nan,nan,0
none,cage,1,2,resnet,False,none,lr,1e-05,0.0001,32,1,0.7171,0.7178,0.7163,0.4286,0.2794,nan,nan,nan,nan,0
none,cage,1,2,resnet,False,none,lr,1e-05,0.0001,32,2,0.6874,0.7154,0.6959,0.7143,0.2978,nan,nan,nan,nan,0
none,cage,1,2,resnet,False,none,lr,1e-05,0.0001,32,3,0.6657,0.7207,0.7076,0.6429,0.3824,nan,nan,nan,nan,0
none,cage,1,2,resnet,False,none,lr,1e-05,0.0001,32,4,0.6300,0.7434,0.7260,0.6667,0.3529,nan,nan,nan,nan,0
none,cage,1,2,resnet,False,none,lr,1e-05,0.0001,32,5,0.5934,0.8031,0.6841,0.7619,0.5184,nan,nan,nan,nan,1
none,cage,1,2,resnet,False,none,lr,1e-05,0.0001,32,6,0.5401,0.8236,0.6703,0.8095,0.6360,nan,nan,nan,nan,1
none,cage,1,2,resnet,False,none,lr,1e-05,0.0001,32,7,0.4599,0.7561,0.8622,0.6190,0.4926,nan,nan,nan,nan,1
none,cage,1,2,resnet,False,none,lr,1e-05,0.0001,32,8,0.3982,0.7079,0.8643,0.6190,0.6324,nan,nan,nan,nan,1
none,cage,1,2,resnet,False,none,lr,1e-05,0.0001,32,9,0.3186,0.9841,0.8278,0.7857,0.6287,nan,nan,nan,nan,1
none,cage,1,2,resnet,False,none,lr,1e-05,0.0001,32,10,0.2665,0.8424,0.8159,0.7857,0.7096,nan,nan,nan,nan,1
none,cage,1,2,resnet,False,none,lr,1e-05,0.0001,32,11,0.2130,0.7977,0.9528,0.6905,0.6213,nan,nan,nan,nan,0
none,cage,1,2,resnet,False,none,lr,1e-05,0.0001,32,12,0.1613,1.2336,0.9705,0.7857,0.7279,nan,nan,nan,nan,1
none,cage,1,2,resnet,False,none,lr,1e-05,0.0001,32,13,0.1399,1.8383,1.1921,0.8095,0.6728,nan,nan,nan,nan,1
none,cage,1,2,resnet,False,none,lr,1e-05,0.0001,32,14,0.1048,1.4799,1.0993,0.7857,0.7353,1.4249,1.0285,0.8372,0.5476,1
none,cage,1,2,resnet,False,none,lr,1e-05,0.0001,32,15,0.0888,1.2464,1.1786,0.7857,0.5625,nan,nan,nan,nan,0
none,cage,1,2,resnet,False,none,lr,1e-05,0.0001,32,16,0.0761,1.4089,1.1540,0.7619,0.6801,nan,nan,nan,nan,0
none,cage,1,2,resnet,False,none,lr,1e-05,0.0001,32,17,0.0628,1.4427,1.1246,0.7857,0.7353,nan,nan,nan,nan,0
none,cage,1,2,resnet,False,none,lr,1e-05,0.0001,32,18,0.0501,1.5050,1.1727,0.7619,0.7059,nan,nan,nan,nan,0
none,cage,1,2,resnet,False,none,lr,1e-05,0.0001,32,19,0.0354,1.8758,1.2905,0.8095,0.7316,nan,nan,nan,nan,0
none,cage,1,3,resnet,False,none,lr,1e-05,0.0001,32,1,0.7147,0.6987,0.7360,0.1667,0.5224,nan,nan,nan,nan,0
none,cage,1,3,resnet,False,none,lr,1e-05,0.0001,32,2,0.6858,0.6941,0.7142,0.4048,0.4816,nan,nan,nan,nan,0
none,cage,1,3,resnet,False,none,lr,1e-05,0.0001,32,3,0.6697,0.6955,0.7199,0.3810,0.4571,nan,nan,nan,nan,0
none,cage,1,3,resnet,False,none,lr,1e-05,0.0001,32,4,0.6401,0.6839,0.7131,0.5714,0.5224,nan,nan,nan,nan,0
none,cage,1,3,resnet,False,none,lr,1e-05,0.0001,32,5,0.6043,0.6382,0.6965,0.6667,0.7388,nan,nan,nan,nan,1
none,cage,1,3,resnet,False,none,lr,1e-05,0.0001,32,6,0.5329,0.8490,0.7063,0.8333,0.5469,nan,nan,nan,nan,0
none,cage,1,3,resnet,False,none,lr,1e-05,0.0001,32,7,0.4554,0.7597,0.6966,0.8333,0.6408,nan,nan,nan,nan,1
none,cage,1,3,resnet,False,none,lr,1e-05,0.0001,32,8,0.3762,0.7214,0.8340,0.6667,0.6041,nan,nan,nan,nan,1
none,cage,1,3,resnet,False,none,lr,1e-05,0.0001,32,9,0.3041,1.0941,0.8487,0.8095,0.6204,1.0734,0.7794,0.8372,0.5794,1
none,cage,1,3,resnet,False,none,lr,1e-05,0.0001,32,10,0.2481,0.8926,0.8865,0.8095,0.5878,nan,nan,nan,nan,0
none,cage,1,3,resnet,False,none,lr,1e-05,0.0001,32,11,0.2109,1.1010,0.9451,0.8333,0.6327,nan,nan,nan,nan,0
none,cage,1,3,resnet,False,none,lr,1e-05,0.0001,32,12,0.1676,1.3959,1.0173,0.8333,0.6286,nan,nan,nan,nan,0
none,cage,1,3,resnet,False,none,lr,1e-05,0.0001,32,13,0.1277,1.8010,1.1919,0.8333,0.6082,nan,nan,nan,nan,0
none,cage,1,3,resnet,False,none,lr,1e-05,0.0001,32,14,0.1041,1.3687,1.1073,0.8095,0.5755,nan,nan,nan,nan,0
none,cage,1,3,resnet,False,none,lr,1e-05,0.0001,32,15,0.0892,1.9225,1.2907,0.8333,0.5796,nan,nan,nan,nan,0
none,cage,1,3,resnet,False,none,lr,1e-05,0.0001,32,16,0.0741,1.8090,1.2693,0.8333,0.6082,nan,nan,nan,nan,0
none,cage,1,4,resnet,False,none,lr,1e-05,0.0001,32,1,0.7085,0.7273,0.6824,0.8140,0.4321,nan,nan,nan,nan,0
none,cage,1,4,resnet,False,none,lr,1e-05,0.0001,32,2,0.6902,0.6990,0.6729,0.7674,0.5679,nan,nan,nan,nan,0
none,cage,1,4,resnet,False,none,lr,1e-05,0.0001,32,3,0.6735,0.6813,0.6858,0.6512,0.6071,nan,nan,nan,nan,0
none,cage,1,4,resnet,False,none,lr,1e-05,0.0001,32,4,0.6457,0.7346,0.6845,0.7907,0.5321,nan,nan,nan,nan,0
none,cage,1,4,resnet,False,none,lr,1e-05,0.0001,32,5,0.6089,0.7252,0.6831,0.7907,0.5929,nan,nan,nan,nan,1
none,cage,1,4,resnet,False,none,lr,1e-05,0.0001,32,6,0.5400,0.7061,0.7013,0.7442,0.6179,nan,nan,nan,nan,1
none,cage,1,4,resnet,False,none,lr,1e-05,0.0001,32,7,0.4721,1.2249,1.0354,0.7907,0.5179,nan,nan,nan,nan,0
none,cage,1,4,resnet,False,none,lr,1e-05,0.0001,32,8,0.3962,0.9469,0.9224,0.7907,0.5357,nan,nan,nan,nan,0
none,cage,1,4,resnet,False,none,lr,1e-05,0.0001,32,9,0.3222,0.7636,0.8518,0.7674,0.6786,nan,nan,nan,nan,1
none,cage,1,4,resnet,False,none,lr,1e-05,0.0001,32,10,0.2547,0.7652,0.9030,0.7442,0.6250,nan,nan,nan,nan,1
none,cage,1,4,resnet,False,none,lr,1e-05,0.0001,32,11,0.1959,0.8765,0.9313,0.7442,0.6821,nan,nan,nan,nan,1
none,cage,1,4,resnet,False,none,lr,1e-05,0.0001,32,12,0.1538,1.3367,1.2034,0.8140,0.6000,nan,nan,nan,nan,1
none,cage,1,4,resnet,False,none,lr,1e-05,0.0001,32,13,0.1346,1.4765,1.2511,0.8140,0.6464,1.2307,0.9482,0.8605,0.6706,1
none,cage,1,4,resnet,False,none,lr,1e-05,0.0001,32,14,0.0959,1.2316,1.1678,0.7907,0.6464,nan,nan,nan,nan,0
none,cage,1,4,resnet,False,none,lr,1e-05,0.0001,32,15,0.0742,1.6982,1.4240,0.8140,0.6000,nan,nan,nan,nan,0
none,cage,1,4,resnet,False,none,lr,1e-05,0.0001,32,16,0.0666,1.7024,1.4388,0.8140,0.5643,nan,nan,nan,nan,0
none,cage,1,4,resnet,False,none,lr,1e-05,0.0001,32,17,0.0530,1.4696,1.3487,0.8140,0.6357,nan,nan,nan,nan,0
none,cage,1,4,resnet,False,none,lr,1e-05,0.0001,32,18,0.0471,1.9114,1.5873,0.8140,0.6786,nan,nan,nan,nan,0
none,cage,1,5,resnet,False,none,lr,1e-05,0.0001,32,1,0.7151,0.7196,0.7037,0.6750,0.2832,nan,nan,nan,nan,0
none,cage,1,5,resnet,False,none,lr,1e-05,0.0001,32,2,0.6852,0.7189,0.6757,0.7000,0.5842,nan,nan,nan,nan,0
none,cage,1,5,resnet,False,none,lr,1e-05,0.0001,32,3,0.6591,0.7184,0.6731,0.7250,0.5269,nan,nan,nan,nan,0
none,cage,1,5,resnet,False,none,lr,1e-05,0.0001,32,4,0.6279,0.7891,0.7017,0.6750,0.4337,nan,nan,nan,nan,0
none,cage,1,5,resnet,False,none,lr,1e-05,0.0001,32,5,0.5757,0.7629,0.7227,0.6500,0.4731,nan,nan,nan,nan,1
none,cage,1,5,resnet,False,none,lr,1e-05,0.0001,32,6,0.5101,0.7841,0.7267,0.7750,0.5269,0.7039,0.6564,0.8140,0.6548,1
none,cage,1,5,resnet,False,none,lr,1e-05,0.0001,32,7,0.4340,1.1075,0.8588,0.7750,0.4014,nan,nan,nan,nan,0
none,cage,1,5,resnet,False,none,lr,1e-05,0.0001,32,8,0.3487,1.2168,0.8884,0.8000,0.4265,nan,nan,nan,nan,0
none,cage,1,5,resnet,False,none,lr,1e-05,0.0001,32,9,0.2905,0.9316,0.9707,0.6250,0.4194,nan,nan,nan,nan,0
none,cage,1,5,resnet,False,none,lr,1e-05,0.0001,32,10,0.2331,1.6271,1.1591,0.7750,0.4337,nan,nan,nan,nan,0
none,cage,1,5,resnet,False,none,lr,1e-05,0.0001,32,11,0.1745,1.9119,1.3197,0.7750,0.3943,nan,nan,nan,nan,0
none,cage,1,5,resnet,False,none,lr,1e-05,0.0001,32,12,0.1474,1.7766,1.2700,0.7500,0.4731,nan,nan,nan,nan,0
none,cage,1,5,resnet,False,none,lr,1e-05,0.0001,32,13,0.1222,1.8690,1.3301,0.7500,0.4158,nan,nan,nan,nan,0
none,cage,1,5,resnet,False,none,lr,1e-05,0.0001,32,14,0.0956,1.6132,1.2387,0.7500,0.4659,nan,nan,nan,nan,0
none,cage,1,5,resnet,False,none,lr,1e-05,0.0001,32,15,0.0639,1.5483,1.2512,0.7500,0.4086,nan,nan,nan,nan,0
none,cage,1,5,resnet,False,none,lr,1e-05,0.0001,32,16,0.0549,2.1682,1.5091,0.7750,0.4301,nan,nan,nan,nan,0
none,cage,1,6,resnet,False,none,lr,1e-05,0.0001,32,1,0.7199,0.6863,0.6741,0.8049,0.5476,nan,nan,nan,nan,0
none,cage,1,6,resnet,False,none,lr,1e-05,0.0001,32,2,0.6972,0.6813,0.6857,0.6098,0.6000,nan,nan,nan,nan,0
none,cage,1,6,resnet,False,none,lr,1e-05,0.0001,32,3,0.6624,0.6859,0.6787,0.7317,0.5476,nan,nan,nan,nan,0
none,cage,1,6,resnet,False,none,lr,1e-05,0.0001,32,4,0.6465,0.7518,0.6651,0.8537,0.4381,nan,nan,nan,nan,0
none,cage,1,6,resnet,False,none,lr,1e-05,0.0001,32,5,0.6090,0.6950,0.6897,0.7073,0.5381,nan,nan,nan,nan,1
none,cage,1,6,resnet,False,none,lr,1e-05,0.0001,32,6,0.5523,0.7100,0.8060,0.3659,0.6143,nan,nan,nan,nan,1
none,cage,1,6,resnet,False,none,lr,1e-05,0.0001,32,7,0.4780,0.7050,0.7317,0.7561,0.5381,nan,nan,nan,nan,0
none,cage,1,6,resnet,False,none,lr,1e-05,0.0001,32,8,0.4109,0.7464,0.7139,0.8293,0.5714,nan,nan,nan,nan,0
none,cage,1,6,resnet,False,none,lr,1e-05,0.0001,32,9,0.3364,0.9235,0.8064,0.8293,0.5238,0.8769,0.7113,0.8372,0.6667,1
none,cage,1,6,resnet,False,none,lr,1e-05,0.0001,32,10,0.2765,1.0189,0.8677,0.8293,0.4762,nan,nan,nan,nan,0
none,cage,1,6,resnet,False,none,lr,1e-05,0.0001,32,11,0.2212,0.9809,0.9382,0.8049,0.5476,nan,nan,nan,nan,0
none,cage,1,6,resnet,False,none,lr,1e-05,0.0001,32,12,0.1727,0.9807,0.9608,0.8049,0.5571,nan,nan,nan,nan,0
none,cage,1,6,resnet,False,none,lr,1e-05,0.0001,32,13,0.1302,0.9494,0.9670,0.7805,0.5381,nan,nan,nan,nan,0
none,cage,1,6,resnet,False,none,lr,1e-05,0.0001,32,14,0.0998,1.3584,1.1094,0.8537,0.5619,nan,nan,nan,nan,0
none,cage,1,6,resnet,False,none,lr,1e-05,0.0001,32,15,0.0843,0.9323,0.9626,0.8293,0.5857,nan,nan,nan,nan,0
none,cage,1,6,resnet,False,none,lr,1e-05,0.0001,32,16,0.0666,1.5202,1.2323,0.8537,0.5000,nan,nan,nan,nan,0
none,cage,1,7,resnet,False,none,lr,1e-05,0.0001,32,1,0.7163,0.7067,0.6690,0.8182,0.3750,nan,nan,nan,nan,0
none,cage,1,7,resnet,False,none,lr,1e-05,0.0001,32,2,0.6903,0.7101,0.6644,0.7727,0.4722,nan,nan,nan,nan,0
none,cage,1,7,resnet,False,none,lr,1e-05,0.0001,32,3,0.6736,0.7057,0.6749,0.7500,0.4410,nan,nan,nan,nan,0
none,cage,1,7,resnet,False,none,lr,1e-05,0.0001,32,4,0.6418,0.7152,0.6692,0.7727,0.4826,nan,nan,nan,nan,0
none,cage,1,7,resnet,False,none,lr,1e-05,0.0001,32,5,0.5980,0.7037,0.7593,0.5227,0.5382,nan,nan,nan,nan,1
none,cage,1,7,resnet,False,none,lr,1e-05,0.0001,32,6,0.5473,0.8166,0.6843,0.7727,0.5035,nan,nan,nan,nan,1
none,cage,1,7,resnet,False,none,lr,1e-05,0.0001,32,7,0.4799,0.7201,0.8719,0.3864,0.5312,nan,nan,nan,nan,1
none,cage,1,7,resnet,False,none,lr,1e-05,0.0001,32,8,0.4050,0.7692,0.7806,0.7273,0.5417,nan,nan,nan,nan,1
none,cage,1,7,resnet,False,none,lr,1e-05,0.0001,32,9,0.3397,0.8837,0.8056,0.7727,0.5556,nan,nan,nan,nan,1
none,cage,1,7,resnet,False,none,lr,1e-05,0.0001,32,10,0.2665,0.8307,0.9208,0.6591,0.5660,nan,nan,nan,nan,1
none,cage,1,7,resnet,False,none,lr,1e-05,0.0001,32,11,0.2068,1.1710,0.9420,0.7955,0.5868,nan,nan,nan,nan,1
none,cage,1,7,resnet,False,none,lr,1e-05,0.0001,32,12,0.1779,1.2324,0.9148,0.8182,0.5799,nan,nan,nan,nan,1
none,cage,1,7,resnet,False,none,lr,1e-05,0.0001,32,13,0.1285,1.2456,0.9686,0.7955,0.6007,nan,nan,nan,nan,1
none,cage,1,7,resnet,False,none,lr,1e-05,0.0001,32,14,0.1082,0.9387,1.0078,0.7955,0.6250,nan,nan,nan,nan,1
none,cage,1,7,resnet,False,none,lr,1e-05,0.0001,32,15,0.0857,1.2560,1.0544,0.8182,0.5729,nan,nan,nan,nan,0
none,cage,1,7,resnet,False,none,lr,1e-05,0.0001,32,16,0.0625,1.9663,1.2026,0.8182,0.6632,nan,nan,nan,nan,1
none,cage,1,7,resnet,False,none,lr,1e-05,0.0001,32,17,0.0510,1.7734,1.1776,0.8182,0.6007,nan,nan,nan,nan,0
none,cage,1,7,resnet,False,none,lr,1e-05,0.0001,32,18,0.0398,2.0333,1.2676,0.8182,0.6597,1.8888,1.2566,0.8372,0.5278,1
none,cage,1,7,resnet,False,none,lr,1e-05,0.0001,32,19,0.0400,1.6940,1.2141,0.8182,0.6111,nan,nan,nan,nan,0
none,cage,1,7,resnet,False,none,lr,1e-05,0.0001,32,20,0.0306,2.2057,1.3687,0.8182,0.5903,nan,nan,nan,nan,0
none,cage,1,7,resnet,False,none,lr,1e-05,0.0001,32,21,0.0264,1.8150,1.3464,0.7955,0.5799,nan,nan,nan,nan,0
none,cage,1,7,resnet,False,none,lr,1e-05,0.0001,32,22,0.0246,2.1905,1.3742,0.8182,0.6354,nan,nan,nan,nan,0
none,cage,1,7,resnet,False,none,lr,1e-05,0.0001,32,23,0.0227,2.1133,1.3678,0.8182,0.6354,nan,nan,nan,nan,0
none,cage,1,8,resnet,False,none,lr,1e-05,0.0001,32,1,0.7110,0.7001,0.6839,0.6596,0.4519,nan,nan,nan,nan,0
none,cage,1,8,resnet,False,none,lr,1e-05,0.0001,32,2,0.6788,0.7141,0.7372,0.2979,0.3654,nan,nan,nan,nan,0
none,cage,1,8,resnet,False,none,lr,1e-05,0.0001,32,3,0.6628,0.7172,0.7309,0.4681,0.4263,nan,nan,nan,nan,0
none,cage,1,8,resnet,False,none,lr,1e-05,0.0001,32,4,0.6295,0.8071,0.6404,0.8298,0.3301,nan,nan,nan,nan,0
none,cage,1,8,resnet,False,none,lr,1e-05,0.0001,32,5,0.5873,0.7971,0.7214,0.7021,0.3462,nan,nan,nan,nan,1
none,cage,1,8,resnet,False,none,lr,1e-05,0.0001,32,6,0.5314,0.8090,0.7413,0.7234,0.4071,nan,nan,nan,nan,0
none,cage,1,8,resnet,False,none,lr,1e-05,0.0001,32,7,0.4581,0.8037,0.8511,0.5745,0.4231,nan,nan,nan,nan,0
none,cage,1,8,resnet,False,none,lr,1e-05,0.0001,32,8,0.3872,0.9464,0.8465,0.7021,0.3365,nan,nan,nan,nan,0
none,cage,1,8,resnet,False,none,lr,1e-05,0.0001,32,9,0.3202,1.0795,0.8154,0.8298,0.4519,nan,nan,nan,nan,1
none,cage,1,8,resnet,False,none,lr,1e-05,0.0001,32,10,0.2565,1.1234,0.9180,0.7872,0.4391,nan,nan,nan,nan,1
none,cage,1,8,resnet,False,none,lr,1e-05,0.0001,32,11,0.2110,1.6225,0.9847,0.8298,0.4423,nan,nan,nan,nan,1
none,cage,1,8,resnet,False,none,lr,1e-05,0.0001,32,12,0.1558,1.2500,1.0265,0.8085,0.4295,nan,nan,nan,nan,0
none,cage,1,8,resnet,False,none,lr,1e-05,0.0001,32,13,0.1370,1.4723,1.1413,0.7660,0.4167,0.8890,0.8585,0.8140,0.6865,1
none,cage,1,8,resnet,False,none,lr,1e-05,0.0001,32,14,0.1244,1.8952,1.2355,0.8298,0.4103,nan,nan,nan,nan,0
none,cage,1,8,resnet,False,none,lr,1e-05,0.0001,32,15,0.0919,1.7504,1.3025,0.7447,0.3910,nan,nan,nan,nan,0
none,cage,1,8,resnet,False,none,lr,1e-05,0.0001,32,16,0.0778,1.8067,1.3111,0.7660,0.4199,nan,nan,nan,nan,0
none,cage,1,8,resnet,False,none,lr,1e-05,0.0001,32,17,0.0631,1.7864,1.2689,0.7872,0.4519,nan,nan,nan,nan,0
none,cage,1,8,resnet,False,none,lr,1e-05,0.0001,32,18,0.0516,1.7116,1.3255,0.7872,0.4103,nan,nan,nan,nan,0
none,cage,1,9,resnet,False,none,lr,1e-05,0.0001,32,1,0.7151,0.6817,0.6952,0.5000,0.6195,nan,nan,nan,nan,0
none,cage,1,9,resnet,False,none,lr,1e-05,0.0001,32,2,0.6900,0.7602,0.6477,0.7857,0.4747,nan,nan,nan,nan,0
none,cage,1,9,resnet,False,none,lr,1e-05,0.0001,32,3,0.6696,0.6705,0.7353,0.3095,0.6667,nan,nan,nan,nan,0
none,cage,1,9,resnet,False,none,lr,1e-05,0.0001,32,4,0.6396,0.6938,0.7722,0.3333,0.4983,nan,nan,nan,nan,0
none,cage,1,9,resnet,False,none,lr,1e-05,0.0001,32,5,0.5987,0.7544,0.7368,0.6905,0.5185,0.6446,0.6379,0.7442,0.7302,1
none,cage,1,9,resnet,False,none,lr,1e-05,0.0001,32,6,0.5446,0.8175,0.7942,0.6429,0.4848,nan,nan,nan,nan,0
none,cage,1,9,resnet,False,none,lr,1e-05,0.0001,32,7,0.4866,0.8232,0.8463,0.5952,0.4310,nan,nan,nan,nan,0
none,cage,1,9,resnet,False,none,lr,1e-05,0.0001,32,8,0.3982,0.9041,0.9464,0.6429,0.4310,nan,nan,nan,nan,0
none,cage,1,9,resnet,False,none,lr,1e-05,0.0001,32,9,0.3248,0.9832,1.0322,0.5952,0.4310,nan,nan,nan,nan,0
none,cage,1,9,resnet,False,none,lr,1e-05,0.0001,32,10,0.2791,1.7803,1.1690,0.7381,0.4444,nan,nan,nan,nan,0
none,cage,1,9,resnet,False,none,lr,1e-05,0.0001,32,11,0.2096,1.5490,1.2027,0.6667,0.3973,nan,nan,nan,nan,0
none,cage,1,9,resnet,False,none,lr,1e-05,0.0001,32,12,0.1702,1.6635,1.2617,0.6905,0.4444,nan,nan,nan,nan,0
none,cage,1,9,resnet,False,none,lr,1e-05,0.0001,32,13,0.1242,1.6029,1.4552,0.6667,0.3906,nan,nan,nan,nan,0
none,cage,1,9,resnet,False,none,lr,1e-05,0.0001,32,14,0.1126,1.7564,1.3508,0.7143,0.4680,nan,nan,nan,nan,0
none,cage,1,9,resnet,False,none,lr,1e-05,0.0001,32,15,0.0832,2.2312,1.4481,0.7381,0.4343,nan,nan,nan,nan,0
none,cage,1,9,resnet,False,none,lr,1e-05,0.0001,32,16,0.0599,1.9700,1.4502,0.7143,0.4411,nan,nan,nan,nan,0
none,cage,2,0,resnet,False,none,lr,1e-05,0.0001,32,1,0.7107,0.6963,0.6737,0.8372,0.4802,nan,nan,nan,nan,0
none,cage,2,0,resnet,False,none,lr,1e-05,0.0001,32,2,0.6826,0.6824,0.6841,0.7674,0.6389,nan,nan,nan,nan,0
none,cage,2,0,resnet,False,none,lr,1e-05,0.0001,32,3,0.6566,0.6683,0.6825,0.7442,0.7381,nan,nan,nan,nan,0
none,cage,2,0,resnet,False,none,lr,1e-05,0.0001,32,4,0.6322,0.6930,0.6742,0.8837,0.6111,nan,nan,nan,nan,0
none,cage,2,0,resnet,False,none,lr,1e-05,0.0001,32,5,0.5843,0.6607,0.6580,0.8140,0.6706,nan,nan,nan,nan,1
none,cage,2,0,resnet,False,none,lr,1e-05,0.0001,32,6,0.5189,0.6667,0.6817,0.8605,0.7421,nan,nan,nan,nan,1
none,cage,2,0,resnet,False,none,lr,1e-05,0.0001,32,7,0.4433,0.8659,0.7217,0.8140,0.7143,nan,nan,nan,nan,1
none,cage,2,0,resnet,False,none,lr,1e-05,0.0001,32,8,0.3820,0.7335,0.7026,0.8372,0.7183,nan,nan,nan,nan,0
none,cage,2,0,resnet,False,none,lr,1e-05,0.0001,32,9,0.3049,0.7732,0.7813,0.8372,0.7341,nan,nan,nan,nan,1
none,cage,2,0,resnet,False,none,lr,1e-05,0.0001,32,10,0.2383,0.7081,0.7356,0.8837,0.7540,0.8942,0.8461,0.8095,0.5993,1
none,cage,2,0,resnet,False,none,lr,1e-05,0.0001,32,11,0.1828,1.0302,0.9145,0.8605,0.7460,nan,nan,nan,nan,0
none,cage,2,0,resnet,False,none,lr,1e-05,0.0001,32,12,0.1429,0.9652,0.9000,0.8605,0.7063,nan,nan,nan,nan,0
none,cage,2,0,resnet,False,none,lr,1e-05,0.0001,32,13,0.1106,1.6571,1.2240,0.8605,0.7302,nan,nan,nan,nan,0
none,cage,2,0,resnet,False,none,lr,1e-05,0.0001,32,14,0.0888,1.2796,1.1350,0.8372,0.6349,nan,nan,nan,nan,0
none,cage,2,0,resnet,False,none,lr,1e-05,0.0001,32,15,0.0630,1.4186,1.1924,0.8372,0.6071,nan,nan,nan,nan,0
none,cage,2,0,resnet,False,none,lr,1e-05,0.0001,32,16,0.0539,1.0809,1.1303,0.8372,0.6548,nan,nan,nan,nan,0
none,cage,2,1,resnet,False,none,lr,1e-05,0.0001,32,1,0.7099,0.6861,0.7200,0.1860,0.7063,nan,nan,nan,nan,0
none,cage,2,1,resnet,False,none,lr,1e-05,0.0001,32,2,0.6889,0.6674,0.6613,0.7209,0.7540,nan,nan,nan,nan,0
none,cage,2,1,resnet,False,none,lr,1e-05,0.0001,32,3,0.6654,0.6528,0.6168,0.8372,0.8333,nan,nan,nan,nan,0
none,cage,2,1,resnet,False,none,lr,1e-05,0.0001,32,4,0.6406,0.6647,0.6821,0.6279,0.6627,nan,nan,nan,nan,0
none,cage,2,1,resnet,False,none,lr,1e-05,0.0001,32,5,0.6028,0.6477,0.7004,0.6512,0.7421,nan,nan,nan,nan,1
none,cage,2,1,resnet,False,none,lr,1e-05,0.0001,32,6,0.5367,0.6395,0.7299,0.6512,0.7341,0.7078,0.8201,0.3571,0.5331,1
none,cage,2,1,resnet,False,none,lr,1e-05,0.0001,32,7,0.4627,0.6696,0.8250,0.5581,0.6627,nan,nan,nan,nan,0
none,cage,2,1,resnet,False,none,lr,1e-05,0.0001,32,8,0.3946,0.7766,0.7043,0.8140,0.5913,nan,nan,nan,nan,0
none,cage,2,1,resnet,False,none,lr,1e-05,0.0001,32,9,0.3216,0.6091,0.8040,0.6279,0.7381,nan,nan,nan,nan,0
none,cage,2,1,resnet,False,none,lr,1e-05,0.0001,32,10,0.2630,0.7386,0.8067,0.7442,0.5873,nan,nan,nan,nan,0
none,cage,2,1,resnet,False,none,lr,1e-05,0.0001,32,11,0.1993,0.9065,0.7411,0.8372,0.6944,nan,nan,nan,nan,0
none,cage,2,1,resnet,False,none,lr,1e-05,0.0001,32,12,0.1672,0.7164,0.7960,0.7674,0.7619,nan,nan,nan,nan,0
none,cage,2,1,resnet,False,none,lr,1e-05,0.0001,32,13,0.1224,1.1424,0.9265,0.8372,0.6746,nan,nan,nan,nan,0
none,cage,2,1,resnet,False,none,lr,1e-05,0.0001,32,14,0.1067,0.9243,0.8615,0.8140,0.6786,nan,nan,nan,nan,0
none,cage,2,1,resnet,False,none,lr,1e-05,0.0001,32,15,0.0856,1.1849,0.9298,0.8372,0.7540,nan,nan,nan,nan,0
none,cage,2,1,resnet,False,none,lr,1e-05,0.0001,32,16,0.0577,0.8860,0.8462,0.8372,0.7540,nan,nan,nan,nan,0
none,cage,2,3,resnet,False,none,lr,1e-05,0.0001,32,1,0.7115,0.7077,0.7363,0.1905,0.3510,nan,nan,nan,nan,0
none,cage,2,3,resnet,False,none,lr,1e-05,0.0001,32,2,0.6798,0.7087,0.7178,0.4524,0.4041,nan,nan,nan,nan,0
none,cage,2,3,resnet,False,none,lr,1e-05,0.0001,32,3,0.6505,0.7048,0.6750,0.7143,0.4653,nan,nan,nan,nan,0
none,cage,2,3,resnet,False,none,lr,1e-05,0.0001,32,4,0.6194,0.6927,0.7169,0.6190,0.5429,nan,nan,nan,nan,0
none,cage,2,3,resnet,False,none,lr,1e-05,0.0001,32,5,0.5588,0.7547,0.6411,0.8333,0.6000,nan,nan,nan,nan,1
none,cage,2,3,resnet,False,none,lr,1e-05,0.0001,32,6,0.4855,0.7204,0.9026,0.3810,0.5429,nan,nan,nan,nan,1
none,cage,2,3,resnet,False,none,lr,1e-05,0.0001,32,7,0.3925,0.8785,0.7288,0.8333,0.6408,nan,nan,nan,nan,1
none,cage,2,3,resnet,False,none,lr,1e-05,0.0001,32,8,0.3169,0.9261,0.8199,0.7857,0.6082,nan,nan,nan,nan,1
none,cage,2,3,resnet,False,none,lr,1e-05,0.0001,32,9,0.2424,0.7706,0.8590,0.8333,0.6490,nan,nan,nan,nan,1
none,cage,2,3,resnet,False,none,lr,1e-05,0.0001,32,10,0.1821,1.1083,0.9358,0.8333,0.6204,nan,nan,nan,nan,0
none,cage,2,3,resnet,False,none,lr,1e-05,0.0001,32,11,0.1290,1.1412,1.0329,0.8333,0.6245,nan,nan,nan,nan,1
none,cage,2,3,resnet,False,none,lr,1e-05,0.0001,32,12,0.1023,1.5308,1.1051,0.8333,0.6449,nan,nan,nan,nan,0
none,cage,2,3,resnet,False,none,lr,1e-05,0.0001,32,13,0.0741,1.4028,1.1279,0.8333,0.6612,nan,nan,nan,nan,1
none,cage,2,3,resnet,False,none,lr,1e-05,0.0001,32,14,0.0599,1.3807,1.1402,0.8333,0.6694,nan,nan,nan,nan,0
none,cage,2,3,resnet,False,none,lr,1e-05,0.0001,32,15,0.0531,2.0363,1.3609,0.8333,0.6571,nan,nan,nan,nan,1
none,cage,2,3,resnet,False,none,lr,1e-05,0.0001,32,16,0.0475,1.2230,1.1324,0.8095,0.6735,1.0265,0.9902,0.8095,0.7904,1
none,cage,2,3,resnet,False,none,lr,1e-05,0.0001,32,17,0.0311,1.3711,1.2615,0.8333,0.5673,nan,nan,nan,nan,0
none,cage,2,3,resnet,False,none,lr,1e-05,0.0001,32,18,0.0250,1.4599,1.3377,0.8095,0.5551,nan,nan,nan,nan,0
none,cage,2,3,resnet,False,none,lr,1e-05,0.0001,32,19,0.0176,1.7981,1.4128,0.8333,0.5673,nan,nan,nan,nan,0
none,cage,2,3,resnet,False,none,lr,1e-05,0.0001,32,20,0.0257,1.4842,1.3023,0.8095,0.6449,nan,nan,nan,nan,0
none,cage,2,3,resnet,False,none,lr,1e-05,0.0001,32,21,0.0156,1.6384,1.3510,0.8333,0.6367,nan,nan,nan,nan,0
none,cage,2,4,resnet,False,none,lr,1e-05,0.0001,32,1,0.7096,0.6724,0.6972,0.2326,0.6786,nan,nan,nan,nan,0
none,cage,2,4,resnet,False,none,lr,1e-05,0.0001,32,2,0.6848,0.6757,0.6995,0.4651,0.6036,nan,nan,nan,nan,0
none,cage,2,4,resnet,False,none,lr,1e-05,0.0001,32,3,0.6670,0.6838,0.6773,0.6512,0.5893,nan,nan,nan,nan,0
none,cage,2,4,resnet,False,none,lr,1e-05,0.0001,32,4,0.6375,0.6865,0.6664,0.7674,0.6821,nan,nan,nan,nan,0
none,cage,2,4,resnet,False,none,lr,1e-05,0.0001,32,5,0.5962,0.6610,0.6980,0.5814,0.6643,nan,nan,nan,nan,1
none,cage,2,4,resnet,False,none,lr,1e-05,0.0001,32,6,0.5319,0.6810,0.7190,0.7442,0.6429,nan,nan,nan,nan,0
none,cage,2,4,resnet,False,none,lr,1e-05,0.0001,32,7,0.4497,0.8638,0.8034,0.7907,0.7107,nan,nan,nan,nan,1
none,cage,2,4,resnet,False,none,lr,1e-05,0.0001,32,8,0.3792,0.8219,0.8373,0.7442,0.6786,0.8966,0.7582,0.7857,0.6801,1
none,cage,2,4,resnet,False,none,lr,1e-05,0.0001,32,9,0.3033,1.4379,1.1956,0.8140,0.6357,nan,nan,nan,nan,0
none,cage,2,4,resnet,False,none,lr,1e-05,0.0001,32,10,0.2499,0.7832,0.8846,0.7442,0.6571,nan,nan,nan,nan,0
none,cage,2,4,resnet,False,none,lr,1e-05,0.0001,32,11,0.1854,0.7648,0.9615,0.6512,0.6607,nan,nan,nan,nan,0
none,cage,2,4,resnet,False,none,lr,1e-05,0.0001,32,12,0.1406,1.1154,1.1630,0.7907,0.6464,nan,nan,nan,nan,0
none,cage,2,4,resnet,False,none,lr,1e-05,0.0001,32,13,0.1061,0.9028,1.0918,0.7907,0.6500,nan,nan,nan,nan,0
none,cage,2,4,resnet,False,none,lr,1e-05,0.0001,32,14,0.0833,1.2116,1.2819,0.8140,0.6464,nan,nan,nan,nan,0
none,cage,2,4,resnet,False,none,lr,1e-05,0.0001,32,15,0.0673,1.3359,1.3678,0.8140,0.6643,nan,nan,nan,nan,0
none,cage,2,4,resnet,False,none,lr,1e-05,0.0001,32,16,0.0530,1.5253,1.4506,0.8140,0.6750,nan,nan,nan,nan,0
none,cage,2,5,resnet,False,none,lr,1e-05,0.0001,32,1,0.7102,0.7101,0.7066,0.4500,0.3226,nan,nan,nan,nan,0
none,cage,2,5,resnet,False,none,lr,1e-05,0.0001,32,2,0.6853,0.6997,0.6745,0.6500,0.5842,nan,nan,nan,nan,0
none,cage,2,5,resnet,False,none,lr,1e-05,0.0001,32,3,0.6596,0.7042,0.6955,0.5000,0.4480,nan,nan,nan,nan,0
none,cage,2,5,resnet,False,none,lr,1e-05,0.0001,32,4,0.6284,0.7192,0.6964,0.5750,0.4588,nan,nan,nan,nan,0
none,cage,2,5,resnet,False,none,lr,1e-05,0.0001,32,5,0.5708,0.6947,0.7098,0.5500,0.5520,nan,nan,nan,nan,1
none,cage,2,5,resnet,False,none,lr,1e-05,0.0001,32,6,0.4985,0.7313,0.6886,0.7250,0.6487,0.7669,0.7186,0.6905,0.5846,1
none,cage,2,5,resnet,False,none,lr,1e-05,0.0001,32,7,0.4198,0.7331,0.9262,0.3750,0.5125,nan,nan,nan,nan,0
none,cage,2,5,resnet,False,none,lr,1e-05,0.0001,32,8,0.3305,1.0915,0.8972,0.7500,0.5412,nan,nan,nan,nan,0
none,cage,2,5,resnet,False,none,lr,1e-05,0.0001,32,9,0.2634,1.1919,0.9818,0.7250,0.4409,nan,nan,nan,nan,0
none,cage,2,5,resnet,False,none,lr,1e-05,0.0001,32,10,0.2040,1.2705,1.0336,0.7000,0.4767,nan,nan,nan,nan,0
none,cage,2,5,resnet,False,none,lr,1e-05,0.0001,32,11,0.1857,1.2184,1.0567,0.7000,0.4731,nan,nan,nan,nan,0
none,cage,2,5,resnet,False,none,lr,1e-05,0.0001,32,12,0.1278,1.5461,1.1423,0.7500,0.4695,nan,nan,nan,nan,0
none,cage,2,5,resnet,False,none,lr,1e-05,0.0001,32,13,0.0980,1.2294,1.1030,0.6250,0.4839,nan,nan,nan,nan,0
none,cage,2,5,resnet,False,none,lr,1e-05,0.0001,32,14,0.0832,1.0859,1.2102,0.6000,0.4409,nan,nan,nan,nan,0
none,cage,2,5,resnet,False,none,lr,1e-05,0.0001,32,15,0.0589,1.8314,1.3292,0.7500,0.4839,nan,nan,nan,nan,0
none,cage,2,5,resnet,False,none,lr,1e-05,0.0001,32,16,0.0492,1.7174,1.3478,0.7250,0.4875,nan,nan,nan,nan,0
none,cage,2,6,resnet,False,none,lr,1e-05,0.0001,32,1,0.7134,0.6720,0.6440,0.8293,0.7333,nan,nan,nan,nan,0
none,cage,2,6,resnet,False,none,lr,1e-05,0.0001,32,2,0.6895,0.6798,0.6840,0.6098,0.6714,nan,nan,nan,nan,0
none,cage,2,6,resnet,False,none,lr,1e-05,0.0001,32,3,0.6667,0.6913,0.7442,0.2683,0.7238,nan,nan,nan,nan,0
none,cage,2,6,resnet,False,none,lr,1e-05,0.0001,32,4,0.6374,0.7228,0.6459,0.8537,0.5048,nan,nan,nan,nan,0
none,cage,2,6,resnet,False,none,lr,1e-05,0.0001,32,5,0.6034,0.6698,0.6723,0.8049,0.6095,0.7167,0.6801,0.7857,0.6287,1
none,cage,2,6,resnet,False,none,lr,1e-05,0.0001,32,6,0.5430,0.6769,0.6530,0.8293,0.6619,nan,nan,nan,nan,0
none,cage,2,6,resnet,False,none,lr,1e-05,0.0001,32,7,0.4641,0.6758,0.7493,0.7317,0.5762,nan,nan,nan,nan,0
none,cage,2,6,resnet,False,none,lr,1e-05,0.0001,32,8,0.3984,0.7797,0.7708,0.8293,0.5810,nan,nan,nan,nan,0
none,cage,2,6,resnet,False,none,lr,1e-05,0.0001,32,9,0.3297,0.9788,0.8614,0.8293,0.5333,nan,nan,nan,nan,0
none,cage,2,6,resnet,False,none,lr,1e-05,0.0001,32,10,0.2666,1.0777,0.9378,0.8293,0.4762,nan,nan,nan,nan,0
none,cage,2,6,resnet,False,none,lr,1e-05,0.0001,32,11,0.2145,1.1566,0.9785,0.8293,0.4762,nan,nan,nan,nan,0
none,cage,2,6,resnet,False,none,lr,1e-05,0.0001,32,12,0.1754,0.8691,0.9904,0.7317,0.5238,nan,nan,nan,nan,0
none,cage,2,6,resnet,False,none,lr,1e-05,0.0001,32,13,0.1365,1.0577,0.9885,0.8049,0.6333,nan,nan,nan,nan,0
none,cage,2,6,resnet,False,none,lr,1e-05,0.0001,32,14,0.1045,1.0854,1.0789,0.8049,0.5286,nan,nan,nan,nan,0
none,cage,2,6,resnet,False,none,lr,1e-05,0.0001,32,15,0.0849,2.0874,1.5256,0.8537,0.4476,nan,nan,nan,nan,0
none,cage,2,6,resnet,False,none,lr,1e-05,0.0001,32,16,0.0813,1.8576,1.3728,0.8293,0.5143,nan,nan,nan,nan,0
none,cage,2,7,resnet,False,none,lr,1e-05,0.0001,32,1,0.7030,0.6892,0.6887,0.5909,0.5868,nan,nan,nan,nan,0
none,cage,2,7,resnet,False,none,lr,1e-05,0.0001,32,2,0.6886,0.7079,0.6751,0.7045,0.5035,nan,nan,nan,nan,0
none,cage,2,7,resnet,False,none,lr,1e-05,0.0001,32,3,0.6673,0.7253,0.6640,0.7727,0.4375,nan,nan,nan,nan,0
none,cage,2,7,resnet,False,none,lr,1e-05,0.0001,32,4,0.6467,0.6946,0.6718,0.7045,0.5521,nan,nan,nan,nan,0
none,cage,2,7,resnet,False,none,lr,1e-05,0.0001,32,5,0.6063,0.6948,0.6661,0.7500,0.6042,nan,nan,nan,nan,1
none,cage,2,7,resnet,False,none,lr,1e-05,0.0001,32,6,0.5590,0.7217,0.6711,0.7955,0.5833,nan,nan,nan,nan,0
none,cage,2,7,resnet,False,none,lr,1e-05,0.0001,32,7,0.5010,0.7167,0.7635,0.6818,0.5556,nan,nan,nan,nan,1
none,cage,2,7,resnet,False,none,lr,1e-05,0.0001,32,8,0.4323,0.6969,0.7802,0.7273,0.6076,nan,nan,nan,nan,1
none,cage,2,7,resnet,False,none,lr,1e-05,0.0001,32,9,0.3617,0.7273,0.7335,0.7727,0.6319,nan,nan,nan,nan,1
none,cage,2,7,resnet,False,none,lr,1e-05,0.0001,32,10,0.3068,0.7982,0.8464,0.7273,0.5556,nan,nan,nan,nan,0
none,cage,2,7,resnet,False,none,lr,1e-05,0.0001,32,11,0.2528,0.8251,0.8577,0.7500,0.5625,nan,nan,nan,nan,0
none,cage,2,7,resnet,False,none,lr,1e-05,0.0001,32,12,0.2060,1.7034,1.0416,0.8182,0.5799,nan,nan,nan,nan,0
none,cage,2,7,resnet,False,none,lr,1e-05,0.0001,32,13,0.1599,1.1370,0.9139,0.8182,0.6354,nan,nan,nan,nan,0
none,cage,2,7,resnet,False,none,lr,1e-05,0.0001,32,14,0.1216,1.5782,1.0185,0.8182,0.6736,nan,nan,nan,nan,0
none,cage,2,7,resnet,False,none,lr,1e-05,0.0001,32,15,0.0878,1.3097,0.9755,0.8182,0.6771,nan,nan,nan,nan,1
none,cage,2,7,resnet,False,none,lr,1e-05,0.0001,32,16,0.0752,0.9245,1.0997,0.7727,0.6007,nan,nan,nan,nan,1
none,cage,2,7,resnet,False,none,lr,1e-05,0.0001,32,17,0.0632,1.4199,1.1052,0.8182,0.6910,1.5226,1.1683,0.8095,0.5478,1
none,cage,2,7,resnet,False,none,lr,1e-05,0.0001,32,18,0.0460,1.7580,1.2678,0.7955,0.6458,nan,nan,nan,nan,0
none,cage,2,7,resnet,False,none,lr,1e-05,0.0001,32,19,0.0485,3.0369,1.7089,0.8182,0.6076,nan,nan,nan,nan,0
none,cage,2,7,resnet,False,none,lr,1e-05,0.0001,32,20,0.0461,1.5854,1.2875,0.7955,0.5833,nan,nan,nan,nan,0
none,cage,2,7,resnet,False,none,lr,1e-05,0.0001,32,21,0.0337,2.2370,1.4161,0.8182,0.6250,nan,nan,nan,nan,0
none,cage,2,7,resnet,False,none,lr,1e-05,0.0001,32,22,0.0289,1.3473,1.1815,0.7955,0.6944,nan,nan,nan,nan,0
none,cage,2,8,resnet,False,none,lr,1e-05,0.0001,32,1,0.7054,0.7073,0.7193,0.4043,0.3718,nan,nan,nan,nan,0
none,cage,2,8,resnet,False,none,lr,1e-05,0.0001,32,2,0.6828,0.7151,0.7295,0.4681,0.4135,nan,nan,nan,nan,0
none,cage,2,8,resnet,False,none,lr,1e-05,0.0001,32,3,0.6636,0.7250,0.6767,0.7021,0.4135,nan,nan,nan,nan,0
none,cage,2,8,resnet,False,none,lr,1e-05,0.0001,32,4,0.6323,0.7136,0.7997,0.3404,0.4968,nan,nan,nan,nan,0
none,cage,2,8,resnet,False,none,lr,1e-05,0.0001,32,5,0.5992,0.7718,0.6626,0.7872,0.4551,nan,nan,nan,nan,1
none,cage,2,8,resnet,False,none,lr,1e-05,0.0001,32,6,0.5393,0.8596,0.6821,0.8085,0.5224,nan,nan,nan,nan,1
none,cage,2,8,resnet,False,none,lr,1e-05,0.0001,32,7,0.4950,0.9038,0.7031,0.8085,0.4455,nan,nan,nan,nan,1
none,cage,2,8,resnet,False,none,lr,1e-05,0.0001,32,8,0.4188,0.8636,0.8129,0.6383,0.4455,nan,nan,nan,nan,1
none,cage,2,8,resnet,False,none,lr,1e-05,0.0001,32,9,0.3539,1.2510,0.8580,0.8085,0.4455,nan,nan,nan,nan,0
none,cage,2,8,resnet,False,none,lr,1e-05,0.0001,32,10,0.2939,0.9599,0.8761,0.7234,0.5096,nan,nan,nan,nan,0
none,cage,2,8,resnet,False,none,lr,1e-05,0.0001,32,11,0.2412,1.3637,0.9400,0.8085,0.4968,nan,nan,nan,nan,0
none,cage,2,8,resnet,False,none,lr,1e-05,0.0001,32,12,0.1839,1.8531,1.0788,0.8298,0.5064,nan,nan,nan,nan,1
none,cage,2,8,resnet,False,none,lr,1e-05,0.0001,32,13,0.1554,1.5028,1.0828,0.8085,0.5000,1.2000,0.9442,0.7857,0.6801,1
none,cage,2,8,resnet,False,none,lr,1e-05,0.0001,32,14,0.1285,1.9101,1.2106,0.8298,0.4583,nan,nan,nan,nan,0
none,cage,2,8,resnet,False,none,lr,1e-05,0.0001,32,15,0.0851,1.9206,1.2137,0.8298,0.4615,nan,nan,nan,nan,0
none,cage,2,8,resnet,False,none,lr,1e-05,0.0001,32,16,0.0777,1.8391,1.2746,0.8085,0.4679,nan,nan,nan,nan,0
none,cage,2,8,resnet,False,none,lr,1e-05,0.0001,32,17,0.0640,2.0886,1.3683,0.8085,0.4199,nan,nan,nan,nan,0
none,cage,2,8,resnet,False,none,lr,1e-05,0.0001,32,18,0.0508,1.9958,1.3181,0.8085,0.4679,nan,nan,nan,nan,0
none,cage,2,9,resnet,False,none,lr,1e-05,0.0001,32,1,0.7205,0.7177,0.6904,0.6429,0.4411,nan,nan,nan,nan,0
none,cage,2,9,resnet,False,none,lr,1e-05,0.0001,32,2,0.6933,0.6696,0.6886,0.6190,0.7138,nan,nan,nan,nan,0
none,cage,2,9,resnet,False,none,lr,1e-05,0.0001,32,3,0.6685,0.7539,0.6646,0.7857,0.4680,nan,nan,nan,nan,0
none,cage,2,9,resnet,False,none,lr,1e-05,0.0001,32,4,0.6388,0.6683,0.7106,0.6667,0.6599,nan,nan,nan,nan,0
none,cage,2,9,resnet,False,none,lr,1e-05,0.0001,32,5,0.6003,0.7754,0.7124,0.6667,0.4646,nan,nan,nan,nan,1
none,cage,2,9,resnet,False,none,lr,1e-05,0.0001,32,6,0.5537,0.7324,0.7494,0.6429,0.5522,0.6725,0.6815,0.8095,0.7096,1
none,cage,2,9,resnet,False,none,lr,1e-05,0.0001,32,7,0.4810,0.8448,0.8822,0.5952,0.4815,nan,nan,nan,nan,0
none,cage,2,9,resnet,False,none,lr,1e-05,0.0001,32,8,0.4099,0.9735,0.7959,0.7381,0.6162,nan,nan,nan,nan,0
none,cage,2,9,resnet,False,none,lr,1e-05,0.0001,32,9,0.3460,1.2513,0.9540,0.7143,0.5219,nan,nan,nan,nan,0
none,cage,2,9,resnet,False,none,lr,1e-05,0.0001,32,10,0.2921,1.0781,0.9381,0.6905,0.6229,nan,nan,nan,nan,0
none,cage,2,9,resnet,False,none,lr,1e-05,0.0001,32,11,0.2389,0.9010,1.0761,0.6190,0.5286,nan,nan,nan,nan,0
none,cage,2,9,resnet,False,none,lr,1e-05,0.0001,32,12,0.1908,1.4051,1.1457,0.6905,0.5354,nan,nan,nan,nan,0
none,cage,2,9,resnet,False,none,lr,1e-05,0.0001,32,13,0.1482,1.7265,1.2574,0.7381,0.5387,nan,nan,nan,nan,0
none,cage,2,9,resnet,False,none,lr,1e-05,0.0001,32,14,0.1215,1.8991,1.2865,0.7619,0.6027,nan,nan,nan,nan,0
none,cage,2,9,resnet,False,none,lr,1e-05,0.0001,32,15,0.1015,1.0432,1.3522,0.6190,0.5354,nan,nan,nan,nan,0
none,cage,2,9,resnet,False,none,lr,1e-05,0.0001,32,16,0.0897,1.8204,1.3662,0.7381,0.5791,nan,nan,nan,nan,0
none,cage,3,0,resnet,False,none,lr,1e-05,0.0001,32,1,0.7188,0.6979,0.6724,0.8372,0.4563,nan,nan,nan,nan,0
none,cage,3,0,resnet,False,none,lr,1e-05,0.0001,32,2,0.6969,0.6917,0.6526,0.8372,0.5397,nan,nan,nan,nan,0
none,cage,3,0,resnet,False,none,lr,1e-05,0.0001,32,3,0.6790,0.6867,0.7012,0.4651,0.5873,nan,nan,nan,nan,0
none,cage,3,0,resnet,False,none,lr,1e-05,0.0001,32,4,0.6562,0.6887,0.7233,0.4186,0.5357,nan,nan,nan,nan,0
none,cage,3,0,resnet,False,none,lr,1e-05,0.0001,32,5,0.6383,0.6600,0.6890,0.6977,0.7698,nan,nan,nan,nan,1
none,cage,3,0,resnet,False,none,lr,1e-05,0.0001,32,6,0.5957,0.6497,0.6811,0.7674,0.7103,nan,nan,nan,nan,1
none,cage,3,0,resnet,False,none,lr,1e-05,0.0001,32,7,0.5451,0.7943,0.6944,0.8140,0.6071,nan,nan,nan,nan,1
none,cage,3,0,resnet,False,none,lr,1e-05,0.0001,32,8,0.4879,0.6476,0.8167,0.5116,0.7619,nan,nan,nan,nan,1
none,cage,3,0,resnet,False,none,lr,1e-05,0.0001,32,9,0.4210,0.8562,0.7236,0.8140,0.7024,nan,nan,nan,nan,1
none,cage,3,0,resnet,False,none,lr,1e-05,0.0001,32,10,0.3613,0.8571,0.7559,0.8372,0.7579,nan,nan,nan,nan,0
none,cage,3,0,resnet,False,none,lr,1e-05,0.0001,32,11,0.2929,0.5713,0.7869,0.8605,0.8373,nan,nan,nan,nan,1
none,cage,3,0,resnet,False,none,lr,1e-05,0.0001,32,12,0.2459,1.0779,0.9526,0.8140,0.7302,nan,nan,nan,nan,1
none,cage,3,0,resnet,False,none,lr,1e-05,0.0001,32,13,0.1958,0.7548,0.8422,0.8140,0.8532,nan,nan,nan,nan,1
none,cage,3,0,resnet,False,none,lr,1e-05,0.0001,32,14,0.1697,0.8261,0.8774,0.8140,0.8095,nan,nan,nan,nan,1
none,cage,3,0,resnet,False,none,lr,1e-05,0.0001,32,15,0.1272,0.6891,0.9327,0.7674,0.7698,nan,nan,nan,nan,0
none,cage,3,0,resnet,False,none,lr,1e-05,0.0001,32,16,0.0995,1.1337,0.9880,0.8372,0.8532,nan,nan,nan,nan,1
none,cage,3,0,resnet,False,none,lr,1e-05,0.0001,32,17,0.0933,1.6634,1.2007,0.8372,0.8294,1.8452,1.2386,0.8333,0.6367,1
none,cage,3,0,resnet,False,none,lr,1e-05,0.0001,32,18,0.0671,0.9598,0.9954,0.8372,0.8254,nan,nan,nan,nan,0
none,cage,3,0,resnet,False,none,lr,1e-05,0.0001,32,19,0.0542,1.2697,1.1205,0.8372,0.7857,nan,nan,nan,nan,0
none,cage,3,0,resnet,False,none,lr,1e-05,0.0001,32,20,0.0490,1.9322,1.3772,0.8372,0.7857,nan,nan,nan,nan,0
none,cage,3,0,resnet,False,none,lr,1e-05,0.0001,32,21,0.0474,1.6389,1.2893,0.8372,0.7857,nan,nan,nan,nan,0
none,cage,3,0,resnet,False,none,lr,1e-05,0.0001,32,22,0.0348,1.9476,1.4196,0.8372,0.7262,nan,nan,nan,nan,0
none,cage,3,1,resnet,False,none,lr,1e-05,0.0001,32,1,0.7144,0.6843,0.6565,0.8140,0.7143,nan,nan,nan,nan,0
none,cage,3,1,resnet,False,none,lr,1e-05,0.0001,32,2,0.6950,0.6910,0.7135,0.3256,0.5714,nan,nan,nan,nan,0
none,cage,3,1,resnet,False,none,lr,1e-05,0.0001,32,3,0.6741,0.6785,0.6247,0.8140,0.7302,nan,nan,nan,nan,0
none,cage,3,1,resnet,False,none,lr,1e-05,0.0001,32,4,0.6553,0.6780,0.6739,0.7209,0.5675,nan,nan,nan,nan,0
none,cage,3,1,resnet,False,none,lr,1e-05,0.0001,32,5,0.6150,0.6859,0.6564,0.7442,0.5556,0.6698,0.6587,0.7857,0.6286,1
none,cage,3,1,resnet,False,none,lr,1e-05,0.0001,32,6,0.5595,0.6890,0.6626,0.6744,0.5714,nan,nan,nan,nan,0
none,cage,3,1,resnet,False,none,lr,1e-05,0.0001,32,7,0.4875,0.6680,0.7185,0.7442,0.6270,nan,nan,nan,nan,0
none,cage,3,1,resnet,False,none,lr,1e-05,0.0001,32,8,0.4174,0.7131,0.7467,0.6977,0.5635,nan,nan,nan,nan,0
none,cage,3,1,resnet,False,none,lr,1e-05,0.0001,32,9,0.3570,0.7243,0.8311,0.6047,0.5754,nan,nan,nan,nan,0
none,cage,3,1,resnet,False,none,lr,1e-05,0.0001,32,10,0.2807,0.8161,0.8494,0.7209,0.5595,nan,nan,nan,nan,0
none,cage,3,1,resnet,False,none,lr,1e-05,0.0001,32,11,0.2343,0.9783,0.9372,0.7209,0.4960,nan,nan,nan,nan,0
none,cage,3,1,resnet,False,none,lr,1e-05,0.0001,32,12,0.1902,1.2035,0.9566,0.8140,0.5119,nan,nan,nan,nan,0
none,cage,3,1,resnet,False,none,lr,1e-05,0.0001,32,13,0.1517,1.4332,0.9514,0.8372,0.5992,nan,nan,nan,nan,0
none,cage,3,1,resnet,False,none,lr,1e-05,0.0001,32,14,0.1147,1.3863,1.0172,0.8140,0.5397,nan,nan,nan,nan,0
none,cage,3,1,resnet,False,none,lr,1e-05,0.0001,32,15,0.0845,1.3801,1.0009,0.8372,0.5714,nan,nan,nan,nan,0
none,cage,3,1,resnet,False,none,lr,1e-05,0.0001,32,16,0.0754,1.2530,1.1644,0.8140,0.5397,nan,nan,nan,nan,0
none,cage,3,2,resnet,False,none,lr,1e-05,0.0001,32,1,0.7084,0.7101,0.7263,0.2619,0.2794,nan,nan,nan,nan,0
none,cage,3,2,resnet,False,none,lr,1e-05,0.0001,32,2,0.6820,0.7203,0.7189,0.4762,0.3088,nan,nan,nan,nan,0
none,cage,3,2,resnet,False,none,lr,1e-05,0.0001,32,3,0.6619,0.7444,0.6481,0.8095,0.4632,nan,nan,nan,nan,0
none,cage,3,2,resnet,False,none,lr,1e-05,0.0001,32,4,0.6374,0.7078,0.6988,0.5714,0.5294,nan,nan,nan,nan,0
none,cage,3,2,resnet,False,none,lr,1e-05,0.0001,32,5,0.5956,0.7254,0.7029,0.7143,0.4632,nan,nan,nan,nan,1
none,cage,3,2,resnet,False,none,lr,1e-05,0.0001,32,6,0.5494,0.7526,0.7315,0.6905,0.4706,nan,nan,nan,nan,1
none,cage,3,2,resnet,False,none,lr,1e-05,0.0001,32,7,0.4841,0.7293,0.7734,0.6667,0.5441,nan,nan,nan,nan,1
none,cage,3,2,resnet,False,none,lr,1e-05,0.0001,32,8,0.4104,0.7860,0.9668,0.5000,0.4816,nan,nan,nan,nan,0
none,cage,3,2,resnet,False,none,lr,1e-05,0.0001,32,9,0.3556,1.0102,0.8832,0.8095,0.5074,nan,nan,nan,nan,0
none,cage,3,2,resnet,False,none,lr,1e-05,0.0001,32,10,0.2843,1.0421,0.8932,0.7857,0.5662,nan,nan,nan,nan,1
none,cage,3,2,resnet,False,none,lr,1e-05,0.0001,32,11,0.2393,1.1060,0.9387,0.7619,0.5772,nan,nan,nan,nan,1
none,cage,3,2,resnet,False,none,lr,1e-05,0.0001,32,12,0.1863,1.0608,0.9880,0.7857,0.6029,nan,nan,nan,nan,1
none,cage,3,2,resnet,False,none,lr,1e-05,0.0001,32,13,0.1435,1.1804,1.0774,0.7857,0.4816,nan,nan,nan,nan,0
none,cage,3,2,resnet,False,none,lr,1e-05,0.0001,32,14,0.1127,1.5057,1.1716,0.7857,0.6324,nan,nan,nan,nan,1
none,cage,3,2,resnet,False,none,lr,1e-05,0.0001,32,15,0.0931,1.5240,1.1795,0.8095,0.6618,nan,nan,nan,nan,1
none,cage,3,2,resnet,False,none,lr,1e-05,0.0001,32,16,0.0698,1.6493,1.2368,0.7857,0.5331,nan,nan,nan,nan,0
none,cage,3,2,resnet,False,none,lr,1e-05,0.0001,32,17,0.0556,1.4564,1.2159,0.7857,0.6176,nan,nan,nan,nan,0
none,cage,3,2,resnet,False,none,lr,1e-05,0.0001,32,18,0.0399,1.6161,1.2972,0.7857,0.5993,1.3498,1.1758,0.8095,0.7469,1
none,cage,3,2,resnet,False,none,lr,1e-05,0.0001,32,19,0.0339,1.5931,1.4133,0.7619,0.5699,nan,nan,nan,nan,0
none,cage,3,2,resnet,False,none,lr,1e-05,0.0001,32,20,0.0385,1.9972,1.5451,0.7619,0.5515,nan,nan,nan,nan,0
none,cage,3,2,resnet,False,none,lr,1e-05,0.0001,32,21,0.0487,1.5938,1.4429,0.7857,0.5551,nan,nan,nan,nan,0
none,cage,3,2,resnet,False,none,lr,1e-05,0.0001,32,22,0.0301,1.5658,1.3629,0.7619,0.6507,nan,nan,nan,nan,0
none,cage,3,2,resnet,False,none,lr,1e-05,0.0001,32,23,0.0210,1.5203,1.3425,0.7857,0.6728,nan,nan,nan,nan,0
none,cage,3,4,resnet,False,none,lr,1e-05,0.0001,32,1,0.7242,0.6808,0.6864,0.5349,0.6214,nan,nan,nan,nan,0
none,cage,3,4,resnet,False,none,lr,1e-05,0.0001,32,2,0.7020,0.6726,0.7128,0.3023,0.7143,nan,nan,nan,nan,0
none,cage,3,4,resnet,False,none,lr,1e-05,0.0001,32,3,0.6820,0.7269,0.6729,0.8140,0.5036,nan,nan,nan,nan,0
none,cage,3,4,resnet,False,none,lr,1e-05,0.0001,32,4,0.6588,0.6827,0.6812,0.6047,0.6071,nan,nan,nan,nan,0
none,cage,3,4,resnet,False,none,lr,1e-05,0.0001,32,5,0.6360,0.6774,0.6792,0.5814,0.6214,0.6974,0.6966,0.6667,0.4857,1
none,cage,3,4,resnet,False,none,lr,1e-05,0.0001,32,6,0.6045,0.7544,0.7110,0.7442,0.4821,nan,nan,nan,nan,0
none,cage,3,4,resnet,False,none,lr,1e-05,0.0001,32,7,0.5416,0.6896,0.7105,0.6977,0.6036,nan,nan,nan,nan,0
none,cage,3,4,resnet,False,none,lr,1e-05,0.0001,32,8,0.4810,1.0786,0.9277,0.7907,0.4500,nan,nan,nan,nan,0
none,cage,3,4,resnet,False,none,lr,1e-05,0.0001,32,9,0.4062,1.4763,1.1957,0.7907,0.4000,nan,nan,nan,nan,0
none,cage,3,4,resnet,False,none,lr,1e-05,0.0001,32,10,0.3433,0.9579,0.9525,0.7209,0.4571,nan,nan,nan,nan,0
none,cage,3,4,resnet,False,none,lr,1e-05,0.0001,32,11,0.2825,1.1271,1.0194,0.8140,0.4179,nan,nan,nan,nan,0
none,cage,3,4,resnet,False,none,lr,1e-05,0.0001,32,12,0.2282,0.8779,1.0126,0.6512,0.5607,nan,nan,nan,nan,0
none,cage,3,4,resnet,False,none,lr,1e-05,0.0001,32,13,0.1972,1.2507,1.1468,0.7907,0.4286,nan,nan,nan,nan,0
none,cage,3,4,resnet,False,none,lr,1e-05,0.0001,32,14,0.1477,1.6952,1.3769,0.8140,0.4786,nan,nan,nan,nan,0
none,cage,3,4,resnet,False,none,lr,1e-05,0.0001,32,15,0.1181,1.3313,1.2795,0.7209,0.4607,nan,nan,nan,nan,0
none,cage,3,4,resnet,False,none,lr,1e-05,0.0001,32,16,0.0952,2.4318,1.8027,0.8140,0.4571,nan,nan,nan,nan,0
none,cage,3,5,resnet,False,none,lr,1e-05,0.0001,32,1,0.7131,0.6939,0.6992,0.4250,0.4982,nan,nan,nan,nan,0
none,cage,3,5,resnet,False,none,lr,1e-05,0.0001,32,2,0.6883,0.6951,0.6978,0.5000,0.5161,nan,nan,nan,nan,0
none,cage,3,5,resnet,False,none,lr,1e-05,0.0001,32,3,0.6629,0.6997,0.6910,0.5750,0.5018,nan,nan,nan,nan,0
none,cage,3,5,resnet,False,none,lr,1e-05,0.0001,32,4,0.6253,0.6777,0.6908,0.7250,0.6344,nan,nan,nan,nan,0
none,cage,3,5,resnet,False,none,lr,1e-05,0.0001,32,5,0.5868,0.7202,0.7494,0.5250,0.4910,nan,nan,nan,nan,1
none,cage,3,5,resnet,False,none,lr,1e-05,0.0001,32,6,0.5097,0.7224,0.7201,0.6500,0.5735,nan,nan,nan,nan,1
none,cage,3,5,resnet,False,none,lr,1e-05,0.0001,32,7,0.4376,0.7519,0.7785,0.6250,0.5627,nan,nan,nan,nan,1
none,cage,3,5,resnet,False,none,lr,1e-05,0.0001,32,8,0.3581,0.9046,0.7732,0.6750,0.5627,0.8318,0.7825,0.8095,0.5878,1
none,cage,3,5,resnet,False,none,lr,1e-05,0.0001,32,9,0.2954,1.1334,0.8996,0.7250,0.5054,nan,nan,nan,nan,0
none,cage,3,5,resnet,False,none,lr,1e-05,0.0001,32,10,0.2348,0.8025,0.9218,0.6750,0.6380,nan,nan,nan,nan,0
none,cage,3,5,resnet,False,none,lr,1e-05,0.0001,32,11,0.1792,1.0604,1.0595,0.6500,0.5161,nan,nan,nan,nan,0
none,cage,3,5,resnet,False,none,lr,1e-05,0.0001,32,12,0.1340,1.7875,1.2497,0.7750,0.4875,nan,nan,nan,nan,0
none,cage,3,5,resnet,False,none,lr,1e-05,0.0001,32,13,0.1131,1.3062,1.1335,0.7000,0.5412,nan,nan,nan,nan,0
none,cage,3,5,resnet,False,none,lr,1e-05,0.0001,32,14,0.0805,2.0559,1.4175,0.7500,0.5054,nan,nan,nan,nan,0
none,cage,3,5,resnet,False,none,lr,1e-05,0.0001,32,15,0.0611,1.8811,1.3517,0.7750,0.5520,nan,nan,nan,nan,0
none,cage,3,5,resnet,False,none,lr,1e-05,0.0001,32,16,0.0478,1.1996,1.1856,0.7000,0.5699,nan,nan,nan,nan,0
none,cage,3,6,resnet,False,none,lr,1e-05,0.0001,32,1,0.7120,0.7085,0.7259,0.1951,0.4571,nan,nan,nan,nan,0
none,cage,3,6,resnet,False,none,lr,1e-05,0.0001,32,2,0.6915,0.7032,0.6904,0.7073,0.5571,nan,nan,nan,nan,0
none,cage,3,6,resnet,False,none,lr,1e-05,0.0001,32,3,0.6744,0.7031,0.6762,0.7317,0.5524,nan,nan,nan,nan,0
none,cage,3,6,resnet,False,none,lr,1e-05,0.0001,32,4,0.6429,0.7314,0.7738,0.2683,0.4667,nan,nan,nan,nan,0
none,cage,3,6,resnet,False,none,lr,1e-05,0.0001,32,5,0.6159,0.7138,0.6791,0.8049,0.5333,nan,nan,nan,nan,1
none,cage,3,6,resnet,False,none,lr,1e-05,0.0001,32,6,0.5629,0.7239,0.7222,0.7805,0.5381,nan,nan,nan,nan,1
none,cage,3,6,resnet,False,none,lr,1e-05,0.0001,32,7,0.5022,0.7705,0.8400,0.5122,0.5238,nan,nan,nan,nan,0
none,cage,3,6,resnet,False,none,lr,1e-05,0.0001,32,8,0.4431,0.8073,0.8313,0.7317,0.5619,nan,nan,nan,nan,0
none,cage,3,6,resnet,False,none,lr,1e-05,0.0001,32,9,0.3707,0.9188,0.8668,0.7805,0.5143,nan,nan,nan,nan,0
none,cage,3,6,resnet,False,none,lr,1e-05,0.0001,32,10,0.3080,0.8824,1.0827,0.3415,0.5524,0.8127,1.1703,0.2381,0.5673,1
none,cage,3,6,resnet,False,none,lr,1e-05,0.0001,32,11,0.2534,1.2310,1.0614,0.8293,0.5000,nan,nan,nan,nan,0
none,cage,3,6,resnet,False,none,lr,1e-05,0.0001,32,12,0.2052,1.2018,1.0097,0.8049,0.5238,nan,nan,nan,nan,0
none,cage,3,6,resnet,False,none,lr,1e-05,0.0001,32,13,0.1591,1.4457,1.1671,0.8293,0.4762,nan,nan,nan,nan,0
none,cage,3,6,resnet,False,none,lr,1e-05,0.0001,32,14,0.1375,1.4865,1.1848,0.8293,0.4714,nan,nan,nan,nan,0
none,cage,3,6,resnet,False,none,lr,1e-05,0.0001,32,15,0.1040,1.5311,1.2330,0.8293,0.5333,nan,nan,nan,nan,0
none,cage,3,6,resnet,False,none,lr,1e-05,0.0001,32,16,0.0994,1.6951,1.3130,0.8293,0.5095,nan,nan,nan,nan,0
none,cage,3,7,resnet,False,none,lr,1e-05,0.0001,32,1,0.7115,0.7215,0.6726,0.6364,0.4479,nan,nan,nan,nan,0
none,cage,3,7,resnet,False,none,lr,1e-05,0.0001,32,2,0.6850,0.7125,0.7252,0.4773,0.4340,nan,nan,nan,nan,0
none,cage,3,7,resnet,False,none,lr,1e-05,0.0001,32,3,0.6639,0.7081,0.6610,0.7045,0.5208,nan,nan,nan,nan,0
none,cage,3,7,resnet,False,none,lr,1e-05,0.0001,32,4,0.6327,0.7081,0.6468,0.7955,0.5382,nan,nan,nan,nan,0
none,cage,3,7,resnet,False,none,lr,1e-05,0.0001,32,5,0.5907,0.6928,0.6960,0.7273,0.5556,nan,nan,nan,nan,1
none,cage,3,7,resnet,False,none,lr,1e-05,0.0001,32,6,0.5250,0.7844,0.6692,0.8182,0.5208,nan,nan,nan,nan,1
none,cage,3,7,resnet,False,none,lr,1e-05,0.0001,32,7,0.4599,0.7435,0.7951,0.7045,0.5417,nan,nan,nan,nan,1
none,cage,3,7,resnet,False,none,lr,1e-05,0.0001,32,8,0.3669,0.6941,0.8855,0.4773,0.5382,nan,nan,nan,nan,0
none,cage,3,7,resnet,False,none,lr,1e-05,0.0001,32,9,0.2898,1.2361,0.8077,0.8182,0.6285,nan,nan,nan,nan,1
none,cage,3,7,resnet,False,none,lr,1e-05,0.0001,32,10,0.2524,0.9403,0.8650,0.7955,0.5347,nan,nan,nan,nan,0
none,cage,3,7,resnet,False,none,lr,1e-05,0.0001,32,11,0.1685,1.2318,0.9693,0.8182,0.5729,1.0279,0.9219,0.8333,0.6490,1
none,cage,3,7,resnet,False,none,lr,1e-05,0.0001,32,12,0.1341,1.1713,0.9955,0.8182,0.5243,nan,nan,nan,nan,0
none,cage,3,7,resnet,False,none,lr,1e-05,0.0001,32,13,0.0951,1.2599,1.0155,0.8182,0.5278,nan,nan,nan,nan,0
none,cage,3,7,resnet,False,none,lr,1e-05,0.0001,32,14,0.0699,1.3537,1.1111,0.7955,0.4792,nan,nan,nan,nan,0
none,cage,3,7,resnet,False,none,lr,1e-05,0.0001,32,15,0.0562,1.7795,1.2035,0.8182,0.5382,nan,nan,nan,nan,0
none,cage,3,7,resnet,False,none,lr,1e-05,0.0001,32,16,0.0503,1.4199,1.2823,0.7955,0.4444,nan,nan,nan,nan,0
none,cage,3,8,resnet,False,none,lr,1e-05,0.0001,32,1,0.7148,0.7031,0.6605,0.7660,0.4872,nan,nan,nan,nan,0
none,cage,3,8,resnet,False,none,lr,1e-05,0.0001,32,2,0.6961,0.7116,0.6953,0.6596,0.4647,nan,nan,nan,nan,0
none,cage,3,8,resnet,False,none,lr,1e-05,0.0001,32,3,0.6648,0.7240,0.6794,0.7234,0.4135,nan,nan,nan,nan,0
none,cage,3,8,resnet,False,none,lr,1e-05,0.0001,32,4,0.6459,0.7483,0.6609,0.7872,0.3686,nan,nan,nan,nan,0
none,cage,3,8,resnet,False,none,lr,1e-05,0.0001,32,5,0.6090,0.7123,0.7201,0.6809,0.5769,nan,nan,nan,nan,1
none,cage,3,8,resnet,False,none,lr,1e-05,0.0001,32,6,0.5635,0.7746,0.7183,0.7447,0.4647,nan,nan,nan,nan,0
none,cage,3,8,resnet,False,none,lr,1e-05,0.0001,32,7,0.4949,0.8815,0.6980,0.7872,0.4519,nan,nan,nan,nan,0
none,cage,3,8,resnet,False,none,lr,1e-05,0.0001,32,8,0.4094,0.8761,0.7495,0.7447,0.5609,nan,nan,nan,nan,1
none,cage,3,8,resnet,False,none,lr,1e-05,0.0001,32,9,0.3394,1.1793,0.8603,0.7872,0.5000,nan,nan,nan,nan,1
none,cage,3,8,resnet,False,none,lr,1e-05,0.0001,32,10,0.2683,0.7996,0.8417,0.7021,0.5769,nan,nan,nan,nan,0
none,cage,3,8,resnet,False,none,lr,1e-05,0.0001,32,11,0.2118,0.8530,0.9812,0.7234,0.5737,nan,nan,nan,nan,1
none,cage,3,8,resnet,False,none,lr,1e-05,0.0001,32,12,0.1683,1.1298,0.9722,0.7660,0.5673,nan,nan,nan,nan,1
none,cage,3,8,resnet,False,none,lr,1e-05,0.0001,32,13,0.1270,0.8464,1.0535,0.6809,0.5865,nan,nan,nan,nan,1
none,cage,3,8,resnet,False,none,lr,1e-05,0.0001,32,14,0.0946,1.3587,1.0038,0.7872,0.6090,1.1783,1.0045,0.8333,0.6122,1
none,cage,3,8,resnet,False,none,lr,1e-05,0.0001,32,15,0.0770,1.2437,1.0379,0.7872,0.5833,nan,nan,nan,nan,0
none,cage,3,8,resnet,False,none,lr,1e-05,0.0001,32,16,0.0623,1.4648,1.1233,0.7872,0.5641,nan,nan,nan,nan,0
none,cage,3,8,resnet,False,none,lr,1e-05,0.0001,32,17,0.0496,1.9433,1.2400,0.7872,0.5256,nan,nan,nan,nan,0
none,cage,3,8,resnet,False,none,lr,1e-05,0.0001,32,18,0.0484,1.7713,1.1977,0.8298,0.5962,nan,nan,nan,nan,0
none,cage,3,8,resnet,False,none,lr,1e-05,0.0001,32,19,0.0383,1.4710,1.1999,0.8298,0.5609,nan,nan,nan,nan,0
none,cage,3,9,resnet,False,none,lr,1e-05,0.0001,32,1,0.7150,0.6845,0.6916,0.5000,0.5791,nan,nan,nan,nan,0
none,cage,3,9,resnet,False,none,lr,1e-05,0.0001,32,2,0.6871,0.6821,0.6899,0.6429,0.6599,nan,nan,nan,nan,0
none,cage,3,9,resnet,False,none,lr,1e-05,0.0001,32,3,0.6649,0.7260,0.6701,0.7619,0.4815,nan,nan,nan,nan,0
none,cage,3,9,resnet,False,none,lr,1e-05,0.0001,32,4,0.6342,0.7022,0.6714,0.7381,0.6397,nan,nan,nan,nan,0
none,cage,3,9,resnet,False,none,lr,1e-05,0.0001,32,5,0.6014,0.6643,0.7339,0.5952,0.6667,0.6917,0.7601,0.4762,0.5061,1
none,cage,3,9,resnet,False,none,lr,1e-05,0.0001,32,6,0.5406,0.8355,0.7549,0.7143,0.5152,nan,nan,nan,nan,0
none,cage,3,9,resnet,False,none,lr,1e-05,0.0001,32,7,0.4620,1.0016,0.8504,0.7143,0.4916,nan,nan,nan,nan,0
none,cage,3,9,resnet,False,none,lr,1e-05,0.0001,32,8,0.3959,1.3866,0.9891,0.7381,0.4747,nan,nan,nan,nan,0
none,cage,3,9,resnet,False,none,lr,1e-05,0.0001,32,9,0.3336,0.7576,1.0157,0.6190,0.5724,nan,nan,nan,nan,0
none,cage,3,9,resnet,False,none,lr,1e-05,0.0001,32,10,0.2701,1.7066,1.1983,0.7619,0.4343,nan,nan,nan,nan,0
none,cage,3,9,resnet,False,none,lr,1e-05,0.0001,32,11,0.2111,1.2266,1.1184,0.7143,0.5589,nan,nan,nan,nan,0
none,cage,3,9,resnet,False,none,lr,1e-05,0.0001,32,12,0.1849,1.8819,1.2696,0.7857,0.5152,nan,nan,nan,nan,0
none,cage,3,9,resnet,False,none,lr,1e-05,0.0001,32,13,0.1434,1.1546,1.2701,0.6905,0.4613,nan,nan,nan,nan,0
none,cage,3,9,resnet,False,none,lr,1e-05,0.0001,32,14,0.1274,1.3905,1.2984,0.6905,0.4882,nan,nan,nan,nan,0
none,cage,3,9,resnet,False,none,lr,1e-05,0.0001,32,15,0.0903,1.6940,1.4091,0.7143,0.4815,nan,nan,nan,nan,0
none,cage,3,9,resnet,False,none,lr,1e-05,0.0001,32,16,0.0659,1.6822,1.3462,0.7381,0.5152,nan,nan,nan,nan,0
none,cage,4,0,resnet,False,none,lr,1e-05,0.0001,32,1,0.7097,0.7035,0.6688,0.8372,0.4167,nan,nan,nan,nan,0
none,cage,4,0,resnet,False,none,lr,1e-05,0.0001,32,2,0.6944,0.6916,0.6840,0.8372,0.4722,nan,nan,nan,nan,0
none,cage,4,0,resnet,False,none,lr,1e-05,0.0001,32,3,0.6748,0.6956,0.6679,0.8140,0.5040,nan,nan,nan,nan,0
none,cage,4,0,resnet,False,none,lr,1e-05,0.0001,32,4,0.6462,0.6725,0.6619,0.8372,0.6746,nan,nan,nan,nan,0
none,cage,4,0,resnet,False,none,lr,1e-05,0.0001,32,5,0.6096,0.6807,0.6597,0.8372,0.6468,nan,nan,nan,nan,1
none,cage,4,0,resnet,False,none,lr,1e-05,0.0001,32,6,0.5579,0.7552,0.6604,0.8372,0.6270,nan,nan,nan,nan,1
none,cage,4,0,resnet,False,none,lr,1e-05,0.0001,32,7,0.4836,0.6291,0.6705,0.8605,0.7579,nan,nan,nan,nan,1
none,cage,4,0,resnet,False,none,lr,1e-05,0.0001,32,8,0.4075,0.7416,0.7513,0.8140,0.6587,nan,nan,nan,nan,1
none,cage,4,0,resnet,False,none,lr,1e-05,0.0001,32,9,0.3411,1.1244,0.8893,0.8372,0.5952,nan,nan,nan,nan,0
none,cage,4,0,resnet,False,none,lr,1e-05,0.0001,32,10,0.2676,1.2807,0.9647,0.8372,0.6230,nan,nan,nan,nan,0
none,cage,4,0,resnet,False,none,lr,1e-05,0.0001,32,11,0.2209,0.8438,0.8912,0.8372,0.6071,nan,nan,nan,nan,0
none,cage,4,0,resnet,False,none,lr,1e-05,0.0001,32,12,0.1652,0.8760,0.9522,0.8140,0.6270,nan,nan,nan,nan,0
none,cage,4,0,resnet,False,none,lr,1e-05,0.0001,32,13,0.1144,1.7666,1.2713,0.8372,0.7262,nan,nan,nan,nan,0
none,cage,4,0,resnet,False,none,lr,1e-05,0.0001,32,14,0.1016,1.3633,1.1190,0.8372,0.6984,nan,nan,nan,nan,0
none,cage,4,0,resnet,False,none,lr,1e-05,0.0001,32,15,0.0755,1.0983,1.0697,0.8372,0.6548,nan,nan,nan,nan,0
none,cage,4,0,resnet,False,none,lr,1e-05,0.0001,32,16,0.0642,0.9525,1.1354,0.8140,0.6905,1.2549,1.3016,0.7442,0.5036,1
none,cage,4,0,resnet,False,none,lr,1e-05,0.0001,32,17,0.0504,2.4102,1.6697,0.8372,0.6190,nan,nan,nan,nan,0
none,cage,4,0,resnet,False,none,lr,1e-05,0.0001,32,18,0.0399,2.3119,1.6118,0.8372,0.6389,nan,nan,nan,nan,0
none,cage,4,0,resnet,False,none,lr,1e-05,0.0001,32,19,0.0287,1.3125,1.2591,0.8372,0.6190,nan,nan,nan,nan,0
none,cage,4,0,resnet,False,none,lr,1e-05,0.0001,32,20,0.0254,1.8946,1.4513,0.8372,0.6349,nan,nan,nan,nan,0
none,cage,4,0,resnet,False,none,lr,1e-05,0.0001,32,21,0.0167,1.9085,1.4810,0.8372,0.6111,nan,nan,nan,nan,0
none,cage,4,1,resnet,False,none,lr,1e-05,0.0001,32,1,0.7115,0.6886,0.6865,0.6047,0.5794,nan,nan,nan,nan,0
none,cage,4,1,resnet,False,none,lr,1e-05,0.0001,32,2,0.6837,0.7065,0.6347,0.8372,0.4921,nan,nan,nan,nan,0
none,cage,4,1,resnet,False,none,lr,1e-05,0.0001,32,3,0.6709,0.6872,0.6287,0.8140,0.6627,nan,nan,nan,nan,0
none,cage,4,1,resnet,False,none,lr,1e-05,0.0001,32,4,0.6501,0.6703,0.6803,0.6047,0.6032,nan,nan,nan,nan,0
none,cage,4,1,resnet,False,none,lr,1e-05,0.0001,32,5,0.6073,0.6536,0.7003,0.6977,0.7619,nan,nan,nan,nan,1
none,cage,4,1,resnet,False,none,lr,1e-05,0.0001,32,6,0.5595,0.6636,0.5953,0.7907,0.7262,nan,nan,nan,nan,1
none,cage,4,1,resnet,False,none,lr,1e-05,0.0001,32,7,0.4949,0.7515,0.6290,0.8372,0.6151,0.8471,0.7752,0.7674,0.5679,1
none,cage,4,1,resnet,False,none,lr,1e-05,0.0001,32,8,0.4272,0.8294,0.6681,0.8140,0.5833,nan,nan,nan,nan,0
none,cage,4,1,resnet,False,none,lr,1e-05,0.0001,32,9,0.3701,0.6704,0.8008,0.7907,0.6706,nan,nan,nan,nan,0
none,cage,4,1,resnet,False,none,lr,1e-05,0.0001,32,10,0.3096,0.7174,0.7944,0.7209,0.6190,nan,nan,nan,nan,0
none,cage,4,1,resnet,False,none,lr,1e-05,0.0001,32,11,0.2626,1.0630,0.8103,0.8372,0.5952,nan,nan,nan,nan,0
none,cage,4,1,resnet,False,none,lr,1e-05,0.0001,32,12,0.2089,0.9193,0.8246,0.8372,0.6429,nan,nan,nan,nan,0
none,cage,4,1,resnet,False,none,lr,1e-05,0.0001,32,13,0.1728,1.0007,0.9040,0.7674,0.5873,nan,nan,nan,nan,0
none,cage,4,1,resnet,False,none,lr,1e-05,0.0001,32,14,0.1346,1.3686,0.9675,0.8372,0.5873,nan,nan,nan,nan,0
none,cage,4,1,resnet,False,none,lr,1e-05,0.0001,32,15,0.1251,0.8914,0.8976,0.8372,0.6667,nan,nan,nan,nan,0
none,cage,4,1,resnet,False,none,lr,1e-05,0.0001,32,16,0.1080,0.9450,0.9704,0.8372,0.6349,nan,nan,nan,nan,0
none,cage,4,2,resnet,False,none,lr,1e-05,0.0001,32,1,0.7126,0.7179,0.6664,0.8095,0.4081,nan,nan,nan,nan,0
none,cage,4,2,resnet,False,none,lr,1e-05,0.0001,32,2,0.6928,0.7156,0.6883,0.7143,0.3934,nan,nan,nan,nan,0
none,cage,4,2,resnet,False,none,lr,1e-05,0.0001,32,3,0.6659,0.7474,0.6498,0.7857,0.5147,nan,nan,nan,nan,0
none,cage,4,2,resnet,False,none,lr,1e-05,0.0001,32,4,0.6365,0.7193,0.7716,0.3810,0.3971,nan,nan,nan,nan,0
none,cage,4,2,resnet,False,none,lr,1e-05,0.0001,32,5,0.5901,0.7353,0.7519,0.5952,0.5331,nan,nan,nan,nan,1
none,cage,4,2,resnet,False,none,lr,1e-05,0.0001,32,6,0.5272,0.7196,0.6619,0.7619,0.6728,nan,nan,nan,nan,1
none,cage,4,2,resnet,False,none,lr,1e-05,0.0001,32,7,0.4560,0.6765,0.7724,0.6905,0.6618,nan,nan,nan,nan,1
none,cage,4,2,resnet,False,none,lr,1e-05,0.0001,32,8,0.3774,0.7162,0.7074,0.7619,0.6985,nan,nan,nan,nan,1
none,cage,4,2,resnet,False,none,lr,1e-05,0.0001,32,9,0.3015,1.0258,0.8931,0.7381,0.6103,nan,nan,nan,nan,1
none,cage,4,2,resnet,False,none,lr,1e-05,0.0001,32,10,0.2475,1.1574,0.9040,0.7619,0.6324,nan,nan,nan,nan,1
none,cage,4,2,resnet,False,none,lr,1e-05,0.0001,32,11,0.1910,1.0300,0.8925,0.7619,0.6654,nan,nan,nan,nan,0
none,cage,4,2,resnet,False,none,lr,1e-05,0.0001,32,12,0.1492,1.1524,0.9765,0.7857,0.6360,nan,nan,nan,nan,0
none,cage,4,2,resnet,False,none,lr,1e-05,0.0001,32,13,0.1224,1.5029,1.0216,0.8095,0.6949,nan,nan,nan,nan,0
none,cage,4,2,resnet,False,none,lr,1e-05,0.0001,32,14,0.0963,1.2157,1.0106,0.8333,0.7059,nan,nan,nan,nan,1
none,cage,4,2,resnet,False,none,lr,1e-05,0.0001,32,15,0.0769,1.4223,1.0638,0.8095,0.6581,nan,nan,nan,nan,1
none,cage,4,2,resnet,False,none,lr,1e-05,0.0001,32,16,0.0605,2.0872,1.3078,0.8095,0.7132,nan,nan,nan,nan,1
none,cage,4,2,resnet,False,none,lr,1e-05,0.0001,32,17,0.0483,1.6195,1.1555,0.7857,0.7059,1.7019,1.4837,0.8140,0.5893,1
none,cage,4,2,resnet,False,none,lr,1e-05,0.0001,32,18,0.0409,1.9237,1.2838,0.7857,0.6801,nan,nan,nan,nan,0
none,cage,4,2,resnet,False,none,lr,1e-05,0.0001,32,19,0.0289,1.3958,1.1095,0.8095,0.6507,nan,nan,nan,nan,0
none,cage,4,2,resnet,False,none,lr,1e-05,0.0001,32,20,0.0345,1.7309,1.2943,0.7857,0.6985,nan,nan,nan,nan,0
none,cage,4,2,resnet,False,none,lr,1e-05,0.0001,32,21,0.0561,1.9471,1.3155,0.8095,0.6728,nan,nan,nan,nan,0
none,cage,4,2,resnet,False,none,lr,1e-05,0.0001,32,22,0.0227,1.6535,1.2055,0.7857,0.6801,nan,nan,nan,nan,0
none,cage,4,3,resnet,False,none,lr,1e-05,0.0001,32,1,0.7163,0.6950,0.6384,0.8333,0.5633,nan,nan,nan,nan,0
none,cage,4,3,resnet,False,none,lr,1e-05,0.0001,32,2,0.6918,0.6978,0.6566,0.8333,0.5184,nan,nan,nan,nan,0
none,cage,4,3,resnet,False,none,lr,1e-05,0.0001,32,3,0.6671,0.6909,0.6527,0.8333,0.5551,nan,nan,nan,nan,0
none,cage,4,3,resnet,False,none,lr,1e-05,0.0001,32,4,0.6455,0.6881,0.6823,0.7857,0.5796,nan,nan,nan,nan,0
none,cage,4,3,resnet,False,none,lr,1e-05,0.0001,32,5,0.6112,0.6794,0.7239,0.6190,0.5878,nan,nan,nan,nan,1
none,cage,4,3,resnet,False,none,lr,1e-05,0.0001,32,6,0.5523,0.6939,0.6595,0.7857,0.5918,nan,nan,nan,nan,1
none,cage,4,3,resnet,False,none,lr,1e-05,0.0001,32,7,0.4844,0.8001,0.6772,0.8333,0.6653,nan,nan,nan,nan,1
none,cage,4,3,resnet,False,none,lr,1e-05,0.0001,32,8,0.4172,0.7287,0.7063,0.7857,0.6245,nan,nan,nan,nan,1
none,cage,4,3,resnet,False,none,lr,1e-05,0.0001,32,9,0.3400,0.6851,0.8544,0.6429,0.5959,nan,nan,nan,nan,0
none,cage,4,3,resnet,False,none,lr,1e-05,0.0001,32,10,0.2810,0.9108,0.8515,0.8095,0.6694,nan,nan,nan,nan,1
none,cage,4,3,resnet,False,none,lr,1e-05,0.0001,32,11,0.2300,0.9746,0.8356,0.8571,0.6571,1.1995,1.1016,0.8140,0.5607,1
none,cage,4,3,resnet,False,none,lr,1e-05,0.0001,32,12,0.1872,0.9827,0.8894,0.8333,0.6163,nan,nan,nan,nan,0
none,cage,4,3,resnet,False,none,lr,1e-05,0.0001,32,13,0.1475,1.0205,0.9359,0.8095,0.6449,nan,nan,nan,nan,0
none,cage,4,3,resnet,False,none,lr,1e-05,0.0001,32,14,0.1128,0.9725,0.9678,0.8333,0.6204,nan,nan,nan,nan,0
none,cage,4,3,resnet,False,none,lr,1e-05,0.0001,32,15,0.0957,0.8626,1.0593,0.8095,0.6041,nan,nan,nan,nan,0
none,cage,4,3,resnet,False,none,lr,1e-05,0.0001,32,16,0.0832,0.9501,1.0448,0.8095,0.6367,nan,nan,nan,nan,0
none,cage,4,5,resnet,False,none,lr,1e-05,0.0001,32,1,0.7224,0.6892,0.6959,0.4750,0.5305,nan,nan,nan,nan,0
none,cage,4,5,resnet,False,none,lr,1e-05,0.0001,32,2,0.6940,0.7010,0.7088,0.4500,0.4444,nan,nan,nan,nan,0
none,cage,4,5,resnet,False,none,lr,1e-05,0.0001,32,3,0.6640,0.7258,0.7160,0.5000,0.3011,nan,nan,nan,nan,0
none,cage,4,5,resnet,False,none,lr,1e-05,0.0001,32,4,0.6360,0.7719,0.7415,0.6750,0.3799,nan,nan,nan,nan,0
none,cage,4,5,resnet,False,none,lr,1e-05,0.0001,32,5,0.5837,0.7765,0.7018,0.7250,0.4158,nan,nan,nan,nan,1
none,cage,4,5,resnet,False,none,lr,1e-05,0.0001,32,6,0.5141,0.8517,0.8195,0.6250,0.3907,nan,nan,nan,nan,0
none,cage,4,5,resnet,False,none,lr,1e-05,0.0001,32,7,0.4311,0.8027,0.8373,0.6000,0.4982,nan,nan,nan,nan,0
none,cage,4,5,resnet,False,none,lr,1e-05,0.0001,32,8,0.3661,1.4232,1.0644,0.7500,0.4158,1.1999,1.0590,0.7674,0.5000,1
none,cage,4,5,resnet,False,none,lr,1e-05,0.0001,32,9,0.2888,1.2987,1.0678,0.7000,0.3118,nan,nan,nan,nan,0
none,cage,4,5,resnet,False,none,lr,1e-05,0.0001,32,10,0.2422,1.4301,1.0980,0.7000,0.3943,nan,nan,nan,nan,0
none,cage,4,5,resnet,False,none,lr,1e-05,0.0001,32,11,0.1938,1.9626,1.3865,0.7500,0.3297,nan,nan,nan,nan,0
none,cage,4,5,resnet,False,none,lr,1e-05,0.0001,32,12,0.1466,1.5039,1.1658,0.6750,0.4265,nan,nan,nan,nan,0
none,cage,4,5,resnet,False,none,lr,1e-05,0.0001,32,13,0.1119,2.2569,1.5194,0.7750,0.3943,nan,nan,nan,nan,0
none,cage,4,5,resnet,False,none,lr,1e-05,0.0001,32,14,0.1128,1.4843,1.2904,0.6750,0.4122,nan,nan,nan,nan,0
none,cage,4,5,resnet,False,none,lr,1e-05,0.0001,32,15,0.0665,2.1159,1.5003,0.7250,0.3978,nan,nan,nan,nan,0
none,cage,4,5,resnet,False,none,lr,1e-05,0.0001,32,16,0.0504,2.0999,1.5531,0.7250,0.3907,nan,nan,nan,nan,0
none,cage,4,6,resnet,False,none,lr,1e-05,0.0001,32,1,0.7173,0.6932,0.6878,0.6585,0.4714,nan,nan,nan,nan,0
none,cage,4,6,resnet,False,none,lr,1e-05,0.0001,32,2,0.6882,0.7000,0.6671,0.8293,0.4190,nan,nan,nan,nan,0
none,cage,4,6,resnet,False,none,lr,1e-05,0.0001,32,3,0.6812,0.7070,0.6448,0.8537,0.5238,nan,nan,nan,nan,0
none,cage,4,6,resnet,False,none,lr,1e-05,0.0001,32,4,0.6434,0.6956,0.6747,0.7805,0.5048,nan,nan,nan,nan,0
none,cage,4,6,resnet,False,none,lr,1e-05,0.0001,32,5,0.6045,0.6480,0.6515,0.7317,0.7524,nan,nan,nan,nan,1
none,cage,4,6,resnet,False,none,lr,1e-05,0.0001,32,6,0.5327,0.6643,0.6675,0.8049,0.6810,nan,nan,nan,nan,1
none,cage,4,6,resnet,False,none,lr,1e-05,0.0001,32,7,0.4756,0.6736,0.6473,0.8049,0.7095,nan,nan,nan,nan,1
none,cage,4,6,resnet,False,none,lr,1e-05,0.0001,32,8,0.3937,0.6599,0.8453,0.4634,0.6810,0.6997,0.9028,0.4884,0.5286,1
none,cage,4,6,resnet,False,none,lr,1e-05,0.0001,32,9,0.3352,0.7416,0.7884,0.8049,0.5286,nan,nan,nan,nan,0
none,cage,4,6,resnet,False,none,lr,1e-05,0.0001,32,10,0.2691,0.9128,0.9082,0.8049,0.5333,nan,nan,nan,nan,0
none,cage,4,6,resnet,False,none,lr,1e-05,0.0001,32,11,0.2211,1.4039,1.1310,0.8537,0.5000,nan,nan,nan,nan,0
none,cage,4,6,resnet,False,none,lr,1e-05,0.0001,32,12,0.1662,1.4055,1.1246,0.8293,0.4905,nan,nan,nan,nan,0
none,cage,4,6,resnet,False,none,lr,1e-05,0.0001,32,13,0.1329,0.9674,0.9850,0.8537,0.5810,nan,nan,nan,nan,0
none,cage,4,6,resnet,False,none,lr,1e-05,0.0001,32,14,0.0991,1.2839,1.0937,0.8293,0.5429,nan,nan,nan,nan,0
none,cage,4,6,resnet,False,none,lr,1e-05,0.0001,32,15,0.0893,1.6337,1.2831,0.8293,0.5000,nan,nan,nan,nan,0
none,cage,4,6,resnet,False,none,lr,1e-05,0.0001,32,16,0.0684,1.3887,1.2386,0.8293,0.5048,nan,nan,nan,nan,0
none,cage,4,7,resnet,False,none,lr,1e-05,0.0001,32,1,0.7202,0.6965,0.7123,0.2955,0.5278,nan,nan,nan,nan,0
none,cage,4,7,resnet,False,none,lr,1e-05,0.0001,32,2,0.6944,0.6936,0.6853,0.6364,0.5382,nan,nan,nan,nan,0
none,cage,4,7,resnet,False,none,lr,1e-05,0.0001,32,3,0.6662,0.6953,0.6719,0.7500,0.5486,nan,nan,nan,nan,0
none,cage,4,7,resnet,False,none,lr,1e-05,0.0001,32,4,0.6278,0.7028,0.6865,0.6818,0.5764,nan,nan,nan,nan,0
none,cage,4,7,resnet,False,none,lr,1e-05,0.0001,32,5,0.5813,0.6652,0.7704,0.5455,0.5972,nan,nan,nan,nan,1
none,cage,4,7,resnet,False,none,lr,1e-05,0.0001,32,6,0.5193,0.6875,0.6844,0.7955,0.6562,nan,nan,nan,nan,1
none,cage,4,7,resnet,False,none,lr,1e-05,0.0001,32,7,0.4418,0.7417,0.6893,0.7500,0.7049,nan,nan,nan,nan,1
none,cage,4,7,resnet,False,none,lr,1e-05,0.0001,32,8,0.3726,0.6521,0.7168,0.7955,0.7292,nan,nan,nan,nan,1
none,cage,4,7,resnet,False,none,lr,1e-05,0.0001,32,9,0.3006,0.9632,0.7287,0.8182,0.7465,nan,nan,nan,nan,1
none,cage,4,7,resnet,False,none,lr,1e-05,0.0001,32,10,0.2386,0.7133,0.7526,0.7955,0.7778,nan,nan,nan,nan,1
none,cage,4,7,resnet,False,none,lr,1e-05,0.0001,32,11,0.1883,0.9499,0.8074,0.7727,0.7569,nan,nan,nan,nan,1
none,cage,4,7,resnet,False,none,lr,1e-05,0.0001,32,12,0.1492,1.1138,0.8109,0.7955,0.7569,nan,nan,nan,nan,1
none,cage,4,7,resnet,False,none,lr,1e-05,0.0001,32,13,0.1066,0.6907,0.8152,0.7955,0.7951,nan,nan,nan,nan,1
none,cage,4,7,resnet,False,none,lr,1e-05,0.0001,32,14,0.0963,1.3389,0.9351,0.8182,0.8160,nan,nan,nan,nan,1
none,cage,4,7,resnet,False,none,lr,1e-05,0.0001,32,15,0.0674,1.1269,0.9191,0.7955,0.7951,nan,nan,nan,nan,0
none,cage,4,7,resnet,False,none,lr,1e-05,0.0001,32,16,0.0704,2.0470,1.2861,0.8182,0.7569,nan,nan,nan,nan,0
none,cage,4,7,resnet,False,none,lr,1e-05,0.0001,32,17,0.0425,1.0999,0.9733,0.7955,0.8194,nan,nan,nan,nan,1
none,cage,4,7,resnet,False,none,lr,1e-05,0.0001,32,18,0.0387,1.6174,1.1319,0.8182,0.8194,nan,nan,nan,nan,0
none,cage,4,7,resnet,False,none,lr,1e-05,0.0001,32,19,0.0323,1.4552,1.0956,0.7955,0.8368,nan,nan,nan,nan,1
none,cage,4,7,resnet,False,none,lr,1e-05,0.0001,32,20,0.0265,1.1139,1.0386,0.7955,0.7847,nan,nan,nan,nan,0
none,cage,4,7,resnet,False,none,lr,1e-05,0.0001,32,21,0.0206,1.9443,1.2759,0.8182,0.8160,2.1654,1.8245,0.8140,0.6143,1
none,cage,4,7,resnet,False,none,lr,1e-05,0.0001,32,22,0.0266,2.1296,1.3682,0.8182,0.7951,nan,nan,nan,nan,0
none,cage,4,7,resnet,False,none,lr,1e-05,0.0001,32,23,0.0284,2.0617,1.3893,0.8182,0.8056,nan,nan,nan,nan,0
none,cage,4,7,resnet,False,none,lr,1e-05,0.0001,32,24,0.0188,1.6979,1.2603,0.7955,0.8229,nan,nan,nan,nan,0
none,cage,4,7,resnet,False,none,lr,1e-05,0.0001,32,25,0.0123,2.0247,1.3357,0.7955,0.8333,nan,nan,nan,nan,0
none,cage,4,7,resnet,False,none,lr,1e-05,0.0001,32,26,0.0121,2.0671,1.5552,0.8182,0.7222,nan,nan,nan,nan,0
none,cage,4,8,resnet,False,none,lr,1e-05,0.0001,32,1,0.7107,0.7026,0.6811,0.6383,0.4231,nan,nan,nan,nan,0
none,cage,4,8,resnet,False,none,lr,1e-05,0.0001,32,2,0.6858,0.7143,0.6348,0.8298,0.4776,nan,nan,nan,nan,0
none,cage,4,8,resnet,False,none,lr,1e-05,0.0001,32,3,0.6565,0.7061,0.7192,0.5319,0.4647,nan,nan,nan,nan,0
none,cage,4,8,resnet,False,none,lr,1e-05,0.0001,32,4,0.6229,0.7177,0.6506,0.8085,0.5353,nan,nan,nan,nan,0
none,cage,4,8,resnet,False,none,lr,1e-05,0.0001,32,5,0.5641,0.7485,0.6538,0.7660,0.5481,nan,nan,nan,nan,1
none,cage,4,8,resnet,False,none,lr,1e-05,0.0001,32,6,0.5069,0.8736,0.6993,0.7872,0.5224,nan,nan,nan,nan,1
none,cage,4,8,resnet,False,none,lr,1e-05,0.0001,32,7,0.4318,0.8969,0.7200,0.7872,0.5545,nan,nan,nan,nan,1
none,cage,4,8,resnet,False,none,lr,1e-05,0.0001,32,8,0.3590,0.7598,0.9051,0.6170,0.5577,nan,nan,nan,nan,1
none,cage,4,8,resnet,False,none,lr,1e-05,0.0001,32,9,0.3013,0.9020,0.8512,0.8085,0.5833,0.8852,0.9549,0.7442,0.5679,1
none,cage,4,8,resnet,False,none,lr,1e-05,0.0001,32,10,0.2351,1.1118,0.9602,0.7872,0.5353,nan,nan,nan,nan,0
none,cage,4,8,resnet,False,none,lr,1e-05,0.0001,32,11,0.1948,1.6864,1.0535,0.8298,0.5288,nan,nan,nan,nan,0
none,cage,4,8,resnet,False,none,lr,1e-05,0.0001,32,12,0.1544,1.2788,0.9747,0.8085,0.5385,nan,nan,nan,nan,0
none,cage,4,8,resnet,False,none,lr,1e-05,0.0001,32,13,0.1268,2.0755,1.2299,0.8298,0.5000,nan,nan,nan,nan,0
none,cage,4,8,resnet,False,none,lr,1e-05,0.0001,32,14,0.0996,1.7995,1.1420,0.8298,0.5385,nan,nan,nan,nan,0
none,cage,4,8,resnet,False,none,lr,1e-05,0.0001,32,15,0.0744,1.5297,1.1169,0.8511,0.5481,nan,nan,nan,nan,0
none,cage,4,8,resnet,False,none,lr,1e-05,0.0001,32,16,0.0534,1.8216,1.2216,0.8085,0.5577,nan,nan,nan,nan,0
none,cage,4,9,resnet,False,none,lr,1e-05,0.0001,32,1,0.7175,0.6963,0.6925,0.6429,0.5354,nan,nan,nan,nan,0
none,cage,4,9,resnet,False,none,lr,1e-05,0.0001,32,2,0.6877,0.6851,0.6972,0.6190,0.6094,nan,nan,nan,nan,0
none,cage,4,9,resnet,False,none,lr,1e-05,0.0001,32,3,0.6638,0.7132,0.6752,0.7381,0.5051,nan,nan,nan,nan,0
none,cage,4,9,resnet,False,none,lr,1e-05,0.0001,32,4,0.6294,0.7274,0.7047,0.6667,0.4545,nan,nan,nan,nan,0
none,cage,4,9,resnet,False,none,lr,1e-05,0.0001,32,5,0.5807,0.9028,0.8130,0.6667,0.3603,0.7795,0.7556,0.6744,0.5214,1
none,cage,4,9,resnet,False,none,lr,1e-05,0.0001,32,6,0.5174,0.8327,0.8049,0.5952,0.4714,nan,nan,nan,nan,0
none,cage,4,9,resnet,False,none,lr,1e-05,0.0001,32,7,0.4350,0.9872,0.9344,0.6667,0.4343,nan,nan,nan,nan,0
none,cage,4,9,resnet,False,none,lr,1e-05,0.0001,32,8,0.3708,1.1620,0.9993,0.6667,0.4882,nan,nan,nan,nan,0
none,cage,4,9,resnet,False,none,lr,1e-05,0.0001,32,9,0.2802,1.3014,1.0907,0.6667,0.4175,nan,nan,nan,nan,0
none,cage,4,9,resnet,False,none,lr,1e-05,0.0001,32,10,0.2298,0.8556,1.1553,0.5000,0.5051,nan,nan,nan,nan,0
none,cage,4,9,resnet,False,none,lr,1e-05,0.0001,32,11,0.1846,1.2080,1.2085,0.6429,0.4646,nan,nan,nan,nan,0
none,cage,4,9,resnet,False,none,lr,1e-05,0.0001,32,12,0.1352,1.6339,1.2348,0.7143,0.4242,nan,nan,nan,nan,0
none,cage,4,9,resnet,False,none,lr,1e-05,0.0001,32,13,0.1064,1.8371,1.3440,0.7381,0.4411,nan,nan,nan,nan,0
none,cage,4,9,resnet,False,none,lr,1e-05,0.0001,32,14,0.0915,1.6421,1.3438,0.6905,0.4882,nan,nan,nan,nan,0
none,cage,4,9,resnet,False,none,lr,1e-05,0.0001,32,15,0.0594,2.4320,1.6013,0.7619,0.4815,nan,nan,nan,nan,0
none,cage,4,9,resnet,False,none,lr,1e-05,0.0001,32,16,0.0537,2.2307,1.5325,0.7381,0.4680,nan,nan,nan,nan,0
none,cage,5,0,resnet,False,none,lr,1e-05,0.0001,32,1,0.7089,0.6986,0.6693,0.7907,0.4484,nan,nan,nan,nan,0
none,cage,5,0,resnet,False,none,lr,1e-05,0.0001,32,2,0.6803,0.6926,0.7100,0.4186,0.5238,nan,nan,nan,nan,0
none,cage,5,0,resnet,False,none,lr,1e-05,0.0001,32,3,0.6693,0.6743,0.7198,0.3256,0.6706,nan,nan,nan,nan,0
none,cage,5,0,resnet,False,none,lr,1e-05,0.0001,32,4,0.6341,0.6653,0.6989,0.6744,0.6905,nan,nan,nan,nan,0
none,cage,5,0,resnet,False,none,lr,1e-05,0.0001,32,5,0.5768,0.6734,0.6571,0.8140,0.6706,nan,nan,nan,nan,1
none,cage,5,0,resnet,False,none,lr,1e-05,0.0001,32,6,0.5040,0.6317,0.6765,0.8837,0.8016,nan,nan,nan,nan,1
none,cage,5,0,resnet,False,none,lr,1e-05,0.0001,32,7,0.4105,0.7704,0.7640,0.8372,0.6548,0.9393,0.8395,0.6750,0.4552,1
none,cage,5,0,resnet,False,none,lr,1e-05,0.0001,32,8,0.3425,0.7872,0.7551,0.7907,0.6627,nan,nan,nan,nan,0
none,cage,5,0,resnet,False,none,lr,1e-05,0.0001,32,9,0.2600,0.7671,0.8207,0.8140,0.6825,nan,nan,nan,nan,0
none,cage,5,0,resnet,False,none,lr,1e-05,0.0001,32,10,0.1923,0.7922,0.8748,0.8140,0.6825,nan,nan,nan,nan,0
none,cage,5,0,resnet,False,none,lr,1e-05,0.0001,32,11,0.1491,0.8093,0.8848,0.7907,0.7341,nan,nan,nan,nan,0
none,cage,5,0,resnet,False,none,lr,1e-05,0.0001,32,12,0.1133,1.2772,1.0607,0.8140,0.6865,nan,nan,nan,nan,0
none,cage,5,0,resnet,False,none,lr,1e-05,0.0001,32,13,0.0865,1.9906,1.3711,0.8140,0.6865,nan,nan,nan,nan,0
none,cage,5,0,resnet,False,none,lr,1e-05,0.0001,32,14,0.0628,1.5592,1.2086,0.8140,0.6786,nan,nan,nan,nan,0
none,cage,5,0,resnet,False,none,lr,1e-05,0.0001,32,15,0.0561,2.2157,1.5000,0.8372,0.6905,nan,nan,nan,nan,0
none,cage,5,0,resnet,False,none,lr,1e-05,0.0001,32,16,0.0479,1.5088,1.2456,0.8140,0.7103,nan,nan,nan,nan,0
none,cage,5,1,resnet,False,none,lr,1e-05,0.0001,32,1,0.7174,0.6859,0.6444,0.8372,0.6587,nan,nan,nan,nan,0
none,cage,5,1,resnet,False,none,lr,1e-05,0.0001,32,2,0.6919,0.6860,0.6321,0.8372,0.6111,nan,nan,nan,nan,0
none,cage,5,1,resnet,False,none,lr,1e-05,0.0001,32,3,0.6681,0.6682,0.6385,0.7674,0.7698,nan,nan,nan,nan,0
none,cage,5,1,resnet,False,none,lr,1e-05,0.0001,32,4,0.6442,0.6849,0.6162,0.8372,0.6349,nan,nan,nan,nan,0
none,cage,5,1,resnet,False,none,lr,1e-05,0.0001,32,5,0.6027,0.6758,0.6641,0.6512,0.6190,nan,nan,nan,nan,1
none,cage,5,1,resnet,False,none,lr,1e-05,0.0001,32,6,0.5497,0.6300,0.6793,0.7209,0.7222,0.6727,0.7306,0.5250,0.5950,1
none,cage,5,1,resnet,False,none,lr,1e-05,0.0001,32,7,0.4858,0.6648,0.7658,0.6047,0.6151,nan,nan,nan,nan,0
none,cage,5,1,resnet,False,none,lr,1e-05,0.0001,32,8,0.4025,0.8469,0.6999,0.8140,0.5913,nan,nan,nan,nan,0
none,cage,5,1,resnet,False,none,lr,1e-05,0.0001,32,9,0.3331,0.6926,0.7385,0.7209,0.6667,nan,nan,nan,nan,0
none,cage,5,1,resnet,False,none,lr,1e-05,0.0001,32,10,0.2823,0.8023,0.7392,0.7674,0.6429,nan,nan,nan,nan,0
none,cage,5,1,resnet,False,none,lr,1e-05,0.0001,32,11,0.2199,0.7832,0.7891,0.7907,0.6627,nan,nan,nan,nan,0
none,cage,5,1,resnet,False,none,lr,1e-05,0.0001,32,12,0.1834,1.0067,0.8151,0.8372,0.6349,nan,nan,nan,nan,0
none,cage,5,1,resnet,False,none,lr,1e-05,0.0001,32,13,0.1442,1.4404,0.9435,0.8372,0.5675,nan,nan,nan,nan,0
none,cage,5,1,resnet,False,none,lr,1e-05,0.0001,32,14,0.1155,1.2825,1.0505,0.8605,0.5635,nan,nan,nan,nan,0
none,cage,5,1,resnet,False,none,lr,1e-05,0.0001,32,15,0.0908,0.9980,0.8946,0.8605,0.7183,nan,nan,nan,nan,0
none,cage,5,1,resnet,False,none,lr,1e-05,0.0001,32,16,0.0850,1.2423,0.9946,0.8140,0.6151,nan,nan,nan,nan,0
none,cage,5,2,resnet,False,none,lr,1e-05,0.0001,32,1,0.7011,0.7147,0.6958,0.6429,0.3419,nan,nan,nan,nan,0
none,cage,5,2,resnet,False,none,lr,1e-05,0.0001,32,2,0.6854,0.7058,0.7493,0.2381,0.3640,nan,nan,nan,nan,0
none,cage,5,2,resnet,False,none,lr,1e-05,0.0001,32,3,0.6582,0.7055,0.7312,0.5000,0.4706,nan,nan,nan,nan,0
none,cage,5,2,resnet,False,none,lr,1e-05,0.0001,32,4,0.6331,0.6884,0.6319,0.8095,0.7022,nan,nan,nan,nan,0
none,cage,5,2,resnet,False,none,lr,1e-05,0.0001,32,5,0.5913,0.7321,0.6556,0.8095,0.6324,nan,nan,nan,nan,1
none,cage,5,2,resnet,False,none,lr,1e-05,0.0001,32,6,0.5283,0.7175,0.7014,0.6667,0.5993,nan,nan,nan,nan,1
none,cage,5,2,resnet,False,none,lr,1e-05,0.0001,32,7,0.4715,0.7052,0.6948,0.8571,0.6912,nan,nan,nan,nan,1
none,cage,5,2,resnet,False,none,lr,1e-05,0.0001,32,8,0.4098,0.6894,0.7500,0.7857,0.6618,nan,nan,nan,nan,1
none,cage,5,2,resnet,False,none,lr,1e-05,0.0001,32,9,0.3361,0.8253,0.7588,0.7857,0.6765,nan,nan,nan,nan,0
none,cage,5,2,resnet,False,none,lr,1e-05,0.0001,32,10,0.2764,0.8208,0.8475,0.8095,0.6397,nan,nan,nan,nan,0
none,cage,5,2,resnet,False,none,lr,1e-05,0.0001,32,11,0.2473,0.7419,0.9907,0.6190,0.6103,nan,nan,nan,nan,0
none,cage,5,2,resnet,False,none,lr,1e-05,0.0001,32,12,0.1920,1.2132,0.9300,0.8095,0.7243,nan,nan,nan,nan,1
none,cage,5,2,resnet,False,none,lr,1e-05,0.0001,32,13,0.1539,0.8746,0.8624,0.7857,0.7316,nan,nan,nan,nan,1
none,cage,5,2,resnet,False,none,lr,1e-05,0.0001,32,14,0.1269,1.0543,0.9421,0.7857,0.7610,nan,nan,nan,nan,1
none,cage,5,2,resnet,False,none,lr,1e-05,0.0001,32,15,0.1140,0.9003,0.9512,0.7857,0.6949,nan,nan,nan,nan,1
none,cage,5,2,resnet,False,none,lr,1e-05,0.0001,32,16,0.0862,1.3018,1.0742,0.8095,0.7022,nan,nan,nan,nan,1
none,cage,5,2,resnet,False,none,lr,1e-05,0.0001,32,17,0.0753,1.4361,1.0994,0.8095,0.7132,nan,nan,nan,nan,0
none,cage,5,2,resnet,False,none,lr,1e-05,0.0001,32,18,0.0565,1.4789,1.1073,0.8095,0.7941,nan,nan,nan,nan,1
none,cage,5,2,resnet,False,none,lr,1e-05,0.0001,32,19,0.0540,1.0772,1.0660,0.7857,0.7463,nan,nan,nan,nan,0
none,cage,5,2,resnet,False,none,lr,1e-05,0.0001,32,20,0.0373,1.7093,1.2500,0.8095,0.7390,2.6680,1.7455,0.7750,0.4480,1
none,cage,5,2,resnet,False,none,lr,1e-05,0.0001,32,21,0.0457,1.2317,1.1787,0.7619,0.6581,nan,nan,nan,nan,0
none,cage,5,2,resnet,False,none,lr,1e-05,0.0001,32,22,0.0310,1.4862,1.1927,0.7857,0.7022,nan,nan,nan,nan,0
none,cage,5,2,resnet,False,none,lr,1e-05,0.0001,32,23,0.0210,1.4085,1.2491,0.7857,0.7316,nan,nan,nan,nan,0
none,cage,5,2,resnet,False,none,lr,1e-05,0.0001,32,24,0.0227,1.2077,1.1611,0.8095,0.7096,nan,nan,nan,nan,0
none,cage,5,2,resnet,False,none,lr,1e-05,0.0001,32,25,0.0212,1.3658,1.2529,0.7857,0.7132,nan,nan,nan,nan,0
none,cage,5,3,resnet,False,none,lr,1e-05,0.0001,32,1,0.7104,0.6986,0.6978,0.4762,0.4939,nan,nan,nan,nan,0
none,cage,5,3,resnet,False,none,lr,1e-05,0.0001,32,2,0.6891,0.7078,0.6286,0.8333,0.5184,nan,nan,nan,nan,0
none,cage,5,3,resnet,False,none,lr,1e-05,0.0001,32,3,0.6750,0.6904,0.6777,0.7857,0.5265,nan,nan,nan,nan,0
none,cage,5,3,resnet,False,none,lr,1e-05,0.0001,32,4,0.6449,0.6818,0.6855,0.7619,0.6122,nan,nan,nan,nan,0
none,cage,5,3,resnet,False,none,lr,1e-05,0.0001,32,5,0.6043,0.6532,0.6451,0.8333,0.7306,nan,nan,nan,nan,1
none,cage,5,3,resnet,False,none,lr,1e-05,0.0001,32,6,0.5432,0.6739,0.6943,0.6905,0.6286,nan,nan,nan,nan,1
none,cage,5,3,resnet,False,none,lr,1e-05,0.0001,32,7,0.4795,0.7061,0.8238,0.5714,0.5837,nan,nan,nan,nan,1
none,cage,5,3,resnet,False,none,lr,1e-05,0.0001,32,8,0.3864,0.7115,0.8661,0.5714,0.6122,0.6856,0.8118,0.6500,0.6129,1
none,cage,5,3,resnet,False,none,lr,1e-05,0.0001,32,9,0.3228,0.8562,0.8048,0.8095,0.6204,nan,nan,nan,nan,0
none,cage,5,3,resnet,False,none,lr,1e-05,0.0001,32,10,0.2538,0.8020,0.8925,0.7619,0.6449,nan,nan,nan,nan,0
none,cage,5,3,resnet,False,none,lr,1e-05,0.0001,32,11,0.1932,0.9254,0.8994,0.8095,0.6082,nan,nan,nan,nan,0
none,cage,5,3,resnet,False,none,lr,1e-05,0.0001,32,12,0.1595,0.7804,0.9482,0.7857,0.6816,nan,nan,nan,nan,0
none,cage,5,3,resnet,False,none,lr,1e-05,0.0001,32,13,0.1270,0.8129,1.0799,0.7143,0.6000,nan,nan,nan,nan,0
none,cage,5,3,resnet,False,none,lr,1e-05,0.0001,32,14,0.0930,1.3894,1.0809,0.8333,0.6000,nan,nan,nan,nan,0
none,cage,5,3,resnet,False,none,lr,1e-05,0.0001,32,15,0.0696,1.8389,1.2333,0.8333,0.6735,nan,nan,nan,nan,0
none,cage,5,3,resnet,False,none,lr,1e-05,0.0001,32,16,0.0592,1.5384,1.1528,0.8333,0.6367,nan,nan,nan,nan,0
none,cage,5,4,resnet,False,none,lr,1e-05,0.0001,32,1,0.7212,0.7066,0.6812,0.7907,0.4857,nan,nan,nan,nan,0
none,cage,5,4,resnet,False,none,lr,1e-05,0.0001,32,2,0.6889,0.6899,0.6818,0.6047,0.5393,nan,nan,nan,nan,0
none,cage,5,4,resnet,False,none,lr,1e-05,0.0001,32,3,0.6559,0.6953,0.7116,0.4186,0.5036,nan,nan,nan,nan,0
none,cage,5,4,resnet,False,none,lr,1e-05,0.0001,32,4,0.6237,0.7158,0.7040,0.6047,0.5107,nan,nan,nan,nan,0
none,cage,5,4,resnet,False,none,lr,1e-05,0.0001,32,5,0.5789,0.7885,0.7537,0.6977,0.5071,nan,nan,nan,nan,1
none,cage,5,4,resnet,False,none,lr,1e-05,0.0001,32,6,0.5008,0.8334,0.7787,0.6977,0.5286,nan,nan,nan,nan,1
none,cage,5,4,resnet,False,none,lr,1e-05,0.0001,32,7,0.4194,0.8574,0.8005,0.7209,0.5964,nan,nan,nan,nan,1
none,cage,5,4,resnet,False,none,lr,1e-05,0.0001,32,8,0.3400,0.8468,0.8280,0.7674,0.5607,nan,nan,nan,nan,1
none,cage,5,4,resnet,False,none,lr,1e-05,0.0001,32,9,0.2898,0.7084,0.8465,0.6279,0.6107,nan,nan,nan,nan,1
none,cage,5,4,resnet,False,none,lr,1e-05,0.0001,32,10,0.2210,1.0956,0.9813,0.7907,0.5929,1.4097,1.0457,0.7250,0.4982,1
none,cage,5,4,resnet,False,none,lr,1e-05,0.0001,32,11,0.1720,1.0122,1.0184,0.7209,0.5107,nan,nan,nan,nan,0
none,cage,5,4,resnet,False,none,lr,1e-05,0.0001,32,12,0.1411,2.0707,1.5516,0.8140,0.5143,nan,nan,nan,nan,0
none,cage,5,4,resnet,False,none,lr,1e-05,0.0001,32,13,0.1205,1.0747,1.0977,0.7442,0.5964,nan,nan,nan,nan,0
none,cage,5,4,resnet,False,none,lr,1e-05,0.0001,32,14,0.0913,1.2993,1.1852,0.7907,0.6321,nan,nan,nan,nan,0
none,cage,5,4,resnet,False,none,lr,1e-05,0.0001,32,15,0.0664,2.5864,1.8434,0.8140,0.5750,nan,nan,nan,nan,0
none,cage,5,4,resnet,False,none,lr,1e-05,0.0001,32,16,0.0528,1.1326,1.1917,0.7907,0.5821,nan,nan,nan,nan,0
none,cage,5,6,resnet,False,none,lr,1e-05,0.0001,32,1,0.7121,0.6974,0.6515,0.8537,0.4333,nan,nan,nan,nan,0
none,cage,5,6,resnet,False,none,lr,1e-05,0.0001,32,2,0.6782,0.7019,0.7317,0.2683,0.5762,nan,nan,nan,nan,0
none,cage,5,6,resnet,False,none,lr,1e-05,0.0001,32,3,0.6607,0.7128,0.6846,0.8537,0.4381,nan,nan,nan,nan,0
none,cage,5,6,resnet,False,none,lr,1e-05,0.0001,32,4,0.6297,0.6918,0.6933,0.8537,0.5000,nan,nan,nan,nan,0
none,cage,5,6,resnet,False,none,lr,1e-05,0.0001,32,5,0.5732,0.7029,0.6844,0.8049,0.5476,nan,nan,nan,nan,1
none,cage,5,6,resnet,False,none,lr,1e-05,0.0001,32,6,0.5099,0.8310,0.7208,0.8537,0.5524,nan,nan,nan,nan,1
none,cage,5,6,resnet,False,none,lr,1e-05,0.0001,32,7,0.4451,0.7272,0.8026,0.6585,0.5000,nan,nan,nan,nan,0
none,cage,5,6,resnet,False,none,lr,1e-05,0.0001,32,8,0.3808,0.7770,0.8874,0.7317,0.5286,nan,nan,nan,nan,0
none,cage,5,6,resnet,False,none,lr,1e-05,0.0001,32,9,0.3219,0.9211,0.7737,0.8780,0.5952,nan,nan,nan,nan,1
none,cage,5,6,resnet,False,none,lr,1e-05,0.0001,32,10,0.2615,0.9683,0.8412,0.8537,0.5524,nan,nan,nan,nan,0
none,cage,5,6,resnet,False,none,lr,1e-05,0.0001,32,11,0.2150,0.8082,1.0954,0.4390,0.6000,nan,nan,nan,nan,1
none,cage,5,6,resnet,False,none,lr,1e-05,0.0001,32,12,0.1640,1.3199,1.0646,0.8537,0.5095,nan,nan,nan,nan,0
none,cage,5,6,resnet,False,none,lr,1e-05,0.0001,32,13,0.1319,0.9450,0.9573,0.8049,0.5524,1.2362,1.1437,0.6500,0.3907,1
none,cage,5,6,resnet,False,none,lr,1e-05,0.0001,32,14,0.1294,1.5416,1.2218,0.8537,0.5238,nan,nan,nan,nan,0
none,cage,5,6,resnet,False,none,lr,1e-05,0.0001,32,15,0.0840,0.9585,1.0090,0.8293,0.5810,nan,nan,nan,nan,0
none,cage,5,6,resnet,False,none,lr,1e-05,0.0001,32,16,0.0640,1.4477,1.1605,0.8537,0.5667,nan,nan,nan,nan,0
none,cage,5,6,resnet,False,none,lr,1e-05,0.0001,32,17,0.0509,1.4673,1.1662,0.8537,0.5619,nan,nan,nan,nan,0
none,cage,5,6,resnet,False,none,lr,1e-05,0.0001,32,18,0.0460,1.6897,1.2872,0.8537,0.5952,nan,nan,nan,nan,0
none,cage,5,7,resnet,False,none,lr,1e-05,0.0001,32,1,0.7292,0.6884,0.6936,0.4773,0.5694,nan,nan,nan,nan,0
none,cage,5,7,resnet,False,none,lr,1e-05,0.0001,32,2,0.6895,0.7207,0.6324,0.8182,0.5312,nan,nan,nan,nan,0
none,cage,5,7,resnet,False,none,lr,1e-05,0.0001,32,3,0.6629,0.7250,0.6212,0.8182,0.5799,nan,nan,nan,nan,0
none,cage,5,7,resnet,False,none,lr,1e-05,0.0001,32,4,0.6505,0.6939,0.6624,0.8182,0.5312,nan,nan,nan,nan,0
none,cage,5,7,resnet,False,none,lr,1e-05,0.0001,32,5,0.6174,0.6804,0.7940,0.2727,0.6181,nan,nan,nan,nan,1
none,cage,5,7,resnet,False,none,lr,1e-05,0.0001,32,6,0.5518,0.6897,0.6557,0.7727,0.6840,nan,nan,nan,nan,1
none,cage,5,7,resnet,False,none,lr,1e-05,0.0001,32,7,0.4996,0.8051,0.6406,0.8182,0.6771,nan,nan,nan,nan,1
none,cage,5,7,resnet,False,none,lr,1e-05,0.0001,32,8,0.4163,0.6495,0.6853,0.8409,0.7604,nan,nan,nan,nan,1
none,cage,5,7,resnet,False,none,lr,1e-05,0.0001,32,9,0.3496,0.9220,0.7795,0.7955,0.6424,nan,nan,nan,nan,1
none,cage,5,7,resnet,False,none,lr,1e-05,0.0001,32,10,0.2940,0.7180,0.6993,0.8409,0.7500,nan,nan,nan,nan,1
none,cage,5,7,resnet,False,none,lr,1e-05,0.0001,32,11,0.2375,1.2635,0.8904,0.8182,0.7500,nan,nan,nan,nan,1
none,cage,5,7,resnet,False,none,lr,1e-05,0.0001,32,12,0.1937,1.1941,0.8182,0.8182,0.7222,nan,nan,nan,nan,1
none,cage,5,7,resnet,False,none,lr,1e-05,0.0001,32,13,0.1599,0.8967,0.8480,0.7955,0.7292,nan,nan,nan,nan,0
none,cage,5,7,resnet,False,none,lr,1e-05,0.0001,32,14,0.1416,1.3511,0.9527,0.8182,0.7882,nan,nan,nan,nan,1
none,cage,5,7,resnet,False,none,lr,1e-05,0.0001,32,15,0.0960,1.4061,0.9760,0.8182,0.8160,nan,nan,nan,nan,1
none,cage,5,7,resnet,False,none,lr,1e-05,0.0001,32,16,0.0853,1.4113,0.9837,0.8182,0.7812,nan,nan,nan,nan,1
none,cage,5,7,resnet,False,none,lr,1e-05,0.0001,32,17,0.0597,0.9746,0.9714,0.7955,0.7743,nan,nan,nan,nan,1
none,cage,5,7,resnet,False,none,lr,1e-05,0.0001,32,18,0.0458,1.6220,1.0392,0.8182,0.7778,2.6901,1.7825,0.7500,0.4337,1
none,cage,5,7,resnet,False,none,lr,1e-05,0.0001,32,19,0.0409,1.7836,1.1680,0.8182,0.7708,nan,nan,nan,nan,0
none,cage,5,7,resnet,False,none,lr,1e-05,0.0001,32,20,0.0372,1.5074,1.1769,0.8182,0.7396,nan,nan,nan,nan,0
none,cage,5,7,resnet,False,none,lr,1e-05,0.0001,32,21,0.0283,2.0298,1.2582,0.8182,0.7882,nan,nan,nan,nan,0
none,cage,5,7,resnet,False,none,lr,1e-05,0.0001,32,22,0.0360,1.5797,1.1715,0.8182,0.7951,nan,nan,nan,nan,0
none,cage,5,7,resnet,False,none,lr,1e-05,0.0001,32,23,0.0434,1.4392,1.1345,0.8182,0.8264,nan,nan,nan,nan,0
none,cage,5,8,resnet,False,none,lr,1e-05,0.0001,32,1,0.7137,0.6995,0.6821,0.5957,0.4679,nan,nan,nan,nan,0
none,cage,5,8,resnet,False,none,lr,1e-05,0.0001,32,2,0.6906,0.7044,0.6714,0.7021,0.4647,nan,nan,nan,nan,0
none,cage,5,8,resnet,False,none,lr,1e-05,0.0001,32,3,0.6621,0.7089,0.6627,0.7447,0.4840,nan,nan,nan,nan,0
none,cage,5,8,resnet,False,none,lr,1e-05,0.0001,32,4,0.6442,0.7083,0.7340,0.5532,0.5064,nan,nan,nan,nan,0
none,cage,5,8,resnet,False,none,lr,1e-05,0.0001,32,5,0.6080,0.7236,0.6863,0.6170,0.5160,nan,nan,nan,nan,1
none,cage,5,8,resnet,False,none,lr,1e-05,0.0001,32,6,0.5476,0.8106,0.6644,0.8085,0.5609,nan,nan,nan,nan,1
none,cage,5,8,resnet,False,none,lr,1e-05,0.0001,32,7,0.4847,0.9034,0.6948,0.7872,0.5256,nan,nan,nan,nan,1
none,cage,5,8,resnet,False,none,lr,1e-05,0.0001,32,8,0.4054,0.7784,0.7576,0.7872,0.5545,nan,nan,nan,nan,1
none,cage,5,8,resnet,False,none,lr,1e-05,0.0001,32,9,0.3328,0.7945,0.7655,0.6809,0.6250,nan,nan,nan,nan,1
none,cage,5,8,resnet,False,none,lr,1e-05,0.0001,32,10,0.2714,1.3120,0.9076,0.7872,0.5641,nan,nan,nan,nan,1
none,cage,5,8,resnet,False,none,lr,1e-05,0.0001,32,11,0.2205,1.2243,0.9133,0.8085,0.6282,nan,nan,nan,nan,1
none,cage,5,8,resnet,False,none,lr,1e-05,0.0001,32,12,0.1744,0.8945,0.9247,0.7660,0.6763,nan,nan,nan,nan,1
none,cage,5,8,resnet,False,none,lr,1e-05,0.0001,32,13,0.1438,1.3571,0.9980,0.8085,0.6987,nan,nan,nan,nan,1
none,cage,5,8,resnet,False,none,lr,1e-05,0.0001,32,14,0.1137,1.6248,1.1005,0.8085,0.6442,nan,nan,nan,nan,0
none,cage,5,8,resnet,False,none,lr,1e-05,0.0001,32,15,0.0937,1.4034,1.0883,0.7872,0.6923,1.9071,1.3250,0.7000,0.4803,1
none,cage,5,8,resnet,False,none,lr,1e-05,0.0001,32,16,0.0695,1.4078,1.2596,0.7447,0.5994,nan,nan,nan,nan,0
none,cage,5,8,resnet,False,none,lr,1e-05,0.0001,32,17,0.0703,1.4953,1.1774,0.8085,0.6603,nan,nan,nan,nan,0
none,cage,5,8,resnet,False,none,lr,1e-05,0.0001,32,18,0.0481,1.2670,1.1013,0.8085,0.6955,nan,nan,nan,nan,0
none,cage,5,8,resnet,False,none,lr,1e-05,0.0001,32,19,0.0393,1.4793,1.2306,0.7872,0.6987,nan,nan,nan,nan,0
none,cage,5,8,resnet,False,none,lr,1e-05,0.0001,32,20,0.0313,1.6712,1.3002,0.8085,0.6410,nan,nan,nan,nan,0
none,cage,5,9,resnet,False,none,lr,1e-05,0.0001,32,1,0.7154,0.6829,0.6793,0.7143,0.7205,nan,nan,nan,nan,0
none,cage,5,9,resnet,False,none,lr,1e-05,0.0001,32,2,0.6937,0.6966,0.6785,0.7619,0.5859,nan,nan,nan,nan,0
none,cage,5,9,resnet,False,none,lr,1e-05,0.0001,32,3,0.6605,0.7054,0.6799,0.6667,0.5859,nan,nan,nan,nan,0
none,cage,5,9,resnet,False,none,lr,1e-05,0.0001,32,4,0.6239,0.7390,0.6720,0.6429,0.5488,nan,nan,nan,nan,0
none,cage,5,9,resnet,False,none,lr,1e-05,0.0001,32,5,0.5619,0.7451,0.7505,0.6429,0.5084,0.7775,0.7267,0.6750,0.4265,1
none,cage,5,9,resnet,False,none,lr,1e-05,0.0001,32,6,0.4780,0.8078,0.8525,0.5714,0.4815,nan,nan,nan,nan,0
none,cage,5,9,resnet,False,none,lr,1e-05,0.0001,32,7,0.4074,0.7948,0.9896,0.6190,0.5623,nan,nan,nan,nan,0
none,cage,5,9,resnet,False,none,lr,1e-05,0.0001,32,8,0.3258,1.0494,0.9910,0.6190,0.5859,nan,nan,nan,nan,0
none,cage,5,9,resnet,False,none,lr,1e-05,0.0001,32,9,0.2546,1.2959,1.0916,0.6667,0.5926,nan,nan,nan,nan,0
none,cage,5,9,resnet,False,none,lr,1e-05,0.0001,32,10,0.2057,1.6523,1.4105,0.6667,0.4916,nan,nan,nan,nan,0
none,cage,5,9,resnet,False,none,lr,1e-05,0.0001,32,11,0.1558,1.6252,1.2982,0.6667,0.5960,nan,nan,nan,nan,0
none,cage,5,9,resnet,False,none,lr,1e-05,0.0001,32,12,0.1325,1.6009,1.2895,0.6905,0.5758,nan,nan,nan,nan,0
none,cage,5,9,resnet,False,none,lr,1e-05,0.0001,32,13,0.0990,1.5000,1.2930,0.6905,0.5724,nan,nan,nan,nan,0
none,cage,5,9,resnet,False,none,lr,1e-05,0.0001,32,14,0.0670,1.7171,1.4785,0.6667,0.5556,nan,nan,nan,nan,0
none,cage,5,9,resnet,False,none,lr,1e-05,0.0001,32,15,0.0512,1.5512,1.5563,0.6429,0.5051,nan,nan,nan,nan,0
none,cage,5,9,resnet,False,none,lr,1e-05,0.0001,32,16,0.0484,1.9740,1.6548,0.6905,0.4781,nan,nan,nan,nan,0
none,cage,6,0,resnet,False,none,lr,1e-05,0.0001,32,1,0.7153,0.7188,0.7443,0.2093,0.2579,nan,nan,nan,nan,0
none,cage,6,0,resnet,False,none,lr,1e-05,0.0001,32,2,0.6897,0.6948,0.6575,0.8372,0.5952,nan,nan,nan,nan,0
none,cage,6,0,resnet,False,none,lr,1e-05,0.0001,32,3,0.6727,0.7069,0.6603,0.8372,0.4841,nan,nan,nan,nan,0
none,cage,6,0,resnet,False,none,lr,1e-05,0.0001,32,4,0.6478,0.6766,0.6979,0.5349,0.6508,nan,nan,nan,nan,0
none,cage,6,0,resnet,False,none,lr,1e-05,0.0001,32,5,0.6147,0.6635,0.6118,0.7907,0.8135,nan,nan,nan,nan,1
none,cage,6,0,resnet,False,none,lr,1e-05,0.0001,32,6,0.5670,0.6216,0.7154,0.5349,0.8492,nan,nan,nan,nan,1
none,cage,6,0,resnet,False,none,lr,1e-05,0.0001,32,7,0.4926,0.6335,0.6980,0.8372,0.7222,nan,nan,nan,nan,1
none,cage,6,0,resnet,False,none,lr,1e-05,0.0001,32,8,0.4212,0.6926,0.6702,0.8140,0.7937,nan,nan,nan,nan,1
none,cage,6,0,resnet,False,none,lr,1e-05,0.0001,32,9,0.3642,0.6220,0.7569,0.8140,0.7659,0.8067,0.8324,0.8293,0.4905,1
none,cage,6,0,resnet,False,none,lr,1e-05,0.0001,32,10,0.2966,0.5930,0.8181,0.8372,0.7937,nan,nan,nan,nan,0
none,cage,6,0,resnet,False,none,lr,1e-05,0.0001,32,11,0.2439,0.8222,0.9075,0.8372,0.6667,nan,nan,nan,nan,0
none,cage,6,0,resnet,False,none,lr,1e-05,0.0001,32,12,0.1869,0.9074,0.8928,0.8140,0.7540,nan,nan,nan,nan,0
none,cage,6,0,resnet,False,none,lr,1e-05,0.0001,32,13,0.1627,0.9424,1.0032,0.8140,0.7222,nan,nan,nan,nan,0
none,cage,6,0,resnet,False,none,lr,1e-05,0.0001,32,14,0.1167,0.6811,0.9790,0.8372,0.7659,nan,nan,nan,nan,0
none,cage,6,0,resnet,False,none,lr,1e-05,0.0001,32,15,0.0997,1.3169,1.1445,0.8140,0.7421,nan,nan,nan,nan,0
none,cage,6,0,resnet,False,none,lr,1e-05,0.0001,32,16,0.0742,1.0971,1.0901,0.8140,0.8016,nan,nan,nan,nan,0
none,cage,6,1,resnet,False,none,lr,1e-05,0.0001,32,1,0.7217,0.6938,0.6615,0.8140,0.4881,nan,nan,nan,nan,0
none,cage,6,1,resnet,False,none,lr,1e-05,0.0001,32,2,0.6879,0.6859,0.6486,0.8372,0.5913,nan,nan,nan,nan,0
none,cage,6,1,resnet,False,none,lr,1e-05,0.0001,32,3,0.6681,0.6800,0.6647,0.7442,0.5992,nan,nan,nan,nan,0
none,cage,6,1,resnet,False,none,lr,1e-05,0.0001,32,4,0.6362,0.7295,0.6283,0.8372,0.4960,nan,nan,nan,nan,0
none,cage,6,1,resnet,False,none,lr,1e-05,0.0001,32,5,0.5872,0.6781,0.6586,0.7442,0.5556,nan,nan,nan,nan,1
none,cage,6,1,resnet,False,none,lr,1e-05,0.0001,32,6,0.5122,0.6437,0.7291,0.5814,0.6468,nan,nan,nan,nan,1
none,cage,6,1,resnet,False,none,lr,1e-05,0.0001,32,7,0.4465,0.7813,0.6648,0.8140,0.6071,nan,nan,nan,nan,0
none,cage,6,1,resnet,False,none,lr,1e-05,0.0001,32,8,0.3648,0.6766,0.7241,0.8140,0.6429,nan,nan,nan,nan,1
none,cage,6,1,resnet,False,none,lr,1e-05,0.0001,32,9,0.3002,0.7922,0.7504,0.8140,0.6111,nan,nan,nan,nan,1
none,cage,6,1,resnet,False,none,lr,1e-05,0.0001,32,10,0.2445,0.9300,0.7888,0.8140,0.6310,1.0577,0.9290,0.8049,0.5238,1
none,cage,6,1,resnet,False,none,lr,1e-05,0.0001,32,11,0.1887,1.1379,0.9001,0.8372,0.5437,nan,nan,nan,nan,0
none,cage,6,1,resnet,False,none,lr,1e-05,0.0001,32,12,0.1377,1.4064,0.9820,0.8372,0.5635,nan,nan,nan,nan,0
none,cage,6,1,resnet,False,none,lr,1e-05,0.0001,32,13,0.1137,1.0174,0.9435,0.8372,0.5952,nan,nan,nan,nan,0
none,cage,6,1,resnet,False,none,lr,1e-05,0.0001,32,14,0.0896,1.3035,1.0309,0.8372,0.6032,nan,nan,nan,nan,0
none,cage,6,1,resnet,False,none,lr,1e-05,0.0001,32,15,0.0694,1.4439,1.0891,0.8372,0.5873,nan,nan,nan,nan,0
none,cage,6,1,resnet,False,none,lr,1e-05,0.0001,32,16,0.0525,0.8735,0.9958,0.8605,0.6944,nan,nan,nan,nan,0
none,cage,6,2,resnet,False,none,lr,1e-05,0.0001,32,1,0.7091,0.7025,0.7281,0.1905,0.4081,nan,nan,nan,nan,0
none,cage,6,2,resnet,False,none,lr,1e-05,0.0001,32,2,0.6901,0.7024,0.6959,0.5476,0.5037,nan,nan,nan,nan,0
none,cage,6,2,resnet,False,none,lr,1e-05,0.0001,32,3,0.6782,0.6839,0.7037,0.6667,0.5662,nan,nan,nan,nan,0
none,cage,6,2,resnet,False,none,lr,1e-05,0.0001,32,4,0.6504,0.6938,0.6679,0.7381,0.6140,nan,nan,nan,nan,0
none,cage,6,2,resnet,False,none,lr,1e-05,0.0001,32,5,0.6171,0.7408,0.6467,0.7619,0.5551,nan,nan,nan,nan,1
none,cage,6,2,resnet,False,none,lr,1e-05,0.0001,32,6,0.5544,0.7034,0.6830,0.7381,0.6140,nan,nan,nan,nan,1
none,cage,6,2,resnet,False,none,lr,1e-05,0.0001,32,7,0.5008,0.7496,0.7415,0.6190,0.4559,nan,nan,nan,nan,0
none,cage,6,2,resnet,False,none,lr,1e-05,0.0001,32,8,0.4464,0.7020,0.8242,0.5476,0.5588,nan,nan,nan,nan,0
none,cage,6,2,resnet,False,none,lr,1e-05,0.0001,32,9,0.3698,0.8431,0.7345,0.8095,0.6691,nan,nan,nan,nan,0
none,cage,6,2,resnet,False,none,lr,1e-05,0.0001,32,10,0.3198,0.7524,0.8870,0.6667,0.5919,nan,nan,nan,nan,1
none,cage,6,2,resnet,False,none,lr,1e-05,0.0001,32,11,0.2647,0.8724,0.9065,0.7619,0.5772,nan,nan,nan,nan,0
none,cage,6,2,resnet,False,none,lr,1e-05,0.0001,32,12,0.2040,1.4271,0.9962,0.8095,0.6324,nan,nan,nan,nan,1
none,cage,6,2,resnet,False,none,lr,1e-05,0.0001,32,13,0.1713,1.5588,1.0462,0.8095,0.5882,1.5415,1.1930,0.8537,0.4429,1
none,cage,6,2,resnet,False,none,lr,1e-05,0.0001,32,14,0.1353,1.2604,1.0243,0.7619,0.5735,nan,nan,nan,nan,0
none,cage,6,2,resnet,False,none,lr,1e-05,0.0001,32,15,0.1138,0.9864,1.1448,0.6905,0.5699,nan,nan,nan,nan,0
none,cage,6,2,resnet,False,none,lr,1e-05,0.0001,32,16,0.0908,1.1231,1.0770,0.7381,0.6287,nan,nan,nan,nan,0
none,cage,6,2,resnet,False,none,lr,1e-05,0.0001,32,17,0.0663,1.4600,1.1517,0.7619,0.6213,nan,nan,nan,nan,0
none,cage,6,2,resnet,False,none,lr,1e-05,0.0001,32,18,0.0609,1.6307,1.2051,0.8095,0.6618,nan,nan,nan,nan,0
none,cage,6,3,resnet,False,none,lr,1e-05,0.0001,32,1,0.7150,0.6984,0.6287,0.8333,0.5633,nan,nan,nan,nan,0
none,cage,6,3,resnet,False,none,lr,1e-05,0.0001,32,2,0.6905,0.7011,0.6958,0.5714,0.4531,nan,nan,nan,nan,0
none,cage,6,3,resnet,False,none,lr,1e-05,0.0001,32,3,0.6678,0.6869,0.6443,0.7381,0.6122,nan,nan,nan,nan,0
none,cage,6,3,resnet,False,none,lr,1e-05,0.0001,32,4,0.6400,0.7053,0.6895,0.7143,0.4857,nan,nan,nan,nan,0
none,cage,6,3,resnet,False,none,lr,1e-05,0.0001,32,5,0.5940,0.7029,0.8434,0.3095,0.5347,nan,nan,nan,nan,1
none,cage,6,3,resnet,False,none,lr,1e-05,0.0001,32,6,0.5350,0.6721,0.6494,0.7619,0.7061,nan,nan,nan,nan,1
none,cage,6,3,resnet,False,none,lr,1e-05,0.0001,32,7,0.4545,0.6238,0.8199,0.6190,0.7061,nan,nan,nan,nan,1
none,cage,6,3,resnet,False,none,lr,1e-05,0.0001,32,8,0.3769,0.6019,0.7805,0.7619,0.7714,nan,nan,nan,nan,1
none,cage,6,3,resnet,False,none,lr,1e-05,0.0001,32,9,0.3064,0.8522,0.7419,0.8333,0.8041,nan,nan,nan,nan,1
none,cage,6,3,resnet,False,none,lr,1e-05,0.0001,32,10,0.2341,0.8979,0.7869,0.8333,0.7224,1.1457,0.9715,0.8537,0.5524,1
none,cage,6,3,resnet,False,none,lr,1e-05,0.0001,32,11,0.1876,0.6390,0.9690,0.7619,0.7102,nan,nan,nan,nan,0
none,cage,6,3,resnet,False,none,lr,1e-05,0.0001,32,12,0.1378,1.0266,0.9492,0.8333,0.6980,nan,nan,nan,nan,0
none,cage,6,3,resnet,False,none,lr,1e-05,0.0001,32,13,0.1164,0.9164,1.0110,0.7619,0.6694,nan,nan,nan,nan,0
none,cage,6,3,resnet,False,none,lr,1e-05,0.0001,32,14,0.0732,0.8402,1.0700,0.7381,0.6694,nan,nan,nan,nan,0
none,cage,6,3,resnet,False,none,lr,1e-05,0.0001,32,15,0.0670,1.6827,1.2144,0.8333,0.6816,nan,nan,nan,nan,0
none,cage,6,3,resnet,False,none,lr,1e-05,0.0001,32,16,0.0549,1.4453,1.2371,0.8333,0.6490,nan,nan,nan,nan,0
none,cage,6,4,resnet,False,none,lr,1e-05,0.0001,32,1,0.7110,0.6816,0.7205,0.1860,0.7250,nan,nan,nan,nan,0
none,cage,6,4,resnet,False,none,lr,1e-05,0.0001,32,2,0.6866,0.6896,0.6733,0.6744,0.6286,nan,nan,nan,nan,0
none,cage,6,4,resnet,False,none,lr,1e-05,0.0001,32,3,0.6600,0.7410,0.6990,0.7674,0.4750,nan,nan,nan,nan,0
none,cage,6,4,resnet,False,none,lr,1e-05,0.0001,32,4,0.6318,0.6685,0.6668,0.6512,0.6643,nan,nan,nan,nan,0
none,cage,6,4,resnet,False,none,lr,1e-05,0.0001,32,5,0.5722,0.9650,0.8336,0.7907,0.5143,nan,nan,nan,nan,1
none,cage,6,4,resnet,False,none,lr,1e-05,0.0001,32,6,0.4976,0.9487,0.8396,0.7907,0.5250,nan,nan,nan,nan,0
none,cage,6,4,resnet,False,none,lr,1e-05,0.0001,32,7,0.4218,0.9483,0.8507,0.7674,0.5679,nan,nan,nan,nan,0
none,cage,6,4,resnet,False,none,lr,1e-05,0.0001,32,8,0.3493,0.9571,0.8862,0.7674,0.5679,nan,nan,nan,nan,0
none,cage,6,4,resnet,False,none,lr,1e-05,0.0001,32,9,0.2935,0.8364,0.8873,0.7674,0.6214,nan,nan,nan,nan,0
none,cage,6,4,resnet,False,none,lr,1e-05,0.0001,32,10,0.2179,1.3937,1.2187,0.8140,0.5179,nan,nan,nan,nan,0
none,cage,6,4,resnet,False,none,lr,1e-05,0.0001,32,11,0.1812,0.7360,1.0369,0.6977,0.6536,nan,nan,nan,nan,0
none,cage,6,4,resnet,False,none,lr,1e-05,0.0001,32,12,0.1386,0.9463,1.0421,0.7907,0.5714,nan,nan,nan,nan,0
none,cage,6,4,resnet,False,none,lr,1e-05,0.0001,32,13,0.1046,1.0561,1.1074,0.7907,0.6500,nan,nan,nan,nan,0
none,cage,6,4,resnet,False,none,lr,1e-05,0.0001,32,14,0.0913,1.2870,1.2451,0.7907,0.6107,nan,nan,nan,nan,0
none,cage,6,4,resnet,False,none,lr,1e-05,0.0001,32,15,0.0641,1.2918,1.2545,0.7907,0.5857,nan,nan,nan,nan,1
none,cage,6,4,resnet,False,none,lr,1e-05,0.0001,32,16,0.0501,1.7013,1.4573,0.8140,0.5821,nan,nan,nan,nan,0
none,cage,6,4,resnet,False,none,lr,1e-05,0.0001,32,17,0.0454,1.4815,1.4093,0.8140,0.6393,nan,nan,nan,nan,0
none,cage,6,4,resnet,False,none,lr,1e-05,0.0001,32,18,0.0408,1.2741,1.3635,0.7907,0.6357,nan,nan,nan,nan,0
none,cage,6,4,resnet,False,none,lr,1e-05,0.0001,32,19,0.0400,1.1592,1.3305,0.7674,0.6536,nan,nan,nan,nan,0
none,cage,6,4,resnet,False,none,lr,1e-05,0.0001,32,20,0.0235,1.7261,1.5439,0.8140,0.6536,nan,nan,nan,nan,1
none,cage,6,4,resnet,False,none,lr,1e-05,0.0001,32,21,0.0283,2.2508,1.8037,0.8140,0.6429,2.1048,1.5451,0.8537,0.5476,1
none,cage,6,4,resnet,False,none,lr,1e-05,0.0001,32,22,0.0193,1.7582,1.6030,0.8140,0.6036,nan,nan,nan,nan,0
none,cage,6,4,resnet,False,none,lr,1e-05,0.0001,32,23,0.0130,2.2754,1.8785,0.8140,0.5857,nan,nan,nan,nan,0
none,cage,6,4,resnet,False,none,lr,1e-05,0.0001,32,24,0.0300,1.3916,1.4929,0.7907,0.6179,nan,nan,nan,nan,0
none,cage,6,4,resnet,False,none,lr,1e-05,0.0001,32,25,0.0341,2.1858,1.9009,0.8140,0.5821,nan,nan,nan,nan,0
none,cage,6,4,resnet,False,none,lr,1e-05,0.0001,32,26,0.0371,1.5147,1.5640,0.7674,0.5786,nan,nan,nan,nan,0
none,cage,6,5,resnet,False,none,lr,1e-05,0.0001,32,1,0.7158,0.7748,0.6642,0.7750,0.4659,nan,nan,nan,nan,0
none,cage,6,5,resnet,False,none,lr,1e-05,0.0001,32,2,0.6926,0.7073,0.6918,0.6000,0.4803,nan,nan,nan,nan,0
none,cage,6,5,resnet,False,none,lr,1e-05,0.0001,32,3,0.6682,0.7226,0.6781,0.7500,0.4767,nan,nan,nan,nan,0
none,cage,6,5,resnet,False,none,lr,1e-05,0.0001,32,4,0.6422,0.7139,0.6982,0.6250,0.4624,nan,nan,nan,nan,0
none,cage,6,5,resnet,False,none,lr,1e-05,0.0001,32,5,0.5917,0.8050,0.7135,0.7500,0.5054,nan,nan,nan,nan,1
none,cage,6,5,resnet,False,none,lr,1e-05,0.0001,32,6,0.5418,0.7414,0.7286,0.5750,0.4875,nan,nan,nan,nan,0
none,cage,6,5,resnet,False,none,lr,1e-05,0.0001,32,7,0.4821,0.9042,0.8223,0.7000,0.4086,nan,nan,nan,nan,0
none,cage,6,5,resnet,False,none,lr,1e-05,0.0001,32,8,0.4141,0.8886,0.8500,0.6750,0.5520,nan,nan,nan,nan,1
none,cage,6,5,resnet,False,none,lr,1e-05,0.0001,32,9,0.3524,0.8252,0.8354,0.6750,0.5663,0.8092,0.8342,0.8293,0.5952,1
none,cage,6,5,resnet,False,none,lr,1e-05,0.0001,32,10,0.2977,1.1208,0.9903,0.7250,0.3907,nan,nan,nan,nan,0
none,cage,6,5,resnet,False,none,lr,1e-05,0.0001,32,11,0.2413,1.0577,0.9951,0.7000,0.4480,nan,nan,nan,nan,0
none,cage,6,5,resnet,False,none,lr,1e-05,0.0001,32,12,0.1998,1.4943,1.1940,0.7500,0.4659,nan,nan,nan,nan,0
none,cage,6,5,resnet,False,none,lr,1e-05,0.0001,32,13,0.1499,1.0655,1.0796,0.6750,0.4588,nan,nan,nan,nan,0
none,cage,6,5,resnet,False,none,lr,1e-05,0.0001,32,14,0.1160,1.5263,1.2616,0.7500,0.3978,nan,nan,nan,nan,0
none,cage,6,5,resnet,False,none,lr,1e-05,0.0001,32,15,0.1001,2.3232,1.6417,0.7750,0.3405,nan,nan,nan,nan,0
none,cage,6,5,resnet,False,none,lr,1e-05,0.0001,32,16,0.0788,1.7903,1.3923,0.7500,0.4337,nan,nan,nan,nan,0
