fusion,dataset,test_set,dev_set,arch,use_pretrained,augmentation,speech_encoder_arch,lr,wd,batch_size,epoch,train_loss,dev_loss_patient,dev_loss_cough,dev_acc,dev_auc,test_loss_patient,test_loss_cough,test_acc,test_auc,is_best
early,cage,0,1,resnet,False,solarisation,lr,1e-05,0.0001,32,1,0.7128,0.6870,0.6869,0.6512,0.6151,nan,nan,nan,nan,0
early,cage,0,1,resnet,False,solarisation,lr,1e-05,0.0001,32,2,0.6767,0.6832,0.6710,0.6279,0.6230,nan,nan,nan,nan,0
early,cage,0,1,resnet,False,solarisation,lr,1e-05,0.0001,32,3,0.6436,0.6673,0.6770,0.5814,0.6746,nan,nan,nan,nan,0
early,cage,0,1,resnet,False,solarisation,lr,1e-05,0.0001,32,4,0.5929,0.6798,0.6176,0.7907,0.6548,nan,nan,nan,nan,0
early,cage,0,1,resnet,False,solarisation,lr,1e-05,0.0001,32,5,0.4926,0.7198,0.6055,0.8140,0.7143,nan,nan,nan,nan,1
early,cage,0,1,resnet,False,solarisation,lr,1e-05,0.0001,32,6,0.3686,1.0026,0.7093,0.8372,0.5992,nan,nan,nan,nan,0
early,cage,0,1,resnet,False,solarisation,lr,1e-05,0.0001,32,7,0.2376,1.3560,0.8650,0.8372,0.5952,nan,nan,nan,nan,0
early,cage,0,1,resnet,False,solarisation,lr,1e-05,0.0001,32,8,0.1426,0.8413,0.8371,0.8140,0.6706,nan,nan,nan,nan,0
early,cage,0,1,resnet,False,solarisation,lr,1e-05,0.0001,32,9,0.0893,1.3262,0.9547,0.8372,0.6468,nan,nan,nan,nan,0
early,cage,0,1,resnet,False,solarisation,lr,1e-05,0.0001,32,10,0.0600,1.2768,0.9301,0.8372,0.6627,nan,nan,nan,nan,0
early,cage,0,1,resnet,False,solarisation,lr,1e-05,0.0001,32,11,0.0401,0.8980,0.9490,0.7907,0.6984,nan,nan,nan,nan,0
early,cage,0,1,resnet,False,solarisation,lr,1e-05,0.0001,32,12,0.0251,1.5042,1.0303,0.8372,0.6786,1.4557,1.1538,0.8372,0.6548,1
early,cage,0,1,resnet,False,solarisation,lr,1e-05,0.0001,32,13,0.0211,1.5617,1.0689,0.8372,0.6706,nan,nan,nan,nan,0
early,cage,0,1,resnet,False,solarisation,lr,1e-05,0.0001,32,14,0.0163,1.5517,1.1398,0.8372,0.6548,nan,nan,nan,nan,0
early,cage,0,1,resnet,False,solarisation,lr,1e-05,0.0001,32,15,0.0133,2.1490,1.3351,0.8372,0.5952,nan,nan,nan,nan,0
early,cage,0,1,resnet,False,solarisation,lr,1e-05,0.0001,32,16,0.0336,2.0571,1.2564,0.8372,0.6111,nan,nan,nan,nan,0
early,cage,0,1,resnet,False,solarisation,lr,1e-05,0.0001,32,17,0.0189,1.3381,1.1386,0.8140,0.6389,nan,nan,nan,nan,0
early,cage,0,2,resnet,False,solarisation,lr,1e-05,0.0001,32,1,0.7096,0.6797,0.7015,0.2619,0.7831,nan,nan,nan,nan,0
early,cage,0,2,resnet,False,solarisation,lr,1e-05,0.0001,32,2,0.6767,0.6647,0.6749,0.5952,0.7206,nan,nan,nan,nan,0
early,cage,0,2,resnet,False,solarisation,lr,1e-05,0.0001,32,3,0.6470,0.6473,0.7245,0.5238,0.6985,nan,nan,nan,nan,0
early,cage,0,2,resnet,False,solarisation,lr,1e-05,0.0001,32,4,0.5931,0.6507,0.7643,0.3095,0.7390,nan,nan,nan,nan,0
early,cage,0,2,resnet,False,solarisation,lr,1e-05,0.0001,32,5,0.5127,0.6884,0.8644,0.2381,0.6654,0.7483,0.8834,0.2093,0.5079,1
early,cage,0,2,resnet,False,solarisation,lr,1e-05,0.0001,32,6,0.3800,0.6701,0.8103,0.5714,0.6507,nan,nan,nan,nan,0
early,cage,0,2,resnet,False,solarisation,lr,1e-05,0.0001,32,7,0.2524,0.9280,0.8000,0.8095,0.6324,nan,nan,nan,nan,0
early,cage,0,2,resnet,False,solarisation,lr,1e-05,0.0001,32,8,0.1527,1.0339,0.8748,0.7857,0.5662,nan,nan,nan,nan,0
early,cage,0,2,resnet,False,solarisation,lr,1e-05,0.0001,32,9,0.1010,2.0348,1.2325,0.8095,0.5515,nan,nan,nan,nan,0
early,cage,0,2,resnet,False,solarisation,lr,1e-05,0.0001,32,10,0.0679,1.3544,1.0420,0.7857,0.5625,nan,nan,nan,nan,0
early,cage,0,2,resnet,False,solarisation,lr,1e-05,0.0001,32,11,0.0452,1.5151,1.0862,0.7857,0.5699,nan,nan,nan,nan,0
early,cage,0,2,resnet,False,solarisation,lr,1e-05,0.0001,32,12,0.0360,1.8681,1.2139,0.8095,0.6140,nan,nan,nan,nan,0
early,cage,0,2,resnet,False,solarisation,lr,1e-05,0.0001,32,13,0.0225,1.4997,1.1344,0.7857,0.5735,nan,nan,nan,nan,0
early,cage,0,2,resnet,False,solarisation,lr,1e-05,0.0001,32,14,0.0189,1.5972,1.1660,0.8095,0.6140,nan,nan,nan,nan,0
early,cage,0,2,resnet,False,solarisation,lr,1e-05,0.0001,32,15,0.0158,2.0677,1.3521,0.8095,0.6250,nan,nan,nan,nan,0
early,cage,0,2,resnet,False,solarisation,lr,1e-05,0.0001,32,16,0.0214,1.4856,1.2453,0.7857,0.6103,nan,nan,nan,nan,0
early,cage,0,3,resnet,False,solarisation,lr,1e-05,0.0001,32,1,0.7134,0.6837,0.6674,0.7857,0.6408,nan,nan,nan,nan,0
early,cage,0,3,resnet,False,solarisation,lr,1e-05,0.0001,32,2,0.6786,0.6888,0.7303,0.1905,0.6041,nan,nan,nan,nan,0
early,cage,0,3,resnet,False,solarisation,lr,1e-05,0.0001,32,3,0.6367,0.7324,0.8274,0.1667,0.5265,nan,nan,nan,nan,0
early,cage,0,3,resnet,False,solarisation,lr,1e-05,0.0001,32,4,0.5809,0.6981,0.7646,0.3333,0.5714,nan,nan,nan,nan,0
early,cage,0,3,resnet,False,solarisation,lr,1e-05,0.0001,32,5,0.4918,0.8263,1.0558,0.1667,0.4857,0.8468,1.0631,0.2093,0.4921,1
early,cage,0,3,resnet,False,solarisation,lr,1e-05,0.0001,32,6,0.3396,0.8995,0.8395,0.7381,0.4816,nan,nan,nan,nan,0
early,cage,0,3,resnet,False,solarisation,lr,1e-05,0.0001,32,7,0.2210,1.0259,0.9325,0.7857,0.4571,nan,nan,nan,nan,0
early,cage,0,3,resnet,False,solarisation,lr,1e-05,0.0001,32,8,0.1198,1.1875,1.1143,0.7619,0.4980,nan,nan,nan,nan,0
early,cage,0,3,resnet,False,solarisation,lr,1e-05,0.0001,32,9,0.0802,1.4164,1.2227,0.7857,0.4000,nan,nan,nan,nan,0
early,cage,0,3,resnet,False,solarisation,lr,1e-05,0.0001,32,10,0.0497,1.3825,1.3457,0.7619,0.4776,nan,nan,nan,nan,0
early,cage,0,3,resnet,False,solarisation,lr,1e-05,0.0001,32,11,0.0386,2.2400,1.5726,0.8333,0.4612,nan,nan,nan,nan,0
early,cage,0,3,resnet,False,solarisation,lr,1e-05,0.0001,32,12,0.0261,1.7936,1.4732,0.7857,0.4286,nan,nan,nan,nan,0
early,cage,0,3,resnet,False,solarisation,lr,1e-05,0.0001,32,13,0.0186,1.7494,1.4857,0.7857,0.4612,nan,nan,nan,nan,0
early,cage,0,3,resnet,False,solarisation,lr,1e-05,0.0001,32,14,0.0203,1.0784,1.5457,0.6429,0.4286,nan,nan,nan,nan,0
early,cage,0,3,resnet,False,solarisation,lr,1e-05,0.0001,32,15,0.0403,1.6910,1.5161,0.7619,0.3959,nan,nan,nan,nan,0
early,cage,0,3,resnet,False,solarisation,lr,1e-05,0.0001,32,16,0.0179,2.1685,1.6548,0.8333,0.4408,nan,nan,nan,nan,0
early,cage,0,4,resnet,False,solarisation,lr,1e-05,0.0001,32,1,0.7138,0.6939,0.6702,0.8140,0.6429,nan,nan,nan,nan,0
early,cage,0,4,resnet,False,solarisation,lr,1e-05,0.0001,32,2,0.6705,0.6850,0.7011,0.5349,0.6036,nan,nan,nan,nan,0
early,cage,0,4,resnet,False,solarisation,lr,1e-05,0.0001,32,3,0.6373,0.6756,0.6980,0.4884,0.6071,nan,nan,nan,nan,0
early,cage,0,4,resnet,False,solarisation,lr,1e-05,0.0001,32,4,0.5798,0.6942,0.7292,0.4884,0.5429,nan,nan,nan,nan,0
early,cage,0,4,resnet,False,solarisation,lr,1e-05,0.0001,32,5,0.4678,1.1155,0.9440,0.8140,0.3893,1.1775,0.8541,0.8372,0.4087,1
early,cage,0,4,resnet,False,solarisation,lr,1e-05,0.0001,32,6,0.3288,0.7625,0.9202,0.6744,0.4607,nan,nan,nan,nan,0
early,cage,0,4,resnet,False,solarisation,lr,1e-05,0.0001,32,7,0.2034,0.8985,1.0279,0.7674,0.4393,nan,nan,nan,nan,0
early,cage,0,4,resnet,False,solarisation,lr,1e-05,0.0001,32,8,0.1301,0.9022,1.1204,0.6977,0.4286,nan,nan,nan,nan,0
early,cage,0,4,resnet,False,solarisation,lr,1e-05,0.0001,32,9,0.0780,1.4719,1.3800,0.8140,0.4500,nan,nan,nan,nan,0
early,cage,0,4,resnet,False,solarisation,lr,1e-05,0.0001,32,10,0.0575,1.6934,1.5141,0.8140,0.4071,nan,nan,nan,nan,0
early,cage,0,4,resnet,False,solarisation,lr,1e-05,0.0001,32,11,0.0377,1.1446,1.3626,0.7907,0.5143,nan,nan,nan,nan,0
early,cage,0,4,resnet,False,solarisation,lr,1e-05,0.0001,32,12,0.0315,2.2945,1.8895,0.8140,0.3964,nan,nan,nan,nan,0
early,cage,0,4,resnet,False,solarisation,lr,1e-05,0.0001,32,13,0.0235,1.7383,1.6770,0.8140,0.4393,nan,nan,nan,nan,0
early,cage,0,4,resnet,False,solarisation,lr,1e-05,0.0001,32,14,0.0168,1.5829,1.5647,0.8140,0.4893,nan,nan,nan,nan,0
early,cage,0,4,resnet,False,solarisation,lr,1e-05,0.0001,32,15,0.0129,1.0954,1.5089,0.7442,0.4750,nan,nan,nan,nan,0
early,cage,0,4,resnet,False,solarisation,lr,1e-05,0.0001,32,16,0.0117,1.3539,1.5777,0.7674,0.4964,nan,nan,nan,nan,0
early,cage,0,5,resnet,False,solarisation,lr,1e-05,0.0001,32,1,0.7084,0.6988,0.6771,0.6500,0.6308,nan,nan,nan,nan,0
early,cage,0,5,resnet,False,solarisation,lr,1e-05,0.0001,32,2,0.6853,0.7222,0.6839,0.6500,0.4229,nan,nan,nan,nan,0
early,cage,0,5,resnet,False,solarisation,lr,1e-05,0.0001,32,3,0.6360,0.7740,0.6869,0.7500,0.3656,nan,nan,nan,nan,0
early,cage,0,5,resnet,False,solarisation,lr,1e-05,0.0001,32,4,0.5768,0.8987,0.7641,0.7500,0.2581,nan,nan,nan,nan,0
early,cage,0,5,resnet,False,solarisation,lr,1e-05,0.0001,32,5,0.4863,1.0154,0.8360,0.7750,0.4731,nan,nan,nan,nan,1
early,cage,0,5,resnet,False,solarisation,lr,1e-05,0.0001,32,6,0.3529,1.1898,0.9760,0.7750,0.4839,nan,nan,nan,nan,0
early,cage,0,5,resnet,False,solarisation,lr,1e-05,0.0001,32,7,0.2304,2.5994,1.6659,0.7750,0.4588,nan,nan,nan,nan,0
early,cage,0,5,resnet,False,solarisation,lr,1e-05,0.0001,32,8,0.1477,2.2321,1.5330,0.7750,0.4014,nan,nan,nan,nan,0
early,cage,0,5,resnet,False,solarisation,lr,1e-05,0.0001,32,9,0.0933,2.3293,1.5617,0.7750,0.5878,nan,nan,nan,nan,1
early,cage,0,5,resnet,False,solarisation,lr,1e-05,0.0001,32,10,0.0622,2.3254,1.5745,0.7750,0.5054,nan,nan,nan,nan,1
early,cage,0,5,resnet,False,solarisation,lr,1e-05,0.0001,32,11,0.0441,3.2862,2.1019,0.7750,0.5663,nan,nan,nan,nan,1
early,cage,0,5,resnet,False,solarisation,lr,1e-05,0.0001,32,12,0.0351,3.3396,2.1305,0.7750,0.5233,nan,nan,nan,nan,1
early,cage,0,5,resnet,False,solarisation,lr,1e-05,0.0001,32,13,0.0260,3.4558,2.2041,0.7750,0.5054,2.6587,1.7131,0.8372,0.7619,1
early,cage,0,5,resnet,False,solarisation,lr,1e-05,0.0001,32,14,0.0182,4.6586,2.9118,0.7750,0.4875,nan,nan,nan,nan,0
early,cage,0,5,resnet,False,solarisation,lr,1e-05,0.0001,32,15,0.0171,3.0807,2.0455,0.7750,0.4588,nan,nan,nan,nan,0
early,cage,0,5,resnet,False,solarisation,lr,1e-05,0.0001,32,16,0.0190,2.6623,1.8014,0.7750,0.6022,nan,nan,nan,nan,0
early,cage,0,5,resnet,False,solarisation,lr,1e-05,0.0001,32,17,0.0151,3.0863,2.0547,0.7750,0.5556,nan,nan,nan,nan,0
early,cage,0,5,resnet,False,solarisation,lr,1e-05,0.0001,32,18,0.0127,3.6494,2.3317,0.7750,0.5484,nan,nan,nan,nan,0
early,cage,0,6,resnet,False,solarisation,lr,1e-05,0.0001,32,1,0.7098,0.6911,0.6811,0.7073,0.5238,nan,nan,nan,nan,0
early,cage,0,6,resnet,False,solarisation,lr,1e-05,0.0001,32,2,0.6785,0.7017,0.6966,0.6829,0.4381,nan,nan,nan,nan,0
early,cage,0,6,resnet,False,solarisation,lr,1e-05,0.0001,32,3,0.6327,0.6969,0.6837,0.6098,0.5143,nan,nan,nan,nan,0
early,cage,0,6,resnet,False,solarisation,lr,1e-05,0.0001,32,4,0.5685,0.7125,0.7358,0.5122,0.4429,nan,nan,nan,nan,0
early,cage,0,6,resnet,False,solarisation,lr,1e-05,0.0001,32,5,0.4961,0.9756,0.7728,0.8537,0.3381,0.8941,0.7003,0.8372,0.5635,1
early,cage,0,6,resnet,False,solarisation,lr,1e-05,0.0001,32,6,0.3625,1.7120,1.1954,0.8537,0.2857,nan,nan,nan,nan,0
early,cage,0,6,resnet,False,solarisation,lr,1e-05,0.0001,32,7,0.2419,0.9268,0.9835,0.7073,0.2905,nan,nan,nan,nan,0
early,cage,0,6,resnet,False,solarisation,lr,1e-05,0.0001,32,8,0.1430,2.5843,1.7327,0.8537,0.3381,nan,nan,nan,nan,0
early,cage,0,6,resnet,False,solarisation,lr,1e-05,0.0001,32,9,0.0966,2.3416,1.6280,0.8537,0.2381,nan,nan,nan,nan,0
early,cage,0,6,resnet,False,solarisation,lr,1e-05,0.0001,32,10,0.0648,1.7910,1.4843,0.8293,0.2619,nan,nan,nan,nan,0
early,cage,0,6,resnet,False,solarisation,lr,1e-05,0.0001,32,11,0.0433,2.1934,1.6003,0.8537,0.2619,nan,nan,nan,nan,0
early,cage,0,6,resnet,False,solarisation,lr,1e-05,0.0001,32,12,0.0314,1.7868,1.4926,0.8537,0.2333,nan,nan,nan,nan,0
early,cage,0,6,resnet,False,solarisation,lr,1e-05,0.0001,32,13,0.0267,2.3439,1.7708,0.8537,0.2857,nan,nan,nan,nan,0
early,cage,0,6,resnet,False,solarisation,lr,1e-05,0.0001,32,14,0.0192,2.8284,1.9677,0.8537,0.2810,nan,nan,nan,nan,0
early,cage,0,6,resnet,False,solarisation,lr,1e-05,0.0001,32,15,0.0187,2.0416,1.6941,0.8537,0.2857,nan,nan,nan,nan,0
early,cage,0,6,resnet,False,solarisation,lr,1e-05,0.0001,32,16,0.0116,2.1116,1.7072,0.8537,0.3190,nan,nan,nan,nan,0
early,cage,0,7,resnet,False,solarisation,lr,1e-05,0.0001,32,1,0.7046,0.7015,0.7477,0.2955,0.5208,nan,nan,nan,nan,0
early,cage,0,7,resnet,False,solarisation,lr,1e-05,0.0001,32,2,0.6701,0.6989,0.6725,0.6818,0.5590,nan,nan,nan,nan,0
early,cage,0,7,resnet,False,solarisation,lr,1e-05,0.0001,32,3,0.6309,0.7263,0.7198,0.6818,0.5694,nan,nan,nan,nan,0
early,cage,0,7,resnet,False,solarisation,lr,1e-05,0.0001,32,4,0.5684,0.8538,0.6786,0.8182,0.5243,nan,nan,nan,nan,0
early,cage,0,7,resnet,False,solarisation,lr,1e-05,0.0001,32,5,0.4856,0.8269,0.6863,0.8409,0.5347,0.8437,0.7708,0.7674,0.4048,1
early,cage,0,7,resnet,False,solarisation,lr,1e-05,0.0001,32,6,0.3657,1.1816,0.7986,0.8182,0.5243,nan,nan,nan,nan,0
early,cage,0,7,resnet,False,solarisation,lr,1e-05,0.0001,32,7,0.2377,1.5824,0.9654,0.8182,0.5278,nan,nan,nan,nan,0
early,cage,0,7,resnet,False,solarisation,lr,1e-05,0.0001,32,8,0.1553,1.0012,0.9448,0.7955,0.5104,nan,nan,nan,nan,0
early,cage,0,7,resnet,False,solarisation,lr,1e-05,0.0001,32,9,0.0911,1.4084,1.0346,0.8182,0.4826,nan,nan,nan,nan,0
early,cage,0,7,resnet,False,solarisation,lr,1e-05,0.0001,32,10,0.0645,1.8463,1.1787,0.8182,0.4757,nan,nan,nan,nan,0
early,cage,0,7,resnet,False,solarisation,lr,1e-05,0.0001,32,11,0.0424,2.4970,1.4270,0.8182,0.5035,nan,nan,nan,nan,0
early,cage,0,7,resnet,False,solarisation,lr,1e-05,0.0001,32,12,0.0357,1.7488,1.2076,0.8182,0.4896,nan,nan,nan,nan,0
early,cage,0,7,resnet,False,solarisation,lr,1e-05,0.0001,32,13,0.0247,2.9025,1.5993,0.8182,0.4826,nan,nan,nan,nan,0
early,cage,0,7,resnet,False,solarisation,lr,1e-05,0.0001,32,14,0.0235,2.6816,1.5788,0.8182,0.5035,nan,nan,nan,nan,0
early,cage,0,7,resnet,False,solarisation,lr,1e-05,0.0001,32,15,0.0147,2.4337,1.4828,0.8182,0.4826,nan,nan,nan,nan,0
early,cage,0,7,resnet,False,solarisation,lr,1e-05,0.0001,32,16,0.0136,2.9356,1.6557,0.8182,0.4514,nan,nan,nan,nan,0
early,cage,0,8,resnet,False,solarisation,lr,1e-05,0.0001,32,1,0.7107,0.7041,0.6584,0.7660,0.4231,nan,nan,nan,nan,0
early,cage,0,8,resnet,False,solarisation,lr,1e-05,0.0001,32,2,0.6737,0.6883,0.7162,0.5106,0.5481,nan,nan,nan,nan,0
early,cage,0,8,resnet,False,solarisation,lr,1e-05,0.0001,32,3,0.6467,0.7571,0.6142,0.7872,0.5064,nan,nan,nan,nan,0
early,cage,0,8,resnet,False,solarisation,lr,1e-05,0.0001,32,4,0.5967,0.7235,0.6455,0.7447,0.5160,nan,nan,nan,nan,0
early,cage,0,8,resnet,False,solarisation,lr,1e-05,0.0001,32,5,0.5116,0.6878,0.7984,0.5745,0.6058,0.6886,0.8250,0.5581,0.5913,1
early,cage,0,8,resnet,False,solarisation,lr,1e-05,0.0001,32,6,0.4060,0.7862,0.8217,0.5319,0.4423,nan,nan,nan,nan,0
early,cage,0,8,resnet,False,solarisation,lr,1e-05,0.0001,32,7,0.2781,1.0447,0.8179,0.7872,0.4776,nan,nan,nan,nan,0
early,cage,0,8,resnet,False,solarisation,lr,1e-05,0.0001,32,8,0.1905,1.0882,0.8224,0.8085,0.4519,nan,nan,nan,nan,0
early,cage,0,8,resnet,False,solarisation,lr,1e-05,0.0001,32,9,0.1241,1.2872,0.9639,0.7872,0.4615,nan,nan,nan,nan,0
early,cage,0,8,resnet,False,solarisation,lr,1e-05,0.0001,32,10,0.0741,1.0058,1.0372,0.7234,0.4712,nan,nan,nan,nan,0
early,cage,0,8,resnet,False,solarisation,lr,1e-05,0.0001,32,11,0.0494,1.3396,0.9860,0.7872,0.4712,nan,nan,nan,nan,0
early,cage,0,8,resnet,False,solarisation,lr,1e-05,0.0001,32,12,0.0397,1.4941,1.0544,0.7872,0.4776,nan,nan,nan,nan,0
early,cage,0,8,resnet,False,solarisation,lr,1e-05,0.0001,32,13,0.0304,1.8585,1.1625,0.8085,0.4615,nan,nan,nan,nan,0
early,cage,0,8,resnet,False,solarisation,lr,1e-05,0.0001,32,14,0.0238,1.7026,1.1764,0.7872,0.4744,nan,nan,nan,nan,0
early,cage,0,8,resnet,False,solarisation,lr,1e-05,0.0001,32,15,0.0196,2.2247,1.3033,0.8298,0.4263,nan,nan,nan,nan,0
early,cage,0,8,resnet,False,solarisation,lr,1e-05,0.0001,32,16,0.0157,2.4359,1.4366,0.8298,0.4199,nan,nan,nan,nan,0
early,cage,0,9,resnet,False,solarisation,lr,1e-05,0.0001,32,1,0.7127,0.6948,0.6859,0.7381,0.5859,nan,nan,nan,nan,0
early,cage,0,9,resnet,False,solarisation,lr,1e-05,0.0001,32,2,0.6790,0.7091,0.6466,0.7619,0.6229,nan,nan,nan,nan,0
early,cage,0,9,resnet,False,solarisation,lr,1e-05,0.0001,32,3,0.6397,0.6677,0.6956,0.5952,0.7003,nan,nan,nan,nan,0
early,cage,0,9,resnet,False,solarisation,lr,1e-05,0.0001,32,4,0.5717,0.8500,0.6891,0.7857,0.4108,nan,nan,nan,nan,0
early,cage,0,9,resnet,False,solarisation,lr,1e-05,0.0001,32,5,0.4785,0.9262,0.7387,0.7619,0.3502,0.8020,0.7519,0.7907,0.4325,1
early,cage,0,9,resnet,False,solarisation,lr,1e-05,0.0001,32,6,0.3384,1.1679,0.8581,0.7619,0.3300,nan,nan,nan,nan,0
early,cage,0,9,resnet,False,solarisation,lr,1e-05,0.0001,32,7,0.2110,2.2693,1.2942,0.7857,0.3064,nan,nan,nan,nan,0
early,cage,0,9,resnet,False,solarisation,lr,1e-05,0.0001,32,8,0.1259,1.6573,1.1341,0.7857,0.3670,nan,nan,nan,nan,0
early,cage,0,9,resnet,False,solarisation,lr,1e-05,0.0001,32,9,0.0770,1.6946,1.1593,0.7619,0.3636,nan,nan,nan,nan,0
early,cage,0,9,resnet,False,solarisation,lr,1e-05,0.0001,32,10,0.0508,2.2569,1.3703,0.7619,0.3333,nan,nan,nan,nan,0
early,cage,0,9,resnet,False,solarisation,lr,1e-05,0.0001,32,11,0.0353,1.8138,1.3151,0.7619,0.3906,nan,nan,nan,nan,0
early,cage,0,9,resnet,False,solarisation,lr,1e-05,0.0001,32,12,0.0254,3.1830,1.7716,0.7857,0.3300,nan,nan,nan,nan,0
early,cage,0,9,resnet,False,solarisation,lr,1e-05,0.0001,32,13,0.0181,3.2834,1.8266,0.7857,0.3670,nan,nan,nan,nan,0
early,cage,0,9,resnet,False,solarisation,lr,1e-05,0.0001,32,14,0.0167,2.9253,1.7114,0.7857,0.3771,nan,nan,nan,nan,0
early,cage,0,9,resnet,False,solarisation,lr,1e-05,0.0001,32,15,0.0113,2.5614,1.5687,0.7857,0.4343,nan,nan,nan,nan,0
early,cage,0,9,resnet,False,solarisation,lr,1e-05,0.0001,32,16,0.0100,2.2353,1.5071,0.7619,0.3838,nan,nan,nan,nan,0
early,cage,1,0,resnet,False,solarisation,lr,1e-05,0.0001,32,1,0.7157,0.7145,0.7210,0.4419,0.3452,nan,nan,nan,nan,0
early,cage,1,0,resnet,False,solarisation,lr,1e-05,0.0001,32,2,0.6810,0.7450,0.8093,0.1628,0.3770,nan,nan,nan,nan,0
early,cage,1,0,resnet,False,solarisation,lr,1e-05,0.0001,32,3,0.6447,0.7424,0.6699,0.7674,0.4008,nan,nan,nan,nan,0
early,cage,1,0,resnet,False,solarisation,lr,1e-05,0.0001,32,4,0.5861,0.7862,0.6929,0.7907,0.4643,nan,nan,nan,nan,0
early,cage,1,0,resnet,False,solarisation,lr,1e-05,0.0001,32,5,0.4936,0.8409,0.8232,0.6047,0.3571,nan,nan,nan,nan,1
early,cage,1,0,resnet,False,solarisation,lr,1e-05,0.0001,32,6,0.3709,0.8716,0.8633,0.6744,0.3968,nan,nan,nan,nan,1
early,cage,1,0,resnet,False,solarisation,lr,1e-05,0.0001,32,7,0.2482,1.4712,1.0464,0.8372,0.4206,nan,nan,nan,nan,1
early,cage,1,0,resnet,False,solarisation,lr,1e-05,0.0001,32,8,0.1535,1.0364,1.1458,0.6279,0.4087,nan,nan,nan,nan,0
early,cage,1,0,resnet,False,solarisation,lr,1e-05,0.0001,32,9,0.0948,1.9818,1.4301,0.8372,0.3413,nan,nan,nan,nan,0
early,cage,1,0,resnet,False,solarisation,lr,1e-05,0.0001,32,10,0.0605,2.1969,1.5124,0.8372,0.3889,nan,nan,nan,nan,0
early,cage,1,0,resnet,False,solarisation,lr,1e-05,0.0001,32,11,0.0433,1.8073,1.3937,0.8140,0.4365,nan,nan,nan,nan,0
early,cage,1,0,resnet,False,solarisation,lr,1e-05,0.0001,32,12,0.0329,2.2479,1.5554,0.8372,0.4365,nan,nan,nan,nan,0
early,cage,1,0,resnet,False,solarisation,lr,1e-05,0.0001,32,13,0.0248,2.2254,1.6095,0.8372,0.4405,nan,nan,nan,nan,0
early,cage,1,0,resnet,False,solarisation,lr,1e-05,0.0001,32,14,0.0168,2.1524,1.6496,0.8140,0.3889,1.7041,1.3551,0.8372,0.4921,1
early,cage,1,0,resnet,False,solarisation,lr,1e-05,0.0001,32,15,0.0121,2.5078,1.7810,0.8372,0.3929,nan,nan,nan,nan,0
early,cage,1,0,resnet,False,solarisation,lr,1e-05,0.0001,32,16,0.0119,2.4206,1.7743,0.8372,0.3968,nan,nan,nan,nan,0
early,cage,1,0,resnet,False,solarisation,lr,1e-05,0.0001,32,17,0.0096,2.1088,1.6786,0.8372,0.4127,nan,nan,nan,nan,0
early,cage,1,0,resnet,False,solarisation,lr,1e-05,0.0001,32,18,0.0110,2.2126,1.7335,0.8140,0.4206,nan,nan,nan,nan,0
early,cage,1,0,resnet,False,solarisation,lr,1e-05,0.0001,32,19,0.0079,1.9722,1.7227,0.7907,0.3889,nan,nan,nan,nan,0
early,cage,1,2,resnet,False,solarisation,lr,1e-05,0.0001,32,1,0.7109,0.7006,0.7113,0.3810,0.4338,nan,nan,nan,nan,0
early,cage,1,2,resnet,False,solarisation,lr,1e-05,0.0001,32,2,0.6832,0.6995,0.6695,0.7381,0.5221,nan,nan,nan,nan,0
early,cage,1,2,resnet,False,solarisation,lr,1e-05,0.0001,32,3,0.6476,0.7107,0.6319,0.8095,0.6029,nan,nan,nan,nan,0
early,cage,1,2,resnet,False,solarisation,lr,1e-05,0.0001,32,4,0.5980,0.6981,0.6618,0.7619,0.6066,nan,nan,nan,nan,0
early,cage,1,2,resnet,False,solarisation,lr,1e-05,0.0001,32,5,0.5046,1.1039,0.7358,0.8095,0.6654,nan,nan,nan,nan,1
early,cage,1,2,resnet,False,solarisation,lr,1e-05,0.0001,32,6,0.3581,0.6756,0.8101,0.6667,0.6103,0.6478,0.7982,0.7442,0.6706,1
early,cage,1,2,resnet,False,solarisation,lr,1e-05,0.0001,32,7,0.2386,0.8706,0.9311,0.7143,0.4706,nan,nan,nan,nan,0
early,cage,1,2,resnet,False,solarisation,lr,1e-05,0.0001,32,8,0.1401,1.2013,0.9242,0.7857,0.6103,nan,nan,nan,nan,0
early,cage,1,2,resnet,False,solarisation,lr,1e-05,0.0001,32,9,0.0909,1.7347,1.1367,0.8095,0.6029,nan,nan,nan,nan,0
early,cage,1,2,resnet,False,solarisation,lr,1e-05,0.0001,32,10,0.0598,1.3389,1.0426,0.7857,0.4963,nan,nan,nan,nan,0
early,cage,1,2,resnet,False,solarisation,lr,1e-05,0.0001,32,11,0.0445,1.4962,1.1461,0.7857,0.4963,nan,nan,nan,nan,0
early,cage,1,2,resnet,False,solarisation,lr,1e-05,0.0001,32,12,0.0290,1.8171,1.2692,0.8095,0.5882,nan,nan,nan,nan,0
early,cage,1,2,resnet,False,solarisation,lr,1e-05,0.0001,32,13,0.0235,1.8098,1.2739,0.8095,0.5956,nan,nan,nan,nan,0
early,cage,1,2,resnet,False,solarisation,lr,1e-05,0.0001,32,14,0.0212,1.2752,1.2106,0.7857,0.5551,nan,nan,nan,nan,0
early,cage,1,2,resnet,False,solarisation,lr,1e-05,0.0001,32,15,0.0199,1.4382,1.2778,0.7857,0.4375,nan,nan,nan,nan,0
early,cage,1,2,resnet,False,solarisation,lr,1e-05,0.0001,32,16,0.0157,2.6454,1.6109,0.8095,0.5699,nan,nan,nan,nan,0
early,cage,1,3,resnet,False,solarisation,lr,1e-05,0.0001,32,1,0.7151,0.6966,0.6935,0.6429,0.4776,nan,nan,nan,nan,0
early,cage,1,3,resnet,False,solarisation,lr,1e-05,0.0001,32,2,0.6736,0.7163,0.6202,0.8333,0.5143,nan,nan,nan,nan,0
early,cage,1,3,resnet,False,solarisation,lr,1e-05,0.0001,32,3,0.6416,0.7124,0.7358,0.4048,0.4449,nan,nan,nan,nan,0
early,cage,1,3,resnet,False,solarisation,lr,1e-05,0.0001,32,4,0.5753,0.7193,0.7089,0.6667,0.5020,nan,nan,nan,nan,0
early,cage,1,3,resnet,False,solarisation,lr,1e-05,0.0001,32,5,0.4682,0.8480,1.0843,0.2143,0.4776,0.9188,1.2920,0.1860,0.4802,1
early,cage,1,3,resnet,False,solarisation,lr,1e-05,0.0001,32,6,0.3247,0.9049,1.2826,0.2381,0.4694,nan,nan,nan,nan,0
early,cage,1,3,resnet,False,solarisation,lr,1e-05,0.0001,32,7,0.2083,1.0124,1.2473,0.6667,0.4571,nan,nan,nan,nan,0
early,cage,1,3,resnet,False,solarisation,lr,1e-05,0.0001,32,8,0.1270,0.9887,1.4763,0.5000,0.4408,nan,nan,nan,nan,0
early,cage,1,3,resnet,False,solarisation,lr,1e-05,0.0001,32,9,0.0854,1.1169,1.7089,0.4524,0.4531,nan,nan,nan,nan,0
early,cage,1,3,resnet,False,solarisation,lr,1e-05,0.0001,32,10,0.0512,1.0708,1.4748,0.6429,0.4735,nan,nan,nan,nan,0
early,cage,1,3,resnet,False,solarisation,lr,1e-05,0.0001,32,11,0.0424,1.1662,1.9212,0.5000,0.4490,nan,nan,nan,nan,0
early,cage,1,3,resnet,False,solarisation,lr,1e-05,0.0001,32,12,0.0332,1.1961,1.5574,0.6905,0.4653,nan,nan,nan,nan,0
early,cage,1,3,resnet,False,solarisation,lr,1e-05,0.0001,32,13,0.0248,1.1215,1.7810,0.5476,0.4531,nan,nan,nan,nan,0
early,cage,1,3,resnet,False,solarisation,lr,1e-05,0.0001,32,14,0.0169,1.2450,1.6812,0.6667,0.4531,nan,nan,nan,nan,0
early,cage,1,3,resnet,False,solarisation,lr,1e-05,0.0001,32,15,0.0132,1.2740,2.1704,0.3571,0.4449,nan,nan,nan,nan,0
early,cage,1,3,resnet,False,solarisation,lr,1e-05,0.0001,32,16,0.0097,1.1738,1.9043,0.5476,0.4531,nan,nan,nan,nan,0
early,cage,1,4,resnet,False,solarisation,lr,1e-05,0.0001,32,1,0.7197,0.6979,0.6720,0.8140,0.6929,nan,nan,nan,nan,0
early,cage,1,4,resnet,False,solarisation,lr,1e-05,0.0001,32,2,0.6817,0.6885,0.6681,0.8140,0.7179,nan,nan,nan,nan,0
early,cage,1,4,resnet,False,solarisation,lr,1e-05,0.0001,32,3,0.6602,0.7724,0.6852,0.8140,0.7286,nan,nan,nan,nan,0
early,cage,1,4,resnet,False,solarisation,lr,1e-05,0.0001,32,4,0.6050,0.9219,0.7843,0.8140,0.7357,nan,nan,nan,nan,0
early,cage,1,4,resnet,False,solarisation,lr,1e-05,0.0001,32,5,0.5127,0.9379,0.8064,0.8140,0.7071,nan,nan,nan,nan,1
early,cage,1,4,resnet,False,solarisation,lr,1e-05,0.0001,32,6,0.3819,0.6143,0.7990,0.6977,0.7393,0.7790,0.8448,0.6744,0.5040,1
early,cage,1,4,resnet,False,solarisation,lr,1e-05,0.0001,32,7,0.2469,2.3866,1.8512,0.8140,0.6857,nan,nan,nan,nan,0
early,cage,1,4,resnet,False,solarisation,lr,1e-05,0.0001,32,8,0.1640,2.7144,2.0932,0.8140,0.6964,nan,nan,nan,nan,0
early,cage,1,4,resnet,False,solarisation,lr,1e-05,0.0001,32,9,0.1078,1.4583,1.3657,0.8140,0.6464,nan,nan,nan,nan,0
early,cage,1,4,resnet,False,solarisation,lr,1e-05,0.0001,32,10,0.0679,1.6011,1.5131,0.8140,0.6571,nan,nan,nan,nan,0
early,cage,1,4,resnet,False,solarisation,lr,1e-05,0.0001,32,11,0.0422,1.5563,1.5244,0.8140,0.6714,nan,nan,nan,nan,0
early,cage,1,4,resnet,False,solarisation,lr,1e-05,0.0001,32,12,0.0434,1.3378,1.4412,0.8140,0.6179,nan,nan,nan,nan,0
early,cage,1,4,resnet,False,solarisation,lr,1e-05,0.0001,32,13,0.0275,2.4129,1.9896,0.8140,0.6250,nan,nan,nan,nan,0
early,cage,1,4,resnet,False,solarisation,lr,1e-05,0.0001,32,14,0.0204,2.2479,1.9410,0.8140,0.6571,nan,nan,nan,nan,0
early,cage,1,4,resnet,False,solarisation,lr,1e-05,0.0001,32,15,0.0144,2.3863,2.0166,0.8140,0.6250,nan,nan,nan,nan,0
early,cage,1,4,resnet,False,solarisation,lr,1e-05,0.0001,32,16,0.0156,3.2078,2.5395,0.8140,0.6036,nan,nan,nan,nan,0
early,cage,1,5,resnet,False,solarisation,lr,1e-05,0.0001,32,1,0.7036,0.7659,0.6457,0.7750,0.5842,nan,nan,nan,nan,0
early,cage,1,5,resnet,False,solarisation,lr,1e-05,0.0001,32,2,0.6772,0.6926,0.6595,0.7000,0.6308,nan,nan,nan,nan,0
early,cage,1,5,resnet,False,solarisation,lr,1e-05,0.0001,32,3,0.6386,0.7655,0.6484,0.7750,0.5771,nan,nan,nan,nan,0
early,cage,1,5,resnet,False,solarisation,lr,1e-05,0.0001,32,4,0.5809,0.7041,0.6703,0.6750,0.5556,nan,nan,nan,nan,0
early,cage,1,5,resnet,False,solarisation,lr,1e-05,0.0001,32,5,0.4835,1.2327,0.8586,0.7750,0.5806,nan,nan,nan,nan,1
early,cage,1,5,resnet,False,solarisation,lr,1e-05,0.0001,32,6,0.3564,0.6836,0.7667,0.6250,0.6165,0.7439,0.8719,0.4651,0.4524,1
early,cage,1,5,resnet,False,solarisation,lr,1e-05,0.0001,32,7,0.2333,1.2130,0.9058,0.8000,0.4839,nan,nan,nan,nan,0
early,cage,1,5,resnet,False,solarisation,lr,1e-05,0.0001,32,8,0.1428,1.2552,0.9805,0.8000,0.5090,nan,nan,nan,nan,0
early,cage,1,5,resnet,False,solarisation,lr,1e-05,0.0001,32,9,0.0981,1.3914,1.0517,0.7750,0.6022,nan,nan,nan,nan,0
early,cage,1,5,resnet,False,solarisation,lr,1e-05,0.0001,32,10,0.0625,1.1820,1.0506,0.8000,0.5448,nan,nan,nan,nan,0
early,cage,1,5,resnet,False,solarisation,lr,1e-05,0.0001,32,11,0.0467,2.4995,1.6702,0.7750,0.4767,nan,nan,nan,nan,0
early,cage,1,5,resnet,False,solarisation,lr,1e-05,0.0001,32,12,0.0319,2.9276,1.9181,0.7750,0.4875,nan,nan,nan,nan,0
early,cage,1,5,resnet,False,solarisation,lr,1e-05,0.0001,32,13,0.0248,2.1597,1.5353,0.7750,0.4910,nan,nan,nan,nan,0
early,cage,1,5,resnet,False,solarisation,lr,1e-05,0.0001,32,14,0.0170,2.5385,1.7221,0.7750,0.4982,nan,nan,nan,nan,0
early,cage,1,5,resnet,False,solarisation,lr,1e-05,0.0001,32,15,0.0137,2.7498,1.8194,0.7750,0.5090,nan,nan,nan,nan,0
early,cage,1,5,resnet,False,solarisation,lr,1e-05,0.0001,32,16,0.0108,2.5342,1.7515,0.7750,0.5376,nan,nan,nan,nan,0
early,cage,1,6,resnet,False,solarisation,lr,1e-05,0.0001,32,1,0.7168,0.7082,0.7168,0.3902,0.4571,nan,nan,nan,nan,0
early,cage,1,6,resnet,False,solarisation,lr,1e-05,0.0001,32,2,0.6739,0.7171,0.7274,0.4146,0.4286,nan,nan,nan,nan,0
early,cage,1,6,resnet,False,solarisation,lr,1e-05,0.0001,32,3,0.6410,0.7997,0.8840,0.1463,0.4286,nan,nan,nan,nan,0
early,cage,1,6,resnet,False,solarisation,lr,1e-05,0.0001,32,4,0.5738,0.7605,0.7268,0.7561,0.3667,nan,nan,nan,nan,0
early,cage,1,6,resnet,False,solarisation,lr,1e-05,0.0001,32,5,0.4854,0.7492,0.8625,0.4390,0.4238,0.6946,0.8705,0.3953,0.6310,1
early,cage,1,6,resnet,False,solarisation,lr,1e-05,0.0001,32,6,0.3508,0.8689,1.1966,0.4146,0.3714,nan,nan,nan,nan,0
early,cage,1,6,resnet,False,solarisation,lr,1e-05,0.0001,32,7,0.2347,1.4188,2.0370,0.1463,0.3476,nan,nan,nan,nan,0
early,cage,1,6,resnet,False,solarisation,lr,1e-05,0.0001,32,8,0.1523,1.0597,1.3073,0.7073,0.3905,nan,nan,nan,nan,0
early,cage,1,6,resnet,False,solarisation,lr,1e-05,0.0001,32,9,0.0919,1.0311,1.5791,0.5366,0.3619,nan,nan,nan,nan,0
early,cage,1,6,resnet,False,solarisation,lr,1e-05,0.0001,32,10,0.0666,1.1453,1.6102,0.6341,0.3286,nan,nan,nan,nan,0
early,cage,1,6,resnet,False,solarisation,lr,1e-05,0.0001,32,11,0.0544,1.1458,1.7810,0.5366,0.3238,nan,nan,nan,nan,0
early,cage,1,6,resnet,False,solarisation,lr,1e-05,0.0001,32,12,0.0359,1.5083,1.6594,0.7805,0.3381,nan,nan,nan,nan,0
early,cage,1,6,resnet,False,solarisation,lr,1e-05,0.0001,32,13,0.0255,2.1005,1.9903,0.8049,0.3190,nan,nan,nan,nan,0
early,cage,1,6,resnet,False,solarisation,lr,1e-05,0.0001,32,14,0.0170,1.2197,1.8994,0.5854,0.3381,nan,nan,nan,nan,0
early,cage,1,6,resnet,False,solarisation,lr,1e-05,0.0001,32,15,0.0137,1.3086,1.9603,0.6341,0.3429,nan,nan,nan,nan,0
early,cage,1,6,resnet,False,solarisation,lr,1e-05,0.0001,32,16,0.0146,1.3455,1.9663,0.6341,0.3952,nan,nan,nan,nan,0
early,cage,1,7,resnet,False,solarisation,lr,1e-05,0.0001,32,1,0.7052,0.7164,0.7673,0.1591,0.3125,nan,nan,nan,nan,0
early,cage,1,7,resnet,False,solarisation,lr,1e-05,0.0001,32,2,0.6615,0.7580,0.8651,0.1591,0.3646,nan,nan,nan,nan,0
early,cage,1,7,resnet,False,solarisation,lr,1e-05,0.0001,32,3,0.6250,0.7402,0.7152,0.5682,0.4444,nan,nan,nan,nan,0
early,cage,1,7,resnet,False,solarisation,lr,1e-05,0.0001,32,4,0.5772,0.7594,0.7638,0.5682,0.4514,nan,nan,nan,nan,0
early,cage,1,7,resnet,False,solarisation,lr,1e-05,0.0001,32,5,0.4796,1.0371,0.7454,0.8409,0.4375,nan,nan,nan,nan,1
early,cage,1,7,resnet,False,solarisation,lr,1e-05,0.0001,32,6,0.3703,0.9933,0.7545,0.8409,0.5069,nan,nan,nan,nan,1
early,cage,1,7,resnet,False,solarisation,lr,1e-05,0.0001,32,7,0.2500,0.8913,0.8405,0.8409,0.4965,nan,nan,nan,nan,1
early,cage,1,7,resnet,False,solarisation,lr,1e-05,0.0001,32,8,0.1632,1.4486,0.9242,0.8182,0.5278,nan,nan,nan,nan,1
early,cage,1,7,resnet,False,solarisation,lr,1e-05,0.0001,32,9,0.1025,1.1542,0.9381,0.8182,0.5868,nan,nan,nan,nan,1
early,cage,1,7,resnet,False,solarisation,lr,1e-05,0.0001,32,10,0.0688,1.8632,1.1769,0.8182,0.4722,1.7037,1.2506,0.8372,0.5833,1
early,cage,1,7,resnet,False,solarisation,lr,1e-05,0.0001,32,11,0.0419,2.2265,1.3375,0.8182,0.4896,nan,nan,nan,nan,0
early,cage,1,7,resnet,False,solarisation,lr,1e-05,0.0001,32,12,0.0324,3.2988,1.7721,0.8182,0.4861,nan,nan,nan,nan,0
early,cage,1,7,resnet,False,solarisation,lr,1e-05,0.0001,32,13,0.0300,2.4910,1.4753,0.8182,0.4896,nan,nan,nan,nan,0
early,cage,1,7,resnet,False,solarisation,lr,1e-05,0.0001,32,14,0.0216,2.1869,1.3987,0.8182,0.4965,nan,nan,nan,nan,0
early,cage,1,7,resnet,False,solarisation,lr,1e-05,0.0001,32,15,0.0239,3.6804,2.0000,0.8182,0.5000,nan,nan,nan,nan,0
early,cage,1,7,resnet,False,solarisation,lr,1e-05,0.0001,32,16,0.0148,2.9288,1.6976,0.8182,0.4965,nan,nan,nan,nan,0
early,cage,1,8,resnet,False,solarisation,lr,1e-05,0.0001,32,1,0.7061,0.7237,0.6119,0.8298,0.4295,nan,nan,nan,nan,0
early,cage,1,8,resnet,False,solarisation,lr,1e-05,0.0001,32,2,0.6731,0.7180,0.6323,0.7660,0.4712,nan,nan,nan,nan,0
early,cage,1,8,resnet,False,solarisation,lr,1e-05,0.0001,32,3,0.6373,0.7081,0.7214,0.5319,0.5128,nan,nan,nan,nan,0
early,cage,1,8,resnet,False,solarisation,lr,1e-05,0.0001,32,4,0.5795,0.7657,0.6416,0.7447,0.4615,nan,nan,nan,nan,0
early,cage,1,8,resnet,False,solarisation,lr,1e-05,0.0001,32,5,0.4936,0.7653,0.8958,0.2979,0.4231,0.6971,0.8643,0.3488,0.6151,1
early,cage,1,8,resnet,False,solarisation,lr,1e-05,0.0001,32,6,0.3582,1.3129,0.7846,0.8298,0.4295,nan,nan,nan,nan,0
early,cage,1,8,resnet,False,solarisation,lr,1e-05,0.0001,32,7,0.2304,0.9778,0.9776,0.6809,0.3878,nan,nan,nan,nan,0
early,cage,1,8,resnet,False,solarisation,lr,1e-05,0.0001,32,8,0.1382,1.8971,1.1056,0.8085,0.4199,nan,nan,nan,nan,0
early,cage,1,8,resnet,False,solarisation,lr,1e-05,0.0001,32,9,0.0913,1.9784,1.1417,0.8085,0.4423,nan,nan,nan,nan,0
early,cage,1,8,resnet,False,solarisation,lr,1e-05,0.0001,32,10,0.0623,1.9321,1.2366,0.8085,0.4038,nan,nan,nan,nan,0
early,cage,1,8,resnet,False,solarisation,lr,1e-05,0.0001,32,11,0.0469,2.2456,1.3129,0.8085,0.4359,nan,nan,nan,nan,0
early,cage,1,8,resnet,False,solarisation,lr,1e-05,0.0001,32,12,0.0290,2.5943,1.4325,0.8085,0.4135,nan,nan,nan,nan,0
early,cage,1,8,resnet,False,solarisation,lr,1e-05,0.0001,32,13,0.0295,1.3428,1.4156,0.6596,0.4135,nan,nan,nan,nan,0
early,cage,1,8,resnet,False,solarisation,lr,1e-05,0.0001,32,14,0.0218,1.2651,1.5446,0.5319,0.4391,nan,nan,nan,nan,0
early,cage,1,8,resnet,False,solarisation,lr,1e-05,0.0001,32,15,0.0333,2.5328,1.4649,0.8085,0.3974,nan,nan,nan,nan,0
early,cage,1,8,resnet,False,solarisation,lr,1e-05,0.0001,32,16,0.0150,1.8951,1.3153,0.8085,0.4263,nan,nan,nan,nan,0
early,cage,1,9,resnet,False,solarisation,lr,1e-05,0.0001,32,1,0.7138,0.6954,0.6668,0.7619,0.6633,nan,nan,nan,nan,0
early,cage,1,9,resnet,False,solarisation,lr,1e-05,0.0001,32,2,0.6782,0.6860,0.6769,0.6190,0.6431,nan,nan,nan,nan,0
early,cage,1,9,resnet,False,solarisation,lr,1e-05,0.0001,32,3,0.6422,0.6656,0.7568,0.4524,0.6465,nan,nan,nan,nan,0
early,cage,1,9,resnet,False,solarisation,lr,1e-05,0.0001,32,4,0.5864,0.6967,0.7074,0.6429,0.5825,nan,nan,nan,nan,0
early,cage,1,9,resnet,False,solarisation,lr,1e-05,0.0001,32,5,0.4894,0.8169,1.1768,0.2143,0.6094,0.9218,1.2059,0.1628,0.5278,1
early,cage,1,9,resnet,False,solarisation,lr,1e-05,0.0001,32,6,0.3575,0.8507,1.2592,0.2619,0.5118,nan,nan,nan,nan,0
early,cage,1,9,resnet,False,solarisation,lr,1e-05,0.0001,32,7,0.2278,0.9550,1.5289,0.2857,0.5185,nan,nan,nan,nan,0
early,cage,1,9,resnet,False,solarisation,lr,1e-05,0.0001,32,8,0.1448,0.8340,1.2714,0.5000,0.5387,nan,nan,nan,nan,0
early,cage,1,9,resnet,False,solarisation,lr,1e-05,0.0001,32,9,0.0936,0.8913,1.4319,0.5000,0.5152,nan,nan,nan,nan,0
early,cage,1,9,resnet,False,solarisation,lr,1e-05,0.0001,32,10,0.0676,0.8961,1.3604,0.5238,0.5455,nan,nan,nan,nan,0
early,cage,1,9,resnet,False,solarisation,lr,1e-05,0.0001,32,11,0.0426,0.9518,1.7001,0.4048,0.5320,nan,nan,nan,nan,0
early,cage,1,9,resnet,False,solarisation,lr,1e-05,0.0001,32,12,0.0297,0.9450,1.5838,0.4286,0.4983,nan,nan,nan,nan,0
early,cage,1,9,resnet,False,solarisation,lr,1e-05,0.0001,32,13,0.0212,1.0587,1.4160,0.6429,0.5354,nan,nan,nan,nan,0
early,cage,1,9,resnet,False,solarisation,lr,1e-05,0.0001,32,14,0.0246,1.2707,2.2176,0.2619,0.5589,nan,nan,nan,nan,0
early,cage,1,9,resnet,False,solarisation,lr,1e-05,0.0001,32,15,0.0183,1.1205,2.0154,0.2857,0.5084,nan,nan,nan,nan,0
early,cage,1,9,resnet,False,solarisation,lr,1e-05,0.0001,32,16,0.0115,1.0146,1.8361,0.4524,0.5219,nan,nan,nan,nan,0
early,cage,2,0,resnet,False,solarisation,lr,1e-05,0.0001,32,1,0.7135,0.6903,0.6500,0.8372,0.6111,nan,nan,nan,nan,0
early,cage,2,0,resnet,False,solarisation,lr,1e-05,0.0001,32,2,0.6897,0.6961,0.7353,0.2093,0.6190,nan,nan,nan,nan,0
early,cage,2,0,resnet,False,solarisation,lr,1e-05,0.0001,32,3,0.6540,0.7114,0.7526,0.3256,0.4762,nan,nan,nan,nan,0
early,cage,2,0,resnet,False,solarisation,lr,1e-05,0.0001,32,4,0.6116,0.7045,0.6604,0.7674,0.5952,nan,nan,nan,nan,0
early,cage,2,0,resnet,False,solarisation,lr,1e-05,0.0001,32,5,0.5325,0.6907,0.7730,0.5116,0.6111,nan,nan,nan,nan,1
early,cage,2,0,resnet,False,solarisation,lr,1e-05,0.0001,32,6,0.4056,0.7168,0.8099,0.6047,0.6667,nan,nan,nan,nan,1
early,cage,2,0,resnet,False,solarisation,lr,1e-05,0.0001,32,7,0.3012,0.8425,0.8678,0.7442,0.6151,nan,nan,nan,nan,0
early,cage,2,0,resnet,False,solarisation,lr,1e-05,0.0001,32,8,0.1885,1.9153,1.2631,0.8372,0.6548,nan,nan,nan,nan,1
early,cage,2,0,resnet,False,solarisation,lr,1e-05,0.0001,32,9,0.1146,2.6667,1.6969,0.8372,0.6190,nan,nan,nan,nan,0
early,cage,2,0,resnet,False,solarisation,lr,1e-05,0.0001,32,10,0.0762,1.6006,1.1492,0.8372,0.7063,nan,nan,nan,nan,1
early,cage,2,0,resnet,False,solarisation,lr,1e-05,0.0001,32,11,0.0511,1.0333,1.0765,0.8140,0.6786,nan,nan,nan,nan,0
early,cage,2,0,resnet,False,solarisation,lr,1e-05,0.0001,32,12,0.0323,2.0656,1.4403,0.8372,0.6667,1.7650,1.2660,0.8095,0.6912,1
early,cage,2,0,resnet,False,solarisation,lr,1e-05,0.0001,32,13,0.0315,2.1738,1.5157,0.8372,0.6151,nan,nan,nan,nan,0
early,cage,2,0,resnet,False,solarisation,lr,1e-05,0.0001,32,14,0.0196,2.0364,1.4704,0.8372,0.6548,nan,nan,nan,nan,0
early,cage,2,0,resnet,False,solarisation,lr,1e-05,0.0001,32,15,0.0170,1.9350,1.4287,0.8372,0.6468,nan,nan,nan,nan,0
early,cage,2,0,resnet,False,solarisation,lr,1e-05,0.0001,32,16,0.0146,2.0950,1.4955,0.8372,0.6429,nan,nan,nan,nan,0
early,cage,2,0,resnet,False,solarisation,lr,1e-05,0.0001,32,17,0.0203,2.8397,1.8657,0.8372,0.6627,nan,nan,nan,nan,0
early,cage,2,1,resnet,False,solarisation,lr,1e-05,0.0001,32,1,0.7132,0.6838,0.6546,0.8372,0.6865,nan,nan,nan,nan,0
early,cage,2,1,resnet,False,solarisation,lr,1e-05,0.0001,32,2,0.6820,0.6785,0.6572,0.7442,0.6786,nan,nan,nan,nan,0
early,cage,2,1,resnet,False,solarisation,lr,1e-05,0.0001,32,3,0.6536,0.7236,0.5960,0.8372,0.6111,nan,nan,nan,nan,0
early,cage,2,1,resnet,False,solarisation,lr,1e-05,0.0001,32,4,0.5825,0.7001,0.8555,0.3256,0.6190,nan,nan,nan,nan,0
early,cage,2,1,resnet,False,solarisation,lr,1e-05,0.0001,32,5,0.4890,0.7198,0.7723,0.6977,0.4802,0.6453,0.6929,0.6905,0.7096,1
early,cage,2,1,resnet,False,solarisation,lr,1e-05,0.0001,32,6,0.3569,0.7188,1.0474,0.3953,0.5040,nan,nan,nan,nan,0
early,cage,2,1,resnet,False,solarisation,lr,1e-05,0.0001,32,7,0.2337,0.7740,1.2034,0.5581,0.5159,nan,nan,nan,nan,0
early,cage,2,1,resnet,False,solarisation,lr,1e-05,0.0001,32,8,0.1493,1.5734,1.1286,0.8372,0.4841,nan,nan,nan,nan,0
early,cage,2,1,resnet,False,solarisation,lr,1e-05,0.0001,32,9,0.0916,1.0781,1.1044,0.7907,0.5278,nan,nan,nan,nan,0
early,cage,2,1,resnet,False,solarisation,lr,1e-05,0.0001,32,10,0.0635,1.2914,1.1944,0.8372,0.5040,nan,nan,nan,nan,0
early,cage,2,1,resnet,False,solarisation,lr,1e-05,0.0001,32,11,0.0431,1.1391,1.3947,0.7442,0.4960,nan,nan,nan,nan,0
early,cage,2,1,resnet,False,solarisation,lr,1e-05,0.0001,32,12,0.0291,1.4897,1.3237,0.8372,0.4921,nan,nan,nan,nan,0
early,cage,2,1,resnet,False,solarisation,lr,1e-05,0.0001,32,13,0.0249,2.1382,1.4247,0.8372,0.5040,nan,nan,nan,nan,0
early,cage,2,1,resnet,False,solarisation,lr,1e-05,0.0001,32,14,0.0247,1.2395,1.4799,0.7907,0.4762,nan,nan,nan,nan,0
early,cage,2,1,resnet,False,solarisation,lr,1e-05,0.0001,32,15,0.0221,2.2793,1.5431,0.8372,0.5119,nan,nan,nan,nan,0
early,cage,2,1,resnet,False,solarisation,lr,1e-05,0.0001,32,16,0.0213,1.5327,1.2751,0.8372,0.5238,nan,nan,nan,nan,0
early,cage,2,3,resnet,False,solarisation,lr,1e-05,0.0001,32,1,0.7113,0.7486,0.8483,0.1667,0.4286,nan,nan,nan,nan,0
early,cage,2,3,resnet,False,solarisation,lr,1e-05,0.0001,32,2,0.6790,0.7502,0.8538,0.1667,0.4939,nan,nan,nan,nan,0
early,cage,2,3,resnet,False,solarisation,lr,1e-05,0.0001,32,3,0.6360,0.7560,0.8639,0.2381,0.4735,nan,nan,nan,nan,0
early,cage,2,3,resnet,False,solarisation,lr,1e-05,0.0001,32,4,0.5769,0.7898,0.9447,0.2143,0.4816,nan,nan,nan,nan,0
early,cage,2,3,resnet,False,solarisation,lr,1e-05,0.0001,32,5,0.4739,0.9848,1.3206,0.1429,0.5306,nan,nan,nan,nan,1
early,cage,2,3,resnet,False,solarisation,lr,1e-05,0.0001,32,6,0.3368,1.6229,2.2162,0.1429,0.4531,nan,nan,nan,nan,0
early,cage,2,3,resnet,False,solarisation,lr,1e-05,0.0001,32,7,0.2116,2.3918,3.2464,0.1667,0.4571,nan,nan,nan,nan,0
early,cage,2,3,resnet,False,solarisation,lr,1e-05,0.0001,32,8,0.1236,1.2769,1.4404,0.7381,0.5347,nan,nan,nan,nan,1
early,cage,2,3,resnet,False,solarisation,lr,1e-05,0.0001,32,9,0.0891,1.5932,2.3414,0.1667,0.4857,nan,nan,nan,nan,0
early,cage,2,3,resnet,False,solarisation,lr,1e-05,0.0001,32,10,0.0618,1.2345,1.8367,0.5000,0.5061,nan,nan,nan,nan,0
early,cage,2,3,resnet,False,solarisation,lr,1e-05,0.0001,32,11,0.0387,1.7419,1.7101,0.8095,0.5102,nan,nan,nan,nan,1
early,cage,2,3,resnet,False,solarisation,lr,1e-05,0.0001,32,12,0.0272,1.3973,2.1541,0.4286,0.4939,1.0730,2.1619,0.3810,0.6728,1
early,cage,2,3,resnet,False,solarisation,lr,1e-05,0.0001,32,13,0.0222,1.3220,1.9152,0.6190,0.5224,nan,nan,nan,nan,0
early,cage,2,3,resnet,False,solarisation,lr,1e-05,0.0001,32,14,0.0160,1.5071,2.4166,0.3571,0.5224,nan,nan,nan,nan,0
early,cage,2,3,resnet,False,solarisation,lr,1e-05,0.0001,32,15,0.0146,1.4291,2.1780,0.5000,0.4816,nan,nan,nan,nan,0
early,cage,2,3,resnet,False,solarisation,lr,1e-05,0.0001,32,16,0.0149,1.5993,2.0808,0.6905,0.4898,nan,nan,nan,nan,0
early,cage,2,3,resnet,False,solarisation,lr,1e-05,0.0001,32,17,0.0147,1.7948,2.7920,0.2857,0.4571,nan,nan,nan,nan,0
early,cage,2,4,resnet,False,solarisation,lr,1e-05,0.0001,32,1,0.7171,0.6858,0.6815,0.6744,0.6464,nan,nan,nan,nan,0
early,cage,2,4,resnet,False,solarisation,lr,1e-05,0.0001,32,2,0.6876,0.7303,0.6711,0.8140,0.5821,nan,nan,nan,nan,0
early,cage,2,4,resnet,False,solarisation,lr,1e-05,0.0001,32,3,0.6439,0.7217,0.6753,0.7907,0.5786,nan,nan,nan,nan,0
early,cage,2,4,resnet,False,solarisation,lr,1e-05,0.0001,32,4,0.5936,0.7214,0.6967,0.7442,0.5821,nan,nan,nan,nan,0
early,cage,2,4,resnet,False,solarisation,lr,1e-05,0.0001,32,5,0.5028,0.7256,0.7783,0.7209,0.6393,0.6945,0.7167,0.6667,0.6581,1
early,cage,2,4,resnet,False,solarisation,lr,1e-05,0.0001,32,6,0.3783,0.8142,0.9179,0.7907,0.6107,nan,nan,nan,nan,0
early,cage,2,4,resnet,False,solarisation,lr,1e-05,0.0001,32,7,0.2518,0.7862,1.0263,0.6744,0.5000,nan,nan,nan,nan,0
early,cage,2,4,resnet,False,solarisation,lr,1e-05,0.0001,32,8,0.1526,0.8644,1.2208,0.6977,0.5286,nan,nan,nan,nan,0
early,cage,2,4,resnet,False,solarisation,lr,1e-05,0.0001,32,9,0.1002,1.4581,1.5169,0.7674,0.4643,nan,nan,nan,nan,0
early,cage,2,4,resnet,False,solarisation,lr,1e-05,0.0001,32,10,0.0648,1.0624,1.4247,0.7209,0.5500,nan,nan,nan,nan,0
early,cage,2,4,resnet,False,solarisation,lr,1e-05,0.0001,32,11,0.0444,1.2567,1.5892,0.7442,0.5071,nan,nan,nan,nan,0
early,cage,2,4,resnet,False,solarisation,lr,1e-05,0.0001,32,12,0.0310,0.9818,1.5445,0.6744,0.5143,nan,nan,nan,nan,0
early,cage,2,4,resnet,False,solarisation,lr,1e-05,0.0001,32,13,0.0252,1.2491,1.5670,0.7442,0.5286,nan,nan,nan,nan,0
early,cage,2,4,resnet,False,solarisation,lr,1e-05,0.0001,32,14,0.0170,1.0599,1.6117,0.7209,0.5179,nan,nan,nan,nan,0
early,cage,2,4,resnet,False,solarisation,lr,1e-05,0.0001,32,15,0.0193,0.9298,1.6244,0.6744,0.5464,nan,nan,nan,nan,0
early,cage,2,4,resnet,False,solarisation,lr,1e-05,0.0001,32,16,0.0150,2.3236,2.2361,0.7907,0.4857,nan,nan,nan,nan,0
early,cage,2,5,resnet,False,solarisation,lr,1e-05,0.0001,32,1,0.7344,0.6876,0.7186,0.2250,0.4588,nan,nan,nan,nan,0
early,cage,2,5,resnet,False,solarisation,lr,1e-05,0.0001,32,2,0.6806,0.7057,0.7270,0.3250,0.4014,nan,nan,nan,nan,0
early,cage,2,5,resnet,False,solarisation,lr,1e-05,0.0001,32,3,0.6344,0.7696,0.6851,0.7750,0.3763,nan,nan,nan,nan,0
early,cage,2,5,resnet,False,solarisation,lr,1e-05,0.0001,32,4,0.5675,0.7003,0.7649,0.4750,0.4946,nan,nan,nan,nan,0
early,cage,2,5,resnet,False,solarisation,lr,1e-05,0.0001,32,5,0.4533,0.8723,0.7780,0.7250,0.4731,0.7105,0.6950,0.7381,0.6544,1
early,cage,2,5,resnet,False,solarisation,lr,1e-05,0.0001,32,6,0.3073,0.8740,0.9228,0.6250,0.4265,nan,nan,nan,nan,0
early,cage,2,5,resnet,False,solarisation,lr,1e-05,0.0001,32,7,0.1941,0.9976,1.0699,0.6500,0.3584,nan,nan,nan,nan,0
early,cage,2,5,resnet,False,solarisation,lr,1e-05,0.0001,32,8,0.1231,1.5309,1.2321,0.7750,0.3799,nan,nan,nan,nan,0
early,cage,2,5,resnet,False,solarisation,lr,1e-05,0.0001,32,9,0.0738,0.8961,1.2879,0.3750,0.4516,nan,nan,nan,nan,0
early,cage,2,5,resnet,False,solarisation,lr,1e-05,0.0001,32,10,0.0471,1.4606,1.3082,0.7750,0.3871,nan,nan,nan,nan,0
early,cage,2,5,resnet,False,solarisation,lr,1e-05,0.0001,32,11,0.0366,1.1027,1.3385,0.6500,0.4265,nan,nan,nan,nan,0
early,cage,2,5,resnet,False,solarisation,lr,1e-05,0.0001,32,12,0.0271,1.3416,1.4143,0.6750,0.3047,nan,nan,nan,nan,0
early,cage,2,5,resnet,False,solarisation,lr,1e-05,0.0001,32,13,0.0182,1.8600,1.5559,0.7750,0.3262,nan,nan,nan,nan,0
early,cage,2,5,resnet,False,solarisation,lr,1e-05,0.0001,32,14,0.0157,1.2057,1.3447,0.7000,0.3584,nan,nan,nan,nan,0
early,cage,2,5,resnet,False,solarisation,lr,1e-05,0.0001,32,15,0.0220,1.1285,1.5457,0.4750,0.3405,nan,nan,nan,nan,0
early,cage,2,5,resnet,False,solarisation,lr,1e-05,0.0001,32,16,0.0220,1.5290,1.5007,0.7250,0.3584,nan,nan,nan,nan,0
early,cage,2,6,resnet,False,solarisation,lr,1e-05,0.0001,32,1,0.7097,0.6929,0.6739,0.7805,0.4476,nan,nan,nan,nan,0
early,cage,2,6,resnet,False,solarisation,lr,1e-05,0.0001,32,2,0.6744,0.7141,0.6438,0.8293,0.4048,nan,nan,nan,nan,0
early,cage,2,6,resnet,False,solarisation,lr,1e-05,0.0001,32,3,0.6359,0.7420,0.6631,0.7805,0.3381,nan,nan,nan,nan,0
early,cage,2,6,resnet,False,solarisation,lr,1e-05,0.0001,32,4,0.5687,0.7658,0.6745,0.7561,0.4333,nan,nan,nan,nan,0
early,cage,2,6,resnet,False,solarisation,lr,1e-05,0.0001,32,5,0.4534,0.7961,0.6959,0.8049,0.4238,nan,nan,nan,nan,1
early,cage,2,6,resnet,False,solarisation,lr,1e-05,0.0001,32,6,0.3178,1.3526,0.9853,0.8293,0.4524,nan,nan,nan,nan,0
early,cage,2,6,resnet,False,solarisation,lr,1e-05,0.0001,32,7,0.2016,1.4161,1.0560,0.8293,0.4286,nan,nan,nan,nan,1
early,cage,2,6,resnet,False,solarisation,lr,1e-05,0.0001,32,8,0.1256,1.2661,1.0756,0.8293,0.4429,nan,nan,nan,nan,1
early,cage,2,6,resnet,False,solarisation,lr,1e-05,0.0001,32,9,0.0720,1.3340,1.1199,0.8293,0.4333,nan,nan,nan,nan,0
early,cage,2,6,resnet,False,solarisation,lr,1e-05,0.0001,32,10,0.0462,1.4265,1.2055,0.8293,0.4429,nan,nan,nan,nan,0
early,cage,2,6,resnet,False,solarisation,lr,1e-05,0.0001,32,11,0.0358,1.5140,1.2620,0.8293,0.4667,nan,nan,nan,nan,1
early,cage,2,6,resnet,False,solarisation,lr,1e-05,0.0001,32,12,0.0290,1.3284,1.2279,0.7805,0.4810,nan,nan,nan,nan,1
early,cage,2,6,resnet,False,solarisation,lr,1e-05,0.0001,32,13,0.0194,1.7772,1.3776,0.8537,0.4905,nan,nan,nan,nan,1
early,cage,2,6,resnet,False,solarisation,lr,1e-05,0.0001,32,14,0.0136,1.8272,1.4218,0.8293,0.4714,nan,nan,nan,nan,1
early,cage,2,6,resnet,False,solarisation,lr,1e-05,0.0001,32,15,0.0108,1.5460,1.3037,0.8293,0.5143,1.2681,1.2091,0.8333,0.6985,1
early,cage,2,6,resnet,False,solarisation,lr,1e-05,0.0001,32,16,0.0097,1.5021,1.3929,0.8049,0.4619,nan,nan,nan,nan,0
early,cage,2,6,resnet,False,solarisation,lr,1e-05,0.0001,32,17,0.0078,1.8651,1.5278,0.8293,0.4905,nan,nan,nan,nan,0
early,cage,2,6,resnet,False,solarisation,lr,1e-05,0.0001,32,18,0.0082,1.1330,1.2709,0.7561,0.4810,nan,nan,nan,nan,0
early,cage,2,6,resnet,False,solarisation,lr,1e-05,0.0001,32,19,0.0067,1.8472,1.5747,0.8293,0.4333,nan,nan,nan,nan,0
early,cage,2,6,resnet,False,solarisation,lr,1e-05,0.0001,32,20,0.0061,1.2153,1.4640,0.7317,0.4714,nan,nan,nan,nan,0
early,cage,2,7,resnet,False,solarisation,lr,1e-05,0.0001,32,1,0.7087,0.7506,0.8432,0.1591,0.4097,nan,nan,nan,nan,0
early,cage,2,7,resnet,False,solarisation,lr,1e-05,0.0001,32,2,0.6783,0.7383,0.6657,0.7045,0.4062,nan,nan,nan,nan,0
early,cage,2,7,resnet,False,solarisation,lr,1e-05,0.0001,32,3,0.6238,0.7512,0.7147,0.6591,0.4514,nan,nan,nan,nan,0
early,cage,2,7,resnet,False,solarisation,lr,1e-05,0.0001,32,4,0.5475,0.9893,0.7059,0.8182,0.5556,nan,nan,nan,nan,0
early,cage,2,7,resnet,False,solarisation,lr,1e-05,0.0001,32,5,0.4430,0.7650,1.0026,0.4773,0.5000,nan,nan,nan,nan,1
early,cage,2,7,resnet,False,solarisation,lr,1e-05,0.0001,32,6,0.3170,1.3352,0.9598,0.8182,0.6215,nan,nan,nan,nan,1
early,cage,2,7,resnet,False,solarisation,lr,1e-05,0.0001,32,7,0.1901,1.0089,1.1303,0.7045,0.5660,nan,nan,nan,nan,1
early,cage,2,7,resnet,False,solarisation,lr,1e-05,0.0001,32,8,0.1230,1.2135,1.1939,0.8182,0.6458,nan,nan,nan,nan,1
early,cage,2,7,resnet,False,solarisation,lr,1e-05,0.0001,32,9,0.0772,1.1337,1.1857,0.7500,0.6424,nan,nan,nan,nan,1
early,cage,2,7,resnet,False,solarisation,lr,1e-05,0.0001,32,10,0.0539,1.0342,1.3115,0.7045,0.5972,nan,nan,nan,nan,1
early,cage,2,7,resnet,False,solarisation,lr,1e-05,0.0001,32,11,0.0338,1.1070,1.4208,0.6818,0.5694,nan,nan,nan,nan,0
early,cage,2,7,resnet,False,solarisation,lr,1e-05,0.0001,32,12,0.0294,1.8357,1.4699,0.8182,0.6562,nan,nan,nan,nan,1
early,cage,2,7,resnet,False,solarisation,lr,1e-05,0.0001,32,13,0.0183,1.4049,1.5001,0.7955,0.6528,nan,nan,nan,nan,0
early,cage,2,7,resnet,False,solarisation,lr,1e-05,0.0001,32,14,0.0213,2.1196,1.6271,0.8182,0.6042,nan,nan,nan,nan,0
early,cage,2,7,resnet,False,solarisation,lr,1e-05,0.0001,32,15,0.0194,1.3029,1.5036,0.7727,0.6389,nan,nan,nan,nan,0
early,cage,2,7,resnet,False,solarisation,lr,1e-05,0.0001,32,16,0.0166,1.7152,1.5965,0.8182,0.6458,2.0037,1.7639,0.7857,0.5110,1
early,cage,2,7,resnet,False,solarisation,lr,1e-05,0.0001,32,17,0.0170,2.0760,1.7220,0.7955,0.6007,nan,nan,nan,nan,0
early,cage,2,7,resnet,False,solarisation,lr,1e-05,0.0001,32,18,0.0128,1.6459,1.6352,0.8182,0.5833,nan,nan,nan,nan,0
early,cage,2,7,resnet,False,solarisation,lr,1e-05,0.0001,32,19,0.0123,1.2647,1.7109,0.6818,0.5417,nan,nan,nan,nan,0
early,cage,2,7,resnet,False,solarisation,lr,1e-05,0.0001,32,20,0.0115,1.4110,1.7472,0.7045,0.5556,nan,nan,nan,nan,0
early,cage,2,7,resnet,False,solarisation,lr,1e-05,0.0001,32,21,0.0149,3.2113,2.0701,0.8182,0.5938,nan,nan,nan,nan,0
early,cage,2,8,resnet,False,solarisation,lr,1e-05,0.0001,32,1,0.7054,0.6994,0.6519,0.7447,0.4968,nan,nan,nan,nan,0
early,cage,2,8,resnet,False,solarisation,lr,1e-05,0.0001,32,2,0.6783,0.7155,0.6510,0.7872,0.3622,nan,nan,nan,nan,0
early,cage,2,8,resnet,False,solarisation,lr,1e-05,0.0001,32,3,0.6370,0.7084,0.6966,0.5957,0.4744,nan,nan,nan,nan,0
early,cage,2,8,resnet,False,solarisation,lr,1e-05,0.0001,32,4,0.5805,0.7643,0.6146,0.8298,0.5449,nan,nan,nan,nan,0
early,cage,2,8,resnet,False,solarisation,lr,1e-05,0.0001,32,5,0.4885,0.7306,0.6444,0.7660,0.5865,nan,nan,nan,nan,1
early,cage,2,8,resnet,False,solarisation,lr,1e-05,0.0001,32,6,0.3599,0.7591,0.8195,0.6170,0.5032,nan,nan,nan,nan,0
early,cage,2,8,resnet,False,solarisation,lr,1e-05,0.0001,32,7,0.2460,0.7780,0.9752,0.5745,0.5000,nan,nan,nan,nan,1
early,cage,2,8,resnet,False,solarisation,lr,1e-05,0.0001,32,8,0.1477,0.8915,1.3449,0.2979,0.4936,nan,nan,nan,nan,0
early,cage,2,8,resnet,False,solarisation,lr,1e-05,0.0001,32,9,0.0910,0.8743,1.0519,0.7447,0.5288,nan,nan,nan,nan,0
early,cage,2,8,resnet,False,solarisation,lr,1e-05,0.0001,32,10,0.0594,0.8304,1.1909,0.6170,0.5256,nan,nan,nan,nan,0
early,cage,2,8,resnet,False,solarisation,lr,1e-05,0.0001,32,11,0.0491,0.9622,1.1487,0.7872,0.5609,nan,nan,nan,nan,0
early,cage,2,8,resnet,False,solarisation,lr,1e-05,0.0001,32,12,0.0344,1.0924,1.1109,0.7872,0.5737,nan,nan,nan,nan,1
early,cage,2,8,resnet,False,solarisation,lr,1e-05,0.0001,32,13,0.0264,1.2535,1.2347,0.7872,0.5192,1.0796,1.2634,0.7857,0.6287,1
early,cage,2,8,resnet,False,solarisation,lr,1e-05,0.0001,32,14,0.0193,0.9781,1.6686,0.3830,0.4968,nan,nan,nan,nan,0
early,cage,2,8,resnet,False,solarisation,lr,1e-05,0.0001,32,15,0.0183,1.4686,1.2036,0.7872,0.5481,nan,nan,nan,nan,0
early,cage,2,8,resnet,False,solarisation,lr,1e-05,0.0001,32,16,0.0121,0.9399,1.4355,0.6383,0.5000,nan,nan,nan,nan,0
early,cage,2,8,resnet,False,solarisation,lr,1e-05,0.0001,32,17,0.0593,1.2936,2.2429,0.1915,0.4840,nan,nan,nan,nan,0
early,cage,2,8,resnet,False,solarisation,lr,1e-05,0.0001,32,18,0.0354,1.4428,2.4029,0.1915,0.4840,nan,nan,nan,nan,0
early,cage,2,9,resnet,False,solarisation,lr,1e-05,0.0001,32,1,0.7123,0.6728,0.7750,0.2143,0.7003,nan,nan,nan,nan,0
early,cage,2,9,resnet,False,solarisation,lr,1e-05,0.0001,32,2,0.6715,0.7419,0.6541,0.7619,0.4680,nan,nan,nan,nan,0
early,cage,2,9,resnet,False,solarisation,lr,1e-05,0.0001,32,3,0.6308,0.7611,0.6617,0.7857,0.5084,nan,nan,nan,nan,0
early,cage,2,9,resnet,False,solarisation,lr,1e-05,0.0001,32,4,0.5590,0.8610,0.6784,0.7619,0.5219,nan,nan,nan,nan,0
early,cage,2,9,resnet,False,solarisation,lr,1e-05,0.0001,32,5,0.4410,1.4221,0.8785,0.7857,0.3872,1.1567,0.8006,0.8095,0.5809,1
early,cage,2,9,resnet,False,solarisation,lr,1e-05,0.0001,32,6,0.3004,1.3238,0.9208,0.7857,0.4646,nan,nan,nan,nan,0
early,cage,2,9,resnet,False,solarisation,lr,1e-05,0.0001,32,7,0.1769,1.6495,1.0704,0.7857,0.4545,nan,nan,nan,nan,0
early,cage,2,9,resnet,False,solarisation,lr,1e-05,0.0001,32,8,0.1083,1.7729,1.1453,0.7857,0.4310,nan,nan,nan,nan,0
early,cage,2,9,resnet,False,solarisation,lr,1e-05,0.0001,32,9,0.0679,2.7138,1.5287,0.7857,0.4209,nan,nan,nan,nan,0
early,cage,2,9,resnet,False,solarisation,lr,1e-05,0.0001,32,10,0.0443,1.3652,1.2300,0.7619,0.4310,nan,nan,nan,nan,0
early,cage,2,9,resnet,False,solarisation,lr,1e-05,0.0001,32,11,0.0315,2.8489,1.6163,0.7857,0.4209,nan,nan,nan,nan,0
early,cage,2,9,resnet,False,solarisation,lr,1e-05,0.0001,32,12,0.0254,1.8164,1.3136,0.8095,0.4478,nan,nan,nan,nan,0
early,cage,2,9,resnet,False,solarisation,lr,1e-05,0.0001,32,13,0.0213,2.1734,1.4131,0.8095,0.4276,nan,nan,nan,nan,0
early,cage,2,9,resnet,False,solarisation,lr,1e-05,0.0001,32,14,0.0163,2.6921,1.5990,0.7857,0.4411,nan,nan,nan,nan,0
early,cage,2,9,resnet,False,solarisation,lr,1e-05,0.0001,32,15,0.0134,2.4755,1.5365,0.8095,0.3906,nan,nan,nan,nan,0
early,cage,2,9,resnet,False,solarisation,lr,1e-05,0.0001,32,16,0.0151,1.9216,1.5571,0.7857,0.3973,nan,nan,nan,nan,0
early,cage,3,0,resnet,False,solarisation,lr,1e-05,0.0001,32,1,0.7122,0.6869,0.6988,0.5349,0.6389,nan,nan,nan,nan,0
early,cage,3,0,resnet,False,solarisation,lr,1e-05,0.0001,32,2,0.6807,0.7015,0.7318,0.4651,0.5119,nan,nan,nan,nan,0
early,cage,3,0,resnet,False,solarisation,lr,1e-05,0.0001,32,3,0.6424,0.7152,0.8011,0.1860,0.5794,nan,nan,nan,nan,0
early,cage,3,0,resnet,False,solarisation,lr,1e-05,0.0001,32,4,0.5764,0.7040,0.7637,0.3488,0.5238,nan,nan,nan,nan,0
early,cage,3,0,resnet,False,solarisation,lr,1e-05,0.0001,32,5,0.4886,0.7481,0.8967,0.3721,0.4802,nan,nan,nan,nan,1
early,cage,3,0,resnet,False,solarisation,lr,1e-05,0.0001,32,6,0.3652,0.7422,0.9695,0.4884,0.5238,nan,nan,nan,nan,0
early,cage,3,0,resnet,False,solarisation,lr,1e-05,0.0001,32,7,0.2289,0.8953,1.3638,0.3953,0.5437,nan,nan,nan,nan,0
early,cage,3,0,resnet,False,solarisation,lr,1e-05,0.0001,32,8,0.1463,0.8272,1.1006,0.7209,0.5675,nan,nan,nan,nan,0
early,cage,3,0,resnet,False,solarisation,lr,1e-05,0.0001,32,9,0.0880,0.8852,1.2079,0.6977,0.5476,nan,nan,nan,nan,0
early,cage,3,0,resnet,False,solarisation,lr,1e-05,0.0001,32,10,0.0611,0.9058,1.3119,0.6512,0.5476,nan,nan,nan,nan,0
early,cage,3,0,resnet,False,solarisation,lr,1e-05,0.0001,32,11,0.0391,1.0482,1.3010,0.7907,0.5714,1.1483,1.2048,0.8333,0.5347,1
early,cage,3,0,resnet,False,solarisation,lr,1e-05,0.0001,32,12,0.0439,0.9863,1.3714,0.6279,0.5159,nan,nan,nan,nan,0
early,cage,3,0,resnet,False,solarisation,lr,1e-05,0.0001,32,13,0.0274,1.2011,1.3704,0.8140,0.5238,nan,nan,nan,nan,0
early,cage,3,0,resnet,False,solarisation,lr,1e-05,0.0001,32,14,0.0239,0.9657,1.7573,0.4884,0.5357,nan,nan,nan,nan,0
early,cage,3,0,resnet,False,solarisation,lr,1e-05,0.0001,32,15,0.0167,0.9105,1.5667,0.5116,0.5159,nan,nan,nan,nan,0
early,cage,3,0,resnet,False,solarisation,lr,1e-05,0.0001,32,16,0.0142,0.8983,1.5798,0.5814,0.5635,nan,nan,nan,nan,0
early,cage,3,1,resnet,False,solarisation,lr,1e-05,0.0001,32,1,0.7083,0.6899,0.7084,0.3721,0.6310,nan,nan,nan,nan,0
early,cage,3,1,resnet,False,solarisation,lr,1e-05,0.0001,32,2,0.6833,0.6852,0.6773,0.6047,0.5714,nan,nan,nan,nan,0
early,cage,3,1,resnet,False,solarisation,lr,1e-05,0.0001,32,3,0.6503,0.6890,0.6924,0.6512,0.5437,nan,nan,nan,nan,0
early,cage,3,1,resnet,False,solarisation,lr,1e-05,0.0001,32,4,0.5930,0.6938,0.6964,0.5581,0.5476,nan,nan,nan,nan,0
early,cage,3,1,resnet,False,solarisation,lr,1e-05,0.0001,32,5,0.5085,0.7351,0.7830,0.4884,0.5079,0.7507,0.8660,0.5000,0.5184,1
early,cage,3,1,resnet,False,solarisation,lr,1e-05,0.0001,32,6,0.3774,0.9063,0.7394,0.7674,0.4484,nan,nan,nan,nan,0
early,cage,3,1,resnet,False,solarisation,lr,1e-05,0.0001,32,7,0.2513,1.0482,0.8247,0.7907,0.5079,nan,nan,nan,nan,0
early,cage,3,1,resnet,False,solarisation,lr,1e-05,0.0001,32,8,0.1420,0.9540,0.9509,0.6977,0.5040,nan,nan,nan,nan,0
early,cage,3,1,resnet,False,solarisation,lr,1e-05,0.0001,32,9,0.0965,2.8513,1.6083,0.8372,0.4683,nan,nan,nan,nan,0
early,cage,3,1,resnet,False,solarisation,lr,1e-05,0.0001,32,10,0.0642,2.3105,1.3560,0.8372,0.4206,nan,nan,nan,nan,0
early,cage,3,1,resnet,False,solarisation,lr,1e-05,0.0001,32,11,0.0439,1.6148,1.1644,0.7907,0.4286,nan,nan,nan,nan,0
early,cage,3,1,resnet,False,solarisation,lr,1e-05,0.0001,32,12,0.0298,2.1894,1.3474,0.8372,0.3849,nan,nan,nan,nan,0
early,cage,3,1,resnet,False,solarisation,lr,1e-05,0.0001,32,13,0.0273,1.8946,1.2725,0.8372,0.3889,nan,nan,nan,nan,0
early,cage,3,1,resnet,False,solarisation,lr,1e-05,0.0001,32,14,0.0198,2.2142,1.3839,0.8372,0.3968,nan,nan,nan,nan,0
early,cage,3,1,resnet,False,solarisation,lr,1e-05,0.0001,32,15,0.0173,1.7089,1.2746,0.7674,0.4167,nan,nan,nan,nan,0
early,cage,3,1,resnet,False,solarisation,lr,1e-05,0.0001,32,16,0.0137,1.9695,1.4148,0.7907,0.4484,nan,nan,nan,nan,0
early,cage,3,2,resnet,False,solarisation,lr,1e-05,0.0001,32,1,0.7078,0.7180,0.7956,0.1905,0.3713,nan,nan,nan,nan,0
early,cage,3,2,resnet,False,solarisation,lr,1e-05,0.0001,32,2,0.6770,0.6936,0.6517,0.8095,0.6912,nan,nan,nan,nan,0
early,cage,3,2,resnet,False,solarisation,lr,1e-05,0.0001,32,3,0.6341,0.7020,0.6586,0.7857,0.5551,nan,nan,nan,nan,0
early,cage,3,2,resnet,False,solarisation,lr,1e-05,0.0001,32,4,0.5653,0.7221,0.6134,0.8095,0.7169,nan,nan,nan,nan,0
early,cage,3,2,resnet,False,solarisation,lr,1e-05,0.0001,32,5,0.4570,0.6606,0.7295,0.6190,0.6618,nan,nan,nan,nan,1
early,cage,3,2,resnet,False,solarisation,lr,1e-05,0.0001,32,6,0.3173,0.7585,0.8274,0.6190,0.4890,0.6612,0.7635,0.8333,0.6408,1
early,cage,3,2,resnet,False,solarisation,lr,1e-05,0.0001,32,7,0.1991,0.8679,0.8447,0.7857,0.5588,nan,nan,nan,nan,0
early,cage,3,2,resnet,False,solarisation,lr,1e-05,0.0001,32,8,0.1286,0.8062,1.1528,0.4524,0.4632,nan,nan,nan,nan,0
early,cage,3,2,resnet,False,solarisation,lr,1e-05,0.0001,32,9,0.0816,0.8025,1.1504,0.5238,0.4779,nan,nan,nan,nan,0
early,cage,3,2,resnet,False,solarisation,lr,1e-05,0.0001,32,10,0.0554,1.4283,1.1456,0.7857,0.4816,nan,nan,nan,nan,0
early,cage,3,2,resnet,False,solarisation,lr,1e-05,0.0001,32,11,0.0421,1.0096,1.2524,0.6190,0.3824,nan,nan,nan,nan,0
early,cage,3,2,resnet,False,solarisation,lr,1e-05,0.0001,32,12,0.0302,0.9767,1.3502,0.5714,0.4596,nan,nan,nan,nan,0
early,cage,3,2,resnet,False,solarisation,lr,1e-05,0.0001,32,13,0.0234,1.5957,1.2934,0.7857,0.4522,nan,nan,nan,nan,0
early,cage,3,2,resnet,False,solarisation,lr,1e-05,0.0001,32,14,0.0146,1.2900,1.2826,0.7857,0.4559,nan,nan,nan,nan,0
early,cage,3,2,resnet,False,solarisation,lr,1e-05,0.0001,32,15,0.0130,1.3272,1.3742,0.7381,0.4890,nan,nan,nan,nan,0
early,cage,3,2,resnet,False,solarisation,lr,1e-05,0.0001,32,16,0.0115,0.9483,1.5416,0.5476,0.4669,nan,nan,nan,nan,0
early,cage,3,4,resnet,False,solarisation,lr,1e-05,0.0001,32,1,0.7076,0.6972,0.6661,0.8140,0.6321,nan,nan,nan,nan,0
early,cage,3,4,resnet,False,solarisation,lr,1e-05,0.0001,32,2,0.6915,0.6844,0.6723,0.7442,0.6000,nan,nan,nan,nan,0
early,cage,3,4,resnet,False,solarisation,lr,1e-05,0.0001,32,3,0.6464,0.6913,0.6700,0.7907,0.6250,nan,nan,nan,nan,0
early,cage,3,4,resnet,False,solarisation,lr,1e-05,0.0001,32,4,0.5993,0.8129,0.7523,0.8140,0.5214,nan,nan,nan,nan,0
early,cage,3,4,resnet,False,solarisation,lr,1e-05,0.0001,32,5,0.4976,0.8424,0.8860,0.6977,0.5179,0.7667,0.7304,0.7619,0.6000,1
early,cage,3,4,resnet,False,solarisation,lr,1e-05,0.0001,32,6,0.3670,1.0259,1.0619,0.7907,0.5464,nan,nan,nan,nan,0
early,cage,3,4,resnet,False,solarisation,lr,1e-05,0.0001,32,7,0.2268,1.3878,1.3484,0.7674,0.4250,nan,nan,nan,nan,0
early,cage,3,4,resnet,False,solarisation,lr,1e-05,0.0001,32,8,0.1330,1.5147,1.5387,0.7907,0.4500,nan,nan,nan,nan,0
early,cage,3,4,resnet,False,solarisation,lr,1e-05,0.0001,32,9,0.0833,1.3923,1.5741,0.7674,0.4429,nan,nan,nan,nan,0
early,cage,3,4,resnet,False,solarisation,lr,1e-05,0.0001,32,10,0.0546,1.3950,1.5967,0.7674,0.4500,nan,nan,nan,nan,0
early,cage,3,4,resnet,False,solarisation,lr,1e-05,0.0001,32,11,0.0416,1.2047,1.6514,0.7442,0.4857,nan,nan,nan,nan,0
early,cage,3,4,resnet,False,solarisation,lr,1e-05,0.0001,32,12,0.0297,1.6808,1.8641,0.7674,0.4250,nan,nan,nan,nan,0
early,cage,3,4,resnet,False,solarisation,lr,1e-05,0.0001,32,13,0.0265,1.7179,1.8983,0.7674,0.4107,nan,nan,nan,nan,0
early,cage,3,4,resnet,False,solarisation,lr,1e-05,0.0001,32,14,0.0163,1.4756,1.8869,0.7442,0.4179,nan,nan,nan,nan,0
early,cage,3,4,resnet,False,solarisation,lr,1e-05,0.0001,32,15,0.0153,2.1778,2.1739,0.7907,0.4000,nan,nan,nan,nan,0
early,cage,3,4,resnet,False,solarisation,lr,1e-05,0.0001,32,16,0.0127,1.6994,2.0837,0.7442,0.3750,nan,nan,nan,nan,0
early,cage,3,5,resnet,False,solarisation,lr,1e-05,0.0001,32,1,0.7069,0.7363,0.6680,0.7750,0.4122,nan,nan,nan,nan,0
early,cage,3,5,resnet,False,solarisation,lr,1e-05,0.0001,32,2,0.6747,0.6997,0.7886,0.2250,0.3763,nan,nan,nan,nan,0
early,cage,3,5,resnet,False,solarisation,lr,1e-05,0.0001,32,3,0.6308,0.7126,0.8206,0.2500,0.4014,nan,nan,nan,nan,0
early,cage,3,5,resnet,False,solarisation,lr,1e-05,0.0001,32,4,0.5673,0.7447,0.9219,0.3000,0.4122,nan,nan,nan,nan,0
early,cage,3,5,resnet,False,solarisation,lr,1e-05,0.0001,32,5,0.4554,0.7556,0.8630,0.3750,0.3692,nan,nan,nan,nan,1
early,cage,3,5,resnet,False,solarisation,lr,1e-05,0.0001,32,6,0.3394,1.0441,0.9281,0.7500,0.3692,nan,nan,nan,nan,0
early,cage,3,5,resnet,False,solarisation,lr,1e-05,0.0001,32,7,0.2164,0.7575,1.0665,0.4250,0.4516,nan,nan,nan,nan,1
early,cage,3,5,resnet,False,solarisation,lr,1e-05,0.0001,32,8,0.1293,0.7301,1.1047,0.3750,0.5018,nan,nan,nan,nan,1
early,cage,3,5,resnet,False,solarisation,lr,1e-05,0.0001,32,9,0.0842,0.9342,1.2127,0.6250,0.4086,nan,nan,nan,nan,0
early,cage,3,5,resnet,False,solarisation,lr,1e-05,0.0001,32,10,0.0584,1.3292,1.2686,0.7500,0.4086,nan,nan,nan,nan,1
early,cage,3,5,resnet,False,solarisation,lr,1e-05,0.0001,32,11,0.0437,2.0675,1.5552,0.7750,0.3799,nan,nan,nan,nan,0
early,cage,3,5,resnet,False,solarisation,lr,1e-05,0.0001,32,12,0.0341,1.5846,1.3991,0.8000,0.4337,nan,nan,nan,nan,0
early,cage,3,5,resnet,False,solarisation,lr,1e-05,0.0001,32,13,0.0303,1.2612,1.2583,0.7750,0.4803,nan,nan,nan,nan,0
early,cage,3,5,resnet,False,solarisation,lr,1e-05,0.0001,32,14,0.0176,1.4589,1.3746,0.7750,0.4875,nan,nan,nan,nan,1
early,cage,3,5,resnet,False,solarisation,lr,1e-05,0.0001,32,15,0.0164,1.8848,1.5139,0.8000,0.4194,nan,nan,nan,nan,0
early,cage,3,5,resnet,False,solarisation,lr,1e-05,0.0001,32,16,0.0131,1.5944,1.4700,0.8000,0.4731,1.3795,1.2616,0.8095,0.5306,1
early,cage,3,5,resnet,False,solarisation,lr,1e-05,0.0001,32,17,0.0156,1.4145,1.4309,0.7250,0.4444,nan,nan,nan,nan,0
early,cage,3,5,resnet,False,solarisation,lr,1e-05,0.0001,32,18,0.0110,2.1707,1.7742,0.8000,0.3871,nan,nan,nan,nan,0
early,cage,3,5,resnet,False,solarisation,lr,1e-05,0.0001,32,19,0.0104,1.7616,1.6012,0.8000,0.4014,nan,nan,nan,nan,0
early,cage,3,5,resnet,False,solarisation,lr,1e-05,0.0001,32,20,0.0235,1.2162,1.4897,0.6750,0.4767,nan,nan,nan,nan,0
early,cage,3,5,resnet,False,solarisation,lr,1e-05,0.0001,32,21,0.0100,1.9777,1.7658,0.7750,0.3692,nan,nan,nan,nan,0
early,cage,3,6,resnet,False,solarisation,lr,1e-05,0.0001,32,1,0.7066,0.6893,0.6857,0.6098,0.5857,nan,nan,nan,nan,0
early,cage,3,6,resnet,False,solarisation,lr,1e-05,0.0001,32,2,0.6698,0.8048,0.9086,0.1463,0.5476,nan,nan,nan,nan,0
early,cage,3,6,resnet,False,solarisation,lr,1e-05,0.0001,32,3,0.6279,0.7296,0.6921,0.8049,0.4429,nan,nan,nan,nan,0
early,cage,3,6,resnet,False,solarisation,lr,1e-05,0.0001,32,4,0.5688,0.7317,0.8110,0.5854,0.4190,nan,nan,nan,nan,0
early,cage,3,6,resnet,False,solarisation,lr,1e-05,0.0001,32,5,0.4640,0.7494,0.7200,0.8049,0.5667,0.7293,0.6706,0.8095,0.6653,1
early,cage,3,6,resnet,False,solarisation,lr,1e-05,0.0001,32,6,0.3195,1.0482,1.3647,0.1463,0.5000,nan,nan,nan,nan,0
early,cage,3,6,resnet,False,solarisation,lr,1e-05,0.0001,32,7,0.2130,0.7263,1.0233,0.7073,0.5429,nan,nan,nan,nan,0
early,cage,3,6,resnet,False,solarisation,lr,1e-05,0.0001,32,8,0.1440,0.9785,1.4965,0.1463,0.5190,nan,nan,nan,nan,0
early,cage,3,6,resnet,False,solarisation,lr,1e-05,0.0001,32,9,0.0891,1.0224,1.1240,0.8049,0.4381,nan,nan,nan,nan,0
early,cage,3,6,resnet,False,solarisation,lr,1e-05,0.0001,32,10,0.0573,1.0649,1.1693,0.7805,0.4714,nan,nan,nan,nan,0
early,cage,3,6,resnet,False,solarisation,lr,1e-05,0.0001,32,11,0.0419,0.8454,1.4710,0.4146,0.4762,nan,nan,nan,nan,0
early,cage,3,6,resnet,False,solarisation,lr,1e-05,0.0001,32,12,0.0310,0.7943,1.3643,0.5854,0.4905,nan,nan,nan,nan,0
early,cage,3,6,resnet,False,solarisation,lr,1e-05,0.0001,32,13,0.0229,0.8326,1.5469,0.4878,0.5095,nan,nan,nan,nan,0
early,cage,3,6,resnet,False,solarisation,lr,1e-05,0.0001,32,14,0.0197,1.2401,1.4298,0.8049,0.4667,nan,nan,nan,nan,0
early,cage,3,6,resnet,False,solarisation,lr,1e-05,0.0001,32,15,0.0205,0.8681,1.5632,0.6829,0.5190,nan,nan,nan,nan,0
early,cage,3,6,resnet,False,solarisation,lr,1e-05,0.0001,32,16,0.0155,1.0121,1.4808,0.7561,0.4714,nan,nan,nan,nan,0
early,cage,3,7,resnet,False,solarisation,lr,1e-05,0.0001,32,1,0.6966,0.7147,0.6520,0.7955,0.4201,nan,nan,nan,nan,0
early,cage,3,7,resnet,False,solarisation,lr,1e-05,0.0001,32,2,0.6623,0.7271,0.7376,0.4773,0.4236,nan,nan,nan,nan,0
early,cage,3,7,resnet,False,solarisation,lr,1e-05,0.0001,32,3,0.6205,0.7337,0.7639,0.3636,0.3854,nan,nan,nan,nan,0
early,cage,3,7,resnet,False,solarisation,lr,1e-05,0.0001,32,4,0.5520,0.8865,0.6610,0.8182,0.3715,nan,nan,nan,nan,0
early,cage,3,7,resnet,False,solarisation,lr,1e-05,0.0001,32,5,0.4619,0.8795,1.0347,0.4091,0.3611,nan,nan,nan,nan,1
early,cage,3,7,resnet,False,solarisation,lr,1e-05,0.0001,32,6,0.3240,0.9170,0.8727,0.7727,0.4097,nan,nan,nan,nan,0
early,cage,3,7,resnet,False,solarisation,lr,1e-05,0.0001,32,7,0.2098,1.1462,0.9167,0.8409,0.4583,nan,nan,nan,nan,0
early,cage,3,7,resnet,False,solarisation,lr,1e-05,0.0001,32,8,0.1315,1.3288,1.0968,0.8182,0.4340,nan,nan,nan,nan,1
early,cage,3,7,resnet,False,solarisation,lr,1e-05,0.0001,32,9,0.0893,1.8340,1.1976,0.8182,0.4514,nan,nan,nan,nan,1
early,cage,3,7,resnet,False,solarisation,lr,1e-05,0.0001,32,10,0.0576,2.1963,1.3237,0.8182,0.5278,nan,nan,nan,nan,1
early,cage,3,7,resnet,False,solarisation,lr,1e-05,0.0001,32,11,0.0412,2.7175,1.5704,0.8182,0.4757,2.8216,1.7359,0.8333,0.4735,1
early,cage,3,7,resnet,False,solarisation,lr,1e-05,0.0001,32,12,0.0294,2.6522,1.5520,0.8182,0.4792,nan,nan,nan,nan,0
early,cage,3,7,resnet,False,solarisation,lr,1e-05,0.0001,32,13,0.0235,2.1978,1.4509,0.8409,0.4306,nan,nan,nan,nan,0
early,cage,3,7,resnet,False,solarisation,lr,1e-05,0.0001,32,14,0.0190,2.2947,1.4969,0.8182,0.4340,nan,nan,nan,nan,0
early,cage,3,7,resnet,False,solarisation,lr,1e-05,0.0001,32,15,0.0167,2.1863,1.4417,0.8409,0.4410,nan,nan,nan,nan,0
early,cage,3,7,resnet,False,solarisation,lr,1e-05,0.0001,32,16,0.0147,2.7588,1.6683,0.8182,0.4965,nan,nan,nan,nan,0
early,cage,3,8,resnet,False,solarisation,lr,1e-05,0.0001,32,1,0.7097,0.6901,0.6807,0.5957,0.5321,nan,nan,nan,nan,0
early,cage,3,8,resnet,False,solarisation,lr,1e-05,0.0001,32,2,0.6648,0.6938,0.7514,0.2340,0.5865,nan,nan,nan,nan,0
early,cage,3,8,resnet,False,solarisation,lr,1e-05,0.0001,32,3,0.6343,0.6843,0.7439,0.3830,0.5929,nan,nan,nan,nan,0
early,cage,3,8,resnet,False,solarisation,lr,1e-05,0.0001,32,4,0.5707,0.8719,1.1570,0.1702,0.6058,nan,nan,nan,nan,0
early,cage,3,8,resnet,False,solarisation,lr,1e-05,0.0001,32,5,0.4692,0.8416,0.6709,0.7872,0.5000,nan,nan,nan,nan,1
early,cage,3,8,resnet,False,solarisation,lr,1e-05,0.0001,32,6,0.3343,0.8304,1.2008,0.1915,0.6122,0.8317,1.1439,0.1905,0.5184,1
early,cage,3,8,resnet,False,solarisation,lr,1e-05,0.0001,32,7,0.2163,0.8314,1.1454,0.3830,0.4551,nan,nan,nan,nan,0
early,cage,3,8,resnet,False,solarisation,lr,1e-05,0.0001,32,8,0.1305,1.0001,1.0675,0.7234,0.4327,nan,nan,nan,nan,0
early,cage,3,8,resnet,False,solarisation,lr,1e-05,0.0001,32,9,0.0824,1.0395,1.2680,0.6170,0.4103,nan,nan,nan,nan,0
early,cage,3,8,resnet,False,solarisation,lr,1e-05,0.0001,32,10,0.0549,1.0775,1.1416,0.7447,0.4327,nan,nan,nan,nan,0
early,cage,3,8,resnet,False,solarisation,lr,1e-05,0.0001,32,11,0.0337,1.0889,1.3826,0.7021,0.4038,nan,nan,nan,nan,0
early,cage,3,8,resnet,False,solarisation,lr,1e-05,0.0001,32,12,0.0234,1.0837,1.4372,0.6383,0.4167,nan,nan,nan,nan,0
early,cage,3,8,resnet,False,solarisation,lr,1e-05,0.0001,32,13,0.0194,0.9960,1.5850,0.4894,0.4263,nan,nan,nan,nan,0
early,cage,3,8,resnet,False,solarisation,lr,1e-05,0.0001,32,14,0.0168,1.0414,1.5634,0.5745,0.4231,nan,nan,nan,nan,0
early,cage,3,8,resnet,False,solarisation,lr,1e-05,0.0001,32,15,0.0140,1.1612,1.4208,0.7021,0.4135,nan,nan,nan,nan,0
early,cage,3,8,resnet,False,solarisation,lr,1e-05,0.0001,32,16,0.0130,1.0578,1.7009,0.5532,0.4295,nan,nan,nan,nan,0
early,cage,3,9,resnet,False,solarisation,lr,1e-05,0.0001,32,1,0.7084,0.6914,0.7004,0.3810,0.4949,nan,nan,nan,nan,0
early,cage,3,9,resnet,False,solarisation,lr,1e-05,0.0001,32,2,0.6752,0.6990,0.6925,0.5714,0.4916,nan,nan,nan,nan,0
early,cage,3,9,resnet,False,solarisation,lr,1e-05,0.0001,32,3,0.6340,0.6972,0.7510,0.3571,0.5185,nan,nan,nan,nan,0
early,cage,3,9,resnet,False,solarisation,lr,1e-05,0.0001,32,4,0.5627,0.7003,0.7424,0.5476,0.5522,nan,nan,nan,nan,0
early,cage,3,9,resnet,False,solarisation,lr,1e-05,0.0001,32,5,0.4721,0.8228,1.1401,0.1905,0.3939,0.7452,0.9673,0.1667,0.7224,1
early,cage,3,9,resnet,False,solarisation,lr,1e-05,0.0001,32,6,0.3464,0.9958,0.9790,0.6190,0.3805,nan,nan,nan,nan,0
early,cage,3,9,resnet,False,solarisation,lr,1e-05,0.0001,32,7,0.2253,1.0084,1.2401,0.3333,0.3535,nan,nan,nan,nan,0
early,cage,3,9,resnet,False,solarisation,lr,1e-05,0.0001,32,8,0.1430,1.3948,1.2477,0.5952,0.3333,nan,nan,nan,nan,0
early,cage,3,9,resnet,False,solarisation,lr,1e-05,0.0001,32,9,0.0831,1.1242,1.6138,0.2143,0.3266,nan,nan,nan,nan,0
early,cage,3,9,resnet,False,solarisation,lr,1e-05,0.0001,32,10,0.0626,1.8809,1.4948,0.7619,0.3367,nan,nan,nan,nan,0
early,cage,3,9,resnet,False,solarisation,lr,1e-05,0.0001,32,11,0.0413,1.3428,1.5623,0.5238,0.3535,nan,nan,nan,nan,0
early,cage,3,9,resnet,False,solarisation,lr,1e-05,0.0001,32,12,0.0262,1.3114,1.6243,0.5000,0.3535,nan,nan,nan,nan,0
early,cage,3,9,resnet,False,solarisation,lr,1e-05,0.0001,32,13,0.0221,1.2589,1.6154,0.5476,0.3367,nan,nan,nan,nan,0
early,cage,3,9,resnet,False,solarisation,lr,1e-05,0.0001,32,14,0.0205,1.6383,1.6140,0.6429,0.3636,nan,nan,nan,nan,0
early,cage,3,9,resnet,False,solarisation,lr,1e-05,0.0001,32,15,0.0136,1.4440,1.6947,0.5714,0.3704,nan,nan,nan,nan,0
early,cage,3,9,resnet,False,solarisation,lr,1e-05,0.0001,32,16,0.0107,1.3821,1.8204,0.5714,0.3737,nan,nan,nan,nan,0
early,cage,4,0,resnet,False,solarisation,lr,1e-05,0.0001,32,1,0.7112,0.7014,0.6752,0.7674,0.4921,nan,nan,nan,nan,0
early,cage,4,0,resnet,False,solarisation,lr,1e-05,0.0001,32,2,0.6909,0.7078,0.6947,0.6744,0.4008,nan,nan,nan,nan,0
early,cage,4,0,resnet,False,solarisation,lr,1e-05,0.0001,32,3,0.6490,0.7274,0.6495,0.8372,0.5040,nan,nan,nan,nan,0
early,cage,4,0,resnet,False,solarisation,lr,1e-05,0.0001,32,4,0.6080,0.7510,0.6778,0.8140,0.3968,nan,nan,nan,nan,0
early,cage,4,0,resnet,False,solarisation,lr,1e-05,0.0001,32,5,0.5166,0.7502,0.7333,0.7674,0.4960,nan,nan,nan,nan,1
early,cage,4,0,resnet,False,solarisation,lr,1e-05,0.0001,32,6,0.3856,1.2494,0.9086,0.8372,0.5238,nan,nan,nan,nan,1
early,cage,4,0,resnet,False,solarisation,lr,1e-05,0.0001,32,7,0.2466,1.0650,0.9422,0.8140,0.5595,nan,nan,nan,nan,1
early,cage,4,0,resnet,False,solarisation,lr,1e-05,0.0001,32,8,0.1555,0.9061,0.9312,0.7907,0.5516,nan,nan,nan,nan,1
early,cage,4,0,resnet,False,solarisation,lr,1e-05,0.0001,32,9,0.1008,1.3543,1.1743,0.7907,0.5238,nan,nan,nan,nan,1
early,cage,4,0,resnet,False,solarisation,lr,1e-05,0.0001,32,10,0.0645,2.0307,1.4137,0.8372,0.5159,nan,nan,nan,nan,0
early,cage,4,0,resnet,False,solarisation,lr,1e-05,0.0001,32,11,0.0410,1.7580,1.3042,0.8372,0.5516,nan,nan,nan,nan,1
early,cage,4,0,resnet,False,solarisation,lr,1e-05,0.0001,32,12,0.0374,2.2085,1.5886,0.8140,0.5278,nan,nan,nan,nan,0
early,cage,4,0,resnet,False,solarisation,lr,1e-05,0.0001,32,13,0.0244,1.9663,1.4540,0.8372,0.5714,nan,nan,nan,nan,0
early,cage,4,0,resnet,False,solarisation,lr,1e-05,0.0001,32,14,0.0175,2.1402,1.5729,0.8372,0.5516,nan,nan,nan,nan,0
early,cage,4,0,resnet,False,solarisation,lr,1e-05,0.0001,32,15,0.0126,1.8862,1.4808,0.8372,0.5476,nan,nan,nan,nan,1
early,cage,4,0,resnet,False,solarisation,lr,1e-05,0.0001,32,16,0.0158,1.9253,1.4819,0.8372,0.5873,1.9543,1.7356,0.8140,0.4857,1
early,cage,4,0,resnet,False,solarisation,lr,1e-05,0.0001,32,17,0.0114,2.2873,1.6586,0.8372,0.5238,nan,nan,nan,nan,0
early,cage,4,0,resnet,False,solarisation,lr,1e-05,0.0001,32,18,0.0083,2.2812,1.6789,0.8372,0.5516,nan,nan,nan,nan,0
early,cage,4,0,resnet,False,solarisation,lr,1e-05,0.0001,32,19,0.0065,2.4199,1.7462,0.8372,0.5238,nan,nan,nan,nan,0
early,cage,4,0,resnet,False,solarisation,lr,1e-05,0.0001,32,20,0.0135,3.6847,2.3139,0.8372,0.5079,nan,nan,nan,nan,0
early,cage,4,0,resnet,False,solarisation,lr,1e-05,0.0001,32,21,0.0442,2.5374,1.8661,0.8140,0.5000,nan,nan,nan,nan,0
early,cage,4,1,resnet,False,solarisation,lr,1e-05,0.0001,32,1,0.7111,0.7246,0.6097,0.8372,0.4603,nan,nan,nan,nan,0
early,cage,4,1,resnet,False,solarisation,lr,1e-05,0.0001,32,2,0.6825,0.6914,0.7243,0.3721,0.6151,nan,nan,nan,nan,0
early,cage,4,1,resnet,False,solarisation,lr,1e-05,0.0001,32,3,0.6466,0.6876,0.6434,0.8140,0.6032,nan,nan,nan,nan,0
early,cage,4,1,resnet,False,solarisation,lr,1e-05,0.0001,32,4,0.5956,0.7479,0.5968,0.8372,0.6468,nan,nan,nan,nan,0
early,cage,4,1,resnet,False,solarisation,lr,1e-05,0.0001,32,5,0.5005,0.7215,0.9071,0.2558,0.5476,nan,nan,nan,nan,1
early,cage,4,1,resnet,False,solarisation,lr,1e-05,0.0001,32,6,0.3588,0.7412,1.1326,0.2791,0.5833,0.7526,1.0805,0.3023,0.5036,1
early,cage,4,1,resnet,False,solarisation,lr,1e-05,0.0001,32,7,0.2273,0.9376,1.1482,0.7674,0.5397,nan,nan,nan,nan,0
early,cage,4,1,resnet,False,solarisation,lr,1e-05,0.0001,32,8,0.1496,0.8573,1.5463,0.3023,0.4762,nan,nan,nan,nan,0
early,cage,4,1,resnet,False,solarisation,lr,1e-05,0.0001,32,9,0.0900,1.9190,1.4976,0.8372,0.4603,nan,nan,nan,nan,0
early,cage,4,1,resnet,False,solarisation,lr,1e-05,0.0001,32,10,0.0577,1.2728,1.5707,0.7209,0.4802,nan,nan,nan,nan,0
early,cage,4,1,resnet,False,solarisation,lr,1e-05,0.0001,32,11,0.0403,1.3510,1.6803,0.7209,0.4921,nan,nan,nan,nan,0
early,cage,4,1,resnet,False,solarisation,lr,1e-05,0.0001,32,12,0.0319,1.5343,1.7335,0.7674,0.4881,nan,nan,nan,nan,0
early,cage,4,1,resnet,False,solarisation,lr,1e-05,0.0001,32,13,0.0315,1.0019,2.0636,0.5581,0.5000,nan,nan,nan,nan,0
early,cage,4,1,resnet,False,solarisation,lr,1e-05,0.0001,32,14,0.0260,2.2965,1.8804,0.8140,0.4881,nan,nan,nan,nan,0
early,cage,4,1,resnet,False,solarisation,lr,1e-05,0.0001,32,15,0.0274,1.2030,1.9333,0.6977,0.5000,nan,nan,nan,nan,0
early,cage,4,1,resnet,False,solarisation,lr,1e-05,0.0001,32,16,0.0250,2.5159,2.1504,0.8140,0.4841,nan,nan,nan,nan,0
early,cage,4,2,resnet,False,solarisation,lr,1e-05,0.0001,32,1,0.7211,0.6888,0.6950,0.5476,0.5809,nan,nan,nan,nan,0
early,cage,4,2,resnet,False,solarisation,lr,1e-05,0.0001,32,2,0.6802,0.6882,0.6371,0.8095,0.7059,nan,nan,nan,nan,0
early,cage,4,2,resnet,False,solarisation,lr,1e-05,0.0001,32,3,0.6509,0.6933,0.8057,0.1905,0.5772,nan,nan,nan,nan,0
early,cage,4,2,resnet,False,solarisation,lr,1e-05,0.0001,32,4,0.6035,0.8074,1.0759,0.1905,0.4926,nan,nan,nan,nan,0
early,cage,4,2,resnet,False,solarisation,lr,1e-05,0.0001,32,5,0.5040,0.7296,0.6851,0.8095,0.6471,0.7792,0.7569,0.7907,0.5393,1
early,cage,4,2,resnet,False,solarisation,lr,1e-05,0.0001,32,6,0.3673,1.1006,0.8219,0.8095,0.5662,nan,nan,nan,nan,0
early,cage,4,2,resnet,False,solarisation,lr,1e-05,0.0001,32,7,0.2258,0.8355,0.8846,0.7857,0.6287,nan,nan,nan,nan,0
early,cage,4,2,resnet,False,solarisation,lr,1e-05,0.0001,32,8,0.1368,0.7244,1.1166,0.4524,0.5404,nan,nan,nan,nan,0
early,cage,4,2,resnet,False,solarisation,lr,1e-05,0.0001,32,9,0.0913,0.9314,1.0101,0.7857,0.5993,nan,nan,nan,nan,0
early,cage,4,2,resnet,False,solarisation,lr,1e-05,0.0001,32,10,0.0623,1.3405,1.1605,0.8095,0.6029,nan,nan,nan,nan,0
early,cage,4,2,resnet,False,solarisation,lr,1e-05,0.0001,32,11,0.0375,0.7578,1.2346,0.5714,0.5441,nan,nan,nan,nan,0
early,cage,4,2,resnet,False,solarisation,lr,1e-05,0.0001,32,12,0.0254,1.1440,1.1515,0.8095,0.6140,nan,nan,nan,nan,0
early,cage,4,2,resnet,False,solarisation,lr,1e-05,0.0001,32,13,0.0219,0.9071,1.2382,0.7619,0.5809,nan,nan,nan,nan,0
early,cage,4,2,resnet,False,solarisation,lr,1e-05,0.0001,32,14,0.0168,1.3947,1.2561,0.8333,0.5993,nan,nan,nan,nan,0
early,cage,4,2,resnet,False,solarisation,lr,1e-05,0.0001,32,15,0.0128,1.4927,1.3179,0.8333,0.5662,nan,nan,nan,nan,0
early,cage,4,2,resnet,False,solarisation,lr,1e-05,0.0001,32,16,0.0180,0.8312,1.7309,0.3095,0.5110,nan,nan,nan,nan,0
early,cage,4,3,resnet,False,solarisation,lr,1e-05,0.0001,32,1,0.7109,0.7116,0.7697,0.1667,0.4571,nan,nan,nan,nan,0
early,cage,4,3,resnet,False,solarisation,lr,1e-05,0.0001,32,2,0.6792,0.7048,0.7565,0.1667,0.5510,nan,nan,nan,nan,0
early,cage,4,3,resnet,False,solarisation,lr,1e-05,0.0001,32,3,0.6634,0.6882,0.7255,0.4048,0.5510,nan,nan,nan,nan,0
early,cage,4,3,resnet,False,solarisation,lr,1e-05,0.0001,32,4,0.6095,0.6886,0.6842,0.6667,0.6082,nan,nan,nan,nan,0
early,cage,4,3,resnet,False,solarisation,lr,1e-05,0.0001,32,5,0.5362,0.7063,0.6814,0.7143,0.5714,nan,nan,nan,nan,1
early,cage,4,3,resnet,False,solarisation,lr,1e-05,0.0001,32,6,0.4029,0.7111,1.0169,0.3333,0.6531,nan,nan,nan,nan,1
early,cage,4,3,resnet,False,solarisation,lr,1e-05,0.0001,32,7,0.2819,1.2172,0.9574,0.8333,0.6449,nan,nan,nan,nan,1
early,cage,4,3,resnet,False,solarisation,lr,1e-05,0.0001,32,8,0.1943,0.7179,0.9873,0.6667,0.6122,nan,nan,nan,nan,1
early,cage,4,3,resnet,False,solarisation,lr,1e-05,0.0001,32,9,0.1260,1.0556,1.0135,0.8095,0.6163,nan,nan,nan,nan,0
early,cage,4,3,resnet,False,solarisation,lr,1e-05,0.0001,32,10,0.0751,1.6821,1.2530,0.8333,0.6245,2.0246,1.9609,0.7907,0.4643,1
early,cage,4,3,resnet,False,solarisation,lr,1e-05,0.0001,32,11,0.0506,0.7819,1.1970,0.6905,0.5755,nan,nan,nan,nan,0
early,cage,4,3,resnet,False,solarisation,lr,1e-05,0.0001,32,12,0.0342,1.2298,1.2588,0.8095,0.5918,nan,nan,nan,nan,0
early,cage,4,3,resnet,False,solarisation,lr,1e-05,0.0001,32,13,0.0315,0.9939,1.2545,0.8095,0.6122,nan,nan,nan,nan,0
early,cage,4,3,resnet,False,solarisation,lr,1e-05,0.0001,32,14,0.0226,1.3699,1.3621,0.8333,0.6122,nan,nan,nan,nan,0
early,cage,4,3,resnet,False,solarisation,lr,1e-05,0.0001,32,15,0.0181,2.1700,1.5661,0.8333,0.6653,nan,nan,nan,nan,0
early,cage,4,3,resnet,False,solarisation,lr,1e-05,0.0001,32,16,0.0150,0.9663,1.3592,0.8095,0.6122,nan,nan,nan,nan,0
early,cage,4,5,resnet,False,solarisation,lr,1e-05,0.0001,32,1,0.7096,0.7103,0.7107,0.3750,0.2330,nan,nan,nan,nan,0
early,cage,4,5,resnet,False,solarisation,lr,1e-05,0.0001,32,2,0.6800,0.7456,0.6772,0.7750,0.3656,nan,nan,nan,nan,0
early,cage,4,5,resnet,False,solarisation,lr,1e-05,0.0001,32,3,0.6390,0.7203,0.7158,0.5500,0.4158,nan,nan,nan,nan,0
early,cage,4,5,resnet,False,solarisation,lr,1e-05,0.0001,32,4,0.5781,0.7169,0.8190,0.4000,0.4516,nan,nan,nan,nan,0
early,cage,4,5,resnet,False,solarisation,lr,1e-05,0.0001,32,5,0.4559,0.8261,0.8268,0.6250,0.3799,nan,nan,nan,nan,1
early,cage,4,5,resnet,False,solarisation,lr,1e-05,0.0001,32,6,0.3358,1.0315,0.8902,0.7500,0.4301,nan,nan,nan,nan,1
early,cage,4,5,resnet,False,solarisation,lr,1e-05,0.0001,32,7,0.1990,0.8454,0.9219,0.6750,0.5269,nan,nan,nan,nan,1
early,cage,4,5,resnet,False,solarisation,lr,1e-05,0.0001,32,8,0.1337,0.9547,1.1596,0.6000,0.5376,nan,nan,nan,nan,1
early,cage,4,5,resnet,False,solarisation,lr,1e-05,0.0001,32,9,0.0893,1.6573,1.2680,0.7750,0.5305,nan,nan,nan,nan,1
early,cage,4,5,resnet,False,solarisation,lr,1e-05,0.0001,32,10,0.0556,1.1354,1.0975,0.7500,0.5161,nan,nan,nan,nan,1
early,cage,4,5,resnet,False,solarisation,lr,1e-05,0.0001,32,11,0.0402,1.7389,1.3180,0.7750,0.4588,1.3528,1.3250,0.8140,0.7321,1
early,cage,4,5,resnet,False,solarisation,lr,1e-05,0.0001,32,12,0.0259,1.6501,1.3332,0.7750,0.5018,nan,nan,nan,nan,0
early,cage,4,5,resnet,False,solarisation,lr,1e-05,0.0001,32,13,0.0176,1.5815,1.3198,0.7750,0.5197,nan,nan,nan,nan,0
early,cage,4,5,resnet,False,solarisation,lr,1e-05,0.0001,32,14,0.0169,1.7684,1.4039,0.7750,0.4588,nan,nan,nan,nan,0
early,cage,4,5,resnet,False,solarisation,lr,1e-05,0.0001,32,15,0.0157,1.4506,1.3424,0.7500,0.4875,nan,nan,nan,nan,0
early,cage,4,5,resnet,False,solarisation,lr,1e-05,0.0001,32,16,0.0114,2.2304,1.6710,0.7750,0.4803,nan,nan,nan,nan,0
early,cage,4,6,resnet,False,solarisation,lr,1e-05,0.0001,32,1,0.7089,0.6960,0.6410,0.8537,0.5238,nan,nan,nan,nan,0
early,cage,4,6,resnet,False,solarisation,lr,1e-05,0.0001,32,2,0.6808,0.6815,0.6745,0.6585,0.5857,nan,nan,nan,nan,0
early,cage,4,6,resnet,False,solarisation,lr,1e-05,0.0001,32,3,0.6458,0.7088,0.6280,0.8537,0.4905,nan,nan,nan,nan,0
early,cage,4,6,resnet,False,solarisation,lr,1e-05,0.0001,32,4,0.5986,0.7217,0.7688,0.3902,0.4667,nan,nan,nan,nan,0
early,cage,4,6,resnet,False,solarisation,lr,1e-05,0.0001,32,5,0.5190,1.0605,0.7618,0.8537,0.3857,1.0357,0.8576,0.8140,0.6786,1
early,cage,4,6,resnet,False,solarisation,lr,1e-05,0.0001,32,6,0.3900,0.9497,0.7930,0.8537,0.3238,nan,nan,nan,nan,0
early,cage,4,6,resnet,False,solarisation,lr,1e-05,0.0001,32,7,0.2688,0.7816,1.0796,0.3659,0.4286,nan,nan,nan,nan,0
early,cage,4,6,resnet,False,solarisation,lr,1e-05,0.0001,32,8,0.1813,0.8736,0.9243,0.8049,0.3952,nan,nan,nan,nan,0
early,cage,4,6,resnet,False,solarisation,lr,1e-05,0.0001,32,9,0.1160,1.6619,1.2258,0.8537,0.3762,nan,nan,nan,nan,0
early,cage,4,6,resnet,False,solarisation,lr,1e-05,0.0001,32,10,0.0737,1.9560,1.3661,0.8537,0.3476,nan,nan,nan,nan,0
early,cage,4,6,resnet,False,solarisation,lr,1e-05,0.0001,32,11,0.0502,1.3496,1.2047,0.8537,0.3762,nan,nan,nan,nan,0
early,cage,4,6,resnet,False,solarisation,lr,1e-05,0.0001,32,12,0.0333,1.8664,1.3329,0.8537,0.3714,nan,nan,nan,nan,0
early,cage,4,6,resnet,False,solarisation,lr,1e-05,0.0001,32,13,0.0281,2.0686,1.4683,0.8537,0.3619,nan,nan,nan,nan,0
early,cage,4,6,resnet,False,solarisation,lr,1e-05,0.0001,32,14,0.0238,1.8896,1.4070,0.8537,0.3714,nan,nan,nan,nan,0
early,cage,4,6,resnet,False,solarisation,lr,1e-05,0.0001,32,15,0.0197,2.0187,1.4965,0.8537,0.3571,nan,nan,nan,nan,0
early,cage,4,6,resnet,False,solarisation,lr,1e-05,0.0001,32,16,0.0149,1.8227,1.3844,0.8537,0.4286,nan,nan,nan,nan,0
early,cage,4,7,resnet,False,solarisation,lr,1e-05,0.0001,32,1,0.7105,0.6929,0.6940,0.5000,0.5069,nan,nan,nan,nan,0
early,cage,4,7,resnet,False,solarisation,lr,1e-05,0.0001,32,2,0.6762,0.7311,0.6233,0.8182,0.5174,nan,nan,nan,nan,0
early,cage,4,7,resnet,False,solarisation,lr,1e-05,0.0001,32,3,0.6354,0.7327,0.6354,0.7955,0.5035,nan,nan,nan,nan,0
early,cage,4,7,resnet,False,solarisation,lr,1e-05,0.0001,32,4,0.5737,0.8902,0.6436,0.8182,0.5000,nan,nan,nan,nan,0
early,cage,4,7,resnet,False,solarisation,lr,1e-05,0.0001,32,5,0.4706,1.1377,0.7236,0.8182,0.5312,nan,nan,nan,nan,1
early,cage,4,7,resnet,False,solarisation,lr,1e-05,0.0001,32,6,0.3353,0.7734,0.9072,0.5682,0.5278,nan,nan,nan,nan,0
early,cage,4,7,resnet,False,solarisation,lr,1e-05,0.0001,32,7,0.2091,1.1881,0.9015,0.8182,0.5556,nan,nan,nan,nan,1
early,cage,4,7,resnet,False,solarisation,lr,1e-05,0.0001,32,8,0.1253,1.4046,0.9906,0.8182,0.5521,nan,nan,nan,nan,1
early,cage,4,7,resnet,False,solarisation,lr,1e-05,0.0001,32,9,0.0734,2.0009,1.2291,0.8182,0.6007,nan,nan,nan,nan,1
early,cage,4,7,resnet,False,solarisation,lr,1e-05,0.0001,32,10,0.0539,0.9727,1.1081,0.7500,0.4965,nan,nan,nan,nan,0
early,cage,4,7,resnet,False,solarisation,lr,1e-05,0.0001,32,11,0.0376,2.1099,1.3050,0.8182,0.5625,nan,nan,nan,nan,0
early,cage,4,7,resnet,False,solarisation,lr,1e-05,0.0001,32,12,0.0278,2.2085,1.3648,0.8182,0.5694,nan,nan,nan,nan,0
early,cage,4,7,resnet,False,solarisation,lr,1e-05,0.0001,32,13,0.0248,1.7062,1.2562,0.8409,0.5729,nan,nan,nan,nan,1
early,cage,4,7,resnet,False,solarisation,lr,1e-05,0.0001,32,14,0.0282,2.4421,1.4380,0.8182,0.5486,nan,nan,nan,nan,0
early,cage,4,7,resnet,False,solarisation,lr,1e-05,0.0001,32,15,0.0179,1.6735,1.2712,0.8409,0.5208,nan,nan,nan,nan,0
early,cage,4,7,resnet,False,solarisation,lr,1e-05,0.0001,32,16,0.0135,1.2644,1.2302,0.8182,0.5868,nan,nan,nan,nan,0
early,cage,4,7,resnet,False,solarisation,lr,1e-05,0.0001,32,17,0.0337,1.4070,1.2365,0.8409,0.5938,nan,nan,nan,nan,0
early,cage,4,7,resnet,False,solarisation,lr,1e-05,0.0001,32,18,0.0189,2.0554,1.3717,0.8182,0.6146,nan,nan,nan,nan,1
early,cage,4,7,resnet,False,solarisation,lr,1e-05,0.0001,32,19,0.0104,1.8066,1.3583,0.8409,0.6146,nan,nan,nan,nan,1
early,cage,4,7,resnet,False,solarisation,lr,1e-05,0.0001,32,20,0.0082,2.1811,1.4907,0.8182,0.5833,2.6755,2.3634,0.8140,0.4071,1
early,cage,4,7,resnet,False,solarisation,lr,1e-05,0.0001,32,21,0.0070,1.7397,1.3671,0.8409,0.6076,nan,nan,nan,nan,0
early,cage,4,7,resnet,False,solarisation,lr,1e-05,0.0001,32,22,0.0060,2.4536,1.5231,0.8182,0.5903,nan,nan,nan,nan,0
early,cage,4,7,resnet,False,solarisation,lr,1e-05,0.0001,32,23,0.0043,2.2899,1.5203,0.8182,0.6111,nan,nan,nan,nan,0
early,cage,4,7,resnet,False,solarisation,lr,1e-05,0.0001,32,24,0.0037,2.6779,1.6459,0.8182,0.5938,nan,nan,nan,nan,0
early,cage,4,7,resnet,False,solarisation,lr,1e-05,0.0001,32,25,0.0043,2.2816,1.5924,0.8182,0.5938,nan,nan,nan,nan,0
early,cage,4,8,resnet,False,solarisation,lr,1e-05,0.0001,32,1,0.7088,0.7229,0.5994,0.8298,0.5385,nan,nan,nan,nan,0
early,cage,4,8,resnet,False,solarisation,lr,1e-05,0.0001,32,2,0.6750,0.6980,0.6623,0.6383,0.4936,nan,nan,nan,nan,0
early,cage,4,8,resnet,False,solarisation,lr,1e-05,0.0001,32,3,0.6397,0.7520,0.5827,0.8298,0.5962,nan,nan,nan,nan,0
early,cage,4,8,resnet,False,solarisation,lr,1e-05,0.0001,32,4,0.5703,0.7218,0.6479,0.7872,0.5513,nan,nan,nan,nan,0
early,cage,4,8,resnet,False,solarisation,lr,1e-05,0.0001,32,5,0.4778,1.0708,0.6492,0.8298,0.5833,nan,nan,nan,nan,1
early,cage,4,8,resnet,False,solarisation,lr,1e-05,0.0001,32,6,0.3454,0.7616,0.7541,0.7447,0.5641,nan,nan,nan,nan,1
early,cage,4,8,resnet,False,solarisation,lr,1e-05,0.0001,32,7,0.2323,0.7601,0.7980,0.8511,0.6474,nan,nan,nan,nan,1
early,cage,4,8,resnet,False,solarisation,lr,1e-05,0.0001,32,8,0.1484,1.0074,0.8163,0.7872,0.6250,nan,nan,nan,nan,1
early,cage,4,8,resnet,False,solarisation,lr,1e-05,0.0001,32,9,0.0894,0.8898,0.8596,0.7660,0.5962,nan,nan,nan,nan,1
early,cage,4,8,resnet,False,solarisation,lr,1e-05,0.0001,32,10,0.0585,0.8587,0.9407,0.7660,0.6026,nan,nan,nan,nan,0
early,cage,4,8,resnet,False,solarisation,lr,1e-05,0.0001,32,11,0.0450,0.9971,0.9000,0.7872,0.6250,nan,nan,nan,nan,1
early,cage,4,8,resnet,False,solarisation,lr,1e-05,0.0001,32,12,0.0331,1.1148,0.9287,0.8085,0.6378,nan,nan,nan,nan,0
early,cage,4,8,resnet,False,solarisation,lr,1e-05,0.0001,32,13,0.0256,0.9224,1.0124,0.7872,0.6346,nan,nan,nan,nan,0
early,cage,4,8,resnet,False,solarisation,lr,1e-05,0.0001,32,14,0.0225,1.1950,0.9852,0.8085,0.6827,1.4062,1.4080,0.8140,0.5750,1
early,cage,4,8,resnet,False,solarisation,lr,1e-05,0.0001,32,15,0.0206,1.6972,1.0868,0.8298,0.6090,nan,nan,nan,nan,0
early,cage,4,8,resnet,False,solarisation,lr,1e-05,0.0001,32,16,0.0208,1.0255,1.1248,0.7872,0.5994,nan,nan,nan,nan,0
early,cage,4,8,resnet,False,solarisation,lr,1e-05,0.0001,32,17,0.0127,1.3367,1.0797,0.7660,0.5962,nan,nan,nan,nan,0
early,cage,4,8,resnet,False,solarisation,lr,1e-05,0.0001,32,18,0.0081,1.2712,1.1093,0.7660,0.6058,nan,nan,nan,nan,0
early,cage,4,8,resnet,False,solarisation,lr,1e-05,0.0001,32,19,0.0074,1.7888,1.1986,0.8085,0.5897,nan,nan,nan,nan,0
early,cage,4,9,resnet,False,solarisation,lr,1e-05,0.0001,32,1,0.7112,0.6906,0.6933,0.6190,0.5892,nan,nan,nan,nan,0
early,cage,4,9,resnet,False,solarisation,lr,1e-05,0.0001,32,2,0.6854,0.6903,0.6841,0.6667,0.6128,nan,nan,nan,nan,0
early,cage,4,9,resnet,False,solarisation,lr,1e-05,0.0001,32,3,0.6438,0.6854,0.7100,0.6190,0.6296,nan,nan,nan,nan,0
early,cage,4,9,resnet,False,solarisation,lr,1e-05,0.0001,32,4,0.5770,0.8178,0.7063,0.6429,0.4478,nan,nan,nan,nan,0
early,cage,4,9,resnet,False,solarisation,lr,1e-05,0.0001,32,5,0.4724,0.8468,0.8370,0.6190,0.4646,0.7328,0.7952,0.6744,0.6393,1
early,cage,4,9,resnet,False,solarisation,lr,1e-05,0.0001,32,6,0.3359,0.7976,1.0674,0.5476,0.5286,nan,nan,nan,nan,0
early,cage,4,9,resnet,False,solarisation,lr,1e-05,0.0001,32,7,0.2101,1.3822,1.0809,0.6667,0.4276,nan,nan,nan,nan,0
early,cage,4,9,resnet,False,solarisation,lr,1e-05,0.0001,32,8,0.1240,1.5113,1.1396,0.6667,0.4478,nan,nan,nan,nan,0
early,cage,4,9,resnet,False,solarisation,lr,1e-05,0.0001,32,9,0.0771,2.0062,1.2973,0.7381,0.3165,nan,nan,nan,nan,0
early,cage,4,9,resnet,False,solarisation,lr,1e-05,0.0001,32,10,0.0520,1.8064,1.3124,0.6667,0.4377,nan,nan,nan,nan,0
early,cage,4,9,resnet,False,solarisation,lr,1e-05,0.0001,32,11,0.0343,1.9287,1.4092,0.6667,0.4175,nan,nan,nan,nan,0
early,cage,4,9,resnet,False,solarisation,lr,1e-05,0.0001,32,12,0.0257,1.6407,1.3918,0.6429,0.4848,nan,nan,nan,nan,0
early,cage,4,9,resnet,False,solarisation,lr,1e-05,0.0001,32,13,0.0222,2.3328,1.5717,0.7381,0.4680,nan,nan,nan,nan,0
early,cage,4,9,resnet,False,solarisation,lr,1e-05,0.0001,32,14,0.0179,2.0826,1.5643,0.6667,0.4781,nan,nan,nan,nan,0
early,cage,4,9,resnet,False,solarisation,lr,1e-05,0.0001,32,15,0.0172,1.9149,1.5279,0.6667,0.4579,nan,nan,nan,nan,0
early,cage,4,9,resnet,False,solarisation,lr,1e-05,0.0001,32,16,0.0131,2.9170,1.8018,0.7381,0.4512,nan,nan,nan,nan,0
early,cage,5,0,resnet,False,solarisation,lr,1e-05,0.0001,32,1,0.7059,0.7079,0.6526,0.8372,0.4444,nan,nan,nan,nan,0
early,cage,5,0,resnet,False,solarisation,lr,1e-05,0.0001,32,2,0.6809,0.7034,0.6550,0.8372,0.5238,nan,nan,nan,nan,0
early,cage,5,0,resnet,False,solarisation,lr,1e-05,0.0001,32,3,0.6310,0.7866,0.6303,0.8372,0.5794,nan,nan,nan,nan,0
early,cage,5,0,resnet,False,solarisation,lr,1e-05,0.0001,32,4,0.5688,0.8756,0.7200,0.8372,0.5198,nan,nan,nan,nan,0
early,cage,5,0,resnet,False,solarisation,lr,1e-05,0.0001,32,5,0.4557,1.0176,0.8039,0.8372,0.5635,nan,nan,nan,nan,1
early,cage,5,0,resnet,False,solarisation,lr,1e-05,0.0001,32,6,0.3210,1.2978,1.0538,0.8140,0.5635,nan,nan,nan,nan,1
early,cage,5,0,resnet,False,solarisation,lr,1e-05,0.0001,32,7,0.2003,1.9239,1.3982,0.8372,0.5675,nan,nan,nan,nan,1
early,cage,5,0,resnet,False,solarisation,lr,1e-05,0.0001,32,8,0.1196,1.9233,1.4802,0.8140,0.5754,nan,nan,nan,nan,0
early,cage,5,0,resnet,False,solarisation,lr,1e-05,0.0001,32,9,0.0735,2.5089,1.7706,0.8372,0.5754,nan,nan,nan,nan,1
early,cage,5,0,resnet,False,solarisation,lr,1e-05,0.0001,32,10,0.0468,2.0167,1.5703,0.8140,0.5952,nan,nan,nan,nan,1
early,cage,5,0,resnet,False,solarisation,lr,1e-05,0.0001,32,11,0.0360,2.4613,1.7630,0.8372,0.5754,nan,nan,nan,nan,0
early,cage,5,0,resnet,False,solarisation,lr,1e-05,0.0001,32,12,0.0289,1.9715,1.5828,0.8140,0.5873,2.3035,1.6561,0.7750,0.4516,1
early,cage,5,0,resnet,False,solarisation,lr,1e-05,0.0001,32,13,0.0241,3.0695,2.0797,0.8372,0.5754,nan,nan,nan,nan,0
early,cage,5,0,resnet,False,solarisation,lr,1e-05,0.0001,32,14,0.0193,2.2935,1.7617,0.8140,0.5873,nan,nan,nan,nan,0
early,cage,5,0,resnet,False,solarisation,lr,1e-05,0.0001,32,15,0.0128,2.6094,2.0273,0.8140,0.5794,nan,nan,nan,nan,0
early,cage,5,0,resnet,False,solarisation,lr,1e-05,0.0001,32,16,0.0115,3.8697,2.5625,0.8372,0.5714,nan,nan,nan,nan,0
early,cage,5,0,resnet,False,solarisation,lr,1e-05,0.0001,32,17,0.0139,3.4431,2.3172,0.8372,0.5952,nan,nan,nan,nan,0
early,cage,5,1,resnet,False,solarisation,lr,1e-05,0.0001,32,1,0.7107,0.7034,0.6180,0.8372,0.5238,nan,nan,nan,nan,0
early,cage,5,1,resnet,False,solarisation,lr,1e-05,0.0001,32,2,0.6868,0.6906,0.6521,0.8372,0.5556,nan,nan,nan,nan,0
early,cage,5,1,resnet,False,solarisation,lr,1e-05,0.0001,32,3,0.6539,0.6896,0.6391,0.8140,0.6230,nan,nan,nan,nan,0
early,cage,5,1,resnet,False,solarisation,lr,1e-05,0.0001,32,4,0.6009,0.7745,0.6202,0.8372,0.5556,nan,nan,nan,nan,0
early,cage,5,1,resnet,False,solarisation,lr,1e-05,0.0001,32,5,0.5206,0.6894,0.6692,0.7907,0.5992,0.8393,0.7328,0.7250,0.3871,1
early,cage,5,1,resnet,False,solarisation,lr,1e-05,0.0001,32,6,0.4078,0.7135,0.7816,0.7442,0.4802,nan,nan,nan,nan,0
early,cage,5,1,resnet,False,solarisation,lr,1e-05,0.0001,32,7,0.2750,0.9920,0.7749,0.8372,0.5437,nan,nan,nan,nan,0
early,cage,5,1,resnet,False,solarisation,lr,1e-05,0.0001,32,8,0.1727,1.3157,0.9607,0.8372,0.5119,nan,nan,nan,nan,0
early,cage,5,1,resnet,False,solarisation,lr,1e-05,0.0001,32,9,0.1068,1.1924,0.9594,0.8140,0.5079,nan,nan,nan,nan,0
early,cage,5,1,resnet,False,solarisation,lr,1e-05,0.0001,32,10,0.0716,2.3491,1.4043,0.8372,0.5238,nan,nan,nan,nan,0
early,cage,5,1,resnet,False,solarisation,lr,1e-05,0.0001,32,11,0.0464,1.2753,1.0536,0.8140,0.5873,nan,nan,nan,nan,0
early,cage,5,1,resnet,False,solarisation,lr,1e-05,0.0001,32,12,0.0348,1.9725,1.3034,0.8372,0.5754,nan,nan,nan,nan,0
early,cage,5,1,resnet,False,solarisation,lr,1e-05,0.0001,32,13,0.0223,1.6058,1.2006,0.8372,0.5278,nan,nan,nan,nan,0
early,cage,5,1,resnet,False,solarisation,lr,1e-05,0.0001,32,14,0.0203,2.4557,1.5218,0.8372,0.4762,nan,nan,nan,nan,0
early,cage,5,1,resnet,False,solarisation,lr,1e-05,0.0001,32,15,0.0262,2.8904,1.6969,0.8372,0.5159,nan,nan,nan,nan,0
early,cage,5,1,resnet,False,solarisation,lr,1e-05,0.0001,32,16,0.0159,1.5127,1.2695,0.8372,0.5952,nan,nan,nan,nan,0
early,cage,5,2,resnet,False,solarisation,lr,1e-05,0.0001,32,1,0.7050,0.6960,0.7028,0.5000,0.4522,nan,nan,nan,nan,0
early,cage,5,2,resnet,False,solarisation,lr,1e-05,0.0001,32,2,0.6816,0.7067,0.6697,0.7619,0.5110,nan,nan,nan,nan,0
early,cage,5,2,resnet,False,solarisation,lr,1e-05,0.0001,32,3,0.6377,0.6817,0.7461,0.3810,0.5404,nan,nan,nan,nan,0
early,cage,5,2,resnet,False,solarisation,lr,1e-05,0.0001,32,4,0.5765,0.7146,0.6931,0.7857,0.5184,nan,nan,nan,nan,0
early,cage,5,2,resnet,False,solarisation,lr,1e-05,0.0001,32,5,0.4837,0.6574,0.7545,0.5952,0.6066,nan,nan,nan,nan,1
early,cage,5,2,resnet,False,solarisation,lr,1e-05,0.0001,32,6,0.3454,0.7038,1.0670,0.3571,0.6103,nan,nan,nan,nan,1
early,cage,5,2,resnet,False,solarisation,lr,1e-05,0.0001,32,7,0.2152,0.8056,1.2570,0.4048,0.5699,nan,nan,nan,nan,1
early,cage,5,2,resnet,False,solarisation,lr,1e-05,0.0001,32,8,0.1365,0.7322,1.1190,0.5238,0.5662,nan,nan,nan,nan,1
early,cage,5,2,resnet,False,solarisation,lr,1e-05,0.0001,32,9,0.0920,0.7559,1.0059,0.7381,0.6140,nan,nan,nan,nan,1
early,cage,5,2,resnet,False,solarisation,lr,1e-05,0.0001,32,10,0.0584,1.7809,1.1379,0.8095,0.6213,nan,nan,nan,nan,0
early,cage,5,2,resnet,False,solarisation,lr,1e-05,0.0001,32,11,0.0425,0.7844,0.9749,0.7619,0.6397,nan,nan,nan,nan,1
early,cage,5,2,resnet,False,solarisation,lr,1e-05,0.0001,32,12,0.0302,1.2222,1.0293,0.8095,0.6324,nan,nan,nan,nan,1
early,cage,5,2,resnet,False,solarisation,lr,1e-05,0.0001,32,13,0.0209,0.8844,1.0534,0.7619,0.6176,nan,nan,nan,nan,1
early,cage,5,2,resnet,False,solarisation,lr,1e-05,0.0001,32,14,0.0171,0.7612,1.1481,0.6667,0.6397,nan,nan,nan,nan,1
early,cage,5,2,resnet,False,solarisation,lr,1e-05,0.0001,32,15,0.0145,0.7738,1.2047,0.6667,0.6250,nan,nan,nan,nan,0
early,cage,5,2,resnet,False,solarisation,lr,1e-05,0.0001,32,16,0.0105,1.1826,1.0696,0.8333,0.6691,1.8410,1.3969,0.7750,0.4229,1
early,cage,5,2,resnet,False,solarisation,lr,1e-05,0.0001,32,17,0.0119,1.0653,1.1713,0.7619,0.6103,nan,nan,nan,nan,0
early,cage,5,2,resnet,False,solarisation,lr,1e-05,0.0001,32,18,0.0084,0.9908,1.1648,0.7619,0.6066,nan,nan,nan,nan,0
early,cage,5,2,resnet,False,solarisation,lr,1e-05,0.0001,32,19,0.0070,1.0728,1.0979,0.7857,0.6397,nan,nan,nan,nan,0
early,cage,5,2,resnet,False,solarisation,lr,1e-05,0.0001,32,20,0.0062,0.9240,1.2673,0.7143,0.5919,nan,nan,nan,nan,0
early,cage,5,2,resnet,False,solarisation,lr,1e-05,0.0001,32,21,0.0051,1.0321,1.2145,0.7857,0.6287,nan,nan,nan,nan,0
early,cage,5,3,resnet,False,solarisation,lr,1e-05,0.0001,32,1,0.7074,0.7037,0.7439,0.2381,0.4939,nan,nan,nan,nan,0
early,cage,5,3,resnet,False,solarisation,lr,1e-05,0.0001,32,2,0.6785,0.6770,0.6268,0.8333,0.7224,nan,nan,nan,nan,0
early,cage,5,3,resnet,False,solarisation,lr,1e-05,0.0001,32,3,0.6385,0.7333,0.5832,0.8333,0.6816,nan,nan,nan,nan,0
early,cage,5,3,resnet,False,solarisation,lr,1e-05,0.0001,32,4,0.5757,0.6906,0.6213,0.7619,0.6041,nan,nan,nan,nan,0
early,cage,5,3,resnet,False,solarisation,lr,1e-05,0.0001,32,5,0.4801,0.8893,0.6812,0.8333,0.5714,1.0839,0.8176,0.7750,0.4552,1
early,cage,5,3,resnet,False,solarisation,lr,1e-05,0.0001,32,6,0.3336,0.8412,0.8294,0.6905,0.4367,nan,nan,nan,nan,0
early,cage,5,3,resnet,False,solarisation,lr,1e-05,0.0001,32,7,0.2126,1.1997,0.9041,0.8333,0.4816,nan,nan,nan,nan,0
early,cage,5,3,resnet,False,solarisation,lr,1e-05,0.0001,32,8,0.1267,1.9955,1.2594,0.8333,0.5061,nan,nan,nan,nan,0
early,cage,5,3,resnet,False,solarisation,lr,1e-05,0.0001,32,9,0.0773,2.5256,1.5433,0.8333,0.4735,nan,nan,nan,nan,0
early,cage,5,3,resnet,False,solarisation,lr,1e-05,0.0001,32,10,0.0539,2.0606,1.3726,0.8333,0.4245,nan,nan,nan,nan,0
early,cage,5,3,resnet,False,solarisation,lr,1e-05,0.0001,32,11,0.0411,2.1205,1.3996,0.8333,0.4939,nan,nan,nan,nan,0
early,cage,5,3,resnet,False,solarisation,lr,1e-05,0.0001,32,12,0.0282,2.1002,1.3713,0.8333,0.4816,nan,nan,nan,nan,0
early,cage,5,3,resnet,False,solarisation,lr,1e-05,0.0001,32,13,0.0209,1.7622,1.2841,0.8333,0.4327,nan,nan,nan,nan,0
early,cage,5,3,resnet,False,solarisation,lr,1e-05,0.0001,32,14,0.0191,2.3712,1.5518,0.8333,0.4245,nan,nan,nan,nan,0
early,cage,5,3,resnet,False,solarisation,lr,1e-05,0.0001,32,15,0.0156,1.9345,1.4276,0.8333,0.4082,nan,nan,nan,nan,0
early,cage,5,3,resnet,False,solarisation,lr,1e-05,0.0001,32,16,0.0119,2.9790,1.8502,0.8333,0.5020,nan,nan,nan,nan,0
early,cage,5,4,resnet,False,solarisation,lr,1e-05,0.0001,32,1,0.7071,0.6932,0.6739,0.8140,0.6286,nan,nan,nan,nan,0
early,cage,5,4,resnet,False,solarisation,lr,1e-05,0.0001,32,2,0.6720,0.7090,0.6560,0.8140,0.7107,nan,nan,nan,nan,0
early,cage,5,4,resnet,False,solarisation,lr,1e-05,0.0001,32,3,0.6346,0.6545,0.6567,0.6744,0.7464,nan,nan,nan,nan,0
early,cage,5,4,resnet,False,solarisation,lr,1e-05,0.0001,32,4,0.5559,0.6880,0.6627,0.7907,0.6179,nan,nan,nan,nan,0
early,cage,5,4,resnet,False,solarisation,lr,1e-05,0.0001,32,5,0.4437,0.6989,0.7314,0.7907,0.5964,0.7971,0.7411,0.7500,0.5842,1
early,cage,5,4,resnet,False,solarisation,lr,1e-05,0.0001,32,6,0.3020,0.7116,0.8955,0.7442,0.6321,nan,nan,nan,nan,0
early,cage,5,4,resnet,False,solarisation,lr,1e-05,0.0001,32,7,0.2046,1.2664,1.1174,0.8140,0.4679,nan,nan,nan,nan,0
early,cage,5,4,resnet,False,solarisation,lr,1e-05,0.0001,32,8,0.1250,1.2847,1.1603,0.8140,0.4714,nan,nan,nan,nan,0
early,cage,5,4,resnet,False,solarisation,lr,1e-05,0.0001,32,9,0.0821,1.4467,1.2849,0.8140,0.4429,nan,nan,nan,nan,0
early,cage,5,4,resnet,False,solarisation,lr,1e-05,0.0001,32,10,0.0615,2.1933,1.6946,0.8140,0.4429,nan,nan,nan,nan,0
early,cage,5,4,resnet,False,solarisation,lr,1e-05,0.0001,32,11,0.0506,1.4679,1.3912,0.7674,0.4214,nan,nan,nan,nan,0
early,cage,5,4,resnet,False,solarisation,lr,1e-05,0.0001,32,12,0.0342,0.9533,1.3166,0.5814,0.4536,nan,nan,nan,nan,0
early,cage,5,4,resnet,False,solarisation,lr,1e-05,0.0001,32,13,0.0316,1.1581,1.3995,0.6744,0.4250,nan,nan,nan,nan,0
early,cage,5,4,resnet,False,solarisation,lr,1e-05,0.0001,32,14,0.0223,1.7484,1.5684,0.8140,0.4750,nan,nan,nan,nan,0
early,cage,5,4,resnet,False,solarisation,lr,1e-05,0.0001,32,15,0.0175,1.6457,1.5430,0.7907,0.4393,nan,nan,nan,nan,0
early,cage,5,4,resnet,False,solarisation,lr,1e-05,0.0001,32,16,0.0170,2.1173,1.7561,0.8140,0.4321,nan,nan,nan,nan,0
early,cage,5,6,resnet,False,solarisation,lr,1e-05,0.0001,32,1,0.7097,0.7273,0.7760,0.1463,0.4905,nan,nan,nan,nan,0
early,cage,5,6,resnet,False,solarisation,lr,1e-05,0.0001,32,2,0.6781,0.7255,0.7600,0.1463,0.4524,nan,nan,nan,nan,0
early,cage,5,6,resnet,False,solarisation,lr,1e-05,0.0001,32,3,0.6329,0.7132,0.6758,0.7073,0.4524,nan,nan,nan,nan,0
early,cage,5,6,resnet,False,solarisation,lr,1e-05,0.0001,32,4,0.5653,1.1124,0.7827,0.8537,0.4476,nan,nan,nan,nan,0
early,cage,5,6,resnet,False,solarisation,lr,1e-05,0.0001,32,5,0.4723,0.7619,0.7261,0.7561,0.4286,0.8804,0.7960,0.7500,0.4624,1
early,cage,5,6,resnet,False,solarisation,lr,1e-05,0.0001,32,6,0.3483,1.9603,1.2869,0.8537,0.4048,nan,nan,nan,nan,0
early,cage,5,6,resnet,False,solarisation,lr,1e-05,0.0001,32,7,0.2237,0.8161,0.9409,0.6829,0.4714,nan,nan,nan,nan,0
early,cage,5,6,resnet,False,solarisation,lr,1e-05,0.0001,32,8,0.1563,2.6599,1.7090,0.8537,0.4000,nan,nan,nan,nan,0
early,cage,5,6,resnet,False,solarisation,lr,1e-05,0.0001,32,9,0.1013,2.7427,1.7787,0.8537,0.3952,nan,nan,nan,nan,0
early,cage,5,6,resnet,False,solarisation,lr,1e-05,0.0001,32,10,0.0677,1.4577,1.2637,0.8537,0.4286,nan,nan,nan,nan,0
early,cage,5,6,resnet,False,solarisation,lr,1e-05,0.0001,32,11,0.0538,2.6712,1.7495,0.8537,0.4048,nan,nan,nan,nan,0
early,cage,5,6,resnet,False,solarisation,lr,1e-05,0.0001,32,12,0.0338,4.3368,2.8065,0.8537,0.3429,nan,nan,nan,nan,0
early,cage,5,6,resnet,False,solarisation,lr,1e-05,0.0001,32,13,0.0298,4.3946,2.8509,0.8537,0.3333,nan,nan,nan,nan,0
early,cage,5,6,resnet,False,solarisation,lr,1e-05,0.0001,32,14,0.0219,3.1514,2.0351,0.8537,0.4048,nan,nan,nan,nan,0
early,cage,5,6,resnet,False,solarisation,lr,1e-05,0.0001,32,15,0.0137,2.8372,1.9032,0.8537,0.4333,nan,nan,nan,nan,0
early,cage,5,6,resnet,False,solarisation,lr,1e-05,0.0001,32,16,0.0115,2.9671,1.9566,0.8537,0.4619,nan,nan,nan,nan,0
early,cage,5,7,resnet,False,solarisation,lr,1e-05,0.0001,32,1,0.7091,0.6965,0.6974,0.4773,0.4931,nan,nan,nan,nan,0
early,cage,5,7,resnet,False,solarisation,lr,1e-05,0.0001,32,2,0.6675,0.7241,0.7058,0.5227,0.4514,nan,nan,nan,nan,0
early,cage,5,7,resnet,False,solarisation,lr,1e-05,0.0001,32,3,0.6104,0.7732,0.6517,0.7955,0.4792,nan,nan,nan,nan,0
early,cage,5,7,resnet,False,solarisation,lr,1e-05,0.0001,32,4,0.5454,0.7915,0.7436,0.6591,0.5035,nan,nan,nan,nan,0
early,cage,5,7,resnet,False,solarisation,lr,1e-05,0.0001,32,5,0.4567,0.7670,0.7623,0.6818,0.4688,nan,nan,nan,nan,1
early,cage,5,7,resnet,False,solarisation,lr,1e-05,0.0001,32,6,0.3212,1.1012,0.8438,0.7955,0.4896,nan,nan,nan,nan,0
early,cage,5,7,resnet,False,solarisation,lr,1e-05,0.0001,32,7,0.1946,1.4760,1.0398,0.8182,0.6042,nan,nan,nan,nan,1
early,cage,5,7,resnet,False,solarisation,lr,1e-05,0.0001,32,8,0.1349,1.5226,1.1273,0.8182,0.5174,nan,nan,nan,nan,1
early,cage,5,7,resnet,False,solarisation,lr,1e-05,0.0001,32,9,0.0783,2.1672,1.3073,0.8182,0.6285,nan,nan,nan,nan,1
early,cage,5,7,resnet,False,solarisation,lr,1e-05,0.0001,32,10,0.0486,2.5550,1.4987,0.8182,0.6042,nan,nan,nan,nan,1
early,cage,5,7,resnet,False,solarisation,lr,1e-05,0.0001,32,11,0.0355,2.2471,1.4367,0.8182,0.6146,nan,nan,nan,nan,1
early,cage,5,7,resnet,False,solarisation,lr,1e-05,0.0001,32,12,0.0234,2.4920,1.5123,0.8182,0.6354,nan,nan,nan,nan,1
early,cage,5,7,resnet,False,solarisation,lr,1e-05,0.0001,32,13,0.0211,3.1224,1.7825,0.8182,0.6424,4.1201,2.6694,0.7750,0.3978,1
early,cage,5,7,resnet,False,solarisation,lr,1e-05,0.0001,32,14,0.0148,2.5360,1.6023,0.8182,0.6042,nan,nan,nan,nan,0
early,cage,5,7,resnet,False,solarisation,lr,1e-05,0.0001,32,15,0.0134,2.7648,1.6516,0.8182,0.6354,nan,nan,nan,nan,0
early,cage,5,7,resnet,False,solarisation,lr,1e-05,0.0001,32,16,0.0123,2.0189,1.4596,0.8182,0.5972,nan,nan,nan,nan,0
early,cage,5,7,resnet,False,solarisation,lr,1e-05,0.0001,32,17,0.0103,3.2021,1.8678,0.8182,0.5938,nan,nan,nan,nan,0
early,cage,5,7,resnet,False,solarisation,lr,1e-05,0.0001,32,18,0.0086,2.4260,1.6086,0.8182,0.5521,nan,nan,nan,nan,0
early,cage,5,8,resnet,False,solarisation,lr,1e-05,0.0001,32,1,0.7041,0.6834,0.6612,0.7447,0.5962,nan,nan,nan,nan,0
early,cage,5,8,resnet,False,solarisation,lr,1e-05,0.0001,32,2,0.6741,0.6809,0.6791,0.7021,0.5962,nan,nan,nan,nan,0
early,cage,5,8,resnet,False,solarisation,lr,1e-05,0.0001,32,3,0.6196,0.7045,0.6257,0.8085,0.5833,nan,nan,nan,nan,0
early,cage,5,8,resnet,False,solarisation,lr,1e-05,0.0001,32,4,0.5481,0.9970,0.6447,0.8298,0.6346,nan,nan,nan,nan,0
early,cage,5,8,resnet,False,solarisation,lr,1e-05,0.0001,32,5,0.4430,1.2241,0.7427,0.8298,0.6314,nan,nan,nan,nan,1
early,cage,5,8,resnet,False,solarisation,lr,1e-05,0.0001,32,6,0.3195,1.8266,1.0060,0.8298,0.6154,nan,nan,nan,nan,0
early,cage,5,8,resnet,False,solarisation,lr,1e-05,0.0001,32,7,0.2076,1.7877,1.0725,0.8298,0.6058,2.3805,1.5989,0.7750,0.3728,1
early,cage,5,8,resnet,False,solarisation,lr,1e-05,0.0001,32,8,0.1324,2.0572,1.2413,0.8298,0.5705,nan,nan,nan,nan,0
early,cage,5,8,resnet,False,solarisation,lr,1e-05,0.0001,32,9,0.0863,1.4108,0.9720,0.8298,0.6090,nan,nan,nan,nan,0
early,cage,5,8,resnet,False,solarisation,lr,1e-05,0.0001,32,10,0.0602,1.9135,1.2219,0.8298,0.5833,nan,nan,nan,nan,0
early,cage,5,8,resnet,False,solarisation,lr,1e-05,0.0001,32,11,0.0377,1.6873,1.1876,0.8298,0.6026,nan,nan,nan,nan,0
early,cage,5,8,resnet,False,solarisation,lr,1e-05,0.0001,32,12,0.0300,2.6677,1.5237,0.8298,0.5865,nan,nan,nan,nan,0
early,cage,5,8,resnet,False,solarisation,lr,1e-05,0.0001,32,13,0.0231,1.8986,1.2665,0.8298,0.5962,nan,nan,nan,nan,0
early,cage,5,8,resnet,False,solarisation,lr,1e-05,0.0001,32,14,0.0191,2.8925,1.6396,0.8298,0.6026,nan,nan,nan,nan,0
early,cage,5,8,resnet,False,solarisation,lr,1e-05,0.0001,32,15,0.0162,2.7420,1.5995,0.8298,0.5865,nan,nan,nan,nan,0
early,cage,5,8,resnet,False,solarisation,lr,1e-05,0.0001,32,16,0.0122,2.3968,1.4938,0.8298,0.5769,nan,nan,nan,nan,0
early,cage,5,9,resnet,False,solarisation,lr,1e-05,0.0001,32,1,0.7090,0.6816,0.6503,0.7857,0.7744,nan,nan,nan,nan,0
early,cage,5,9,resnet,False,solarisation,lr,1e-05,0.0001,32,2,0.6732,0.7295,0.6129,0.7857,0.7374,nan,nan,nan,nan,0
early,cage,5,9,resnet,False,solarisation,lr,1e-05,0.0001,32,3,0.6309,0.7548,0.6102,0.7619,0.7239,nan,nan,nan,nan,0
early,cage,5,9,resnet,False,solarisation,lr,1e-05,0.0001,32,4,0.5775,0.8047,0.6146,0.7857,0.6801,nan,nan,nan,nan,0
early,cage,5,9,resnet,False,solarisation,lr,1e-05,0.0001,32,5,0.4859,0.8898,0.6817,0.8095,0.5320,0.8404,0.6910,0.7500,0.6882,1
early,cage,5,9,resnet,False,solarisation,lr,1e-05,0.0001,32,6,0.3495,1.8265,1.0384,0.7857,0.5084,nan,nan,nan,nan,0
early,cage,5,9,resnet,False,solarisation,lr,1e-05,0.0001,32,7,0.2207,2.4973,1.3847,0.7857,0.4815,nan,nan,nan,nan,0
early,cage,5,9,resnet,False,solarisation,lr,1e-05,0.0001,32,8,0.1330,2.1947,1.2603,0.7857,0.4680,nan,nan,nan,nan,0
early,cage,5,9,resnet,False,solarisation,lr,1e-05,0.0001,32,9,0.0958,1.1193,0.9689,0.7857,0.6263,nan,nan,nan,nan,0
early,cage,5,9,resnet,False,solarisation,lr,1e-05,0.0001,32,10,0.0536,2.1000,1.2583,0.7857,0.4714,nan,nan,nan,nan,0
early,cage,5,9,resnet,False,solarisation,lr,1e-05,0.0001,32,11,0.0403,2.8201,1.5963,0.7857,0.4579,nan,nan,nan,nan,0
early,cage,5,9,resnet,False,solarisation,lr,1e-05,0.0001,32,12,0.0309,3.1461,1.7209,0.7857,0.4613,nan,nan,nan,nan,0
early,cage,5,9,resnet,False,solarisation,lr,1e-05,0.0001,32,13,0.0264,2.5296,1.5104,0.7857,0.4848,nan,nan,nan,nan,0
early,cage,5,9,resnet,False,solarisation,lr,1e-05,0.0001,32,14,0.0199,3.0983,1.7540,0.7857,0.4209,nan,nan,nan,nan,0
early,cage,5,9,resnet,False,solarisation,lr,1e-05,0.0001,32,15,0.0153,3.2893,1.8328,0.7857,0.4074,nan,nan,nan,nan,0
early,cage,5,9,resnet,False,solarisation,lr,1e-05,0.0001,32,16,0.0115,3.1499,1.7911,0.7857,0.4848,nan,nan,nan,nan,0
early,cage,6,0,resnet,False,solarisation,lr,1e-05,0.0001,32,1,0.7135,0.7128,0.7713,0.1628,0.5198,nan,nan,nan,nan,0
early,cage,6,0,resnet,False,solarisation,lr,1e-05,0.0001,32,2,0.6803,0.7028,0.7071,0.5581,0.4643,nan,nan,nan,nan,0
early,cage,6,0,resnet,False,solarisation,lr,1e-05,0.0001,32,3,0.6441,0.7278,0.8202,0.2093,0.5079,nan,nan,nan,nan,0
early,cage,6,0,resnet,False,solarisation,lr,1e-05,0.0001,32,4,0.5837,0.7074,0.7898,0.4419,0.5238,nan,nan,nan,nan,0
early,cage,6,0,resnet,False,solarisation,lr,1e-05,0.0001,32,5,0.4938,0.7371,0.9495,0.3488,0.5397,nan,nan,nan,nan,1
early,cage,6,0,resnet,False,solarisation,lr,1e-05,0.0001,32,6,0.3622,0.7634,0.8744,0.7209,0.5476,nan,nan,nan,nan,1
early,cage,6,0,resnet,False,solarisation,lr,1e-05,0.0001,32,7,0.2372,0.8153,1.2274,0.2093,0.5556,0.8946,1.2715,0.2439,0.4048,1
early,cage,6,0,resnet,False,solarisation,lr,1e-05,0.0001,32,8,0.1433,0.9163,1.4718,0.3023,0.5159,nan,nan,nan,nan,0
early,cage,6,0,resnet,False,solarisation,lr,1e-05,0.0001,32,9,0.0927,0.8548,1.2201,0.6977,0.5317,nan,nan,nan,nan,0
early,cage,6,0,resnet,False,solarisation,lr,1e-05,0.0001,32,10,0.0618,0.8622,1.4511,0.4419,0.5079,nan,nan,nan,nan,0
early,cage,6,0,resnet,False,solarisation,lr,1e-05,0.0001,32,11,0.0462,0.7917,1.3185,0.5814,0.5556,nan,nan,nan,nan,0
early,cage,6,0,resnet,False,solarisation,lr,1e-05,0.0001,32,12,0.0344,1.3770,1.2497,0.8140,0.5437,nan,nan,nan,nan,0
early,cage,6,0,resnet,False,solarisation,lr,1e-05,0.0001,32,13,0.0246,1.0262,1.2640,0.7674,0.5238,nan,nan,nan,nan,0
early,cage,6,0,resnet,False,solarisation,lr,1e-05,0.0001,32,14,0.0350,1.1951,1.3522,0.8140,0.5317,nan,nan,nan,nan,0
early,cage,6,0,resnet,False,solarisation,lr,1e-05,0.0001,32,15,0.0259,1.0866,1.9037,0.2558,0.5119,nan,nan,nan,nan,0
early,cage,6,0,resnet,False,solarisation,lr,1e-05,0.0001,32,16,0.0273,1.5075,1.4175,0.8140,0.4881,nan,nan,nan,nan,0
early,cage,6,1,resnet,False,solarisation,lr,1e-05,0.0001,32,1,0.7106,0.6987,0.7130,0.3256,0.4722,nan,nan,nan,nan,0
early,cage,6,1,resnet,False,solarisation,lr,1e-05,0.0001,32,2,0.6793,0.6985,0.6466,0.7907,0.5198,nan,nan,nan,nan,0
early,cage,6,1,resnet,False,solarisation,lr,1e-05,0.0001,32,3,0.6453,0.6879,0.7016,0.6279,0.5952,nan,nan,nan,nan,0
early,cage,6,1,resnet,False,solarisation,lr,1e-05,0.0001,32,4,0.5886,0.7526,0.6313,0.8140,0.5476,nan,nan,nan,nan,0
early,cage,6,1,resnet,False,solarisation,lr,1e-05,0.0001,32,5,0.5117,0.7386,0.7933,0.6279,0.4841,nan,nan,nan,nan,1
early,cage,6,1,resnet,False,solarisation,lr,1e-05,0.0001,32,6,0.3727,0.8950,1.3115,0.1860,0.5397,0.9034,1.1907,0.1463,0.4905,1
early,cage,6,1,resnet,False,solarisation,lr,1e-05,0.0001,32,7,0.2492,0.8337,1.1988,0.4651,0.4563,nan,nan,nan,nan,0
early,cage,6,1,resnet,False,solarisation,lr,1e-05,0.0001,32,8,0.1495,0.8713,1.3077,0.6047,0.4405,nan,nan,nan,nan,0
early,cage,6,1,resnet,False,solarisation,lr,1e-05,0.0001,32,9,0.0939,1.7702,1.3948,0.8372,0.4524,nan,nan,nan,nan,0
early,cage,6,1,resnet,False,solarisation,lr,1e-05,0.0001,32,10,0.0695,0.9482,1.7432,0.2791,0.4643,nan,nan,nan,nan,0
early,cage,6,1,resnet,False,solarisation,lr,1e-05,0.0001,32,11,0.0473,0.9206,1.8016,0.3488,0.5040,nan,nan,nan,nan,0
early,cage,6,1,resnet,False,solarisation,lr,1e-05,0.0001,32,12,0.0309,1.0092,1.5884,0.6977,0.4524,nan,nan,nan,nan,0
early,cage,6,1,resnet,False,solarisation,lr,1e-05,0.0001,32,13,0.0262,0.9091,1.8949,0.4884,0.5000,nan,nan,nan,nan,0
early,cage,6,1,resnet,False,solarisation,lr,1e-05,0.0001,32,14,0.0191,1.5649,1.6483,0.7674,0.4405,nan,nan,nan,nan,0
early,cage,6,1,resnet,False,solarisation,lr,1e-05,0.0001,32,15,0.0154,1.2255,1.8298,0.6977,0.4444,nan,nan,nan,nan,0
early,cage,6,1,resnet,False,solarisation,lr,1e-05,0.0001,32,16,0.0186,1.7224,1.7030,0.7442,0.4246,nan,nan,nan,nan,0
early,cage,6,2,resnet,False,solarisation,lr,1e-05,0.0001,32,1,0.7138,0.6989,0.6792,0.7857,0.4779,nan,nan,nan,nan,0
early,cage,6,2,resnet,False,solarisation,lr,1e-05,0.0001,32,2,0.6852,0.6869,0.6719,0.7381,0.6471,nan,nan,nan,nan,0
early,cage,6,2,resnet,False,solarisation,lr,1e-05,0.0001,32,3,0.6467,0.6593,0.6364,0.7857,0.7022,nan,nan,nan,nan,0
early,cage,6,2,resnet,False,solarisation,lr,1e-05,0.0001,32,4,0.5927,0.6457,0.6808,0.7381,0.7059,nan,nan,nan,nan,0
early,cage,6,2,resnet,False,solarisation,lr,1e-05,0.0001,32,5,0.5027,0.6973,0.6484,0.7857,0.6544,nan,nan,nan,nan,1
early,cage,6,2,resnet,False,solarisation,lr,1e-05,0.0001,32,6,0.3803,0.8354,0.7605,0.7857,0.5882,0.9062,0.8354,0.8049,0.4667,1
early,cage,6,2,resnet,False,solarisation,lr,1e-05,0.0001,32,7,0.2560,1.6299,1.0396,0.8095,0.5846,nan,nan,nan,nan,0
early,cage,6,2,resnet,False,solarisation,lr,1e-05,0.0001,32,8,0.1664,1.4201,0.9951,0.8095,0.5368,nan,nan,nan,nan,0
early,cage,6,2,resnet,False,solarisation,lr,1e-05,0.0001,32,9,0.0977,1.1527,1.0427,0.7857,0.5846,nan,nan,nan,nan,0
early,cage,6,2,resnet,False,solarisation,lr,1e-05,0.0001,32,10,0.0665,1.6171,1.1485,0.8095,0.5515,nan,nan,nan,nan,0
early,cage,6,2,resnet,False,solarisation,lr,1e-05,0.0001,32,11,0.0458,1.5595,1.2120,0.7857,0.5919,nan,nan,nan,nan,0
early,cage,6,2,resnet,False,solarisation,lr,1e-05,0.0001,32,12,0.0363,1.6300,1.2028,0.7857,0.5551,nan,nan,nan,nan,0
early,cage,6,2,resnet,False,solarisation,lr,1e-05,0.0001,32,13,0.0224,1.4010,1.2208,0.7619,0.5404,nan,nan,nan,nan,0
early,cage,6,2,resnet,False,solarisation,lr,1e-05,0.0001,32,14,0.0220,1.5336,1.2417,0.7619,0.5368,nan,nan,nan,nan,0
early,cage,6,2,resnet,False,solarisation,lr,1e-05,0.0001,32,15,0.0177,0.8914,1.4326,0.6190,0.5110,nan,nan,nan,nan,0
early,cage,6,2,resnet,False,solarisation,lr,1e-05,0.0001,32,16,0.0140,1.5415,1.3666,0.7857,0.5735,nan,nan,nan,nan,0
early,cage,6,3,resnet,False,solarisation,lr,1e-05,0.0001,32,1,0.7074,0.7186,0.7715,0.1667,0.4082,nan,nan,nan,nan,0
early,cage,6,3,resnet,False,solarisation,lr,1e-05,0.0001,32,2,0.6694,0.7134,0.7475,0.1667,0.4367,nan,nan,nan,nan,0
early,cage,6,3,resnet,False,solarisation,lr,1e-05,0.0001,32,3,0.6302,0.7420,0.7959,0.1667,0.3959,nan,nan,nan,nan,0
early,cage,6,3,resnet,False,solarisation,lr,1e-05,0.0001,32,4,0.5660,0.7516,0.8203,0.2857,0.4286,nan,nan,nan,nan,0
early,cage,6,3,resnet,False,solarisation,lr,1e-05,0.0001,32,5,0.4616,0.8994,1.0770,0.1429,0.4041,nan,nan,nan,nan,1
early,cage,6,3,resnet,False,solarisation,lr,1e-05,0.0001,32,6,0.3275,1.1998,0.9206,0.8333,0.4571,nan,nan,nan,nan,1
early,cage,6,3,resnet,False,solarisation,lr,1e-05,0.0001,32,7,0.2073,1.2221,1.0254,0.8571,0.4490,nan,nan,nan,nan,0
early,cage,6,3,resnet,False,solarisation,lr,1e-05,0.0001,32,8,0.1340,0.9350,1.0029,0.6905,0.5184,nan,nan,nan,nan,1
early,cage,6,3,resnet,False,solarisation,lr,1e-05,0.0001,32,9,0.0805,1.2615,1.1359,0.8095,0.4735,nan,nan,nan,nan,1
early,cage,6,3,resnet,False,solarisation,lr,1e-05,0.0001,32,10,0.0532,1.0696,1.1631,0.7857,0.5102,nan,nan,nan,nan,1
early,cage,6,3,resnet,False,solarisation,lr,1e-05,0.0001,32,11,0.0450,1.5650,1.2655,0.8095,0.4980,1.4751,1.4441,0.7561,0.4000,1
early,cage,6,3,resnet,False,solarisation,lr,1e-05,0.0001,32,12,0.0332,1.2097,1.4505,0.7143,0.4449,nan,nan,nan,nan,0
early,cage,6,3,resnet,False,solarisation,lr,1e-05,0.0001,32,13,0.0312,1.3502,1.5349,0.7619,0.4531,nan,nan,nan,nan,0
early,cage,6,3,resnet,False,solarisation,lr,1e-05,0.0001,32,14,0.0173,1.5089,1.4842,0.8095,0.4571,nan,nan,nan,nan,0
early,cage,6,3,resnet,False,solarisation,lr,1e-05,0.0001,32,15,0.0150,1.3081,1.5316,0.6667,0.4449,nan,nan,nan,nan,0
early,cage,6,3,resnet,False,solarisation,lr,1e-05,0.0001,32,16,0.0149,1.6939,1.5124,0.8333,0.4898,nan,nan,nan,nan,0
early,cage,6,4,resnet,False,solarisation,lr,1e-05,0.0001,32,1,0.7190,0.6952,0.7018,0.3953,0.4286,nan,nan,nan,nan,0
early,cage,6,4,resnet,False,solarisation,lr,1e-05,0.0001,32,2,0.6796,0.7041,0.6996,0.6279,0.3036,nan,nan,nan,nan,0
early,cage,6,4,resnet,False,solarisation,lr,1e-05,0.0001,32,3,0.6475,0.7089,0.7081,0.6512,0.4393,nan,nan,nan,nan,0
early,cage,6,4,resnet,False,solarisation,lr,1e-05,0.0001,32,4,0.5832,0.7283,0.7573,0.5814,0.3857,nan,nan,nan,nan,0
early,cage,6,4,resnet,False,solarisation,lr,1e-05,0.0001,32,5,0.4882,0.7376,0.8475,0.3023,0.3464,0.7592,0.7994,0.2927,0.3333,1
early,cage,6,4,resnet,False,solarisation,lr,1e-05,0.0001,32,6,0.3437,0.7825,1.0088,0.4186,0.3321,nan,nan,nan,nan,0
early,cage,6,4,resnet,False,solarisation,lr,1e-05,0.0001,32,7,0.2191,0.8884,1.0730,0.7442,0.3714,nan,nan,nan,nan,0
early,cage,6,4,resnet,False,solarisation,lr,1e-05,0.0001,32,8,0.1332,0.8578,1.3508,0.2558,0.3857,nan,nan,nan,nan,0
early,cage,6,4,resnet,False,solarisation,lr,1e-05,0.0001,32,9,0.0790,0.9670,1.3694,0.6047,0.3929,nan,nan,nan,nan,0
early,cage,6,4,resnet,False,solarisation,lr,1e-05,0.0001,32,10,0.0596,1.4127,1.4561,0.7907,0.3643,nan,nan,nan,nan,0
early,cage,6,4,resnet,False,solarisation,lr,1e-05,0.0001,32,11,0.0418,1.0344,1.4884,0.6744,0.3607,nan,nan,nan,nan,0
early,cage,6,4,resnet,False,solarisation,lr,1e-05,0.0001,32,12,0.0309,1.3200,1.5835,0.7907,0.3786,nan,nan,nan,nan,0
early,cage,6,4,resnet,False,solarisation,lr,1e-05,0.0001,32,13,0.0259,1.7982,1.7477,0.7907,0.3643,nan,nan,nan,nan,0
early,cage,6,4,resnet,False,solarisation,lr,1e-05,0.0001,32,14,0.0210,1.8701,1.8026,0.7907,0.3536,nan,nan,nan,nan,0
early,cage,6,4,resnet,False,solarisation,lr,1e-05,0.0001,32,15,0.0148,1.8849,1.8584,0.7907,0.3500,nan,nan,nan,nan,0
early,cage,6,4,resnet,False,solarisation,lr,1e-05,0.0001,32,16,0.0123,2.0481,1.9489,0.7907,0.3500,nan,nan,nan,nan,0
early,cage,6,5,resnet,False,solarisation,lr,1e-05,0.0001,32,1,0.7052,0.6922,0.7105,0.2750,0.4588,nan,nan,nan,nan,0
early,cage,6,5,resnet,False,solarisation,lr,1e-05,0.0001,32,2,0.6751,0.7325,0.6940,0.7000,0.4194,nan,nan,nan,nan,0
early,cage,6,5,resnet,False,solarisation,lr,1e-05,0.0001,32,3,0.6276,0.7005,0.7072,0.5750,0.5305,nan,nan,nan,nan,0
early,cage,6,5,resnet,False,solarisation,lr,1e-05,0.0001,32,4,0.5566,0.7193,0.7702,0.5250,0.5054,nan,nan,nan,nan,0
early,cage,6,5,resnet,False,solarisation,lr,1e-05,0.0001,32,5,0.4606,0.9915,0.8579,0.7250,0.3907,nan,nan,nan,nan,1
early,cage,6,5,resnet,False,solarisation,lr,1e-05,0.0001,32,6,0.3308,0.9159,0.9621,0.6250,0.4480,nan,nan,nan,nan,0
early,cage,6,5,resnet,False,solarisation,lr,1e-05,0.0001,32,7,0.2059,1.0710,1.0582,0.6500,0.4588,0.9026,0.9125,0.7805,0.4810,1
early,cage,6,5,resnet,False,solarisation,lr,1e-05,0.0001,32,8,0.1342,1.3935,1.3528,0.6750,0.3548,nan,nan,nan,nan,0
early,cage,6,5,resnet,False,solarisation,lr,1e-05,0.0001,32,9,0.0858,1.8029,1.5282,0.7250,0.3656,nan,nan,nan,nan,0
early,cage,6,5,resnet,False,solarisation,lr,1e-05,0.0001,32,10,0.0620,2.5749,1.8291,0.7750,0.3692,nan,nan,nan,nan,0
early,cage,6,5,resnet,False,solarisation,lr,1e-05,0.0001,32,11,0.0506,1.1884,1.3613,0.6500,0.4194,nan,nan,nan,nan,0
early,cage,6,5,resnet,False,solarisation,lr,1e-05,0.0001,32,12,0.0354,1.7218,1.6465,0.7000,0.3620,nan,nan,nan,nan,0
early,cage,6,5,resnet,False,solarisation,lr,1e-05,0.0001,32,13,0.0230,2.0494,1.7317,0.7000,0.3692,nan,nan,nan,nan,0
early,cage,6,5,resnet,False,solarisation,lr,1e-05,0.0001,32,14,0.0192,1.7227,1.6792,0.6750,0.3871,nan,nan,nan,nan,0
early,cage,6,5,resnet,False,solarisation,lr,1e-05,0.0001,32,15,0.0193,3.6971,2.5254,0.7750,0.3763,nan,nan,nan,nan,0
early,cage,6,5,resnet,False,solarisation,lr,1e-05,0.0001,32,16,0.0173,3.3791,2.3802,0.7750,0.4337,nan,nan,nan,nan,0
