fusion,dataset,test_set,dev_set,arch,use_pretrained,augmentation,speech_encoder_arch,lr,wd,batch_size,epoch,train_loss,dev_loss_patient,dev_loss_cough,dev_acc,dev_auc,test_loss_patient,test_loss_cough,test_acc,test_auc,is_best
none,cage,0,1,resnet,False,solarisation,lr,1e-05,0.0001,32,1,0.7087,0.6895,0.6803,0.6279,0.5635,nan,nan,nan,nan,0
none,cage,0,1,resnet,False,solarisation,lr,1e-05,0.0001,32,2,0.6798,0.6962,0.7094,0.5349,0.5079,nan,nan,nan,nan,0
none,cage,0,1,resnet,False,solarisation,lr,1e-05,0.0001,32,3,0.6615,0.7026,0.6692,0.7907,0.4603,nan,nan,nan,nan,0
none,cage,0,1,resnet,False,solarisation,lr,1e-05,0.0001,32,4,0.6110,0.7166,0.7103,0.7209,0.4444,nan,nan,nan,nan,0
none,cage,0,1,resnet,False,solarisation,lr,1e-05,0.0001,32,5,0.5393,0.7373,0.8741,0.5349,0.4603,0.7542,0.8193,0.5116,0.4167,1
none,cage,0,1,resnet,False,solarisation,lr,1e-05,0.0001,32,6,0.4139,0.8202,1.1239,0.1860,0.4643,nan,nan,nan,nan,0
none,cage,0,1,resnet,False,solarisation,lr,1e-05,0.0001,32,7,0.2802,1.2727,1.0869,0.8140,0.4524,nan,nan,nan,nan,0
none,cage,0,1,resnet,False,solarisation,lr,1e-05,0.0001,32,8,0.1818,0.8597,1.1963,0.6047,0.4802,nan,nan,nan,nan,0
none,cage,0,1,resnet,False,solarisation,lr,1e-05,0.0001,32,9,0.1151,1.0133,1.2742,0.6744,0.4643,nan,nan,nan,nan,0
none,cage,0,1,resnet,False,solarisation,lr,1e-05,0.0001,32,10,0.0759,1.1760,1.4218,0.6744,0.4524,nan,nan,nan,nan,0
none,cage,0,1,resnet,False,solarisation,lr,1e-05,0.0001,32,11,0.0511,1.1282,1.3481,0.7442,0.4722,nan,nan,nan,nan,0
none,cage,0,1,resnet,False,solarisation,lr,1e-05,0.0001,32,12,0.0371,1.5353,1.5318,0.7907,0.4921,nan,nan,nan,nan,0
none,cage,0,1,resnet,False,solarisation,lr,1e-05,0.0001,32,13,0.0279,1.3342,1.5815,0.7442,0.4881,nan,nan,nan,nan,0
none,cage,0,1,resnet,False,solarisation,lr,1e-05,0.0001,32,14,0.0202,1.5694,1.5977,0.7674,0.4603,nan,nan,nan,nan,0
none,cage,0,1,resnet,False,solarisation,lr,1e-05,0.0001,32,15,0.0155,1.5048,1.5892,0.7674,0.4524,nan,nan,nan,nan,0
none,cage,0,1,resnet,False,solarisation,lr,1e-05,0.0001,32,16,0.0161,1.3789,1.7496,0.7442,0.4841,nan,nan,nan,nan,0
none,cage,0,2,resnet,False,solarisation,lr,1e-05,0.0001,32,1,0.7185,0.7086,0.7257,0.1905,0.2831,nan,nan,nan,nan,0
none,cage,0,2,resnet,False,solarisation,lr,1e-05,0.0001,32,2,0.6861,0.7286,0.6402,0.8095,0.5110,nan,nan,nan,nan,0
none,cage,0,2,resnet,False,solarisation,lr,1e-05,0.0001,32,3,0.6534,0.7082,0.6799,0.7143,0.4963,nan,nan,nan,nan,0
none,cage,0,2,resnet,False,solarisation,lr,1e-05,0.0001,32,4,0.6192,0.8040,0.6549,0.8095,0.4191,nan,nan,nan,nan,0
none,cage,0,2,resnet,False,solarisation,lr,1e-05,0.0001,32,5,0.5452,0.9021,0.6982,0.8095,0.4154,0.8295,0.6738,0.8372,0.4762,1
none,cage,0,2,resnet,False,solarisation,lr,1e-05,0.0001,32,6,0.4300,0.7756,0.8955,0.3571,0.2390,nan,nan,nan,nan,0
none,cage,0,2,resnet,False,solarisation,lr,1e-05,0.0001,32,7,0.3019,1.0332,0.9077,0.7857,0.4118,nan,nan,nan,nan,0
none,cage,0,2,resnet,False,solarisation,lr,1e-05,0.0001,32,8,0.1883,1.2549,1.0128,0.8095,0.3934,nan,nan,nan,nan,0
none,cage,0,2,resnet,False,solarisation,lr,1e-05,0.0001,32,9,0.1174,1.9368,1.2244,0.8095,0.4338,nan,nan,nan,nan,0
none,cage,0,2,resnet,False,solarisation,lr,1e-05,0.0001,32,10,0.0806,2.7001,1.5969,0.8095,0.4559,nan,nan,nan,nan,0
none,cage,0,2,resnet,False,solarisation,lr,1e-05,0.0001,32,11,0.0565,3.3083,1.9034,0.8095,0.4301,nan,nan,nan,nan,0
none,cage,0,2,resnet,False,solarisation,lr,1e-05,0.0001,32,12,0.0472,2.6900,1.6133,0.8095,0.3419,nan,nan,nan,nan,0
none,cage,0,2,resnet,False,solarisation,lr,1e-05,0.0001,32,13,0.0333,2.8436,1.7141,0.8095,0.4669,nan,nan,nan,nan,0
none,cage,0,2,resnet,False,solarisation,lr,1e-05,0.0001,32,14,0.0272,2.4798,1.5799,0.8095,0.3750,nan,nan,nan,nan,0
none,cage,0,2,resnet,False,solarisation,lr,1e-05,0.0001,32,15,0.0216,2.4684,1.5585,0.8095,0.3750,nan,nan,nan,nan,0
none,cage,0,2,resnet,False,solarisation,lr,1e-05,0.0001,32,16,0.0196,3.9449,2.2475,0.8095,0.4449,nan,nan,nan,nan,0
none,cage,0,3,resnet,False,solarisation,lr,1e-05,0.0001,32,1,0.7129,0.7073,0.7343,0.3571,0.4367,nan,nan,nan,nan,0
none,cage,0,3,resnet,False,solarisation,lr,1e-05,0.0001,32,2,0.6948,0.7402,0.8242,0.1667,0.3959,nan,nan,nan,nan,0
none,cage,0,3,resnet,False,solarisation,lr,1e-05,0.0001,32,3,0.6658,0.7121,0.7180,0.4286,0.3959,nan,nan,nan,nan,0
none,cage,0,3,resnet,False,solarisation,lr,1e-05,0.0001,32,4,0.6206,0.7187,0.6685,0.7619,0.3959,nan,nan,nan,nan,0
none,cage,0,3,resnet,False,solarisation,lr,1e-05,0.0001,32,5,0.5506,0.7142,0.7634,0.5714,0.5020,nan,nan,nan,nan,1
none,cage,0,3,resnet,False,solarisation,lr,1e-05,0.0001,32,6,0.4377,0.8821,0.7379,0.8095,0.4204,nan,nan,nan,nan,0
none,cage,0,3,resnet,False,solarisation,lr,1e-05,0.0001,32,7,0.2889,1.7110,1.0742,0.8333,0.4653,nan,nan,nan,nan,1
none,cage,0,3,resnet,False,solarisation,lr,1e-05,0.0001,32,8,0.1931,1.2140,0.9429,0.8095,0.5061,nan,nan,nan,nan,1
none,cage,0,3,resnet,False,solarisation,lr,1e-05,0.0001,32,9,0.1250,2.1573,1.3324,0.8333,0.5306,nan,nan,nan,nan,1
none,cage,0,3,resnet,False,solarisation,lr,1e-05,0.0001,32,10,0.0809,3.4091,2.0082,0.8333,0.4898,nan,nan,nan,nan,0
none,cage,0,3,resnet,False,solarisation,lr,1e-05,0.0001,32,11,0.0571,2.6435,1.5957,0.8333,0.5224,nan,nan,nan,nan,1
none,cage,0,3,resnet,False,solarisation,lr,1e-05,0.0001,32,12,0.0409,3.4857,2.0603,0.8333,0.5102,3.5344,2.2733,0.8372,0.4365,1
none,cage,0,3,resnet,False,solarisation,lr,1e-05,0.0001,32,13,0.0298,2.1778,1.3958,0.8333,0.5265,nan,nan,nan,nan,0
none,cage,0,3,resnet,False,solarisation,lr,1e-05,0.0001,32,14,0.0204,3.4715,2.0595,0.8333,0.4571,nan,nan,nan,nan,0
none,cage,0,3,resnet,False,solarisation,lr,1e-05,0.0001,32,15,0.0177,3.0413,1.8314,0.8333,0.4735,nan,nan,nan,nan,0
none,cage,0,3,resnet,False,solarisation,lr,1e-05,0.0001,32,16,0.0152,2.2377,1.4790,0.8095,0.4571,nan,nan,nan,nan,0
none,cage,0,3,resnet,False,solarisation,lr,1e-05,0.0001,32,17,0.0167,3.6571,2.2044,0.8333,0.4653,nan,nan,nan,nan,0
none,cage,0,4,resnet,False,solarisation,lr,1e-05,0.0001,32,1,0.7172,0.6735,0.6954,0.3256,0.6964,nan,nan,nan,nan,0
none,cage,0,4,resnet,False,solarisation,lr,1e-05,0.0001,32,2,0.6904,0.7107,0.6976,0.7674,0.4464,nan,nan,nan,nan,0
none,cage,0,4,resnet,False,solarisation,lr,1e-05,0.0001,32,3,0.6606,0.7015,0.6909,0.7907,0.5107,nan,nan,nan,nan,0
none,cage,0,4,resnet,False,solarisation,lr,1e-05,0.0001,32,4,0.6270,0.7312,0.8459,0.1860,0.4607,nan,nan,nan,nan,0
none,cage,0,4,resnet,False,solarisation,lr,1e-05,0.0001,32,5,0.5529,0.7675,0.8282,0.6977,0.4500,0.7853,0.7859,0.6744,0.3730,1
none,cage,0,4,resnet,False,solarisation,lr,1e-05,0.0001,32,6,0.4443,0.7611,0.9812,0.2558,0.4679,nan,nan,nan,nan,0
none,cage,0,4,resnet,False,solarisation,lr,1e-05,0.0001,32,7,0.3330,0.7990,1.0835,0.2093,0.4286,nan,nan,nan,nan,0
none,cage,0,4,resnet,False,solarisation,lr,1e-05,0.0001,32,8,0.2261,1.6046,1.4191,0.7907,0.4036,nan,nan,nan,nan,0
none,cage,0,4,resnet,False,solarisation,lr,1e-05,0.0001,32,9,0.1405,1.5309,1.4265,0.7907,0.4321,nan,nan,nan,nan,0
none,cage,0,4,resnet,False,solarisation,lr,1e-05,0.0001,32,10,0.1042,1.0088,1.2594,0.6977,0.4214,nan,nan,nan,nan,0
none,cage,0,4,resnet,False,solarisation,lr,1e-05,0.0001,32,11,0.0688,1.9668,1.7684,0.7907,0.3714,nan,nan,nan,nan,0
none,cage,0,4,resnet,False,solarisation,lr,1e-05,0.0001,32,12,0.0496,1.6743,1.7332,0.7442,0.3821,nan,nan,nan,nan,0
none,cage,0,4,resnet,False,solarisation,lr,1e-05,0.0001,32,13,0.0452,1.5195,1.6593,0.7442,0.3964,nan,nan,nan,nan,0
none,cage,0,4,resnet,False,solarisation,lr,1e-05,0.0001,32,14,0.0315,1.4763,1.7596,0.6512,0.4143,nan,nan,nan,nan,0
none,cage,0,4,resnet,False,solarisation,lr,1e-05,0.0001,32,15,0.0231,1.4646,1.7260,0.6977,0.3750,nan,nan,nan,nan,0
none,cage,0,4,resnet,False,solarisation,lr,1e-05,0.0001,32,16,0.0185,1.8111,2.0108,0.7442,0.3714,nan,nan,nan,nan,0
none,cage,0,5,resnet,False,solarisation,lr,1e-05,0.0001,32,1,0.7164,0.6964,0.6833,0.7250,0.5556,nan,nan,nan,nan,0
none,cage,0,5,resnet,False,solarisation,lr,1e-05,0.0001,32,2,0.6856,0.7115,0.6889,0.6750,0.4337,nan,nan,nan,nan,0
none,cage,0,5,resnet,False,solarisation,lr,1e-05,0.0001,32,3,0.6484,0.7794,0.6859,0.7750,0.3513,nan,nan,nan,nan,0
none,cage,0,5,resnet,False,solarisation,lr,1e-05,0.0001,32,4,0.5971,0.7574,0.7430,0.5500,0.3262,nan,nan,nan,nan,0
none,cage,0,5,resnet,False,solarisation,lr,1e-05,0.0001,32,5,0.5076,1.5917,1.0586,0.7750,0.4552,1.4698,0.9780,0.8372,0.2897,1
none,cage,0,5,resnet,False,solarisation,lr,1e-05,0.0001,32,6,0.3753,0.8254,0.8916,0.5250,0.3548,nan,nan,nan,nan,0
none,cage,0,5,resnet,False,solarisation,lr,1e-05,0.0001,32,7,0.2343,1.7166,1.2513,0.7750,0.3405,nan,nan,nan,nan,0
none,cage,0,5,resnet,False,solarisation,lr,1e-05,0.0001,32,8,0.1426,1.9444,1.4393,0.7750,0.3548,nan,nan,nan,nan,0
none,cage,0,5,resnet,False,solarisation,lr,1e-05,0.0001,32,9,0.0913,1.4168,1.2897,0.7750,0.3154,nan,nan,nan,nan,0
none,cage,0,5,resnet,False,solarisation,lr,1e-05,0.0001,32,10,0.0594,2.0060,1.6955,0.7750,0.3441,nan,nan,nan,nan,0
none,cage,0,5,resnet,False,solarisation,lr,1e-05,0.0001,32,11,0.0455,1.8554,1.5828,0.7750,0.3190,nan,nan,nan,nan,0
none,cage,0,5,resnet,False,solarisation,lr,1e-05,0.0001,32,12,0.0356,3.3568,2.2631,0.7750,0.3548,nan,nan,nan,nan,0
none,cage,0,5,resnet,False,solarisation,lr,1e-05,0.0001,32,13,0.0242,2.5404,1.9405,0.8000,0.3405,nan,nan,nan,nan,0
none,cage,0,5,resnet,False,solarisation,lr,1e-05,0.0001,32,14,0.0198,2.5093,1.9582,0.7750,0.3262,nan,nan,nan,nan,0
none,cage,0,5,resnet,False,solarisation,lr,1e-05,0.0001,32,15,0.0144,1.9179,1.7638,0.7750,0.3262,nan,nan,nan,nan,0
none,cage,0,5,resnet,False,solarisation,lr,1e-05,0.0001,32,16,0.0099,2.0542,1.7494,0.7750,0.3369,nan,nan,nan,nan,0
none,cage,0,6,resnet,False,solarisation,lr,1e-05,0.0001,32,1,0.7132,0.6875,0.6481,0.8537,0.5190,nan,nan,nan,nan,0
none,cage,0,6,resnet,False,solarisation,lr,1e-05,0.0001,32,2,0.6860,0.7408,0.6766,0.8537,0.3190,nan,nan,nan,nan,0
none,cage,0,6,resnet,False,solarisation,lr,1e-05,0.0001,32,3,0.6595,0.7248,0.6999,0.7805,0.3286,nan,nan,nan,nan,0
none,cage,0,6,resnet,False,solarisation,lr,1e-05,0.0001,32,4,0.6190,0.7865,0.8857,0.1463,0.4000,nan,nan,nan,nan,0
none,cage,0,6,resnet,False,solarisation,lr,1e-05,0.0001,32,5,0.5336,0.7644,0.8119,0.2439,0.2857,nan,nan,nan,nan,1
none,cage,0,6,resnet,False,solarisation,lr,1e-05,0.0001,32,6,0.4096,1.0584,0.8457,0.8537,0.3381,nan,nan,nan,nan,0
none,cage,0,6,resnet,False,solarisation,lr,1e-05,0.0001,32,7,0.2768,1.0432,0.8891,0.8537,0.3857,nan,nan,nan,nan,0
none,cage,0,6,resnet,False,solarisation,lr,1e-05,0.0001,32,8,0.1812,2.2582,1.5566,0.8537,0.3619,nan,nan,nan,nan,0
none,cage,0,6,resnet,False,solarisation,lr,1e-05,0.0001,32,9,0.1224,1.1322,1.0703,0.8293,0.3524,nan,nan,nan,nan,0
none,cage,0,6,resnet,False,solarisation,lr,1e-05,0.0001,32,10,0.0863,0.9994,1.0830,0.8293,0.4000,nan,nan,nan,nan,0
none,cage,0,6,resnet,False,solarisation,lr,1e-05,0.0001,32,11,0.0594,1.2225,1.1480,0.8537,0.3905,nan,nan,nan,nan,1
none,cage,0,6,resnet,False,solarisation,lr,1e-05,0.0001,32,12,0.0461,1.8781,1.4131,0.8537,0.3905,nan,nan,nan,nan,0
none,cage,0,6,resnet,False,solarisation,lr,1e-05,0.0001,32,13,0.0340,1.7830,1.3731,0.8537,0.4333,nan,nan,nan,nan,1
none,cage,0,6,resnet,False,solarisation,lr,1e-05,0.0001,32,14,0.0272,1.4649,1.2995,0.8537,0.4524,nan,nan,nan,nan,1
none,cage,0,6,resnet,False,solarisation,lr,1e-05,0.0001,32,15,0.0390,2.1369,1.5471,0.8537,0.4333,nan,nan,nan,nan,1
none,cage,0,6,resnet,False,solarisation,lr,1e-05,0.0001,32,16,0.0145,1.7259,1.4051,0.8537,0.4381,nan,nan,nan,nan,1
none,cage,0,6,resnet,False,solarisation,lr,1e-05,0.0001,32,17,0.0124,1.8632,1.4337,0.8537,0.4952,2.1170,1.5467,0.8372,0.4603,1
none,cage,0,6,resnet,False,solarisation,lr,1e-05,0.0001,32,18,0.0126,2.3762,1.6392,0.8537,0.4000,nan,nan,nan,nan,0
none,cage,0,6,resnet,False,solarisation,lr,1e-05,0.0001,32,19,0.0080,1.9001,1.4579,0.8537,0.4524,nan,nan,nan,nan,0
none,cage,0,6,resnet,False,solarisation,lr,1e-05,0.0001,32,20,0.0089,2.2327,1.6340,0.8537,0.3952,nan,nan,nan,nan,0
none,cage,0,6,resnet,False,solarisation,lr,1e-05,0.0001,32,21,0.0090,2.6865,1.8857,0.8537,0.3762,nan,nan,nan,nan,0
none,cage,0,6,resnet,False,solarisation,lr,1e-05,0.0001,32,22,0.0055,2.7295,1.8773,0.8537,0.4143,nan,nan,nan,nan,0
none,cage,0,7,resnet,False,solarisation,lr,1e-05,0.0001,32,1,0.7114,0.7021,0.6599,0.7955,0.4271,nan,nan,nan,nan,0
none,cage,0,7,resnet,False,solarisation,lr,1e-05,0.0001,32,2,0.6881,0.6909,0.6501,0.7955,0.6215,nan,nan,nan,nan,0
none,cage,0,7,resnet,False,solarisation,lr,1e-05,0.0001,32,3,0.6723,0.7144,0.8158,0.1818,0.5347,nan,nan,nan,nan,0
none,cage,0,7,resnet,False,solarisation,lr,1e-05,0.0001,32,4,0.6400,0.6915,0.7207,0.4091,0.5347,nan,nan,nan,nan,0
none,cage,0,7,resnet,False,solarisation,lr,1e-05,0.0001,32,5,0.5731,0.7026,0.6652,0.7727,0.6042,nan,nan,nan,nan,1
none,cage,0,7,resnet,False,solarisation,lr,1e-05,0.0001,32,6,0.4799,0.6560,0.7527,0.5682,0.6493,nan,nan,nan,nan,1
none,cage,0,7,resnet,False,solarisation,lr,1e-05,0.0001,32,7,0.3537,0.9464,0.7081,0.8182,0.6771,nan,nan,nan,nan,1
none,cage,0,7,resnet,False,solarisation,lr,1e-05,0.0001,32,8,0.2344,0.7681,0.7649,0.7727,0.7014,nan,nan,nan,nan,1
none,cage,0,7,resnet,False,solarisation,lr,1e-05,0.0001,32,9,0.1510,0.6512,0.9380,0.6364,0.6840,nan,nan,nan,nan,1
none,cage,0,7,resnet,False,solarisation,lr,1e-05,0.0001,32,10,0.0974,0.8139,0.7857,0.8182,0.7917,nan,nan,nan,nan,1
none,cage,0,7,resnet,False,solarisation,lr,1e-05,0.0001,32,11,0.0668,0.6849,0.9869,0.6818,0.6910,nan,nan,nan,nan,1
none,cage,0,7,resnet,False,solarisation,lr,1e-05,0.0001,32,12,0.0553,1.0362,0.9241,0.7955,0.7535,nan,nan,nan,nan,1
none,cage,0,7,resnet,False,solarisation,lr,1e-05,0.0001,32,13,0.0373,0.6420,1.1100,0.7045,0.7188,nan,nan,nan,nan,0
none,cage,0,7,resnet,False,solarisation,lr,1e-05,0.0001,32,14,0.0329,1.6959,1.0826,0.8182,0.6944,1.9234,1.3371,0.8372,0.4444,1
none,cage,0,7,resnet,False,solarisation,lr,1e-05,0.0001,32,15,0.0214,1.2111,1.0197,0.8182,0.6701,nan,nan,nan,nan,0
none,cage,0,7,resnet,False,solarisation,lr,1e-05,0.0001,32,16,0.0165,1.3020,1.0375,0.8182,0.6910,nan,nan,nan,nan,0
none,cage,0,7,resnet,False,solarisation,lr,1e-05,0.0001,32,17,0.0171,1.1960,1.0851,0.7500,0.6875,nan,nan,nan,nan,0
none,cage,0,7,resnet,False,solarisation,lr,1e-05,0.0001,32,18,0.0141,0.7591,1.2082,0.6591,0.6319,nan,nan,nan,nan,0
none,cage,0,7,resnet,False,solarisation,lr,1e-05,0.0001,32,19,0.0121,1.1266,1.0565,0.8182,0.6840,nan,nan,nan,nan,0
none,cage,0,8,resnet,False,solarisation,lr,1e-05,0.0001,32,1,0.7181,0.7009,0.7087,0.3617,0.3910,nan,nan,nan,nan,0
none,cage,0,8,resnet,False,solarisation,lr,1e-05,0.0001,32,2,0.6840,0.7089,0.6642,0.7872,0.3910,nan,nan,nan,nan,0
none,cage,0,8,resnet,False,solarisation,lr,1e-05,0.0001,32,3,0.6528,0.7136,0.6911,0.6596,0.3782,nan,nan,nan,nan,0
none,cage,0,8,resnet,False,solarisation,lr,1e-05,0.0001,32,4,0.6040,0.7346,0.7859,0.3191,0.4038,nan,nan,nan,nan,0
none,cage,0,8,resnet,False,solarisation,lr,1e-05,0.0001,32,5,0.5288,0.7791,0.7716,0.6596,0.3942,0.8104,0.8311,0.5581,0.3294,1
none,cage,0,8,resnet,False,solarisation,lr,1e-05,0.0001,32,6,0.4064,0.9499,0.8116,0.7660,0.3558,nan,nan,nan,nan,0
none,cage,0,8,resnet,False,solarisation,lr,1e-05,0.0001,32,7,0.2536,1.4951,0.9984,0.8085,0.4103,nan,nan,nan,nan,0
none,cage,0,8,resnet,False,solarisation,lr,1e-05,0.0001,32,8,0.1685,1.5514,1.0955,0.7872,0.3622,nan,nan,nan,nan,0
none,cage,0,8,resnet,False,solarisation,lr,1e-05,0.0001,32,9,0.1023,1.8346,1.2496,0.8085,0.3622,nan,nan,nan,nan,0
none,cage,0,8,resnet,False,solarisation,lr,1e-05,0.0001,32,10,0.0665,2.1440,1.3346,0.8085,0.3558,nan,nan,nan,nan,0
none,cage,0,8,resnet,False,solarisation,lr,1e-05,0.0001,32,11,0.0426,2.0639,1.4443,0.8085,0.3269,nan,nan,nan,nan,0
none,cage,0,8,resnet,False,solarisation,lr,1e-05,0.0001,32,12,0.0337,2.3125,1.4860,0.8085,0.3269,nan,nan,nan,nan,0
none,cage,0,8,resnet,False,solarisation,lr,1e-05,0.0001,32,13,0.0273,1.7396,1.4936,0.7872,0.3173,nan,nan,nan,nan,0
none,cage,0,8,resnet,False,solarisation,lr,1e-05,0.0001,32,14,0.0204,1.6175,1.4970,0.7660,0.2981,nan,nan,nan,nan,0
none,cage,0,8,resnet,False,solarisation,lr,1e-05,0.0001,32,15,0.0289,1.8622,1.5390,0.7872,0.3590,nan,nan,nan,nan,0
none,cage,0,8,resnet,False,solarisation,lr,1e-05,0.0001,32,16,0.0130,2.0310,1.6238,0.7872,0.3590,nan,nan,nan,nan,0
none,cage,0,9,resnet,False,solarisation,lr,1e-05,0.0001,32,1,0.7161,0.7069,0.6860,0.7143,0.4276,nan,nan,nan,nan,0
none,cage,0,9,resnet,False,solarisation,lr,1e-05,0.0001,32,2,0.6885,0.7129,0.7035,0.5476,0.4242,nan,nan,nan,nan,0
none,cage,0,9,resnet,False,solarisation,lr,1e-05,0.0001,32,3,0.6564,0.7587,0.6615,0.7619,0.5017,nan,nan,nan,nan,0
none,cage,0,9,resnet,False,solarisation,lr,1e-05,0.0001,32,4,0.6003,0.8255,0.6950,0.7619,0.4175,nan,nan,nan,nan,0
none,cage,0,9,resnet,False,solarisation,lr,1e-05,0.0001,32,5,0.5112,0.7531,0.9600,0.2619,0.5084,0.8409,0.9860,0.2791,0.3373,1
none,cage,0,9,resnet,False,solarisation,lr,1e-05,0.0001,32,6,0.3834,1.1044,0.9130,0.7619,0.4175,nan,nan,nan,nan,0
none,cage,0,9,resnet,False,solarisation,lr,1e-05,0.0001,32,7,0.2478,1.6496,1.1784,0.7857,0.3603,nan,nan,nan,nan,0
none,cage,0,9,resnet,False,solarisation,lr,1e-05,0.0001,32,8,0.1518,2.7051,1.5529,0.7619,0.4141,nan,nan,nan,nan,0
none,cage,0,9,resnet,False,solarisation,lr,1e-05,0.0001,32,9,0.0923,1.8416,1.3145,0.7857,0.4512,nan,nan,nan,nan,0
none,cage,0,9,resnet,False,solarisation,lr,1e-05,0.0001,32,10,0.0589,1.9738,1.4180,0.7857,0.4310,nan,nan,nan,nan,0
none,cage,0,9,resnet,False,solarisation,lr,1e-05,0.0001,32,11,0.0429,2.1556,1.5044,0.7857,0.4579,nan,nan,nan,nan,0
none,cage,0,9,resnet,False,solarisation,lr,1e-05,0.0001,32,12,0.0308,1.9794,1.4890,0.7619,0.4007,nan,nan,nan,nan,0
none,cage,0,9,resnet,False,solarisation,lr,1e-05,0.0001,32,13,0.0216,2.1968,1.6525,0.7619,0.4175,nan,nan,nan,nan,0
none,cage,0,9,resnet,False,solarisation,lr,1e-05,0.0001,32,14,0.0165,3.0797,1.8829,0.7619,0.4242,nan,nan,nan,nan,0
none,cage,0,9,resnet,False,solarisation,lr,1e-05,0.0001,32,15,0.0136,2.6170,1.7182,0.7619,0.4747,nan,nan,nan,nan,0
none,cage,0,9,resnet,False,solarisation,lr,1e-05,0.0001,32,16,0.0481,1.6582,1.4848,0.7143,0.4747,nan,nan,nan,nan,0
none,cage,1,0,resnet,False,solarisation,lr,1e-05,0.0001,32,1,0.7111,0.7196,0.6742,0.8372,0.2817,nan,nan,nan,nan,0
none,cage,1,0,resnet,False,solarisation,lr,1e-05,0.0001,32,2,0.6877,0.7310,0.6848,0.8140,0.2063,nan,nan,nan,nan,0
none,cage,1,0,resnet,False,solarisation,lr,1e-05,0.0001,32,3,0.6662,0.7646,0.6869,0.8372,0.3135,nan,nan,nan,nan,0
none,cage,1,0,resnet,False,solarisation,lr,1e-05,0.0001,32,4,0.6216,0.7499,0.7814,0.2558,0.2183,nan,nan,nan,nan,0
none,cage,1,0,resnet,False,solarisation,lr,1e-05,0.0001,32,5,0.5472,0.7450,0.7987,0.3721,0.3492,nan,nan,nan,nan,1
none,cage,1,0,resnet,False,solarisation,lr,1e-05,0.0001,32,6,0.4336,1.6082,1.0855,0.8372,0.4206,nan,nan,nan,nan,1
none,cage,1,0,resnet,False,solarisation,lr,1e-05,0.0001,32,7,0.2968,1.2452,1.0506,0.8372,0.3929,nan,nan,nan,nan,1
none,cage,1,0,resnet,False,solarisation,lr,1e-05,0.0001,32,8,0.1984,1.2571,1.1128,0.8372,0.4921,nan,nan,nan,nan,1
none,cage,1,0,resnet,False,solarisation,lr,1e-05,0.0001,32,9,0.1244,1.5732,1.2228,0.8372,0.3849,nan,nan,nan,nan,1
none,cage,1,0,resnet,False,solarisation,lr,1e-05,0.0001,32,10,0.0780,1.5752,1.2343,0.8372,0.4206,nan,nan,nan,nan,1
none,cage,1,0,resnet,False,solarisation,lr,1e-05,0.0001,32,11,0.0628,2.4058,1.6104,0.8372,0.4365,nan,nan,nan,nan,0
none,cage,1,0,resnet,False,solarisation,lr,1e-05,0.0001,32,12,0.0497,3.3779,2.1459,0.8372,0.4048,nan,nan,nan,nan,1
none,cage,1,0,resnet,False,solarisation,lr,1e-05,0.0001,32,13,0.0324,2.0013,1.4751,0.8372,0.4722,nan,nan,nan,nan,0
none,cage,1,0,resnet,False,solarisation,lr,1e-05,0.0001,32,14,0.0244,3.5347,2.2606,0.8372,0.4603,nan,nan,nan,nan,1
none,cage,1,0,resnet,False,solarisation,lr,1e-05,0.0001,32,15,0.0186,1.7052,1.4047,0.8372,0.5040,nan,nan,nan,nan,1
none,cage,1,0,resnet,False,solarisation,lr,1e-05,0.0001,32,16,0.0150,2.2154,1.5839,0.8372,0.5556,nan,nan,nan,nan,1
none,cage,1,0,resnet,False,solarisation,lr,1e-05,0.0001,32,17,0.0119,2.5441,1.7564,0.8372,0.5238,nan,nan,nan,nan,1
none,cage,1,0,resnet,False,solarisation,lr,1e-05,0.0001,32,18,0.0097,2.0497,1.5960,0.8372,0.5317,nan,nan,nan,nan,1
none,cage,1,0,resnet,False,solarisation,lr,1e-05,0.0001,32,19,0.0098,2.6558,1.8026,0.8372,0.5000,nan,nan,nan,nan,1
none,cage,1,0,resnet,False,solarisation,lr,1e-05,0.0001,32,20,0.0076,2.9815,1.9747,0.8372,0.5159,nan,nan,nan,nan,0
none,cage,1,0,resnet,False,solarisation,lr,1e-05,0.0001,32,21,0.0083,3.5509,2.2756,0.8372,0.4881,nan,nan,nan,nan,0
none,cage,1,0,resnet,False,solarisation,lr,1e-05,0.0001,32,22,0.0070,2.0579,1.6604,0.8372,0.6190,nan,nan,nan,nan,1
none,cage,1,0,resnet,False,solarisation,lr,1e-05,0.0001,32,23,0.0070,2.3825,1.7126,0.8372,0.5079,nan,nan,nan,nan,0
none,cage,1,0,resnet,False,solarisation,lr,1e-05,0.0001,32,24,0.0059,2.4494,1.7318,0.8372,0.5556,nan,nan,nan,nan,1
none,cage,1,0,resnet,False,solarisation,lr,1e-05,0.0001,32,25,0.0050,2.7924,1.8830,0.8372,0.5317,nan,nan,nan,nan,0
none,cage,1,0,resnet,False,solarisation,lr,1e-05,0.0001,32,26,0.0050,1.2586,1.5634,0.7674,0.5040,0.9217,1.3576,0.7442,0.6706,1
none,cage,1,0,resnet,False,solarisation,lr,1e-05,0.0001,32,27,0.0790,3.8532,2.4917,0.8372,0.5476,nan,nan,nan,nan,0
none,cage,1,0,resnet,False,solarisation,lr,1e-05,0.0001,32,28,0.0292,2.2485,1.7723,0.8372,0.4563,nan,nan,nan,nan,0
none,cage,1,0,resnet,False,solarisation,lr,1e-05,0.0001,32,29,0.0146,1.6252,1.6657,0.8140,0.5119,nan,nan,nan,nan,0
none,cage,1,0,resnet,False,solarisation,lr,1e-05,0.0001,32,30,0.0077,3.2814,2.1714,0.8372,0.4841,nan,nan,nan,nan,0
none,cage,1,0,resnet,False,solarisation,lr,1e-05,0.0001,32,31,0.0058,2.2776,1.7083,0.8372,0.5119,nan,nan,nan,nan,0
none,cage,1,2,resnet,False,solarisation,lr,1e-05,0.0001,32,1,0.7216,0.7105,0.6368,0.8095,0.6103,nan,nan,nan,nan,0
none,cage,1,2,resnet,False,solarisation,lr,1e-05,0.0001,32,2,0.6802,0.7124,0.7642,0.2143,0.3493,nan,nan,nan,nan,0
none,cage,1,2,resnet,False,solarisation,lr,1e-05,0.0001,32,3,0.6504,0.7038,0.6444,0.8095,0.6176,nan,nan,nan,nan,0
none,cage,1,2,resnet,False,solarisation,lr,1e-05,0.0001,32,4,0.5972,0.7460,0.6361,0.8095,0.6140,nan,nan,nan,nan,0
none,cage,1,2,resnet,False,solarisation,lr,1e-05,0.0001,32,5,0.5017,0.7951,0.6594,0.8095,0.6434,nan,nan,nan,nan,1
none,cage,1,2,resnet,False,solarisation,lr,1e-05,0.0001,32,6,0.3642,0.7540,0.7608,0.8571,0.6029,nan,nan,nan,nan,0
none,cage,1,2,resnet,False,solarisation,lr,1e-05,0.0001,32,7,0.2327,0.7911,0.8269,0.8571,0.6360,nan,nan,nan,nan,1
none,cage,1,2,resnet,False,solarisation,lr,1e-05,0.0001,32,8,0.1414,1.3060,0.9697,0.8095,0.6213,nan,nan,nan,nan,0
none,cage,1,2,resnet,False,solarisation,lr,1e-05,0.0001,32,9,0.0941,1.2207,0.9828,0.8095,0.6140,nan,nan,nan,nan,0
none,cage,1,2,resnet,False,solarisation,lr,1e-05,0.0001,32,10,0.0656,0.8918,1.0298,0.7381,0.5515,nan,nan,nan,nan,0
none,cage,1,2,resnet,False,solarisation,lr,1e-05,0.0001,32,11,0.0462,2.2248,1.3835,0.8095,0.6618,nan,nan,nan,nan,0
none,cage,1,2,resnet,False,solarisation,lr,1e-05,0.0001,32,12,0.0383,1.5754,1.2361,0.8095,0.6360,nan,nan,nan,nan,0
none,cage,1,2,resnet,False,solarisation,lr,1e-05,0.0001,32,13,0.0231,1.9460,1.3269,0.8095,0.6103,nan,nan,nan,nan,0
none,cage,1,2,resnet,False,solarisation,lr,1e-05,0.0001,32,14,0.0178,2.0462,1.3550,0.8095,0.6434,nan,nan,nan,nan,0
none,cage,1,2,resnet,False,solarisation,lr,1e-05,0.0001,32,15,0.0197,1.0950,1.1935,0.7619,0.6140,nan,nan,nan,nan,1
none,cage,1,2,resnet,False,solarisation,lr,1e-05,0.0001,32,16,0.0151,1.5546,1.3046,0.8095,0.6471,nan,nan,nan,nan,0
none,cage,1,2,resnet,False,solarisation,lr,1e-05,0.0001,32,17,0.0089,1.5579,1.2717,0.8095,0.6618,nan,nan,nan,nan,0
none,cage,1,2,resnet,False,solarisation,lr,1e-05,0.0001,32,18,0.0082,1.8244,1.3607,0.8095,0.6324,nan,nan,nan,nan,1
none,cage,1,2,resnet,False,solarisation,lr,1e-05,0.0001,32,19,0.0126,1.8862,1.3899,0.8095,0.6397,nan,nan,nan,nan,0
none,cage,1,2,resnet,False,solarisation,lr,1e-05,0.0001,32,20,0.0098,2.3088,1.5154,0.8095,0.5956,nan,nan,nan,nan,0
none,cage,1,2,resnet,False,solarisation,lr,1e-05,0.0001,32,21,0.0281,2.3529,1.5785,0.8095,0.7022,nan,nan,nan,nan,1
none,cage,1,2,resnet,False,solarisation,lr,1e-05,0.0001,32,22,0.0346,3.2471,1.9670,0.8095,0.6654,nan,nan,nan,nan,0
none,cage,1,2,resnet,False,solarisation,lr,1e-05,0.0001,32,23,0.0156,1.9542,1.5632,0.8095,0.6728,nan,nan,nan,nan,1
none,cage,1,2,resnet,False,solarisation,lr,1e-05,0.0001,32,24,0.0085,2.2981,1.5895,0.8095,0.6985,nan,nan,nan,nan,1
none,cage,1,2,resnet,False,solarisation,lr,1e-05,0.0001,32,25,0.0062,2.2521,1.5793,0.8095,0.6581,2.1113,1.5005,0.8372,0.5595,1
none,cage,1,2,resnet,False,solarisation,lr,1e-05,0.0001,32,26,0.0063,3.2920,2.0032,0.8095,0.6213,nan,nan,nan,nan,0
none,cage,1,2,resnet,False,solarisation,lr,1e-05,0.0001,32,27,0.0052,1.8401,1.5439,0.8095,0.6140,nan,nan,nan,nan,0
none,cage,1,2,resnet,False,solarisation,lr,1e-05,0.0001,32,28,0.0050,2.0907,1.5898,0.8095,0.5588,nan,nan,nan,nan,0
none,cage,1,2,resnet,False,solarisation,lr,1e-05,0.0001,32,29,0.0029,2.5055,1.7081,0.8095,0.5846,nan,nan,nan,nan,0
none,cage,1,2,resnet,False,solarisation,lr,1e-05,0.0001,32,30,0.0053,1.8703,1.5853,0.8095,0.5956,nan,nan,nan,nan,0
none,cage,1,3,resnet,False,solarisation,lr,1e-05,0.0001,32,1,0.7123,0.7013,0.7072,0.4762,0.4327,nan,nan,nan,nan,0
none,cage,1,3,resnet,False,solarisation,lr,1e-05,0.0001,32,2,0.6918,0.6956,0.6560,0.8333,0.5061,nan,nan,nan,nan,0
none,cage,1,3,resnet,False,solarisation,lr,1e-05,0.0001,32,3,0.6670,0.6889,0.6692,0.8333,0.5633,nan,nan,nan,nan,0
none,cage,1,3,resnet,False,solarisation,lr,1e-05,0.0001,32,4,0.6050,0.7680,0.6194,0.8333,0.5143,nan,nan,nan,nan,0
none,cage,1,3,resnet,False,solarisation,lr,1e-05,0.0001,32,5,0.5088,0.7464,0.6889,0.8095,0.4612,nan,nan,nan,nan,1
none,cage,1,3,resnet,False,solarisation,lr,1e-05,0.0001,32,6,0.3829,0.9370,0.7590,0.8333,0.4980,nan,nan,nan,nan,1
none,cage,1,3,resnet,False,solarisation,lr,1e-05,0.0001,32,7,0.2421,1.0886,0.8570,0.8333,0.4898,nan,nan,nan,nan,0
none,cage,1,3,resnet,False,solarisation,lr,1e-05,0.0001,32,8,0.1547,1.9959,1.2724,0.8333,0.5551,nan,nan,nan,nan,0
none,cage,1,3,resnet,False,solarisation,lr,1e-05,0.0001,32,9,0.0928,1.4851,1.0849,0.8333,0.5143,nan,nan,nan,nan,0
none,cage,1,3,resnet,False,solarisation,lr,1e-05,0.0001,32,10,0.0697,0.7635,1.1373,0.6190,0.5429,nan,nan,nan,nan,1
none,cage,1,3,resnet,False,solarisation,lr,1e-05,0.0001,32,11,0.0533,1.7244,1.2401,0.8333,0.5143,nan,nan,nan,nan,0
none,cage,1,3,resnet,False,solarisation,lr,1e-05,0.0001,32,12,0.0350,1.9913,1.2960,0.8333,0.5755,1.9945,1.3237,0.8372,0.5159,1
none,cage,1,3,resnet,False,solarisation,lr,1e-05,0.0001,32,13,0.0386,2.3909,1.5225,0.8333,0.5388,nan,nan,nan,nan,0
none,cage,1,3,resnet,False,solarisation,lr,1e-05,0.0001,32,14,0.0365,2.4942,1.5732,0.8333,0.4939,nan,nan,nan,nan,0
none,cage,1,3,resnet,False,solarisation,lr,1e-05,0.0001,32,15,0.0196,2.0492,1.3730,0.8333,0.5388,nan,nan,nan,nan,0
none,cage,1,3,resnet,False,solarisation,lr,1e-05,0.0001,32,16,0.0131,1.5892,1.2799,0.8333,0.5265,nan,nan,nan,nan,0
none,cage,1,3,resnet,False,solarisation,lr,1e-05,0.0001,32,17,0.0106,2.3052,1.4961,0.8333,0.5429,nan,nan,nan,nan,0
none,cage,1,4,resnet,False,solarisation,lr,1e-05,0.0001,32,1,0.7167,0.6845,0.7479,0.1860,0.7036,nan,nan,nan,nan,0
none,cage,1,4,resnet,False,solarisation,lr,1e-05,0.0001,32,2,0.6867,0.6881,0.6820,0.7674,0.6179,nan,nan,nan,nan,0
none,cage,1,4,resnet,False,solarisation,lr,1e-05,0.0001,32,3,0.6575,0.6949,0.6883,0.7442,0.5286,nan,nan,nan,nan,0
none,cage,1,4,resnet,False,solarisation,lr,1e-05,0.0001,32,4,0.6080,0.6631,0.7366,0.3023,0.6857,nan,nan,nan,nan,0
none,cage,1,4,resnet,False,solarisation,lr,1e-05,0.0001,32,5,0.5258,0.6770,0.7646,0.5581,0.6250,0.7281,0.7791,0.4651,0.4286,1
none,cage,1,4,resnet,False,solarisation,lr,1e-05,0.0001,32,6,0.3946,0.7564,0.8059,0.7907,0.5679,nan,nan,nan,nan,0
none,cage,1,4,resnet,False,solarisation,lr,1e-05,0.0001,32,7,0.2667,0.7788,0.9611,0.7209,0.5714,nan,nan,nan,nan,0
none,cage,1,4,resnet,False,solarisation,lr,1e-05,0.0001,32,8,0.1612,0.7193,0.9889,0.6977,0.6036,nan,nan,nan,nan,0
none,cage,1,4,resnet,False,solarisation,lr,1e-05,0.0001,32,9,0.0974,0.8186,1.1115,0.7209,0.5607,nan,nan,nan,nan,0
none,cage,1,4,resnet,False,solarisation,lr,1e-05,0.0001,32,10,0.0708,0.7606,1.1520,0.6279,0.5929,nan,nan,nan,nan,0
none,cage,1,4,resnet,False,solarisation,lr,1e-05,0.0001,32,11,0.0519,0.7396,1.2185,0.6279,0.6107,nan,nan,nan,nan,0
none,cage,1,4,resnet,False,solarisation,lr,1e-05,0.0001,32,12,0.0390,1.0252,1.3499,0.7907,0.5500,nan,nan,nan,nan,0
none,cage,1,4,resnet,False,solarisation,lr,1e-05,0.0001,32,13,0.0254,1.2874,1.4256,0.7907,0.5714,nan,nan,nan,nan,0
none,cage,1,4,resnet,False,solarisation,lr,1e-05,0.0001,32,14,0.0197,0.9333,1.3430,0.7442,0.6000,nan,nan,nan,nan,0
none,cage,1,4,resnet,False,solarisation,lr,1e-05,0.0001,32,15,0.0184,1.4820,1.5085,0.7907,0.5250,nan,nan,nan,nan,0
none,cage,1,4,resnet,False,solarisation,lr,1e-05,0.0001,32,16,0.0161,0.8898,1.3525,0.6977,0.5929,nan,nan,nan,nan,0
none,cage,1,5,resnet,False,solarisation,lr,1e-05,0.0001,32,1,0.7122,0.7367,0.6623,0.7750,0.4982,nan,nan,nan,nan,0
none,cage,1,5,resnet,False,solarisation,lr,1e-05,0.0001,32,2,0.6845,0.7175,0.6696,0.7750,0.5233,nan,nan,nan,nan,0
none,cage,1,5,resnet,False,solarisation,lr,1e-05,0.0001,32,3,0.6583,0.6712,0.7145,0.3500,0.6022,nan,nan,nan,nan,0
none,cage,1,5,resnet,False,solarisation,lr,1e-05,0.0001,32,4,0.6052,0.6782,0.7816,0.3000,0.5376,nan,nan,nan,nan,0
none,cage,1,5,resnet,False,solarisation,lr,1e-05,0.0001,32,5,0.5178,0.9923,0.8002,0.7750,0.5269,nan,nan,nan,nan,1
none,cage,1,5,resnet,False,solarisation,lr,1e-05,0.0001,32,6,0.4065,0.6645,0.9027,0.4750,0.5950,nan,nan,nan,nan,1
none,cage,1,5,resnet,False,solarisation,lr,1e-05,0.0001,32,7,0.2741,0.8974,1.0546,0.7500,0.5591,nan,nan,nan,nan,1
none,cage,1,5,resnet,False,solarisation,lr,1e-05,0.0001,32,8,0.1899,1.0045,1.0734,0.7500,0.5986,nan,nan,nan,nan,0
none,cage,1,5,resnet,False,solarisation,lr,1e-05,0.0001,32,9,0.1232,1.0147,1.1176,0.7500,0.5806,0.9669,1.0942,0.8140,0.4683,1
none,cage,1,5,resnet,False,solarisation,lr,1e-05,0.0001,32,10,0.0770,1.4879,1.3464,0.7750,0.4982,nan,nan,nan,nan,0
none,cage,1,5,resnet,False,solarisation,lr,1e-05,0.0001,32,11,0.0610,2.3718,1.7860,0.7750,0.4373,nan,nan,nan,nan,0
none,cage,1,5,resnet,False,solarisation,lr,1e-05,0.0001,32,12,0.0471,2.0924,1.5996,0.7750,0.5448,nan,nan,nan,nan,0
none,cage,1,5,resnet,False,solarisation,lr,1e-05,0.0001,32,13,0.0361,2.5084,1.8132,0.7750,0.4946,nan,nan,nan,nan,0
none,cage,1,5,resnet,False,solarisation,lr,1e-05,0.0001,32,14,0.0248,1.9582,1.6104,0.7750,0.5161,nan,nan,nan,nan,0
none,cage,1,5,resnet,False,solarisation,lr,1e-05,0.0001,32,15,0.0192,2.3844,1.8200,0.7750,0.5161,nan,nan,nan,nan,0
none,cage,1,5,resnet,False,solarisation,lr,1e-05,0.0001,32,16,0.0178,1.1918,1.5337,0.7250,0.5591,nan,nan,nan,nan,0
none,cage,1,6,resnet,False,solarisation,lr,1e-05,0.0001,32,1,0.7144,0.6926,0.6995,0.3415,0.5810,nan,nan,nan,nan,0
none,cage,1,6,resnet,False,solarisation,lr,1e-05,0.0001,32,2,0.6878,0.6871,0.6825,0.7805,0.4286,nan,nan,nan,nan,0
none,cage,1,6,resnet,False,solarisation,lr,1e-05,0.0001,32,3,0.6587,0.6845,0.6643,0.7805,0.5095,nan,nan,nan,nan,0
none,cage,1,6,resnet,False,solarisation,lr,1e-05,0.0001,32,4,0.5992,0.7298,0.6533,0.8537,0.4286,nan,nan,nan,nan,0
none,cage,1,6,resnet,False,solarisation,lr,1e-05,0.0001,32,5,0.5134,0.8730,0.7324,0.8537,0.3857,nan,nan,nan,nan,1
none,cage,1,6,resnet,False,solarisation,lr,1e-05,0.0001,32,6,0.3758,0.7982,0.7595,0.8537,0.5143,nan,nan,nan,nan,0
none,cage,1,6,resnet,False,solarisation,lr,1e-05,0.0001,32,7,0.2406,0.8010,0.9856,0.8293,0.5429,nan,nan,nan,nan,1
none,cage,1,6,resnet,False,solarisation,lr,1e-05,0.0001,32,8,0.1416,0.7187,1.0416,0.7805,0.5857,nan,nan,nan,nan,1
none,cage,1,6,resnet,False,solarisation,lr,1e-05,0.0001,32,9,0.0921,2.1837,1.4733,0.8537,0.4667,nan,nan,nan,nan,1
none,cage,1,6,resnet,False,solarisation,lr,1e-05,0.0001,32,10,0.0599,0.7037,1.2035,0.7561,0.6190,nan,nan,nan,nan,1
none,cage,1,6,resnet,False,solarisation,lr,1e-05,0.0001,32,11,0.0414,1.0900,1.3247,0.8293,0.5048,nan,nan,nan,nan,0
none,cage,1,6,resnet,False,solarisation,lr,1e-05,0.0001,32,12,0.0331,1.4494,1.2849,0.8537,0.5429,nan,nan,nan,nan,0
none,cage,1,6,resnet,False,solarisation,lr,1e-05,0.0001,32,13,0.0233,1.7581,1.3611,0.8537,0.6190,nan,nan,nan,nan,0
none,cage,1,6,resnet,False,solarisation,lr,1e-05,0.0001,32,14,0.0186,2.0957,1.5305,0.8537,0.5476,nan,nan,nan,nan,1
none,cage,1,6,resnet,False,solarisation,lr,1e-05,0.0001,32,15,0.0143,1.7106,1.3921,0.8537,0.5952,nan,nan,nan,nan,0
none,cage,1,6,resnet,False,solarisation,lr,1e-05,0.0001,32,16,0.0166,1.7616,1.4133,0.8537,0.6286,nan,nan,nan,nan,1
none,cage,1,6,resnet,False,solarisation,lr,1e-05,0.0001,32,17,0.0126,1.2160,1.3351,0.8537,0.6667,nan,nan,nan,nan,1
none,cage,1,6,resnet,False,solarisation,lr,1e-05,0.0001,32,18,0.0074,1.7843,1.4862,0.8537,0.6286,nan,nan,nan,nan,0
none,cage,1,6,resnet,False,solarisation,lr,1e-05,0.0001,32,19,0.0117,2.3144,1.6837,0.8537,0.5905,nan,nan,nan,nan,1
none,cage,1,6,resnet,False,solarisation,lr,1e-05,0.0001,32,20,0.0102,1.9500,1.5410,0.8537,0.5952,nan,nan,nan,nan,0
none,cage,1,6,resnet,False,solarisation,lr,1e-05,0.0001,32,21,0.0061,1.6531,1.4185,0.8537,0.6524,nan,nan,nan,nan,0
none,cage,1,6,resnet,False,solarisation,lr,1e-05,0.0001,32,22,0.0068,2.4072,1.6806,0.8537,0.5857,nan,nan,nan,nan,0
none,cage,1,6,resnet,False,solarisation,lr,1e-05,0.0001,32,23,0.0138,2.6156,1.7514,0.8537,0.7095,nan,nan,nan,nan,0
none,cage,1,6,resnet,False,solarisation,lr,1e-05,0.0001,32,24,0.0647,1.9336,1.6129,0.8537,0.6286,2.3440,1.7366,0.8372,0.4841,1
none,cage,1,6,resnet,False,solarisation,lr,1e-05,0.0001,32,25,0.0263,1.4263,1.6703,0.8293,0.6000,nan,nan,nan,nan,0
none,cage,1,6,resnet,False,solarisation,lr,1e-05,0.0001,32,26,0.0162,1.8866,1.5291,0.8537,0.5952,nan,nan,nan,nan,0
none,cage,1,6,resnet,False,solarisation,lr,1e-05,0.0001,32,27,0.0088,2.0085,1.6335,0.8537,0.6048,nan,nan,nan,nan,0
none,cage,1,6,resnet,False,solarisation,lr,1e-05,0.0001,32,28,0.0060,1.6286,1.5054,0.8537,0.5905,nan,nan,nan,nan,0
none,cage,1,6,resnet,False,solarisation,lr,1e-05,0.0001,32,29,0.0075,1.9396,1.6168,0.8537,0.5667,nan,nan,nan,nan,0
none,cage,1,7,resnet,False,solarisation,lr,1e-05,0.0001,32,1,0.7138,0.6918,0.6584,0.8182,0.6285,nan,nan,nan,nan,0
none,cage,1,7,resnet,False,solarisation,lr,1e-05,0.0001,32,2,0.6918,0.6972,0.6246,0.8182,0.6701,nan,nan,nan,nan,0
none,cage,1,7,resnet,False,solarisation,lr,1e-05,0.0001,32,3,0.6605,0.6855,0.6468,0.8182,0.6562,nan,nan,nan,nan,0
none,cage,1,7,resnet,False,solarisation,lr,1e-05,0.0001,32,4,0.6075,0.7104,0.6615,0.7045,0.5833,nan,nan,nan,nan,0
none,cage,1,7,resnet,False,solarisation,lr,1e-05,0.0001,32,5,0.5365,0.8941,0.6683,0.8182,0.6319,nan,nan,nan,nan,1
none,cage,1,7,resnet,False,solarisation,lr,1e-05,0.0001,32,6,0.4055,1.0502,0.7439,0.8182,0.6597,nan,nan,nan,nan,1
none,cage,1,7,resnet,False,solarisation,lr,1e-05,0.0001,32,7,0.2656,1.1518,0.9085,0.8182,0.6076,nan,nan,nan,nan,0
none,cage,1,7,resnet,False,solarisation,lr,1e-05,0.0001,32,8,0.1809,1.3052,0.9255,0.8182,0.6736,nan,nan,nan,nan,0
none,cage,1,7,resnet,False,solarisation,lr,1e-05,0.0001,32,9,0.1169,2.1513,1.3444,0.8182,0.6389,nan,nan,nan,nan,0
none,cage,1,7,resnet,False,solarisation,lr,1e-05,0.0001,32,10,0.0663,2.3566,1.4328,0.8182,0.6528,2.0759,1.3454,0.8372,0.6190,1
none,cage,1,7,resnet,False,solarisation,lr,1e-05,0.0001,32,11,0.0505,2.8704,1.6590,0.8182,0.6493,nan,nan,nan,nan,0
none,cage,1,7,resnet,False,solarisation,lr,1e-05,0.0001,32,12,0.0394,2.8765,1.6915,0.8182,0.6215,nan,nan,nan,nan,0
none,cage,1,7,resnet,False,solarisation,lr,1e-05,0.0001,32,13,0.0253,3.0156,1.8095,0.8182,0.5938,nan,nan,nan,nan,0
none,cage,1,7,resnet,False,solarisation,lr,1e-05,0.0001,32,14,0.0187,2.8564,1.7422,0.8182,0.5868,nan,nan,nan,nan,0
none,cage,1,7,resnet,False,solarisation,lr,1e-05,0.0001,32,15,0.0161,3.0633,1.8535,0.8182,0.6146,nan,nan,nan,nan,0
none,cage,1,7,resnet,False,solarisation,lr,1e-05,0.0001,32,16,0.0128,3.1267,1.8532,0.8182,0.6076,nan,nan,nan,nan,0
none,cage,1,8,resnet,False,solarisation,lr,1e-05,0.0001,32,1,0.7096,0.7179,0.7859,0.1915,0.3718,nan,nan,nan,nan,0
none,cage,1,8,resnet,False,solarisation,lr,1e-05,0.0001,32,2,0.6848,0.7344,0.8395,0.1915,0.3429,nan,nan,nan,nan,0
none,cage,1,8,resnet,False,solarisation,lr,1e-05,0.0001,32,3,0.6519,0.7564,0.6694,0.8298,0.2692,nan,nan,nan,nan,0
none,cage,1,8,resnet,False,solarisation,lr,1e-05,0.0001,32,4,0.5877,0.7335,0.7778,0.4681,0.3782,nan,nan,nan,nan,0
none,cage,1,8,resnet,False,solarisation,lr,1e-05,0.0001,32,5,0.4940,0.8415,0.8288,0.6170,0.3429,nan,nan,nan,nan,1
none,cage,1,8,resnet,False,solarisation,lr,1e-05,0.0001,32,6,0.3724,1.3908,0.8515,0.8298,0.4231,nan,nan,nan,nan,1
none,cage,1,8,resnet,False,solarisation,lr,1e-05,0.0001,32,7,0.2290,1.8693,1.0995,0.8298,0.3654,nan,nan,nan,nan,0
none,cage,1,8,resnet,False,solarisation,lr,1e-05,0.0001,32,8,0.1425,2.1384,1.2452,0.8298,0.3494,nan,nan,nan,nan,1
none,cage,1,8,resnet,False,solarisation,lr,1e-05,0.0001,32,9,0.0974,3.4477,1.7969,0.8298,0.4455,nan,nan,nan,nan,1
none,cage,1,8,resnet,False,solarisation,lr,1e-05,0.0001,32,10,0.0684,3.6436,1.8961,0.8298,0.4231,nan,nan,nan,nan,1
none,cage,1,8,resnet,False,solarisation,lr,1e-05,0.0001,32,11,0.0513,2.8303,1.5717,0.8298,0.4423,nan,nan,nan,nan,0
none,cage,1,8,resnet,False,solarisation,lr,1e-05,0.0001,32,12,0.0370,4.0015,2.0841,0.8298,0.4327,nan,nan,nan,nan,1
none,cage,1,8,resnet,False,solarisation,lr,1e-05,0.0001,32,13,0.0317,2.7788,1.5569,0.8298,0.4071,2.6011,1.5664,0.8372,0.3690,1
none,cage,1,8,resnet,False,solarisation,lr,1e-05,0.0001,32,14,0.0218,2.7232,1.6248,0.8298,0.4167,nan,nan,nan,nan,0
none,cage,1,8,resnet,False,solarisation,lr,1e-05,0.0001,32,15,0.0189,1.8918,1.4284,0.8298,0.4231,nan,nan,nan,nan,0
none,cage,1,8,resnet,False,solarisation,lr,1e-05,0.0001,32,16,0.0182,3.1898,1.8288,0.8298,0.4071,nan,nan,nan,nan,0
none,cage,1,8,resnet,False,solarisation,lr,1e-05,0.0001,32,17,0.0131,3.5309,1.9650,0.8298,0.4199,nan,nan,nan,nan,0
none,cage,1,8,resnet,False,solarisation,lr,1e-05,0.0001,32,18,0.0104,4.4292,2.3039,0.8298,0.4295,nan,nan,nan,nan,0
none,cage,1,9,resnet,False,solarisation,lr,1e-05,0.0001,32,1,0.7111,0.6999,0.7077,0.4762,0.4781,nan,nan,nan,nan,0
none,cage,1,9,resnet,False,solarisation,lr,1e-05,0.0001,32,2,0.6860,0.6917,0.6942,0.5714,0.5623,nan,nan,nan,nan,0
none,cage,1,9,resnet,False,solarisation,lr,1e-05,0.0001,32,3,0.6613,0.7119,0.7047,0.5714,0.4916,nan,nan,nan,nan,0
none,cage,1,9,resnet,False,solarisation,lr,1e-05,0.0001,32,4,0.6111,0.7234,0.7263,0.6429,0.5051,nan,nan,nan,nan,0
none,cage,1,9,resnet,False,solarisation,lr,1e-05,0.0001,32,5,0.5362,0.7940,0.7789,0.5952,0.4377,0.7617,0.8190,0.5814,0.3214,1
none,cage,1,9,resnet,False,solarisation,lr,1e-05,0.0001,32,6,0.4139,1.1265,0.8184,0.7857,0.4108,nan,nan,nan,nan,0
none,cage,1,9,resnet,False,solarisation,lr,1e-05,0.0001,32,7,0.2794,1.4707,1.0158,0.7619,0.4007,nan,nan,nan,nan,0
none,cage,1,9,resnet,False,solarisation,lr,1e-05,0.0001,32,8,0.1853,0.8965,1.1122,0.5714,0.4579,nan,nan,nan,nan,0
none,cage,1,9,resnet,False,solarisation,lr,1e-05,0.0001,32,9,0.1122,1.5288,1.1910,0.7857,0.3771,nan,nan,nan,nan,0
none,cage,1,9,resnet,False,solarisation,lr,1e-05,0.0001,32,10,0.0751,1.3717,1.1787,0.7857,0.3906,nan,nan,nan,nan,0
none,cage,1,9,resnet,False,solarisation,lr,1e-05,0.0001,32,11,0.0503,1.5927,1.2294,0.8095,0.3973,nan,nan,nan,nan,0
none,cage,1,9,resnet,False,solarisation,lr,1e-05,0.0001,32,12,0.0405,1.9247,1.3509,0.7619,0.4377,nan,nan,nan,nan,0
none,cage,1,9,resnet,False,solarisation,lr,1e-05,0.0001,32,13,0.0286,1.3900,1.3186,0.7619,0.4040,nan,nan,nan,nan,0
none,cage,1,9,resnet,False,solarisation,lr,1e-05,0.0001,32,14,0.0199,1.5419,1.4176,0.7619,0.4411,nan,nan,nan,nan,0
none,cage,1,9,resnet,False,solarisation,lr,1e-05,0.0001,32,15,0.0157,1.0381,1.5558,0.5714,0.4916,nan,nan,nan,nan,0
none,cage,1,9,resnet,False,solarisation,lr,1e-05,0.0001,32,16,0.0127,1.5930,1.4517,0.7619,0.4007,nan,nan,nan,nan,0
none,cage,2,0,resnet,False,solarisation,lr,1e-05,0.0001,32,1,0.7072,0.7017,0.6646,0.8372,0.3968,nan,nan,nan,nan,0
none,cage,2,0,resnet,False,solarisation,lr,1e-05,0.0001,32,2,0.6957,0.7207,0.6638,0.8372,0.3413,nan,nan,nan,nan,0
none,cage,2,0,resnet,False,solarisation,lr,1e-05,0.0001,32,3,0.6572,0.7851,0.6339,0.8372,0.4802,nan,nan,nan,nan,0
none,cage,2,0,resnet,False,solarisation,lr,1e-05,0.0001,32,4,0.5998,0.8497,0.6720,0.8372,0.4722,nan,nan,nan,nan,0
none,cage,2,0,resnet,False,solarisation,lr,1e-05,0.0001,32,5,0.5179,0.7588,0.9211,0.3721,0.5317,nan,nan,nan,nan,1
none,cage,2,0,resnet,False,solarisation,lr,1e-05,0.0001,32,6,0.4028,1.0304,0.9237,0.7907,0.4484,nan,nan,nan,nan,1
none,cage,2,0,resnet,False,solarisation,lr,1e-05,0.0001,32,7,0.2670,1.1278,0.9671,0.8140,0.4365,nan,nan,nan,nan,1
none,cage,2,0,resnet,False,solarisation,lr,1e-05,0.0001,32,8,0.1620,1.0814,1.0494,0.8140,0.5278,nan,nan,nan,nan,1
none,cage,2,0,resnet,False,solarisation,lr,1e-05,0.0001,32,9,0.1105,1.5462,1.1850,0.8372,0.4762,nan,nan,nan,nan,0
none,cage,2,0,resnet,False,solarisation,lr,1e-05,0.0001,32,10,0.0740,1.8846,1.3512,0.8372,0.5556,nan,nan,nan,nan,1
none,cage,2,0,resnet,False,solarisation,lr,1e-05,0.0001,32,11,0.0453,1.4185,1.2847,0.8140,0.5000,nan,nan,nan,nan,1
none,cage,2,0,resnet,False,solarisation,lr,1e-05,0.0001,32,12,0.0357,1.8654,1.4400,0.8372,0.4246,nan,nan,nan,nan,0
none,cage,2,0,resnet,False,solarisation,lr,1e-05,0.0001,32,13,0.0356,2.1759,1.5427,0.8372,0.6111,nan,nan,nan,nan,1
none,cage,2,0,resnet,False,solarisation,lr,1e-05,0.0001,32,14,0.0215,1.7763,1.4824,0.8140,0.5278,nan,nan,nan,nan,1
none,cage,2,0,resnet,False,solarisation,lr,1e-05,0.0001,32,15,0.0162,1.8600,1.5152,0.8140,0.5040,nan,nan,nan,nan,0
none,cage,2,0,resnet,False,solarisation,lr,1e-05,0.0001,32,16,0.0137,1.9516,1.5134,0.8372,0.5357,nan,nan,nan,nan,0
none,cage,2,0,resnet,False,solarisation,lr,1e-05,0.0001,32,17,0.0110,2.2358,1.6310,0.8372,0.4960,2.2057,1.5865,0.7857,0.5037,1
none,cage,2,0,resnet,False,solarisation,lr,1e-05,0.0001,32,18,0.0105,2.8704,1.9400,0.8372,0.4683,nan,nan,nan,nan,0
none,cage,2,0,resnet,False,solarisation,lr,1e-05,0.0001,32,19,0.0089,2.3465,1.7088,0.8372,0.5238,nan,nan,nan,nan,0
none,cage,2,0,resnet,False,solarisation,lr,1e-05,0.0001,32,20,0.0168,3.2158,2.1038,0.8372,0.5595,nan,nan,nan,nan,0
none,cage,2,0,resnet,False,solarisation,lr,1e-05,0.0001,32,21,0.0099,2.8707,1.9480,0.8372,0.5238,nan,nan,nan,nan,0
none,cage,2,0,resnet,False,solarisation,lr,1e-05,0.0001,32,22,0.0116,3.6286,2.3584,0.8372,0.4802,nan,nan,nan,nan,0
none,cage,2,1,resnet,False,solarisation,lr,1e-05,0.0001,32,1,0.7115,0.6875,0.6857,0.6047,0.5913,nan,nan,nan,nan,0
none,cage,2,1,resnet,False,solarisation,lr,1e-05,0.0001,32,2,0.6848,0.6916,0.6677,0.8140,0.5317,nan,nan,nan,nan,0
none,cage,2,1,resnet,False,solarisation,lr,1e-05,0.0001,32,3,0.6584,0.6926,0.6691,0.6977,0.5278,nan,nan,nan,nan,0
none,cage,2,1,resnet,False,solarisation,lr,1e-05,0.0001,32,4,0.6005,0.7133,0.6847,0.7907,0.4008,nan,nan,nan,nan,0
none,cage,2,1,resnet,False,solarisation,lr,1e-05,0.0001,32,5,0.5295,0.7171,0.7115,0.7442,0.4722,0.7045,0.6988,0.6667,0.5699,1
none,cage,2,1,resnet,False,solarisation,lr,1e-05,0.0001,32,6,0.4068,0.9033,1.2170,0.1628,0.3690,nan,nan,nan,nan,0
none,cage,2,1,resnet,False,solarisation,lr,1e-05,0.0001,32,7,0.2705,1.0125,1.0000,0.7907,0.3929,nan,nan,nan,nan,0
none,cage,2,1,resnet,False,solarisation,lr,1e-05,0.0001,32,8,0.1758,1.4023,1.0739,0.8372,0.3294,nan,nan,nan,nan,0
none,cage,2,1,resnet,False,solarisation,lr,1e-05,0.0001,32,9,0.1146,0.9310,1.3289,0.5581,0.3095,nan,nan,nan,nan,0
none,cage,2,1,resnet,False,solarisation,lr,1e-05,0.0001,32,10,0.0794,1.0759,1.2052,0.7674,0.3333,nan,nan,nan,nan,0
none,cage,2,1,resnet,False,solarisation,lr,1e-05,0.0001,32,11,0.0553,0.9146,1.3981,0.5116,0.3413,nan,nan,nan,nan,0
none,cage,2,1,resnet,False,solarisation,lr,1e-05,0.0001,32,12,0.0345,1.3825,1.2988,0.8372,0.3254,nan,nan,nan,nan,0
none,cage,2,1,resnet,False,solarisation,lr,1e-05,0.0001,32,13,0.0263,0.9033,1.4382,0.5814,0.3492,nan,nan,nan,nan,0
none,cage,2,1,resnet,False,solarisation,lr,1e-05,0.0001,32,14,0.0265,0.9258,1.5051,0.4884,0.2857,nan,nan,nan,nan,0
none,cage,2,1,resnet,False,solarisation,lr,1e-05,0.0001,32,15,0.0300,1.3349,1.3863,0.7674,0.3175,nan,nan,nan,nan,0
none,cage,2,1,resnet,False,solarisation,lr,1e-05,0.0001,32,16,0.0200,1.1623,1.4375,0.7674,0.3214,nan,nan,nan,nan,0
none,cage,2,3,resnet,False,solarisation,lr,1e-05,0.0001,32,1,0.7163,0.6953,0.6639,0.8333,0.4898,nan,nan,nan,nan,0
none,cage,2,3,resnet,False,solarisation,lr,1e-05,0.0001,32,2,0.6871,0.7265,0.6092,0.8333,0.5673,nan,nan,nan,nan,0
none,cage,2,3,resnet,False,solarisation,lr,1e-05,0.0001,32,3,0.6573,0.7096,0.6161,0.8333,0.6082,nan,nan,nan,nan,0
none,cage,2,3,resnet,False,solarisation,lr,1e-05,0.0001,32,4,0.6133,0.6790,0.7195,0.5238,0.6286,nan,nan,nan,nan,0
none,cage,2,3,resnet,False,solarisation,lr,1e-05,0.0001,32,5,0.5430,0.6861,0.7025,0.7381,0.6163,nan,nan,nan,nan,1
none,cage,2,3,resnet,False,solarisation,lr,1e-05,0.0001,32,6,0.4306,0.8030,0.7109,0.8333,0.6571,nan,nan,nan,nan,1
none,cage,2,3,resnet,False,solarisation,lr,1e-05,0.0001,32,7,0.2999,0.7064,0.8435,0.8571,0.6857,nan,nan,nan,nan,1
none,cage,2,3,resnet,False,solarisation,lr,1e-05,0.0001,32,8,0.2042,1.5136,1.0143,0.8333,0.6531,nan,nan,nan,nan,1
none,cage,2,3,resnet,False,solarisation,lr,1e-05,0.0001,32,9,0.1184,0.8575,0.9737,0.8095,0.6490,nan,nan,nan,nan,0
none,cage,2,3,resnet,False,solarisation,lr,1e-05,0.0001,32,10,0.0789,0.8116,0.9821,0.7857,0.7061,0.8313,0.9760,0.7381,0.5588,1
none,cage,2,3,resnet,False,solarisation,lr,1e-05,0.0001,32,11,0.0516,1.5899,1.1753,0.8333,0.6041,nan,nan,nan,nan,0
none,cage,2,3,resnet,False,solarisation,lr,1e-05,0.0001,32,12,0.0356,1.2571,1.1350,0.8333,0.6367,nan,nan,nan,nan,0
none,cage,2,3,resnet,False,solarisation,lr,1e-05,0.0001,32,13,0.0318,0.7232,1.2173,0.6667,0.6245,nan,nan,nan,nan,0
none,cage,2,3,resnet,False,solarisation,lr,1e-05,0.0001,32,14,0.0200,0.9664,1.1979,0.7857,0.6163,nan,nan,nan,nan,0
none,cage,2,3,resnet,False,solarisation,lr,1e-05,0.0001,32,15,0.0171,1.1495,1.1512,0.8333,0.6612,nan,nan,nan,nan,0
none,cage,2,3,resnet,False,solarisation,lr,1e-05,0.0001,32,16,0.0165,1.3148,1.2224,0.8333,0.5918,nan,nan,nan,nan,0
none,cage,2,4,resnet,False,solarisation,lr,1e-05,0.0001,32,1,0.7124,0.6818,0.7146,0.2093,0.6143,nan,nan,nan,nan,0
none,cage,2,4,resnet,False,solarisation,lr,1e-05,0.0001,32,2,0.6892,0.6794,0.7005,0.3256,0.6393,nan,nan,nan,nan,0
none,cage,2,4,resnet,False,solarisation,lr,1e-05,0.0001,32,3,0.6588,0.6934,0.6733,0.8140,0.6107,nan,nan,nan,nan,0
none,cage,2,4,resnet,False,solarisation,lr,1e-05,0.0001,32,4,0.6111,0.7102,0.7219,0.6047,0.5179,nan,nan,nan,nan,0
none,cage,2,4,resnet,False,solarisation,lr,1e-05,0.0001,32,5,0.5152,0.7685,0.9124,0.2791,0.4214,0.7084,0.8958,0.4286,0.5441,1
none,cage,2,4,resnet,False,solarisation,lr,1e-05,0.0001,32,6,0.3790,0.7932,1.0811,0.3953,0.5107,nan,nan,nan,nan,0
none,cage,2,4,resnet,False,solarisation,lr,1e-05,0.0001,32,7,0.2624,0.8311,1.1807,0.4419,0.4679,nan,nan,nan,nan,0
none,cage,2,4,resnet,False,solarisation,lr,1e-05,0.0001,32,8,0.1651,0.9055,1.3952,0.4186,0.4393,nan,nan,nan,nan,0
none,cage,2,4,resnet,False,solarisation,lr,1e-05,0.0001,32,9,0.1125,0.9247,1.3687,0.5814,0.4571,nan,nan,nan,nan,0
none,cage,2,4,resnet,False,solarisation,lr,1e-05,0.0001,32,10,0.0652,1.0374,1.7053,0.3488,0.4321,nan,nan,nan,nan,0
none,cage,2,4,resnet,False,solarisation,lr,1e-05,0.0001,32,11,0.0469,0.9503,1.5331,0.4651,0.4464,nan,nan,nan,nan,0
none,cage,2,4,resnet,False,solarisation,lr,1e-05,0.0001,32,12,0.0338,1.1761,1.9476,0.2558,0.4500,nan,nan,nan,nan,0
none,cage,2,4,resnet,False,solarisation,lr,1e-05,0.0001,32,13,0.0304,1.2480,1.7415,0.6279,0.4036,nan,nan,nan,nan,0
none,cage,2,4,resnet,False,solarisation,lr,1e-05,0.0001,32,14,0.0237,1.2278,2.1162,0.2791,0.4464,nan,nan,nan,nan,0
none,cage,2,4,resnet,False,solarisation,lr,1e-05,0.0001,32,15,0.0190,1.0649,1.8731,0.4884,0.4464,nan,nan,nan,nan,0
none,cage,2,4,resnet,False,solarisation,lr,1e-05,0.0001,32,16,0.0141,1.1483,1.9941,0.4419,0.4143,nan,nan,nan,nan,0
none,cage,2,5,resnet,False,solarisation,lr,1e-05,0.0001,32,1,0.7119,0.6784,0.6975,0.4000,0.6631,nan,nan,nan,nan,0
none,cage,2,5,resnet,False,solarisation,lr,1e-05,0.0001,32,2,0.6842,0.7210,0.6531,0.7750,0.6703,nan,nan,nan,nan,0
none,cage,2,5,resnet,False,solarisation,lr,1e-05,0.0001,32,3,0.6493,0.6831,0.6992,0.5250,0.5520,nan,nan,nan,nan,0
none,cage,2,5,resnet,False,solarisation,lr,1e-05,0.0001,32,4,0.5860,0.7080,0.6913,0.7000,0.5484,nan,nan,nan,nan,0
none,cage,2,5,resnet,False,solarisation,lr,1e-05,0.0001,32,5,0.5042,0.7034,0.8221,0.4500,0.4731,0.7051,0.8295,0.4524,0.5184,1
none,cage,2,5,resnet,False,solarisation,lr,1e-05,0.0001,32,6,0.3577,0.7124,0.9395,0.4500,0.4839,nan,nan,nan,nan,0
none,cage,2,5,resnet,False,solarisation,lr,1e-05,0.0001,32,7,0.2477,1.3081,1.0748,0.7750,0.4659,nan,nan,nan,nan,0
none,cage,2,5,resnet,False,solarisation,lr,1e-05,0.0001,32,8,0.1469,1.1880,1.1141,0.8000,0.4659,nan,nan,nan,nan,0
none,cage,2,5,resnet,False,solarisation,lr,1e-05,0.0001,32,9,0.0973,0.8011,1.1878,0.5500,0.5197,nan,nan,nan,nan,0
none,cage,2,5,resnet,False,solarisation,lr,1e-05,0.0001,32,10,0.0678,1.5749,1.2754,0.7750,0.5376,nan,nan,nan,nan,0
none,cage,2,5,resnet,False,solarisation,lr,1e-05,0.0001,32,11,0.0434,1.1525,1.1887,0.7750,0.6022,nan,nan,nan,nan,0
none,cage,2,5,resnet,False,solarisation,lr,1e-05,0.0001,32,12,0.0311,1.9393,1.5313,0.7750,0.5018,nan,nan,nan,nan,0
none,cage,2,5,resnet,False,solarisation,lr,1e-05,0.0001,32,13,0.0278,2.0661,1.5591,0.7750,0.5161,nan,nan,nan,nan,0
none,cage,2,5,resnet,False,solarisation,lr,1e-05,0.0001,32,14,0.0244,0.7017,1.3875,0.5750,0.6272,nan,nan,nan,nan,0
none,cage,2,5,resnet,False,solarisation,lr,1e-05,0.0001,32,15,0.0166,1.2751,1.4386,0.7750,0.5376,nan,nan,nan,nan,0
none,cage,2,5,resnet,False,solarisation,lr,1e-05,0.0001,32,16,0.0118,1.6821,1.5105,0.7750,0.5699,nan,nan,nan,nan,0
none,cage,2,6,resnet,False,solarisation,lr,1e-05,0.0001,32,1,0.7144,0.6747,0.6409,0.8293,0.6667,nan,nan,nan,nan,0
none,cage,2,6,resnet,False,solarisation,lr,1e-05,0.0001,32,2,0.6881,0.6911,0.6752,0.7561,0.4857,nan,nan,nan,nan,0
none,cage,2,6,resnet,False,solarisation,lr,1e-05,0.0001,32,3,0.6615,0.7034,0.6233,0.8537,0.5190,nan,nan,nan,nan,0
none,cage,2,6,resnet,False,solarisation,lr,1e-05,0.0001,32,4,0.6145,0.8141,0.6804,0.8537,0.3714,nan,nan,nan,nan,0
none,cage,2,6,resnet,False,solarisation,lr,1e-05,0.0001,32,5,0.5288,0.7338,0.7283,0.8293,0.4333,0.7538,0.6988,0.7619,0.4559,1
none,cage,2,6,resnet,False,solarisation,lr,1e-05,0.0001,32,6,0.3995,0.8675,0.8114,0.8293,0.4238,nan,nan,nan,nan,0
none,cage,2,6,resnet,False,solarisation,lr,1e-05,0.0001,32,7,0.2632,0.9288,0.8261,0.8293,0.4905,nan,nan,nan,nan,0
none,cage,2,6,resnet,False,solarisation,lr,1e-05,0.0001,32,8,0.1621,1.4736,1.0983,0.8537,0.4857,nan,nan,nan,nan,0
none,cage,2,6,resnet,False,solarisation,lr,1e-05,0.0001,32,9,0.1007,2.0059,1.3584,0.8537,0.4905,nan,nan,nan,nan,0
none,cage,2,6,resnet,False,solarisation,lr,1e-05,0.0001,32,10,0.0657,1.5751,1.1819,0.8293,0.4857,nan,nan,nan,nan,0
none,cage,2,6,resnet,False,solarisation,lr,1e-05,0.0001,32,11,0.0486,2.2227,1.5546,0.8537,0.4333,nan,nan,nan,nan,0
none,cage,2,6,resnet,False,solarisation,lr,1e-05,0.0001,32,12,0.0366,2.4603,1.6758,0.8537,0.4190,nan,nan,nan,nan,0
none,cage,2,6,resnet,False,solarisation,lr,1e-05,0.0001,32,13,0.0304,1.9825,1.4861,0.8293,0.4333,nan,nan,nan,nan,0
none,cage,2,6,resnet,False,solarisation,lr,1e-05,0.0001,32,14,0.0213,2.3780,1.6312,0.8293,0.4714,nan,nan,nan,nan,0
none,cage,2,6,resnet,False,solarisation,lr,1e-05,0.0001,32,15,0.0148,2.1219,1.5529,0.8293,0.4810,nan,nan,nan,nan,0
none,cage,2,6,resnet,False,solarisation,lr,1e-05,0.0001,32,16,0.0137,1.6592,1.3717,0.8293,0.4857,nan,nan,nan,nan,0
none,cage,2,7,resnet,False,solarisation,lr,1e-05,0.0001,32,1,0.7095,0.7103,0.6378,0.8182,0.4757,nan,nan,nan,nan,0
none,cage,2,7,resnet,False,solarisation,lr,1e-05,0.0001,32,2,0.6874,0.6936,0.6956,0.4773,0.5000,nan,nan,nan,nan,0
none,cage,2,7,resnet,False,solarisation,lr,1e-05,0.0001,32,3,0.6537,0.7460,0.8968,0.1818,0.5694,nan,nan,nan,nan,0
none,cage,2,7,resnet,False,solarisation,lr,1e-05,0.0001,32,4,0.6030,0.7340,0.9051,0.2273,0.5694,nan,nan,nan,nan,0
none,cage,2,7,resnet,False,solarisation,lr,1e-05,0.0001,32,5,0.5180,0.8471,0.7175,0.8409,0.5382,nan,nan,nan,nan,1
none,cage,2,7,resnet,False,solarisation,lr,1e-05,0.0001,32,6,0.3980,0.8196,0.7983,0.8182,0.5451,nan,nan,nan,nan,1
none,cage,2,7,resnet,False,solarisation,lr,1e-05,0.0001,32,7,0.2645,0.8116,0.9986,0.6364,0.5174,nan,nan,nan,nan,0
none,cage,2,7,resnet,False,solarisation,lr,1e-05,0.0001,32,8,0.1584,1.1620,0.9509,0.7955,0.6042,nan,nan,nan,nan,1
none,cage,2,7,resnet,False,solarisation,lr,1e-05,0.0001,32,9,0.1057,1.8617,1.1406,0.8182,0.5521,nan,nan,nan,nan,0
none,cage,2,7,resnet,False,solarisation,lr,1e-05,0.0001,32,10,0.0668,1.6354,1.1699,0.8182,0.5694,nan,nan,nan,nan,0
none,cage,2,7,resnet,False,solarisation,lr,1e-05,0.0001,32,11,0.0511,1.0743,1.1530,0.8182,0.5903,nan,nan,nan,nan,1
none,cage,2,7,resnet,False,solarisation,lr,1e-05,0.0001,32,12,0.0367,2.0000,1.3167,0.8182,0.5833,nan,nan,nan,nan,1
none,cage,2,7,resnet,False,solarisation,lr,1e-05,0.0001,32,13,0.0275,2.1146,1.3469,0.8182,0.5799,nan,nan,nan,nan,0
none,cage,2,7,resnet,False,solarisation,lr,1e-05,0.0001,32,14,0.0230,1.0163,1.2906,0.7727,0.6042,nan,nan,nan,nan,1
none,cage,2,7,resnet,False,solarisation,lr,1e-05,0.0001,32,15,0.0156,1.7595,1.2652,0.8182,0.6215,nan,nan,nan,nan,1
none,cage,2,7,resnet,False,solarisation,lr,1e-05,0.0001,32,16,0.0163,1.8531,1.3723,0.8409,0.6007,nan,nan,nan,nan,0
none,cage,2,7,resnet,False,solarisation,lr,1e-05,0.0001,32,17,0.0111,2.0635,1.3469,0.8182,0.5938,nan,nan,nan,nan,0
none,cage,2,7,resnet,False,solarisation,lr,1e-05,0.0001,32,18,0.0104,2.1206,1.3744,0.8182,0.5799,nan,nan,nan,nan,0
none,cage,2,7,resnet,False,solarisation,lr,1e-05,0.0001,32,19,0.0243,0.8194,1.3676,0.7500,0.6632,nan,nan,nan,nan,1
none,cage,2,7,resnet,False,solarisation,lr,1e-05,0.0001,32,20,0.0309,1.6667,1.4112,0.7955,0.6736,nan,nan,nan,nan,1
none,cage,2,7,resnet,False,solarisation,lr,1e-05,0.0001,32,21,0.0192,2.2521,1.5503,0.7955,0.6285,nan,nan,nan,nan,1
none,cage,2,7,resnet,False,solarisation,lr,1e-05,0.0001,32,22,0.0119,1.4544,1.4314,0.7955,0.6493,nan,nan,nan,nan,1
none,cage,2,7,resnet,False,solarisation,lr,1e-05,0.0001,32,23,0.0137,2.0277,1.5689,0.7955,0.6875,2.3551,1.7468,0.8095,0.5882,1
none,cage,2,7,resnet,False,solarisation,lr,1e-05,0.0001,32,24,0.0084,1.9852,1.4682,0.7955,0.6736,nan,nan,nan,nan,0
none,cage,2,7,resnet,False,solarisation,lr,1e-05,0.0001,32,25,0.0057,1.9350,1.4064,0.7955,0.6389,nan,nan,nan,nan,0
none,cage,2,7,resnet,False,solarisation,lr,1e-05,0.0001,32,26,0.0085,1.6031,1.3461,0.7955,0.6146,nan,nan,nan,nan,0
none,cage,2,7,resnet,False,solarisation,lr,1e-05,0.0001,32,27,0.0074,3.3931,1.8445,0.8182,0.6007,nan,nan,nan,nan,0
none,cage,2,7,resnet,False,solarisation,lr,1e-05,0.0001,32,28,0.0254,1.3438,1.3628,0.8182,0.7535,nan,nan,nan,nan,0
none,cage,2,8,resnet,False,solarisation,lr,1e-05,0.0001,32,1,0.7088,0.7022,0.6734,0.7021,0.4679,nan,nan,nan,nan,0
none,cage,2,8,resnet,False,solarisation,lr,1e-05,0.0001,32,2,0.6896,0.7063,0.6814,0.7447,0.3814,nan,nan,nan,nan,0
none,cage,2,8,resnet,False,solarisation,lr,1e-05,0.0001,32,3,0.6513,0.7186,0.6252,0.8298,0.4551,nan,nan,nan,nan,0
none,cage,2,8,resnet,False,solarisation,lr,1e-05,0.0001,32,4,0.6037,0.6870,0.7126,0.5745,0.5769,nan,nan,nan,nan,0
none,cage,2,8,resnet,False,solarisation,lr,1e-05,0.0001,32,5,0.5080,0.9093,0.6377,0.8298,0.5641,nan,nan,nan,nan,1
none,cage,2,8,resnet,False,solarisation,lr,1e-05,0.0001,32,6,0.3843,0.7125,0.9101,0.4894,0.5321,nan,nan,nan,nan,1
none,cage,2,8,resnet,False,solarisation,lr,1e-05,0.0001,32,7,0.2406,1.0701,0.8145,0.8085,0.5577,nan,nan,nan,nan,1
none,cage,2,8,resnet,False,solarisation,lr,1e-05,0.0001,32,8,0.1520,0.8463,0.8432,0.8085,0.5032,0.8579,0.8985,0.7619,0.6397,1
none,cage,2,8,resnet,False,solarisation,lr,1e-05,0.0001,32,9,0.0959,0.8834,0.8864,0.8298,0.5769,nan,nan,nan,nan,0
none,cage,2,8,resnet,False,solarisation,lr,1e-05,0.0001,32,10,0.0751,1.5931,0.9940,0.8298,0.5609,nan,nan,nan,nan,0
none,cage,2,8,resnet,False,solarisation,lr,1e-05,0.0001,32,11,0.0438,0.8034,1.0745,0.6809,0.5353,nan,nan,nan,nan,0
none,cage,2,8,resnet,False,solarisation,lr,1e-05,0.0001,32,12,0.0348,1.1718,1.0217,0.8511,0.5160,nan,nan,nan,nan,0
none,cage,2,8,resnet,False,solarisation,lr,1e-05,0.0001,32,13,0.0286,1.1701,0.9753,0.8298,0.5353,nan,nan,nan,nan,0
none,cage,2,8,resnet,False,solarisation,lr,1e-05,0.0001,32,14,0.0223,1.2945,1.0159,0.8298,0.5321,nan,nan,nan,nan,0
none,cage,2,8,resnet,False,solarisation,lr,1e-05,0.0001,32,15,0.0169,1.5323,1.1346,0.8298,0.5064,nan,nan,nan,nan,0
none,cage,2,8,resnet,False,solarisation,lr,1e-05,0.0001,32,16,0.0145,0.9776,1.0950,0.7660,0.5000,nan,nan,nan,nan,0
none,cage,2,9,resnet,False,solarisation,lr,1e-05,0.0001,32,1,0.7131,0.6786,0.6767,0.7381,0.7811,nan,nan,nan,nan,0
none,cage,2,9,resnet,False,solarisation,lr,1e-05,0.0001,32,2,0.6836,0.6734,0.6961,0.5000,0.7609,nan,nan,nan,nan,0
none,cage,2,9,resnet,False,solarisation,lr,1e-05,0.0001,32,3,0.6548,0.7373,0.6373,0.7619,0.6162,nan,nan,nan,nan,0
none,cage,2,9,resnet,False,solarisation,lr,1e-05,0.0001,32,4,0.6153,0.7724,0.6790,0.7619,0.3838,nan,nan,nan,nan,0
none,cage,2,9,resnet,False,solarisation,lr,1e-05,0.0001,32,5,0.5334,0.8458,0.7467,0.7619,0.3872,0.6827,0.6810,0.8571,0.6691,1
none,cage,2,9,resnet,False,solarisation,lr,1e-05,0.0001,32,6,0.4116,0.8236,0.9626,0.4762,0.3805,nan,nan,nan,nan,0
none,cage,2,9,resnet,False,solarisation,lr,1e-05,0.0001,32,7,0.2856,0.8736,1.2758,0.2381,0.3300,nan,nan,nan,nan,0
none,cage,2,9,resnet,False,solarisation,lr,1e-05,0.0001,32,8,0.1791,0.9468,1.2461,0.3810,0.3434,nan,nan,nan,nan,0
none,cage,2,9,resnet,False,solarisation,lr,1e-05,0.0001,32,9,0.1147,1.2133,1.1760,0.7381,0.3502,nan,nan,nan,nan,0
none,cage,2,9,resnet,False,solarisation,lr,1e-05,0.0001,32,10,0.0734,1.6574,1.4137,0.7381,0.3098,nan,nan,nan,nan,0
none,cage,2,9,resnet,False,solarisation,lr,1e-05,0.0001,32,11,0.0496,1.5959,1.4528,0.7619,0.3502,nan,nan,nan,nan,0
none,cage,2,9,resnet,False,solarisation,lr,1e-05,0.0001,32,12,0.0362,1.4656,1.4629,0.6667,0.2828,nan,nan,nan,nan,0
none,cage,2,9,resnet,False,solarisation,lr,1e-05,0.0001,32,13,0.0244,1.2833,1.5810,0.5952,0.3300,nan,nan,nan,nan,0
none,cage,2,9,resnet,False,solarisation,lr,1e-05,0.0001,32,14,0.0194,1.6381,1.5274,0.7143,0.3098,nan,nan,nan,nan,0
none,cage,2,9,resnet,False,solarisation,lr,1e-05,0.0001,32,15,0.0151,1.3856,1.6860,0.5952,0.3333,nan,nan,nan,nan,0
none,cage,2,9,resnet,False,solarisation,lr,1e-05,0.0001,32,16,0.0215,1.8916,1.8145,0.6905,0.3199,nan,nan,nan,nan,0
none,cage,3,0,resnet,False,solarisation,lr,1e-05,0.0001,32,1,0.7068,0.7035,0.6816,0.8140,0.2341,nan,nan,nan,nan,0
none,cage,3,0,resnet,False,solarisation,lr,1e-05,0.0001,32,2,0.6899,0.7197,0.6944,0.7674,0.2302,nan,nan,nan,nan,0
none,cage,3,0,resnet,False,solarisation,lr,1e-05,0.0001,32,3,0.6522,0.7336,0.6796,0.8372,0.2579,nan,nan,nan,nan,0
none,cage,3,0,resnet,False,solarisation,lr,1e-05,0.0001,32,4,0.6106,0.8449,0.6865,0.8372,0.3611,nan,nan,nan,nan,0
none,cage,3,0,resnet,False,solarisation,lr,1e-05,0.0001,32,5,0.5181,0.9173,0.7607,0.8372,0.3770,nan,nan,nan,nan,1
none,cage,3,0,resnet,False,solarisation,lr,1e-05,0.0001,32,6,0.3814,0.8733,0.9542,0.6744,0.4325,nan,nan,nan,nan,1
none,cage,3,0,resnet,False,solarisation,lr,1e-05,0.0001,32,7,0.2334,1.2312,1.0183,0.8372,0.4563,nan,nan,nan,nan,1
none,cage,3,0,resnet,False,solarisation,lr,1e-05,0.0001,32,8,0.1488,1.6868,1.2260,0.8372,0.4643,nan,nan,nan,nan,1
none,cage,3,0,resnet,False,solarisation,lr,1e-05,0.0001,32,9,0.0921,1.9100,1.3740,0.8372,0.3968,1.6914,1.1811,0.8333,0.5633,1
none,cage,3,0,resnet,False,solarisation,lr,1e-05,0.0001,32,10,0.0598,1.3239,1.3236,0.8140,0.3849,nan,nan,nan,nan,0
none,cage,3,0,resnet,False,solarisation,lr,1e-05,0.0001,32,11,0.0401,2.4108,1.6410,0.8372,0.4444,nan,nan,nan,nan,0
none,cage,3,0,resnet,False,solarisation,lr,1e-05,0.0001,32,12,0.0293,1.9502,1.5048,0.8372,0.4325,nan,nan,nan,nan,0
none,cage,3,0,resnet,False,solarisation,lr,1e-05,0.0001,32,13,0.0267,1.7659,1.4618,0.8372,0.3373,nan,nan,nan,nan,0
none,cage,3,0,resnet,False,solarisation,lr,1e-05,0.0001,32,14,0.0231,2.0016,1.5694,0.8372,0.4762,nan,nan,nan,nan,0
none,cage,3,0,resnet,False,solarisation,lr,1e-05,0.0001,32,15,0.0164,2.4961,1.7776,0.8372,0.4087,nan,nan,nan,nan,0
none,cage,3,0,resnet,False,solarisation,lr,1e-05,0.0001,32,16,0.0147,1.9858,1.6177,0.8372,0.4008,nan,nan,nan,nan,0
none,cage,3,1,resnet,False,solarisation,lr,1e-05,0.0001,32,1,0.7169,0.6858,0.6653,0.7442,0.6071,nan,nan,nan,nan,0
none,cage,3,1,resnet,False,solarisation,lr,1e-05,0.0001,32,2,0.6928,0.6977,0.7160,0.4419,0.5476,nan,nan,nan,nan,0
none,cage,3,1,resnet,False,solarisation,lr,1e-05,0.0001,32,3,0.6648,0.7108,0.6231,0.8372,0.5040,nan,nan,nan,nan,0
none,cage,3,1,resnet,False,solarisation,lr,1e-05,0.0001,32,4,0.6228,0.7496,0.6145,0.8140,0.5397,nan,nan,nan,nan,0
none,cage,3,1,resnet,False,solarisation,lr,1e-05,0.0001,32,5,0.5496,0.7159,0.7076,0.6977,0.5437,0.7645,0.7753,0.6429,0.4531,1
none,cage,3,1,resnet,False,solarisation,lr,1e-05,0.0001,32,6,0.4381,0.9665,0.7342,0.7907,0.5833,nan,nan,nan,nan,0
none,cage,3,1,resnet,False,solarisation,lr,1e-05,0.0001,32,7,0.3105,1.4979,0.9520,0.8372,0.4921,nan,nan,nan,nan,0
none,cage,3,1,resnet,False,solarisation,lr,1e-05,0.0001,32,8,0.1972,2.2262,1.3244,0.8372,0.5159,nan,nan,nan,nan,0
none,cage,3,1,resnet,False,solarisation,lr,1e-05,0.0001,32,9,0.1318,1.7377,1.2125,0.7907,0.5317,nan,nan,nan,nan,0
none,cage,3,1,resnet,False,solarisation,lr,1e-05,0.0001,32,10,0.0838,1.8889,1.3224,0.7907,0.4881,nan,nan,nan,nan,0
none,cage,3,1,resnet,False,solarisation,lr,1e-05,0.0001,32,11,0.0564,1.8896,1.3914,0.7907,0.4921,nan,nan,nan,nan,0
none,cage,3,1,resnet,False,solarisation,lr,1e-05,0.0001,32,12,0.0375,2.3064,1.5726,0.7907,0.4841,nan,nan,nan,nan,0
none,cage,3,1,resnet,False,solarisation,lr,1e-05,0.0001,32,13,0.0318,3.0684,1.8602,0.8372,0.4921,nan,nan,nan,nan,0
none,cage,3,1,resnet,False,solarisation,lr,1e-05,0.0001,32,14,0.0243,2.3748,1.6385,0.7907,0.4881,nan,nan,nan,nan,0
none,cage,3,1,resnet,False,solarisation,lr,1e-05,0.0001,32,15,0.0197,1.7707,1.6902,0.6512,0.4881,nan,nan,nan,nan,0
none,cage,3,1,resnet,False,solarisation,lr,1e-05,0.0001,32,16,0.0233,2.7617,1.7785,0.8140,0.4881,nan,nan,nan,nan,0
none,cage,3,2,resnet,False,solarisation,lr,1e-05,0.0001,32,1,0.7104,0.7382,0.6194,0.8095,0.5404,nan,nan,nan,nan,0
none,cage,3,2,resnet,False,solarisation,lr,1e-05,0.0001,32,2,0.6907,0.7176,0.6576,0.7857,0.4338,nan,nan,nan,nan,0
none,cage,3,2,resnet,False,solarisation,lr,1e-05,0.0001,32,3,0.6651,0.7523,0.8879,0.1905,0.4154,nan,nan,nan,nan,0
none,cage,3,2,resnet,False,solarisation,lr,1e-05,0.0001,32,4,0.6124,0.7114,0.7105,0.6429,0.4926,nan,nan,nan,nan,0
none,cage,3,2,resnet,False,solarisation,lr,1e-05,0.0001,32,5,0.5352,0.7604,0.7027,0.7381,0.5368,nan,nan,nan,nan,1
none,cage,3,2,resnet,False,solarisation,lr,1e-05,0.0001,32,6,0.4185,1.0033,0.7683,0.7857,0.5662,nan,nan,nan,nan,1
none,cage,3,2,resnet,False,solarisation,lr,1e-05,0.0001,32,7,0.2876,1.1247,0.9773,0.7857,0.4522,nan,nan,nan,nan,0
none,cage,3,2,resnet,False,solarisation,lr,1e-05,0.0001,32,8,0.1811,0.8311,1.2051,0.4286,0.4559,0.8091,1.1774,0.5000,0.5184,1
none,cage,3,2,resnet,False,solarisation,lr,1e-05,0.0001,32,9,0.1125,1.2406,1.1539,0.7857,0.3566,nan,nan,nan,nan,0
none,cage,3,2,resnet,False,solarisation,lr,1e-05,0.0001,32,10,0.0737,0.9467,1.2027,0.6429,0.4559,nan,nan,nan,nan,0
none,cage,3,2,resnet,False,solarisation,lr,1e-05,0.0001,32,11,0.0585,1.0624,1.7739,0.2381,0.4118,nan,nan,nan,nan,0
none,cage,3,2,resnet,False,solarisation,lr,1e-05,0.0001,32,12,0.0399,1.8252,1.3935,0.7857,0.5404,nan,nan,nan,nan,0
none,cage,3,2,resnet,False,solarisation,lr,1e-05,0.0001,32,13,0.0349,1.1106,1.3827,0.6905,0.4706,nan,nan,nan,nan,0
none,cage,3,2,resnet,False,solarisation,lr,1e-05,0.0001,32,14,0.0217,1.9035,1.4992,0.7857,0.5110,nan,nan,nan,nan,0
none,cage,3,2,resnet,False,solarisation,lr,1e-05,0.0001,32,15,0.0169,1.0258,1.4367,0.6905,0.4596,nan,nan,nan,nan,0
none,cage,3,2,resnet,False,solarisation,lr,1e-05,0.0001,32,16,0.0169,1.6633,1.4972,0.7857,0.4265,nan,nan,nan,nan,0
none,cage,3,4,resnet,False,solarisation,lr,1e-05,0.0001,32,1,0.7168,0.6819,0.6848,0.6279,0.7107,nan,nan,nan,nan,0
none,cage,3,4,resnet,False,solarisation,lr,1e-05,0.0001,32,2,0.6863,0.6787,0.6897,0.5581,0.6536,nan,nan,nan,nan,0
none,cage,3,4,resnet,False,solarisation,lr,1e-05,0.0001,32,3,0.6520,0.6971,0.7630,0.2093,0.6107,nan,nan,nan,nan,0
none,cage,3,4,resnet,False,solarisation,lr,1e-05,0.0001,32,4,0.6012,0.7909,0.7286,0.7907,0.4036,nan,nan,nan,nan,0
none,cage,3,4,resnet,False,solarisation,lr,1e-05,0.0001,32,5,0.4879,0.8520,0.8040,0.7907,0.5214,0.9502,0.7672,0.7857,0.3959,1
none,cage,3,4,resnet,False,solarisation,lr,1e-05,0.0001,32,6,0.3563,0.8511,0.8581,0.7209,0.4643,nan,nan,nan,nan,0
none,cage,3,4,resnet,False,solarisation,lr,1e-05,0.0001,32,7,0.2271,0.9513,0.9953,0.7907,0.5857,nan,nan,nan,nan,0
none,cage,3,4,resnet,False,solarisation,lr,1e-05,0.0001,32,8,0.1455,1.2426,1.1649,0.8140,0.5821,nan,nan,nan,nan,0
none,cage,3,4,resnet,False,solarisation,lr,1e-05,0.0001,32,9,0.0868,1.4044,1.2960,0.8140,0.5857,nan,nan,nan,nan,0
none,cage,3,4,resnet,False,solarisation,lr,1e-05,0.0001,32,10,0.0583,1.6988,1.5094,0.7907,0.5286,nan,nan,nan,nan,0
none,cage,3,4,resnet,False,solarisation,lr,1e-05,0.0001,32,11,0.0401,1.9012,1.6071,0.8140,0.5607,nan,nan,nan,nan,0
none,cage,3,4,resnet,False,solarisation,lr,1e-05,0.0001,32,12,0.0345,1.4686,1.4110,0.8140,0.5714,nan,nan,nan,nan,0
none,cage,3,4,resnet,False,solarisation,lr,1e-05,0.0001,32,13,0.0249,1.5304,1.4792,0.7674,0.5607,nan,nan,nan,nan,0
none,cage,3,4,resnet,False,solarisation,lr,1e-05,0.0001,32,14,0.0177,2.3915,1.8933,0.8140,0.4464,nan,nan,nan,nan,0
none,cage,3,4,resnet,False,solarisation,lr,1e-05,0.0001,32,15,0.0155,1.7693,1.5918,0.7907,0.5036,nan,nan,nan,nan,0
none,cage,3,4,resnet,False,solarisation,lr,1e-05,0.0001,32,16,0.0109,2.1145,1.7581,0.8140,0.5357,nan,nan,nan,nan,0
none,cage,3,5,resnet,False,solarisation,lr,1e-05,0.0001,32,1,0.7138,0.7250,0.6899,0.7250,0.3943,nan,nan,nan,nan,0
none,cage,3,5,resnet,False,solarisation,lr,1e-05,0.0001,32,2,0.6893,0.6962,0.7148,0.3500,0.4373,nan,nan,nan,nan,0
none,cage,3,5,resnet,False,solarisation,lr,1e-05,0.0001,32,3,0.6613,0.7398,0.6906,0.7500,0.4086,nan,nan,nan,nan,0
none,cage,3,5,resnet,False,solarisation,lr,1e-05,0.0001,32,4,0.6225,0.7225,0.7066,0.7000,0.5125,nan,nan,nan,nan,0
none,cage,3,5,resnet,False,solarisation,lr,1e-05,0.0001,32,5,0.5576,0.9103,0.7728,0.7750,0.4803,nan,nan,nan,nan,1
none,cage,3,5,resnet,False,solarisation,lr,1e-05,0.0001,32,6,0.4539,0.9241,0.8663,0.7750,0.4910,nan,nan,nan,nan,1
none,cage,3,5,resnet,False,solarisation,lr,1e-05,0.0001,32,7,0.3145,1.5108,1.1335,0.7750,0.5054,nan,nan,nan,nan,1
none,cage,3,5,resnet,False,solarisation,lr,1e-05,0.0001,32,8,0.2106,0.7938,1.0761,0.4750,0.4946,nan,nan,nan,nan,1
none,cage,3,5,resnet,False,solarisation,lr,1e-05,0.0001,32,9,0.1347,1.6846,1.3846,0.8000,0.4588,nan,nan,nan,nan,0
none,cage,3,5,resnet,False,solarisation,lr,1e-05,0.0001,32,10,0.0891,1.7105,1.3946,0.7750,0.5233,nan,nan,nan,nan,0
none,cage,3,5,resnet,False,solarisation,lr,1e-05,0.0001,32,11,0.0629,1.5371,1.4113,0.7750,0.5305,nan,nan,nan,nan,1
none,cage,3,5,resnet,False,solarisation,lr,1e-05,0.0001,32,12,0.0407,1.6625,1.4005,0.7750,0.5520,nan,nan,nan,nan,1
none,cage,3,5,resnet,False,solarisation,lr,1e-05,0.0001,32,13,0.0363,3.5756,2.4025,0.7750,0.4803,nan,nan,nan,nan,0
none,cage,3,5,resnet,False,solarisation,lr,1e-05,0.0001,32,14,0.0375,1.1433,1.4076,0.7500,0.5591,1.3087,1.5093,0.7857,0.5551,1
none,cage,3,5,resnet,False,solarisation,lr,1e-05,0.0001,32,15,0.0239,2.5194,1.9029,0.7750,0.4588,nan,nan,nan,nan,0
none,cage,3,5,resnet,False,solarisation,lr,1e-05,0.0001,32,16,0.0149,3.4613,2.3937,0.7750,0.4875,nan,nan,nan,nan,0
none,cage,3,5,resnet,False,solarisation,lr,1e-05,0.0001,32,17,0.0128,2.2668,1.7388,0.7750,0.5484,nan,nan,nan,nan,0
none,cage,3,5,resnet,False,solarisation,lr,1e-05,0.0001,32,18,0.0104,2.6977,2.0397,0.7750,0.4552,nan,nan,nan,nan,0
none,cage,3,5,resnet,False,solarisation,lr,1e-05,0.0001,32,19,0.0175,1.9953,1.7896,0.7500,0.4516,nan,nan,nan,nan,0
none,cage,3,6,resnet,False,solarisation,lr,1e-05,0.0001,32,1,0.7131,0.7022,0.6872,0.8293,0.2857,nan,nan,nan,nan,0
none,cage,3,6,resnet,False,solarisation,lr,1e-05,0.0001,32,2,0.6811,0.7047,0.6619,0.8537,0.2952,nan,nan,nan,nan,0
none,cage,3,6,resnet,False,solarisation,lr,1e-05,0.0001,32,3,0.6551,0.7253,0.7334,0.2927,0.3571,nan,nan,nan,nan,0
none,cage,3,6,resnet,False,solarisation,lr,1e-05,0.0001,32,4,0.5995,0.8579,0.7194,0.8537,0.2857,nan,nan,nan,nan,0
none,cage,3,6,resnet,False,solarisation,lr,1e-05,0.0001,32,5,0.5068,1.1576,0.8860,0.8537,0.2333,nan,nan,nan,nan,1
none,cage,3,6,resnet,False,solarisation,lr,1e-05,0.0001,32,6,0.3511,1.0583,0.9486,0.8293,0.3143,0.8667,0.8068,0.8333,0.5633,1
none,cage,3,6,resnet,False,solarisation,lr,1e-05,0.0001,32,7,0.2279,2.0534,1.4478,0.8537,0.2429,nan,nan,nan,nan,0
none,cage,3,6,resnet,False,solarisation,lr,1e-05,0.0001,32,8,0.1318,1.7333,1.3362,0.8537,0.2762,nan,nan,nan,nan,0
none,cage,3,6,resnet,False,solarisation,lr,1e-05,0.0001,32,9,0.0870,1.7521,1.4701,0.8537,0.2857,nan,nan,nan,nan,0
none,cage,3,6,resnet,False,solarisation,lr,1e-05,0.0001,32,10,0.0581,2.6059,1.8245,0.8537,0.2762,nan,nan,nan,nan,0
none,cage,3,6,resnet,False,solarisation,lr,1e-05,0.0001,32,11,0.0359,1.7104,1.5334,0.8049,0.2810,nan,nan,nan,nan,0
none,cage,3,6,resnet,False,solarisation,lr,1e-05,0.0001,32,12,0.0239,1.8344,1.6232,0.8049,0.2857,nan,nan,nan,nan,0
none,cage,3,6,resnet,False,solarisation,lr,1e-05,0.0001,32,13,0.0214,1.8060,1.5638,0.8537,0.3095,nan,nan,nan,nan,0
none,cage,3,6,resnet,False,solarisation,lr,1e-05,0.0001,32,14,0.0207,2.8097,2.0008,0.8537,0.2857,nan,nan,nan,nan,0
none,cage,3,6,resnet,False,solarisation,lr,1e-05,0.0001,32,15,0.0166,2.5018,1.8815,0.8537,0.2857,nan,nan,nan,nan,0
none,cage,3,6,resnet,False,solarisation,lr,1e-05,0.0001,32,16,0.0116,2.8088,2.0636,0.8537,0.2857,nan,nan,nan,nan,0
none,cage,3,7,resnet,False,solarisation,lr,1e-05,0.0001,32,1,0.7129,0.7168,0.7333,0.3636,0.4271,nan,nan,nan,nan,0
none,cage,3,7,resnet,False,solarisation,lr,1e-05,0.0001,32,2,0.6910,0.6990,0.7324,0.2500,0.5104,nan,nan,nan,nan,0
none,cage,3,7,resnet,False,solarisation,lr,1e-05,0.0001,32,3,0.6596,0.6758,0.6699,0.7273,0.6076,nan,nan,nan,nan,0
none,cage,3,7,resnet,False,solarisation,lr,1e-05,0.0001,32,4,0.6027,0.6894,0.6741,0.7727,0.5729,nan,nan,nan,nan,0
none,cage,3,7,resnet,False,solarisation,lr,1e-05,0.0001,32,5,0.5269,0.7287,0.8999,0.4318,0.5278,nan,nan,nan,nan,1
none,cage,3,7,resnet,False,solarisation,lr,1e-05,0.0001,32,6,0.4045,0.7334,0.9990,0.4773,0.5694,nan,nan,nan,nan,1
none,cage,3,7,resnet,False,solarisation,lr,1e-05,0.0001,32,7,0.2629,0.8930,1.0396,0.7273,0.5660,0.7944,0.8995,0.7857,0.6163,1
none,cage,3,7,resnet,False,solarisation,lr,1e-05,0.0001,32,8,0.1754,0.8772,1.1417,0.6591,0.5590,nan,nan,nan,nan,0
none,cage,3,7,resnet,False,solarisation,lr,1e-05,0.0001,32,9,0.1057,1.4118,1.2248,0.8409,0.5486,nan,nan,nan,nan,0
none,cage,3,7,resnet,False,solarisation,lr,1e-05,0.0001,32,10,0.0661,1.2537,1.2019,0.8182,0.5486,nan,nan,nan,nan,0
none,cage,3,7,resnet,False,solarisation,lr,1e-05,0.0001,32,11,0.0423,1.0905,1.3780,0.7500,0.5104,nan,nan,nan,nan,0
none,cage,3,7,resnet,False,solarisation,lr,1e-05,0.0001,32,12,0.0411,1.2386,1.3129,0.8182,0.5486,nan,nan,nan,nan,0
none,cage,3,7,resnet,False,solarisation,lr,1e-05,0.0001,32,13,0.0293,1.5302,1.5728,0.8182,0.5139,nan,nan,nan,nan,0
none,cage,3,7,resnet,False,solarisation,lr,1e-05,0.0001,32,14,0.0202,1.7348,1.5389,0.8409,0.5208,nan,nan,nan,nan,0
none,cage,3,7,resnet,False,solarisation,lr,1e-05,0.0001,32,15,0.0159,1.6928,1.5636,0.8409,0.5347,nan,nan,nan,nan,0
none,cage,3,7,resnet,False,solarisation,lr,1e-05,0.0001,32,16,0.0127,1.7567,1.5809,0.8409,0.5417,nan,nan,nan,nan,0
none,cage,3,8,resnet,False,solarisation,lr,1e-05,0.0001,32,1,0.7091,0.7078,0.6461,0.8298,0.3718,nan,nan,nan,nan,0
none,cage,3,8,resnet,False,solarisation,lr,1e-05,0.0001,32,2,0.6906,0.7011,0.7225,0.3404,0.4679,nan,nan,nan,nan,0
none,cage,3,8,resnet,False,solarisation,lr,1e-05,0.0001,32,3,0.6569,0.7128,0.7656,0.3191,0.3878,nan,nan,nan,nan,0
none,cage,3,8,resnet,False,solarisation,lr,1e-05,0.0001,32,4,0.6145,0.7287,0.7159,0.5957,0.3718,nan,nan,nan,nan,0
none,cage,3,8,resnet,False,solarisation,lr,1e-05,0.0001,32,5,0.5285,1.1482,0.7761,0.8085,0.4551,nan,nan,nan,nan,1
none,cage,3,8,resnet,False,solarisation,lr,1e-05,0.0001,32,6,0.4123,0.8676,0.9042,0.6170,0.4391,nan,nan,nan,nan,1
none,cage,3,8,resnet,False,solarisation,lr,1e-05,0.0001,32,7,0.2696,0.8708,1.0866,0.5106,0.4519,nan,nan,nan,nan,0
none,cage,3,8,resnet,False,solarisation,lr,1e-05,0.0001,32,8,0.1559,0.9280,1.2027,0.4894,0.4455,nan,nan,nan,nan,1
none,cage,3,8,resnet,False,solarisation,lr,1e-05,0.0001,32,9,0.1106,1.0972,1.3221,0.6170,0.4647,nan,nan,nan,nan,1
none,cage,3,8,resnet,False,solarisation,lr,1e-05,0.0001,32,10,0.0675,1.0396,1.5085,0.5106,0.4199,nan,nan,nan,nan,0
none,cage,3,8,resnet,False,solarisation,lr,1e-05,0.0001,32,11,0.0430,1.1133,1.4603,0.6170,0.4455,nan,nan,nan,nan,0
none,cage,3,8,resnet,False,solarisation,lr,1e-05,0.0001,32,12,0.0357,1.0599,1.4952,0.5957,0.4647,nan,nan,nan,nan,0
none,cage,3,8,resnet,False,solarisation,lr,1e-05,0.0001,32,13,0.0253,1.2653,1.4551,0.6596,0.4615,nan,nan,nan,nan,0
none,cage,3,8,resnet,False,solarisation,lr,1e-05,0.0001,32,14,0.0256,1.3092,1.6254,0.5745,0.4487,nan,nan,nan,nan,0
none,cage,3,8,resnet,False,solarisation,lr,1e-05,0.0001,32,15,0.0166,1.1590,1.6935,0.5957,0.4808,nan,nan,nan,nan,1
none,cage,3,8,resnet,False,solarisation,lr,1e-05,0.0001,32,16,0.0154,1.2215,1.7511,0.6170,0.5000,1.0046,1.6375,0.7143,0.6000,1
none,cage,3,8,resnet,False,solarisation,lr,1e-05,0.0001,32,17,0.0121,1.3137,2.3932,0.4043,0.4455,nan,nan,nan,nan,0
none,cage,3,8,resnet,False,solarisation,lr,1e-05,0.0001,32,18,0.0089,1.2399,2.1395,0.4043,0.4679,nan,nan,nan,nan,0
none,cage,3,8,resnet,False,solarisation,lr,1e-05,0.0001,32,19,0.0107,1.2084,1.7546,0.5745,0.4519,nan,nan,nan,nan,0
none,cage,3,8,resnet,False,solarisation,lr,1e-05,0.0001,32,20,0.0075,1.4243,1.7565,0.6596,0.4583,nan,nan,nan,nan,0
none,cage,3,8,resnet,False,solarisation,lr,1e-05,0.0001,32,21,0.0069,1.3660,1.7499,0.5957,0.4647,nan,nan,nan,nan,0
none,cage,3,9,resnet,False,solarisation,lr,1e-05,0.0001,32,1,0.7028,0.7061,0.6958,0.5714,0.4040,nan,nan,nan,nan,0
none,cage,3,9,resnet,False,solarisation,lr,1e-05,0.0001,32,2,0.6843,0.7148,0.6444,0.7857,0.5859,nan,nan,nan,nan,0
none,cage,3,9,resnet,False,solarisation,lr,1e-05,0.0001,32,3,0.6588,0.6688,0.6931,0.5714,0.6195,nan,nan,nan,nan,0
none,cage,3,9,resnet,False,solarisation,lr,1e-05,0.0001,32,4,0.6067,0.7946,0.6721,0.7857,0.5993,nan,nan,nan,nan,0
none,cage,3,9,resnet,False,solarisation,lr,1e-05,0.0001,32,5,0.5114,1.4367,0.9275,0.7857,0.4916,nan,nan,nan,nan,1
none,cage,3,9,resnet,False,solarisation,lr,1e-05,0.0001,32,6,0.3822,1.1863,0.8866,0.7857,0.5185,nan,nan,nan,nan,1
none,cage,3,9,resnet,False,solarisation,lr,1e-05,0.0001,32,7,0.2560,1.8222,1.1254,0.7857,0.5926,nan,nan,nan,nan,0
none,cage,3,9,resnet,False,solarisation,lr,1e-05,0.0001,32,8,0.1588,1.9604,1.2667,0.7857,0.5623,nan,nan,nan,nan,0
none,cage,3,9,resnet,False,solarisation,lr,1e-05,0.0001,32,9,0.1048,3.3643,1.8648,0.7857,0.5522,nan,nan,nan,nan,0
none,cage,3,9,resnet,False,solarisation,lr,1e-05,0.0001,32,10,0.0696,2.4487,1.5359,0.7857,0.6061,nan,nan,nan,nan,0
none,cage,3,9,resnet,False,solarisation,lr,1e-05,0.0001,32,11,0.0544,1.9258,1.3873,0.7857,0.5589,nan,nan,nan,nan,1
none,cage,3,9,resnet,False,solarisation,lr,1e-05,0.0001,32,12,0.0364,2.2146,1.4771,0.7857,0.5724,nan,nan,nan,nan,0
none,cage,3,9,resnet,False,solarisation,lr,1e-05,0.0001,32,13,0.0278,3.0708,1.8346,0.7857,0.5724,nan,nan,nan,nan,0
none,cage,3,9,resnet,False,solarisation,lr,1e-05,0.0001,32,14,0.0251,2.1648,1.4896,0.7857,0.5993,nan,nan,nan,nan,1
none,cage,3,9,resnet,False,solarisation,lr,1e-05,0.0001,32,15,0.0183,2.6974,1.6792,0.7857,0.6431,nan,nan,nan,nan,1
none,cage,3,9,resnet,False,solarisation,lr,1e-05,0.0001,32,16,0.0165,2.2306,1.5659,0.7857,0.5758,nan,nan,nan,nan,0
none,cage,3,9,resnet,False,solarisation,lr,1e-05,0.0001,32,17,0.0114,2.0277,1.4911,0.7857,0.5758,nan,nan,nan,nan,0
none,cage,3,9,resnet,False,solarisation,lr,1e-05,0.0001,32,18,0.0082,2.1324,1.5558,0.7857,0.5724,nan,nan,nan,nan,0
none,cage,3,9,resnet,False,solarisation,lr,1e-05,0.0001,32,19,0.0094,2.2827,1.5827,0.7857,0.6061,2.1229,1.6632,0.8333,0.4735,1
none,cage,3,9,resnet,False,solarisation,lr,1e-05,0.0001,32,20,0.0078,3.1055,1.8931,0.7857,0.5623,nan,nan,nan,nan,0
none,cage,3,9,resnet,False,solarisation,lr,1e-05,0.0001,32,21,0.0107,3.3301,1.9841,0.7857,0.6195,nan,nan,nan,nan,0
none,cage,3,9,resnet,False,solarisation,lr,1e-05,0.0001,32,22,0.0075,2.8893,1.8120,0.7857,0.5387,nan,nan,nan,nan,0
none,cage,3,9,resnet,False,solarisation,lr,1e-05,0.0001,32,23,0.0080,3.2264,1.9131,0.7857,0.6397,nan,nan,nan,nan,0
none,cage,3,9,resnet,False,solarisation,lr,1e-05,0.0001,32,24,0.0409,3.2911,1.9538,0.7857,0.4983,nan,nan,nan,nan,0
none,cage,4,0,resnet,False,solarisation,lr,1e-05,0.0001,32,1,0.7114,0.6987,0.6795,0.7907,0.4325,nan,nan,nan,nan,0
none,cage,4,0,resnet,False,solarisation,lr,1e-05,0.0001,32,2,0.6865,0.7049,0.6711,0.7907,0.4246,nan,nan,nan,nan,0
none,cage,4,0,resnet,False,solarisation,lr,1e-05,0.0001,32,3,0.6638,0.7359,0.6564,0.8372,0.3889,nan,nan,nan,nan,0
none,cage,4,0,resnet,False,solarisation,lr,1e-05,0.0001,32,4,0.6103,0.7535,0.8533,0.1395,0.3810,nan,nan,nan,nan,0
none,cage,4,0,resnet,False,solarisation,lr,1e-05,0.0001,32,5,0.5323,0.7888,0.9410,0.2326,0.3730,nan,nan,nan,nan,1
none,cage,4,0,resnet,False,solarisation,lr,1e-05,0.0001,32,6,0.3915,0.7952,1.0691,0.2326,0.4286,nan,nan,nan,nan,0
none,cage,4,0,resnet,False,solarisation,lr,1e-05,0.0001,32,7,0.2583,0.9360,0.9938,0.7907,0.3135,nan,nan,nan,nan,0
none,cage,4,0,resnet,False,solarisation,lr,1e-05,0.0001,32,8,0.1572,0.8259,1.2600,0.3023,0.3373,nan,nan,nan,nan,0
none,cage,4,0,resnet,False,solarisation,lr,1e-05,0.0001,32,9,0.1103,0.8257,1.1252,0.6977,0.5000,nan,nan,nan,nan,0
none,cage,4,0,resnet,False,solarisation,lr,1e-05,0.0001,32,10,0.0689,1.1595,1.1814,0.8372,0.4087,nan,nan,nan,nan,0
none,cage,4,0,resnet,False,solarisation,lr,1e-05,0.0001,32,11,0.0497,1.5695,1.3326,0.8372,0.4127,nan,nan,nan,nan,0
none,cage,4,0,resnet,False,solarisation,lr,1e-05,0.0001,32,12,0.0378,1.7774,1.4219,0.8372,0.4127,nan,nan,nan,nan,1
none,cage,4,0,resnet,False,solarisation,lr,1e-05,0.0001,32,13,0.0314,1.3707,1.3337,0.8372,0.4087,nan,nan,nan,nan,1
none,cage,4,0,resnet,False,solarisation,lr,1e-05,0.0001,32,14,0.0217,1.1855,1.4014,0.7442,0.5040,nan,nan,nan,nan,0
none,cage,4,0,resnet,False,solarisation,lr,1e-05,0.0001,32,15,0.0169,0.8395,1.4047,0.6512,0.5397,nan,nan,nan,nan,1
none,cage,4,0,resnet,False,solarisation,lr,1e-05,0.0001,32,16,0.0136,1.5482,1.4333,0.8372,0.4365,nan,nan,nan,nan,0
none,cage,4,0,resnet,False,solarisation,lr,1e-05,0.0001,32,17,0.0106,1.6377,1.4736,0.8372,0.4325,nan,nan,nan,nan,1
none,cage,4,0,resnet,False,solarisation,lr,1e-05,0.0001,32,18,0.0080,0.9814,1.4919,0.6744,0.4921,nan,nan,nan,nan,1
none,cage,4,0,resnet,False,solarisation,lr,1e-05,0.0001,32,19,0.0087,1.2027,1.4304,0.7907,0.4603,nan,nan,nan,nan,0
none,cage,4,0,resnet,False,solarisation,lr,1e-05,0.0001,32,20,0.0086,1.5812,1.4639,0.8372,0.5159,nan,nan,nan,nan,0
none,cage,4,0,resnet,False,solarisation,lr,1e-05,0.0001,32,21,0.0157,1.4960,1.5785,0.8372,0.5238,nan,nan,nan,nan,0
none,cage,4,0,resnet,False,solarisation,lr,1e-05,0.0001,32,22,0.0323,0.9598,1.7296,0.6744,0.4365,nan,nan,nan,nan,0
none,cage,4,0,resnet,False,solarisation,lr,1e-05,0.0001,32,23,0.0362,0.7201,1.6886,0.6512,0.6746,nan,nan,nan,nan,1
none,cage,4,0,resnet,False,solarisation,lr,1e-05,0.0001,32,24,0.0238,1.0077,1.4741,0.6744,0.4246,nan,nan,nan,nan,0
none,cage,4,0,resnet,False,solarisation,lr,1e-05,0.0001,32,25,0.0109,1.1618,1.4207,0.8140,0.5754,nan,nan,nan,nan,0
none,cage,4,0,resnet,False,solarisation,lr,1e-05,0.0001,32,26,0.0077,1.0698,1.4426,0.7674,0.5397,1.5103,1.8042,0.7209,0.3821,1
none,cage,4,0,resnet,False,solarisation,lr,1e-05,0.0001,32,27,0.0057,1.0750,1.4909,0.7674,0.4563,nan,nan,nan,nan,0
none,cage,4,0,resnet,False,solarisation,lr,1e-05,0.0001,32,28,0.0042,0.9568,1.5399,0.7442,0.5198,nan,nan,nan,nan,0
none,cage,4,0,resnet,False,solarisation,lr,1e-05,0.0001,32,29,0.0036,1.4228,1.5122,0.8372,0.5040,nan,nan,nan,nan,0
none,cage,4,0,resnet,False,solarisation,lr,1e-05,0.0001,32,30,0.0042,0.9060,1.5846,0.6512,0.5595,nan,nan,nan,nan,0
none,cage,4,0,resnet,False,solarisation,lr,1e-05,0.0001,32,31,0.0028,1.4012,1.5585,0.8140,0.5516,nan,nan,nan,nan,0
none,cage,4,1,resnet,False,solarisation,lr,1e-05,0.0001,32,1,0.7182,0.6965,0.7075,0.4884,0.5198,nan,nan,nan,nan,0
none,cage,4,1,resnet,False,solarisation,lr,1e-05,0.0001,32,2,0.6817,0.6981,0.6774,0.6744,0.4524,nan,nan,nan,nan,0
none,cage,4,1,resnet,False,solarisation,lr,1e-05,0.0001,32,3,0.6496,0.7086,0.7156,0.6047,0.4881,nan,nan,nan,nan,0
none,cage,4,1,resnet,False,solarisation,lr,1e-05,0.0001,32,4,0.5904,0.7690,0.9573,0.2093,0.5397,nan,nan,nan,nan,0
none,cage,4,1,resnet,False,solarisation,lr,1e-05,0.0001,32,5,0.4832,1.0315,1.4480,0.1628,0.4683,0.9960,1.2800,0.1860,0.4536,1
none,cage,4,1,resnet,False,solarisation,lr,1e-05,0.0001,32,6,0.3456,0.8026,1.0899,0.2791,0.4286,nan,nan,nan,nan,0
none,cage,4,1,resnet,False,solarisation,lr,1e-05,0.0001,32,7,0.2037,0.8634,1.2437,0.3488,0.4365,nan,nan,nan,nan,0
none,cage,4,1,resnet,False,solarisation,lr,1e-05,0.0001,32,8,0.1423,1.3455,2.0685,0.1860,0.5238,nan,nan,nan,nan,0
none,cage,4,1,resnet,False,solarisation,lr,1e-05,0.0001,32,9,0.0859,1.6407,2.5296,0.1628,0.4683,nan,nan,nan,nan,0
none,cage,4,1,resnet,False,solarisation,lr,1e-05,0.0001,32,10,0.0666,1.3080,2.1497,0.2093,0.4841,nan,nan,nan,nan,0
none,cage,4,1,resnet,False,solarisation,lr,1e-05,0.0001,32,11,0.0386,1.2494,2.1955,0.2558,0.4286,nan,nan,nan,nan,0
none,cage,4,1,resnet,False,solarisation,lr,1e-05,0.0001,32,12,0.0340,1.1397,2.0363,0.2558,0.4246,nan,nan,nan,nan,0
none,cage,4,1,resnet,False,solarisation,lr,1e-05,0.0001,32,13,0.0298,1.1451,1.6216,0.6279,0.4087,nan,nan,nan,nan,0
none,cage,4,1,resnet,False,solarisation,lr,1e-05,0.0001,32,14,0.0230,0.9872,1.5523,0.4884,0.4087,nan,nan,nan,nan,0
none,cage,4,1,resnet,False,solarisation,lr,1e-05,0.0001,32,15,0.0158,1.1199,2.0161,0.2558,0.4683,nan,nan,nan,nan,0
none,cage,4,1,resnet,False,solarisation,lr,1e-05,0.0001,32,16,0.0113,1.2741,2.3102,0.2791,0.4444,nan,nan,nan,nan,0
none,cage,4,2,resnet,False,solarisation,lr,1e-05,0.0001,32,1,0.7145,0.7092,0.6620,0.7857,0.4853,nan,nan,nan,nan,0
none,cage,4,2,resnet,False,solarisation,lr,1e-05,0.0001,32,2,0.6820,0.6969,0.7072,0.5000,0.4743,nan,nan,nan,nan,0
none,cage,4,2,resnet,False,solarisation,lr,1e-05,0.0001,32,3,0.6500,0.7076,0.6811,0.6667,0.5147,nan,nan,nan,nan,0
none,cage,4,2,resnet,False,solarisation,lr,1e-05,0.0001,32,4,0.6070,0.7310,0.7678,0.5952,0.5184,nan,nan,nan,nan,0
none,cage,4,2,resnet,False,solarisation,lr,1e-05,0.0001,32,5,0.5121,0.7112,0.8585,0.5476,0.5478,nan,nan,nan,nan,1
none,cage,4,2,resnet,False,solarisation,lr,1e-05,0.0001,32,6,0.3887,0.8632,0.7790,0.7619,0.5221,nan,nan,nan,nan,1
none,cage,4,2,resnet,False,solarisation,lr,1e-05,0.0001,32,7,0.2515,0.7447,1.0962,0.4286,0.5662,nan,nan,nan,nan,1
none,cage,4,2,resnet,False,solarisation,lr,1e-05,0.0001,32,8,0.1735,0.8652,0.9000,0.7857,0.6507,1.1163,1.1251,0.7674,0.3536,1
none,cage,4,2,resnet,False,solarisation,lr,1e-05,0.0001,32,9,0.1115,1.0222,1.0917,0.6905,0.5074,nan,nan,nan,nan,0
none,cage,4,2,resnet,False,solarisation,lr,1e-05,0.0001,32,10,0.0751,1.3416,1.2366,0.7619,0.5588,nan,nan,nan,nan,0
none,cage,4,2,resnet,False,solarisation,lr,1e-05,0.0001,32,11,0.0517,1.1080,1.2455,0.6429,0.4596,nan,nan,nan,nan,0
none,cage,4,2,resnet,False,solarisation,lr,1e-05,0.0001,32,12,0.0340,0.9788,1.4802,0.5000,0.4596,nan,nan,nan,nan,0
none,cage,4,2,resnet,False,solarisation,lr,1e-05,0.0001,32,13,0.0265,1.2088,1.3065,0.7619,0.5588,nan,nan,nan,nan,0
none,cage,4,2,resnet,False,solarisation,lr,1e-05,0.0001,32,14,0.0199,1.3802,1.3050,0.7619,0.5588,nan,nan,nan,nan,0
none,cage,4,2,resnet,False,solarisation,lr,1e-05,0.0001,32,15,0.0172,1.2401,1.3431,0.7381,0.4963,nan,nan,nan,nan,0
none,cage,4,2,resnet,False,solarisation,lr,1e-05,0.0001,32,16,0.0158,1.4678,1.3208,0.8095,0.5147,nan,nan,nan,nan,0
none,cage,4,3,resnet,False,solarisation,lr,1e-05,0.0001,32,1,0.7144,0.6965,0.6415,0.8333,0.5837,nan,nan,nan,nan,0
none,cage,4,3,resnet,False,solarisation,lr,1e-05,0.0001,32,2,0.6880,0.6965,0.7192,0.4048,0.4980,nan,nan,nan,nan,0
none,cage,4,3,resnet,False,solarisation,lr,1e-05,0.0001,32,3,0.6678,0.7033,0.6304,0.8333,0.5633,nan,nan,nan,nan,0
none,cage,4,3,resnet,False,solarisation,lr,1e-05,0.0001,32,4,0.6276,0.6880,0.6374,0.8095,0.6000,nan,nan,nan,nan,0
none,cage,4,3,resnet,False,solarisation,lr,1e-05,0.0001,32,5,0.5447,0.6834,0.7260,0.5714,0.5673,nan,nan,nan,nan,1
none,cage,4,3,resnet,False,solarisation,lr,1e-05,0.0001,32,6,0.4426,0.7128,0.8790,0.3810,0.6571,nan,nan,nan,nan,1
none,cage,4,3,resnet,False,solarisation,lr,1e-05,0.0001,32,7,0.2895,1.1204,0.9204,0.8571,0.6163,nan,nan,nan,nan,1
none,cage,4,3,resnet,False,solarisation,lr,1e-05,0.0001,32,8,0.1920,0.8216,1.3259,0.2857,0.6163,0.8967,1.5099,0.2558,0.4571,1
none,cage,4,3,resnet,False,solarisation,lr,1e-05,0.0001,32,9,0.1164,0.8872,1.0722,0.8095,0.5673,nan,nan,nan,nan,0
none,cage,4,3,resnet,False,solarisation,lr,1e-05,0.0001,32,10,0.0720,0.9295,1.3218,0.6190,0.5469,nan,nan,nan,nan,0
none,cage,4,3,resnet,False,solarisation,lr,1e-05,0.0001,32,11,0.0527,0.8949,1.4567,0.3571,0.5469,nan,nan,nan,nan,0
none,cage,4,3,resnet,False,solarisation,lr,1e-05,0.0001,32,12,0.0348,1.1284,1.2815,0.7857,0.5388,nan,nan,nan,nan,0
none,cage,4,3,resnet,False,solarisation,lr,1e-05,0.0001,32,13,0.0294,0.9599,1.2779,0.7857,0.5878,nan,nan,nan,nan,0
none,cage,4,3,resnet,False,solarisation,lr,1e-05,0.0001,32,14,0.0251,0.9478,1.4840,0.6190,0.5714,nan,nan,nan,nan,0
none,cage,4,3,resnet,False,solarisation,lr,1e-05,0.0001,32,15,0.0228,1.0023,1.4420,0.7143,0.5714,nan,nan,nan,nan,0
none,cage,4,3,resnet,False,solarisation,lr,1e-05,0.0001,32,16,0.0151,1.0239,1.5273,0.7857,0.5388,nan,nan,nan,nan,0
none,cage,4,5,resnet,False,solarisation,lr,1e-05,0.0001,32,1,0.7077,0.7504,0.6794,0.7750,0.4050,nan,nan,nan,nan,0
none,cage,4,5,resnet,False,solarisation,lr,1e-05,0.0001,32,2,0.6902,0.7536,0.6878,0.7250,0.4373,nan,nan,nan,nan,0
none,cage,4,5,resnet,False,solarisation,lr,1e-05,0.0001,32,3,0.6607,0.7366,0.7036,0.5750,0.4480,nan,nan,nan,nan,0
none,cage,4,5,resnet,False,solarisation,lr,1e-05,0.0001,32,4,0.6128,1.1906,0.8270,0.7750,0.3441,nan,nan,nan,nan,0
none,cage,4,5,resnet,False,solarisation,lr,1e-05,0.0001,32,5,0.5314,1.4573,0.9804,0.7750,0.2473,nan,nan,nan,nan,1
none,cage,4,5,resnet,False,solarisation,lr,1e-05,0.0001,32,6,0.3958,1.1507,1.0705,0.7500,0.3656,nan,nan,nan,nan,0
none,cage,4,5,resnet,False,solarisation,lr,1e-05,0.0001,32,7,0.2674,2.7483,1.7997,0.7750,0.3441,nan,nan,nan,nan,0
none,cage,4,5,resnet,False,solarisation,lr,1e-05,0.0001,32,8,0.1656,2.6165,1.7491,0.7750,0.3728,nan,nan,nan,nan,0
none,cage,4,5,resnet,False,solarisation,lr,1e-05,0.0001,32,9,0.1203,4.3103,2.7027,0.7750,0.3226,nan,nan,nan,nan,0
none,cage,4,5,resnet,False,solarisation,lr,1e-05,0.0001,32,10,0.0711,2.8962,2.0790,0.7750,0.3943,nan,nan,nan,nan,0
none,cage,4,5,resnet,False,solarisation,lr,1e-05,0.0001,32,11,0.0524,4.0553,2.6052,0.7750,0.3513,nan,nan,nan,nan,0
none,cage,4,5,resnet,False,solarisation,lr,1e-05,0.0001,32,12,0.0375,3.9488,2.5707,0.7750,0.3226,nan,nan,nan,nan,0
none,cage,4,5,resnet,False,solarisation,lr,1e-05,0.0001,32,13,0.0321,3.0953,2.1879,0.7750,0.3978,nan,nan,nan,nan,0
none,cage,4,5,resnet,False,solarisation,lr,1e-05,0.0001,32,14,0.0204,4.2769,2.7775,0.7750,0.4050,nan,nan,nan,nan,0
none,cage,4,5,resnet,False,solarisation,lr,1e-05,0.0001,32,15,0.0205,2.9205,2.1580,0.7750,0.4014,nan,nan,nan,nan,0
none,cage,4,5,resnet,False,solarisation,lr,1e-05,0.0001,32,16,0.0159,4.4553,2.8686,0.7750,0.3835,nan,nan,nan,nan,1
none,cage,4,5,resnet,False,solarisation,lr,1e-05,0.0001,32,17,0.0137,4.0505,2.6844,0.7750,0.4265,nan,nan,nan,nan,1
none,cage,4,5,resnet,False,solarisation,lr,1e-05,0.0001,32,18,0.0102,3.5012,2.5439,0.7750,0.3548,nan,nan,nan,nan,0
none,cage,4,5,resnet,False,solarisation,lr,1e-05,0.0001,32,19,0.0093,4.7484,3.0803,0.7750,0.4158,nan,nan,nan,nan,0
none,cage,4,5,resnet,False,solarisation,lr,1e-05,0.0001,32,20,0.0080,4.2244,2.7817,0.7750,0.4265,nan,nan,nan,nan,0
none,cage,4,5,resnet,False,solarisation,lr,1e-05,0.0001,32,21,0.0083,3.4519,2.4762,0.7750,0.4444,nan,nan,nan,nan,1
none,cage,4,5,resnet,False,solarisation,lr,1e-05,0.0001,32,22,0.0067,4.5586,2.9679,0.7750,0.4373,nan,nan,nan,nan,0
none,cage,4,5,resnet,False,solarisation,lr,1e-05,0.0001,32,23,0.0070,5.1740,3.2778,0.7750,0.4695,4.5898,3.5753,0.8140,0.4571,1
none,cage,4,5,resnet,False,solarisation,lr,1e-05,0.0001,32,24,0.0089,2.8679,2.3481,0.7500,0.3799,nan,nan,nan,nan,0
none,cage,4,5,resnet,False,solarisation,lr,1e-05,0.0001,32,25,0.0619,4.2780,2.8981,0.7750,0.3620,nan,nan,nan,nan,0
none,cage,4,5,resnet,False,solarisation,lr,1e-05,0.0001,32,26,0.0399,3.5440,2.5835,0.7750,0.3513,nan,nan,nan,nan,0
none,cage,4,5,resnet,False,solarisation,lr,1e-05,0.0001,32,27,0.0142,4.7880,3.1470,0.7750,0.3728,nan,nan,nan,nan,0
none,cage,4,5,resnet,False,solarisation,lr,1e-05,0.0001,32,28,0.0083,5.3717,3.5351,0.7750,0.4050,nan,nan,nan,nan,0
none,cage,4,6,resnet,False,solarisation,lr,1e-05,0.0001,32,1,0.7153,0.7206,0.7741,0.1463,0.5429,nan,nan,nan,nan,0
none,cage,4,6,resnet,False,solarisation,lr,1e-05,0.0001,32,2,0.6935,0.6980,0.6821,0.7805,0.3762,nan,nan,nan,nan,0
none,cage,4,6,resnet,False,solarisation,lr,1e-05,0.0001,32,3,0.6601,0.6956,0.6871,0.7317,0.4476,nan,nan,nan,nan,0
none,cage,4,6,resnet,False,solarisation,lr,1e-05,0.0001,32,4,0.6063,0.7249,0.6819,0.8049,0.4048,nan,nan,nan,nan,0
none,cage,4,6,resnet,False,solarisation,lr,1e-05,0.0001,32,5,0.5339,0.8402,0.9992,0.1463,0.3857,0.7522,0.9163,0.1860,0.5500,1
none,cage,4,6,resnet,False,solarisation,lr,1e-05,0.0001,32,6,0.4096,0.7869,0.9237,0.4390,0.4571,nan,nan,nan,nan,0
none,cage,4,6,resnet,False,solarisation,lr,1e-05,0.0001,32,7,0.2829,1.1248,0.9737,0.8537,0.3286,nan,nan,nan,nan,0
none,cage,4,6,resnet,False,solarisation,lr,1e-05,0.0001,32,8,0.1896,1.3397,1.1458,0.8537,0.3524,nan,nan,nan,nan,0
none,cage,4,6,resnet,False,solarisation,lr,1e-05,0.0001,32,9,0.1171,2.3185,1.5741,0.8537,0.3476,nan,nan,nan,nan,0
none,cage,4,6,resnet,False,solarisation,lr,1e-05,0.0001,32,10,0.0803,2.0552,1.5191,0.8537,0.3571,nan,nan,nan,nan,0
none,cage,4,6,resnet,False,solarisation,lr,1e-05,0.0001,32,11,0.0548,1.9038,1.5123,0.8537,0.4000,nan,nan,nan,nan,0
none,cage,4,6,resnet,False,solarisation,lr,1e-05,0.0001,32,12,0.0435,1.9491,1.4831,0.8537,0.4000,nan,nan,nan,nan,0
none,cage,4,6,resnet,False,solarisation,lr,1e-05,0.0001,32,13,0.0274,3.6341,2.3813,0.8537,0.3714,nan,nan,nan,nan,0
none,cage,4,6,resnet,False,solarisation,lr,1e-05,0.0001,32,14,0.0260,2.7292,1.9050,0.8537,0.3762,nan,nan,nan,nan,0
none,cage,4,6,resnet,False,solarisation,lr,1e-05,0.0001,32,15,0.0158,2.8471,1.9381,0.8537,0.3762,nan,nan,nan,nan,0
none,cage,4,6,resnet,False,solarisation,lr,1e-05,0.0001,32,16,0.0143,2.2242,1.7246,0.8537,0.4190,nan,nan,nan,nan,0
none,cage,4,7,resnet,False,solarisation,lr,1e-05,0.0001,32,1,0.7148,0.7180,0.6309,0.8182,0.5694,nan,nan,nan,nan,0
none,cage,4,7,resnet,False,solarisation,lr,1e-05,0.0001,32,2,0.6875,0.7102,0.6851,0.6591,0.4618,nan,nan,nan,nan,0
none,cage,4,7,resnet,False,solarisation,lr,1e-05,0.0001,32,3,0.6580,0.7444,0.6235,0.7955,0.5729,nan,nan,nan,nan,0
none,cage,4,7,resnet,False,solarisation,lr,1e-05,0.0001,32,4,0.6157,0.7315,0.7282,0.6591,0.4514,nan,nan,nan,nan,0
none,cage,4,7,resnet,False,solarisation,lr,1e-05,0.0001,32,5,0.5318,0.7517,0.8281,0.5682,0.4583,nan,nan,nan,nan,1
none,cage,4,7,resnet,False,solarisation,lr,1e-05,0.0001,32,6,0.4097,0.9307,0.8824,0.8182,0.5104,nan,nan,nan,nan,0
none,cage,4,7,resnet,False,solarisation,lr,1e-05,0.0001,32,7,0.2774,1.0525,0.8618,0.7955,0.4792,nan,nan,nan,nan,0
none,cage,4,7,resnet,False,solarisation,lr,1e-05,0.0001,32,8,0.1690,1.7434,1.1282,0.7955,0.4653,nan,nan,nan,nan,0
none,cage,4,7,resnet,False,solarisation,lr,1e-05,0.0001,32,9,0.1092,1.3088,1.0500,0.7955,0.5174,nan,nan,nan,nan,0
none,cage,4,7,resnet,False,solarisation,lr,1e-05,0.0001,32,10,0.0643,1.7401,1.1722,0.8182,0.4896,nan,nan,nan,nan,0
none,cage,4,7,resnet,False,solarisation,lr,1e-05,0.0001,32,11,0.0460,1.7042,1.2108,0.7955,0.5069,nan,nan,nan,nan,0
none,cage,4,7,resnet,False,solarisation,lr,1e-05,0.0001,32,12,0.0355,2.4227,1.4194,0.8182,0.5104,nan,nan,nan,nan,0
none,cage,4,7,resnet,False,solarisation,lr,1e-05,0.0001,32,13,0.0244,2.3737,1.4171,0.8182,0.5035,nan,nan,nan,nan,0
none,cage,4,7,resnet,False,solarisation,lr,1e-05,0.0001,32,14,0.0207,1.5314,1.2966,0.8409,0.5312,nan,nan,nan,nan,1
none,cage,4,7,resnet,False,solarisation,lr,1e-05,0.0001,32,15,0.0203,2.3307,1.4483,0.8182,0.4792,nan,nan,nan,nan,0
none,cage,4,7,resnet,False,solarisation,lr,1e-05,0.0001,32,16,0.0117,1.9772,1.3736,0.7955,0.5208,nan,nan,nan,nan,0
none,cage,4,7,resnet,False,solarisation,lr,1e-05,0.0001,32,17,0.0126,2.8172,1.5794,0.8182,0.5243,nan,nan,nan,nan,0
none,cage,4,7,resnet,False,solarisation,lr,1e-05,0.0001,32,18,0.0099,2.3705,1.4919,0.7955,0.5243,nan,nan,nan,nan,1
none,cage,4,7,resnet,False,solarisation,lr,1e-05,0.0001,32,19,0.0093,2.9627,1.6703,0.8182,0.5208,nan,nan,nan,nan,0
none,cage,4,7,resnet,False,solarisation,lr,1e-05,0.0001,32,20,0.0087,3.2315,1.7684,0.8182,0.5278,nan,nan,nan,nan,1
none,cage,4,7,resnet,False,solarisation,lr,1e-05,0.0001,32,21,0.0057,2.7680,1.6062,0.8182,0.5382,nan,nan,nan,nan,0
none,cage,4,7,resnet,False,solarisation,lr,1e-05,0.0001,32,22,0.0062,2.4369,1.5749,0.8182,0.5035,nan,nan,nan,nan,0
none,cage,4,7,resnet,False,solarisation,lr,1e-05,0.0001,32,23,0.0043,2.3412,1.5567,0.7955,0.5208,nan,nan,nan,nan,0
none,cage,4,7,resnet,False,solarisation,lr,1e-05,0.0001,32,24,0.0043,2.8928,1.7137,0.8182,0.5417,nan,nan,nan,nan,0
none,cage,4,7,resnet,False,solarisation,lr,1e-05,0.0001,32,25,0.0047,2.4701,1.5574,0.8182,0.5556,nan,nan,nan,nan,1
none,cage,4,7,resnet,False,solarisation,lr,1e-05,0.0001,32,26,0.0053,2.0564,1.4374,0.7955,0.5660,nan,nan,nan,nan,1
none,cage,4,7,resnet,False,solarisation,lr,1e-05,0.0001,32,27,0.0893,2.4805,1.5425,0.8182,0.6076,nan,nan,nan,nan,1
none,cage,4,7,resnet,False,solarisation,lr,1e-05,0.0001,32,28,0.0397,1.7671,1.5208,0.8182,0.5903,nan,nan,nan,nan,1
none,cage,4,7,resnet,False,solarisation,lr,1e-05,0.0001,32,29,0.0146,2.4613,1.6071,0.8182,0.5764,nan,nan,nan,nan,1
none,cage,4,7,resnet,False,solarisation,lr,1e-05,0.0001,32,30,0.0085,2.5265,1.6384,0.8182,0.5729,nan,nan,nan,nan,0
none,cage,4,7,resnet,False,solarisation,lr,1e-05,0.0001,32,31,0.0054,2.2684,1.5174,0.8182,0.5868,2.9209,2.5307,0.8140,0.3929,1
none,cage,4,7,resnet,False,solarisation,lr,1e-05,0.0001,32,32,0.0044,3.0612,1.7875,0.8182,0.5868,nan,nan,nan,nan,0
none,cage,4,7,resnet,False,solarisation,lr,1e-05,0.0001,32,33,0.0041,2.9000,1.7754,0.8182,0.5833,nan,nan,nan,nan,0
none,cage,4,7,resnet,False,solarisation,lr,1e-05,0.0001,32,34,0.0039,3.6390,2.0278,0.8182,0.5694,nan,nan,nan,nan,0
none,cage,4,7,resnet,False,solarisation,lr,1e-05,0.0001,32,35,0.0037,2.8858,1.7834,0.8182,0.5625,nan,nan,nan,nan,0
none,cage,4,7,resnet,False,solarisation,lr,1e-05,0.0001,32,36,0.0035,2.9715,1.7751,0.8182,0.5694,nan,nan,nan,nan,0
none,cage,4,8,resnet,False,solarisation,lr,1e-05,0.0001,32,1,0.7238,0.7013,0.6443,0.7872,0.5545,nan,nan,nan,nan,0
none,cage,4,8,resnet,False,solarisation,lr,1e-05,0.0001,32,2,0.6873,0.7164,0.6124,0.8298,0.5673,nan,nan,nan,nan,0
none,cage,4,8,resnet,False,solarisation,lr,1e-05,0.0001,32,3,0.6575,0.6928,0.6409,0.7872,0.5929,nan,nan,nan,nan,0
none,cage,4,8,resnet,False,solarisation,lr,1e-05,0.0001,32,4,0.6128,0.7212,0.6276,0.8298,0.6250,nan,nan,nan,nan,0
none,cage,4,8,resnet,False,solarisation,lr,1e-05,0.0001,32,5,0.5270,0.8304,0.6654,0.8298,0.6346,nan,nan,nan,nan,1
none,cage,4,8,resnet,False,solarisation,lr,1e-05,0.0001,32,6,0.4169,1.5824,0.9112,0.8298,0.5737,nan,nan,nan,nan,0
none,cage,4,8,resnet,False,solarisation,lr,1e-05,0.0001,32,7,0.2722,1.6778,1.0217,0.8298,0.6122,1.6172,1.3834,0.8140,0.6214,1
none,cage,4,8,resnet,False,solarisation,lr,1e-05,0.0001,32,8,0.1849,1.8438,1.1249,0.8298,0.5000,nan,nan,nan,nan,0
none,cage,4,8,resnet,False,solarisation,lr,1e-05,0.0001,32,9,0.1174,2.1716,1.3287,0.8298,0.4840,nan,nan,nan,nan,0
none,cage,4,8,resnet,False,solarisation,lr,1e-05,0.0001,32,10,0.0837,2.1086,1.3074,0.8298,0.5353,nan,nan,nan,nan,0
none,cage,4,8,resnet,False,solarisation,lr,1e-05,0.0001,32,11,0.0558,1.7950,1.2722,0.8085,0.5641,nan,nan,nan,nan,0
none,cage,4,8,resnet,False,solarisation,lr,1e-05,0.0001,32,12,0.0408,2.4933,1.4717,0.8298,0.5577,nan,nan,nan,nan,0
none,cage,4,8,resnet,False,solarisation,lr,1e-05,0.0001,32,13,0.0300,2.7345,1.5989,0.8298,0.5513,nan,nan,nan,nan,0
none,cage,4,8,resnet,False,solarisation,lr,1e-05,0.0001,32,14,0.0213,2.5806,1.5683,0.8298,0.5641,nan,nan,nan,nan,0
none,cage,4,8,resnet,False,solarisation,lr,1e-05,0.0001,32,15,0.0171,2.2248,1.5130,0.8085,0.5545,nan,nan,nan,nan,0
none,cage,4,8,resnet,False,solarisation,lr,1e-05,0.0001,32,16,0.0149,3.1124,1.7783,0.8298,0.5449,nan,nan,nan,nan,0
none,cage,4,9,resnet,False,solarisation,lr,1e-05,0.0001,32,1,0.7168,0.7136,0.6934,0.6190,0.4512,nan,nan,nan,nan,0
none,cage,4,9,resnet,False,solarisation,lr,1e-05,0.0001,32,2,0.6793,0.7291,0.6881,0.7381,0.3434,nan,nan,nan,nan,0
none,cage,4,9,resnet,False,solarisation,lr,1e-05,0.0001,32,3,0.6511,0.7803,0.6918,0.7381,0.3434,nan,nan,nan,nan,0
none,cage,4,9,resnet,False,solarisation,lr,1e-05,0.0001,32,4,0.5899,0.9494,0.7119,0.7619,0.3468,nan,nan,nan,nan,0
none,cage,4,9,resnet,False,solarisation,lr,1e-05,0.0001,32,5,0.4962,0.7486,0.9216,0.2619,0.3939,0.6751,0.8332,0.3023,0.6429,1
none,cage,4,9,resnet,False,solarisation,lr,1e-05,0.0001,32,6,0.3578,0.8553,1.1168,0.3095,0.3805,nan,nan,nan,nan,0
none,cage,4,9,resnet,False,solarisation,lr,1e-05,0.0001,32,7,0.2411,1.2392,1.0289,0.7381,0.3805,nan,nan,nan,nan,0
none,cage,4,9,resnet,False,solarisation,lr,1e-05,0.0001,32,8,0.1578,1.0029,1.4296,0.3095,0.3569,nan,nan,nan,nan,0
none,cage,4,9,resnet,False,solarisation,lr,1e-05,0.0001,32,9,0.0938,1.4080,1.3392,0.6905,0.3872,nan,nan,nan,nan,0
none,cage,4,9,resnet,False,solarisation,lr,1e-05,0.0001,32,10,0.0583,3.1146,1.7452,0.7619,0.3401,nan,nan,nan,nan,0
none,cage,4,9,resnet,False,solarisation,lr,1e-05,0.0001,32,11,0.0450,2.0261,1.4996,0.7143,0.3434,nan,nan,nan,nan,0
none,cage,4,9,resnet,False,solarisation,lr,1e-05,0.0001,32,12,0.0400,2.4985,1.5847,0.7381,0.3300,nan,nan,nan,nan,0
none,cage,4,9,resnet,False,solarisation,lr,1e-05,0.0001,32,13,0.0299,2.2854,1.5743,0.7381,0.3468,nan,nan,nan,nan,0
none,cage,4,9,resnet,False,solarisation,lr,1e-05,0.0001,32,14,0.0223,1.8847,1.5521,0.7143,0.3838,nan,nan,nan,nan,0
none,cage,4,9,resnet,False,solarisation,lr,1e-05,0.0001,32,15,0.0155,2.3043,1.6134,0.7381,0.3704,nan,nan,nan,nan,0
none,cage,4,9,resnet,False,solarisation,lr,1e-05,0.0001,32,16,0.0124,2.0186,1.6318,0.7143,0.3535,nan,nan,nan,nan,0
none,cage,5,0,resnet,False,solarisation,lr,1e-05,0.0001,32,1,0.7144,0.7037,0.6608,0.8372,0.4048,nan,nan,nan,nan,0
none,cage,5,0,resnet,False,solarisation,lr,1e-05,0.0001,32,2,0.6879,0.7148,0.6487,0.8140,0.4841,nan,nan,nan,nan,0
none,cage,5,0,resnet,False,solarisation,lr,1e-05,0.0001,32,3,0.6537,0.7092,0.7057,0.6279,0.4841,nan,nan,nan,nan,0
none,cage,5,0,resnet,False,solarisation,lr,1e-05,0.0001,32,4,0.6133,0.8078,0.6977,0.8140,0.3452,nan,nan,nan,nan,0
none,cage,5,0,resnet,False,solarisation,lr,1e-05,0.0001,32,5,0.5150,1.2925,0.9374,0.8372,0.3770,nan,nan,nan,nan,1
none,cage,5,0,resnet,False,solarisation,lr,1e-05,0.0001,32,6,0.4056,1.1640,0.9457,0.8140,0.4048,nan,nan,nan,nan,0
none,cage,5,0,resnet,False,solarisation,lr,1e-05,0.0001,32,7,0.2760,1.5499,1.2154,0.8140,0.4167,nan,nan,nan,nan,0
none,cage,5,0,resnet,False,solarisation,lr,1e-05,0.0001,32,8,0.1819,1.6665,1.3163,0.8140,0.5119,nan,nan,nan,nan,0
none,cage,5,0,resnet,False,solarisation,lr,1e-05,0.0001,32,9,0.1139,1.3591,1.2287,0.7907,0.5476,nan,nan,nan,nan,1
none,cage,5,0,resnet,False,solarisation,lr,1e-05,0.0001,32,10,0.0741,1.9825,1.5048,0.8140,0.5437,nan,nan,nan,nan,1
none,cage,5,0,resnet,False,solarisation,lr,1e-05,0.0001,32,11,0.0492,1.5758,1.4843,0.8140,0.4722,nan,nan,nan,nan,1
none,cage,5,0,resnet,False,solarisation,lr,1e-05,0.0001,32,12,0.0372,1.8881,1.5246,0.8140,0.5675,nan,nan,nan,nan,1
none,cage,5,0,resnet,False,solarisation,lr,1e-05,0.0001,32,13,0.0265,2.3980,1.7704,0.8372,0.5833,nan,nan,nan,nan,1
none,cage,5,0,resnet,False,solarisation,lr,1e-05,0.0001,32,14,0.0259,1.9126,1.5777,0.8140,0.6151,nan,nan,nan,nan,1
none,cage,5,0,resnet,False,solarisation,lr,1e-05,0.0001,32,15,0.0221,1.7528,1.5054,0.8140,0.6032,nan,nan,nan,nan,1
none,cage,5,0,resnet,False,solarisation,lr,1e-05,0.0001,32,16,0.0154,1.6575,1.5893,0.7907,0.5873,1.7866,1.6702,0.7500,0.5054,1
none,cage,5,0,resnet,False,solarisation,lr,1e-05,0.0001,32,17,0.0153,1.7214,1.6398,0.7907,0.5675,nan,nan,nan,nan,0
none,cage,5,0,resnet,False,solarisation,lr,1e-05,0.0001,32,18,0.0098,2.1102,1.7104,0.8140,0.5992,nan,nan,nan,nan,0
none,cage,5,0,resnet,False,solarisation,lr,1e-05,0.0001,32,19,0.0068,1.9933,1.7399,0.8140,0.5992,nan,nan,nan,nan,0
none,cage,5,0,resnet,False,solarisation,lr,1e-05,0.0001,32,20,0.0060,2.0579,1.7410,0.8140,0.5913,nan,nan,nan,nan,0
none,cage,5,0,resnet,False,solarisation,lr,1e-05,0.0001,32,21,0.0059,1.9183,1.7533,0.7907,0.6190,nan,nan,nan,nan,0
none,cage,5,1,resnet,False,solarisation,lr,1e-05,0.0001,32,1,0.7078,0.6937,0.6867,0.6047,0.5000,nan,nan,nan,nan,0
none,cage,5,1,resnet,False,solarisation,lr,1e-05,0.0001,32,2,0.6870,0.6904,0.6900,0.6047,0.5357,nan,nan,nan,nan,0
none,cage,5,1,resnet,False,solarisation,lr,1e-05,0.0001,32,3,0.6523,0.6977,0.7313,0.3023,0.5198,nan,nan,nan,nan,0
none,cage,5,1,resnet,False,solarisation,lr,1e-05,0.0001,32,4,0.5974,0.7082,0.8117,0.2558,0.5000,nan,nan,nan,nan,0
none,cage,5,1,resnet,False,solarisation,lr,1e-05,0.0001,32,5,0.5081,0.7816,0.7413,0.7442,0.4444,0.9448,0.8510,0.7250,0.3190,1
none,cage,5,1,resnet,False,solarisation,lr,1e-05,0.0001,32,6,0.3703,0.7322,1.0058,0.4419,0.4960,nan,nan,nan,nan,0
none,cage,5,1,resnet,False,solarisation,lr,1e-05,0.0001,32,7,0.2392,1.1145,0.8931,0.8372,0.4206,nan,nan,nan,nan,0
none,cage,5,1,resnet,False,solarisation,lr,1e-05,0.0001,32,8,0.1532,1.0773,1.0174,0.7674,0.4524,nan,nan,nan,nan,0
none,cage,5,1,resnet,False,solarisation,lr,1e-05,0.0001,32,9,0.0984,1.1926,1.0311,0.8140,0.4722,nan,nan,nan,nan,0
none,cage,5,1,resnet,False,solarisation,lr,1e-05,0.0001,32,10,0.0642,1.3016,1.1293,0.8140,0.4643,nan,nan,nan,nan,0
none,cage,5,1,resnet,False,solarisation,lr,1e-05,0.0001,32,11,0.0475,1.1190,1.3380,0.6744,0.4643,nan,nan,nan,nan,0
none,cage,5,1,resnet,False,solarisation,lr,1e-05,0.0001,32,12,0.0351,1.2423,1.4518,0.6744,0.4683,nan,nan,nan,nan,0
none,cage,5,1,resnet,False,solarisation,lr,1e-05,0.0001,32,13,0.0325,1.7110,1.3252,0.7907,0.4722,nan,nan,nan,nan,0
none,cage,5,1,resnet,False,solarisation,lr,1e-05,0.0001,32,14,0.0270,2.6409,1.6407,0.8372,0.4683,nan,nan,nan,nan,0
none,cage,5,1,resnet,False,solarisation,lr,1e-05,0.0001,32,15,0.0286,1.2600,1.5608,0.6279,0.4802,nan,nan,nan,nan,0
none,cage,5,1,resnet,False,solarisation,lr,1e-05,0.0001,32,16,0.0223,2.1456,1.5254,0.8372,0.4683,nan,nan,nan,nan,0
none,cage,5,2,resnet,False,solarisation,lr,1e-05,0.0001,32,1,0.7166,0.6989,0.7111,0.4286,0.4559,nan,nan,nan,nan,0
none,cage,5,2,resnet,False,solarisation,lr,1e-05,0.0001,32,2,0.6794,0.7275,0.6274,0.8095,0.6360,nan,nan,nan,nan,0
none,cage,5,2,resnet,False,solarisation,lr,1e-05,0.0001,32,3,0.6552,0.6962,0.6478,0.7857,0.6176,nan,nan,nan,nan,0
none,cage,5,2,resnet,False,solarisation,lr,1e-05,0.0001,32,4,0.5905,0.7712,0.6378,0.7857,0.6213,nan,nan,nan,nan,0
none,cage,5,2,resnet,False,solarisation,lr,1e-05,0.0001,32,5,0.4925,0.7097,0.6803,0.7619,0.6434,nan,nan,nan,nan,1
none,cage,5,2,resnet,False,solarisation,lr,1e-05,0.0001,32,6,0.3463,1.5359,0.9850,0.8095,0.5515,1.7192,1.1565,0.7750,0.4767,1
none,cage,5,2,resnet,False,solarisation,lr,1e-05,0.0001,32,7,0.2245,1.1636,0.9096,0.8095,0.5551,nan,nan,nan,nan,0
none,cage,5,2,resnet,False,solarisation,lr,1e-05,0.0001,32,8,0.1361,1.8211,1.2241,0.7857,0.5221,nan,nan,nan,nan,0
none,cage,5,2,resnet,False,solarisation,lr,1e-05,0.0001,32,9,0.0876,1.7817,1.2464,0.8095,0.5331,nan,nan,nan,nan,0
none,cage,5,2,resnet,False,solarisation,lr,1e-05,0.0001,32,10,0.0606,2.4035,1.5420,0.8095,0.5074,nan,nan,nan,nan,0
none,cage,5,2,resnet,False,solarisation,lr,1e-05,0.0001,32,11,0.0429,0.9433,1.3568,0.6429,0.4926,nan,nan,nan,nan,0
none,cage,5,2,resnet,False,solarisation,lr,1e-05,0.0001,32,12,0.0338,1.2990,1.3940,0.7619,0.4963,nan,nan,nan,nan,0
none,cage,5,2,resnet,False,solarisation,lr,1e-05,0.0001,32,13,0.0204,1.5583,1.4116,0.7857,0.5331,nan,nan,nan,nan,0
none,cage,5,2,resnet,False,solarisation,lr,1e-05,0.0001,32,14,0.0171,1.8796,1.4741,0.7857,0.5037,nan,nan,nan,nan,0
none,cage,5,2,resnet,False,solarisation,lr,1e-05,0.0001,32,15,0.0113,3.1141,1.8908,0.8095,0.5368,nan,nan,nan,nan,0
none,cage,5,2,resnet,False,solarisation,lr,1e-05,0.0001,32,16,0.0147,2.4934,1.7559,0.8095,0.5662,nan,nan,nan,nan,0
none,cage,5,3,resnet,False,solarisation,lr,1e-05,0.0001,32,1,0.7198,0.6937,0.7196,0.3333,0.5429,nan,nan,nan,nan,0
none,cage,5,3,resnet,False,solarisation,lr,1e-05,0.0001,32,2,0.6863,0.6967,0.6060,0.8333,0.7673,nan,nan,nan,nan,0
none,cage,5,3,resnet,False,solarisation,lr,1e-05,0.0001,32,3,0.6585,0.7022,0.5990,0.8333,0.6857,nan,nan,nan,nan,0
none,cage,5,3,resnet,False,solarisation,lr,1e-05,0.0001,32,4,0.6127,0.7040,0.6202,0.8333,0.6204,nan,nan,nan,nan,0
none,cage,5,3,resnet,False,solarisation,lr,1e-05,0.0001,32,5,0.5171,0.7435,0.6546,0.8333,0.5469,0.8791,0.7704,0.7750,0.2509,1
none,cage,5,3,resnet,False,solarisation,lr,1e-05,0.0001,32,6,0.3781,1.4550,0.9390,0.8333,0.5061,nan,nan,nan,nan,0
none,cage,5,3,resnet,False,solarisation,lr,1e-05,0.0001,32,7,0.2455,1.0572,0.8437,0.8333,0.6327,nan,nan,nan,nan,0
none,cage,5,3,resnet,False,solarisation,lr,1e-05,0.0001,32,8,0.1505,1.9670,1.2564,0.8333,0.5143,nan,nan,nan,nan,0
none,cage,5,3,resnet,False,solarisation,lr,1e-05,0.0001,32,9,0.0982,2.0235,1.2882,0.8333,0.5796,nan,nan,nan,nan,0
none,cage,5,3,resnet,False,solarisation,lr,1e-05,0.0001,32,10,0.0627,2.5754,1.5675,0.8333,0.5878,nan,nan,nan,nan,0
none,cage,5,3,resnet,False,solarisation,lr,1e-05,0.0001,32,11,0.0449,2.4068,1.5010,0.8333,0.5918,nan,nan,nan,nan,0
none,cage,5,3,resnet,False,solarisation,lr,1e-05,0.0001,32,12,0.0316,2.4753,1.5476,0.8333,0.5673,nan,nan,nan,nan,0
none,cage,5,3,resnet,False,solarisation,lr,1e-05,0.0001,32,13,0.0242,2.9959,1.8230,0.8333,0.6000,nan,nan,nan,nan,0
none,cage,5,3,resnet,False,solarisation,lr,1e-05,0.0001,32,14,0.0229,3.3998,2.0579,0.8333,0.5510,nan,nan,nan,nan,0
none,cage,5,3,resnet,False,solarisation,lr,1e-05,0.0001,32,15,0.0201,1.4743,1.1851,0.8095,0.5878,nan,nan,nan,nan,0
none,cage,5,3,resnet,False,solarisation,lr,1e-05,0.0001,32,16,0.0151,2.6367,1.6418,0.8333,0.5918,nan,nan,nan,nan,0
none,cage,5,4,resnet,False,solarisation,lr,1e-05,0.0001,32,1,0.7135,0.6940,0.6901,0.6977,0.5000,nan,nan,nan,nan,0
none,cage,5,4,resnet,False,solarisation,lr,1e-05,0.0001,32,2,0.6836,0.7151,0.6728,0.8140,0.5786,nan,nan,nan,nan,0
none,cage,5,4,resnet,False,solarisation,lr,1e-05,0.0001,32,3,0.6568,0.6999,0.6955,0.7209,0.5214,nan,nan,nan,nan,0
none,cage,5,4,resnet,False,solarisation,lr,1e-05,0.0001,32,4,0.6080,0.7066,0.6860,0.8140,0.6143,nan,nan,nan,nan,0
none,cage,5,4,resnet,False,solarisation,lr,1e-05,0.0001,32,5,0.5221,0.6583,0.7393,0.6977,0.6571,nan,nan,nan,nan,1
none,cage,5,4,resnet,False,solarisation,lr,1e-05,0.0001,32,6,0.3793,1.3653,1.1357,0.8140,0.6714,nan,nan,nan,nan,1
none,cage,5,4,resnet,False,solarisation,lr,1e-05,0.0001,32,7,0.2410,1.3759,1.1852,0.8140,0.6429,nan,nan,nan,nan,1
none,cage,5,4,resnet,False,solarisation,lr,1e-05,0.0001,32,8,0.1695,1.9163,1.5387,0.8140,0.5929,2.4959,1.6582,0.7750,0.3907,1
none,cage,5,4,resnet,False,solarisation,lr,1e-05,0.0001,32,9,0.1117,3.2647,2.4709,0.8140,0.5679,nan,nan,nan,nan,0
none,cage,5,4,resnet,False,solarisation,lr,1e-05,0.0001,32,10,0.0665,2.0266,1.6453,0.8140,0.6179,nan,nan,nan,nan,0
none,cage,5,4,resnet,False,solarisation,lr,1e-05,0.0001,32,11,0.0468,2.6894,2.0986,0.8140,0.6607,nan,nan,nan,nan,0
none,cage,5,4,resnet,False,solarisation,lr,1e-05,0.0001,32,12,0.0339,1.5711,1.5154,0.8140,0.6071,nan,nan,nan,nan,0
none,cage,5,4,resnet,False,solarisation,lr,1e-05,0.0001,32,13,0.0274,4.3649,3.2678,0.8140,0.5929,nan,nan,nan,nan,0
none,cage,5,4,resnet,False,solarisation,lr,1e-05,0.0001,32,14,0.0199,3.6192,2.7191,0.8140,0.5607,nan,nan,nan,nan,0
none,cage,5,4,resnet,False,solarisation,lr,1e-05,0.0001,32,15,0.0192,2.2712,1.8949,0.8140,0.6464,nan,nan,nan,nan,0
none,cage,5,4,resnet,False,solarisation,lr,1e-05,0.0001,32,16,0.0174,4.9862,3.7057,0.8140,0.5893,nan,nan,nan,nan,0
none,cage,5,6,resnet,False,solarisation,lr,1e-05,0.0001,32,1,0.7117,0.6906,0.6759,0.7073,0.4571,nan,nan,nan,nan,0
none,cage,5,6,resnet,False,solarisation,lr,1e-05,0.0001,32,2,0.6821,0.7015,0.6628,0.8537,0.3714,nan,nan,nan,nan,0
none,cage,5,6,resnet,False,solarisation,lr,1e-05,0.0001,32,3,0.6515,0.7699,0.6481,0.8537,0.4000,nan,nan,nan,nan,0
none,cage,5,6,resnet,False,solarisation,lr,1e-05,0.0001,32,4,0.6067,0.7123,0.7064,0.6341,0.4000,nan,nan,nan,nan,0
none,cage,5,6,resnet,False,solarisation,lr,1e-05,0.0001,32,5,0.5151,0.7429,0.8190,0.4878,0.4905,0.7985,0.8531,0.4000,0.2975,1
none,cage,5,6,resnet,False,solarisation,lr,1e-05,0.0001,32,6,0.3817,1.2456,0.9572,0.8537,0.3000,nan,nan,nan,nan,0
none,cage,5,6,resnet,False,solarisation,lr,1e-05,0.0001,32,7,0.2494,1.2014,1.0142,0.8537,0.4190,nan,nan,nan,nan,0
none,cage,5,6,resnet,False,solarisation,lr,1e-05,0.0001,32,8,0.1624,2.9739,1.9634,0.8537,0.3000,nan,nan,nan,nan,0
none,cage,5,6,resnet,False,solarisation,lr,1e-05,0.0001,32,9,0.1043,2.4985,1.7128,0.8537,0.3381,nan,nan,nan,nan,0
none,cage,5,6,resnet,False,solarisation,lr,1e-05,0.0001,32,10,0.0619,2.5832,1.7705,0.8537,0.3333,nan,nan,nan,nan,0
none,cage,5,6,resnet,False,solarisation,lr,1e-05,0.0001,32,11,0.0477,2.0895,1.5470,0.8537,0.3762,nan,nan,nan,nan,0
none,cage,5,6,resnet,False,solarisation,lr,1e-05,0.0001,32,12,0.0383,2.8705,1.9627,0.8537,0.3762,nan,nan,nan,nan,0
none,cage,5,6,resnet,False,solarisation,lr,1e-05,0.0001,32,13,0.0239,2.5280,1.7958,0.8537,0.3857,nan,nan,nan,nan,0
none,cage,5,6,resnet,False,solarisation,lr,1e-05,0.0001,32,14,0.0227,2.6939,1.8724,0.8537,0.3952,nan,nan,nan,nan,0
none,cage,5,6,resnet,False,solarisation,lr,1e-05,0.0001,32,15,0.0151,3.2725,2.2260,0.8537,0.3762,nan,nan,nan,nan,0
none,cage,5,6,resnet,False,solarisation,lr,1e-05,0.0001,32,16,0.0135,3.2376,2.2190,0.8537,0.3571,nan,nan,nan,nan,0
none,cage,5,7,resnet,False,solarisation,lr,1e-05,0.0001,32,1,0.7183,0.6854,0.6535,0.8182,0.7153,nan,nan,nan,nan,0
none,cage,5,7,resnet,False,solarisation,lr,1e-05,0.0001,32,2,0.6835,0.7069,0.6092,0.8182,0.6701,nan,nan,nan,nan,0
none,cage,5,7,resnet,False,solarisation,lr,1e-05,0.0001,32,3,0.6452,0.7014,0.6171,0.7955,0.6319,nan,nan,nan,nan,0
none,cage,5,7,resnet,False,solarisation,lr,1e-05,0.0001,32,4,0.6016,0.8819,0.6254,0.8182,0.5694,nan,nan,nan,nan,0
none,cage,5,7,resnet,False,solarisation,lr,1e-05,0.0001,32,5,0.5214,0.8086,0.6899,0.8636,0.5556,0.9722,0.8707,0.7750,0.4229,1
none,cage,5,7,resnet,False,solarisation,lr,1e-05,0.0001,32,6,0.3868,0.9004,0.7982,0.8409,0.5590,nan,nan,nan,nan,0
none,cage,5,7,resnet,False,solarisation,lr,1e-05,0.0001,32,7,0.2585,0.8638,0.9011,0.8182,0.5694,nan,nan,nan,nan,0
none,cage,5,7,resnet,False,solarisation,lr,1e-05,0.0001,32,8,0.1679,1.2253,1.0503,0.8636,0.5660,nan,nan,nan,nan,0
none,cage,5,7,resnet,False,solarisation,lr,1e-05,0.0001,32,9,0.1126,0.7784,1.5014,0.4545,0.5729,nan,nan,nan,nan,0
none,cage,5,7,resnet,False,solarisation,lr,1e-05,0.0001,32,10,0.0761,2.3008,1.3285,0.8182,0.5764,nan,nan,nan,nan,0
none,cage,5,7,resnet,False,solarisation,lr,1e-05,0.0001,32,11,0.0627,0.9996,1.2832,0.8409,0.5729,nan,nan,nan,nan,0
none,cage,5,7,resnet,False,solarisation,lr,1e-05,0.0001,32,12,0.0350,1.0966,1.2691,0.8409,0.5799,nan,nan,nan,nan,0
none,cage,5,7,resnet,False,solarisation,lr,1e-05,0.0001,32,13,0.0280,1.6660,1.2760,0.8636,0.5556,nan,nan,nan,nan,0
none,cage,5,7,resnet,False,solarisation,lr,1e-05,0.0001,32,14,0.0188,1.0866,1.3981,0.8182,0.5556,nan,nan,nan,nan,0
none,cage,5,7,resnet,False,solarisation,lr,1e-05,0.0001,32,15,0.0163,1.7314,1.3769,0.8636,0.5382,nan,nan,nan,nan,0
none,cage,5,7,resnet,False,solarisation,lr,1e-05,0.0001,32,16,0.0172,0.9755,1.6861,0.5909,0.5556,nan,nan,nan,nan,0
none,cage,5,8,resnet,False,solarisation,lr,1e-05,0.0001,32,1,0.7168,0.6992,0.7169,0.2979,0.4006,nan,nan,nan,nan,0
none,cage,5,8,resnet,False,solarisation,lr,1e-05,0.0001,32,2,0.6796,0.7081,0.7564,0.1915,0.4199,nan,nan,nan,nan,0
none,cage,5,8,resnet,False,solarisation,lr,1e-05,0.0001,32,3,0.6503,0.7423,0.6461,0.8298,0.3301,nan,nan,nan,nan,0
none,cage,5,8,resnet,False,solarisation,lr,1e-05,0.0001,32,4,0.6007,0.8227,0.6131,0.8298,0.4840,nan,nan,nan,nan,0
none,cage,5,8,resnet,False,solarisation,lr,1e-05,0.0001,32,5,0.5071,0.8090,0.6648,0.8298,0.4872,nan,nan,nan,nan,1
none,cage,5,8,resnet,False,solarisation,lr,1e-05,0.0001,32,6,0.3739,0.9203,0.8089,0.7872,0.4583,nan,nan,nan,nan,1
none,cage,5,8,resnet,False,solarisation,lr,1e-05,0.0001,32,7,0.2545,1.2674,0.8808,0.8298,0.4295,nan,nan,nan,nan,0
none,cage,5,8,resnet,False,solarisation,lr,1e-05,0.0001,32,8,0.1428,2.1820,1.2020,0.8298,0.4551,2.5889,1.6378,0.7750,0.3262,1
none,cage,5,8,resnet,False,solarisation,lr,1e-05,0.0001,32,9,0.0962,0.9668,1.1958,0.5957,0.3750,nan,nan,nan,nan,0
none,cage,5,8,resnet,False,solarisation,lr,1e-05,0.0001,32,10,0.0672,2.1299,1.2233,0.8298,0.4519,nan,nan,nan,nan,0
none,cage,5,8,resnet,False,solarisation,lr,1e-05,0.0001,32,11,0.0362,2.6526,1.4521,0.8298,0.4487,nan,nan,nan,nan,0
none,cage,5,8,resnet,False,solarisation,lr,1e-05,0.0001,32,12,0.0292,2.6946,1.4830,0.8298,0.4551,nan,nan,nan,nan,0
none,cage,5,8,resnet,False,solarisation,lr,1e-05,0.0001,32,13,0.0215,1.9871,1.2547,0.8298,0.4391,nan,nan,nan,nan,0
none,cage,5,8,resnet,False,solarisation,lr,1e-05,0.0001,32,14,0.0181,1.9825,1.2677,0.8298,0.4231,nan,nan,nan,nan,0
none,cage,5,8,resnet,False,solarisation,lr,1e-05,0.0001,32,15,0.0148,1.4938,1.2953,0.7447,0.4679,nan,nan,nan,nan,0
none,cage,5,8,resnet,False,solarisation,lr,1e-05,0.0001,32,16,0.0134,2.2685,1.3691,0.8298,0.3974,nan,nan,nan,nan,0
none,cage,5,9,resnet,False,solarisation,lr,1e-05,0.0001,32,1,0.7121,0.7014,0.6696,0.7619,0.5522,nan,nan,nan,nan,0
none,cage,5,9,resnet,False,solarisation,lr,1e-05,0.0001,32,2,0.6879,0.7427,0.6537,0.7857,0.4209,nan,nan,nan,nan,0
none,cage,5,9,resnet,False,solarisation,lr,1e-05,0.0001,32,3,0.6572,0.7441,0.6574,0.7857,0.4916,nan,nan,nan,nan,0
none,cage,5,9,resnet,False,solarisation,lr,1e-05,0.0001,32,4,0.6077,0.7629,0.6504,0.7857,0.5455,nan,nan,nan,nan,0
none,cage,5,9,resnet,False,solarisation,lr,1e-05,0.0001,32,5,0.5352,0.9906,0.7060,0.8095,0.5017,1.0476,0.8089,0.7750,0.4480,1
none,cage,5,9,resnet,False,solarisation,lr,1e-05,0.0001,32,6,0.4018,2.3129,1.2788,0.7857,0.4276,nan,nan,nan,nan,0
none,cage,5,9,resnet,False,solarisation,lr,1e-05,0.0001,32,7,0.2568,2.6810,1.5038,0.7857,0.4949,nan,nan,nan,nan,0
none,cage,5,9,resnet,False,solarisation,lr,1e-05,0.0001,32,8,0.1659,1.8372,1.1935,0.8095,0.4444,nan,nan,nan,nan,0
none,cage,5,9,resnet,False,solarisation,lr,1e-05,0.0001,32,9,0.1034,2.5051,1.4821,0.7857,0.5185,nan,nan,nan,nan,0
none,cage,5,9,resnet,False,solarisation,lr,1e-05,0.0001,32,10,0.0634,2.7157,1.5985,0.7857,0.4882,nan,nan,nan,nan,0
none,cage,5,9,resnet,False,solarisation,lr,1e-05,0.0001,32,11,0.0493,3.5433,1.9799,0.7857,0.4848,nan,nan,nan,nan,0
none,cage,5,9,resnet,False,solarisation,lr,1e-05,0.0001,32,12,0.0315,3.0651,1.7998,0.7857,0.4882,nan,nan,nan,nan,0
none,cage,5,9,resnet,False,solarisation,lr,1e-05,0.0001,32,13,0.0232,3.6465,2.0477,0.7857,0.4444,nan,nan,nan,nan,0
none,cage,5,9,resnet,False,solarisation,lr,1e-05,0.0001,32,14,0.0236,2.8583,1.7558,0.8095,0.4916,nan,nan,nan,nan,0
none,cage,5,9,resnet,False,solarisation,lr,1e-05,0.0001,32,15,0.0194,2.1885,1.5575,0.8095,0.5017,nan,nan,nan,nan,0
none,cage,5,9,resnet,False,solarisation,lr,1e-05,0.0001,32,16,0.0157,3.3641,1.9611,0.7857,0.4983,nan,nan,nan,nan,0
none,cage,6,0,resnet,False,solarisation,lr,1e-05,0.0001,32,1,0.7122,0.7327,0.6824,0.8372,0.1865,nan,nan,nan,nan,0
none,cage,6,0,resnet,False,solarisation,lr,1e-05,0.0001,32,2,0.6818,0.7387,0.6761,0.8372,0.2262,nan,nan,nan,nan,0
none,cage,6,0,resnet,False,solarisation,lr,1e-05,0.0001,32,3,0.6610,0.7753,0.6609,0.8372,0.3968,nan,nan,nan,nan,0
none,cage,6,0,resnet,False,solarisation,lr,1e-05,0.0001,32,4,0.6058,0.7558,0.7449,0.6977,0.3532,nan,nan,nan,nan,0
none,cage,6,0,resnet,False,solarisation,lr,1e-05,0.0001,32,5,0.5158,1.0099,0.8000,0.8372,0.3968,nan,nan,nan,nan,1
none,cage,6,0,resnet,False,solarisation,lr,1e-05,0.0001,32,6,0.3744,1.1765,0.9291,0.8372,0.3611,nan,nan,nan,nan,1
none,cage,6,0,resnet,False,solarisation,lr,1e-05,0.0001,32,7,0.2404,2.3261,1.5217,0.8372,0.3056,1.8567,1.2232,0.8537,0.3810,1
none,cage,6,0,resnet,False,solarisation,lr,1e-05,0.0001,32,8,0.1555,1.7596,1.3064,0.8372,0.2659,nan,nan,nan,nan,0
none,cage,6,0,resnet,False,solarisation,lr,1e-05,0.0001,32,9,0.1015,1.6170,1.3571,0.8372,0.3294,nan,nan,nan,nan,0
none,cage,6,0,resnet,False,solarisation,lr,1e-05,0.0001,32,10,0.0689,2.9641,1.9219,0.8372,0.3333,nan,nan,nan,nan,0
none,cage,6,0,resnet,False,solarisation,lr,1e-05,0.0001,32,11,0.0494,2.3248,1.6218,0.8372,0.3333,nan,nan,nan,nan,0
none,cage,6,0,resnet,False,solarisation,lr,1e-05,0.0001,32,12,0.0404,2.4696,1.7091,0.8372,0.3333,nan,nan,nan,nan,0
none,cage,6,0,resnet,False,solarisation,lr,1e-05,0.0001,32,13,0.0313,2.5118,1.7554,0.8372,0.3175,nan,nan,nan,nan,0
none,cage,6,0,resnet,False,solarisation,lr,1e-05,0.0001,32,14,0.0229,3.3036,2.1450,0.8372,0.2937,nan,nan,nan,nan,0
none,cage,6,0,resnet,False,solarisation,lr,1e-05,0.0001,32,15,0.0170,3.7517,2.4232,0.8372,0.3175,nan,nan,nan,nan,0
none,cage,6,0,resnet,False,solarisation,lr,1e-05,0.0001,32,16,0.0151,3.8470,2.4704,0.8372,0.3175,nan,nan,nan,nan,0
none,cage,6,1,resnet,False,solarisation,lr,1e-05,0.0001,32,1,0.7156,0.6934,0.6837,0.7209,0.4444,nan,nan,nan,nan,0
none,cage,6,1,resnet,False,solarisation,lr,1e-05,0.0001,32,2,0.6802,0.6907,0.6705,0.7907,0.5159,nan,nan,nan,nan,0
none,cage,6,1,resnet,False,solarisation,lr,1e-05,0.0001,32,3,0.6569,0.6842,0.6701,0.8605,0.6032,nan,nan,nan,nan,0
none,cage,6,1,resnet,False,solarisation,lr,1e-05,0.0001,32,4,0.6090,0.7099,0.8201,0.1628,0.6468,nan,nan,nan,nan,0
none,cage,6,1,resnet,False,solarisation,lr,1e-05,0.0001,32,5,0.5196,0.9762,0.6748,0.8372,0.4643,nan,nan,nan,nan,1
none,cage,6,1,resnet,False,solarisation,lr,1e-05,0.0001,32,6,0.3910,0.7294,0.7023,0.7674,0.5476,0.9197,0.8432,0.7561,0.2286,1
none,cage,6,1,resnet,False,solarisation,lr,1e-05,0.0001,32,7,0.2535,0.9073,0.8057,0.8372,0.4802,nan,nan,nan,nan,0
none,cage,6,1,resnet,False,solarisation,lr,1e-05,0.0001,32,8,0.1600,1.2203,0.9371,0.8372,0.4524,nan,nan,nan,nan,0
none,cage,6,1,resnet,False,solarisation,lr,1e-05,0.0001,32,9,0.0989,1.2057,0.9299,0.8372,0.4960,nan,nan,nan,nan,0
none,cage,6,1,resnet,False,solarisation,lr,1e-05,0.0001,32,10,0.0702,1.0293,0.9626,0.8372,0.5159,nan,nan,nan,nan,0
none,cage,6,1,resnet,False,solarisation,lr,1e-05,0.0001,32,11,0.0426,1.3079,1.0559,0.8372,0.4921,nan,nan,nan,nan,0
none,cage,6,1,resnet,False,solarisation,lr,1e-05,0.0001,32,12,0.0335,1.1555,1.0615,0.8372,0.5000,nan,nan,nan,nan,0
none,cage,6,1,resnet,False,solarisation,lr,1e-05,0.0001,32,13,0.0245,1.7174,1.2163,0.8372,0.4563,nan,nan,nan,nan,0
none,cage,6,1,resnet,False,solarisation,lr,1e-05,0.0001,32,14,0.0188,0.9771,1.1235,0.7907,0.5079,nan,nan,nan,nan,0
none,cage,6,1,resnet,False,solarisation,lr,1e-05,0.0001,32,15,0.0132,1.3901,1.1772,0.8372,0.5000,nan,nan,nan,nan,0
none,cage,6,1,resnet,False,solarisation,lr,1e-05,0.0001,32,16,0.0139,2.2690,1.3970,0.8372,0.5000,nan,nan,nan,nan,0
none,cage,6,2,resnet,False,solarisation,lr,1e-05,0.0001,32,1,0.7136,0.7061,0.6347,0.8095,0.6066,nan,nan,nan,nan,0
none,cage,6,2,resnet,False,solarisation,lr,1e-05,0.0001,32,2,0.6806,0.7193,0.6421,0.7857,0.5294,nan,nan,nan,nan,0
none,cage,6,2,resnet,False,solarisation,lr,1e-05,0.0001,32,3,0.6578,0.6978,0.6869,0.7143,0.5368,nan,nan,nan,nan,0
none,cage,6,2,resnet,False,solarisation,lr,1e-05,0.0001,32,4,0.6106,0.7439,0.6726,0.7381,0.5441,nan,nan,nan,nan,0
none,cage,6,2,resnet,False,solarisation,lr,1e-05,0.0001,32,5,0.5256,1.1308,0.7521,0.8095,0.6066,nan,nan,nan,nan,1
none,cage,6,2,resnet,False,solarisation,lr,1e-05,0.0001,32,6,0.4200,0.8820,0.7350,0.8333,0.6176,nan,nan,nan,nan,0
none,cage,6,2,resnet,False,solarisation,lr,1e-05,0.0001,32,7,0.2905,1.4043,0.9200,0.8095,0.5846,nan,nan,nan,nan,1
none,cage,6,2,resnet,False,solarisation,lr,1e-05,0.0001,32,8,0.1838,1.0315,0.9253,0.7857,0.5662,nan,nan,nan,nan,1
none,cage,6,2,resnet,False,solarisation,lr,1e-05,0.0001,32,9,0.1191,1.6913,1.1628,0.8095,0.5699,1.6756,1.2867,0.8537,0.4286,1
none,cage,6,2,resnet,False,solarisation,lr,1e-05,0.0001,32,10,0.0813,1.4424,1.1240,0.8095,0.5551,nan,nan,nan,nan,0
none,cage,6,2,resnet,False,solarisation,lr,1e-05,0.0001,32,11,0.0540,2.3917,1.5208,0.8095,0.5772,nan,nan,nan,nan,0
none,cage,6,2,resnet,False,solarisation,lr,1e-05,0.0001,32,12,0.0431,2.0965,1.4273,0.8095,0.5919,nan,nan,nan,nan,0
none,cage,6,2,resnet,False,solarisation,lr,1e-05,0.0001,32,13,0.0300,2.2047,1.4822,0.8095,0.5625,nan,nan,nan,nan,0
none,cage,6,2,resnet,False,solarisation,lr,1e-05,0.0001,32,14,0.0259,4.3970,2.5224,0.8095,0.5919,nan,nan,nan,nan,0
none,cage,6,2,resnet,False,solarisation,lr,1e-05,0.0001,32,15,0.0282,1.5084,1.3365,0.7857,0.5478,nan,nan,nan,nan,0
none,cage,6,2,resnet,False,solarisation,lr,1e-05,0.0001,32,16,0.0311,2.3435,1.6598,0.8095,0.5809,nan,nan,nan,nan,0
none,cage,6,3,resnet,False,solarisation,lr,1e-05,0.0001,32,1,0.7170,0.7148,0.7762,0.1667,0.4490,nan,nan,nan,nan,0
none,cage,6,3,resnet,False,solarisation,lr,1e-05,0.0001,32,2,0.6894,0.6920,0.6448,0.8333,0.5878,nan,nan,nan,nan,0
none,cage,6,3,resnet,False,solarisation,lr,1e-05,0.0001,32,3,0.6579,0.6947,0.6986,0.5476,0.5020,nan,nan,nan,nan,0
none,cage,6,3,resnet,False,solarisation,lr,1e-05,0.0001,32,4,0.5956,0.7033,0.6823,0.7619,0.4694,nan,nan,nan,nan,0
none,cage,6,3,resnet,False,solarisation,lr,1e-05,0.0001,32,5,0.4969,0.7607,0.7914,0.6667,0.3714,0.7923,0.8130,0.4878,0.2857,1
none,cage,6,3,resnet,False,solarisation,lr,1e-05,0.0001,32,6,0.3524,1.0528,1.4800,0.1667,0.3714,nan,nan,nan,nan,0
none,cage,6,3,resnet,False,solarisation,lr,1e-05,0.0001,32,7,0.2238,1.0272,1.5224,0.1429,0.3796,nan,nan,nan,nan,0
none,cage,6,3,resnet,False,solarisation,lr,1e-05,0.0001,32,8,0.1332,1.1373,1.0940,0.8095,0.4286,nan,nan,nan,nan,0
none,cage,6,3,resnet,False,solarisation,lr,1e-05,0.0001,32,9,0.0794,1.6683,1.2847,0.8333,0.4408,nan,nan,nan,nan,0
none,cage,6,3,resnet,False,solarisation,lr,1e-05,0.0001,32,10,0.0549,2.1022,1.4873,0.8333,0.4735,nan,nan,nan,nan,0
none,cage,6,3,resnet,False,solarisation,lr,1e-05,0.0001,32,11,0.0558,1.5012,1.3694,0.8571,0.4041,nan,nan,nan,nan,0
none,cage,6,3,resnet,False,solarisation,lr,1e-05,0.0001,32,12,0.0366,1.5688,1.4297,0.8333,0.3388,nan,nan,nan,nan,0
none,cage,6,3,resnet,False,solarisation,lr,1e-05,0.0001,32,13,0.0202,1.6566,1.4211,0.8571,0.4082,nan,nan,nan,nan,0
none,cage,6,3,resnet,False,solarisation,lr,1e-05,0.0001,32,14,0.0205,1.1634,1.5749,0.6905,0.3551,nan,nan,nan,nan,0
none,cage,6,3,resnet,False,solarisation,lr,1e-05,0.0001,32,15,0.0136,1.3233,1.6512,0.6905,0.3510,nan,nan,nan,nan,0
none,cage,6,3,resnet,False,solarisation,lr,1e-05,0.0001,32,16,0.0145,1.2754,1.6662,0.6905,0.3796,nan,nan,nan,nan,0
none,cage,6,4,resnet,False,solarisation,lr,1e-05,0.0001,32,1,0.7114,0.6938,0.6882,0.6744,0.4929,nan,nan,nan,nan,0
none,cage,6,4,resnet,False,solarisation,lr,1e-05,0.0001,32,2,0.6881,0.6830,0.7119,0.2326,0.6500,nan,nan,nan,nan,0
none,cage,6,4,resnet,False,solarisation,lr,1e-05,0.0001,32,3,0.6492,0.7014,0.6850,0.8140,0.5714,nan,nan,nan,nan,0
none,cage,6,4,resnet,False,solarisation,lr,1e-05,0.0001,32,4,0.5960,0.8003,0.7319,0.8140,0.5250,nan,nan,nan,nan,0
none,cage,6,4,resnet,False,solarisation,lr,1e-05,0.0001,32,5,0.4976,0.7924,0.8449,0.7442,0.4429,0.7921,0.7532,0.7561,0.3952,1
none,cage,6,4,resnet,False,solarisation,lr,1e-05,0.0001,32,6,0.3622,0.9047,0.9755,0.6744,0.4286,nan,nan,nan,nan,0
none,cage,6,4,resnet,False,solarisation,lr,1e-05,0.0001,32,7,0.2257,1.1934,1.1944,0.7674,0.3607,nan,nan,nan,nan,0
none,cage,6,4,resnet,False,solarisation,lr,1e-05,0.0001,32,8,0.1396,2.2941,1.8820,0.8140,0.3786,nan,nan,nan,nan,0
none,cage,6,4,resnet,False,solarisation,lr,1e-05,0.0001,32,9,0.0856,3.2493,2.4601,0.8140,0.3786,nan,nan,nan,nan,0
none,cage,6,4,resnet,False,solarisation,lr,1e-05,0.0001,32,10,0.0579,3.1761,2.4482,0.8140,0.3714,nan,nan,nan,nan,0
none,cage,6,4,resnet,False,solarisation,lr,1e-05,0.0001,32,11,0.0374,1.8491,1.7334,0.8140,0.3857,nan,nan,nan,nan,0
none,cage,6,4,resnet,False,solarisation,lr,1e-05,0.0001,32,12,0.0289,2.3851,2.0178,0.8140,0.4036,nan,nan,nan,nan,0
none,cage,6,4,resnet,False,solarisation,lr,1e-05,0.0001,32,13,0.0280,2.8030,2.2656,0.8140,0.3821,nan,nan,nan,nan,0
none,cage,6,4,resnet,False,solarisation,lr,1e-05,0.0001,32,14,0.0211,3.1850,2.5269,0.8140,0.3857,nan,nan,nan,nan,0
none,cage,6,4,resnet,False,solarisation,lr,1e-05,0.0001,32,15,0.0128,2.7316,2.2943,0.8140,0.4214,nan,nan,nan,nan,0
none,cage,6,4,resnet,False,solarisation,lr,1e-05,0.0001,32,16,0.0109,3.8246,2.9309,0.8140,0.3857,nan,nan,nan,nan,0
none,cage,6,5,resnet,False,solarisation,lr,1e-05,0.0001,32,1,0.7155,0.7312,0.6544,0.7750,0.5771,nan,nan,nan,nan,0
none,cage,6,5,resnet,False,solarisation,lr,1e-05,0.0001,32,2,0.6776,0.7207,0.6720,0.7250,0.5161,nan,nan,nan,nan,0
none,cage,6,5,resnet,False,solarisation,lr,1e-05,0.0001,32,3,0.6440,0.8759,0.6681,0.7750,0.6523,nan,nan,nan,nan,0
none,cage,6,5,resnet,False,solarisation,lr,1e-05,0.0001,32,4,0.6004,1.0577,0.7535,0.7750,0.6774,nan,nan,nan,nan,0
none,cage,6,5,resnet,False,solarisation,lr,1e-05,0.0001,32,5,0.5073,1.3704,0.9378,0.7750,0.5986,1.1505,0.8232,0.8537,0.4238,1
none,cage,6,5,resnet,False,solarisation,lr,1e-05,0.0001,32,6,0.3811,2.6538,1.7019,0.7750,0.5520,nan,nan,nan,nan,0
none,cage,6,5,resnet,False,solarisation,lr,1e-05,0.0001,32,7,0.2453,2.6654,1.7446,0.7750,0.5376,nan,nan,nan,nan,0
none,cage,6,5,resnet,False,solarisation,lr,1e-05,0.0001,32,8,0.1633,3.9819,2.5788,0.7750,0.5806,nan,nan,nan,nan,0
none,cage,6,5,resnet,False,solarisation,lr,1e-05,0.0001,32,9,0.1065,2.6811,1.8978,0.7750,0.5735,nan,nan,nan,nan,0
none,cage,6,5,resnet,False,solarisation,lr,1e-05,0.0001,32,10,0.0724,4.1527,2.6708,0.7750,0.6129,nan,nan,nan,nan,0
none,cage,6,5,resnet,False,solarisation,lr,1e-05,0.0001,32,11,0.0463,4.3126,2.7751,0.7750,0.5842,nan,nan,nan,nan,0
none,cage,6,5,resnet,False,solarisation,lr,1e-05,0.0001,32,12,0.0380,3.4581,2.2794,0.7750,0.5448,nan,nan,nan,nan,0
none,cage,6,5,resnet,False,solarisation,lr,1e-05,0.0001,32,13,0.0282,2.6001,1.8319,0.7750,0.6738,nan,nan,nan,nan,0
none,cage,6,5,resnet,False,solarisation,lr,1e-05,0.0001,32,14,0.0237,4.2784,2.7529,0.7750,0.5484,nan,nan,nan,nan,0
none,cage,6,5,resnet,False,solarisation,lr,1e-05,0.0001,32,15,0.0194,3.2798,2.2085,0.7750,0.6165,nan,nan,nan,nan,0
none,cage,6,5,resnet,False,solarisation,lr,1e-05,0.0001,32,16,0.0185,4.5020,2.9154,0.7750,0.5305,nan,nan,nan,nan,0
